211
null
null
8710809 3250937 4720877 8790961 8790872 3930872 4720969 4720969 2760580
7940973 1030282 5370481 250729 250969
730071 6990200 9350364 1030638 4880973 7980973 1030292 1030638 4630386 4630386 8191023 4630969 4630969 5370544 250772 250518 250772 250043 5370200 4750371 5370930 250043 250043 7791023 1030282 1450973 1030292 4880973 1030292 1030638 1030282 250292 1030638 3390043 7791023 7790200 4630386 4630043 4990282 1030580 1030580 1030646 5370544 5370841 5370043 5370937 250144 5370801 7980973 4880973 1030282 1030969 1030969 5370200 7311002 1030282 1030928 1030200 7980973 1030282 5370492 1760973 1030969 7980973 1030638 4880973 1030200 7980973 1940973 7310161 2370973 4880973 7310161 7980973 4880973 1030638 3731002 1030857 7980973 1760973 7980973 5110004 6760645
4630994 3731002 4630937 1760973 4630386 1031010 1030646 1030282 4630200 3951023 4630004 1030646 1031007 1030646 1030646 3951023 7790857
3951023 7790841 7980994 3230836 8190006 7310959 7310564 7310161 2370973 2370973 1030370 1030877 1030877 4630386 8751023 910516 6770282 5370266 5370200 1030292 4880973 4880973 4880973 1030292 5370419 1760973 4630870 1030646 1030646 1031010 1030518 1030638 1030638 1031010 1031010 1030282 1030043 7980973 4630424 5370937 4630765 250043 5370870 1030646 1030928 1030700 1030961 7310404 7310669 3731007 8190942 8190765 8791023 6350857 7310942 6760891 6760296 3730571 9350200 6760888 6350646 5370371 5370571 8190177 1760973 5370492 3390043 3951023 3951023 3951023 4880973 1030043 4880973 1030200 1030200 1030282 1030370 1030282 1030200 1031002 1030043 1030282 7980973 1030961 5370974 5370974 250969 4630424 4630200 4630200 4630004 7310928 1030928 9350200 1030282 5370974 250424 4991023 4630424 4630200 8190544 4630602 1030200 7940973 7940973 7310292 4880973 7310200 1030928 7310200 7310959 7310646 1030282 5370424 8190544 4630160 1760973 1760973 10140741 1030282 1030282 1030601 1030948 5370560 250961 4630765 5370371 5370961 4630580 4630937 1030994 1940973 5111023 7310492 2370973 1030638 2370973 1030857 7980973 1030984 4990282 5370282 8870544 2750961 4990772 4990646 8190371 1031002 4631007 1030857 1030282 1030638 3731023 1030292 1031010 1030984
4720841 4040516 730364 8330422 3230888 3250371 3470364 9710961 3470519 3251007 3250961 9760071 9760920 7530560 9760987 6041007 4720841 8710519 3930519 300519 9710743 2080414 9760888 3250891 10110767 910516 3930601 910205 3700205 3930812 300560 9710928 8790835 910200 9710386 910414 9760888 4040752 4300857 9710386 9710386 3930414 3700404 3700404 8790880 9710995 7530560 3230800 3250363 910796 4720841 3250772 3230772 6991007 4300043 230673 2760743 5650920 9710386 9710880 300560 4020006 4020984 3930386 3930870 300386 300870 3700386 3930560 3700888 300891 3700888 5650743 3230743 5981002 8710596 8190942 7790687 2080870
4630571 250364 300422 3730516 6760430 6350006 7530580 5230995 9710961 3470872 8600350 5230364 8190960 6900386 300285 5330993 8710857 3730363 6350496 10140371 5230891 9710857 9350812 8190071 8190961 250772 3700942 8870859 3730841 6350973 6760930 3730043 7310436 6350857 1030937 3730870 3730841 6760646 8190859 9350043 5371002 9350952 6760700 10110888 9421023 10110364 5650371 6350942 5110004 10140006 3730516 10140601 8190770 6350770 3930414 6350857 7310835 7310812 7310004 5371007 6350114 6760404 3441023 9070646 300770 4570364 8190960 6350430 4320857 4570364 730373 5650205 5230739 300560 8710596 5230743 5230743 9760071 520964 6350743 6040857 8710200 8710371 9760872 8710991 8710963 8710772 3230071 7530920 9670646 9710561 9710923 5980422 8710043 3250043 5980920 9710961 3230200
9790973 8790414 3250894 3250129 3700266 8750928 8790519 9710519 3471007 3250961 8790772 5230870 3230896 4911002 3930937 730371 9710596 3251007 4630829 9710414 9710205 8710872 3930560 9710809 4910961 6041007 4720896 520205 8340961 4720516 4720404 7240969 8710872 7530859 6900560 5650304 7530772 9350859 5370841 4630961 4630829 6040580 8600770 3470752 6900386 1550386 6900519 5230575 5230812 9710334 4630752 4630371 6760916 4630894 3730646 4630571 4630829 2080770 9710812 6900812 5230961 7531007 3230404 8750928 4630960 8710601 2080952 9710601 2760864 5650924 8710770 9710877 3230960 250942 9710571 3230809 3250266 8790872 5230729
10220942 3230114 4910969 5230969 6900952 8710767 3470969 300770 3230496 5650741 8810924 300729 9710371 9710519 300864 300504 9710928 5230519 520743 2761007 8811023 730414 9760205 8710891 2080894 2081023 9710596 7240857 300560 3700564 3230373 9420952 5230496 8600767 8710896 9760371 4911007 9710924 9710770 3230404 3230560 4630114 8190652 4630937 6040857 8340857 2080770 4911007 2080960 6990580 2280580 2080743 9760752 2080580 8790961 4630937 5230350 9710969 3930741 5230560 8710414 520859 4040371 2280519 7530772 8190652 4630114 8190652 7530859
7530859 8710285 8190961 3730693 3730993 7530857 4320857 8190687 3730462 7310102 8720857 5370752 9350580 2760560 7790114 6760835 6350857 5370419 3730386 3730241 6350404 3730987 7310436 6351023 6761023 5370888 5370841 3250200 8751023 8790504 8190888 7530205 7530580 3250580 730937 3470580 8710857 8190894 8190820 8190859 4630200 3731002 1760973 8191023 3730241 9350129 5370984 3950960 8190043 1550037 9070857 3730299 3730601 8790857 5370841 5370687 6350700 6760646 5370942 8190765 8751023 8790857 8790857 6351021 6760924 6351021 6760964 3730700 1760973 3950043 7310669 7310371 7310669 3300973 730516 6350580 7240580 3730496 8600466 8600752 7530835 10140560 9350205 6760765 6760419 6350404 5110167 1940371 5110560 6350571 7770857 6770857 7310045 6350371 4990700 7310993 10140864 4990857 6350419 7640857 7310841 6350877 8720857 7640857 7770857 3230812 3250200 9350687 6760765 7310891 9400973 7310415 7310841 7310765 6760842 300205 8810496 8330504 9710085 3930371 8790857 2080743 6350743 7530857 8190829 8901023 3730894 3730743 4630371 3730987 5370841 6760961 8190743 3250894 5230350 5230961 9710371 9710995 3730864 3730241 6760043 3470200 8190743 6760961 10220200 9350350 10140924 5230729 9350571 6760888 6350741 6760969 7310841 7310741 6350857 6760857 3250937 8790857 3250857 6760752 6660205 3250961 7240519 8190937 3230857 8190743 8190765 4630937
6760920 3730441 5370964 5370888 6900924 7310888 6660283 7310812 4920973 7310693 3680973 3250129 8190363 3730419 4880973 5370200 1030292 5370419 8190765 6351021 8190516 8190942 5370571 6760969 3250496 3250894 3250894 7310564 1551023 5230857 7310373 1940973 7310669 7310415 7310767 6350743 7310841 6760973 7311021 3730404 6760177 3730765 1030404 7310984 1760973 8191023 4990857 7310207 2760969 3730687 6760920 5370888 3730859 3730531 6351007 3730743 7310693 1940973 1940973 7310200 7310646 7310920 1030638 5370518 5370841 8191007 3470200 3730404 8190229 3731002 4630386 250292 8190544 4990601 6760973 8620857 6270872 10110969 3730974 8620857 7310741 7311021 2750221 10110422 7310765 5590857 7310430 6760942 6350937 6760891 6350564 7530200 3250200 4571023 10220942 8190363 6760404 8790857 8790857 6350564 7770419 6760842 6350857 3730859 6760891 3730841 7310941 3730859 3730743 6760419 7311021 6351023 6760363 6351023 7980973 2370973 1030043 2370973 7310802 3730969 3730937 2370973 7980973 7310114 7310596 9790973 7980973 7310601 7980973 6350973 9350201 6760700 5370161 3730241 5370960 7980114 9350859 5370200 7980973 5370200 5370200 4630386 5370544 250961 8190363 5370942 3730602 1030646 1030282 1030004 1030961 5370200 1030363 5370419 1030404 6760481 3730299 7310114 7310516 3730942 7310646 1030841 6350857 8190829 8190765 2760205 1550492 6900519 4990350 5230200 1551023 6770404 9791002 7310942 6760872 6760880 9760205 6760700 2370973 4880973 1030282 5370200 1760973 5370266 8190765 1031007 1760973 1760973 1031010 1760973 5370161 1030282 1760973 4630043 5370200 4630200 4880973 4610652 7980973 7310161 5370481 4990646 3730782 7770765 7310829 6350870 4610994 7310960 10110741 7310829 5590652 6350114 7770857 9070857 3730829 7310114 6760519 6350937 6760229 6760765 7310741 7310743
300770 8710144 8190859 6760436 9760772 8190859 8190176 4320857 8710961 10220646 8190859 8191007 8710687 8190752 8190409 9350504 8190835 8190765 9710071 8710770 3470752 8710404 9710782 6990729 3930601 9670646 8810496 7530857 8710729 8710729 8190564 8790857 7311002 9350930 8190646 7531023 9710371 8790006 300864 5230000 9310812 9710952 5230560 7530560 6040857 9710414 3250560 7770419 10110765 4910770 8710752 5980770 5230767 9760729 3470560 8330350 8190765 9760888 1361023 6991007 7980973 6770160 8191002 1030984 5371010 4630386 5370481 9350646 6990481 6350430 7310960 7310924 7310350 3730937 6350973 3731002 5370937 4990857 9350200 3730993 3730241 9710809 10221023 230952 6760296 6760419 6760669 8190923 8710857 8190770 8190952 250942 250961 250961 3930601 8710923
3390043 7790652 3390772 250043 3950043 4630877 3731002 8191023 4630200 1760973 5370961 3930544 4630386 3731002 1760973 7980973 3731002 9790973 8190937 3230928 230580 230580 230364 230673 9670364 8600504 10110872 230645 230767 3250580 8710920 9070993 3230872 4911002 4720404 4880973 6760371 6760872 10110200 3250414 4990960 3230896 5650752 10140580 2760877 2760504 2760765 6760857 6900864 5230580 910841 3250371 9710864 7530371 10110809 8790809 2760864 7530729 2760770 8190772 230504 3250212 9760371 7530920 730601 9710414 2760888 2760964 10110601 4911007 8791023 4570364 6660212 3700741 3230743 2760987 5230767 6350430 6760669 520857 4990043 8870037 8190969 7311002 7310652 5370043 8190913 8190913 7310984 7310984 7310292 7310200 5370960 7310292 7980973 7310829 4990580 7311007 9350987 6350916 4990924 6760419 4990960 911007 4720544 7310004 3730004 230666 1550386 300836
5230969 730896 3250371 8600969 8750928 5650812 3930864 3700896 9710422 9710896 3250043 7530414 3250857 3470920 3950964 8191002 3230114 3930937 3250835 8790519 8790205 3250212 5230373 8710371 8190729 9760043 2760770 4630580 10220404 230820 230673 4570364 8190942 8190888 8190646 7310646 3730928 4090973 7310492 7311007 7310404 3731002 7310741 7310646 7980973 7310812 3730993 8190765 6760896 9790973 9790961 6350770 10140973 3730752 7310942 6760872 8190519 7310404 5230743 300770 300920 300414 6350770 5650741 3250857 5370896 5980857 5230739 9710571 300575 300741 8710575 9710812 3230205 6900560 730924 3230006 3230767 3470531 3470969 8790872 4720841 300741 3700205 7530414 300371 8710924 8710770 9710743 9710770 8190752 8190071 3470857 520859 2081002 7790888 3730519 1030282 3730974 1030043 1030928 3730974 1030404 1030282 1030043 1030984 3731002 1030043 1030928 1760973 1031002 9350974 6760888 5230114 8190770 8710857 3250200 5980414 8710371 9350864 5230923 6990200 6990200 9710073 8790857
3700739 3700205 7770601 8710969 7310564 4920973 5110166 7310942 3730969 9350404 9350200 9350560 8190282 6760693 6760226 1030937 4880973 7310802 1030877 7640857 8720857 6350857 3730386 3730814 8190363 8190419 6760006 230458 10110765 4570364 4570364 8710924 6660205 6660741 3930575 9350859 6350430 6760973 6350942 6760835 6350857 6351002 4630282 7531007 9710961 6990857 4630937 8190752 5230770 7310205 7310888 6760859 6350829 5230961 3930285 3930741 5230969 3930414 10110043 8710414 4910770 8190743 7790601 6900037 9710969 3250560 7531007 3470969 2760772 7790071 7530859 8790888 8790006 4320961 9710739 9710888 7530772 8810920 910496 9710969 9710969 9710961 10110765 6760645 7980973 6350937 6350741 3700166 9710770 9710796 6350652 3730363 3730043 3730114 6760404 8190859 8190812 7310700 7310006 7310350 9710961 1920857 3250496 7770942 5650752 8790857
3930752 1550646 9710924 8190937 2760752 2750809 8710729 8190652 8190859 8190483 9711023 9710453 7530864 910857 8340987 8190859 6350743 6760964 3471023 6350564 6990200 8790835 9710770 5230872 7530043 3250350 4720741 4630937 8350519 7310564 5370200 8871002 3950043 10110580 9710071 6350752 9761007 10220857 8190937 7240857 3730952 5230891 8710770 6760994 730960 8190835 9350948 9670969 8790430 10110888 6760266 1760973 6990200 4720404 8190371 8190363 8190363 9350200 850973 7310282 6270560 4610994 4990960 4990857 4990580 9350571 6660961 4990071 9350580 9350571 8790959 4571023 4990601 8870544 8190363 4320961 8340961 5230960 9421023 7310767
300653 300653 9350835 910205 9710575 9350414 910857 730363 2080205 4630071 4331010 4631007 8710404 4910961 8710601 8710414 8710580 10110741 8330350 7310937 7310404 7310071 3730363 6350414 6350741 6760916 3950964 9830984 7530729 3230960 9710386 3700864 3700796 3700969 3730841 6040857 10110371 4570857 3230963 8191007 4720859 4300580 6900386 8190896 4910481 10110765 6760973 4630357 3730004 8190894 8191007 8790857 8710601 9710752 8600371 8711023 9670969 10220942 10110765 10220942 3700422 9670969 5230969 3730519 6760859 7310916 8190859 6760646 7790859 6350872 9710857 8190942 300923 9710752 6900182 5230519 8710891 8750928 5230114 10110961 5230888 8710833 10140996 9350371 3730004 8190645 230888 6990580 6900453 8190770 6760601 8600496 9760752 10110371 730205 3730462 3730888 4630114 8190765 8190071 10110924
9710729 7310931 2080743 3950897 8190741 3950960 8600767 3700924 3930144 300350 4720924 3930937 910937 3930752 8710601 8710770 2760960 9310037 9710373 2080414 3470652 3700564 3250422 8790006 7530880 5980872 230948 230963 7530864 9710071 3730841 8190743 6350700 4630357 4630571 9830872 8710580 9710864 8550580 3470519 8710770 3700877 8190829 9350924 8190969 8190646 9710752 9710752 9710752 3730767 3730752 3700969 4570646 2080285 9710285 3470729 3950371 8790741 9040864 8330350 6900864 10011023 8710516 300575 300923 300872 7310812 6350857 7770857 3731002 8710964 300519 300701 230743 230016 230920 230888 9760071 9710043 3700266 3250200 7771023 8190363 8790504 2080896 5230872 5231007 5230350 8710995 5230364 5230364 8710987 8710666 8810646 8900767
2760176 3730137 3250580 7790964 8790809 3700877 8710729 9350752 5230833 9710729 4910770 8790888 7530835 4630937 250942 3470980 8190364 300952 8790205 7530835 300729 5230812 9760071 3250043 6900205 3930767 9830812 8710653 9710812 8710371 10140809 9350835 10110422 9310872 3730937 3730841 4630071 8600767 8190363 9830984 10140880 301016 300796 6900809 9710864 9760071 9710743 5230071 4750364 5230350 5230959 1550037 1550037 6900969 6900969 8600864 10110350 6900969 9310872 8710371 3930519 3930519 3930796 9710877 300891 8790414
10101023 9710687 3250857 9350752 8791023 7310693 7310161 1550212 10140880 10140973 9350560 9350414 8191007 5370371 5370282 8190282 5370741 7310984 7980973 7310937 7310729 7310483 7310214 7310841 7310161 7310205 6770857 5230969 5370571 6760741 7310864 9070282 7080973 8060973 5110549 3300973 8720857 9790973 7310373 4920973 3250371 8190942 7311002 7310891 9350765 9350829 9350772 7980765 5651023 9350772 4570646 3230071 3230114 10220942 5370752 7310700 7980973 7310829 3730942 3730386 6760765 6350404 3250200 10220857 7310161 7310961 2750969 7310924 1030969 7310564 7310802 7310266 3730386 6350870 6760564 6760601 7310859 7310752 10220857 8190373 8330872 8901023 9710864 8190371 8190942 8190363 8190419 9350646 6350404 3700739 9350687 9350765 5370961 9350646 9350646 6761002 9350646 9350419 5370942 8191007 7310646 5370518 9350765 4990371 4990857 9350930 9350266 7310564 4630282 8190419 8190913 3950371 9670857 8710205 8330350 6350371 3730743 3730743 3730872 3730942 3730782 9350920 8190888 230987 9790973 9350404 9350765 8190765 5370743 10220857 6990200 3950371 6660000 6660687 230960 2760752 6760646 3730004 3730993 3730571 3731023 3730700 4630200 4630200 4630580 4630004 9710969 5230364 3930601 10110770
7240580 250964 2760829 2760687 2370973 5490973 7310043 7310516 3730601 3730419 2760841 5230037 8750928 3250961 8190741 6760483 8190516 8190363 9760200 8190481 7770601 3731023 3731002 6350571 6660414 6660864 6900930 2910466 6350371 6760973 7310729 4920973 4920973 7310182 7770857 6760835 4020000 8600872 6990200 3250129 730870 3250937 7530859 910516 4630857 3730419 9790973 6760896 6660205 5230371 3730560 6350652 4910857 7310841 8190937 3930961 3930752 9710272 2760809 7530859 9040974 8191007 3950043 7530857 8190516 8190937 5370266 5370200 5370200 7790857 5370984 1031002 6350961 7770857 7310601 6350571 3730700 6350601 6760436 6350743 6760942 6350973 7770857 3250363 6350404 6760229 8790961 6990200 3250857 7530859 5370942 9350646 5370371 8870544 9350959 8190765
4320961 4300961 9760752 4630765 4720961 3230373 3230924 6900560 7790743 2081007 2080894 4910770 7530864 730772 4911002 8710601 8710995 9710772 8710772 9760580 4720894 2080580 4300857 4631007 4630770 4630960 10190519 8190071 3230363 3230373 5230961 6900767 3230752 4720964 8710961 8790835 9710205 250371 7790857 7790913 9710729 9710571 9710729 8790729 7530043 9710729 3250371 8710601 8710872 4630765 4630937 4630765 3390770 3250414 730363 910560 4320961 4720544 3950960 730809 10110071 3730960 10140371 9710371 3930937 4910857 9350765 3470857 8190859 8190430 4630960 8720652 9710729 8710729 9710729 3700772 8710729 2080770 9710969 5650752 8710371 6900767 9760729 2080285 9420037 10110741 8190743 5230809 300741 300952 4910770 8190820 9710877 3250350 8790741 910371 2750924 7530205 3470969 3930516 8710809 3250961 4630877 4630937 5230414 8790741 9670969 7530560 3230969 8710404 8710952 9710877 300729 300205 300770 300767 300952 4910770 5230504 300809 300952 910114 3230888 4040071 3950960
6990857 5370841 5370266 5370282 5370961 910857 4630114 9350754 7310984 6770857 4610973 7310942 7310961 7310877 7311007 4610973 10140973 7310961 7310961 7310961 7311010 7980973 3730961 7980973 9350765 7980973 4990857 5370419 7980973 9350466 7980973 5370961 9350200 9350419 8190969 7531023 4720859 4720841 7790841 9670200 910363 4990304 1360481 4990601 7310859 7311021 7310436 7310114 6760114 6350891 7530236 5370841 5370200 4630200 4631007 1030004 1030961 4630200 8790857 6760564 250741 3470200 3250835 4910961 3250371 8790969 4910969 8190937 4910961 4910770 4911007 4630571 3390752 3950964 7530580 3251007 2080770 9760752 8710646
9710729 9710928 7530371 3250835 9710809 3230646 2761007 4570646 4630937 8190363 4911007 8190765 8790872 6990729 9710571 3250266 3230754 6350601 3730974 3730114 6760436 7530729 8710960 9710770 9350829 10140205 7310371 3730404 3730422 6350422 8190859 3700964 9710601 3230404 7530812 4020006 9830984 6660633 520266 3930560 9710969 5230928 6900880 3250371 8190363 9040974 4910969 3250205 4910770
7310471 5110471 7310471 5110800 5110471 4610652 5590652 5110471 5110471 5110471 6270652 1940471 5110471 4610652 5110471 6270635 5110395 4610652 5110471 5110471 5110004 6270652 6270652 5110471 5110471 5110430 5110601 9610652 5110800 5400652 7310571 5590652 5110282 7310571 4610652 5111011 8060652 5400652 4610652 6270652 4920652 7310471 5110471 5110501 5110220 5110800 1940471 5110471 5110471 5110471 7880652 5110471 5110471 6270652 7880652 8060652 4610652 5110471 7310471 5110471 5110652 1940471 5110471 1940652 4610652 8060652 6270399 5110471 6270652 5110560 5110471 6270652 9160652 5110731 7310829 5110471 6270635 5110471 4610652 6270652 5110564 5110471 7310471 5110984 5110880 5110471 8060652 6270652 4610652 5110471 6270652 4610652 5110877 6270471 4610652 5110471 6270652 5110471 6270652 6110652 5110471 8060652 5590652 5110501 6270652 5730652 6270652 6270399 5400652 4610652 6270652 5110471 5110471 4920652 5110220 6270652 4610652 5400652 5111011 5400652 5110004 6270652 5400652 4610652 5110731 6270652 4610652 5110601 5110129 1940652 4610652 4610652 7310835 5110471 5110430 5110483 6270652 5110404 5111011 7310829 5110993 7310200 5110004 5110004 5110404 5110430 5110561 3270196 5110561 5110196 1940196 5110880 7310196 5110560 1940652 5110880 7310652 5110404 5110765 5110652 5110812 5110924 5110404 7310652 5110652 5110993 5110829 5110419 5110212 5110924 5110363 5110747 5110765 5110282 7310200 5110549 5110924 5110371 5110045 5110800 5110220 5110741 5110880 5110212 5110741 6270652 5110430 5110549 6270652 4610652 5110004 3270652 5110004 1940973 5110872 5110601 5110765 8060652 5110765 5110501 5110045 4610652 6270652 5110993 5110872 5110350 7310835 5110731 5110350 1940864 6270652 5110350 5110205 4610652 3270652 6270652 5110045 4610652 5400652 5110993 7310995 5110006 4610652 3270652 4610652 5110004 6270652 5110809 6270652 1940205 4610652 7310864 5110004 5110350 5110075 5400652 5110471 5110741 6270652 5110993 5110045 8060652 5400652 5110877 5110731 7880652 8060652 1940471 7880652 8060652 1940471 6270652 6270652 1940864 4610652 5110471 6270652 6270872 7310877 5110471 5110471 5110880 1370652 4610652 5110471 5730652 5590652 5400652 7310829 6270652 7310877 5110471 4610652 5590471 7310371 5110471 4610652 6270399 3270652 5400652 6270471 5110471 7310652 9160652 6270399 7880652 6270652 3270652 7310471 5110471 7310229 6270652 5110471 5110471 7310471 7310471 4610652 5110214 6270652 4920652 7310829 5110045 4610652 6270652 5590652 5110004 5400652 4610652 8060652 5590652 6270652 6270652 5590652 7310877 4610652 7880652 7310471 4610652 5590652 4920652 1370652 7310266 7310743 4920652 1370652 5110004 7310829 3270652 5820652 5110561 4610652 4610652 5400652 7310266 5400652 5110006 6270471 7310652 5820652 8060652 4610652 4610652 6270399 4610652 7310229 7310471 5110471 6270652 1940471 6270652 4610652 5400652 4610652 6270652 5110430 6270652 6270652 5110350 6270652 6110652 7310419 6270399 5590652 1940205 1940652 5590652 7310471 7310471 6270652 1940471 9790652 6270652 7310471 6270635 5400652 6270635 7880652 7310471 5110561 5110560 5110371 5110549 5110006 5110812 5110872 5110652 7310652 7310652 5110004 5590652 7310652 1940652 7310371 1940471 1940652 5110363 9790652 7310652 5110652 6270635 7310652 5110652 5110212 1940652 5110633 1940652 6270857 6270857 1940652 1940652 7310652 5110004 7310266 1940652 7310516 7310205 9160652 1940652 7310652 5730652 7310835 7310877 5110646 5110931 7310829 6270652 1940652 7310652 5110765 7310652 7310652 6270652 1940652 5730652 1940471 7310877 1940993 3680652 1940993 1940993 7310371 1940993 5110006 5110430 7310752 5110004 5110350 5110877 5110549 5110652 7310635 1940471 6270652 5110880 7310829 5110993 3270652 8430652 7310205 7310196 5110646 5110006 5110652 6270196 6270652 6270652 7310471 4610652 5110350 5110501 7310471 7310652 5110564 1940652 1940471 5110652 7310229 5110371 6270652 7310930 7310585 7310652 5110282 5110634 1940652 5110872 6270635 6270652 7310266 4610652 6270635 7310471 5110471 7310833 7310266 6270652 7880652 4920652 3270652 5110004 6270635 6270652 1940652 3270652 6270652 5590652 9160652 5110652 5110635 6270635 5110924 6270652 5110471 7880652 9160652 6270652 5110872 5110993 6270652 3270635 8720652
7310635 5110800 4610652 7310652 5110601 5400652 5110549 5110652 5110045 5110635 5110652 4920652 1940973 5110812 1940973 1940993 7310652 1940205 7310969 7310266 7310857 7310266 7310071 7310196 5110560 7310829 1370652 6270652 7310266 7310924 7310829 6270857 7310404 5590652 7310687 7310404 4990571 10080857 7310841 7310969 10140205 5110931 5590652 7310419 1940209 5110395 7310371 7310419 5110984 7310652 7310585 5590652 6270652 7310829 7310960 10140404 7310877 7310652 8720652 5330652 7310635 7310635 7310635 1940652 7310635 6270635 7310635 7310635 5110471 6270652 5110471 5110471 5110635 5110471 5110635 5110471 1940471 7310652 1940371 5110350 5590652 10140652 7310419 7310829 7310652 9070652 7310938 9070961 5330652 6270652 5110404 5110560 7310652 5110564 7310928 7310419 7310571 6110652 6270652 7310829 7310835 6270652 7310841 5590652 6270652 7310196 10140196 7310371 1940652 6270652 1940652 7310635 7310635 7310635 7310652 7310635 7310652 7310652 1940652 7310635 7310635 7310635 7310829 7310585 7310571 5110993 7310652 6270652 7310652 6270635 1940993 9070652 8430652 7310266 7310585 7310371 5110560 5730652 6270635 3270652 9610652 3270652 5110045 5590652 3680652 3270541 5110214 7310652 1940652 5110812 7310652 5110652 1940652 1940371 5110471 7310652 7310585 1940652 5590635 7310471 7310635 6270635 3270635 7310471 5330652 7310652 6270635 7310635 7310652 7310371 7310652 5590652 6270652 7310045 5110872 1940652 6270652 3680652 7310205 7310652 5590652 5590652 3680652 7310652 7310652 9070652 1940652 7310652 7310652 1940652 6270635 7310585 7310652 5110214 7310635 1940652 7310652 7310652 7310652 7310371 7310471 9070471 7310471 6270635 7310635 7310635 5110635 7310652 7310471 6270635 7310635 7310652 5110471 3680652 7310652 5110471 1940652 7310652 7310652 5110931 7310652 5110635 5330652 7310585 6270652 7310471 7310652 5110931 7310205 7310371 6270652 6270652 7310560 7310835 6270652 7310350 6270652 7310652 8430652 5590652 7310741 6270652 7310371 8720652 7310652 7310889 5590652 6270652 7310471 6270399 7310471 5590635 6270635 7310471 7310471 5110471 7310471 6270635 7310471 5590635 7310652 7310635 6270635 7310635 9790652 7310471 6270635 7310471 7310635 6270635 7310471 5590652 7310652 7310471 5590652 7310471 7310471 7310652 5110634 7310471 7310471 7310471 6270635 5110471 7310471 7310471 7310471 7310635 5590652 6270635 6270635 6270635 7310471 7310471 7310471 7310635 7310471 5590635 7310471 6270635 7310471 5590471 7310471 8430652 7310471 7310471 7310471 3270635 5590471 7310471 7310471 7310471 5110471 5110471 3680471 7310471 7310471 7310266 7310471 7310471 5330652 5110471 7310471 7310471 7310471 5590635 7310471 7310471 7310471 5110471 7310471 7310471 7310471 7310471 7310471 6270635 7310471 1940471 7310652 5110471 7310471 7310471 7310471 5590635 7310471 3680471 7310471 3270635 5590635 7310635 1370652 7310471 7310471 6270635 7310652 7310471 7310471 7310471 5590635 7310471 7310635 5330652 7310471 7310652 7310471 7310471 7310471 3270635 7310471 1370652 5590635 7310635 3270635 6270635 7310471 7310471 7310471 5110471 5590635 7310471 6270635 7310471 6270635 7310471 6270635 7310471 7310471 7310471 7310471 7310471 7310471 7310471 1940471 7310471 7310471 6270635 7310471 7310471 7310471 5590635 7310471 5590635 7310471 7310471 7310471 6270635 5590635 3270635 6270635 6270635 7310471 6270635 5590635 3680652 7310471 3270635 7310471 7310471 7310471 5590635 6270635 7310471 7310471 1940864 7310471 7310471 6270635 7310471 6270635 6270635 7310471 7310585 7310471 7310471 7310471 7310471 7310471 7310471 7310471 7310471 5110471 7310471 7310471 5110471 7310471 7310471 7310471 7310471 5110471 7310471 7310471 7310471 7310471 7310652 7310471 5590635 7310635 6270635 7310635 5110372 6270635 6270635 5110471 7310635 7310471 7310371 6270635 7310471 7310471 5110471 7310635 3270635 7310471 5110471 7310652 3270635 7310471 7310635 5110471 7310471 5590471 7310471 7310471 5110471 7310471 7310471 7310471 5110635 5110471 6270652 7310635 3270635 7310471 7310471 7310471 6270635 7310471 7310635 5110471 7310471 7310471 7310635 7310471 6270635 6270635 7310471 7310471 6270635 7310635 1940471 7310635 7310635 7310471 7310471 5590635 6270635 7310471 7310471 7310471 7310471 7310471 7310635 7310471 7310471 5110471 5590635 7310471 7310471 7310471 7310471 7310652 7310471 7310471 7310471 3270635 7310471 7310652 7310471 8430652 7310471 7310471 7310471 7310652 7310471 7310471 6110652 7310471 7310652 7310471 7310471 7310266 7310471 7310471 7310471 7310471 3680471 6270635 7310045 7310371 7310471 7310652 6270635 7310635 7310471 1940471 7310471 5110471 7310635 7310471 3680471 7310635 7310635 7310471 7310635 7310471 7310471 5590635 7310471 7310652 7310471 7310471 7310471 7310471 7310471 7310471 6270635 9070652 7310471 7310471 7310471 7310471 7310471 7310471 7310652 7310652 10140471 9070652 7310471 5590635 7310652 7310471
5110370 5110872 1940371 5110635 5110045 6270652 5110471 7310043 4610652 5110471 6270635 5110004 5110004 6270635 4610652 3680652 5820652 5110471 5110635 5110471 5110006 5110004 6270857 6270652 7310205 5110214 5590652 5590652 3270652 5730652 6270652 5730652 5110560 7310635 5110471 5110634 5110635 6270635 6270635 6270652 5110471 6270635 6270652 6270652 5590652 4610652 7310652 6270652 6270652 5110006 5110430 6270652 5820652 7310833 5110471 5110471 7310471 7080973 7880652 7310652 1940471 4610652 7310266 7310282 5110800 4920652 7310471 3270635 6270635 7310471 6270652 6270652 6270652 4610652 4920652 7310282 7310585 7310471 5110471 5110471 5110471 3270635 7310635 7310471 6270635 5110471 5590652 5110560 6270399 6270652 5110471 7310872 7880652 6270471 7310835 5590635 6270652 5110471 5110560 1940471 5110471 1940471 7310471 4610652 1940471 5110471 6270635 1940471 6270399 6270635 6270635 5110471 6270635 6270635 1940471 6270399 6270652 7310471 6270635 6270399 3270652 7310471 6270635 1940471 6270652 1940993 6270652 6270652 7310652 6270652 6270652 7310371 6270652 7310833 4610652 6270652 5110471 7310471 6270399 5590652 6270652 6270652 6270652 6110652 6270652 4610652 7310471 6270652 4610652 5110993 5110931 5110167 6270196 6270857 6270857 6270652 3270652 6270635 9160652 4610652 6270635 5110471 1940652 6270652 5110872 7310282 7310386 6270652 7310419 4920652 4610652 5110984 5110004 4610652 5110004 7310282 5110282 5110984 7310471 6110652 6270652 6270652 6270652 7310371 5110993 6270652 5400652 6270652 5110350 6270652 6270652 6110652 6110652 6270652 7310371 7310969 7310471 7310471 5110560 5110471 7310471 7310266 7310835 5110924 6270652 7310652 6270652 5110993 6270652 4610652 6270652 6270652 5110993 7310937 6270652 7310928 6270652 7310652 6270652 7310652 6270652 7310371 1370652 7310829 6270652 7310741 6270652 6270880 6270652 7310419 6270652 4610652 5110230 1940993 7310969 7310652 6270652 5110800 3270652 6270652 6270652 4610652 7310942 10080857 6270652 5110561 7310652 7310371 7310471 5110430 7310829 7310419 6270652 7310071 7310864 7310371 7310960 5110653 7310652 1940371 7310350 9160652 6270652 6270880 6270652 7310937 1940993 7310937 5110634 7310266 7310266 7310049 7310471 6270399 4610652 6110652 5110471 8060652 3270652 5110266 5110652 5110471 5110004 5110471 5110471 5110471 1940471 5110501 5110872 5110471 4610652 5110652 5110996 5110230 5110996 5110652 4610652 5110205 8060652 5110560 5110471 3270652 5110652 9610652 5111011 3270652 9610652 5110836 5110864 1940652 5110404 1940973 5110075 5110000 5110004 7310200 5110652 5110560 5110501 7310266 6270652 7310200 9160652 7310829 1370652 5110113 4610652 4610652 5110549 1940652 5110350 5110004 7310419 6270652 4920652 7310266 7310200 7310835 5110004 1940993 4610652 1370652 5110113 8060652 5110113 5110880 5400652 5110404 5110205 5110646 6270652 5110836 5110560 7310930 5110880 5110404 5110004 7310930 5110549 5110282 9610652 5110571 5110800 5110549 5110004 5110652 4610652 5110350 7310049 5110404 7310371 5110601 5110167 7310652 7310200 7310857 4920652 7310969 5110004 7310877 5110747 7310200 7310741 4610652 5110004 5590652 5110601 1940993 1940652 1370652 6270652 7310404 7310752 1940652 5590652 7310373 9160652 7310371 1940993 7310200 7310071 4920652 1940652 1940652 7310652 5110880 7310266 5110561 5110004 7310266 7310422 5110993 6270652 6270652 7310652 7310635 6270635 7310652 7310585 4610652 6270652 6270652 4610652 6270652 6270652 5110634 5110652 5110652 5110471 8060652 3270652 5110350 1940652 5590652 5110471 7310652 5110560 1940652 7310864 1940371 6270652 7310652 4920652 5110212 7310652 1940652 4610652 7310471 5110004 7310282 7310422 6270635 7310829 6270652
5110501 5110633 7310200 5590652 5110996 4610652 5110984 5110350 1940652 1940652 5110652 5110812 5110812 1940652 5110800 5110652 5110652 5110652 5110931 5110419 5110652 5110652 5110872 5110652 1940652 1940652 5110167 7880652 7310652 1940652 5110560 5110652 7310652 1940652 5110266 5110075 1940652 1940652 5110004 5110004 1940652 5110560 7310571 7310752 8060652 5110984 5110564 5110669 4920652 7310371 3270652 1940652 5110113 4920652 4610652 7310652 5110993 1940652 5110430 5110404 1940652 1940652 5110924 5110430 5110004 3270652 5110004 5110809 5110404 5110877 3270652 5110924 5110350 5110984 5110700 5110212 1940652 1940652 5110483 5110812 1940652 5110931 5110561 7310571 5110700 1940209 5110984 1940205 5110549 5110564 5110653 5110371 5110571 1940652 7310652 5110006 5110984 5110872 5110549 5110560 5110214 5110350 5110212 5110363 5110404 5110634 1940652 5110800 1940652 5110652 5110984 5110812 5110880 6110652 5590652 6270652 1940652 7310419 3270652 5400652 5110924 1940652 7080973 5110004 4610652 5110075 5110564 7310652 5110765 7310266 5110877 5110829 5590652 5110045 5110646 5110045 5110741 5110800 5110880 5110996 5110564 5110984 5110984 5110800 7310200 1940652 5110430 5110652 1940652 5110652 5110045 5110984 1940652 5110564 5110045 5110809 5110812 5110747 1940209 5110646 5110430 5110214 5110560 5110006 5110560 5110205 5110561 5110549 5110045 5110075 5110395 5110652 5110371 5110700 5110404 5110549 1940652 5110560 5110483 5110430 5110549 5110430 5110877 5110363 5110006 1940209 5110877 5110350 7310877 5110166 1940196 1940196 5110404 5110646 5110483 5110006 5110549 5110984 5110129 1940196 5110653 5110812 1940652 1940196 5110371 5110404 5110984 5110350 7310205 5110646 5110652 5110006 1940196 5110877 7310652 5110282 5110931 5110549 5110829 7310752 5110931 5110350 5110880 5110560 5110549 5110931 5110350 1940652 5110363 5110549 5111011 5110877 1940652 5110700 5110363 5110560 5110560 5110006 5110167 5110560 5110430 5110560 5110045 5110404 5110669 7310373 5110549 5110829 5110652 5110652 5110419 5110984 5110363 5110652 5110872 5110214 5110652 5110652 5110372 5110549 5110560 5110652 5110864 5110501 5110652 5110924 7310652 1940652 1940652 5110205 1940652 5110045 5110864 5110560 4610652 5110430 5110560 8060652 5110812 8060652 5110669 7310266 5110045 5110652 7880652 5110483 5110350 5110652 5111011 7310652 5110006 7310652 7310652 5110836 5110004 1940652 5110006 5110812 5110004 5110812 5110995 1940652 5110829 7310200 5110564 5110652 7310266 5110652 5110167 1940652 5590652 5110214 5110564 1940652 5110872 5110350 1940652 5110880 1940652 5110564 5110652 5110560 5110560 5110652 5110652 5110931 1940652 5110045 1940652 5110652 5110877 5110350 5110652 5110812 5110006 5110652 7310652 5110129 5110652 7310371 6270652 5590652 5110430 5110350 5110560 5110045 7310652 8060652 1940652 5110812 1940652 1940652 5110765 5110045 5110214 5110652 7310833 5110006 5110560 1940652 5110984 5110872 5110560 5110812 5110371 1940864 7880652 5110996 5590652 8060652 6270635 5110984 5110800 5110419 5110560 3270652 5110004 3270652 5110812 5110430 5110561 5110004 5110372 5110129 5110646 5110984 5110646 5110669 5110212 1940973 5110984 5110372 5110646 5110004 5110809 5110363 8060973 5110877 4610652 5110430 4610652 5110635 6270196 5110765 5110652 5110864 5110652 7310652 5110924 5110864 5110471 5110220 3680652 5110731 5110652 5110995 6270652 5110560 1940196 5110872 5110829 1940864 5110564 5111011 5110872 7310652 5110350 5110561 5110996 9610652 7310229 5110282 1940652 1940205 5110872 5110652 1940209 5110700 5110350 5110560 5110004 5110372 5110000 5110984 5110653 5110809 7310652 7310652 5110652 1940652 5110560 1940205 5110996 5110633 1940652 5110561 5110363 7310571 5110731 1940652 5110669 1940209 5110812 1940652 1940652 5110880 5110561 5110800 3270541 5110004 1940196 5110282 7310196 5110731 5110561 5110006 5111011 5110984 6270652 5110652 5111011 5110731 5110812 5110230 5110000 5110266 6270652 4610652 5110006 3270652 1940371 6270652 1940205
3470560 2080770 9710880 3470987 3470996 3700752 3700770 3470963 3470496 5230205 8710653 9710006 2080770 9710373 9710037 8710596 9710770 8710767 9710770 3470752 2080770 3470969 3470373 3470987 3470729 9710422 5230796 5230047 8710880 9710527 8710422 9710297 8710996 9710422 9710880 9710796 9710422 3470796 3470496 6040857 8190765 6660964 8190987 9350228 9040176 1030928 9350743
8710801 7790888 8190176 9710272 6900920 9710864 8710743 4040752 8710176 3470462 9710071 8600743 3470995 5230920 9710833 3700205 6660580 230458 3230743 2760416 3470782 8190006 6760920 8190371 4720857 6040580 4720857 5231023 2760924 2760743 7790964 7790964 7790687 230371 1551023 1550930 2760371 230673 2760460 2760205 2760071 1550529 2760743 9710995 230653 8710772 5230580 1550212 730560 3230809 9710580 9710453 8710504 9310006 2080519 8710872 9040987 8600519 5230386 6660752 8711002 9710770 9710085 9710200 9711023 8190752 8190645 8190960 8190812 8190519 2080519 2081023 2760964 3730896 3730259 8190930 3730004 7090973 7090973 4630743 1850466 2910466 2760752 230809 230304 2760422 2080205 2760414 7790519 8190888 2080580 3470519 9710741 9710796 300741 300350 3930987 910741 9710987 910350 910924 3700741 8710282 8710085 730601 6760693 8190363 3730516 3731007 10141010 9710857 3700770 9710516 3700770 9040796 6900880 300212 3700896 300836 3230350 8710995 3470857 8190894 8190371 3950964 3700752 8710770 9710743 9710371 9310872 6900504 3470752 8710414 8711023 6350770 8710872 3470386 8600770 2370973 3730420 1031010 3730004 8190645 8190894 8190888 8710504 9760071 8711023 5230071 3470519 9710770 9710414 9710752 3470519 5230453 9710453 910414 3700414 6900831 3470872 3470205 5230492 3470414 3230350 5230371 9710414 8711002 5230037 9710453 9710741 5230754 910414 3230414 9710864 8710754 6900864 9711023 730071 5230519 5230767 4720560 230414 6900466 5370924 9420466 7790894 730560 9830228 2750212 3700961 2750646 3930561 3930857 3930857 3930580 3930422 7310984 3730420 8190364 8190364 1760973 3730241 4630602 1031010 8190364 8190363 9710285 6760880 9710519 8190422 9710422 910114 8871007 8871007 8190872 9040652 2080894 2080880 1760973 8190913 3470200 9710205 3930000 3470364 2080952 9710767 520752 3700812 520205 9710880 3930422 3930880 300422 3230996 9710880 8710560 4720371 3700752 3470414 3730996 3731010 3730996 8190560 8190652 4720857 2080580 9760580 9760872 3470580 9040580 3471007 4720071 5230228 3230371 3230796 5230371 3230371 3230371 1551002 6900453 3230167 8710782 3230006 5230961 9710371 9710453 6900831 9710864 8710350 9710414 6900504 5230000 3230996 6660527 3230422 8710297 3470527 3230580 3470580 4720580 2080205 8190560 3730646 3730422 3950560 4990466 2750466 6270880 730000 3930297 3230800 3930888 6580984 300496 910796 8710304 3700924 9350870 4720364 2761007 3230920 3251007 8710888 6760602 1030004 2760602 9710602 3700870 6660924 3930221 4021002 1920212 2750561 230924 230006 2760462 730071 5980205 9710920 3470772 9040212 3700996 4720071 3230212 5230646 9710334 4720741 4720414 9710371 9710864 9710961 3470519 5230812 5230872 6900872 8870205 3230995 3230653 3230812 3230888 5230812 5230891 6270560 1920422 6660961 1920560 9711002 8711002 9830496 8710961 9310560 9420560 730496 3230770 910646 9710037 3470752 2760896 2760739 2760952 2760043 2760896 9710687 8710767 300872 3700833 1551023 3700741 9760729 520743 6580466 1920872 230995 230371 230645 8710205 9710580 2760960 9311023 230857 2760987 230767 3730580 3730043 3730580 6350770 3250857 7790516 3470580 6900466 231023 230527 230371 5230930 5980930 230371 9710888 730071 230741 9710519 5650767 3230527 3230812 4020831 9830006 9710304 8790422 3930422 3230561 3230006 3230800 9710880 8870924 6350961 8190602 3730004 8190602 8190602 3700739 9710888 9710371 3700964 3700969 730561 8601007 8190995 8190645 3730004 3730602
9831002 3700386 3230422 3230304 3700441 9830496 8710422 8870304 8710996 9710422 3700304 3700996 3470969 8190560 3470422 3230812 6581023 4720969 9710205 8710527 9310422 230645 3230920 8710930 9830920 230212 230796 2760752 230561 6660561 4020182 730527 3230856 730928 2750422 730880 730687 9711002 730872 1030638 1760973 3730386 5370602 8190602 8190364 6760752 5230200 5230422 5231007 5230466 3230996 3230422 3250580 9710991 9710888 8710872 6580466 6660501 5370422 3230371 730043 730560 9710580 7790743 7790043 7790743 7790741 9710961 3470872 3470872 8190006 6900872 6900864 3471007 230350 6760924 8190743 3730767 8190645 8190960 9710006 8190888 730560 230770 230212 230960 2760422 8710987 230666 2760987 2760752 8710437 7790743 7790743 7790743 9710782 3470205 5230754 8710864 2760741 2760741 2760371 8870006 6660414 5230960 9710414 3470969 9710928 8710422 9710812 8710304 9710969 9040739 8190870 8190645 8190560 2760560 3470580 5230338 230496 5230466 2760338 9710575 730812 4720371 2760738 2760580 3390770 8190752 8190645 250071 730739 9830422 3230812 3230880 3470422 3470580 3230646 3470205 300996 4720560 3470414 2760043 230872 230741 230920 230653 230167 2760888 2760888 2760888 8710743 7790888 7790741 7790743 7790743 7790743 230924 2760743 2760772 2760071 9710565 7790964 9710772 7790888 3470176 7790741 8600580 5981002 3700743 9710864 8710350 2760496 4720964 8600071 9710071 8710560 9710987 9710729 9830466 2760996 730043 730580 8710812 3230334 7790580 7790743 3470857 3730071 3730602 1760973 8190364 3730560 6760964 9311023 3230371 3230864 8330006 8710864 910741 9710371 9710754 9710741 8710414 7790964 3230857 4990800 3230212 730800 3230043 3230880 7980973 3731002 8190894 3730004 8190518 6900519 3230738 730580 5230422 9710960 3230894 8710422 4720894 3230752 4720071 8190864 4720857 8191007 7790580 6660212 3230422 3230833 3230800 3230422 3230880 9710527 3230212 3470995 9710580 9040580 3250560 9711023 2081007 5230646 3930422 2750212 3230043 730948 5231002 230964 5230772 230924 2760888 2760006 2760371 2080743 7790964 2080205 5230037 9710561 8600924 3700741 6900809 8710924 520752 3470924 520371 3930739 300969 300297 3930527 9830561 300304 3700205 8710739 9710729 8710920 8900767 9710176 5650350 6900037 6900969 1551023 1550984 5230371 3930743 8600414 9710969 3730741 4630638 3730741 3730984 3730984 3950371 8190364 910864 6900969 3930864 3230752 5230961 8710961 5230205 3230560 9710575 9710864 6900969 910371 3470969 5230646 8190071 9350896 6900969 910896 3470200 3470857 3950964 2760176 5370964 1030043 1030043 5370043 8190519 7790580 2760176 8710897 8600964 2760894 2080864 7790896 2760741 2080772 8600864 2080205 3470772 8710872 9760987 8710872 5980888 8600743 3930888 3700864 3701002 9710833 3700205 8600743 8710259 3700888 9710772 8600743 3230743 230864 230948 730796 5980580 3730268 6760645 8190176 8190896 8190743 300575 3230371 9710371 3230964 9710580 5980519 2760741 3730896 3730004 8190176 8190896 8710580 3230580 2910466 5230995 5230920 10110872 9710580 8870897 9710995 2080924 5980519 3730888 3730519 3730888 3731007 8190519 8190913 8190743 8710200 9710580 8710580 6660071 230205 9830920 230071 230560 9710205 9040864 9710995 9710043
9710043 9710603 3930043 3930043 3930043 3230350 3230350 730752 7790414 230350 230952 9710466 9710767 3470519 3470205 9710743 9710888 9710741 8710743 9040350 8600496 9710071 9710565 8710212 9710952 3470752 8710646 7790071 250896 250071 250364 250364 3230414 5230519 9710739 5230575 9710995 5230047 910371 3930812 3700575 9710371 9710371 730414 230458 2760738 8600796 9710014 7790414 8711023 8190285 7790580 9710043 8601023 8710176 9040987 4720964 3470176 8710646 9710888 5230422 2080894 8600422 230458 6900580 6900466 5370560 8190743 7790857 4750364 4720580 9710371 730205 9830872 6580984 3930043 2750212 2750969 2750212 3930995 3930880 4020984 3230212 910422 8790872 9710888 9710888 9710864 9710864 9710864 10011023 3230414 5231007 9710741 4720841 8601007 2750575 3230205 3230205 3230205 3230767 3230772 4720373 3230205 2750796 3930304 730796 9830561 6580872 8710996 5650422 5230043 8710596 9710960 8710212 9710996 3470285 3470580 5230996 8710422 230371 230872 230812 230987 230812 230458 2760888 2760441 9710772 8600519 3470462 9040772 7790964 7790894 7790896 7790841 7790964 7790580 7790580 8871007 3230928 2750166 2750872 3230995 730000 5230466 6901023 5230364 2760995 6900466 8190896 9710466 5370580 9830930 3230527 730623 2750857 730282 2750560 9830006 2750006 9711002 2370973 2370973 3730268 10140767 910880 9830767 300304 910996 9710961 8710856 9710987 730000 8710580 3470043 3470580 3470531 2080864 8190920 8190888 230666 6660580 2750653 5230205 5230772 4720371 3230872 8870580 3700580 8710653 3930996 5230043 730043 730422 4020182 230924 10010422 5230575 3730241 9350645 8190995 4720560 4720371 7790857 3950371 300504 8710304 2750996 910527 8870800 3930880 910928 8870419 3700796 520961 910928 6900646 8600770 9710580 910580 3470969 3470414 3250894 2080772 5981023 9760964 2080770 2080770 8340414 8790772 230820 9710043 8600580 230006 730176 8710527 8870580 2760205 2760872 5371010 6350743 8190645 8190743 9710575 300996 3230006 3230560 3700580 8870996 6660006 6660836 9350166 8190519 3950560 3470872 9710580 8710872 9710414 3700373 4020872 3930560 3230350 3230047 3230350 9710996 910937 3230653 2750739 4020996 2750560 3701002 3250422 3930942 8710114 9710516 9040176 9710176 3470422 3470205 3470334 5231023 3470422 3470043 7790809 9711023 2760006 3700969 520741 9710857 3700205 300800 3700422 3230304 3700580 9710580 9710580 3700864 9040580 9710422 3470796 3700942 3930809 520519 9760987 3950043 8870829 4720964 3230205 6900453 5230519 910371 3930872 8870144 5230809 5230414 910741 6660666 9830422 3230752 910796 4020800 910422 3230920 730738 8330996 730964 730561 5980888 8601002 5980466 8190896 7790743 9350767 8710441 8710466 1760973 8190364 8190364 8190969 5650969 9830984 5230580 730770 5650580 3230205 4720969 3230496 5650880 3930414 1550646 8600414 9710772 7790743 9710414 5230872 8600646 9710772 6660948 8710864 230350 2760924 5230580 2080743 9710580 3470580 8190646 8190364 250371 8190364 9710864 5980205 3230743 9710743 9710371 9710864 730580 5230580 230924 730738 3230960 9710334 730964 3470527 9710422 3470527 7530422 9040812 8550519 3230888 6660964 3230836 3230598 3230371 3230872 910864 730752 2750796
4630741 8190801 9760987 3470043 8710743 3470043 8870580 3700743 3930796 3930888 3700422 9710754 3470969 3930205 9350645 3730371 3700857 8710297 3470796 3470560 730996 230580 9830422 6581023 230414 9710856 5230560 2080422 8600880 5230527 7790964 8600422 9350888 2760964 230673 1551023 8330006 730964 5230969 9710371 9040833 2080285 3700414 9710964 3700414 4630857 4630829 8190969 9350964 6660800 730754 6580872 9710414 9710754 5650006 5650924 2760889 2080285 2080422 2760812 230820 2760752 8710772 2760071 8710519 8710504 230752 2760770 7790743 2080872 8710114 2080043 8710519 3471023 8190743 8190071 3950960 3700285 300920 301023 3700969 9710043 3470752 2760960 2760519 230458 230743 6900182 230167 7310924 3730898 3730006 4630580 8710864 8190888 2760741 3700770 1550422 300350 3930857 9350653 3730420 3730984 4630282 4630960 8190741 8710580 230741 1550466 230872 9710371 7790752 6900182 9710864 9710422 3230561 9710205 8870880 3700205 2750924 2750212 2750924 8870772 730371 9711007 4720371 5231007 7530772 5230812 300414 5230560 300414 9710809 5230560 9710924 3700743 3470857 9710687 3470200 3700741 5230580 4990580 10110580 3230205 5230414 9830767 730752 730212 730304 2750527 230880 230880 5230996 730880 9710580 9710441 8710580 3470200 7790580 3950560 8711023 5370687 2760043 9421023 230496 2760043 230504 2760770 3470043 2760767 2760743 7790200 7790857 10190043 3950043 2760880 6660996 230350 730880 230016 2760948 8710767 2760770 8711023 8190767 8190752 9350043 3730770 3730200 3730043 3730646 3730004 4630043 7090973 9830527 9830466 2750422 2750996 730422 6660996 6660880 730560 10110872 9710833 5650496 6580831 8710969 910006 3470334 8190071 9710857 8710857 9710857 3470857 9710857 4630969 4630371 2760897 3730420 4630580 3470580 3950422 8190176 5230739 6580984 3930364 9710752 3700205 8710666 3470653 8190770 9350560 3930334 3470580 9710200 3230896 9760200 8711007 8711007 4990043 4990857 7310767 5370741 730964 7310496 3731023 3730268 3731023 8190812 8190888 3230752 3230770 1551002 230872 730743 6900182 230812 3470043 2760043 9040864 9350371 8190043 8870812 7790580 3470200 7790580 7790913 4020996 3230995 3230653 730371 9710371 8870043 3230995 3700575 3700995 9710743 9710071 8190560 8190770 9350924 9831002 2750560 2750527 2750653 730089 730283 3230653 3230653 3471002 910857 3730646 3730646 3730812 4630857 8190652 8190414 5230930 10011023 230622 5230767 5230930 8710580 3230995 5230466 5230371 730212 9710205 6900872 730800 3230864 5230350 5230466 5231002 9350371 3730880 4630741 3730812 3730006 7310948 6660580 9350580 3230930 730000 9830466 9710580 730334 230560 730812 2760687 8710580 8710987 230752 8710864 2760043 3470043 7790071 5980043 3470987 2080872 2760987 230948 8710754 3470580 3470043 8190743 6760071
9350754 6900466 6660178 4020872 730527 4020304 9830796 4020304 9710527 8710856 6900996 9710422 8600880 9710422 9710880 8870527 6660920 3470531 2760071 5230888 9710176 8710176 8710646 5230205 3230960 3230880 8870205 3230880 3230880 3230212 4720422 911007 6660800 2750880 3230880 910928 4020182 730928 3230205 3230422 3230304 4720857 8190796 8190880 8190996 8190646 9710743 8710872 3471023 9710071 9710071 7090973 8190205 5981023 9710964 8601023 5230575 3230334 3930560 6580872 910928 3230653 5230527 9710422 9710334 9710888 3230560 730809 3930598 3700741 9710888 910996 3700422 3700422 9710743 5230338 9710580 5650466 1550466 5230466 9760580 730752 10110422 230560 730924 4021002 3230561 5230527 3230812 3230996 9711023 9711007 6900872 9710796 3731007 3730004 3730004 3730004 3730004 8190741 8190960 10140580 9830996 3230920 8330872 6900995 730178 3230812 3230743 5230952 9710043 6900996 9710961 3700212 3470969 910812 3470205 4040741 5230350 6900969 3230304 8330350 9710923 3731001 3731001 3730004 3730004 3730350 8190741 8190894 5231023 3230176 3230653 3230338 9710897 5230596 9420872 9710964 5230504 9710504 9710880 9710414 5230205 3230646 5230504 9710752 3470580 5230923 6900466 9710422 3230414 5230560 2080422 2080580 3230504 7790580 2760948 4720516 9760772 2080894 7790772 2081023 2080043 8601023 7790752 8870897 8190897 8600466 7790752 3470519 2080531 9420466 8870414 1550037 3930371 6830831 3700880 9350880 10140561 8190969 8190969 9710969 3470880 3700857 9710964 2080924 9710739 8190894 2750741 2750561 2750872 1550212 910833 3700772 5230047 300304 4020000 9710996 9710422 3930212 3930212 2750800 300969 3930205 2750646 3930836 3930995 910741 9710770 9710928 8710752 8710770 9710928 9710752 9710963 3230350 730995 9830466 9710995 3230996 8870212 3230996 5230422 5230959 7790743 9040996 7530772 8790772 230596 2760516 230496 730770 9310767 8710646 8710964 2080770 3471002 3470200 8190006 8710466 4720371 9710801 2760414 7790743 3470519 5980519 9710371 4020000 3230371 3230812 9710880 8710350 910212 3230000 730880 2760772 5230995 5230812 3230527 5230414 9710205 3230527 9710422 9710888 3470422 7790071 8710114 9760043 9710770 3470772 7790897 8710772 2760991 2080772 8550772 3730580 4630580 5230964 3930924 910809 9710809 9710414 9760371 8710809 910371 3230653 4720580 9040580 3730960 4630580 3730880 4630580 8190000 8190888 8710176 3930857 3930200 730386 300836 3930166 3930166 520071 6900920 730770 5230580 9710580 10010422 6350580 3730422 7090973 6760006 8710857 5230984 3230924 4020000 3230527 230304 730350 730812 2760373 230504 8710923 3730414 3730812 3730812 3730364 1760973 8190645 8190646 9710422 9830812 1550422 3230687 910371 9711007 5650414 6660836 6660160 6660930 230809 9830422 6660856 4020182 3230770 6660741 3700864 9350752 9830228 3930930 6660969 6660212 10140561 3930796 9310880 3700739 3930519 10140741 2750221 2750796 3230221 6660501 730561 9710043 8710414 9350888 6660872 4020228 4021002 3230561 3230880 3230422 3230857 8190996 10140560 9710575 1550492 6900872 3230864 3230857 8710857 9760864 9710770 4720071 9710176 3470200 8190752 9710414 3930205 3930833 4020212 6830831 2750796 3230701 2750422 730205 3230205 2750653 3230422 2750880 9350888 3930857 8790857 9710857 300496 8710960 3930504 2750969 3700205 4020000 3930422 3700796 6660920 230496 8710930 730580 8710205 8710743 3230000 7790071 8710297 9040580 4720071 8340580
1760973 3731010 9350350 10140350 10140350 5230857 8190006 9350371 3700782 3730004 8190043 8190741 3730268 3730268 3730602 3730004 7980973 8190920 8190519 8601002 8710037 3470923 8710466 3470580 3470496 7790743 7790071 9040580 8190741 6900350 6900350 6900924 6900924 5230350 9350006 730729 8190350 8710200 6760767 8710580 2760371 8710864 7790580 5981023 8190673 5370071 2080770 9760964 2760888 8870212 8190770 3470200 7790741 7790071 8190812 8190937 7790913 3950422 7090973 7090973 3950560 7790913 7790924 7790519 7790741 7310004 7310561 9350580 9350000 9760071 9760071 8600920 7790071 2080870 7790964 8190519 3730782 3730602 6760602 9350602 6350924 2760602 5370602 2760074 6760920 5980519 2760991 2760991 7790857 3730004 8190752 8190043 8190770 6760888 3471023 3470043 2080043 4630752 3731023 3730646 3731023 1760973 4630200 4630200 1031010 5370974 8190414 8190864 2760963 8190741 8190743 2760580 2760496 2760948 2760580 4720580 7790228 7790741 7790913 8340580 8190741 8190864 8870350 7790888 7790741 3470969 5230414 5230964 5230414 5230176 8600857 10010857 9710897 9350924 3930942 3470752 3470980 7790897 8190371 7790752 8601023 9710770 7790687 7790896 7790888 7790071 3470176 3471023 7790772 8190772 1760973 1760973 1760973 8190071 2760496 2760770 3250371 2760888 8870772 8870544 7790913 7790913 4750772 4750772 7790772 7790371 7790913 7790880 7790841 3730004 3731010 1600973 1600973 1600973 7090857 1600973 7090973 7090973 8190894 6760741 730071 10140812 10140304 3230283 9710857 5230422 9710462 2760043 9710856 5230857 5230466 3730371 3730200 3730241 3730205 3730004 3731010 3730004 3730004 7090857 3730004 3731010 7090973 3730004 10140350 8190205 3930205 8710996 2080770 8190422 10010422 7790739 2760741 2760888 730963 8710782 2760969 7790371 3731023 1030004 2760963 8190888 2760741 2760960 8190414 8190752 2760743 2760504 9311023 9350924 2760006 3730004 3730004 8190285 8190414 5370371 9350741 2760801 2760930 6661010 2750996 9350743 730888 730560 8790043 9710085 8190519 6760888 8190888 8710963 3730894 3730466 3730004 3730004 3730004 8191010 8190888 3730964 3470930 2080930 8190888 5230920 8870809 3700176 9710770 9710414 8710422 9710743 2080580 3470414 3470422 8710176 9350996 9350888 8190422 10140304 9350996 8190071 9350560 3230205 8190880 3470422 7790913 7790841 3700580 3930601 5230891 3700942 8190596 8870870 8870870 910519 910205 3230870 3700870 3930870 3230969 4040870 3230812 4040518 8190687 3700266 9350516 4720896 8870924 8870796 3700598 9040580 3700283 9040580 520424 910212 9040580 2760888 3700942 910114 910114 4040687 4040371 910646 910371 3930371 3700942 9760872 9760924 3700942 3700942 2080896 2760114 7790114 9760580 7790516 7790687 7790913 3950043
910937 3930930 9350754 730928 5650872 6900872 3930864 730948 8870772 730166 3230228 730633 8870144 8871007 6660800 2760422 5371007 730796 8870580 3700580 7790580 3700752 3700504 9710580 8710560 8710646 8710212 9040144 2760963 9350144 6660047 4020996 730422 730754 730796 730772 2760880 730422 7790857 230375 7790580 7090973 7090973 7090973 7090973 8190006 5230466 5230580 6760006 5370833 5230338 730043 2760738 9711002 2760371 7790752 8190772 3700519 3700527 4020831 9710422 9710857 8710575 8710646 3470857 910870 6660666 6660961 5370144 9350870 9350870 6660653 8710575 9710857 910870 8710857 9710857 8710857 9710963 2080770 8710767 8190496 8190765 4720770 3470496 7090973 7090857 7090973 3700864 3230924 3230560 3700857 3930350 9040836 9710414 3930350 5230350 910924 4040371 4040913 8870580 2760580 7790580 230212 730796 4720772 5370741 3230043 9711007 4720043 3230414 8870414 9710809 3700743 9710960 9710414 9710752 8710414 5230809 9710833 8190422 520043 3930043 3470569 8710350 520043 3700995 3470414 3470729 7090857 4631010 4630857 9350527 6660880 5370961 730870 3230527 730812 3230870 8870870 3230460 3230006 3700580 4720870 3230000 4720870 4720371 4720205 8340580 8190913 7790857 3950043 7790857 250043 250043 7790857 2760646 2760741 230924 2760767 2760043 230560 230767 2760741 2760043 2760504 2750872 730334 730000 5371002 730205 730880 730960 3230864 8870422 910422 9350812 910200 911023 910857 5370961 910200 910200 9350872 9350653 910200 9350205 910371 910519 6660047 6660969 910560 910200 910519 8870870 2760961 2760144 2760961 910870 7790870 910870 9710870 300414 8710285 9350338 3730960 3730004 3730770 4630930 8190752 7090973 3950960 3951023 230006 230569 7310924 8190292 5370833 7790857 230872 2760043 9711023 9710752 6660178 4990212 3230857 9350800 9350952 2760373 910519 8190880 8710770 8191007 3730952 8190952 8190752 8190767 4720857 2760770 730809 2760373 2760414 2760285 230809 2760414 3470519 7790414 230006 2760924 230569 230350 230857 2760833 2760243 2760580 7790857 2760928 2760045 6040580 7790896 7790687 9040580 10170519 8550580 10140422 4990304 4990996 9350687 8600857 9350930 9350930 3230743 10010857 2750920 730580 730043 730743 8870043 730880 3730268 5370752 2760371 8190960 6660969 9830422 730212 4020996 730527 1920006 730228 730580 730796 2761002 730519 730519 730580 2760928 3230422 3230864 2760580 8870812 9040739 7530560 9710739 9040739 9040739 3470560 9710653 9710812 3700653 9710739 3470729 5230350 5230006 520371 520371 3700404 3700422 8190743 2760888 2760071 3230519 8190942 9351010 8190930 8190422 8191002 8870880 3250937 8870043 230857 2760205 2760996 2760687 2760006 2760422 2760812 3230812 730880 3230880 3230928 3230984 9710961 3930880 3700969 8191002 910928 730212 730969 3930896 730969 8790969 6660969 3930800 3700969 10140924 3730580
910995 8870043 8870043 8870580 8870043 9040580 7790872 7790205 9350913 9710212 910796 8870870 3930870 520969 7530560 9040739 3470653 3700969 9710212 3470969 9710653 9710969 520519 9710350 1760973 1760973 3950930 7790580 7790894 8600646 230006 730738 230414 6900466 230350 2760527 2760000 2760743 9830996 9830466 730519 730000 4020996 9710422 3230812 8870996 3470006 8190350 7090857 3731010 4630857 4630857 3730924 3730741 6350350 3470857 8790006 7790888 730888 6660297 6660304 3230996 730880 6660166 6580212 6660460 6660527 6580212 3230304 2760996 5230422 9040580 2760770 7790371 8190422 8190812 520857 9350880 8190212 3470880 3700739 4630004 7090973 2760371 6761007 5370243 3230466 5230995 5230870 5231023 8190006 8190460 2080864 7790350 4720371 3470872 9350338 6660738 230414 3470923 7790414 4990984 8190969 9710963 6660800 730422 9710422 9710752 3470519 8710580 8870880 8870544 730422 3230043 3230466 3230422 5371007 5370144 6350422 3470652 4720870 7310948 7980160 4720580 3700857 4720857 8190888 4300857 3470373 3730673 4630857 4630071 4630857 4630772 250964 230560 230350 5230930 2760930 2760371 2760371 6660212 2760800 2760212 300304 9350996 8710857 8190969 8190071 3730809 4630371 3730812 4630964 8190000 9350371 9350812 300701 8190560 300560 9710047 3700653 3470870 9350006 9710864 9710575 6900560 910924 9710006 2760772 230872 6660738 6901023 6660580 4990580 6660228 6661002 730519 730580 730371 8870043 10140930 6900872 6900872 8190864 9350741 8190752 8190414 9350741 10140872 4020800 9710739 300422 3700880 9710796 3700701 6760519 2760371 9710519 9710386 6350741 5370580 230923 2760043 2760673 2760924 2760741 7790894 4630743 2760176 2761023 2760043 2760259 7790857 5370809 8190743 8190864 5981023 3470857 3230144 6660243 6661007 6660580 6770948 6660580 6660460 6660160 9350930 9350930 730928 6660047 730646 8870422 3700857 8190930 9710205 9710864 3930371 910872 3700350 520741 8710350 6900857 9350870 5230870 5230047 9710870 3700870 3700870 8550870 9710741 9710870 9710864 9710741 3700812 9040350 3470560 6660527 6660801 6660801 6660801 6660801 730652 6660801 6270212 9710043 6660496 5230801 5231023 8710371 2760888 2760071 2760371 8190930 3730371 4630741 4630752 8190646 7090973 7090973 8190646 5230205 3700701 5230047 3700519 3700575 9830800 5230422 9710304 3700743 3700880 3470996 3950812 9040350 7790743 2760350 2760646 6660000 2760996 6660460 6660561 2760212 2760043 2760561 7790894 2760416 8190894 8190043 4630964 3730646 7090973 7090973 4630004 4020996 6660527 6661023 6660297 2760772 2760205 7790200 2761002 2760043 6660000 2760000 2760996 230422 2750422 6660527 730896 2750527 730739 2750880 730422 3930516 3930796 730928 8870800 3700864 9710575 300812 300812 9710739 9040739 3700812 300560 2760948 6660602 2760602 2760602 6661010 2760602 2760560 2760739 2760364 2760930 230527 2760422 2760870 2760006 8190371 8190043 8190864 3470334 3950560 8190560 9710371 230645 230872 6900872 2760864 7790350 2760924 2760924 2760924 230350
9040772 9710772 3230304 3730880 3730560 8190560 230741 730178 230741 730964 6900182 7790924 3471002 7790924 8340414 3950960 9710371 5230872 6660371 6660006 9350888 9350560 3730969 3730969 4630969 5370743 2760200 230371 2760987 6660948 2760928 7790752 8710920 7790560 8340043 8550043 8870580 8870580 8870580 3700205 9350880 3470969 9711023 2760809 2760872 7530580 7790948 9710580 2760006 9710285 2760741 2760896 8190363 7790857 5650924 3470200 3250857 8190071 3730993 3730176 8190888 8190560 6581023 10140304 6660864 6660888 3700519 3930422 7530422 6660580 2761002 2760930 6660245 2761002 6660836 730930 6770160 6660243 6660212 10140422 3730004 8190930 3230857 9040527 8190930 8870796 4720857 2760896 2760812 2760894 2760580 2760371 9710285 730006 10110969 730739 6660212 6660561 910519 2760924 8870006 8190371 8190969 5230519 5230386 5230519 9350006 9710371 910741 3470006 3930996 6660653 8190870 3930000 910996 8190880 3700924 8190894 9350653 8190602 8190364 3730004 8190602 3470386 910364 9350212 910880 8190923 4630071 7090973 2760767 2760770 2760371 230872 2760043 8870872 8870422 2760580 7790841 3470969 9710544 4720071 9760071 3700071 520414 3470285 3700864 9710864 9710995 910700 3700870 3700857 9710334 910205 910560 910857 910363 4040913 5370043 230458 2760964 2760200 2080580 2760964 7790200 7790888 7790896
7790964 730896 7790964 730872 8870144 6660948 9350460 730144 730460 730176 730896 731023 9350338 1550466 730414 9710923 8870872 6350414 3730987 6350857 8190462 10141002 9350964 4990969 9350741 5230923 8811023 8190960 6660930 6660414 4720857 3470580 2760743 8190741 6660948 10140809 6660964 9350580 9350166 9710888 9350580 8190373 8710580 9350580 8330466 300527 9350580 8870580 730071 10110580 730509 730509 730373 2750857 3250580 9350964 9350580 9350178 8870580 730948 9710580 8710580 9710580 8710857 730948 9710580 8870580 9350948 9350580 730752 9350580 9710580 730752 8710466 9710580 3230504 910580 730373 3250580 9420466 9420466 9350580 730580 730752 4990948 8190770 730580 10140580 5230580 730334 730948 9420466 4990948 8710580 6760422 4990812 10140304 300504 9350752 3730993 3730580 8190071 10140000 9710930 3730996 10140560 9350741 10110857 8710200 9350404 10110857 9350752 730770 9350752 10110770 3930701 9350987 8710739 9710422 8710857 8190765 9710739 3930857 9350729 10140212 10140767 10140212 5231023 9350752 10140561 9351010 9350441 10140872 6660666 10140880 9350043 6660948 4990422 10110043 8710930 9710739 6660304 6660767 5370772 4990516 9420560 2750504 2750857 2750519 730833 730516 4990942 4990969 10140924 910857 9350516 3930857 3930453 9350800 8190969 9350741 9350741 8190969 230872 3230857 9350741 9350580 6900466 9350006 5230743 6350371 6760006 5230812 2760739 9710006 3730580 6660006 5370243 230857 9710857 9350350 6660373 2750857 300920 9350580 6660460 9710701 10140924 10140496 6660809 3930144 3700960 9350373 9350743 9350144 10140996 8710930 6660666 9350144 10140000 9350144 3700857 9710653 5230857 9350460 3250205 9350741 9350350 8710729 9350809 3930580 3930960 9350752 10140924 10140496 6660767 8811023 9350178 2750767 3930752 3930414 10141002 9350504 9350896 3930923 3930200 3931023 3930969 3930228 520580 3930857 3930200 6660969 3931023 3930923 3930864 9350000 3930386 3930739 7980160 8190969 6660948 3700857 9350006 10140371 3700205 9350560 8190969 9350043 3700969 3250560 730580 8190960 6350924 9350930 9350043 2760074 9350560 6660812 9350752 5651023 10140304 3730422 3730741 9350930 730964 10140653 4990948 6660653 10140422 9350996 9350872 8190960 6760741 10140872 3730371 1550466 9710422 6350741 6350872 9350371 6660872 6350964 9350144 1551023 6660880 5230796 6660047 8710205 230560 6660812 9350043 10140304 9350864 6900930 6660996 10140006 5231023 9350580 10140006 3730812 8190243 10140043 10140812 10140653 10140422 6350496 5650422 8710857 8190371 8710857 6350580 6350857 5230930 9350602 6760371 6660930 730928 9350995 10140560 10140414 10140809 8190930 10140466 7980043 7981010 3730004 8190422 8190638 3731002 6760414 9710857 8190960 3730004 3730004 8190930 9350043 6350043 730043 5231023 6760422 8330996 6760422 6760043 6661010 6350043 10140924 10140653 10140422 3730004 10140422 10140043 10140043 10140422 3730004 9350638 9351010 10140043 9350338 5230047 730205 6660996 9350527 3230857 6660996 10140212 9350371 6581023 9350741 10140422 10140414 9350741 10140924 2750857 730414 1551023 9350924 5230930 10140414 5230930 9350872 6660371 9350304 9350741 9350888 10140560 8330872 9351010 10140006 9350930 2750857 2750857 10140560 3230857 4990071 5231023 6900043 9350205 10140560 5230930 9350687 10110857 5650857 6350924 10110857 9350995 10110857 2750857 9350404 10140496 6350770 8710857 10140350 5230857 9311023 9310466 10140006 8710796 3930334 300422 3930371 5231023 5230870 6900037 230872 3730006 8190930 6350770 8901023 6760770 4990752 8190071 9350441 6350414 8331023 8710930 10110952 6660496 9710930 8710930 2760770 9710441 3230504 730880 9310466 5370580 8790043 8710580 9350580 9420952 8190770 10140767 8710857 9310930 10110920 9350371 3230414 730560 9350924 6900466 1850466 730741 5230453 1550496 6900924 8710857 6660414 8710920 9710963 8711023 8710404 8711023 9710930 8710930 2760960 2760700 9350404 7310743 6760857 9350602
3700422 730386 730212 5370924 730414 2750857 730422 3230796 2760243 5370160 6660243 6660243 9350144 6660245 5370243 3230857 10140422 4990857 7980160 730144 6660924 5370243 3230928 730580 3230857 3230930 3230857 730928 730687 3230598 3230930 5370741 6660221 4720741 730544 2761007 3250006 8190741 8190913 4720864 9350580 6761007 5230960 9710519 4720371 2760948 2760580 2760948 730923 730414 2760580 3230923 3230414 7790414 7790964 2760960 2761023 2760987 8710963 7790841 3471023 9350767 9350602 4020984 9350373 3230386 3230561 4720870 3230800 8550870 8870424 7530422 2760205 6660000 7790200 2760739 2760006 2760739 7790371 7790371 3470812 3950812 8550205 3230743 3231016 730739 9830767 6580212 3930880 3230504 8710996 300560 6660653 300386 3930371 300739 300653 3930166 6660653 7790144 3700089 520741 910350 3930504 9710782 8711002 7790071 230504 7790373 7790896 2760043 2760043 7790516 7790894 3470043 3470043 9710741 5230519 730738 230414 230375 2760580 2760738 2760896 730338 8870580 7790964 7790580 7790580 9710043 2760960 2760043 7790964 2760043 7790987 3470200 2760527 8870212 2760580 9710880 8870580 9040580 8550043 3470580 3950880 3950964 8870580 2080519 7790897 8870580 7790071 3470519 8710114 3470580 7790071 730796 6660561 6660880 3231016 3230701 6660527 2760043 6660996 2760043 8871007 8870996 7530880 8550043 7790913 3700422 7790894 2760714 7790652 2760930 9350460 2760561 2760896 2760800 2760212 8190043 8190519 8190896 7790894 8870043 2750796 9350580 6660527 2760652 230872 7790857 8190646 8190646 8190772 8550043 8550043 3950043 3700350 3930350 3700350 910924 7790373 10110371 730913 9710043 8870580 9350414 8191007 8190741 8190809 9350006 5230646 4720371 3930544 3930544 3700969 910928 3930496 910560 3470857 9350880 730561 9350212 2760809 2760561 3700796 7790857 8190880 7790857 8870833 9350772 8870205 9040527 7790752 9710920 8190812 8190913 9350812 4020228 3930228 3230047 3230984 9350166 6660948 3700580 3700166 9350888 8190646 8190812 3470200 3470043 3470653 3950964 300006 5230872 7530371 910969 9710176 910741 910864 9040864 3931023 3930205 3930870 3930441 910928 3930857 3950043 8190160 8190519 2760833 6660729 730930 730930 2750930 8870930 730043 730212 8870460 8870043 9710414 9350741 9350741 6900646 7790371 3700857 7530414 3930601 5230350 8870414 9710575 520560 3470995 3470200 9710969 3230228 4990857 9350870 910282 910857 730996 9710527 2760969 2760580 7790516 7790419 3730993 6350006 2760371 1551023 9710930 8190864 8191010 7090973 8190043 5370460 8870571 8190043 2760212 7790752 2760043 3470796 2760928 6660880 7790870 3700996 9710422 7790913 7790419 8870043 3700364 9710963 8190504 3730646 3730646 8190652 7790857 7790913 9350741 300796 9350880 9350752 10140422 9350304 3230996 9710422 8710856 9710422 9711002 8710646 6660047 4990996 9350371 6660043 9350930 9350880 730870 6660646 7790200 2760580 7790743 2750924 3930870
9040527 6660422 6660880 8870833 9350638 5370984 730743 7790857 3230920 9350176 8710857 6660880 730930 3230857 5370930 3730004 3730462 8190801 8190930 7090973 8190772 8190896 7090973 7790857 9350043 2760638 730373 230987 2760071 730580 5370833 730833 730178 9350504 730809 730285 5370743 2750212 9350205 3231023 3230857 10110422 8871007 8190770 5370071 8190371 8190652 8190920 9710864 8190516 9350741 300350 2760963 5980422 6770948 2760371 230496 730519 9710995 730560 2760741 3230833 6660422 9350304 9350996 9350422 3230519 3230646 9350836 3230969 910212 910646 8870424 8870580 730580 730221 5370043 7980043 6760071 5370580 5370924 2080857 8190894 8190043 5370880 9350782 9350200 9350460 730964 6661002 730928 7980994 5371010 5370752 730334 731007 4991002 730880 9350304 2750561 9350913 8190687 9350888 7790857 9350888 8190144 9710767 3470519 7790519 2760743 8870870 8190006 8870872 2760544 8190870 8190687 8190043 3930888 6660228 730580 730519 6770460 730801 730580 2761002 730928 8870043 730772 5370043 5370772 8190772 8190043 8870571 7790857 8190913 2760652 2760652 8190652 7790652 7790652 7790652 7790580 9350560 8190942 8190743 520743 8190743 8190743 5231023 6660894 8190995 5231023 9710285 8190770 2760071 3470200 2760176 3470200 4720071 9710920 2760772 231023 2760772 2760772 9350772 9350043 230561 8870772 2760772 7790752 7790371 9040772 3950993 3700212 9710544 3470200 9710386 3700285 8871007 8871007 8870424 3930857 3930496 7530560 3930519 910422 3930923 4720857 9710205 3700969 8870996 3930560 8870580 4720205 4720857 8191007 8190913 8190872 8190872 3950960 9710200 9350560 730948 4720969 910580 3700752 8871007 8871007 3700282 3700752 3700960 730928 8870580 4720544 3250580 730948 3700580 8870580 4720071 3700580 3700580 8871007 8870228 3930504 730228 3230373 5650496 730176 3930228 3230812 3230880 9711007 3700496 910504 4720071 910928 3700996 3470729 3700743 8870580 3470200 3700519 3700071 3700969 3700896 8870897 8871007 3230228 4720282 4720896 3700228 4720857 520964 8871007 5370809 8871007 4720969 4720896 3251007 730364 910580 9710386 910896 3230767 3930504 9710504 3230516 910996 910560 910371 910371 3700205 910371 520205 4720969 4720896 3230872 910043 7790687 3230043 910043 730872 8190516 730961 3250006 3950964 7790371 7790913 730948 3700743 730561 910212 9041002 8870518 3230646 9711002 8871007 9040580 9350964 9350371 910200 3930864 3250857 3230969 3930812 3700422 4720969 4720857 8190071 8190913 8190560 8190071 3700752 3230796 8870580 3230422 4720424 910928 910928 3230504 3700961 3230646 9711002 3230767 3700580 8871007 8871007 8870580 4720580 3230646 3230928 9350580 9350896 3230422 9350897 9711007 9350371 9350228 8870228 3930741 8711007 9710961 9710504 3230928 3700942 9710371 3230167 4720969 520205 9710200 9711023 8190071 910496 3470422 3700770 4040964 4040888 8190913 8190560 3950960 9350743 7530580 8190770 3700519 8870424 730896 4990560 730894 9350228 4720896 3930580 8870580 8190969 9350580 3700580
911007 2750809 3230960 2750221 730414 730285 5650006 10110872 3230923 3230687 2760924 3230414 730872 9350560 9350373 3230441 910969 9710422 3930880 3230996 910560 520071 910928 910646 7790580 4720544 4720544 5371007 250424 5371007 5371007 5371007 7790200 5371007 5370961 3231023 4720518 4720544 4720544 4720841 3731010 1600973 4630638 4630638 1760973 3731007 9351010 3230767 3230404 3230963 9711007 8341007 7790913 9040580 8600422 2760741 9710687 9040739 7790964 8710964 730964 4990580 6660422 6660243 1920948 9710996 730422 730870 3700580 4990043 4090973 4990741 6660466 10110043 9350006 7790857 9350924 7790964 3470144 2080743 4750371 7790964 2760458 2760894 8601023 2760743 9760964 8190071 3730420 8190920 9350920 8190516 3730964 3730872 7090973 3950964 911023 910928 3230516 4040741 5230228 5230580 5230580 5230580 3230948 3230948 3230282 3231002 2750561 3230969 730282 730178 3230114 730687 4720071 911007 2760741 2760114 2760942 3470144 9710414 7790144 9040212 3470796 9710796 9040212 3700880 3930504 520969 3930043 910043 910043 910580 910043 910043 910880 3930880 910580 9710666 3230212 8710857 9710527 8190880 8710767 2760304 7790071 8550043 3471007 3930304 8710796 3470969 3700770 2080857 3470422 9710516 910996 3230560 7790897 3470772 730560 2080870 8601023 8190894 4630160
4631010 8190006 3230930 4990371 4990870 4990870 5370282 5371007 3230200 3231023 730870 3230496 3230504 4720580 6660996 730422 2760580 730496 2760560 4720071 9710920 2760920 2760920 2760920 2760987 2760964 230991 730580 730000 730812 3230422 3230422 3230304 730770 9831023 730527 230504 2760580 3470527 2760580 7790743 3950043 6770160 5370930 4990930 5370243 6770948 1920948 6770948 3231023 3231023 5370961 4720961 4720961 4720414 3231023 3700924 3700961 8190364 3470752 3700960 3700770 3700888 3700857 9710888 9710371 3700741 8870043 5370043 6770948 3230422 3230812 730000 730741 4720580 8871007 3230580 3230896 3230996 730580 3230527 3230739 730466 3230560 730560 5370772 5370560 730519 910580 730000 9350870 730205 5370386 9350386 9350228 9351002 6661010 6660043 6660408 9350043 6660930 9350870 5370460 6770460 6660043 2760043 2760043 2760043 730995 730687 8870580 9760200 2760687 730404 4720969 911007 4720518 730913 8871007 8871002 8871007 910043 8871007 730560 730544 731007 8871007 5370282 4720969 730984 910646 8871007 8871007 8871007 8871002 730969 730969 8871007 8871007 730646 4720544 8871007 8870518 4720969 4720969 4720969 8871007 8871007 8871007 4720544 8870580 4720544 5371007 4720544 4720969 4720544 4720969 4720544 7790913 4720544 7790580 7790913 4720544 7790282 8870544 7790071 4720544 4720043 7790519 4720544 4720544 4040519 7790924 4720924 4720924 3470006 4040371 9350037 4040371 4040371 3950993 7790870 7790913 8550043 4040913 4720969 4720741 4720371 3471007 4720371 4720580 4720371 3471007 3470580 3470580 2080580 3470200 8190243 8190292 3731007 3730496 9351010 8710930 3230205 3230504 910371 9710920 910995 5980646 9710964 4720371 3700364 6660920 3230864 4990350 3230870 730741 4720544 730872 9710987 4630424 4630371 3950371 4720857 730928 730404 731007 731007 5231002 3230371 730888 730964 8871002 730888 730363 730006 2080580 7790896 8790006 3470580 7790743 2760948 2760964 6660043 9350460 730964 8870043 3230872 4720964 2760071 7790743 3230176 4300519 4720741 3470872 2080872 3950964 3730004 3730894 3730259 4630371 4631010 4630741 7090973 7090973 7090857 7090973 3950043 8190741 3470930 9710888 7790772 9710519 2760371 7790371 2080531 7790896 9710864 7790894 4720964 7790741 4720043 4720741 4720043 4720544 4720544 8550580 4720544 4720969 8870518 4720544 8710200 3230880 9710770 9710802 6760519 2760959 2761010 5370144 4631010 7090973 7090973 8190160 5370602 231023 2760801 2760801 5370144 2760820 7790896 2760516 5370942 5370144 2760801 2760870 2760652 2760952 2760767 2760496 2760752 730228 730770 3230923 4720414 230350 2760580 2080580 2760687 230006 730516 7790580 7790114 9760580 2080580 7790371 3230504 730770 2760373 730652 730801 8190996 8190422 7090857 8190930 7090930
3390043 7790857 8190896 250894 2760897 8601023 5370743 5980466 8600466 3230987 9710920 3471007 4720496 4720516 4720896 9761007 7790580 6900182 730178 6900043 2760414 2760741 6660043 730738 5230872 730043 730560 730297 730880 730924 7790580 7790560 9710580 9040580 3390580 8350857 9350687 2760422 5370894 730796 2760894 3470462 8600930 9760964 8190458 2080043 8600043 9760580 3390580 4630043 9710864 6660460 2760995 6660371 3230872 3230864 9350350 5231023 3930864 3930961 8870386 910519 8870386 911002 3930580 910646 910896 3470462 3470458 3470920 2760772 2760820 2760896 250964 2760894 2760043 6660896 5980043 8190896 3930836 3230964 3230441 4720071 4630282 4630424 730228 6660800 730772 6900995 6660350 730350 7790205 8870812 7790772 7790205 9040864 7790414 4750772 3470285 9710741 3700414 911002 6660496 5650414 730350 3230441 3230924 3230924 4720894 4720144 8190896 3730004 730071 730987 730089 2750836 730580 3700836 730166 730580 730166 8870836 730580 3700836 3700836 8870580 8871007 4720894 8870580 4720896 9710006 3251007 4720741 9711007 1550872 9710864 8190741 8190995 3950371 7530414 3930960 520752 3930414 5230200 6660166 6660283 9350166 730772 6660772 2760741 2760772 2760772 8870772 2760414 2760772 2760350 730414 5370460 230560 2761002 2760772 2760304 730870 2760772 2760646 7790894 2760801 7790772 7790913 7790897 730560 730928 2761007 730371 730371 730741 730228 2750741 730984 730960 730741 3230221 730633 8810466 8190952 8190767 8190767 3470857 9710961 730071 730752 730560 730812 231002 2760560 230350 5230995 5230646 7790924 7790772 7790964 8550772 4630004 3950772 7790857 7790741 9710772 7790857 7790857 7790857 7790857 7790857 2760809 2760653 2760006 7790752 2760772 2760205 2760812 8190560 2761002 7790870 2760205 7790930 7790580 2760560 2760000 2760995 2760205 2760580 730969 730739 3470334 910560 3230653 910205 911023 3930575 910205 910969 910857 520857 9710205 3700812 3700144 3700739 520857 5230739 3930560 3930836 3930144 6770928 9350580 5370580 5370964 8870580 8870580 8191007 4720969 4720544 4720969 4720544 9710729 5650646 2760006 2760889 730812 3230176 3231023 3231023 5230580 1550466 730948 3230144 2760243 3230144 9350460 8870580 3230872 3230371 910928 910414 910741 3930872 910371 910371 910371 910924 910414 910741 910741 910371 910006 910285 3470414 8550580 4720924 8550870 8550580 2760580 730460 2760043 9710043 3230228 3231002 3230228 3230995 4720371 6900872 4720924 4040371 5231023 5231023 2760006 5230580 5230591 5230591 730580 2760580 3470924 2760580 2760580 4720580
9710964 8710754 8710176 7790888 3471023 250743 2760646 730770 6660000 730580 6660872 9710930 730872 7790741 730812 9040580 3470872 7790560 9760043 8790043 9710580 9711007 2080580 8601023 3470580 2760743 9350000 730297 730996 730178 3230752 3230856 4720894 9710422 8190812 8870544 910741 910741 8600782 8190071 8190071 4630071 4630071 4630371 7090973 8190920 9350006 3930285 5231023 910371 3930872 3470969 3230453 2080894 9760752 2080519 3470496 4720964 3470924 9710071 910924 5230754 910414 3730888 4630888 4630752 4630960 4630741 9350741 3930796 3700701 3930544 730754 730741 730880 3230646 730071 9040580 8191007 3390580 3700743 3930743 910519 730519 2761002 2760969 2760743 2760880 7790071 7790894 3950964 4630888 4630888 3950043 3950043 3950043 7790743 2760969 9350741 2760741 8870043 730043 730043 8870043 730509 9710739 730987 7790752 730924 730043 730928 730987 5370282 9350888 9350743 730623 8870424 9350772 9350741 8870870 2760964 9351002 730743 730928 3230888 4990880 9350836 10140422 3930836 2750212 2750561 3930422 730872 9350422 4990304 9350212 9350772 730969 910200 8870424 2760741 2760743 9350964 5370964 5370160 730987 8601002 9710864 3230800 4020800 911007 9350888 730652 4720969 8190212 4720371 3950964 3700519 8190888 7790857 3930743 3930089 3930519 3930519 910924 5650969 9710964 9710987 230920 2760964 2760964 2760964 2760964 8710565 3470772 2760888 7790772 2760373 3470414 2760580 4720580 730000 3230519 3230580 7790964 7790580 4720404 4720422 4720857 8550580 3230880 9710888 9710285 2080743 5230006 3230987 3230833 3230422 730743 6660245 6660228 6660243 6660228 9350870 8870930 9350870 9350729 9350729 3950364 8190364 3950772 9350729 9350729 9350729 3930729 9350729 5370580 730729 5370043 5370043 731023 730729 731023 8870043 5370282 8871002 731007 730772 730646 730527 730984 8870833 730304 8870043 8871007 8870043 8870043 520043 8870043 3950043 8870043 8870043 910043 730043 8870544 730043 910969 3950371 3470043 2760872 250969 9350920 9710371 5370371 730043 5370043 730304 9710729 8870043 8870043 730043 730752 731023 910772 910857 5370560 4990857 730623 730928 8870772 9350743 9710386 7790071 2760928 9350580 9350952 5370752 9350371 730836 3930496 9350504 4990993 9350809 9350560 910969 730646 911002 4720969 5370752 9350920 9350987 5370964 730969 7790964 4720071 8870043 3950371 4990743 9350782 730492 3471002 4720544 7790964 7790071 8190969 9710987 3250504 3470752 5370580 7790519 3950964 9760888 4630960 10101023 2760743 4720371 8600782 9710767 8190414 2760071 3250987 5981023 8710441 8710743 730743 730812 731007 730519 730071 9710580 3230991 4720205 8711007 230963 7790743 230259 3230743 230888 2760580 8870043 3700888 7790857 3950043 2760920 2760888 730770 230496 2760580 9710580 9710580 3470519 7790888 8711023 7790752 2080580 3470496 7790894 3470414 3470422 520205 3700701 3950960 7790913 3950964 8190176 3950964 3950964 3950964 3390964 3950964 3950772 3390772 7790857 7790857 8870212 8190560 7790371 7790857 7790071 3700923 4990422 4990930 4990870 9350228 4990930 9350930 9351002
910043 910857 9040923 3700880 9041002 3950371 9350741 9350741 9350809 9350441 9350809 9350504 8190987 3230963 9350466 9350043 3731002 3730043 3731002 3730580 9350580 9350580 9350580 8710857 9350561 8190414 9350561 9350580 8870580 8870422 7790071 9350920 910857 5370888 9350504 8190292 4990729 730729 9350043 9350987 9350580 730496 730743 3230963 5370752 2760074 9350964 730964 8710833 8710833 7790888 3700519 730212 730144 730364 4720371 911007 8190729 910857 5370743 250961 1030729 5370492 8190504 8190373 910496 910371 9710422 9711023 3700386 3470752 4720414 3230924 3930414 2370973 7980973 3731007 7980973 4991010 10140560 7980973 10140973 10140872 9350741 9350741 4990741 9350205 7310948 10140212 9350504 10141002 4990960 5370282 4990741 4990880 9350836 4990800 9350964 9350043 9350043 9350043 9350580 9350228 730928 730928 730928 3931002 730833 8870037 730969 730928 3931023 9350037 9350228 9351002 5370371 730519 730833 730729 730870 9350870 9350580 730928 8871007 4990924 5370282 730969 730829 730969 8870424 730969 9350228 3230870 4990984 9351010 9351002 9350870 730928 731023 9351002 5370772 9350646 9350386 9350144 9350144 730961 5370144 730144 9350761 730144 730928 6660969 9350870 730809 9710414 730770 730741 9350952 9350043 8870424 9351002 6660646 9350870 730870 910870 8870812 8870812 4990772 5370960 9351002 9350772 9350772 9350743 9350888 9350987 7310969 9350888 5370422 9350772 9350743 9350772 9350043 731023 730652 730870 730969 730928 8870987 730509 910987 8870043 3931023 8870424 520424 910924 910857 730371 730770 4720371 9350888 9350952 9350504 910285 9350373 8190373 2760928 3930752 3930963 9350504 731023 8870043 8870544 8190752 8190888 8711023 9350006 730496 8190071 730888 5370960 9350043 9350580 7980580 9350741 10140920 9710930 7310809 9350243 6661007 2751023 9350888 4990460 5370870 4990888 3230857 9350782 730765 9350880 6660047 9350200 8190880 3230743 3230969 910200 9350453 9350414 9350386 9350741 9350924 6660371 9350144 9350646 731023 3931007 9350913 5370743 910114 910857 730969 910928 730765 7790386 730928 4720544 730809 730969 3700864 730212 8870144 730969 2760969 730519 730880 3230422 6660880 3470422 3230796 3230796 6660880 2760880 3230212 4720282 3230880 3230928 3700422 3230212 3700166 3230984 520969 520969 520969 910580 9710285 300422 9710212 3930561 3930598 9710796 3700519 3230519 730770 2750496 730580 3230043 3470580 730767 8710580 730996 9710580 4720043 2760960 730741 2760371 730928 3930537 2750228 3230984 730961 3930872 3950870 910928 8870424 9350741 910114 4720770 910809 4720544 3230960 3230880 3230519 3230519 9710519 3230212 3230996 3230422 4721002 3230796 3230880 7790752 3250504 730371 9710200 5231023 230741 8711002 230809 2760741 3470085 7790371 7790752 9710043 9040580 7790964 9710964 9710964 300414 3700285 910006 5230373 730752 2750872 731007 6660741 5370924 3230422 4720282 730282 730560 3930527 910371 3700205 300836 9710071 6660964 730964 5370993 2760928 730894 2760580 2760741 2760896 2760516 2760880 9350896 8190894 5370888 9710544 300496 9710371 9350888 9710857 3700960 9710864 3950043 7531023 5370144 5370741 5370144 910144 3700741 3230872 9350872 9350371 9350767 730752 6661002 9350386 2760928 3930386 9350560 3230519 2760928 4990924 3930870 9350646 730496 730928 6660872 6660741 4990880 3230304 9310646 9350896 9350687 5650812 300856 300575 8870561 2750996 6580422 3230297 230422 730519 2761007 2760580 730422 730880 730896 730812 730560 910519
250741 250371 250741 2760285 250741 250741 8190414 3470923 3700285 250364 250364 250741 250741 2760741 2760071 8710995 8190006 9711023 8190888 2760770 9040652 3470569 3470872 7790741 2760872 3470144 3230701 6660961 6900880 910857 5230646 8190371 9350741 9040923 9350880 7790071 8190422 3950371 8190741 6900646 1551023 300872 3700519 3700836 3700089 3700089 3700089 300519 3700519 300836 8190741 7090973 8190872 9710071 9710920 8710991 8710888 8710646 2760743 2760000 6660000 3700205 520857 3930772 3931002 3930205 3700772 3930812 9710920 910560 730560 3470462 4720371 4630964 1030646 2761023 730741 3230809 8710496 9710085 8710770 9710544 9710743 8600743 8710646 4750772 8190894 3470857 3390752 3950964 7790888 8190560 3470580 3730458 8190743 7090973 3390964 300872 3700928 3930864 3230833 3230880 8870880 6660338 9711002 2760770 8190741 4630770 3730809 4630896 8190652 8190652 7790857 9710519 9760888 3470176 4630888 8190913 9350560 5231023 3230928 3230304 5230414 3470006 910519 4020872 3700996 3930516 3930283 3700212 3930880 9710371 9040836 9040212 7790371 9710580 9710770 8710519 9710071 9710782 9040996 9710964 300920 3700964 300527 3700964 3701023 3701023 3700987 3700743 8870872 8870580 2760969 8870952 8870544 9710544 730496 4720516 910504 8870870 8870580 8870414 730969 910519 2760964 730743 6660043 730519 6660743 2761002 6660930 730519 730743 730200 3230580 730519 730741 730544 3930580 8870424 8870924 8870544 4720964 9350964 9350371 3250371 2760896 9350741 8790414 8600864 9350752 8870386 730752 2760504 2760741 9710519 730071 8870373 9711002 730752 8710767 8710037 910519 2760770 9710519 2760371 5231023 2760741 5230519 2760741 2760754 2760741 730414 2760924 6660809 2760373 7790741 3470782 7790888 5980770 9760964 9710920 8710646 8710964 7790752 8550519 8870772 2760991 2760441 7790071 2760754 2761007 730991 730888 3470441 3471002 8870580 730071 910580 4720969 4720961 4720560 3470560 4720560 4720560 7790913 8870580 730928 2760928 730176 4720894 6660580 2760752 9710422 3230880 730560 8870212 3230646 4720422 4720580 9040580 3471007 2760516 2760646 2760496 2080519 7790519 8550519 9710969 9710741 9710741 8350519 2760114 2760752 2760770 2760752 9710565 7790114 8711002 730924 730580 230924 5231023 5230043 730371 8870872 2760422 730948 8870422 730000 730888 7790580 730144 910580 730646 3930228 9710888 3950772 2080857 3470200 9710782 3250772 3700743 9710285 3470980 9711023 8190752 9350896 3230864 3230995 3230995 6900924 230350 5230176 730006 4720987 2080414 7790741 2080580 3470531 4720770 3470200 5230772 5230466 230809 730178 2080285 7790741 2760952 2760752 7790114 7790894 7790371 7790897 2760964 7790894 8600496 7790772 8790043 2760897 2760516 2760894 730767 3230872 730560 4720864 7790896 4720043 3470531 4720544 5370960 3470414 520580 7790888 8190942 8190071 730767 730964 8710959 3470987 8871007 3470531 910371 3930304 910282 3930969 910928 3930496 910371 910812 9710969 910560 3470857 8190743 3230285 730205 2750205 910772 910043
730969 3930228 3930880 3230304 910504 3700386 910422 3700282 3700770 4020304 300527 3930701 3700739 3700856 8710984 3700923 9710880 910924 3700880 9711002 230960 230996 230527 230212 6660371 6660888 300864 300205 2760045 8870422 6660304 3471002 9710371 910812 9710782 9710297 3470200 3700770 9710414 2760770 9710741 3470752 8710796 2080205 5230767 8710422 9421023 8711023 9710752 9710963 8190496 8190504 6350414 9710857 7090973 8190414 3470857 3470857 8190741 7090973 9710857 9710144 3470414 9350043 3730004 8190466 1760973 8190043 7090973 7090973 8190043 8600422 5650880 2080422 9710527 8340897 9710960 6900414 8710285 9710414 3230144 6580212 910496 3230047 4020996 4720560 9710969 8190741 9710880 3470880 3470996 730504 730580 730580 2750000 730000 730460 730928 9710739 8190560 8190560 300701 3701023 3930560 3931016 3700969 9710880 3700969 3930560 3700205 3470812 3700812 9710304 3700575 910212 9710812 9040812 4630160 3700857 301016 3700575 3930996 3930560 3230836 9711007 3230205 3230812 3230872 730460 730836 5230519 2760006 5230772 7790560 3700864 8710995 7790924 9710350 3700964 3700743 8710350 3700888 3700741 9710350 910924 3470969 520205 9710334 3700995 8870580 6660371 730833 730948 730928 3930200 3230924 3230924 3930422 3700297 300800 3700996 3230205 3230928 730870 730870 6660870 730796 730633 8870880 8870518 9830006 2760739 6900880 2760880 3470653 3700006 6660996 6660561 4020996 2760889 4020996 3230422 3230812 3230114 3230812 3471007 7090973 7090973 3700857 3700743 3930166 3700969 3700504 3930924 3930598 730870 730228 3930386 3700870 3230071 3700987 3700767 3700987 3700888 3700924 3700350 8550580 3230812 4020228 5230923 9711007 5230959 5231007 5230350 5231007 2080414 9710741 3730924 3730414 3730809 3731010 8191010 8191010 9710527 2760527 2760519 5230529 9040144 9710205 5230529 9710575 9040575 9710519 300575 3700864 8710575 9710422 3730812 3730812 7090973 8190812 8190560 9350466 6660580 3230870 3730004 8190888 8190888 9351010 3700857 4720071 9350800 3700888 2750880 2750422 9830228 910527 3230304 3230996 4720422 3230282 4720422 9350812 6580422 4020304 3700623 3930870 3700870 3700870 3700575 3700969 3700334 520205 9710812 3700812 300739 9830984 3230880 730870 9830228 6660501 730580 300836 8870870 8710580 3230836 3700441 9040580 8870580 3700205 2750414 3230221 6660580 730836 300836 9710923 3230923 10140304 6580000 3700205 9830984 9830812 9710422 3230812 4020996 3230812 4720969 3230653 9040996 5230857 5230772 2760739 2760422 8190896 8870580 2750739 3230575 3230575 3231023 4990043 6660527 3230796 6660870 3230212 8870043 3230796 3230000 7790987 8870836 8711023 7790743 8600930 9350743 730948 2751016 2750870 2750047 8870870 3230969 9710304 3931007 3230371 910872 9350974 6660527 3230297 3230796 4720205 3230304 4720896 3700580 9710422 300856 300996 9710527 9710796 9710212 9710864 6900560 300350 3700942 9710006 9710802 5230928 9710006 9040864 3470924 300891 3700741 5230809 5231023 2760527 2760371 6660297 2760796 9350000 2760752 9710144 3470144 3470422 8190422 8190071 3950422 8710767
4720071 8870924 3930228 730282 3701002 3700228 3931007 3930228 3701002 3930228 3931007 9040282 910282 910924 3700969 3700964 3700864 520857 4630741 8190560 3700880 300872 300422 3700071 5230984 3700006 3930561 3700741 1550984 5230809 9710924 9710006 9040987 7790888 8711023 9710996 3230334 5230928 3700422 5230928 5230920 5230371 9710006 520205 3470205 4630160 8340857 9710580 730653 6660653 6660460 2760350 9710144 3700880 3700812 3701023 3700928 5230928 5230928 5230006 9710006 9040809 3700441 3700743 3230653 300872 9710144 6900646 3930836 3230995 8871007 6660633 3230836 8870144 7790144 3930580 3700598 3700836 3700580 8870880 3950964 8190880 3700857 3230212 3230996 9710422 3470580 4720857 9711023 3470200 3950960 3470752 8711023 3470228 8190743 3950960 3950371 9350924 6660422 1920422 730580 3230283 3730924 10140304 2750857 2750857 2750221 3230228 3230836 3230864 3700282 3700969 3471007 9710741 3700770 9710414 9350888 8710006 9710334 3730812 3730653 3730812 3700334 5981023 5980930 8600930 2760964 2760743 2760796 230739 6661002 4990460 1920996 2750812 6660948 2751023 730560 730089 8870580 730948 8870580 9040580 8550580 2760646 2760772 2760200 2750166 6660580 730537 2750880 2750212 730212 6660796 730623 3230833 300422 8870580 9350580 6270006 8190414 3700857 9350948 3730460 3730646 3730004 9830930 9830930 230996 9830006 730560 8710085 3730460 3730373 3730004 8191010 9350924 2750560 3930144 3230422 3930743 3700575 9040739 3470200 9710006 730371 730043 730560 5231023 2760560 2760959 2760924 9710864 9831023 730460 3230205 3700285 2750006 2750414 3700836 730960 730752 730006 9710371 730924 730200 730144 2750930 730930 6660422 6660504 6660460 8710144 2760144 2760952 2760460 3700857 5231023 230414 6660772 9350836 9350144 6660460 6660166 2760741 8190741 9350371 8190993 5230519 2760924 3470995 9710741 5230891 8710144 9710864 9710864 9710519 9710519 9710864 3470414 8190350 3730872 9350809 9350752 3931016 3930752 3700701 3930422 3930422 3930212 3930752 3931023 3930598 3930089 910969 9711007 8710857 9710864 7790144 9710960 8811023 5230960 3470285 2760923 5230923 9350741 9710414 9350948 8190741 7090857 7090973 9350580 2750836 2750870 3230701 2750221 730282 3930923 3930598 3930836 910857 3930836 9350809 5230504 3930414 910857 3930283 6660800 4020984 3700856 3930144 3930373 3930212 9710770 9350561 520752 3700205 2760928 6660212 6660561 2760928 730880 2760741 3700422 2760960 7790580 2760928 2760996 2760752 3470752 3470144 8191007 6660809 2750580 730580 730221 730561 730796 730796 6660221 730701 730796 730870 8870870 6660212 6660212 6660561 6660800 6660800 3230880 730633 7790580 3700580 5230212 9711023 8710924 9710687 3730004 3730004 3730646 8190741 3930924 3700836 3930809 7790913 3470496 3950960 3230928 2750212 3230144 4020228 6660741 730460 6660836 5230580 3700995 8190243 3730809 8190460 3470414 4630741 7090973 8711023 9710422 9710772 3700422 7790741 3700580 3230996 8870527 9040580 3700580 910796 3700422 9710580 8550580 9710770 9710741 10110741 230923 6660772 6660796 2760205 6660000 6660996 2760527 2761010 2760963 8710801 7090973 8190739 8190812 8190422 6660460 2760870 230205 6660880 3700297
2570960 910841 3230969 9350754 3230857 10140872 4720857 8710864 9710441 9350350 2760743 2760178 6660653 230560 6660414 6770160 230963 8600930 3470930 10010414 3470285 7790964 3730638 3730580 6900930 230948 4020466 730283 730741 730752 8330422 730812 6660952 3700923 9710833 3700856 9710752 8710969 3700205 3700414 9710812 3470857 3730004 1600973 3731010 3730004 4630200 3731023 3730646 1760973 4630638 4630638 3730004 4630638 4630004 4630004 4630004 8340857 8190872 9710519 8190752 3730350 3731001 3730004 8190752 9350560 5230043 5370043 7790857 5650043 8710995 9831002 8710006 9710350 8711002 4720071 7530812 8710560 2080205 9710969 3230560 5230205 9830800 5230969 10140304 3731010 3730741 3730212 9710200 6350006 910857 9710466 5370580 5370964 4720857 3470580 7530560 6900646 9710741 3230800 2750006 2750205 3930212 4020304 9830812 3700739 5230304 3230857 3230870 6660350 3230205 4720071 3230000 3230888 4720964 3230812 3230460 3230304 3230836 6580466 3230836 3230856 3230796 3230560 7530560 9710527 9710422 8710560 3470920 2080560 9710176 9710176 7530812 3230000 3230996 3230144 4720870 3230880 730812 3230796 4720144 4720144 2081007 7790894 5370043 6760043 3950043 3470043 2760888 2760646 2760673 9710743 7790964 7790913 3730460 2760458 2760888 2760964 2760071 8710743 8710870 230006 730964 3230006 3230812 9711007 730006 9710770 8600752 8600285 5230891 9710200 2910466 6900872 6900422 730167 6900422 9710297 3230527 3230304 3230996 3700741 9710544 8870414 300350 8900496 3470752 3700770 8710767 5370743 6900560 730496 4720741 730560 3230796 730880 6660924 730350 3700373 5230228 9310996 5230888 9710952 9040739 8190422 2760071 9710743 1030004 8190930 8190870 8710870 2760373 8710864 2760752 230646 9710462 2760414 2760741 2760176 9710923 8710466 3730888 3730466 3730963 3730268 3730004 3390752 4630071 7090973 8710857 10110741 8710857 9710466 8190071 9710071 8190460 9350964 730580 730928 2750812 3700580 8870995 9710422 8870995 3700006 520969 3930880 3930561 300969 300560 3930809 300741 3700857 3700857 3700888 9040739 3700888 9710857 3730420 3730420 3731010 3730004 3730004 3730004 8190969 9710969 8190770 8190880 8190741 5371010 8190969 3470200 3230414 2760043 8870812 2760741 2760071 2760741 730796 730969 9350796 3250422 9710880 3700857 9350880 9350561 3250857 6660948 8190752 9710930 8710930 9040580 3700857 9040996 9040580 3470796 3700796 9710580 2760580 9710930 8190995 8190896 2760414 8190930 9350741 6760071 2760638 9350338 5980422 5370741 2760414 8710980 9350964 7980973 230292 230857 9350743 4990829 6660364 4020872 8330872 4990812 6760952 8330857 6660952 2750221 4990350 6900930 3930772 3930752 9350422 3930880 10141010 3730004 3730741 10140504 9350466 8710580 8710891 9710580 6350920 9710519 2760924 9710770 8600767 3470422 9710176 8790880 9710743 8190770 1760645 1760645 8190645 3730185 8190071 8190896 8190772 8550772 250870 3950870 7790841 7790857 9760371 8710580 9710043 2760864 230205 2760772 230920 2760441 230857 7980857 3730638 3730205 3730304 10140872 9350338 1550466 9350338 9710923 5980205 910504 3930575 5231002 300422 5230800 5231002 2750166 5230047 3700212 910996 8870212 3700996 9710422 8340987 3470200 7790743 3470519 7790071 7790071 3470920 7790071 8190071 7790857
3700386 300496 9710414 9710741 9710809 3950414 5230646 3471007 3471007 5230646 4630741 7090973 7090973 8190812 7090973 8340857 3470006 7790924 7790964 2760772 2080770 8710743 3470414 3950414 8190920 7090930 7090973 7090973 3470752 2080770 9710767 3470752 3470987 2080414 2080743 3390752 3470285 3470462 3470373 3470085 3471023 4720964 8341007 3470969 2080770 9710037 4720964 5230504 9710006 250071 8190812 7790560 250071 8550772 8550772 3700422 9040772 910741 8870800 3700422 8870304 3700864 4720864 9710864 9710422 3470205 5230071 3470580 9710527 8190504 8190741 8190741 8190872 3950371 8190006 5370924 3470872 9710544 3470857 2760964 7790752 8600496 2080872 8600872 3470531 9711002 3470043 3470987 8710646 3470969 4040741 3470782 7790743 3470200 7790071 9711002 3950960 4720857 8710006 9710888 9040812 9710743 8710646 9710071 3470085 9710880 3470752 9710969 2080770 9710414 3700960 300872 3470924 3700770 9710960 9710928 3700969 9710371 9040350 520371 9711007 9710809 3700071 3950964 9040995 8710414 9710864 6900646 3470205 9710888 3470752 9710414 9710961 910519 910519 910519 3470200 9710575 9710864 5230646 3470422 3470880 9710350 5230646 910006 910371 910519 9710924 5230767 8710864 8710560 910924 910519 3470969 5230504 9710770 910796 3470462 2080952 520071 3700767 9710414 3700741 9040987 9710544 9710812 3700888 3230743 3470872 3700864 9710996 9710414 3470285 9710964 9710920 9710964 8550580 7790841 2760752 3700414 9710924 8710752 3470006 9040462 3950964 3950964 3700176 9710924 9710006 9710006 9710896 3470752 8710809 3470969 8710504 3470920 9040987 8190991 3470857 8710646 9040176 9760964 9710920 3230519 5230920 9710519 9710085 3470987 9040987 4040071 9710889 3700960 3700809 3470414
3470496 3390770 3470752 7790857 2080857 3470857 3390770 3470857 3700857 3930872 910371 910371 4040371 3930880 3950880 3390752 3390580 910928 4040913 3470872 3700653 3700996 3700752 9710527 3230422 9710880 8870205 8710772 8710864 8710995 3700205 3230928 730928 910864 911007 910212 3230800 910928 8190969 4300857 520857 9040864 3700212 3701023 3950560 1760973 4630200 7090973 9710006 8190872 8190872 4630741 5370924 3730924 9350422 5370200 5370544 250969 3951023 3731023 3730984 7310466 4610994 6770984 5370200 730580 5370424 5371002 8870544 7790729 5370371 5370282 9350913 3470969 3700580 3700580 8870580 9710580 3470752 3470752 8710496 8710504 8810646 9710952 5230373 5230767 9710006 3470752 3470580 8710580 3470580 5230504 5230952 5231002 5230833 5230496 3470833 5230504 730924 730006 5230952 5231023 5231023 5230496 5230228 5230504 3700924 3700924 9350924 9350752 5231023 9350995 8710995 730924 5230504 2080414 8870414 9710414 3230767 3230752 3230350 8710228 8710920 3700414 9710414 9710414 9710414 8710739 8600496 8710228 8710304 300996 9710527 9710422 9710212 8710297 8600796 3700856 9710504 9710880 3700752 5650212 300996 9710422 3700996 3470422 3700960 520743 3700996 4720770 9711023 2760812 3470575 3470414 730741 6660996 6660047 3931023 730969 9710527 3930212 3930422 3470205 9710422 3700767 3470200 3470833 910969 3700770 3700812 730752 730960 3250414 8870414 8870767 3700496 3471023 9710924 3700006 520752 3470205 3700741 9710969 9710285 5230371 5230371 5230006 5230580 5231023 5230006 5230006 5230006 5231023 5230646 5230646 5230496 5231023 5230646 5231023 5231023 5231023 3700924 5230350 3470924 2760350 2760924 730350 8600350 3700350 910350 9350350 9040652 9040580 3950964 910580 910371 3470969 520964 3700961 9710928 3700896 3700743 3700964 3930872 3930741 910928 3930228 3470969 9350924 7790371 5230176 520924 3700924 3700928 3700924 3700924 3700924 3470200 3470462 3470414 9040350 3700741 9040739 3700422 3700812 910414 9350761 910205 9710739 3700653 8870812 9710414 3700496 3700752 3700205 910812 3700969 8870870 9350414 8870205 3470772 9350000 3700205 3700969 8190812 3950560 8870880 8870424 3470085 9760924 3700995 3700741 9710527 9710422 9711023 730770 6660178 3701002 3700960 8710422 9711023 9711002 9350752 3700752 9710200 9711002 3470580 8870580 3700770 730924 9710014 3471023 8710580 3470580 7790350 9710414 8870414 3471002 8711002 3700580 2760770 9040580 9710969 3931023 3930872 520741 3700743 8870809 3700373 3700960 9040580 3700519
3470560 3930200 2750739 3930212 3930996 2750212 5230870 3930924 6660666 5980969 8600872 520743 5981023 2760872 8600872 5370602 6770638 5370602 5370772 8600414 730894 3250894 8600857 9350964 8190896 8190894 8190646 8190741 8190896 8190596 8190646 7531007 730924 1920212 2750519 2750924 230995 230561 10110371 2750519 10110414 6901002 1850466 5231002 730888 3930942 8710782 8600743 9760071 9710920 9710462 4720857 730071 2760959 2760043 2760176 2760964 3470920 2760458 7790743 7790601 9710037 10010857 3730987 3730969 9790973 10110857 230666 230857 230375 3230738 5980930 8600772 730743 730796 9350800 6760770 10110920 8710743 9710770 9710580 8710891 8600422 6660364 2760752 8601007 8870580 3230404 3230404 5230200 10140304 5650496 8600371 3930743 5230422 5650924 8710666 5230782 730687 4020000 730404 2750047 5230888 3230964 730304 230864 230924 2760752 230006 230666 730739 3730924 3730924 3730924 3730969 8190930 9350896 300285 9710796 3930371 520371 9710272 2080205 9040580 8600872 3230414 2760894 4990964 10110006 3730596 3730268 1940973 7311010 3730580 6350973 6760752 6350920 8710466 5981023 8711023 8190969 2760942 8190782 8190519 8190969 8601023 3950870 7530870 6660646 3930544 3230371 3930075 3930969 3930741 3930864 3930752 3930575 3930205 3930212 9710995 520371 3700205 3700205 8790414 3470462 3470580 7790841 9040580 3950371 3730363 8710857 8790857 8710987 8900767 9710770 9710770 2760987 730964 2750466 3730580 3730580 3730770 3730504 3730466 3730601 3730544 9710963 3730752 8600857 8190371 9710071 8600743 8710043 8710496 2760770 9710073 8710043 8870212 6660071 8710743 2760071 3470752 9710782 8710833 9710519 2760679 730888 230948 9311023 230496 2760770 2760212 2760833 8710743 9710043 9710770 3470205 8710872 9350043 5370371 5370371 5370580 5370043 8190006 5370743 8190743 5370888 5370964 5370964 8190896 8190176 7790896 8190743 7790894 8190913 3470043 8870800 3470569 5230071 5230743 5230176 3730872 3730462 3730462 3730071 3730176 3730462 3730770 3730373 9350995 2750000 6660460 6660304 9310996 6660527 6580212 8710996 6660422 2760920 730422 9710304 8870872 8710304 5980872 7790752 2760743 9710782 5230743 7790964 9350864 3730770 3730964 3730920 3730580 3730580 5370043 8190212 8190043 8190913 250894 9040285 8190071 5980920 3730646 3730888 3730441 3730743 3730430 3730071 3730371 3730964 3730071 3730071 3730920
5230212 2080952 3470752 9040212 4630752 3730519 9350037 6660160 6660160 3930857 3930833 8710414 9710770 3930575 9710952 3470752 3470969 3470752 3731023 3730504 4630752 4630371 3390752 230857 9710857 10011023 9710414 2080772 9710888 3470833 3700888 9710754 3470833 7790371 7790964 8550519 7310930 9350930 10110857 230924 8710930 10110414 5650741 9710930 9710969 1550496 6900205 3930285 9350809 3930739 9350371 9710987 5230952 3930350 8710920 5230833 3700833 5230952 9710373 3471002 9710888 300006 2760071 8710770 2370973 3730420 3730420 3730004 8190652 9350924 9350996 8190913 3950960 3470923 3950371 3930414 6900043 8710043 3730987 3730441 3730969 3730441 8190652 10140350 8190809 9710666 8190770 3700752 5230960 8810924 6900767 3700496 3700924 3930924 8810924 10140767 3730466 8190371 9710969 6900924 9710923 9710414 910739 9710752 8710496 8710580 8710466 8810466 5980466 5650580 2080752 3470580 9710896 5230504 5230304 300527 8710205 9830831 8870304 8710752 3700653 3700770 9710987 8710923 730006 3230371 3230812 3230857 9830496 9710622 10140000 8190752 9350560 8190560 8190560 300496 300504 9710414 5230770 8710666 8600880 8710960 9310504 2760770 6660767 7980580 2760580 9420466 1850466 6660243 6270812 9350638 6660638 9830422 10140304 4020930 9831023 2760243 3930200 6660964 10140422 10140560 3730441 3730441 3730414 3730872 3730812 8190752 5230969 3730519 9350924 7790857 8190767 7790857 3470414 2760754 7790266 5231023 9711023 8190043 3730185 2760043 3730185 2760776 2760074 6760752 6760924 3730004 1760973 6760872 8190205 9350560 231010 3470930 8190960 9710770 5370043 6900930 230930 230948 6760422 230924 5231023 5230043 3700739 6660000 6900560 9710864 9710833 5230754 8600205 9710043 5230767 8710043 3700285 3930304 730364 6660006 730796 6900504 730560 3930772 9710930 2911023 6660809 230006 730930 1920212 6660228 6660386 6660144 10140864 6900930 5650422 3700580 9710752 9710519 3700414 8711002 9710519 7790743 5230646 9040987 9040580 2080580 7790580 9710580 2760580 9710071 3700923 9710930 2760752 2750653 3230812 3930812 300996 3700864 3930205 300560 6580560 3700767 3700996 8710770 6760560 3730268 7311010 3731023 3730743 3730004 3730993 5230857 8190888 8710857 8710857 2080857 8710176 9040809 8710519 7790888 3470923 8710414 8600560 3230560 3700519 9710519 3700519 3700575 9040996 3700575 3700969 8350857 3700006 3700924 9710743 9040923 9710896 9710739 3700880 9711016 9710969 5230796 5230212 5230796 9710212 9710996 9710422 3700880 8710996 9710422 910363 910371 3930000 3470006 7530864 9710996 3470969 9710880 910952 4040741 3700071 8710880 9710770
9710930 9350422 5370752 7790930 3950964 7790580 7790496 3730580 730414 6660212 730414 230371 9710580 5231023 2760176 9710856 3731010 3731010 3730580 3730580 8190043 3730964 3730460 8190414 2760894 10010414 5230304 8600880 8870897 6760422 5370870 2760422 2760496 7790743 2760743 2760441 230071 730930 2750560 8710770 730371 1550422 730888 6660743 730414 6660996 5370071 4990212 9350930 5370812 5370942 3730176 1760973 3730441 6771010 7980973 5370930 7980973 7980043 230504 6660000 6660996 6660996 6660176 230924 730422 2760770 2760809 730812 9710519 8600580 3230743 3230923 4990964 3230071 3230995 6580466 6900602 6900591 230560 6660920 6660422 5230043 2760422 9710603 6350350 9710930 8330496 9710085 8710422 9710071 9710071 8710752 3730071 4630743 8190071 8190896 3930743 300285 9710144 300812 300767 3700144 8710870 3700770 7090930 3731010 8191010 8190960 8190809 3470857 3230857 8330812 6901002 3230297 9710414 730812 3230422 4720373 3230812 9710205 2080205 3230687 3230888 3230880 3230960 3230422 3230770 3230200 3230772 3230964 3731007 3730638 3730638 3730928 10140466 7310948 7310653 230857 230948 5370071 8190071 6350043 3731002 3730006 8190560 7090857 4630930 3730458 10010857 5980872 8600857 8600857 9040864 8600071 3470458 2080743 8870580 5370580 5370580 5370964 5370937 8190961 8190043 8190913 8190043 9710920 2760043 230880 2760888 8710646 3470441 5370743 230857 6900930 4020504 8600466 6660466 5230527 730767 730560 9350880 3730864 1030043 1030043 1760973 3730993 230991 231023 230964 8710772 230796 230888 2760924 8600930 8901023 2760422 2760653 2760458 2760894 8601023 7790857 7530857 3230560 300527 9710880 5230580 3230653 2750996 2750560 3230653 6901023 6660996 10140580 3731010 3730580 3730996 3730176 3730004 8190772 8190741 8710772 8190176 7790743 5370743 2760741 230739 6660043 5230466 5230466 8870043 8870527 7790913 2760350 7790752 3730460 1030371 3730185 3730185 3730870 6760870 2760772 2760743 2760743 8870772 2760743 7790924 2760458 7790877 1550880 3230527 5230422 730996 8710864 3700995 3230422 9710006 4720894 3730673 3730043 3730653 4630580 8190801 8190561 3390043 230924 2760897 2760178 5370964 7310006 5370801 6660338 6660960 4020466 5230414 730527 6660422 730880 2760653 2760580 4720422 7790913 9760580 8710743 7790743 3470857 8190363 9710772 7790857 2760741 8601023 2760754 3470519 3731023 3730043 3730043 3730043 3730422 4630580 3730560 4630243 8191023 3230770 9710752 3230414 7790888 5230987 7790964 7790752 3470772 2080772 5231023 730964 6660527 6660996 2750422 730928 730928 9711002 3230560 9350422 9041002 3700422 3230414 9710741 7530864 6900646 8870422 9710896 8190466 3730004 3730268 7310466 3730043 3470857 8190888 9710920 9760071 3470458 2080743 3700071 3700743 8190371 8190371 8190160 520857 3930888 3700896 9710729 9710752 9040987 7790896 2760646 2760782 2760770 2760752 2760414 3700960 9710770 3700767 9710960 3700743 5980770 9710812 8190071 9710466 8711023 8190371 9711023 3470969 3950960 8190743 8710857 2760285 3730638 3730638 3730357 3730004 3730371 8190006 7090973 3470857 3950960 8340857 3730809 9710414 9710285 5370743 3730420 3730357 3730004 1760973 4630043 3730560 3470857 730422 4020182 2750561 4020182 2750422 230350 6660633 2761002 2760800 2760422 6660176 230653 730205 230560 230812 230016 230872 2760743 8600743 3470772 8190560 5370043 6760560 5370801 7790870 7790870 8550870 7790580 4720544 4720544 9710580 230666 3730963 3731010 3730370 3730004 3730004 4630580 3730646 8190646 6900812 2750000 3230880 3230739 4020872 3930739 6900560
4630870 8190960 10140414 5230923 6900857 5230560 6580984 6660304 4020000 300996 6660996 3930560 3930739 9710741 4020996 5230870 8710414 3470969 8190371 8190920 8710963 9710920 3470043 3470930 2760754 7790560 7790888 4750371 9040580 520743 4040964 3470969 3470987 8190770 8190752 4630243 3470857 8340857 7790857 7790519 7790841 2080560 3471023 8190743 3731023 3730964 3730364 3730176 8190960 8190071 8711023 8190930 8710796 230920 8600930 2760458 8710772 8710754 9710743 2760770 9710043 2760960 7790894 7790894 2760205 2760043 3730812 8190043 3730812 4630043 8190812 2760896 2760516 2760894 2760880 3470414 8340897 3950043 7790043 7790043 3390043 9710371 300880 9710371 300653 300996 300560 300422 6660796 9710519 3470833 8710930 2760960 9710272 3700519 9350580 5370580 9350043 6660638 2750205 6660752 6660633 6580560 3230856 3230996 9830527 300856 9830996 4720422 7530560 3230560 5230796 3700880 3700796 8550580 9710880 9040796 9040580 9710896 8600743 2080531 9760964 7790687 3730673 3730268 1760645 3730268 3730176 3730460 4630857 3730004 4630243 4630580 8190948 4630580 8190880 8870580 3700580 9710297 300527 8710580 5230212 730770 9710743 2080205 9710924 3470752 3470527 3700870 3470752 3470560 3700770 3950960 8190043 8190782 8710176 8190460 10011023 2760796 3470772 2760924 2760371 9040772 2080743 3470205 5980888 3470772 7790894 2080857 9710772 7790071 9760857 9710857 9710920 5981023 8190991 3730364 3730888 3730466 3730888 4630888 4630580 4630743 3390580 3390580 3390043 3470200 2080857 8710043 9710285 3470043 9710894 9710565 9710743 9710772 2080772 2080770 3470772 3470924 9760964 7790857 3470414 3470752 9710071 7790913 7790857 8711023 7790144 8190071 7790913 7790913 7790266 3730268 1031010 3730268 1030638 3731023 3730241 7790857 3730004 8190772 7790857 7790857 2760948 9711023 2760304 230167 9710864 8710043 8710801 3470205 2760924 9710422 8190772 7790964 7790857 8190504 7090973 3730004 3731023 1760973 1760973 5370602 8190519 8190646 7790752 8190772 7790924 4300519
3700006 5230833 3930561 3700741 3700701 3700743 9710743 3730984 8190652 8190809 8190414 3470857 9040652 4630004 4630930 1760973 1760973 7981010 1760973 7981010 6900466 2910466 730338 730527 230414 9710043 2760767 7790414 2760000 3471023 7790896 8600043 2760896 2760896 8600772 9760980 8870996 8710037 250888 6760888 3730364 5370743 4720364 4720364 4750364 8550580 7790964 2760820 2760272 2760516 8710519 8710897 8710872 3470205 910741 9710924 8190071 2760114 9710802 8710770 8600767 8710987 7790371 6990200 8710114 230006 10110006 8710371 730991 3470772 3230580 3470580 2760741 3470422 230580 230987 5230043 230996 8600580 8600580 230857 3730638 9340973 3731010 3730004 3730004 7090973 4630160 8190888 6900466 9710466 9710856 6900996 730338 230996 6900422 230504 6900043 2760996 230212 2760205 2760952 7790743 9710043 3470043 2760741 2760801 7790857 2760371 7790371 7790580 230995 5230833 5231002 3470414 8191002 3230422 9710285 3700857 3700924 7790580 7790580 8190673 7790894 2080743 8600519 5981023 2080894 3730531 3730268 3730268 1760973 3730420 1760973 7090973 4630004 2080924 3470752 300880 3700071 9710920 9710920 9760924 3230924 5230466 730995 2760920 8710466 3731007 9340973 3730963 3731010 4630752 8190743 4630004 8190743 8190071 2080857 8190767 3471023 2080767 230948 230987 230371 9710580 3230422 8710043 3230043 730414 730000 4720772 5230872 9710527 3700961 3700772 2750812 3930166 8190350 3730928 9040812 8190812 2760772 2760516 2760772 7790516 2080767 9760888 2080743 8190458 7790516 7790894 2760896 8790043 2760371 7790743 5980580 7790580 3730920 2760364 2080519 8600924 5230996 9710924 9710996 8710176 5230205 9350460 5230043 5230043 5230043 730743 6660996 2911023 5230414 5230996 9710527 7790741 230000 230006 7790414 5230000 9710297 3470580 7790205 9711023 8550580 3930960 3930373 3930364 3930285 6660741 6660166 3930560 3930166 3700969 910812 3470772 3700772 3930739 3930075 2750796 4020304 3930527 3930527 300872 3930996 9710969 3730004 8190212 8190796 8190741 8190741 8190870 8190870 9350809 300422 3700422 8710880 520741 300864 3470924 9710924 520752 8190071 8190371 8710596 8710687 9830984 300739 3700743 3930560 3700334 9350560 3700739 6900880 2750560 9830872 730741 3230996 3231016 8870996 2760888 7790752 2760897 8600772 9760964 7790894 8190896 3250772 300371 8710739 3700752 9710071 9710928 230653 230987 230074 230767 230770 230666 2760770 2760772 2760350 2760772 230888 8600772 3230371 3250371 9710371 3230772 8190560 3730987 3730772 8191007 3730987 4020466 230422 230350 230888 230673 8710297 9710043 2080772 6350006 8190205 300575 9310996 8710653 5230212 8190770 9711023 8190653 3730993 8710857 9710200 10010857 4720964 5230923 5230338 230767 230952 2760738 230767 230952 230767 2761007 8710782 5370071 730741 3930422 6900880 9710864 6350350 3730924 3730993 3731002 3730422 8190880 7530857 9760857 9711023 8710923 2750767 4021002 9830496 2750812 3700996 5230422 3930304 3230422 3230422 3230995 3700856 3700996 4720371 4720404 9711023 8710560 2080422 9040580 8190888 2080043 3250043 7790516 7530043 6900809 9710833
3390043 4630580 3390580 7790888 3471023 3950812 2081023 3470920 3470920 3470920 3950964 8340857 3390752 3950964 8340857 8340857 9760920 8340857 8340857 4300857 8190458 3470200 9710928 300496 300741 5230928 3700701 9710205 5230984 9710741 3700969 6900646 3470996 3470969 300205 6900504 9710575 6900560 910560 910880 9710205 3250350 8190952 3730924 4630580 8190930 4630371 4630243 3730006 7090973 8870924 5231023 3230857 3230371 5370371 8190996 7790841 7790371 7790913 7790857 7790913 7790812 7790924 7790371 7790888 3950371 8870580 7790071 9710504 9040580 3470857 8550580 3730646 1760973 3730185 3730185 8190930 5370741 8190930 8190920 8190519 3950371 7790857 8190913 6350920 8790205 8710857 5370888 6760888 7980973 7980973 7980973 10140924 10140422 5230969 3930996 5230560 3700969 5230646 3470422 3730006 7311010 3730414 3730004 7090973 2760872 8190770 3730176 3730519 3730580 3730580 3730646 8190466 3390580 4720857 730888 230752 230517 230857 5370741 1030043 7311010 3730268 9350870 3730460 3730809 6350924 9350888 9710285 8870414 9710833 5230952 2760741 9710371 8190872 8190006 8190960 5230969 5230560 7310602 4990560 9350460 3470200 8870870 2760071 6900969 9830496 910872 910371 3730741 4630638 3730414 6770857 5370422 5370888 3470857 3470580 8710466 6760770 9350812 10140996 2750575 7310205 9350870 8710870 5650741 9350371 5230043 5230580 730872 9710422 2760414 9710864 8710371 7790601 5370888 8190071 5370801 7790519 8190043 7790964 9711023 7790114 3470200 7790743 7790841 4630857 1600973 1600973 3730004 3731023 3730004 3730004 300205 6660633 3700575 3700575 7790350 3700653 3930212 5230350 8710833 3700575 3930767 5230371 3930414 3930371 5230809 9710414 3700770 9710741 520741 4630833 4630969 7790857 8190930 3950930 8190930 8190930 8190930 8191023 10140000 9710930 8190888 9040580 7090930 8190930 7790857 9711007 5230930 2750006 3230422 3470930 9350504 910200 910857 5230969 9830872
5230739 3700205 3700739 3700350 5230006 8710560 9710767 3470752 5980741 3930923 9710741 5230414 5230000 9710864 5230205 6900560 3930800 3700701 3930212 9710739 9710864 910995 910212 9760071 5230037 4990812 1551002 9350205 1550984 9710519 10140872 3730653 3730993 1550492 8600414 730741 730772 3230496 730752 8870772 8190770 2760897 8600772 5981002 230767 730043 730894 2080894 6760043 7790857 8190770 2760897 2760888 7790870 3470782 7790580 7790964 7790200 300350 300414 300527 5230924 3700942 300856 300996 9710422 3700743 3470772 730754 230964 230673 2760714 8710466 5980930 8600930 2760441 2760772 230259 2760071 2760580 230767 2760462 730896 2760952 2760752 5980205 3470519 4720964 7790205 9760752 2080752 9760371 9760071 3700857 9710770 9710752 8710350 4630743 3730364 3930864 2750924 3930995 6900560 6900304 9710996 3230422 3730880 3730527 3730071 3730996 3730004 3730350 8190496 8600466 9710441 8710422 9710964 8600212 9760200 1550930 2760894 3730864 3730741 7310872 3730872 3730872 8190923 8190043 3470200 3930739 3930422 3470205 5230996 3470969 9711023 7530560 9040739 3731023 1030004 9350200 9310422 3230504 5980920 910864 8710560 8710560 8710872 2080872 2080894 8600646 4720544 2750880 2750527 6900182 730752 730000 8710422 10110006 3700864 1030928 8601023 9760857 2760516 4630114 1030114 1480973 4630200 4630200 4630043 6350043 2760741 8190519 230880 250071 1030857 5370741 8190043 9830812 5230969 5230304 5230754 9710304 3930796 9711023 3730993 3470880 9710930 230304 9710923 230809 730767 230924 9710653 9710857 8190560 8190812 9710205 3700205 3930422 3230527 8710833 730928 2750880 3700961 3230422 910928 3230754 3700772 3230754 4040071 9040176 9830422 730752 2750741 300527 9350338 9350212 9350653 10140560 10140653 9710743 3470857 3700924 9710857 10140006 4020212 9830872 6901023 3700701 9350754 3730282 3730371 7980857 3731002 10140006 3930857 5230414 3930996 9710205 3950414 910857 8710043 5370043 8600580 5230422 2750880 2750996 5650422 910995 3230371 3230872 4020872 8710653 9710969 5231023 3470205 3730646 9340973 3730268 3730969 10140350 10140414 9830796 9710205 4020304 3700924 3700414 9350796 4630752 5230739 8710364 9710739 3930739 3700364 9710364 8190729 3730519 8190801 3731002 2750000 2750006 1551002 6900800 2750800 4020872 3230212 3700441 910114 2080896 9710516 2080519 7790114 8710796 3471023 8330924 1551023 6660653 6900864 6900984 6900796 9710422 3700304 9710350 3700743 9710880 8600285 5650414 8600864 8710205 6901023 6900924 3700414 8600560 6900414 8710961 910414 8190364 8190743 3470285 8190414 7790739 3230772 3230964 4720371 3230772 8870767 8710964 8600864 9710770 9710767 2080752 3470462
3470924 9710833 5980741 2750857 2750857 730928 2750006 730350 9351010 3730928 2760602 2760870 2760646 3470870 3471023 2760894 2080897 2080894 8600414 7790894 2080043 8601023 2760894 2760770 9710519 2760580 9710767 7790687 3700770 3700964 5980741 8710809 8710176 8600414 3700743 9710888 8190645 3730960 3730364 230071 5230519 5231023 2760743 730888 230741 230872 230857 230371 2760006 3730894 3730896 3730894 3730924 4630741 7790652 8190205 5230527 6660006 3230297 2750527 730166 230422 3230960 3230000 730812 9710754 8190754 8190205 8190652 8190812 8190516 8190071 4630741 4630894 4630888 6350496 8330466 9310466 9710422 2760006 230741 8190560 4720741 7790964 3730004 250043 7790857 7790870 7790870 7790870 7790870 4300519 8711023 8710743 3471002 3470963 3730743 8190043 9760772 2760114 7790741 8710687 230948 8330872 1550422 9710422 5230466 6900422 9710297 9710772 6900466 3470857 7790857 9710833 3470924 7790580 8190739 1031010 9350782 6660350 730924 8600371 9710969 910772 9710462 8190205 8190801 8190888 2760580 6350888 730516 9710752 2760516 230259 2760176 2760964 2760809 7790888 5980646 3930519 2750304 2750414 730961 8190961 3730638 3730205 3730653 3730653 3730993 8190043 8190743 8710646 300920 8710560 9710071 8710646 9830984 2750006 2750560 3930575 9710006 6901002 6660969 3230987 5230833 910857 7310880 9710857 8190969 8190371 4630857 4630200 3731023 4630857 4630268 4630200 6760504 230963 6760504 230963 2760074 3950964 8600043 2080531 2760964 2080043 2760894 2760987 230496 230963 6660561 6900519 9710406 3730602 3730496 4630770 8190645 8190896 3471023 3700888 9040575 7090973 1920812 730422 730304 730996 3230527 4720424 910422 3471007 3470560 9710071 3700743 3700995 3700071 9710920 9710920 5981023 3700964 9710920 3470752 9710071 8710809 520964 730894 1920000 2750496 2750006 730964 730371 730000 5230812 3230371 730772 9710205 2760964 2760458 8601023 8550519 2750924 730812 3930089 3930772 910114 730741 730687 730743 4720770 3730984 3730993 5370964 3230772 2080772 2750800 2750304 4990993 2750809 2750646 2750812 730996 730350 3230969 8710043 230880 730924 7790743 4720071 9310812 3930285 1550006 1550984 3930872 8710304 910796 9710601 9710371 2080414 10110741 6900920 6900767 3230560 9710205 9040176 5230646 3470334 8550205 8550519 8340580 9710924 4720496 3471007 9350752 9830872 6660653 5230037 9710371 5650872 9710350 3930334 7530205 3930212 9710833 9710864 4020872 6900560 9710304 9710752 730496 6900519 3470462 2080894 9710453 8340961 4720544 730880 9830984 5230205 6660166 9350754 3230205 9710334 3470205 3470560 5231023 3930519 9350741 3930896 7980973 7310420 3730357 3731001 3730176 3730519 2760043 6660896 2080743 2760897 2760603 2760770 10011023 2760930 2760422 5230930 730283 5230930 3230167 6900182 6900182 2760995 9350006 1760973 3730006 4630894 3470857 8340857 8190995 8710580 8710754 9710580 8710422 9040580 9711007 8190880 7090973 8190801 2750006 9831002 2750221 2750212 2750560 3230043 3230996 730928 3230212 8870424 2760560 230812 2760043 2760924 7790371 8600043 2080043 3230857 2750796 2751016 5230833 730960 9710928
3230743 3230282 3230516 3230809 3230516 520371 9710741 3470085 3700767 3700741 7790743 9710964 8600414 9710414 4720422 8870414 8870864 9711023 3950964 9040987 9710888 3700212 9710923 300880 3470880 300952 9710414 9710857 3470200 7790741 4991010 9350386 6900602 10140414 9350796 730404 4990993 3930386 3230404 3930930 3230969 3230870 6660743 3230870 910870 730350 730964 231023 2760743 2760888 5230350 5230519 9710371 1550872 6350741 3730004 7981010 8190357 3470857 8190993 520687 2080896 8190969 8190969 8190969 8340857 8190743 8190071 7790857 8190770 8190373 8190466 4720741 9760580 6040580 3470085 9710920 9710602 1600973 3730420 1760645 1760645 1760645 1760645 8190645 7090973 8190645 7090973 3950043 7790043 3950043 7790870 7790857 7790841 9710687 5301023 9710071 3470752 9710743 3930961 3930796 3930872 3930212 230963 6660741 6900037 8600743 9760924 7090973 8190071 7790752 4630243 3730646 4630741 3730602 4630937 4630857 3731023 4630043 8190071 9760930 8190071 5230920 6900920 5230504 9710888 2080414 5230529 3470857 3731023 7790857 8190043 8190371 3470772 7790371 4300857 7790964 3390888 250144 2760646 7790043 2760741 730560 3930043 3230516 730646 10110888 3230924 8870144 3230560 3930888 3930857 3930857 910896 3730809 3730969 9760857 10110560 3470200 3930560 3700888 8190930 8190930 9350930 8190212 9350560 7790857 7790857 7790857 7790200 5370460 7790857 8870043 5370460 8190880 7790857 5370243 8870043 7790841 10190043 9760857 300923 300864 9710414 10110857 5230466 6350930 230857 6660178 8810496 8710560 4720896 3230504 4720371 8600414 9710924 300952 300952 8710516 3730004 3730752 3730752 3730960 3730812 3730004 8710466 9710743 9710071 230517 2760888 9710920 5980043 9760924 9711023 8190743 7090973 3730004 3730004 7090973 9710371 3470857 1550466 730071 8710987 6900043 1551002 5230752 3700924 3700770 5231023 8191007 730952 730006 4720043 730809 9710930 9421023 9420037 6660160 5230923 9421023 8190687 8190752 9710752 7790857 8190752 10110741 5230580 9710580 9710880 7790422 4720043 7790741 8191007 8190371 730071 5230930 230212 231002 2760371 230996 300527 3250043 9710043 9710043 9040923 7790896 8710414 3470531 9710414 8190872 8190285 7790741 3470857 7790687 8191007 3250414 9710285 2080414 2760888 8710602 2080414 9710414 9710743 9710741 8710952 9710462 3470414 9710743 9710741 3700071 9710414 3700924 3700796 3700767 9710414 9710371 9040996 9710212 3470809 3950964 9040285 910969 8190888 8870870 730687 2750796 8870580 2750212 730888 3930836 730071 3230743 3230228 3931007 3700964 3930870 3700969 910580 5230043 2760741 2760743 8600071 3470285 9710888 9711023 3470987 8190888 8190743 7790857 3470200 7790841 7790071 7790913 3470987 3470969 9760580 3930987 4020831 3700767 9351010 7980160 3730004 3730268 3730004 1760973 3730004 8190870 2761010 6760519 9710516 8710687 4020984 3930782 3930870 3930961 3930212 3700888 8710984 9710800 730872 730414 8710371 5230770 9710743 9710516 9710741 8190071 3730004 7090973 3730004 8190743 7090973 8190888 3950964 8190363
7790964 9710743 300767 8710770 9420496 9710373 8710504 5230496 3700770 9710770 9710920 2760809 2760991 7790964 8190743 5370841 300741 3930896 3250894 9710373 4040741 3700920 300891 300653 9710960 3700414 3700741 8600414 3700741 2760458 4040071 5370071 9350743 9710897 9710414 2080285 9710741 8600414 3470285 6900809 3700924 9710960 3700422 5230504 3700857 5230809 9710414 6660960 2760285 9710870 8600414 2760894 250896 1030004 2760603 2760071 2760894 2760414 2760603 2080894 3470285 9710741 9710741 8870373 4720894 2080896 4630200 4630200 3731023 4880973 1760973 1760973 8710752 2080924 8710984 6900602 3730282 3730004 3731002 5230857 5230930 8710437 3730920 3730952 3730006 8190752 7311010 7790857 9710575 5490973 9710857 3700741 730897 230371 8600923 9710414 9350371 9311023 3470422 3730894 4630071 910969 1550984 3930371 300047 8710304 3930743 3700205 3700969 10141010 1600973 3730357 3730420 1600973 1760973 7090973 7090973 4630741 5230373 5230176 5230920 3730371 3930896 3930961 3930765 3730646 3730969 8190870 10140812 5230969 300969 5230857 3930952 9710205 5230872 4040071 8710857 8190560 3950870 9710414 1550496 5650414 6900809 2750800 4020831 6900646 3930765 3930537 230809 9710928 520741 8710924 3600973 3730602 1760973 3730602 1760973 3730004 1760973 4630964 4630752 7090973 8190646 6900924 910422 3230870 2750870 3230282 3930961 3930896 3700961 3730924 8710743 9710371 9710864 5230767 8710864 230888 9710952 6760888 7090930 8191023 2081007 8190414 3470200 3230924 9040176 6760646 10190043 2080857 9710752 8710930 230504 10010857 3250857 5230930 9310767 5230930 3730888 3730182 2760801 3730549 8190602 3730004 8190801 9710930 10110857 9710960 9710752 9710960 9710770 9420952 8710752 3930519 9710770 9710743 3730752 8190960 8790857 5980504 9710414 910924 9710666 3700741 6900560 300739 300739 3700880 3700071 9710741 8600969 3731001 3731001 3730373 3730004 3730984 4630770 3730004 5230414 3230857 8810496 8710782 9710770 5980770 8711023 3230857 3230414 6900924 3230371 3930961 3700961
3230304 6900422 5230527 3230304 8191010 3731001 3731001 3730420 3731001 3730004 3730004 8190743 3930527 9350812 3700770 3700334 3930000 3700580 910812 8710422 3470422 9710386 2750519 6660880 6660580 10110812 9710580 8710228 5231023 9710752 9710504 2080414 3470952 9710071 9710826 8710371 9710952 5650350 8710864 9710752 3700942 520741 3470782 8710995 9760580 6760770 3730888 3730602 1600973 3730888 3730743 8190770 8190071 3471023 8710964 3470752 9710920 8710767 8600752 9710071 9710920 9710924 8710176 8190888 7790857 8190071 3950964 8190043 7790743 7790071 7790743 3950964 4720964 3470580 3470580 9040580 9040580 9040580 9040580 9040580 8190071 8190920 6660006 1551023 8190205 6660561 3730809 3730960 9350872 9710964 8710920 230047 8330872 6900924 300527 9710741 9710212 3700987 3730004 3731010 3730357 3730004 9350645 8190743 8190071 8190960 9710739 9710422 300304 3700752 3730969 3731010 3731010 3731010 3730812 3730812 4630357 3730004 3730646 3730004 8190888 7090973 8190646 8190920 4720964 6040580 3470580 3470580 9040580 3470580 2760580 2760371 3470043 3470880 5650743 5231002 8190071 3730004 3730004 8190006 8190371 6760924 8190687 10101023 9710371 3930996 3700964 3700205 3930924 3930414 8710924 5650880 5230959 3250920 300924 300422 6900996 230422 6900920 10110371 8810414 5980741 8711002 8710414 3470580 6660422 8870580 8711002 3230743 730071 3230969 8710984 3730743 3730646 3730004 8190752 3470987 7090973 7090857 7090973 3730004 3470857 8191010 9710504 3470987 3470580 9040580 2080580 3470580 4300580 9040580 9040580 3470580 7240580 9040580 2080580 7790071 3471002 7790071 7790071 9040987 9040987 3471023 8870920 8190071 8190653 8190960 3470200 5370964 8190991 2760963 250071 8190519 8190888 8190743 3730993 9350964 8190422 8190743 9350653 9350812 9350812 3470200 8190752 3730993 8190888 8190812 3730071 7310809 2370973 4090973 7310004 10140812 3230857 4990888 8330466 6660422 5230987 9350743 9710527 5230200 2760964 8710205 8710930 9350872 910580 910200 910200 910200 730371 3700969 910857 910700 910519 910857 8790969 8870043 2760752 9350897 3930896 5650857 5650560 9710739 9710205 9710414 3470373 730364 6660602 230364 230645 230364 230645 9310519 230767 730964 8711023 6660338 230964 6660591 6660591 7310952 3730241 3730960 3730004 3730241 6661010 9350752 4990560 4990888 8330350 3930414 5230285 2750414 230375 230375 6900205 8710809 9710414 3470833 9710205 9710960 3700809 8190414 8190960 8190809 4990772 5230373 1550466 3230772 9711007 8710466 9710897 2760964 7980973 3730004 8190645 7980973 5371007 8191007 8190205 8190993 3470200 9040739 3470200 9040812 7530812 3470205 7530580 230666 8870205 230923 8330991 3730268 1760973 7980973 3730888 3730441 3730743 8190782 8190870 6760743 7790200 2760071 3930519 5650205 1551002 730561 730770 230006 730006 230653 230350 230000 2760085 10010422 7790743 9350560 3730205 3730812 3730241 8190645 3730371 8190645 3730560 8190645 8190364 9350560 9350653 9710812
6660952 9710580 730767 3470752 8870580 8870422 730765 4610973 7310496 3730782 7310872 7980973 5370638 4990880 7310386 8330930 3930212 3230071 9311002 5981002 730888 730516 8871007 9350913 9350646 3470205 520071 8190812 8190371 8190602 8190144 250144 1030004 3730205 1030638 9350653 250741 8190350 7090973 7090973 3730004 2761010 2760930 8190519 5370801 9350602 8190043 7790857 8190687 4630743 8190743 7090973 8190645 1760973 7090973 1760973 3730519 8190043 1760973 1760973 8191023 1760973 7090930 3730004 5370841 7090973 1760973 8190466 7090973 7090973 4630004 7090973 7090973 8190743 4630580 8190043 8190920 5370043 2760987 5370888 5370888 5370743 4720841 7790841 250743 250969 5370937 5370580 2760580 5370580 5370580 5370580 8870580 730364 730646 911023 730492 8870870 730519 910200 910200 910200 911023 911023 910580 3700580 8870580 8870580 4720518 9350580 910841 911023 910928 910580 910580 910928 910363 911023 910363 910144 8870144 910700 911023 910144 910870 910961 910961 8870144 911023 910961 910580 3950144 4040266 910386 910961 8870144 910961 910961 3950144 910961 910961 3950144 8190961 910364 910870 911023 911023 910961 910961 3950144 911023 910961 910961 910364 4040870 520961 4040266 910386 910961 4040870 4040364 910870 910961 3700870 910364 910364 911023 2760961 5370930 5370043 9350930 8870043 730729 8870144 730729 730800 730800 730800 730652 730144 8870144 2760561 8870212 3700283 7790729 5370460 7790857 3950043 9350460 8190460 7790888 3700796 9710527 3700857 8190741 8190960 8190767 8190743 9350964 9350743 3700857 3470043 8190285 9350741 8190414 8190043 9350809 6350964 2760602 6770930 230964 2760930 230496 2760888 2760877 2760770 7790114 2760043 3730743 3731023 2370973 3731023 3730422 230414 230930 2760930 230350 230920 9710601 8810496 230963 230016 9310930 230963 2760414 2760888 8710801 5370071 6760782 6350765 8600930 230176 5980043 6770857 3730531 3730200 3730441 3730441 1030408 4630741 8900466 10110453 9311002 8710833 730964 9311023 6660741 2080770 9420952 9710888 3470752 5650006 6900969 5980969 9310857 8330991 8710930 6350560 9350864 7310888 4630743 5370071 9310466 3730414 3730952 3730987 3730888 10140809 6900857 9350924 9350741 9710200 9350516 9350888 9350687 8330857 3930200 6660071 4990144 1550422 3730386 3730004 7310496 6760071 8710200 8790857 8190960 8190920 8790888 6760743 5650466 230857 230422 230596 230596 230596 2760043 2760043 5370743 6760114 5370888 3730531 2370973 1480973 7980857 3730200 1030948 3730228 1760973 5370964 6770043 231023 3441023 9710043 5370888 2760888 7790896 3730176 5980930 8190687 8710782 6900924 6660800 5230350 8870924 5230373 9710870 9710743 9710729 3700741 8190043 231023 231010 10011023 8790857 9310504 9760930 9710802 6990200 3730004 2750857 3230923 2750212 2750212 4990924 3230930
3730752 3730496 3730466 3731023 3731023 3730580 3731002 2911023 3700930 6660996 3470285 5230504 3731010 3730770 3730200 3730200 3730268 2370973 3730386 3730200 3730729 8190743 8190741 8190043 8190993 3700888 8190460 8190961 8190043 9350952 3471023 8870414 7790373 9350741 9350414 3700285 9350809 9350743 3700964 3701023 8190414 3730043 3730864 9350043 8190687 7530857 7790729 8870043 8190770 8190752 9350430 9040796 3470422 8190996 8190422 8190880 6760741 6660872 3230414 6661010 2760743 2760741 730414 7790870 520741 8870460 6350741 9350741 9350741 9350809 6660414 8190453 9350460 2760741 2760930 2760460 2760928 3730960 9710857 8190930 8190160 8190888 3700857 6040857 3470857 8190923 3731002 9350913 9710414 9710453 3230796 8191007 6660414 6350414 5370043 6660809 6660043 5370888 730414 9350043 2760453 2760924 2760414 2760453 2760741 2760519 2760741 2760043 7790519 250961 9040364 7980973 7980160 6661010 9350602 8190930 9350833 4990969 10140767 9350602 9350743 3730729 7310920 7310767 7310920 7980580 230987 2760930 6760964 10110857 5370930 730519 6760519 230960 10110880 9420466 230960 9710297 9710422 8710857 5650466 3730580 3730580 3730964 2370973 3730364 7310942 6760504 8710364 8330857 8190071 8190743 10140872 6900969 3930924 3700334 10140880 3730969 7310857 3730205 3731023 3730560 4630857 6760888 5370580 2760519 6760952 230952 230646 6350687 8190888 8190782 4020872 9350560 7310888 9340973 2370973 3730371 3730864 3730420 3730200 1760973 3730519 3730519 8190177 2760652 230504 230071 5650580 3470930 2760770 8710422 3470200 8190741 9350729 5981002 8710770 8710963 9711016 8711023 9710752 3470285 9710964 9710770 9710796 8190888 8190414 6660561 8710920 8190888 3470963 9710963 9350880 300504 9710743 3730420 3730963 3731023 1030004 3730241 3730241 9350741 6660960 9350833 8711023 8710114 520743 3950964 730897 3231016 230304 6351002 230857 8600043 8330466 9710071 5980466 3730004 7310888 4990772 730864 4990743 10110920 3230857 6760071 2370973 3730466 1030857 6760959 6350942 1030114 3730963 3730420 3730974 3730496 4630743 3730729 9710923 300741 5981023 3730420 1480973 3730422 3730364 8330350 730687 5230969 9711002 5230037 910519 2760350 8710350 8190496 8190496 8190371 8190969 8190913 7090973 8190646 7090973 8790857 730516 2760896 7531007 4720071 3950964 1760973 6760964 2910466 230673 230857 2760638 230176 6760772 7310896 2370973 3730364 1030857 3730898 3731007 5370580 6770638 5370371 9710462 730960 8710516 5980504 2760770 250888 8190373 2080857 8190496 3470857 3731023 4630200 4630386 9350741 300923 9710964 300952 6660942 4020872 10140872 1940973 7311010 3730741 7980973 3730519 6760857 4020466 6580212 6660414 2910466 9710802 10111023 6660504 2750166 5230527 8330466 2750527 4020466 230920 6770924 2760930 9350913 2760408 7790857 2760767 7790964 5231023 1550529 8710371 3470857 300812 8190960 9350580 8190371 3470872 9350754 230920 230987 230930 230888 231023 230767 230259 230666 2760743 2760765 230809 7790896 2760888 7790857 7790857 2760743 9350772 6660580 8710896 9710743 10110371 5650857 6270560 5230930 300422 5230857 9710371 6350743 8190285 3730404 3730519 6760741 5230960 6900857 9350809 301023 3730960 3730928 3730770
8710857 8330930 9710741 301002 9760580 3730004 3950870 9710767 8710857 3470995 5230646 8190767 3250504 9710961 910560 910920 8710969 3930796 4020984 300969 3730004 3731001 3730984 3730004 3730646 1760973 5370930 5370460 3950043 8190646 9710960 10110414 3700580 3700930 6660496 3700212 9040796 6760770 3730880 3730004 3730004 7090973 910969 5230969 3930796 3930739 5650304 9710516 9760580 730200 9710987 3950960 9760924 8190371 7090973 3730602 1760973 3730420 1760973 1760973 4630043 6760960 6900920 5230580 9350000 9350580 9710987 730888 3230960 3230580 3700422 3700888 9710864 8190996 9710414 3700743 8190880 4630741 4630357 4630741 4630071 4630638 4630200 4630282 4630200 4630638 8190646 10140924 3930371 2080896 300350 5231023 8190653 3700995 4630857 3950960 8190872 7790371 7790071 2760371 2760414 2760741 2760516 9760371 3950960 3700519 8190071 8190504 8190770 9760481 5230796 5230529 9710741 5980646 2080414 5981023 8600504 230666 230496 2760638 5230930 2760414 3470772 6760952 3730004 3730458 8190741 9350752 300047 3930212 3700888 300729 5230205 3730371 3730004 3730371 7090973 8190371 9710006 3950964 3930969 9830800 3930414 3930800 9710304 9710809 3470414 3700205 7790752 5230880 9710371 5230872 9710770 3700743 3700964 8710809 3700752 9710414 3731010 3730004 3730373 8190741 8190741 8190743 9710864 8190741 7790857 8190043 3250560 7790857 7790601 7090973 7090973 4631010 1600973 7090973 3730371 6900350 9710741 8710653 9710422 5230996 3230212 9710960 9710575 3730560 3730741 3730924 3930857 2750961 4020984 2750212 2750561 2750386 2750800 2750221 6660071 9421002 8811023 9710987 9710963 8710519 9710833 2760212 230074 3730741 3730770 3730963 3730004 8710527 6660930 5230796 3700995 10140880 8190212 8190796 8190880 8190350 5650212 3930996 3930212 3930561 3730880 8190872 3930800 8600880 5230959 910114 3930075 2751016 3230870 9350741 3930880 9351010 3730004 9350880 3470924 3950964 8190460 8190960 3730071 3730414 3730420 3730767 4631010 3730004 5230602 8190519 8190519 8600071 9710923 9710414 2080896 9710350 9710864 9760043 9710043 3470580 8710580 730960 2080752 8190071 3470995 8190371 8190872 8190896 7790857 8190743 2760960 2760071 2080519 9710414 8710772 6900870 6660212 6660561 230952 230952 8710770 2760770 9310422 2760205 3470422 3470200 9710924 3470782 9710920 8190770 5230920 2760767 7790752 9710920 3470923 7790888 3470285 8190960 8190888 3730004 4630743 4630071 4630964 8190561 8190767 3730004 8190602 4630960 1760973 8190772 9711023 2760964 2760924 9710920 2080872 5230964 2760770 9710770 8710987 2760872 9710519 8710880 3470519 8190930 1760973 7090973 1760973 9710371 3950371 9710743 3470729 7790741 7790741 8710414 8710767 9710414 3470285 2080872 3950964 7790913 7790888 7790913 7790913
9040987 3470496 3700960 9711002 5230338 3230338 9421002 2750414 3931016 3930504 4990984 3930969 9710809 9350414 3230767 3230960 911007 910809 910952 8710519 2760880 9350561 2760212 230414 6660772 6660809 9350741 4630772 3730952 10140952 8190043 7530857 5230338 9710930 9710857 3470857 9710801 3471023 3470923 3470200 9710800 9710752 3470752 8710212 8871007 3230228 4020228 3230796 3230561 3471007 3230880 8870580 3230561 3700580 3700770 9710770 2760212 9710598 7790516 7790880 9710923 9710414 2760338 7790741 3470580 2760043 2760741 2760924 6660496 2760212 6660043 730043 230371 3700833 730770 730984 10110043 9710414 5650969 3930283 3931023 3931023 9760729 730516 2750872 10110371 730371 8600772 7531007 730466 5370580 5370580 3230466 4720580 4720857 5370580 5370580 7980930 5370930 6771010 4990043 7980930 7980160 6770638 5370930 5370160 5370160 5370243 9350243 5370243 5370243 3230857 2750996 2080580 730516 2750857 730752 730960 730960 2750961 2750930 730580 730964 3230888 730228 2750043 2750043 730228 730937 730071 3250043 2751023 2750646 2750646 2751023 730071 3230894 730580 730948 8870424 8870580 730646 730964 730888 730948 3700580 8870948 8870580 8870948 8870948 9040580 2570043 2760928 5370371 2760930 9350371 9350741 9350772 5370930 9350896 4090973 6660466 2760272 10140880 9350888 9350371 9350796 9350888 7790743 6660580 230995 5230995 6660812 8711023 9710453 2760960 2760924 5230743 9040580 2760964 3470519 8341007 2760924 9350729 9710920 8600071 5980205 9710964 520894 5370964 9710176 9040987 8190006 230176 7790741 230888 2760888 2760743 7790580 7790896 7790580 3730004 3730004 4630752 4630071 4630888 3390580 3390580 4300857 7090973 7090973 7090973 2080857 9350371 8190212 8190071 4630964 3470857 9710963 3230285 2750043 2751023 3230767 5231023 8190960 9710205 8600205 3930043 3930772 300836 2750166 300205 3700071 3700598 300767 3700519 2080772 5301023 230596 9710770 3470519 8710519 230888 8710422 8600743 2760996 3700519 7790071 9710920 3470580 8710544 2760043 9710924 230741 230458 230743 5980043 730071 9710519 2760414 3700896 8600646 3700969 3230516 2750880 2750996 3700969 7790741 9760964 3470200 9760888 3700964 8710646 8790888 2760942 8710422 9760772 8710114 8600743 9710888 8600924 8600924 230924 230422
3391002 7790857 5370741 5370160 5370833 7980930 9350880 5370638 5371010 5370160 8190961 8190414 5370160 730414 7790857 5370518 7790857 3950930 7790857 7790741 8190969 7790857 7790857 8190364 4720857 910857 3470969 7790857 3950371 3950870 7790200 7790913 3950964 9040580 9040176 9040176 9710304 5230047 3930812 9830984 300653 6580000 5230812 9710960 9710414 3700414 9710653 9710575 5230857 6900809 8710809 8600414 9710205 8710560 9710995 3470857 8710812 9710752 300414 5230560 9710653 9710414 7790043 2760888 2760952 2760496 2760043 3470043 7790857 7790913 7790071 8710767 9710580 9710043 230741 230414 230414 8710923 250043 8190870 3470580 3470580 6900646 3230880 4720422 4720371 3471007 3471007 4720770 4720404 9711007 3470580 4720841 3470872 9711007 3471007 8341007 7790913 8710006 2080414 6900591 3470085 9710923 9710767 7790350 9710923 2760350 8710995 3470995 3470422 3470580 9710414 9710414 9420809 6900504 8710796 3700414 8710739 9710212 8600752 3700071 9710350 9710888 910739 3930304 10140205 4020304 9830796 910928 3930200 730809 300304 3700996 910422 910646 3930809 3700880 4040913 7790924 250870 8190870 6660741 6660864 230809 2911023 1920560 5230205 3230071 6660770 9710334 5230995 2760964 730205 730888 231023 230920 2760043 2760043 8710043 2760743 7790752 2760043 2760580 230743 730770 230767 2760414 7790741 2760948 3730964 3730991 8191010 3730991 8190752 910857 10140812 3930857 3930857 910996 9711016 3700350 9710006 300006 4720424 7790071 730043 8190043 3730993 8190741 6350350 3230386 3230653 730812 3230767 3230304 3230422 4720560 8341007 8341007 9710888 9710016 9710071 9710458 9710920 3470176
3470920 3470796 3700880 9710212 9040580 7530880 9710796 9040212 9710888 3470414 9710212 8600924 9710880 3470880 9710888 3470422 3470414 3470043 6770741 730888 730580 730285 5370993 8870809 7790888 9710285 3470200 2080414 9711023 5230212 6900519 6660527 5230228 6900212 3230796 9710996 3470200 9710531 9710364 3700364 9710212 8600422 9710796 9710453 9710880 9710896 3470796 9710880 9710960 3470796 2760416 6660043 6660800 300701 9710880 300212 5230796 9710800 4020831 8710212 5230796 9710800 5230796 2760414 6660212 3230414 9710371 5230212 9710414 9710453 8600924 9710741 5230212 9710414 9710371 5230800 9710741 5230880 3230414 5981023 8600043 9710364 5230364 2760414 9710897 9710741 9710285 3470414 9710364 5231023 9710888 9710453 3470414 9710741 2760800 5230800 9710701 5230212 9710796 5230796 8710880 9710880 5230212 5230800 9710212 9710212 9710796 5230800 9710701 5230212 9710414 5230560 9710864 5230880 9710414 1550646 5230043 9710414 9710285 8710212 9710741 5230800 4990880 730930 730864 730646 730071 730964 8870897 730924 7790741 3470043 3950960 3470200 5230646 8190993 9350561 9710350 7790741 7530371 4990741 9830466 731007 5230527 730880 5650212 5230796 2760880 6770857 7310870 7310460 230857 230285 230285 6900870 10110857 9710802 5230043 5230923 10010414 6900453 5230200 3700414 6350741 730453 5230770 10110741 5230891 5230364 6900591 5230923 230414 1550930 230741 5651023 6350043 6760043 2760942 9710802 5230200 6900043 5230857 2760414 230809 10110414 3441023 2760829 2760580 5231023 6900870 5230285 2760741 8190422 3730414 8190923 4990930 4990460 4990880 6770160 4990888 730071 8190995 9350767 5230071 8190952 9710043 8870414 9710580 3470085 9710200 8600964 9710960 7790894 10010414 3471002 9710741 6760930 5370043 730212 730422 6660872 2760687 10110924 730516 3230167 10110453 6900831 3230114 10110812 2760752 8710687 3470200 4720071 9350741 5370071 2760872 9350888 6660809 3230743 730560 10110422 6660243 730738 230645 230645 2760923 230645 6770460 6770460 230872 5231023 2760930 2760964 230920 9710923 230857 2760964 2760930 2760071 2760414 9040864 2760739 7790371 2760743 8870880 2760646 8870796 7530857 8190071 6760043 3730043 5370930 6760043 3730993 9350580 8190043 9350043 4990071 4990043 730923 730897 9710930 8710995 9710422 2081002 7790687 8870006 9710580 3470857 8870580 8710580 8600580 9710580 2080580 5980646 8710646 9040923 6770857 8600043 6660006 5980580 9710043 9350872 2760416 9350741 6760580 5370894 8710930 9710930 9710687 5230772 6900580 6900580 10110414 10110741 8710414 8710580 9710516 8710741 730560 8600930 230857 6770160 730580 730580 6660160 3230864 6660453 10110414 3230743 730364 10110414 8330872 9830422 5230422 9711007 6660304 3230575 2760666 3230969 3230964 9710334 3230964 5230812 910812 8710200 3470373 9710071 5230920 9040864 3250920 520741 9710739 8190741 9350924 3730741 3730993 3730646 3730580 3730350 9710857 9710857 9710580 5650043 730770 730743 730924 730071 3250043 9710580 3230896 3230872 5980872 3230167 9710888 5981023 8600646 8710176 3470414 8190741 6760043 230948 2760741 8901023 5650212 2760796 8600580 6760580 9350930 230857 9350796 6760043 6350414 9350212 2080580 9711002 5230646 3470580 2080880 9710516 5980646 2760462 730687 8711023 5980043 8710930 2760896 9710772 2760408 9710285 3470923
6770160 250071 2760920 2760516 8711023 5650414 3930987 6900560 9830812 9350414 9350006 3930496 9350872 8870350 8190414 3471023 7791023 8190896 8710969 6771010 230987 8600422 8330496 9710531 6580212 4020304 730924 3231016 3230371 910422 5230872 910371 3230800 8190743 8190993 8870812 3950812 7790857 8190363 3951023 9350043 8190043 8190414 9350043 7790857 7530422 8190519 7790200 7790857 3950043 8190741 8190913 7790857 3950870 3950371 5370937 7790200 8191002 8190913 7980973 5370043 7790857 7790857 7790913 8601002 730870 8710085 6350964 2370973 2370973 1480973 2370973 1480973 4630371 3730004 8190897 4990071 9831023 9350782 2750872 9350304 10140920 6900414 3731001 2761023 6660743 5980969 8600964 8330422 230580 230580 230259 8600071 9710833 10110888 5981002 2080743 3250043 5981023 8600743 230176 8600519 2760045 10110371 3930796 3930701 9710371 5650350 10110414 230176 8710888 3230519 8710414 5650920 2760373 5981023 2760964 2760897 2760888 2760043 2760964 230176 2760770 8600043 5650924 230820 2760896 6660212 5980519 7790896 2760741 230743 2760371 2760714 2760897 2760754 2760767 8710043 8711002 8600580 8710404 3470580 2760897 2760516 9710964 9710920 2080870 8710560 6350857 2760896 8190894 5231023 3930205 3930743 300212 300350 300923 5230984 3700071 6900414 6760752 8710942 300701 9710212 8600212 5980414 10011023 2760580 3730580 3730420 3730420 5370645 8190894 5230743 9710371 9710071 9040864 3700888 3700964 3930888 2760864 520519 3470969 4040519 8190969 3250580 230580 2760580 230414 230920 2760462 2760987 2760752 2760896 7790894 5980504 7790896 3470414 8550043 10190043 4750371 8550043 4630857 4630857 4630930 3731023 1600973 3731023 3730519 1760973 3730888 8901023 9710782 8190071 730987 3230285 5980741 3470414 8710580 3230880 910205 2750304 6660743 4020872 3230920 9710386 9710888 6760928 2760205 2760741 2760896 2760416 7790516 7790888 2760043 2760743 7790897 2760964 7790071 2760114 2760371 5980920 7790371 8710772 5981023 2760462 7790894 2760441 8190743 8190942 8190820 10011023 9350037 3930200 9710462 5981002 9710462 8190888 3730004 3730888 5371010 9350888 9350729 5230504 9710969 9760924 520371 4040371 520894 520743 4040913 3930601 3950960
730961 230963 8710930 2760441 230857 2080924 5230888 3700743 9710924 9760864 6900809 3930200 3700960 8710212 9350292 3730638 3730969 3730282 3730984 3730004 3730004 8190770 9350006 9710414 8710371 3950371 8710952 9710782 5230071 8710770 5230560 230812 2760752 3730928 3730960 3730496 3730004 3730004 3730004 8190357 8190071 8190071 6760924 300880 3701016 3470996 300527 8710812 9710422 7790071 5231023 7530767 6760006 3730371 8190872 3470200 8190743 3731010 3730004 3730371 9350371 8190741 4720969 730743 8870833 730043 730812 2760071 8870205 730071 9711002 9350037 7980973 9350964 8870930 730371 8870043 730178 3230560 3230770 3930743 2750996 301002 3250580 3930496 3930228 3700580 8870812 730960 7790422 8870043 8870043 9350043 2760043 7790114 730404 730888 3230646 3930743 9711002 8790741 910741 730743 3250987 3470833 3930422 6660924 6660414 5230212 7310731 6350930 230857 9350896 3730872 6350964 4990043 6660071 10011023 8710580 8601002 5230043 8601002 230259 2760738 230888 231002 2760894 230924 230371 230872 6660460 5230930 7790414 231023 230872 2760942 6660872 5370870 6660580 1550872 6900872 9710350 6350350 9350350 5231023 9350371 6660872 6770741 5370960 6660350 6660812 5230870 3230996 2760006 2760687 2760580 730544 6660006 730006 2760371 730964 730924 3250580 3230212 520964 5370888 9350646 5370282 910200 5370282 10140160 10140160 4990857 9710996 300812 2080864 8870580 6760371 9710857 6660160 6660880 5230960 8710870 5230770 5230602 6660602 2760516 6760114 3730638 5230857 6900930 5230602 5230338 9350741 2911023 6350741 9350930 7310924 7310924 6660767 5370924 9350809 3471023 3250006 7790743 10190519 2760928 9710601 7790752 9710743 3470176 7530857 3700071 9710960 730964 910043 730964 5980043 8710888 10010414 730741 6660729 730924 6660386 2750880 730144 4020212 730741 3230422 730960 730414 730752 5230200 2750767 5230373 730752 9710772 1551002 5230043 3230987 910864 8870996 730743 730741 730071 730964 730371 730964 2750560 8710282 9350580 730743 730913 3250363 4570646 730948 7790687 730363 730880 3930560 730969 730796 730809 730414 730960 3250371 2760414 2760687 8870772 9710414 8870212 8870414 9040772 7790964 7790857 3950960 8190812 3950960 8190414 520857 5230646 5230924 5230414 10140924 9710923 230741 2760743 5650006 8710414 5230350 9710924 9760987 300371 8710729 5230952 8190770 3730741 8190930 9710930 5230646 9710802 3700995 2080285 8600920 3470200 6760888 3730964 2760964 2760205 2760772 2760408 9710422 9710741 7530414 5230338 5230414 5230872 9710414 4720741 3230414 6350872 7790857 7790741 2760872 7790896 7790741 2760924 7790371 7790741 9710772 9710741 3730812 3730646 3730924 4630638 3730741 3730004 7090857 4630071 4630071 4630004 4630752 4630043 3250043 4300043 7790894 7790350 7790601 7790841 3470200 730833 9710598 10110767 9711023 3730752 3730752 3730960 8710580 3470923 9710414 3470085 8870809 3230767 3230770 3700285 3700770 8190960 9710857 8190752 8190960 9710857 10140996 3701016 300205 3700796 3700812 300996 300422 3470560 9710960 4020000 3700422 3470414 3470422 8190519 3730422 3730560 3730864 1760973 3730519 6761023 9831023 5230205 9710371 9830872 6900350 5230414 520894 5230371 9710371 3700864 8710085 9710350 9710006 9710857 7530043 3250043 520580 9040580
3470006 2760767 230504 6660422 4021023 4020228 2750414 6660633 2750414 5230872 2911023 6350519 3730928 4990580 3230856 3230580 3230334 3230575 3701023 5370743 4630896 2760205 5370801 8190519 7790857 6760516 3730006 3730872 3730872 4630638 1760973 3730560 8191010 3730646 3730872 4630357 7090973 8190646 10011023 5301023 2760560 230006 9710767 2080752 3470752 2760872 2760043 7790560 7790964 7790743 7790913 8190770 6660561 1550212 3730638 3730268 3730741 3730357 3730004 3730004 4630357 3730004 7090973 7090973 3230304 3930575 3930996 3700527 910739 5230000 3470458 9710964 9710462 2760743 4990371 8330872 1551023 9350560 9350205 9830872 5370924 730371 9040864 3470205 8190006 8190930 6900414 230923 6660414 6660178 8190602 7090857 8190602 8191010 8190006 8191010 2750422 2750043 2750466 2750996 6900995 5650350 230350 2750924 5230043 5230006 9710371 3700580 5650414 1920796 5230870 6660212 2760772 9420422 230996 4020000 9710527 3700422 8711002 2760666 2760602 2760796 9350880 9710414 9420496 2760414 2760960 2760373 2760770 6660833 6660205 6660809 6660812 3230739 6660880 3930496 3700441 7790924 3700205 3700812 910841 3931023 3930037 3930987 3930987 9830984 3930752 3930752 5230969 6580872 10140519 10140653 7310561 1550386 1551023 10140812 3730560 4990741 5980969 3470200 3930924 9710888 5230969 1920006 9830767 2760872 3230767 9830872 9830006 3730205 10140741 8710923 8810496 9711016 3930952 9710923 8190767 8190923 6900870 5230006 5230006 1550984 6900560 6900809 3470872 9040812 3700812 7090973 1760973 7090973 7090973 4630004 8191023 7090973 7090973 7090973 7090973 8191007 3930386 3930285 5650924 3250371 4040043 3930857 520646 910928 3930200 4990282 10140973 10141010 3730370 7980973 3730928 7980043 5371010 8190930 5650414 9710371 4910519 6900872 1550872 6900864 6900602 9350870 6900831 5230492 5230006 3230872 3230006 9710519 2760371 9710453 9710969 3930598 6830831 9710880 300212 9710598 8190880 7790043 8190071 9710920 9710920 8710176 9710373 8710527 8330466 8900466 9350178 3730004 3730960 3730004 8190006 8190920 8190888 10140006 3930371 3700969 3930205 9710575 10140422 3730004 3730928 1760973 8190812 8190812 4630004 3470043 9710857 8811023 9710741 8710952 3470809 9710373 3230880 9830767 9310560 9710544 9710205 6580831 8710560 3470043 5230924 5230767 5230441 6660404 730870 230228 2760729 730897 730888 3250937 8870043 7790913 7790913 10190043 4630638 4630114 3730646 4630043 8190741 8190519 6660167 8190770 7790371 3470519 3470857 8190896 1760973 1760973 1760973 1760973 1760973 8190930 8190930 8190796 8190880 8190519
7790043 5370043 7790930 7790857 7790857 3950371 8190422 7790857 8190414 8190144 9350880 9711023 8190942 8190422 6660812 2911023 8600923 8710987 6760371 7310037 6350414 230414 5230466 3230006 3230812 3730004 3470857 9710857 8600560 3700743 9040809 9710920 8711007 9710071 8710765 9710071 8710565 8710519 9710071 9710920 5981023 7790743 8711023 8600071 7790071 3470414 7790964 250894 9711023 3950964 4300519 3700414 8870809 9710350 9040285 8870212 7310422 10110580 730812 6270857 9350743 1550422 9710297 9710964 3250006 9760371 2080894 3470870 8600212 9710796 3250920 9350880 5370560 8870043 9350920 8190969 4040601 520969 520894 520964 730200 730738 730928 3700580 730741 730743 730560 3470200 8870580 4990646 7310800 9350888 3230363 3700857 910363 6660743 6770857 8600920 8190071 7790964 2080580 9760920 2080580 8550580 8870544 2751023 731023 8870772 3470872 910937 730928 3470580 8340580 3950043 8190913 8190363 9350930 9350801 2751023 730212 9350527 8870527 8870205 8190504 4630638 3730646 4630580 3730004 8190466 6760896 230752 230622 9420466 7980973 7980973 6760930 9350516 6350770 5370812 3470857 8710466 8190071 5230519 3230754 230580 230930 230292 8601002 7790200 3730519 6761023 230820 230458 730560 730964 2080743 10110453 8710752 9710205 7980857 7980973 3730496 1760973 3730870 3730043 3730043 3730004 3730004 3730646 4630580 4630580 9310872 6900984 7310653 3730960 3730371 3730809 3730924 4630752 3730519 8190519 8190652 7790913 5371007 4720857 3230350 4990282 4020984 5230959 2750575 3930888 4990857 8190894 10140422
3700743 3470924 9710770 2760894 8790519 8190743 6350519 6350743 3730212 3730241 1760973 8710930 9830527 2750422 2750739 2750836 3930297 4020304 9830812 6580831 300996 3230996 9040996 910363 520857 910857 8190969 8190969 3730969 3730004 4630004 8190357 3730004 9710687 5650043 8330466 1920006 10110422 3230516 3230527 3230304 3230923 9710544 3730422 3730004 3730004 8190071 5370942 730964 8190441 230453 1920996 8330422 730894 2750422 3230924 730422 3230516 3230896 9710743 3700580 9040580 3470560 10110812 2760754 8190942 8190770 8901023 8190743 8600071 8190596 9310466 9420952 2080580 5980519 8710752 6760071 3730071 3730888 3730888 3730743 3730920 8190420 8190496 4630071 1760973 8190519 8190519 4630357 250743 2760580 7790519 2760603 8190602 2760602 8190602 1760973 5370602 8190602 8190602 5370602 5371010 2760602 4630602 4630357 250964 8710519 8710687 5230519 5230960 6660996 9710297 3730304 3730357 3730357 3730560 3730241 3730241 8190743 7790144 3950964 7090973 8190809 8190770 3471023 2760870 9710923 6660414 5230285 9710801 2760414 8710920 7790114 2080770 9710952 9710952 6770930 230371 6660738 6900930 6900930 8710414 5230872 8790043 3730741 301002 9350741 3700752 3700283 3730960 3730364 3231016 3230880 6760770 7310952 1030292 3731002 3730898 3731023 5370960 9710856 9350000 6660527 2750920 3230930 6660836 2750930 2750527 2750880 2750561 3930422 730880 3470200 5230350 5230414 5230212 3230221 9710598 5650580 3700212 9710580 8790519 3470200 8190969 4631010 3730646 4630857 10140160 10140043 4020466 3230969 8790857 3700598 6760770 8710870 6350770 9710622 9710952 9710963 6660527 3230527 3230527 3230856 5230996 3230422 3731007 3730004 3730304 3730527 6350519 6760952 230880 8190422 9710767 9710519 9710752 8190752 8710602 8790043 9710963 730404 3230836 3231023 3230857 3730004 10140466 8191010 3730004 3730004 8190996 9830466 3230739 6270560 3230969 3230880 3930836 3700166 910857 8190043 7090857 7090973 7090973 7090973 8191010 7090973 7090973 7090973 7240519 8190770 3470519 4630004 7090973 3390043 8190646 7090973 4630638 4630004 4040913 7790857 5370043 5370043 6350043 5981023 4630043 8190765 3730176 1760973 3730268 1030292 1760973 3730228 8190645 8190894 8190896 9760200 6760160 6350177 8190519 8190743 2760458 9310466 9710826
5370960 7980973 7310006 9350888 9350527 3231023 2760371 5370371 730364 5370371 4720964 7790913 7530864 4720496 7790913 3471023 9710504 730913 9350580 5370071 730652 8871007 7790948 3470924 3470569 3950960 8190006 3931023 2750047 3930544 910422 4630004 8190743 8710516 8190071 3700297 9711023 8190071 8190646 5370896 5370841 7790200 8190363 6660422 2760920 2750496 9350833 730888 8870829 730516 9710531 9710888 9711002 3700580 9710544 9040864 9710544 6660071 6660422 6660519 6660743 2760371 2760964 2760371 8710414 2760646 9710924 2760741 7790741 3470531 7790371 8190913 8190894 7090973 7090973 4630424 3730004 3730420 3730004 3731023 8330930 6771010 6660527 6660880 4020212 3730185 7310996 3730422 3730241 7310800 3730964 3730212 3730241 8190796 8190043 7790200 7790913 8190544 3950371 4750371 730519 8870544 7790857 10140880 9710930 9830561 9710920 8710527 3700812 9710996 3950964 2080924 3700422 5230414 9710701 3700880 910741 2750796 4020504 9710580 6660373 6660373 6660809 6900930 6660178 2760338 2760496 6660952 2760338 6660800 300496 3470930 8810496 3700770 9350952 6660952 730960 8710833 9710297 230920 3700796 3470527 9710930 3730527 3730373 3730268 3730373 3730043 3730504 3730496 8191023 8191023 3930752 301023 300796 520071 3930422 10140304 3731010 3731010 3730560 8190292 8190739 5650857 3700924 3930560 8600864 730894 6660527 3700995 3470580 10011023 9710414 6900580 5230043 9710043 9040864 10190043 910043 7790371 730646 8870043 730743 8870544 730969 8870043 8870580 8870043 3250043 8870043 8870043 8870043 7790857 7790857 7790857 8870043 8870043 7790841 8190043 7790888 3950043 730504 9711023 3470043 8710857 8870043 7790913 9350687 7790857 9760200 6760993 9350782 5980504 5370888 7310602 7311010 2750857 4990687 4020504 3230205 5230812 10140653 230963 6350930 2760952 6771010 6760752 3730864 3730602 1760973 8190960 8190960 3730071 2370973 4630200 3730888 3730228 3730519 6760071 9350920 3730441 6760964 5980930 6760969 3931023 8710666 3930752
3470752 2570960 2570960 2570960 2570960 8190071 3950964 3470963 8190770 8190888 2760963 3950964 3470200 3471023 9350458 7530920 3470930 3470373 3470200 3471023 8790888 3700888 9710920 3470857 2080857 9710212 9710743 9710796 9710880 8600212 9711016 9710796 9710701 9710880 3470212 9710561 9710796 9710880 8600212 3470857 9710458 3470796 9710896 3470987 3470176 9710920 7790888 7790896 2760666 7790071 3470200 730770 730888 730743 730964 2760888 3470441 6350687 2760888 8710205 9710205 9710739 8710596 9710743 9710205 8190993 3470200 3470200 8190071 7790964 8870422 3470531 3470200 3700880 8710212 3230561 9710796 8600880 9710212 9710796 8600212 9710212 9710796 9710800 8711023 3470200 8790422 2080743 8600880 2080743 9710880 8600880 3700920 3470200 3470857 9760857 8190896 8600796 2080743 2080894 2080857 9760872 2080857 3470414 3470414 2080857 6990857 9760872 8550414 3470952 9710580 1550930 6900930 1550930 6900930 9350338 9350687 2760770 8190519 6661010 9710701 9710527 3470422 8710646 6660212 6660930 1550930 5230930 6901023 8710809 2760741 8710770 9710770 7790071 3950960 6760071 9710466 3730782 3730004 3730782 3730004 3730646 4630004 3730430 3730004 3730580 9350043 3470580 10140952 3930741 3230987 3230888 730741 9350888 9350924 9350371 3700888 7790580 9350580 2760752 230622 8710930 3730422 8190920 8190987 8790857 8710205 2760743 8901023 2760074 2760770 2760519 10140043 10140043 8710888 8710743 730739 6660071 6660071 9350580 9350646 3250580 4720964 9350888 2750857 2750920 8710987 8710282 3231002 5370371 230292 230047 230292 230857 9710071 9711002 7790371 9350864 7311010 7980973 3730580 7310561 1760973 7980857 7980973 7980973 9350527 8190646 3950422 3470200 3730602 3730268 3730741 3730772 3730268 3730891 3731023 3730043 4630043 3730891 8190043 8190782 2760770 2760752 5981023 2760504 7790888 7790809 230743 230453 8600043 230666 8600969 6900857 6900857 3730205 3730371 3730741 3730741 3730496 3730960 3730004 8190930 230622 2760638 8710896 2760770 9710085 9710085 3930833 3930729 8710770 3930888 3700743 9710666 3230504 3230767 3230752 3230739 3230888 5650767 230960 2760743
7790857 5370043 3950043 3390043 3950043 9710772 2760350 9710772 2760964 9710772 2760964 8711023 8711002 8870833 3700205 3700995 8710006 8710864 3470205 3470782 8870580 9710782 8870580 8710560 9710770 9710071 3470963 8190071 8190741 3930857 5230952 910006 4040371 2080043 6760743 4630043 3730043 7090973 7090973 5370043 8190920 3470580 9350809 3230743 5230920 5230228 4720964 3230928 9710928 4720880 4720205 2080894 8600646 3470782 8870043 9310560 730888 730928 3700987 4720969 3700960 3700006 9710422 8870800 3700880 3930519 8710880 911007 3470176 520743 520743 9710963 8190969 4630071 4630580 9710770 8711007 8710770 9710741 3700864 730701 8870580 2750228 730928 3930519 8870228 3730282 3730580 4631010 4630638 7090973 8190228 8190646 7790841 2760952 2760714 9710870 9710304 8710404 8600767 9710071 9710519 7790964 8710565 9710920 730350 730350 3470580 3700297 3230872 3230872 3930212 3230880 910580 3230561 5230880 3230371 3470006 4720741 9710350 4720880 1760973 5370580 9420952 8710580 2760767 2760963 2760809 2760561 8710796 9710414 5230880 9710991 2760969 5370870 2760375 6900930 730043 9710741 2750796 2750422 2750212 8711002 730000 8330646 8870580 730071 730928 2750228 3930228 2750560 3930743 3230743 3230836 8711002 5230872 9311002 230996 9710782 9310812 5980920 5980504 5980646 5980504 8710888 8710580 2080580 9760888 3470580 2760888 3470200 5230646 9710176 5980888 8710646 2761010 7790930 7790743 7790200 2760920 230212 3700598 730964 730283 3470212 7790964 9760964 3230646 3230441 3230205 8710205 911007 3930228 730991 8710228 2750228 730228 3930580 3230441 3230743 3230228 3930228 3930580 730928 730743 3701002 8710176 8710888 8710646 8710743 6900212 3930334 3930516 7530560 5230422 9040833 3930519 5230969 5230969 5230037 3930519 8710833 3930961 730212 730996 1550984 3930414 3230836 3730282 3730987 3730924 3730071 3730993 9350880 910857 301016 3700304 4720870 8871007 8870580 8870580 730601 230752 6660952 5231002 3470205 9760772 5231023 8790006 3930519 5230114 730928 2750767 3230924 4720741 730752 4720414 3230200 3230928 2750800 2750212 2750561 3230561 3230701 3230496 2750212 3230960 3230969 3230071 3930996 9830984 3930422 3230856 3470580 3931023 9710920 5980646 8190991 8710857 3730888 7090973 3730888 3470857 2760888 2760964 2760043 2760952 2760888 7790743 7790743 8600772 5370809 730304 3470441 9710462 8710872 3230782 2760741 730880 910414 730560 9710961 7790071 3950964 910857 5230969 5230200 5231002 1550422 9710441 910371 3930560 3230047 5230646 3470373 9710006 2081002 7790580 2760948 2760743 4630004 3730212 8190176 7790043 8340043 3470043 230176 230924 2760043 2760743 230560 3470043 2760743 3470782 7790516 3470043 3700752 6900646 8811023 6900466 7980930 730897 8190268 4990964 4090973 1920212 6660422 5370942 3231016 5370243 6661007 6660960 730580 1920948 9830422 6660304 1550386 1920872 6661002 6660221 6660144 1920857 6660245 6830831 4020212 4990212 3230575 2750796
2750047 910872 9710969 9710809 2760809 230422 6660880 730796 230952 6900872 3470205 3730371 3730560 7090973 3730653 7090973 3730004 3731010 3730812 7090973 3730560 7090857 7090973 4630371 7090973 7090973 4750371 7790913 9350386 8710414 5230047 6580831 6900870 10140920 3730653 520969 9421023 9350364 10140371 7980973 3730969 3730770 3730560 6900496 4020996 8710812 3930924 3700856 3930653 9710864 5230205 9710334 9710006 3470580 9710924 300767 9710809 9710767 9710880 5230371 3700796 9710741 2080519 520687 7790371 3470987 730516 4990228 730580 5370924 731023 5370741 910870 4990809 8330504 9421023 8330496 8711023 7980973 3730071 10140920 230414 8710285 9710414 3930782 4020504 730205 9830466 910995 5371010 8190770 8190560 5370752 7790071 8190371 2760894 7790200 2760872 7790071 7790896 9420037 8900767 8710729 910422 8710729 9710085 8710924 9710373 9710752 3930743 9420037 9710373 8710809 1760973 5370752 2760496 8190496 2760963 7790519 8190770 3471023 3250987 2760752 5981023 8710964 7790516 8710888 8711023 230285 5231023 6901023 5231023 1550037 8710923 5370071 9350987 8330006 9350373 9420037 2750496 5650767 3930037 6660833 8710833 8870833 520772 8190754 8190960 8190741 4990043 4990460 730969 4990969 8190969 8190969 4990519 910422 4040519 4040519 5650646 9830930 730870 730888 8710580 9710085 3470987 2760371 230857 6660304 4990560 730575 3230205 9350441 8710350 9710334 3730782 9830796 300297 10140872 6760857 3730422 8190160 9710857 2080857 8190888 3250560 5370602 7790519 7790519 7791023 5370200 6771010 3950930 4630004 8870043 7791002 730519 3950993 1760973 1030160 8190969 730580 8870924 3700414 10140580 8710767 9710920 3730987 3730268 9340973 3730466 3730200 3730741 4991010 3930864 4990880 4990580 3230796 3930987 3470441 7980973 7310948 7980973 9350043 3730770 8711023 8190071 4990888 3700144 3930205 8710205 9710205 8710371 230371 5230580 6660561 6900796 9710580 9710580 3470580 7790888 8190960 730167 2080960 8600741 2081002 8190913 8190894 3700770 300729 300205 9830996 730205 7530857 520752 8190752 8190516 9350743 2760959
5371010 8191010 8190371 9350414 3230414 5370243 730767 8190441 8190741 2750414 6900924 8190496 9350006 3470414 3470414 3950960 9040864 3950964 7790857 7790071 7790857 7790888 7790743 8550043 7790964 7790857 7790888 7790857 7790043 8550043 2081023 7790743 7790857 7790071 7790888 3471023 8550043 7790888 9040176 520741 3930857 6661010 9350833 5650422 5651023 6760880 8870422 9350687 8870796 3470580 3471023 7790741 7790741 7790741 7790741 2570960 9340973 10110857 5230857 6350371 6760930 1550984 5230770 3930969 3930075 6900386 1920857 230596 6660000 9350000 2760812 2760812 3700969 7310560 3730560 8190518 3950960 7790841 7790560 6900924 5230923 4720144 3470285 7790741 9710414 1550466 5230043 730738 2760338 5230923 2760414 2760924 8710809 3471023 3470200 3470752 8190770 230857 230504 9350460 9350338 10110767 3230857 10140952 2750580 8710857
3950960 8340414 2761002 2761002 230646 8870414 7790741 8870800 3470200 3470043 7790752 3700414 9710743 8550580 9350812 9350000 230000 230414 1550466 9711002 230167 230857 230963 9350782 4990043 5370930 9420952 230948 230496 230920 8810466 2760738 230952 730071 730752 8710580 7790987 730743 2760071 730752 730809 8870544 9350646 730770 3470285 730960 9350952 6660960 730729 730924 730200 4990043 2750767 9350414 7980973 5370930 4990519 6660071 4990071 6660930 1920857 730071 6660580 2750043 2750857 730071 2750496 2750920 6660930 6660071 8331023 10110422 730770 2750560 730743 730743 730928 730043 2751023 730741 730071 730770 730888 9710580 8870580 730928 730928 730752 6660071 730752 730071 3250937 8711023 3470200 730952 3250205 910812 7790071 8870987 7790913 3930872 7310864 7980973 7310071 1940993 4990930 10140973 10140422 10140519 3930422 3930304 3930996 3930422 4040519 7310930 7310243 6760857 8190519 5370888 8190930 7980973 7980973 3930930 3930857 10140422 3930205 3930996 3930422 910646 910560 910700 8870304 4090973 7310889 10140504 730371 230414 5230043 5231023 3700006 7790741 730350 5230960 3700414 3701002 8870580 3700519 4990144 9420466 9420496 6660960 8710580 8710580 730770 730770 8870580 730000 3950371 8870580 8870422 8870422 9350006 8331023 4990930 8331023 8331023 9350743 8331023 9350205 8190754 9351010 8190888 8190743 8190071 8190920 8190888 8350519 8350519 8350519 8350519 8350519 10170519 8350519 8350519 8350519 8870809 8870043 8870424 8190687 8190371 8190544 7790743 730743 2760741 4720857 3250857 3250371 7790857 3700205 8710422 7790924 7790743 4720857 3470857 8870544 3950964 8870424 9711023 3470386 7790741 8870920 2760741 3471002 7790857 2760071 2760888 2760924 9711002 3950144 3950964 3471023 9710870 9710923 2760924 2760889 4720770 7530857 8870518 8870897 2760964 9710870 2760743 9711023 9350144 2760741 2760888 9710544 9350913 9350896 2760071 6660243 730144 3250580 9350741 6660924 8870144 9350386 5650857 9350743 9350913 8711023 9350880 9350924 9350687 6660952 8710870 2760924 6660687 8710870 9350959 730743 9350920 9350516 2760897 2760928 9350752 10110809 730924 9710930 9350144 8870144 8711023 730144 7530857 3230516 8710857 9350422 9350516 8710930 9710386 9350687 8710930 6660666 9350741 9350987 4090973 6770638 9710930 301002 730212 4020996 9830831 3700205 9710739 5230575 7530205 9710205 3930575 8711002 9350924 5231023 5230872 5230961 9710371 8870864 8870205 4990071 8190422 6350829 8190969 7980973 4990930 9350930 6660930 4990114 9350888 8710930 9350743 9350752 6660666 3700888 7790741 7980973 7310004 4990857 8330930 5370371 9350043
2760071 2760338 2760888 2760646 4300519 3470373 8190923 6580872 730371 3230923 7310880 8190752 3730004 9710285 8190872 8710602 8810924 8710923 9420037 910414 8710285 9710987 910496 9420037 9420037 8711023 8710960 8190896 3230205 4020000 5230441 2750767 9830006 6900205 5370960 3730004 3730653 8190767 8190205 4720205 8190752 8710770 3470752 9710920 8710857 9710857 300575 9710074 8190960 8190896 8190767 8190422 3700285 9710857 3470752 2760770 5230767 5980770 8710870 910371 3230519 230414 230458 2760371 2760888 3230373 6580212 230304 8710285 730741 3230414 8710770 230809 2760043 2760872 9710200 9711023 2760897 2761010 2760602 250144 5230857 730167 230809 6900414 10110888 6760924 8190414 8190930 8190602 3730741 8191010 8191023 8340857 3470729 7790741 7790144 2760888 2760888 231010 231010 730924 5230872 2080531 3470200 7790888 230857 730888 230259 230622 2760964 230952 2760930 2760373 2760809 8710767 2760963 8190687 8190888 3470857 3471023 8190743 8190071 3700857 8190960 9710770 7790114 3470857 1760973 3730004 6760741 5230602 10110453 9421023 5650857 8710453 8710920 8710897 3931016 3700924 6900809 3700752 8190687 7790841 9760371 7790743 230920 730414 1920561 4020304 9830996 2750422 6900800 6660800 6660304 3700969 8710833 3930743 8710770 3470969 8710596 9710782 9710504 9040864 9710504 8190872 8710519 9710519 8710285 6660414 8710285 9710809 8710085 8710770 3470200 8190952 8190504 5370896 2760071 8600770 5980519 2761007 9710894 9350364 3730964 5370645 8190770 3730241 8190496 8901023 3230995 230924 5230930 10110006 6900864 730414 230996 8330812 730297 8330996 3230527 2750422 3230422 230812 5230772 2750812 3230285 3230772 3230772 3230772 3230772 3230772 730221 3230772 3230772 8710772 8600772 3230809 9710462 2760809 4720964 3230920 9710504 3471007 3470857 9711023 4720924 7790741 730371 2760414 230414 230743 230673 10111023 9311023 6770857 2760776 3441023 8710833 8870373 250776 250896 250964 250776 3950371 7790897 7790964 2080531 5370930 7790857 3470200 7790964 3950964
8190519 2760930 2760930 2760987 230963 730770 9310466 3730872 3730673 3930212 6900205 3930739 3700205 730144 730371 3700414 730770 730071 8710920 9350338 8600857 910371 5230453 5230453 300422 3930857 9830466 3230770 8900496 3470782 9310466 3470200 7790071 3950960 2750414 3230527 4020182 730527 2750422 8330006 730560 230948 6580212 730836 9830006 3931023 300969 3230800 5230987 3930519 5230800 3231016 911007 3930796 3700857 3700857 8330991 300770 6901023 10140924 5230373 9710371 3700964 520857 9710864 3700519 9711023 8190519 8190743 8190645 8190645 8190645 1760973 8191023 8190743 2760888 5650767 5230466 230006 3230738 9830996 230924 4020006 8711023 7531007 730560 10110880 9710580 5230422 3470580 9040580 4750371 3230812 4021023 3230519 5230406 6660304 6581023 3930575 9710772 5230575 910741 3700350 300872 6900205 5230047 6900560 3700888 3700996 9710741 9710414 9710857 8190071 8190602 9351010 8600930 9350924 9710752 5650496 8710796 5230800 9710701 5230796 300796 6660633 300519 6660761 6660761 3230796 10110006 5650496 1551023 3470200 8190687 3470200 8190741 8190071 3470462 8190770 3950371 3950870 3930857 5230857 6901002 9710864 5230833 300836 3700519 9710205 2750739 9710969 3930000 910205 910812 4040519 3930519 6660761 3930212 2750212 5230701 5230729 5230880 6660373 9710833 9710969 3700896 3700796 7090973 8190770 3470414 9710770 3470987 9710741 3700071 5230646 3230422 3230006 3230856 8870996 3230796 730995 730924 230000 730960 730752 8810466 3700580 5230580 9710770 3700006 9710896 8870580 4720894 5230228 1550422 4020000 3230996 8710959 9710896 4720877 8790857 3731010 3730888 3730646 3730004 3731007 6900466 8330422 6900496 4020212 9710422 300880 9710373 730373 2750857 9350741 5230880 4720741 730414 9830984 3930575 3930575 9830796 3930880 3700205 3700812 3700888 3700404 2760666 230504 1550930 1551002 9830996 6580872 3930996 6900422 4020304 3700527 2750872 9710996 520969 8710414 6660350 8330504 9760752 8710770 3730414 3730602 3730364 3730004 3730519 1760973 5370896 8190364 2751007 6270560 4021002 5230205 3930371 3700350 6660633 9350897 8600205 9710071 9710071 9710516 5230809 9710741 3470924 2080770 300864 2750350 3930701 3930833 4020304 4020800 4020304 300422 300575 3700334 3700857 9710857 8190561 300422 300285 9710575
5230920 730212 5230176 9350653 2760596 5230575 2760560 2760770 3470519 2760560 8600772 3470772 8600772 3700888 8600857 2080857 3730993 3730809 3730993 3730888 3730673 3730004 3730004 3730071 3730004 3730176 3730462 3730743 6351023 6760743 2760964 3730896 8190888 2760964 8190743 8190888 9760964 8190896 8190888 8190741 9710200 8600880 5980741 8710872 8710741 8600071 8710371 9710371 5980872 8600371 9710894 9710896 8710743 3700176 9710964 8710809 5230767 8710770 9710770 9710928 3700960 3700770 3700743 9710964 9710796 9710896 9710896 9710743 2080743 300872 9710920 9710071 9760964 9710880 301016 300796 300800 4020831 300212 9710796 9710701 9710880 9710212 9710796 9710880 9710880 9710006 3470880 3470212 9710924 9040796 3470752 3470880 3470212 3700770 9710752 3700752 8710646 9710770 9710770 9710580 9710014 8711023 8711023 2760770 2760770 9711023 2760373 3470752 3470200 3470043 3700770 9040580 3470752 3470752 9710767 3470752 5230872 5230646 5230646 5230200 6660964 5231002 3230743 5650924 9350964 3230987 8330646 5650743 6900422 6900212 3230743 3230920 5650371 5230228 5230959 5230880 5230422 3230880 3230350 8711023 5650743 9310812 8710920 8710200 9710924 8710959 8710596 9710920 9710964 8711023 5650743 9710687 5650212 9710896 3470043 2080043 5981023 5230580 3930364 6660501 6660350 9350350 6660228 2750350 6900496 9350741 6660888 6660800 3230598 5650857 9350741 6660896 9710743 5650580 4020006 10110006 5231023 5230782 9710924 5980888 3470441 8600743 9710920 5980504 8710350 9710920 9710987 8710646 8710754 2760741 2760071 2760991 8711023 3470870 2760920 3230743 300701 9830006 5230228 3230580 5230228 9350752 2750350 8710422 6900496 2750796 6900920 3230212 3230043 3230043 730872 3930304 3250043 3230453 4720371 9711007 3230888 3251007 9710016 9710991 3470176 8710646 9710071 9710920 8710176 8710646 9710924 9710920 8710991 8710743 9710920 2760964 8710519 9710920 7790071 5980580 7790580 8710743 8600964 9040772 8710176 8600870 9040864 9710870 9710743 9710888 9710743 3470872 9710743 9710519 730754 2760888 730833 6660754 6660833 730037 730924 6660754 2760833 730560 2751023 6660408 231002 730964 2760987 730743 730519 730519 730371 6660761 730561 730833 2750924 730969 2750920 730304 3930924 2750924 1920924 730924 2750870 730870 8330350 730350 2760714 730964 3930043 730964 3230888 8600969 2760928 6660964 2760928 5650920 2760743 8600741 2080864 5230964 8710924 300350 2080924 3470987 3470833 3700527 300560 2760560 300422 6900812 230812 2760304 6660767 3700205 8710870 2760071 2760770 6660952 2760741 6660741 6900591 6660167 6660519 6660948 2760928 6660995 9710205 9710205 230560 6660006 5230414 230924 2760924 230924 230560 2760071 230560 230205 2760205 2760752 2760743 8710833 2760679 2760414 2760071 2760144 5980422 1550529 8710880 3470519 2080422 9710285 9710519 3470043 8710924 3470200 9710924 3470200 3470414 2080770 3700888 3700743 3700519 2760741 8710772 2760928 9710772 2760928 6660872 6660646 6660460 2760527 2760371 2760653 300864 9830796 9710422 6660304 230996 9830006 2760928 230047 9710519 8330422 6660519 6660770 230304 230212 8710872 6660880 2760928 6660561 5230872 2760880 2760071 730212 8710371 2760743 2760924 9710527 2760212 2760741 3250414 2760350 2760741 3700864 7530864 9710519 9710741 2760741 9710519 9710504 2760741 9710200 9710888 9710519 9710371 9710043 9350371 5230872 9710006 5231023 5230043 2760772 230924 2760772 2760961 4720772 730519 230646 2760144 2760144 730772 2760144 3230386 6660519 6660519 730752 1920924 6660924 6660960 6660371 730371 6660580 730741 1920560 730371 6660422 730729 2750996 2750872 6660809 2750006 6660996 2750796 730371 6660304 6660996 730924 6660812 2750561 730414 2760928 6660212 6900529 2760928 6660880 6660561 10110872 6660996 9710580 2760371 2760371 2760371 6660872 5230519 2760371 6660754 2760754 2760371 2760833 2760833 3930519 3930519 6660519 2761002 6660519 2760371 6660043 5230519 6660754 6660754 6660519 6660754 9710833 730741 6660767 6660809 2750519 6660646 730960 6660743 6660952 6660809 6660519 6660809 730833 6660304 6660894 730964 730833 2750741 2750560 730928 730880 730071
5230930 7790930 9710930 9710580 5231023 9710602 8600350 9710285 9350000 8710924 3700942 9760371 2080422 2760176 2760638 8600930 9710930 8600371 230870 2760829 6660930 8710930 6660930 4020182 6660527 3730004 3730920 3730422 9350924 9350371 10140371 6900560 8710350 300350 8600350 9710414 3730371 3730741 3731010 3730414 3730420 3730602 3730004 4630857 1760973 4630964 3731023 1760973 4630043 7090857 1760973 1760973 5650519 10110006 3730004 3730602 6760857 3730004 3730004 8190801 10140414 300809 300701 9710373 300809 9710888 9710006 9710960 9710924 9760888 9310767 2080960 5230496 9710857 3730653 3730371 3730602 3730741 1600973 1760973 3731010 3730004 4630743 1760973 7090973 7090973 5230809 8190894 8710085 9710297 9710894 2081023 2760375 2760752 2760894 9710544 9710767 3471023 3470923 2760504 2760896 230809 6660960 5650519 8710565 9710812 9710519 2080560 9350338 9350580 9710527 8710580 8710646 1920000 1550422 9710144 8710880 730896 230812 230496 9420496 230496 230952 8710519 2760741 9710414 3470772 3470752 7790071 2760752 8190952 5230043 6900924 2760371 9710285 5650767 2760924 5230338 2760144 2760519 230743 2760371 2760743 8600519 5980519 7790924 2080872 300767 300496 300767 300496 8710812 8710560 3600973 3731001 1760973 4630960 4630960 4630357 1760973 1760973 1760973 3730646 4630200 9710930 8710200 10140561 10140304 3930930 4020872 3930422 4020000 3930996 910924 910809 10140880 8710519 8710527 6660996 230414 2760071 730809 9710373 2760338 9710767 9710920 8600782 2760894 230071 2760462 3730602 3731010 3730920 3730870 3730602 3730004 3730004 7090973 7090973 8190960 8190809 3730549 4630638 1760973 4630638 3730004 8191023 10140767 8710857 5230857 300872 5230952 5230304 300952 3470924 9710752 3700767 3700809 300952 300504 3700809 9710729 3700969 520752 8710496 3470441 730770 7790930 7790930 730043 8190043 230809 230071 2760527 9710176 7790896 3470987 8190519 8190371 1760973 4631007 4630961 3730646 4630743 8190960 10140996 3731001 10141010 3730004 3730560 3730812 8190043 8190071 3470414 5230930 3730496 3731010 3731010 3730952 4630752 4630888 8190872 9710809 3930000 9710960 3930414 9710371 9710741 7530857 3730809 3730812 3730004 8190752 8190560 8870043 7790857 7790857 7790857 7790857 7790857 7790729 7790913 8190414 8190770 9710752 9710770 3470872 8710767 3470969 3470969 3930800 10140212 3700987 3730969 10140924 9710857 2080414 8190888 1760973 4630638 1760973 3730743 3730043 8190930 5230930 10110767 9710043 8710924 8710006 5230371 5230872 1550880 6900386 3930987 3700205 3930560 3700924 3930205 3930653 730006 9710856 8790920 8790857 7790888 230809 230414 230371 5230043 9710371 7790114 9710752 3730371 3731010 3731010 1600973 3730004 3730560 1760973 5370602 1760973 5371010 7090973 10140924 1550984 3930575 8710729 3930924 3930653 9351010 8190741 9350000 3730004 8600857 8710809 3930504 3930350 3930952 520071 9710516 9710924 3470205 8710872 9710516 3230687 5650752 8710995 3730924 3730357 3730743 3730460 6660687 5230205 2760809 2760422 3470043 3470923 7790857 9710285 2760414 230228 6660408 2760205 9350166 230560 730043 2760924 9710897 7090973 3730004 3730004 3730928 3730004 8190006 9350809 10140924 3950371 9710200 8710371 9710006 8190371 3730004 3730004 3730371 8190371 8190743 8190743 8190888 9710739 9710964 8190071 1600973 1600973 1600973 4630602 1760973 8190243 7981010 3930987 10140767
3701023 8190519 8870870 8190870 8190870 3470870 3950870 8870880 9350952 8190872 8190870 2760114 2760942 5650043 2760114 5650646 9710857 8600646 9710531 2080930 2080930 3470200 9760752 3700743 9710857 6350964 3730602 1030004 6760930 7310602 8190602 9350602 8190870 6760743 2760829 2760942 8190071 1760973 8190371 3951023 8190739 8190770 1551023 6900872 9710371 5230880 6900924 9710856 8710765 9710601 8710422 3230304 9710961 5230414 8710770 8710752 8710888 8710414 9710371 9420646 9710371 9710743 5230496 8710767 3470752 3230924 5230414 5230952 5230872 9710687 8710752 8710114 9760200 8710969 2080422 9710888 9710575 9760752 9710888 8190782 3730984 10140560 3730942 3730743 8190071 8190371 9760857 9710857 9710739 2080857 7530857 9711023 3950960 8190960 8790959 9760920 8710964 3700812 3700888 3470729 3470752 3950960 8870924 3700969 8870924 3950993 4630857 3731023 7310466 3731023 3730241 3730993 8190652 8190894 8190687 8601023 8190894 8190897 5230466 6760602 3730004 8190602 3730004 6760602 6760741 10140496 10140812 9420422 5230602 6900602 6900496 6900831 9710386 9710414 2750880 730809 730741 730924 3930043 3930880 910043 3930544 8190176 8190960 6760770 6760580 230820 230767 9420466 8711023 5230880 730221 8710422 2760770 730297 6900496 2760741 8710297 9421023 8810466 8710930 230496 230770 8710580 8810466 8330466 9710770 5230466 3230414 3230114 5650414 8600071 3230414 5980414 9710285 8190770 9710923 9710857 8190371 730560 8190527 8190527 9710466 8190772 6350350 8710466 8190942 8190894 5370960 10010857 8711023 6350601 3230923 3230888 8900466 231010 9710466 7790987 9310466 5980857 3730441 8190872 8190364 8190645 6350964 6350743 8190960 8710888 8600560 9710200 8710200 8710200 10140006 8710857 6660800 9351010 2760963 5231023 8870422 8711002 3950414 9710350 9710687 8710891 910841 7790743 3950371 3950371 8190363 8190544 8191023 8190646 8190809 8190913 4990930 2751023 4020984 4990872 2750527 6660160 730205 6660638 9350930 10140006 9350371 9350880 730212 9350752 8190880 7981010 8191010 9350371 8870544 9350952 8190894 8710897 3230770 8790857 9310466 5980857 3730770 3730741 9420466 8710963 9310466 8710857 8790857 9310466 8710466 6760952 230920 5301023 3730964 8710963 9350043 9350924 9710923 8710414 8710200 9310857 8190752 9310857 8711023 3931023 5650304 9311023 8710930 8710565 230666 10110006 730752 8790920 3230504 730963 3230560 2080770 8710896 9710987 3470200 9710544 9040987 4720516 7790857 8190913 8190071 8190504 8190544 3470200 8190422 3950960 4720969 4040741 4720770
3700857 8710857 3470930 9710857 4720071 730880 910580 8190942 9350687 9710897 9350212 10140561 4990800 9350930 1920996 9350996 9350422 4990114 4991010 4990888 1920880 4990687 6760930 10140466 10110857 9710580 9760200 3470200 3470043 730969 730285 8330857 9310466 9710857 10140160 10140741 6760973 6350741 8190071 10140414 8190741 10140880 3700857 3700857 9710888 8190880 9710880 6760857 6350857 10110857 8190687 5650857 5230969 9710701 8190880 10140880 9710857 9350796 9350212 10140212 2750796 10140043 10140160 10140414 10140561 5230701 10140212 7310741 10140996 10140880 10140212 10140561 5230796 10140414 10140880 6270212 7310741 4021023 6900212 5230872 5230414 5980741 5230701 1550466 6900796 5230701 9710880 4020872 5230212 5230796 10140996 5650857 4020930 6900043 6830831 730741 2750796 9710527 9350212 7790964 8190741 9710544 3700741 9040987 3950964 8870580 2750414 2750880 5230212 3230414 5230350 9350350 5230952 9710752 3470200 3950964 3390930 7090973 3390930 7090930 7790857 7090973 3390043 3470857 7530371 8190872 7790857 7790200 3950043 7790857 3390888 9350880 5230504 3471002 3470200 8190071 3730993 9350930 9351010 8190371 8710205 3950960 9350560 4990212 2750386 6660371 9350371 10140496 10140160 9350930 10140809 10140519 10140930 10140930 7980160 6660160 7310928 10140930 6760930 7310561 10140160 9350930 3730743 4990964 3730422 9350930 6660930 9350930 8870772 8190071 10141002 10140924 9350729 521023 3700928 520646 8190646 8190519 6900646 4020212 3730880 10140504 8190991 8711023 6660043 230963 6660743 2760074 9311023 9710074 3600973 5230527 9350527 9710422 6350743 8190645 5370645 6350043 7790200 2760646 7790043 7790071 7790200 9350930 9351002 9350888 730969 8870043 8870544 3470200 8710964 6660948 1551023 4990371 230205 10140653 8190043 730653 730687 5650043 230880 230995 6660924 6350006 7980160 7980160 3730004 8191010 3730004 8191010 8190796 8190519 7790930 7790071 7790580 3470519 3470200 8190796 9710880 2080580 3470857 3470796 9040580 9040580 9350752 9350729 9350338 8811023 8790857 6660243 5230969 730969 3930741 10110809 5230969 5230414 3930923 3930285 3930741 3930829 3230809 3230924 3700741 5230371 10140924 8190371 9350888 9350687 8711002 300496 8710960 8710282 3700796 300729 300741 8810414 5230809 3930373 3230371 5230228 5230646 2080857 5230857
2080422 9710297 9040527 3470462 2760441 2760338 4021002 730960 3230047 3930422 2750560 8710205 5230205 8710812 9710770 3700441 9710770 8710437 5230767 8710437 9710963 9710770 9710767 9710743 9710920 5650880 6900304 3230864 2910466 3230800 3230864 3230872 730888 5650920 8600930 10011023 8600964 8710872 9710176 8710782 9310857 9310857 9710996 9710752 8190960 3470752 4720371 3470872 3470752 8190960 3730984 520969 520969 910729 520969 520969 520043 730969 910043 520969 730969 730404 910043 730969 910043 730969 730969 3930037 730969 730969 730969 3930930 730969 3930930 730292 4990969 730969 4990969 730969 730071 3930285 9350782 10110969 4990809 4990960 730969 3930037 4990924 4990043 4990043 730969 4990460 730829 730969 4990460 730969 4990930 730687 730969 4990460 10220857 730043 10110687 730743 4990460 730987 8330872 2750043 730071 730987 7310460 9350371 9350043 6760770 9350516 9710923 9350516 3700752 9350809 9350964 8190687 9350043 9350924 9710964 9350304 9350422 9760200 3700743 8710872 9711023 5230959 8870424 8711023 9710897 5650880 9710200 2760114 10110880 5650880 9350043 8710176 8190752 9760371 8190743 9350350 8600864 9710350 9711002 9350144 9350646 9350741 9710200 7530857 2760942 10110560 9710987 9350414 9710504 8710872 3470200 9760043 8870796 10011023 9710687 9760200 9350888 6660364 3470364 7790743 8710043 3470373 2760888 2760741 6760741 8190930 8790857 9350516 8190687 8190993 8710414 730741 8790006 2081002 3470980 730991 6660743 7310924 6660930 9350043 8901023 730752 3470285 9350741 8870350 8870304 3470782 2081023 8601002 9710996 3470200 9760205 8190960 3470200 8190071 5230891 5231023 8600422 9760481 3470200 9710920 3470752 7790516 3250920 7790741 2080285 8870924 3250937 8190920 9710285 2080580 9710743 9710071 2080896 8711023 9710987 9350371 7310809 6760371 9350422 9350687 6760880 5370071 8190519 9350371 9350687 9350516 8711023 2760071 8190687 6760857 9350687 9350741 6760872 8710930 8190516 6350770 9350888 9350741 9710043 4990580 4990857 4990580 6350580 4990580 4990580 730144 2760144 9350144 2760743 2760144 8710144 3950144 9710144 9710200 3700942 3700770 7790371 2760741 9710200 3930519 2750880 6660809 6660460 730646 9350743 730071 730870 7790888 730888 3930870 5650880 2760729 9350460 7530729 7310004 4990371 3250200 6660243 730870 730964 730924 8710114 5980969 3250371 5651023 730888 3931023 3930519 3700942 9710544 730964 5650646 9710772 9350422 10110880 5650920 3930422 3930743 730687 9710833 9710285 2760212 10110924 5650560 9710422 730000 9711023 9710833 9350422 9350809 10110687 10110350 730964 6660888 10110872 5650043 8710422 9710743 9711023 8710864 6900519 6900386 6900864 9710653 8600741 3230969 8711002 6580000 6660856 6660000 6660872 6900560 3730350 5230812 8190371 8190560 9710334 230857 2760371 730043 1920872 3230864 2750043 3930924 300924 3930924 5230646 3470924 3470519 4990741 6661007 4990800 730414 2760414 3470200 8710809 8190880 8190071 8190741 3230923 10110371 5650205 6660770 3930200 6660166 9831023 3230212 9830812 3231023 730996 3230880 3470200 8190205 9710772 3950772 8190913 8190812 9350880 8190687 7790857 8190743 6900591 2760243 2760920 8190741 2760960 9311023 9350504 9350371 5981023 9310857 6760920 8190888 8710857 9710987 9710602 6660761
9040350 8870580 8710580 2760243 3250414 9040739 9711023 3930857 3930414 3930996 3930527 3930812 10140809 3730004 3730004 3730549 1760973 8191010 9710071 8710888 8710516 9710016 9710920 9710920 730964 9710930 7790888 7090973 8190043 7790857 7790560 7790841 2080770 2080924 9710200 8330991 2760930 230963 8710995 8710930 8600580 5230504 9710043 3250987 2760085 9710833 9710371 6660602 230741 6900602 2760960 7311010 3730960 3730960 3730004 1760973 1760973 3730960 7090973 9350178 8710580 5230466 2760364 3950371 2760743 2760896 3471023 3730952 3730071 3730004 3730602 7090973 7090973 8190243 8190006 8710466 3730496 3730043 5370930 3731002 8190519 8190422 2761010 7790371 2760561 2760741 3470995 2760952 8190812 3950964 3700964 5230959 2760074 8190364 10110453 6900864 6900580 9710826 730991 3470580 4720741 5980466 8600043 4720516 8710987 8330924 250071 730864 6900496 8711007 3230872 7790414 2760414 10110920 8710872 8710176 230920 5980466 5980466 8711023 2080580 5650043 730466 3250580 8710466 8710959 7790071 3230920 9710414 730504 8710782 230924 2760738 2760259 7790964 2760896 8710259 2760920 8711023 8600043 2760458 8601023 7790841 8870037 7790964 2080531 2081002 5650752 9710085 8711023 9350920 8190741 8711023 9350752 5230596 4020800 5230560 9710205 9710857 8710687 9760071 8710596 3700888 9710071 9711023 5980872 9710964 5230504 5230037 3230738 730414 3471007 8710891 3471007 8870414 7790114 8710519 2760987 5980043 230991 8710259 3470200 2760466 9710462 7790896 7790896 7790964 7790894 2080580 8710580 5980580 8600580 230809 230964 8710043 5981002 8600071 2080519 2570043 5981023 3470920 7790964 7790964 3950371 3950964 2080767 2760896 5980646 7790496 3700752 5230304 4020000 9710422 9710964 9710767 8710767 3470752 3700496 7790857 9710043 3470205 7530772 8810414 8600285 8710453 9420037 3230969 8710285 910519 3230770 8710085 8810646 8710770 9710414 9710743 3250414 9710687 5650743 8600043 9760071 8710980 6760519 3730006 1030004 250071 8190687 8190770 3470441 4720964 230820 230504 9710770 3470043 6760043 3470200 8190043 3230414 8710453 8710176 8600782 8710519 8710176 8600964 4720071 4720964 7790200 7790200 5370460 9760043 7790114 10110920 8711007 4720071 6900386 8330504 5230285 9310996 9710422 5230743 2760178 730496 4720894 8600596 3250414 5230071 8710414 3700071 9710071 9710770 9710519 9711023
9830800 3230701 5230422 5230880 9830006 5230205 2760338 8710285 2760414 3471002 9710414 3700809 3700964 9710212 3700896 9710458 3700770 8710743 9710870 9710743 9710752 9710796 9040923 2760006 9710894 7790964 2080531 730646 8870043 8710809 3230920 8710441 9710782 8710964 3470441 9710519 9710285 8710743 3470414 3470205 5230646 5230212 9830800 4020496 2760441 5230350 8710923 9710960 9710770 9710952 3470752 3930923 730770 8710923 8710414 3470880 8190969 2760414 3470857 3470200 9710414 5230519 2760583 5230880 5230212 9710880 9710952 3470414 3470422 4720894 8341007 730880 4720422 9711007 9711023 9710896 9710964 2080752 8600496 2080896 9760888 5230888 5650422 2750800 4020212 300212 9830422 5230205 6580831 910212 5230812 9040575 9710741 9760964 8600071 9710743 8600964 3470872 3470176 3950960 2760928 6660767 8710743 3700414 9710176 9710414 2760006 6660767 8870571 8600770 8710350 3470422 520743 5980770 9710888 8710924 8710743 9710782 3700701 1550422 730205 6660047 730995 9710043 4720560 7790741 9710960 9710414 8600422 9710964 9710458 7790752 3700964 8601023 8711023 6900872 300996 9710373 5230729 8600964 3700741 9710996 8710371 9710458 8710285 9710888 8810414 6900212 5230743 8600414 9310880 3700964 9710414 8710752 9710920 2080285 8710414 1550496 6900414 5230043 8600743 5650414 8600043 9710200 9710782 6660212 6900496 8710864 230561 9311023 5980872 2760350 5650767 8810496 3470580 3470987 8190071 5980504 5230996 5231023 4020000 5230527 9710880 9710897 8600043 9710857 3730527 3730212 3730770 3730212 8190752 8190872 8190896 9710857 9710519 300304 9710770 3930422 8710741 3470969 3930741 730371 2750880 4020831 2750800 2750739 2750304 9830996 3930422 2750812 9830006 6580212 6660880 2760969 3930743 9710924 8600285 8710176 2080770 4720371 730371 8870043 4720371 8870043 6900646 2760646 2760373 9710458 9710743 9710888 9710205 9710996 9710371 9710371 3470969 3470752 3470200 3950960 8190371 3950371 3950371 4750371 3470200 5650414 6660304 6900205 4020006 9710205 8710864 8190071 3730924 8190560 8190006 3470969 8190880 3470969 3390964 9040285 7090973 7090973 7090973 8190646 3390043 7790857 9710504 9710960 3730373 3730527 3730006 7311010 3730602 7980973 3731002 10140422 6270812 2750212 4020496 3930836 5230205 3930000 6580560 3930767 5230466 3230872 5230580 5230872 3700770 9040739 5230952 8190071 3730460 6760930 6660964 2760602 8710801 2760964 7530857 8600371 8710544 5230987 9710857 5230504 7530857 8710857 910739 3730004 3730580 3730004 9350741 3470857 5650920 8710930 9710622 5230752 8710880 6900453 10140857 3731010 3731010 3730741 3730004 3730872 3730646 3730646 3730549 3730646 3730560 8190743 8710969 3930205 3930896 3930386 3230969 3930961 3930221 3930836 3930516
9421002 3230996 9830496 3731010 10140653 3730071 8191010 2750304 2750575 10140924 10141010 9350996 9350913 8710924 8710414 5230891 3700743 6900812 3700414 3700924 3930767 9710924 3700205 3700964 9710414 3230519 6900580 3230414 9760864 9710580 8710741 9710857 3470334 8190741 8710466 9710350 9710414 3470373 8870920 5230646 9710888 9710960 300767 300560 1550880 8710414 5230770 5230796 5230952 3700880 5230212 300796 300285 3700752 300212 3700527 3700422 8870996 9710422 3470519 8870422 8190371 8870996 8190527 8190880 3470200 3470200 3701023 8711023 8190071 3700770 3700741 3470200 3470200 3700996 3700212 3700996 3700888 3470796 3700752 3700701 3700422 3700880 3700796 3700701 9710422 9710880 5230422 9710880 9710796 300304 9710996 300422 3700996 10110422 3250937 8710422 9710880 8710200 5980519 9710085 3730741 3230857 9350304 9350924 3730004 3730004 8710930 8710872 9420646 9710653 8710812 3700995 3470752 520752 9311023 230645 230645 8330812 8600772 3730638 10140000 3730004 3730004 3730004 3730004 3700857 3950960 3700770 9710969 6580872 6900880 2750739 300205 3930741 301016 3930575 6900496 2750575 4020504 3930923 3930741 3930496 3700888 3700350 3700212 3930796 3700212 8190888 9040580 5230350 5230422 8710414 5230767 6900952 8790969 5230960 8811023 9710739 3730004 8190770 3700770 8190560 3700743 5230872 9710960 5650350 6900519 6660205 4020000 9830996 3230856 8190752 9710527 9350888 3470880 3470527 8870212 3700796 9710960 9710920 8710782 10110453 1550037 9710414 8810924 5230496 3930741 300504 3700864 9710864 9710350 9710200 9710864 730414 6900930 2750205 2750880 8810414 9710752 9350205 8710857 3730872 8710857 8710857 8190782 2760414 230923 6350422 9421023 5230923 5230422 8710371 2760896 9710770 2760963 9710930 8710996 9710071 5980770 3470987 3470422 7790752 2760930 230870 230458 2080519 5980504 3470043 2760414 9310519 8710519 2760996 2760422 8710857 3730960 8190770 8190960 8600923 8601023 8710176 8190809 8710212 3470519 9710043 8710767 2760959 8901023 230767 9710741 3470085 8600071 9710920 4040741 8600964 5980519 2760741 5650414 5980888 8710414 8710453 2080743 3470963 8190743 4630071 8190812 8190071 6900920 3230371 9830422 3230371 9711007 3230888 2760752 5980519 8710422 8710519 8710782 230991 8710580 730304 8900767 9710924 9710920 5230923 6900414 5230833 3930752 300560 3700205 3700519 3700205 2760422 230870 230820 3930283 6660221 2750800 6660633 301016 4020212 9710575 9710504 9710743 5230373 9710864 5230205 5230772 5230304 6900952 5230037 3470462 5980920 3470752 5230952 5230037 9350772 5980920 2760006 8710752 9710073 8710987 9710743 8710752 300872 1550212 9710527 5230441 5230205 5230772 5230043 9710772 5230770 5230772 3250414 9710772 8710205 9710205 230770 2760560 7790371 8900767 9710071 2760920 7790071 2760071 7790964 7790964 7790896 5230960 6900767 6900767 8710453 910414 5980969 8710923 5650414 5230529 9710924 5230872 520964 5230928 5230809 300701 6660952 3701016 5230924 8600880 5230560 9710987 5650422 5230923 6900767 5230560 9710422 8710414 910422 8710923 8600752 9710458 5230969 3470920 520741 3470414 9710896 5230888 230458 730872 8710580 2760743 8900466 7790752 3471023 2760920 7791023 3471023 7790888 7530864 230580 6660414 2760963 9710519 9710519 9711007 3230770 5230767 5230071 5230857 5230006 9310872 9710920 3470924 9710924 300952 9710422 6580560 3470205 9710622
3730924 4631010 7790924 3951023 3950870 7790870 3470414 10110560 6900350 8600864 3230350 9710961 3230987 730767 4020930 2750414 2750800 2750304 6580984 3931002 9710422 9710373 3230960 8600772 6760960 2760870 230952 230767 230767 2760767 8710596 2760516 9310504 2760987 8710014 3470043 8710770 2080770 9710952 8190767 4630752 8190770 2081023 8340580 3470580 2760767 2760516 9760872 8710014 8190952 9710462 9710923 8600920 2080752 4040964 2080960 5230964 6900414 3230504 9830466 6660000 9830561 2760304 9710995 230504 730560 730527 9830831 230560 9830466 730812 730812 2760408 8870043 9710205 8870205 7790580 7790516 9710741 3470580 9710580 730752 9710864 9710812 9710995 6580212 7790071 8710527 5230880 3470373 5230371 9710414 9710071 8710414 9710752 3470496 3470924 9710924 3470200 8810466 3730004 6760602 10140212 7310767 8190212 8811023 9350602 231010 9350212 8710602 8710930 8190602 9710602 9710602 9710752 8710212 8190527 8710602 8710856 4020000 3470996 8190496 3730004 8190422 8190071 9710739 8190888 8190870 2760638 8710602 8710602 8710602 2760074 6350924 3470930 8710743 9710006 9710602 5230602 3730924 6760602 8190602 8190071 8190519 8190743 8710857 8710924 9760857 8810466 230741 730872 8600043 9760864 5980043 8710043 7790741 8600496 3470872 9710930 8190896 3470930 9710812 9710963 230963 2760963 2760752 8810920 3470930 9350304 8190930 8710602 230458 9350638 10140371 3230071 4020984 5230205 5230205 3230205 9350166 3730560 5230857 8190560 9421023 9710414 9710414 7790414 2760809 2760924 5230602 5230930 5230414 9710006 8710496 9710144 8710880 9710996 8190888 8190071 230963 5230930 9710334 6660872 9350000 8710653 2760770 3730952 1760973 3730420 3730560 4630371 4630960 3930598 3930000 4020800 910560 3700212 3930796 5230047 9040364 3470364 3470996 9710770 9710071 3470422 6660243 9350243 5230987 3230334 3230205 6660243 6900870 9710653 4720205 9710006 9710864 3470205 3470995 3950812 520743 3930888 3700743 8900767 3700071 3700809 910414 3930743 3700809 3700888 5230496 9350741 10140000 9830996 8710422 4021023 3230496 4020466 4020228 3230870 300212 3930221 3230809 3700373 3700952 730960 6900924 9710414 8710770 3700770 3700880 8600880 6900952 9710923 300414 9710414 520741 9710857 6900984 3930961 3930961 3930334 6900560 5230043 9710272 910646 3230350 3230560 3930350 520924 8870812 9350043 2750930 2751023 2751016 2750796 2750796 4020930 3700796 300880 3700422 4721002 3700496 300212 9830796 9710880 9710422 6660000 4020000 9830796 9830996 4020000 6580212 4020996 9830422 9830996 9710527 8710422 3470527 9710812 3470575 3470996 9710812 3470422 8350857 8350857 300414 8710809 9710752 8190504 8811023 10140924 8190969 3730504 7090973 8190741 3470857 9710212 9350767 6660754 5230754 6900602 6350414 9350602 9710414 9711023 9710414 9350580 6660800 3700796 8870800 9710880 9710212 9710752 3470752 300304 300996 3930870 300047 910741 3930739 300870 10140000 9350924 9350872 10140304 6900969 9350371 10140741 10140653 3730741 3730960 6760964
3700930 3701023 3700952 7790880 3470752 3470200 6660047 520870 3230996 9040575 3470996 3700422 9711016 6900767 9710864 6900182 4631010 3730741 9710857 1550466 3231023 3230228 730527 6660996 8870212 6660212 6660561 3470414 2760996 730560 9831023 9710422 8870812 3230304 3930422 3930870 3930516 3700519 3930575 10140160 3730371 3950560 3950930 9040833 7790857 7790857 7790200 7790841 9710544 6580984 8710575 10140653 4990930 8330930 9830930 5230466 3230575 10140212 2751016 3700856 10140880 9350422 9350880 300880 301016 300701 3230212 3230047 3700961 8870422 3230880 3730004 3730004 8190414 4630741 4630371 3730809 8810414 6900870 7090973 3730960 3730809 3730414 9710074 9710414 1550496 9830800 9350870 9830561 10140422 3230304 9710996 3230739 6660870 9830228 3230701 4720770 300422 3730752 3730496 3730004 7090973 8190519 8190414 5230857 9710752 3700701 5230880 8710453 8710920 3230796 9710770 3470996 9710527 3470441 8190422 2760920 3470519 9710770 8710014 9710565 8710441 230016 9310930 230000 6660000 8330000 9830812 3230743 5230782 3230006 5230205 300575 5230857 8870995 8710653 2760673 5230857 7790743 5230872 7790350 3470200 4720894 7790741 3470200 9710960 3700414 9710960 3700414 8190741 9710602 5230602 5230923 5230414 5231023 2080285 8190870 6350924 3470924 3700575 3930743 300560 9040462 3470205 8190653 8190812 7090973 8190560 8190071 3470200 9710071 9710920 9710205 5980519 5981023 9040987 3730964 3730991 3730888 7090857 8190560 3730004 8190560 7790857 8190772 2760809 5981002 5980519 8710888 8710833 2760441 8710743 8710580 8190560 5230857 9710334 3470857 8190560 3700334 3470422 9710205 8190741 3950422 2080043 5981023 9710043 230960 7310422 10140952 3230334 3930739 10140880 6901023 9350458 8190888 9710575 8190741 3730888 8190496 8710176 8190414 3730743 8190743 3730004 8190896 9350350 9830996 9350996 10140422 8190952 8710575 2080770 300920 5230888 300006 3930371 9710371 8710864 5230205 9710371 1550872 6900872 6900872 9350743 10140872 8190812 3730371 8190371 8190741 7790857 3950043 8190741 8190888 2751023 2750857 6580466 3230984 9710205 8190071 3700857 9710857 5230857 300767 5230304 8710297 9710527 3700888 8710952 3730357 4630743 3470857 8190071 8710857 8600504 9710743 7790071 2760809 9710864 3470200 2760560 2760767 8710987 9710466 8330496 7790752 8900767 3470782 9350743 8600596 3730071 3730004 3730006 3470857 9710519 8710812 9710043 9710770 3470441 9710071 5980646 9710964 3930857 3930857 3930836 3230144 3230205 3230964 3230371 910205 3230560 9350653 8190995 8330560 6660304 230653 9350930 9830422 3700856 9710772 2760812 9710422 7790516 9711023 7790200 7791023 9710043 8710796 8190880 8190043 9710752 3470996 8710996 2080770 9710770 9710960 10140812 3730687 10140560 3730896 3730004 8190560 3470857 6760924 5230350 5230350 3470569 5231023 2760924 9710796 9710800 3700212 300575 10140205 3930796 10140952 3930350 3930796 3930836 3700924 3700969 520857 3730350 3730984 3700857 3470857 8191023 4630004 1760973 8190920 8710752 230622 230752 230622 6900602
3700006 300350 5230006 6660638 9710739 8710176 8710743 3700743 9710016 2760888 2760963 2761023 7790071 2760920 8190888 3950043 7790857 8190646 3731010 4630357 8190767 8190948 7790857 7790857 7790857 7790913 3950043 3700228 730743 10140560 3700969 3700969 10140924 10140924 5230891 6900872 5230114 6901023 1550496 6900984 5230872 9350350 5230923 2911023 5230870 910414 1550984 3700924 10140767 3730371 5230857 8190741 3730371 4630243 3730496 3730924 8190212 3730809 3700857 2750809 2750212 9351010 6661010 2760414 6660160 9350924 3730004 8190752 6760741 2750414 730633 2751023 730071 2750422 730743 730948 730000 8710580 8600580 8190071 3730004 7090973 3730004 3470857 8190071 8190752 8710770 3470782 8710752 3230752 3700796 300880 3700212 3230800 3230646 3471007 8190767 3730767 3730004 3950960 2081023 2080896 9710741 230047 230880 230047 6900414 5230453 3470923 3230880 6350770 1760973 8330924 9421023 9710770 2080752 8600770 3470205 910414 4020304 9710729 8710422 3700796 4020872 9710812 9710928 5230796 6900496 2760741 230924 230963 9710930 9310466 6900767 9710373 8710414 6660178 6900864 6900995 6760920 9710466 8190560 9710071 9711023 3470043 8190519 8190872 9710462 3470285 2760888 5370645 3730888 2760888 5370930 250743 2760043 2080043 8600422 9310996 9710527 9710752 9710205 9710414 9710516 8710114 8710991 3470782 5980646 8600743 9710952 2080752 3470857 4720741 9760752 8711007 6900767 6900872 300350 5981002 9830984 1550422 4020996 910282 730960 300864 9710996 9710527 9311002 8710043 5230043 5980422 9710782 230496 9710864 9710580 8710752 9760580 9710920 9040212 3700920 3700701 9710920 9760752 9710752 8710752 8710920 8710519 2080770 8340857 3700350 3470796 9040987 731023 230924 8330496 9710071 8710504 8900767 7791023 8710930 9710870 9710770 8710414 8190743 8190743 8190752 9350458 4720043 8710772 4720770 9710085 230952 9420646 6900767 5230770 9710897 6900995 4020466 9830996 230812 1550466 9711007 9710580 9710995 8710043 9710603 5230580 6900466 3230212 5230338 8710212 9710334 3230796 9710334 4720894 9710995 9040580 8550580 7240580 8190350 9710857 5980857 2750205 6900386 8330350 4990888 10010414 3730741 3730004 8710527 6660580 8810466 4020996 9710071 8710741 9711023 3470441 9710770 8900496 3730004 9350422 8190960 2760071 9711023 2760987 8710888 8190991 8710857 5230602 6760888 5980930 8710565 8710930 8710176 8710414 8710743 10010857 6660527 8710602 2760960 8190071 9710297 6660996 3700404 8330991 5980504 9710739 5980770 8710767 8190835 8190888 9350888 8190888 9350580 8190952 7790913 2760371 3230371 6270006 2751016 3931007 8190638 10141010 8191010 300504 8710984 3700770 10140952 9420560 3700960 520964 8870144 8190071 8190371 9710371 2760371 7790371 7790857 3930200 3930924 3930923 3930743 3471002 910809 3700519 9350897 520414 8190820 7090973 8190741 9710602 8190561 8710924 2080519 9710888 2080930 8600880 7790964 8190896 9710857 9710857 8190880 5230984 3930414 3930200
3930969 301016 3930414 300350 3930924 3730928 8190729 3730928 8190350 3730924 7090973 5230928 2750006 2750228 4020800 2750422 3230856 2751023 4021023 3230527 10140212 9350948 10141010 3930575 3700575 3930996 3700739 3700739 8710653 3470373 7790205 8190772 9710074 8190770 5231023 8190920 3730071 3730920 3730991 8190371 8600857 8710466 6760872 9710462 8190519 2760964 8190519 2760888 7790857 8710833 9711023 3700334 3730888 3730004 3730004 7090857 7090857 8190888 3470857 5230930 6660924 6660602 6660602 5230519 8600205 9710297 5230560 3470422 3470205 8190996 3730560 4630371 8190880 8190687 5231023 2760006 5231023 3470857 8190888 8190673 9711023 8190006 9710857 6760371 8600857 8710371 5980872 9710930 8190743 8190176 9350580 5230580 3700580 9710422 230496 7790373 3470980 7790743 3470772 8550772 8550772 6770948 9420466 6270872 4020466 3231016 3230800 3230772 8710466 9350466 730006 3230560 9710466 1550466 5231023 8710741 9710414 8710960 8710285 5230857 9710414 6900809 8600770 8190422 6760414 8190602 8190872 8190357 8190071 8870920 8190752 8190920 9350964 8190646 9710414 6760741 8190952 6350770 9350741 6900602 10140996 3230466 9830228 3230228 6660888 3470200 730812 3470200 3930923 3930043 6660561 3930796 300212 3930796 6660800 6660212 2760800 910144 910144 2760144 730144 910144 910144 910961 910961 910880 2760144 910144 910928 910519 4720144 730144 910043 910961 910282 8870386 3930519 910386 9350729 730037 730043 730144 9350924 2750857 1920857 9350743 4990741 3930441 910519 9310037 730752 9350800 910200 4990888 2750969 730880 730144 730928 730928 730282 730969 2750386 731007 2750872 1920872 730601 730969 730969 730969 730373 3230371 730687 730071 730960 730646 730580 730282 730228 910200 730364 730364 730948 730006 3230969 730924 3230969 910729 910228 730071 910870 4720282 731007 4720969 8871007 8871007 8871007 3230969 2910466 4990601 4990422 4990888 4990993 730212 3230561 3230796 3230701 3230880 5650496 9710701 3230800 3230969 910527 730800 730961 730741 730928 9350743 730896 3230770 9350404 9350924 730071 3230071 3230371 5230800 730964 2760870 910870 910870 3700833 8870144 2760969 910144 2760969 910144 910144 910880 3700212 910386 910961 730144 730743 6660144 730743 9350896 730516 6660144 730144 730144 730373 9710386 6660767 730752 5650496 10140924 6270006 730960 730071 4990993 730969 3930544 9420037 3930987 9710386 3930212 910969 910969 910386 910519 910519 910386 910228 910386 910833 6660969 3930561 910144 910580 910200 3470833 230924 2760772 230560 230560 730560 730575 2760205 730812 3930560 9710334 2760969 910205 730812 2760948 730560 520580 730812 3930924 3470980 5230969 3930580 3470580 520969 5230350 8870580 3930580 9350729 9350952 6660496 4990741 6660496 6660800 2760371 3230800 10110888 3930782 6660666 9311023 3930960 3930701 3930212 2760047 3930864 9350516 3930864 3930560 9350422 3230809 730765 9350752 8710923 3230960 3230888 3230371 9710212 6660796 9710701 4020504 9350241 730870 2760969 9350422 910144 910144 9040701 910961 910144 910961 250144 8870144 730386 910144 8870144 910386 910961 910144 910386 4040913 910144 910386 910729 6660095 910371 730729 730809 3700364 3930144 3930364 3930364 3930043 730408 3930519 520371 3930037 910969 3930519 3930364 910364 3930364 910364 3930364 910364 520969 910386 910969 910386 910364 730364 730364 730364 910364 910364 910364 910386 6660800 910364 910364 910364 910796 910969 911007 3930386 910364 730561 8870880 3930800 3230212 3230212 3230796 3230880 910212 3230212 3230800 910796 2760776 2760776 910896 910870 9710800 6660304 9710796 2760870 910870 9710870 910870 250776 2760776 300212
7790371 3950043 7790857 7790071 7790071 9040923 2080952 7790913 3930872 3930212 300741 3930767 8710575 8710767 910996 6900519 6900800 8710350 6900800 910796 8190371 3730350 3730350 8190350 3930741 3930334 6900037 6900796 8710739 910212 2750924 730996 3230205 8790872 9710580 8710176 9710924 8710796 7790071 8710765 2080580 3470987 8710504 8340897 9710752 9710770 8710880 3930544 3700504 300205 300575 2760930 6660752 9830796 6660304 6660580 3230371 3230888 3230646 2750857 4990580 4990580 3930000 3230996 3230857 6270880 9830466 730996 3230422 9710205 5370580 730880 7790913 9040580 8340580 8870580 2760646 8190519 5370043 5370580 7790857 7790857 3930701 3930200 6830831 4020831 3700212 301016 3930796 8710646 8790969 8710504 4990580 2750996 3230205 3230870 3700961 10140422 3230948 3230856 4020000 3930228 9710575 9350812 3250560 5230371 5230924 5230857 5230414 9710809 910371 5230414 8190285 4630829 4630200 4630371 8710466 250741 8710891 8710743 8710963 7090857 8191010 3730004 8190071 3730004 4630071 1760973 8190043 8190043 5230796 5650422 730043 9710297 3470527 2760888 2760888 7790743 8190071 3730920 7090857 7090857 3730004 1600973 3730004 7090857 7090973 7090973 1600973 7090973 7090857 7090973 4630638 7090857 7090973 7090973 7090857 7090857 7090857 8550580 3230560 9831023 3230560 10141010 3730004 3730357 3730961 1760973 7981010 8191010 7090973 7980973 2760930 2760930 8710602 9710767 9421023 7790752 2760770 6660496 8710466 8190357 8190888 8190422 2750422 10140812 2750304 9350888 3930743 3930653 9710205 9710969 910560 3930560 520266 3230527 6580000 4020996 730924 6660527 1920000 1920000 730880 6660047 3230796 4090973 730071 3231023 4720772 8710960 2760770 9710770 9710373 4720560 3950422 8191007 5230212 2750422 3700580 2750800 4020504 2750212 7790373 6660767 230414 3700770 9710880 2760441 9040580 9711023 9710752 3470752 3930923 9830984 9830984 3930205 3930870 3930969 3930371 910969 910371 3930653 3930767 3930371 9710969 9710371 9710371 9710987 910741 8870812 8190371 8190006 9310560 9830996 300729 9350888 300739 300870 300872 300872 3700857 10140000 3730928 3730205 3730004 10140857 3730549 3730268 3730004 4630638 3730004 5370930 9710930 9421023 3470930 3470441 3470772 7790071 730560 2750580 6901002 8870422 2750561 3230996 9710864 3470462 3470995 4720964 9711007 2751023 3930857 3930089 2750812 3931007 3930969 3930228 3930870 9710739 730812 9710969 8710969 9350812 8190560 250888 520743 9040575 9710796 3470880 3730880 4631010 3730894 3730004 7090973 7090973 3731010 7090973 7090973 8190006 9710006 8190371 8190371 3930857 3230796 4020996 3230000 9830796 3230880 3230212 9830228 730870 730371 4720964 9710864 3700653 8190995 3730872 3730549 3730357 7090857 4630071 3730872 8190466 4630371 7090973 8190969 9710969 9710043 730924 3700752 9350924 9350371 8190652 4630960 8190371 3470200 8870880 2760583 7790896 3730673 8191010 4630964 7090973 3730004 3730004 7090973 8190741 3230371 3230872 3230796 3470580 3230561 4720969 3230996 9710047 9710961 9040864 2760969 3230414 3230923 9350212 730212 5231007 4720414 9710580 3230285 3950414 4720371 8191007 3950371 8190894 3230350 3230995 5230406 3230371 3230371 3230872 2750920 3230371 4720896 4720896 4720857 9710857 2760741 2760964 2760071 2760743 8190357 7090973 7090973 7090973 8191010 8190357 8191010 8190357 9710920 730996 4720580
8190371 3950812 8550043 9040580 8190000 8190812 3950812 9040987 8550580 8710560 9710964 8710176 8600596 9710074 9710964 9710504 8710646 9710071 9710176 8710646 8710743 8190071 3730462 3730004 8710857 8190743 8190071 6760964 8190741 8711023 8190752 8190071 9710857 8710422 8190880 9711023 3700770 7790371 6760071 9710857 8190519 2760743 9710462 9350560 8710544 9710205 9710205 8711002 3470782 2760422 8790809 8710782 9710544 6760741 5230923 8190741 5231023 5231023 9711023 9350964 5650414 8710923 2760414 2761007 6660924 8870414 10110888 730924 6660304 2760888 5231023 9710200 8710297 6900924 6581023 230422 2750560 6660894 2750812 730743 6660243 9350995 2760243 6660000 2760896 6660047 6660996 2760930 6660304 6660741 2760679 9830006 8710422 9710923 8330422 6660996 8711002 3230996 5980422 730743 2760373 6660888 5230422 9350752 8190864 8710996 8600422 5230560 6660212 2760770 5230519 2760516 3230422 2760897 230964 730809 6661002 8330000 3230880 730924 9350996 230414 2760414 3230880 2760666 2760000 8710422 9710770 2760752 230770 6660221 6580000 9710422 9710987 3470422 9710414 9420560 3470422 8710527 3700741 3700942 3470880 9710857 8870924 3470200 8190350 3470200 3470857 7790743 9710544 7790964 7790857 8870924 3470043 7790924 9710897 1920796 2750422 5231002 5231002 2750646 2750809 2750800 3930836 3930580 3470200 7790071 3950371 7790857 3950371 7790913 9711023 7790741 7790857 3470200 7790743 8190782 9350000 7790071 7790752 3470200 8870414 2760812 3470043 7790741 7790373 3470200 7790414 2080414 7790924 8870796 7790741 2760741 3700422 8870924 8870924 7790964 8190371 8190880 8190741 3730414 9350930 8190371 9350880 9350371 3930285 3700386 3930942 3930200 730741 6660833 6660602 10140422 8190071 8190602 10140653 9350560 2750047 1551002 1920006 231002 730752 6660833 2760527 730752 3700422 8710422 9710414 3470043 3700782 3700071 3700519 9350460 10140930 9351010 730770 6660602 730371 9710422 3250205 6660880 9350741 9350833 2750969 2750504 3930200 6900386 6660809 4990924 2750741 6660741 6660741 2750580 730591 6660243 6660930 4090973 6660638 6900602 8710930 6660872 730414 3700743 2760809 6901023 730285 2760928 6660519 6660653 6660743 8901023 9311023 6660071 9350752 9710462 9710864 6900924 2760741 6660591 6660960 6900880 300422 8600422 9710833 8601023 2760085 8190930 7790857 3470200 7790743 3700770 7790741 8190741 3470414 3470857 7530414 9710888 9710350 8710414 10110422 6580000 6660000 300212 3230205 7790857 3730993 8190160 8190160 9710334 4720857 9710519 5230519 5230519 5230767 730519 730872 230371 230924 230995 230991 230888 2760888 230371 9710006 730006 2760924 3470833 7790743 3470772 8190371 3950043 9711023 7790857 8190888 8870518 9040864 3700205 9710924 8870544 8870006 8870880 3700741 2750924 6660960 3930537 6660800 9350371 9711002 3700701 3700812 6660212 8870212 3470200 3950371 2760743 3700942 6660071 3700212 9710598 8870870 6660924 2760752 2760809 6660504 2760796 2760176 730519 2760924 6660738 6660880 8710205 6660880 8710422 2760679 730414 8710767 2760338 7790880 6900767 730414 5230960 9710752 8710441 301002 2750920 2750166 5230833 3930519 3930453 3930519 3700743 730833 3930924 730537 730741 730071 730928 9350422 8600285
3700782 3230987 730144 6660371 2761002 230375 730741 730752 730687 8710114 730894 3700782 730205 1551023 6660770 1551023 730371 6901002 6660872 8710870 5230888 6660653 3930743 6660752 9350241 300870 9830796 6580560 6660880 3930364 9830496 3930872 8710770 3700969 9710371 9710995 520371 8870812 910205 8870518 8870518 8870424 8870518 8870829 520043 8870043 520371 2570043 8870544 910580 730809 6660386 6660836 6660386 1920006 1920006 730960 730836 730752 2760205 3230833 3230924 9710006 730729 5231002 9350888 3250580 730741 5650767 9350741 8190930 8191002 8190282 8190043 8710580 6770460 230259 2760743 6660888 1920212 6660373 9310422 2750767 9420496 9711002 8330646 9310422 8710422 730304 300304 6830831 4020304 300856 6660800 6660304 3470386 5230923 3700373 6660924 3930414 5230872 9350414 8190960 9350948 9351023 8870924 8870580 8870544 8870424 8871002 8870424 730646 8870544 8870518 3930043 8870424 8870580 730928 8870424 730984 730928 730646 3930544 3930228 730928 730928 3701002 730928 730928 730928 3931002 730928 6660924 6660422 10110809 6660741 2760714 6660561 6660047 6900800 7310646 7310741 10140212 7310993 7310984 9350043 5370880 5370422 9350870 730928 8870424 730880 730646 520043 8870424 730984 3930544 730928 8870043 8870580 3931002 910928 8870424 8870424 730913 8870043 730729 730928 730928 730969 8871002 910928 3700969 8870580 730969 730741 730928 730646 730928 730371 730371 8871002 730928 3701002 3930043 730371 730561 730800 730928 3930285 3930544 730984 8870424 730176 730913 730928 3930872 520424 730928 730928 3930580 3931002 8870424 730729 3930880 3930043 730888 5230386 6900796 9350924 3730386 9350930 6660453 6660930 6660176 6900591 230987 6660591 4020496 8710496 3930441 730741 4020872 6900386 230653 2760441 730144 730043 9350350 6660646 8870833 730928 3930741 730729 3931023 3701002 3700580 3930544 730928 910580 8870424 8870424 9350646 6660770 10110809 6660767 6660666 6660504 6660888 230987 6660304 6660422 730743 730741 730519 730743 730371 9710833 3931023 8871002 3701002 3930228 3701002 3930580 8870809 3930580 910841 8870544 520580 730561 3930205 8870205 8870424 8790043 8870544 730928 8870373 3930043 3931002 3930544 730928 8870424 730913 730729 910043 730928 3930544 730928 730928 3930043 520752 3931023 8870833 3930544 8870424 2750646 8870424 730646 3930043 910422 730928 730729 730646 730928 730928 2750646 2750000 730812 730894 730687 5230870 2751016 4020504 6660870 6580872 6900870 5230047 6660047 9830996 6580212 9830527 9350144 730836 9831023 6660205 5370241 6660205 730928 8870580 730924 910928 730924 730928 3700969 520071 3930043 8870205 8870006 3930796 520043 730928 8870424 730928 8870924 9710200 730880 3700969 8870205 730896 2760752 2750304 9830996 730897 8870373 10110560 5230422 5650496 9350205 8870424 3700770 8330991 8710888 1920006 5230519 6660741 730560 6660752 5231023 730924 3930422 3701002 7530371
3470006 3470752 7790857 2760888 9711023 8710980 7790071 2760770 8600043 8790176 9710894 2760964 2760888 8190602 6760741 6760114 8600414 3470373 8600071 3470496 9710877 2760504 7790896 3470200 2760071 3470200 7790894 2760646 2760809 7790964 7790422 7790422 7790200 7790371 7790371 7790414 7790741 3950964 7790741 2760006 7790924 7790964 2760741 2760544 5370741 2760371 2760969 2760942 3470200 250071 5370071 230414 230414 5230930 2760752 2760071 2080896 2760920 2760752 7790516 3470987 7790687 6760964 3730268 6771010 230074 230074 2760991 5370924 2760043 7310920 6350920 6660743 2760920 2760809 6760741 2760285 9350414 2760422 230960 6900591 230930 230923 6660602 230006 2760801 231010 8601023 9710888 230371 6770460 8710812 230047 9710857 5980466 9710857 8190000 8190995 6350741 8710466 8190888 8190414 8190894 2080857 8190888 9760888 9710802 8710602 2760596 8710963 9710071 8190872 3730004 3730872 3730004 7090973 8190743 8190071 3470200 2760765 2760913 2760767 2760829 9710200 2760888 2760765 3470519 2760544 2760770 230767 2760987 230920 2760414 230809 2760809 9310037 5980770 8710176 3470441 7790752 7790114 7790560 7790924 7790741 2760888 2760687 2760259 3470772 250743 250743 9350930 9831023 730687 730894 6900870 910864 3230701 3230743 4720071 4720371 2760872 9710386 3930386 6660761 520414 8710285 10010422 3700896 8190752 8190820 8601023 7790857 2760375 2760043 230964 2760894 2760006 2760564 2760596 250896 7790743 7790601 5370870 5370741 2760930 5370924 8190414 5370741 7790870 5370741 7790741 7790872 3950414 7790741 7790371 7790741 9710422 2760897 2760516 9710782 9710924 5230809 5650767 8710930 6660350 730741 730770 730752 4020930 6660243 230212 8710422 3730460 3730371 3730004 3730004 3730004 10110857 1920212 3730741 8190743 2760114 9710603 2760071 3471023 2760964 3471023 2760964 6760519 2760870 2760602 8710602 8190743 3730357 1760973 3730004 3730004 3730004 3731010 1760973 3730872 8190801 8190913 8190043 5981002 230924 6900591 730894 2760880 6900304 6660800 6660796 5230796 4020504 3470441 2760212 8190741 3730741 230963 230071 230870 230767 6900767 8810924 7790516 9710923 3730888 7090930 8190894 7790841 7790114 3470519 7790414 8870043 3930544 6660501 6660561 3700285 7530371 5230880 6350924 10140741 6660602 6660561 3230880 3230880 8870212 2760371 9710406 2760894 8600752 8710924 6900880 5230960 9710414 6760857 3730646 3730743 8190770 8190304 7790601 2080519 3470422 7790741 3471007 7790560 9040285 7790560 7790913 3950414 7790371 7790924 7790913 2760765 2760741 2760043 7790200 2760646 7790200 7790371 2760924 7790741 7790741 7790913 3470422 8550519 3470200 7790809 7790857 3471023 7790741 3471023 7790741 7790913 7790741 3470519 7790857 3471023 3470200 7790964 2760583 2760880 7790371 3470969 8870205 9710864 3470812 2760006 3470200 3470200 7790812 2760969 2080519 9040575 9040864 3470205 2760371 7790857 7790601 3471023 2760006 8870880 7790741 7790913 3470987 7790071 2760414 9710371 2760560 8870006 7790741 9710519 3470531 7790371 7790205 2760006 7790200 2760006 7790741 7790857 3470200 8550519 7790741 7790371 7790870 7790809 2760741 2760924 2760043 2760071 2760646 6770741 2760969 2761023 7790200 8870544 7790200 2760872 2760646 3470519 2760752 7790071 3470200 2760809 2760924 8870544 7790741 2760809 7790743 7790913 7790071 2760741 7790752 7790200
6660466 2911023 5980422 9760205 8790205 9710896 8710176 3471023 3470200 10101023 3250363 3700888 9710285 9710212 2080422 9710896 3730004 3730880 8190212 9710200 10140880 10140880 10140973 10140973 9351010 10140920 10140304 9350741 3930888 2760833 5370071 2761023 6660888 9350743 3930601 730741 730071 3931023 3700404 9350913 8870870 3700205 520964 3700205 9350888 9710880 9710889 3700942 8190942 9350800 9710212 5650006 2750857 5650924 730687 5230743 9710462 5650422 8190829 9710857 9710200 9710701 730960 8790888 5650969 9350638 3930930 3930896 3930544 910896 910200 3700205 3700969 3700964 9350741 3930297 7530857 8601023 9710422 7790752 8790857 9710772 2080894 5650857 3230880 9350687 9710701 7790897 8870772 8790857 2760350 2760462 2760043 5370687 3930000 730928 520071 3700422 7530812 9710687 9710877 7790205 9710516 7530560 7790687 9711023 910741 2081007 4720043 4720924 8870422 3470373 5230930 5230964 3930923 8601002 8710812 7790371 3950371 910114 9710504 7790841 7790894 9710796 3700942 9710544 3250212 9710897 3700285 3700741 8870414 3700205 8870414 3700942 7530560 3700942 3700920 7790913 9760200 3730004 3730268 2760987 2760752 2760687 1030408 3730770 3730519 7311010 3730770 7310920 3730004 3730371 6760880 8190212 9760888 9760924 230952 2760466 230964 2760741 8710466 8710646 9420809 9710414 9710809 9710071 9710350 6660924 300575 9830767 300770 8710285 9710741 9710770 300422 5650741 9710687 3470980 9710894 520580 9710371 520741 8190960 6760266 1551023 1550496 5230870 9711002 5230646 5230870 8711023 6900519 6660864 6660800 6660373 9350371 5230386 9710386 9350741 9350561 7790888 8870144 8871007 7790516 3700519 8870043 4720043 5230200 5230888 8190516 6660872 9310930 9350796 10140973 10140880 9350880 9350371 5650857 6660386 6660796 6661002 6270880 6660304 730870 2760928 3471007 8710228 2761007 8710200 9710741 8710920 9760071 8190741 3730770 3730504 3731002 3730864 3730414 3730580 3730414 230496 5230782 2760741 730516 6660414 10110809 9350687 2760864 2760942 2760687 2760114 2760928 2760896 3700741 3700519 3230496 3700519 3700942 9710043 7530043 730809 2761002 6660809 2760928 2760205 6660006 2760504 6660872 6660504 6660752 3230560 6660338 2760770 2760752 2760371 3230527 230812 2760285 6660812 9310996 10110422 9710200 6660527 6660812 6660996 2760924 2760928 2760071 2760200 6660880 1551023 6660006 9350516 8710200 8710782 2760889 2760924 2760888 2760422 2760741 6660006 6660888 9350743 2760964 9350516 2760864 6660872 9350176 2760741 2760960 6660741 2760928 9350422 6350741 9710200 7310422 5370930 730964 6660924 8710422 3470200 5370071 4090973 230527 300422 6581023 7310996 9350560 10140519 9350743 9350560 2760897 8190519 7310602 6770924 6660178 6770928 230820 8600414 6660952 6660752 2760741 2760770 6660960 6660414 6660741 6661007 230414 2760987 730560 5230995 3230414 6660527
null
5370481 5370266 3950043 8870544 7311002 6770857 7310959 5370071 1030282 5370984 7790857 10190519 5370200 5370241 250961 9350228 5370974 5370481 9350386 8870870 4630282 5370544 5370544 7790857 4040601 5370974 8190544 8191002 5370974 5370754 3950043 7790913 5370961 5370386 5371002 4720544 5370419 7790841
9760920 4040516 3930200 8340857 3950960 4040371 3391002
null
null
7790519 5370974 250969 5370961 4630282 5370754 8870544 3950870 1031002 3731002
5370984
null
520857 7790841
null
null
null
null
8870544 5370160 5370481
null
5370481 3391002 1031002 5370386
8350857
null
7791023 6770928 7790200 7790200
7790200 7790200 7790841 3390043 7790857 5370160 3950043 3950043 4720404 9350228 7310241 9350177 7790913 7790386 8870043
null
9351002 5370930 7790200
null
910928 9351002 4750652 4750652 5370481 5370481 7310492 3731002 3390043 910200 4630282
2760200 3930200 9350560 730200 5370752 5370961 9351002 8870544 250961 3950043 5370544 5370841 8870544 5370841 5370961 4720043 9350646 3950043 520282 250961 250961
730969 7790913 5370937 7790729 250292 4630386 5370518 1030282 1760973 5370200 1031007 1030004 1030913 1760973 1030004 1030282 1760973 7310004 7310422 7310809 5370752 5370200 9350646 5370544 250969 6770160 7790200
5370961 5370282 8350857 5370160 7790841 5370984 5371007 7790841
5370481 5370974 9350729
null
7791023 3391002 7791023 730984 7790386 5370043 3390043 5370833 250969 5370974 5370984 6770282 730969 8870829 5370430 5370835 8870829 7790601 8341007 5370481 5370282 7310386 9350870 5370960 5370942 5370961 5370984 9351023 6770282 1920857 5370993 250518 5370282 4721002 5370386 9351002 5370961 4040870 4040870 8871007 8870564 8341007 5370544 4750652 8870829 8870544 9350571 5370841 4750652 4991002 250729 9351002 8870544 5370841 8870544 5370481 5370481 8870386
910928 4040964
8190937 6770292 5370043 3950043 3950364 5370833 2760043 7790386 7790419
null
520424 3951023 4630200 3731023 1760973 4630386 3730200 1030282 1030282 1030292 1030638
5370809 4610973 9351002 910200 4630772 4630200 4630200 1030984 1030646 1760973 1030857 1760973 1031010 1031010 4630200 1031002 1031010 1760973 1031010 1030292 1030984 4630580 1030646 1030646 1031002 4630004 4630200 4630200
8190519 7790519 5370984 9710571 250729
3730228 7310228 7980973 7310580 3730282 7310802 3730282 7310646 6770857 7310114 7311002 7310282 7310646 7311002 9350200 9350404 9350646 9350646 9350924 730937 3230114 4720741 7980974 7980973 9350200 8871007 9350043 8870544 7790729 3730228 5370580 8870544 730652 7310646 8190913 7790200 4720857 3950964 3701002 8871007 7310386 7311002 9350404 5370961 8871007 9350859 8870544 9350809 6770928 9350424 8870870 8871007 7311007 5370424 4990601 5370961 9350200 9350424 730646 9350266 1030282 4990993 730984 910729 5370544 250969 7790200 4750772 8870544 9350924
5370544 5370833 5370870 3950043 5370984 5370984 3950043 250729
null
520961
8350857 5370544 3390580 7791023 5370961 3390580
3951023 7790519 5370481 5370228
5370984 7790386 8350519
null
null
null
null
7790200
7791023 1030984 5370841 7790857 3950043 5370228 4750772 8871002 250961 5370481 5370481 250969
7790200 7310228 9350228 5370228 3950043 730646 6770857 5370386 5370481 8870544 4990646 8870580 5370829 9350765 5370481 3950870 3731002 4630969 5370544 5370870 5370481 5370961 4750364 5370043 4630969 5370930 7790857 7790282 4630571 5370144 7790870 5371002 7790200 7790282 3950364 7311002 9350930 5370877 9350228 5370993 5370772 8870544 6660228 3950930 8870544 9351002 5370200 8871002 8871002 730228
null
null
521023 3250891
null
5370930 3950043 5370481 5370984 3950364 8870544 250729 250729 7310984 7790859 8871002 7790729 250729
null
5370930 5370282
null
1030984 1030984 1031010 1030646 1030282 1030632 1030292 1031002 1030961 1030994 1030632 1760973 3731002 1030841 1031010 1030928 1031007 1030638 1030937 1030292 1030282 1030292 1030363 1030632 7310880 7310872 7310924 1030913 7980994 5370937 8191023 8190544 4630386 4630200 5980770 4720841 8870419 6770857 4991023 4990519 6760877 10220857 7531007 3250560 8710228 9710743 9710920 3470987 4630937 250043 4630386 1760973 4630200 4630200 1760973 1760973 1030984 1031002 1760973 4630200 8340961 3390043 250518 250292 4630200 4630200 1031010 1030994 1031010 1031010 1031010 4631007 7980973 9351023 3390580
6770646 5371002 7790870 7790519 5370961 5370841
8350857
8350857
null
7790266 4750772 4630937 520961 730930 8870037
4630937 5370144 5370961 5370430 1030282 9350364 5370518 7310984 5370492 7790652 250424 9350959 8870544 5370984
null
4630200 4630200 1031010 1031010 1030961 1030282 4630200 1030984 1030282 1030984 1030700 1030282 1760973 1760973 1030913 1760973 1030729 4630200 1030729 250772 5370200 5370200 1031007 1031002 1031007 1030638 1030282 1030913 4630580
3950043 3950043 4040518 7310241 5370984 250961
null
5370961 4880973 5370481 5370481 5370961 8870544 6991002 4040519
5370481 5370984 4631007 6770928 5370930 5370043 7790200
250969 4750772 1030282 250729 7790857 4750772 5370282 5370481 5370481 9350646 5370984 1030646 8870544 5370801
3730236 8870564 7311010 7310802 4880973 1030601 7310700 3730414 7310857 3730004 6350973 1760973 7310646 8190419 8190652 1030729 8190430 8190765 8190809 6760841 3731023 3730829 3730981 3730404 3730829 6761023 7310891 7310601 9350404 3730601 7310161 9350404 8190829 8190363 8190829 3730829 8190877 3730404 6991002 8190430 1760973 3730928 8190765 7310857 7310404 4880973 7310129 7310646 3730937 9350829 3730700 9350404 8791023 4630877 3730877 5370371 1030829 5370877 3730994 8190765 8791023 6760829 3730420 3731023 9350802 7310129 3730877 6760857 3730200 7980973 3730981 2370973 7310161 3730266 9350571 6350404 8190937 8190564 8190729 8190765 3730601 7310942 4880973 7310564 7310102 6760601 3730296 7980973 7310430 5370937 3731002 8190829 3730993 8190829 4630282 7310857 7310646 2370973 3730564 9350891 8190829 9350646 6760404 8190829 8190765 8790857 7530857 3730404 3730200 4880973 3730420 8190765 10221023 3730646 8190829 7310161 3731002 7310404 7310601 7980973 3730404 3730404 5370859 8190877 3730646 8190829 8190942 3730266 5370829 7310857 7310669 4880973 1940973 7310835 3730829 5370266 6760645 6760857 3730765 3731002 6760700 3730993 5370877 7980601 9350037 8190765 8190877 8190765 5370877 9350404 2370973 3731002 3730928 6760942 3730700 9350765 3730601 6760857 6350114 7310891 7310466 7310200 3730942 7310765 3730241 7310404 2370973 7310601 7311010 5370571 3730601 6350129 5370937 7310877 3730419 7310404 4880973 7310802 7310129 7310857 7310601 6760228 3730200 2370973 6350857 3730200 3730282 3730241 7310765 2370973 7310857 3730601 7980973 8190829 3730994 8190942 6040857 8190942 8791023 3730229 9350419 6351023 8190765 3730700 7980973 9350516 1030282 8190829 7980973 7310829 5370877 7310601 8190371 6990200 8190363 6350891 8190419 6350404 3731023 8190829 3730877 8190829 3730004 4570857 9350404 4630419 2760700 8790177 5370161 6350891 6760226 8190363 8190519 8190765 3250504 7090973 5110004 4990741 9350419 910043 6350560 9760857 8190430 3730877 4630424 8190937 8190765 8190859 6990857 4320857 3730959 9350564 3730404 8190877 4330765 2370973 3731002 3731002 3730200 8190765 7311010 7310161 2370973 7310004 7980973 6760973 7531023 8190363 8190765 3730404 7310857 7980973 3730833 7980973 7980973 7310891 7980973 6760961 3730241 7310564 7310646 5370877 7980973 1940973 1030638 7310765 2370973 9350891 7980973 7980973 7310765 7980973 7980973 7310466 7310601 7310857 7310765 7980973 3730580 7980973 9350829 3730241 1760973 9070646 7980601 6760700 3730898 7310729 7310916 3730601 7980973 6760229 6350857 6761023 7310747 3731002 7980973 7980973 7310700 8190177 3730700 7310646 3730229 2370973 7980700 3730241 4330404 8191023 3730700 7980973 7980973 7310891 9350669 3730700 7310916 7310601 7980601 7310646 6350601 3730942 7310129 6350601 3730200 7310129 7310986 4880973 7980973 7310829 1940973 4880973 7310004 7980973 7310404 7310129 3730765 1030282 7980519 7310161 7980973 3730200 7310601 7310404 7310859 7310942 7940973 7310200 7310200 7310200 7310601 7310200 3730601 7310404 7310857 7310129 1940973 1940973 7940973 7310492 7310129 7310959 3730601 7310129 7310891 7310404 3730765 7310646 6760942 6351023 6760404 3730765 9350404 3730765 7310466 7310942 7310891 4880973 7310942 7310891 2370973 1940973 7310200 7310891 7310200 7310942 7310646 7980973 7310700 7310601 4880973 1940973 7310891 7310177 7310200 7310646 3730241
3730994 7311010 1030700 7310891 1760973 7310941 4880973 7310564 7310693 7980973 7310891 2370973 7310857 4880973 7310466 7310729 7980973 7310693 3730580 2370973 1030404 7980177 4880973 7980973 1030877 3730891 1030282 7310646 3730785 1760973 7310564 7310492 3730419 3730700 3730404 7310891 380638 4880973 7310646 2370973 7310415 4880973 7310765 7310700 7980973 3730296 7980973 3730419 3730296 1031010 3730241 3730241 3730266 3730363 3730241 1030404 4320857 7310430 3730994 1450973 7940973 4880973 4880973 4880973 4880973 7980974 3730229 1030700 7311002 4990841 7310646 6760266 4990114 6760601 7310765 4880973 380004 4880973 4880973 7940973 4880973 1940973 7310200 4880973 6770857 7310430 3730898 6760177 8190519 8190829 8190564 9350765 8190765 3730841 4630200 7310430 7310161 5370419 4880973 7310669 6350891 7310601 6350857 7310646 7310492 7310161 7310102 2370973 1030404 7310601 6760646 8790857 6760928 8190829 1030877 3731002 9350419 7980973 7310404 3730772 6760857 6761023 9350765 6760226 9350913 7980601 6760266 7980973 4990700 7310959 7310229 4990829 7980519 4990765 7310700 730404 6760580 6350765 7980994 7310877 5370419 6760601 9350765 5370942 9350687 7530857 7980765 9350102 6760564 3730114 6760646 10220857 8190419 8190752 6760564 8190229 3730601 6760646 8190765 6350404 8190687 8190043 3250857 3730765 8190646 8190765 8870424 6760928 3731023 7310564 1030404 2370973 2370973 1030857 7980973 4880973 3730229 7310646 1760973 8190812 8190942 6350916 8190829 250424 6760829 8790891 5370829 9350483 6760765 5370877 5370942 6990481 3470200 4570646 3470200 9670646 6760483 1030292 4880973 7310602 1030638 3730241 1030404 1030419 7310651 7980765 6770857 1030114 5370829 2760200 5370200 7310669 1030200 4880973 4880973 4880973 4880973 7310596 7310601 9350201 3731002 4630371 6760765 6760404 8190765 8190913 6760942 6350177 6760942 6760765 7310877 3730974 6760928 3730859 7530857 3250363 8190920 9350404 6990200 8190483 8190419 4630829 3730241 6760891 7310601 5490973 380638 7940973 381010 7940973 7940973 7940973 4880973 9400973 4880973 1030282 6760236 1030282 1030961 9350404 6760891 8190829 7310931 1030404 1030928 7980974 5370960 5370200 6760930 3730241 1030371 3730241 7310669 3730296 3730241 7980973 9350765 9350415 6761023 6350765 5370071 6760765 7310646 7310961 9351023 6760404 8190765 6760877 9350161 7310266 4990700 7310516 7310687 6760266 3730363 3730716 6760177 7980973 7310601 7310492 1030829 7980601 7310404 1030114 6770857 7310651 6770857 7310646 6770857 6770601 7980404 5370200 6771010 5370200 5370200 8190043 9350829 6770857 1030829 7980973 1030638 1030877 7310646 5370772 5370829 6761023 4571023 5370942 3730137 7980973 3730961 8190296 7310765 7310646 1030857 7310601 4880973 7311007 4880973 4880973 4880973 4880973 7310102 7311010 4880973 2370973 7310177 7980973 7310161 7310669 7980973 7980404 6770857 6760942 5370266 9350765 8190687 3250916 1030877 3730404 1030829 1030961 1030404 3730004 7310483 3730969 5370859 3730601 9350765 8190829 7980973 9350200 8790652 8790891 6761023 7310646 3730419 1030700 7310646 7310405 6760296 4330765 8190765 3730304 8190765 8190942 3730114 8190829 4630419 3250891 7530857 3700564 6990200 8190829 6990200 8190765 2760200 6760519 5370942 6760877 3731002 8190177
8340961 3700404 7530483 3950960 3950043 8190765 8870924 5370877 8190481 7310669 1030282 3730519 7310765 3730241 3731002 7310430 3730241 8190564 8790891 8190937 5370841 8190765 8190544 8190937 8190765 8340961 8790959 3700942 3700564 9710571 8600422 9710373 6760404 6760363 3730980 3730137 3730043 7311021 3730363 1030700 3731002 1030961 3730200 7980973 7310669 7310571 1940973 3680973 7310404 7310436 7640857 6350646 6760669 5370266 7531023 8870859 8190877 5370942 3731002 250424 6760646 3730241 6760229 5370829 7980973 3730241 1030877 7310207 1030877 6770857 7980973 1030282 7310646 1030282 8710006 8791023 4990829 3930200 8790205 7530841 3700404 8190942 8870924 4990857
3250129 8751023 3700404 3700404 7530226 8790430 7530483 8790430 6990228 8190829 6350177 8190937 8190564 9350430 8190961 8190937 8190877 6760916 8190859 8190483 8791023 3250891 8190877 6990481 4570646 1030829 7530857 6350928 6760371 8190765 7310601 7980973 6350891 3731002 5370877 9350765 9350802 10110404 7310877 7310916 7310829 7310969 9350888 6350857 6760404 7310687 7310430 6760601 6760646 7310214 5370829 3250857 7980973 7310483 6990481 6760891 9350765 9350200 6760481 7310571 7310857 7310430 7310227 7310601 7980973 9350404 6760404 3250916 6990200 3730877 6350857 7310931 7310404 7980973 6350877 7310404 6350857 9350404 6350857 3730928 6760481 6350765 7310601 6760404 10140601 1940973 7311010 7310483 7310646 7770942 9351023 7310564 7530857 8190942 8190564 6350114 10220857 3731023 3730877 6760652 6760419 3730942 7310916 7310405 6760857 6350928 3250129 7531007 3730942 8190229 3250857 7310601 7310646 7310404 7980973 7310835 10220857 7310004 6761007 7310765 5330993 9351023 6660160 5370200 8190419 7310969 6350404 6350857 5370877 6350404 6350404 6350404 6350877 3250200 8190765 1361023 7980973 7310765 7310004 6761002 10110857 6760829 9350516 9350765 5370829 9350741 9350404 6350601 9350802 9350571 6760700 4571023 6760371 5330282 7310282 7310841 9670857 3680973 7770419 6760785 7770765 6350571 7310924 6350928 5370200 7310430 7310282 6350857 7310430 7310700 6760404 6350765 6760483 6760765 9350177 6760564 5370564 6350829 9350829 3250857 9350829 7530200 9350924 6760765 6350916 3250857 7530859 8190363 6350404 9350765 6760877 9350419 3250857 7770765 9350765 7310404 6350765 7310693 7310533 8190729 8190829 8190942 6760841 6760601 7311007 7310765 7980973 7310404 7310765 6760601 7980404 4990765 6760829 3731002 7310765 6350601 8190564 10110765 3251023 5370877 6761002 9350765 8190419 7310200 7310646 6760765 7940973 7310404 7310877 7310646 7310571 1940973 4610973 7310829 7310891 7311002 6350877 9791002 6760177 5370877 9350404 6760177 9350483 3730404 6760877 9350102 7980700 7310601 9350765 5370877 3730829 3730386 7310404 7310877 7310404 7980973 7310877 7310404 6760483 6350765 9350404 6350891 7310564 3730404 7980973 7310959 5370266 9350200 5370829 1940973 7310004 6760266 9350765 6760857 7310765 6760404 8190765 6760961 8790857 6990857 4570646 8790891 7530177 10111023 6760930 7980973 6350891 8190942 9350765 8190564 7310114 7310646 7310700 6770404 4610973 7310483 7980404 7310430 7310564 7310404 3731002 6760857 6660404 9350829 6760646 5370571 7310646 7310601 7310877 7980973 7310601 7310601 7310404 5370419 4880973 7310161 4610973 7310646 1940973 7310646 4990857 3730241 9350404 9350859 8190877 6760564 3250937 9350404 6760601 9350404 8790857 4990601 6760404 5110004 7310200 7980973 7310877 7980973 7310765 7310891 7310765 7080973 7310266 7310961 7310700 7310765 7310877 7311002 6270652 5111023 5110549 7310266 7310765 7310564 7310829
6350891 5370419 8790891 3730241 9350580 6761023 7310404 1030601 7310129 1030404 7310986 3730700 8190894 8190829 4610973 7310241 9400973 7940973 1940973 7310864 7770177 6760645 9350765 9790961 6901023 9350888 3730765 7310483 7310920 7310765 7310071 7310492 7980177 7310404 7310043 4990857 7310533 4990043 7980043 9350043 8190765 730043 3250043 7310200 6770857 7310229 9350833 9350404 4610973 6770857 7310564 4330601 10221023 5370829 7530580 7310580 7980601 9350404 9350765 2760829 2760200 2760564 3730898 6350114 3251023 8190937 8190363 1760973 7310765 4880973 3730571 6770282 6770404 6770601 4990765 9350404 8791023 3250580 6770930 4320961 3250891 3730765 2370973 1030292 4880973 4880973 4880973 7310601 7980973 7310601 5370877 5370877 6990200 6041007 8870564 9350833 2760564 4990071 9070646 9350743 4990960 3730004 8791023 3730877 7310404 5370835 9350765 7770177 6350928 8190741 5370741 6760404 8190877 8190687 6760646 8790857 9790646 8190296 3730114 6760601 5370937 8190765 6760693 9350765 5370687 9350102 5370835 7980601 7980973 4880973 7310700 1030282 7980973 7310564 6770857 1030282 1030282 9790646 7980601 9350404 6760765 3700942 4320961 4320961 3700942 3930937 8790974 6350129 1030700 7310765 1030266 6770646 6770646 5370888 7310601 6350870 6770601 7980973 1030266 6350916 2760841 9350765 5370942 6350404 7530177 7310177 7310129 1030638 7310177 6770857 7310916 7310601 1030601 6770857 7310227 7310177 7310646 7310177 4880973 7310601 7310891 1030638 7310102 1030419 4880973 1030700 4880973 1030928 7310765 7310564 1030835 7310959 8790857 8190765 6760601 8190693 8190177 8190961 3250129 8870564 8190765 9350161 9350765 8790891 3730974 7310177 1030580 2370973 7310891 6770857 1030638 7310207 7310114 7310601 5370419 6760693 6760857 9350043 10221023 7310296 6761023 7310564 7310829 9350891 5370043 6350404 9350564 6350601 6760481 1030114 4880973 7940973 4880973 6770857 1030282 5370200 5370829 6760700 8190364 8791023 6990200 8190829 3250857 8790857 3730282 4630829
5370419 8870772 3731023 2370973 2370973 1030292 1030292 7310802 7310161 3731023 7310601 7980973 3730841 3730601 3730700 8190687 8190419 6351023 5370835 7310177 7310646 7310765 1030835 7310207 6760229 7310833 8790891 3230743 3250363 6760601 6760419 6760504 6351023 6761023 3730601 6760404 8190544 8190765 3250363 2370973 1030857 1030419 7310161 9400973 7310386 1030937 4880973 1030580 4880973 7310037 1030200 1030877 4880973 4880973 7310891 7310765 4880973 4880973 7310043 7310200 7310729 7980973 7310129 7980973 7311010 9350802 3730961 7310602 2080857 9350913 8190859 3251007 7311010 7980973 7980973 5370419 7310646 7310483 4880973 5111023 7940973 5111023 7940973 380004 380004 7940973 10110920 8791023 3250835 7531023 7531007 7770857 6760765 6350519 5370571 7310812 5370877 6350646 6760564 3250200 8791023 7530483 8791023 3250937 7530857 3470200 8190829 8190829 8871007 8190564 8190859 8190829 8790857 7530236 8190961 5370430 8190829 3730891 7980973 5370961 8190877 8790891 6990200 9350646 8190596 8190942 3730877 3730877 3730601 3730282 8191007 3730282 3730200 3730829 3730700 7311010 7310282 3730419 8190652 3730829 8190652 8190829 9350564 8190765 7310430 3730137 3250200 9350765 9350646 7310959 7310961 7310984 7310601 7310601 7310114 7310492 7310492 7310941 7310870 7310870 7310765 6350601 9350404 6350829 9350870 7980973 3730928 5370841 1030877 4880973 1030404 1030829 7310870 6760870 3730241 7310870 6760870 3730870 5370877 5370960 5370829 6761007 8190765 8190544 6760646 6761007 3730404 7310292 4880973 3730891 7310207 7310752 7310961 7311007 3230870 9350205 6760229 6350891 8190765 9350564 5490973 1940973 7310200 4990942 7311007 7310004 7310937 9350765 8190829 6351023 5110646 3730282 7530857 5110004 4610973 7310200 7310243 7310282 9350872 3230857 7310961 7310961 3730961 6350765 4990601 7310282 7310693 6760857 7310282 7311010 7310646 4990601 7310564 7980973 5370200 9350404 7771023 9350564 9350829 5650646 8190993 4610973 7310924 7310601 7311010 7310404 7310405 7980973 7311007 7310646 7310292 4990880 9350404 9350765 8190652 5370741 9760200 3250363 4990772 730652 4990601 9350870 4990942 9350266 5370829 4990857 6760481 4990765 7310292 7310596 6270880 4990282 3230857 3230200 9350765 3250363 8190765 4990772 910200 5371007 9350571 6760857 3730961 7310200 7311002 9350835 7530857 7310960 7311007 4610973 7310200 6770857 9350765 6350928 9350404 6350601 5110004 4610973 6770857 7310419 7980765 9350043 6350959 7530043 9350765 7310564 3730386 7310492 9350404 9350102 7310430 7310646 9350829 6350891 5370829 7980973 3730765 7310841 7310969 4090973 7310961 9350829 7310731 7980973 7310829 7310601 7310601 7310752 7311007 301002 9350404 8190560 8190363 8870571 8190765 9350560 8190859 8190961 6760646 8190859 8190960 7531023 7310292 3730228 7310646 9351010 8190877 4990857 7310601 7310196 9350870 3250857 2760200 7980177 6760481 8190687 2760364
4990601 8190870 9350829 4720877 8190282 7530236 9670857 7310961 10140601 6991007 5110370 7310969 6270857 7770419 6350937 9350765 7770857 6760580 8790857 3250496 4320961 4910961 8190937 6760404 5370201 850973 4320961 3700564 7310404 3730200 7310564 7310430 7310564 3250857 7310646 3250857 8790835 8190872 6991007 9761007 4610973 7310948 4990857 7770877 7640857 6760752 6760743 1940973 7310405 7980973 7310114 7310564 3730282 7310564 9350404 5370942 9350765 8190937 8790519 3700404 3700404 5110812 7310859 7770857 10110857 8790857 9350564 8791023 8190282 6350829 4570646 3250937 9790973 3250857 8190835 3730114 3730419 3730229 7980973 7310564 3730519 9350930 5370571 5370829 3250891 8190419 3270541 1940973 6760404 9350350 8190752 8190877 6991002 10110404 8790772 9710601 8790729 3250891 6990228 6990200 7530483 4990765 7531007 7531007 4720404 8790959 1940973 5110004 7310829 4571023 9350371 8190765 1940973 9350891 7770601 7530560 8790809 6350601 3730200 6350891 6760226 8790652 3700564 3230928 3250363 7980765 7310129 4880973 7310420 1030969 7310961 7310161 7310405 9350176 8870580 9350767 6350765 6350765 9350292 3930961 10140160 7530857 7240580 3700942 3250937
8190829 8790741 5110984 6270857 4990857 3250857 8190765 7310200 6350601 6760266 9350364 4571023 3250364 5370877 6760483 9350404 2760942 4320961 8190564 6990200 8790880 5110196 7310765 9350765 8790857 7310743 7310571 7310877 2760114 2760765 8790961 520071 4910481 3250937 6990481 7530177 6990481 7530483 3930942 3250857 3730564 7310960 7310483 9350687 7310430 9350752 9350564 6760114 9350829 3250835 8790161 8870829 7530483 6990200 9350829 3730229 7530560 8790880 6350404 4990857 6350891 8191002 8790857 4610973 9350200 4570857 3250937 4570646 8790835 6990228 8790891 8190564 9670969 8790519 7530226 9670857 3250363 3730601 7310829 9350930 9350364 4571023 5370266 6770601 2761007 730404 9350765 4571023 6991002 4610973 9400973 10220942 9350829 8190930 8790741 7530483 9350638 910519 850973 3230363 8790741 911007 7531007 850973 3230969 730601 10220857 7531007 10220646 6041007 9350404 6350114 7530857 3250857 3700877 3700564 9340973 9350743 10140404 10140177 8790857 3250560
9670857 8190937 9670857 8190765 3250891 4300961 3730601 3700404 9710857 9040229 8190687 3250161 7310741 7310405 9350266 9670857 8190419 8790857 3251023 6761002 8190741 7310282 4990857 3730601 7310405 7310984 7310601 8190877 6760765 9350564 8190229 6350891 3250363 8190363 3730564 6350916 5370829 8190942 6760404 8190829 3730877 4571023 7530483 4720404 6990228 1940973 10140812 6350404 6760601 8190829 8190430 3230404 4720969 8790430 8870564 6990228 8790430 6990200 8190765 9040229 7530857 3250363 8870571 6350829 3730236 6760229 8790891 8790430 8790430 3250363 6990228 7310857 3251023 7310161 6760973 3250496 7530483 9040229 8790430 8190993 8870829 6760404 8190829 7530857 6040857 3250916 8790891 4910481 8790835 8790857 8790430 1940973 7310282 7310857 7310404 3730200 7310765 7310564 7310928 7310669 6350857 3730829 8790857 3730405 9350404 8190765 3730004 8790872 3250857 8190765 3730877 6760601 3250857 7980973 3730961 3730114 8190419 3730241 3730580 8190942 8790857 3730993 3230404 4911007 3730404 6760404 8790857 6990857 8190765 1030292 6760973 3730716 6760069 3730993 3730601 6990857 8790872 8790857 8790857 5110282 10140404 3730981 8190765 3730386 6760652 4720877 3730004 2370601 6350601 6350857 3730601 8790857 3700404 8790959 8190829 3730004 6760942 1030877 6990481 7310741 9670857 9350765 5370371 6760516 8790857 6990729 6350891 8190765 6760942 3730404 8790857 3730700 9350404 8190765 8190877 7311010 8710923 6760646 9350580 8190765 3730877 3730646 8190877 10140857 6760857 8190419 2370973 8790857 8190430 6760564 8790857 3730961 8190877 8190877 6990857 4570646 6760896 8790857 8790430 6760700 3730419 5110004 7310292
8870419 9040229 8190877 7530483 4630571 3950960 6990228 9350404 3730877 6040857 3730891 3730296 8190564 6990481 9040229 3250916 3250857 8190765 8790430 4910481 8790835 8190419 3250857 910700 8790959 9670646 9670646 6990200 8870564 8190877 4630877 9670646 7530483 8790857 4320857 6990200 8790891 7530857 7530857 8190419 3250937 7530483 9670857 8790857 8870859 8190765 7530857 9760729 4720877 4910961 3250891 3250937 3250937 8790891 3730430 8190564 3730829 7310564 5370200 1030419 7310601 7310404 1760973 1030877 3730829 7980973 9350404 7310004 6760857 5370829 4330404 3730241 7310533 6760891 7980973 9350404 8190419 3730419 3730266 3730891 7980973 3730785 7310177 4880973 4880973 4610973 4880973 4880973 380004 7310898 4880973 7310296 4880973 4880973 4880973 4880973 1030419 7310942 7310102 7310161 6760829 3250937 8870006 6990200 8190829 6760857 3730004 6760102 7310601 5370560 10110857 5370687 3250857 8790729 3250937 8190765 8790129 3730829 6760564 4910857 6760483 8190229 9350891 1030200 3730601 7310564 6350891 7310564 4880973 4880973 7310564 6770857 4880973 4880973 1030638 7310177 7310415 7310601 1030877 6770404 7310177 3730404 7310765 7310533 9350765 6350601 5370877 6760404 9350765 8790857 4571023 3700404 3730877 6350601 3730729 2370973 3730420 1030404 7310765 7310161 7310669 1030829 3730785 1030292 2370973 7310564 4330601 6760942 8340961 6760519 10110364 9350404 4720877 8340961 8791023 7770877 4911002
3730829 8190201 8790857 6990481 6991002 8190765 7530236 8190877 3730829 3730519 8790857 3730241 6350114 4910481 6760973 5370201 6760564 6760973 5370877 3730404 3730386 7310161 1030404 1760973 7310404 8190177 6350601 6760266 3730716 3730137 6760481 3730296 6760973 5110004 7310371 7310765 10221023 9350829 6761023 6351023 8190414 2760765 9710601 3250857 3730785 7310891 7310430 7310564 7310891 4880973 4880973 380004 4880973 4880973 4610973 7940973 4880973 7310161 4880973 7310200 7940973 4880973 4880973 9400973 4880973 4610973 4880973 4880973 7310229 4880973 2370973 7310386 1030282 7310404 6760483 9350404 6760177 3250916 8190564 8790857 8190820 8190516 4570857 3250785 5370877 3250785 5370877 3730765 6760404 9350765 3730601 5370870 6760942 7310646 6760961 6760296 6761023 6350891 7310601 7310765 7980601 7310601 6350404 8190765 6760700 6760601 910741 2750496 2280282 9760200 7530835 9760200 8790835 6990200 6760560 8190765 6760772 8190519 6770601 5370974 6770646 6770601 2760687 5370942 6760177 7310646 7310596 7310700 3730229 7980973 7980519 3730241 8190877 9350404 8790430 7530560 6760481 6990200 3700404 8870829 6760404 1030829 7310227 6760404 8790857 8790857 3730404 7310229 1030877 7310765 6350404 8190829 6760404 8790177 6760404 1360481 6760404 6350891 2570877 6350891 6760601 8190687 3730137 6760646 9350669 8190481 6760404 3730241 1030829 4880973 4880973 4880973 4880973 1030601 7310129 4880973 7310177 7980973 1030571 7310829 7980973 7310564 6350765 9760857 3730700 8790430 6990228 6990200 6350765 8190765 8870571 4910481 910282 4911002 5490973 7310571 7310601 9350687 5650857 2080857 6990228 3250857 7530226 8790430 3700176 8790959 6760404 2760765 3250937
1030601 381010 4880973 4880973 7310114 4880973 2370973 6770857 7980973 7310466 5370877 6760973 6350404 4910857 9350829 6760700 9350404 5370419 5370829 6760841 3250857 3730877 3730404 3730296 7310129 1030829 1030877 1030404 1030877 3730519 3730700 1030928 7310177 1030877 7310646 3730829 6760601 9350404 8791023 8190877 6990200 3700404 3250363 6991002 4910481 6990729 6990729 6991002 8790835 8790959 3700877 6760877 7311002 6660961 9350516 9350228 4630424 4630200 4630200 1760973 4630386 4631007 1030043 1030961 1030961 5370200 3390043 1760973 1030282 1030282 1030282 1031002 6770857 6770292 1030292 4880973 4880973 4880973 4880973 4880973 4880973 1031002 4880973 6770857 6770857 6770857 7311002 6770282 6770857 1031002 1030282 4880973 1030961 1030200 7980973 1030292 8191023 8191023 300872 7530859 4610994 7310466 3731002 7980973 7310857 4880973 7310292 3730200 7310898 7980973 7310004 7310765 3930601 4630961 5370961 3950043 6040857 6760646 3250857 6040857 3730841 7311021 8620857 8190430 4630424 3951023
8870829 8790959 3700877 3700404 3950371 7530483 7530483 3700404 3250363 4910481 4320961 8870829 7530560 9760729 6990729 8870859 7530483 4320857 7530857 6990729 9350404 4330601 1030371 1030404 7980973 4880973 6770857 7310891 1030282 7310519 1030638 1030114 1030835 7310601 1030700 7310564 1030282 4330765 5370942 2760765 6350601 6350601 6350646 8190430 7310430 1030282 4630772 7980765 9350974 3700404 6990729 8790741 520741
520752 520371 3950960 4320961 520071 6990228 3700942 730937 3930961 8790961 910928 8790729 10110920 3250916 8190177 5370942 9350765 8190942 5370942 8190564 3700404 6040857 6760973 7310693 2760596 6270973 8190969 8190765 6990200 8190765 8190765 2760888 2760841 8190564 9350812 3730386 3730422 3731007 1030282 1030638 1030638 1030877 1031010 2370973 2370973 1030114 4880973 4880973 1030419 4880973 4880973 4880973 1030829 4880973 1030370 6770857 4880973 1030829 7980973 1030282 3730601 8190043 9350913 1030282 7310161 1030282 1030961 1030638 7310404 7310492 1030282 1030571 7980973 7980973 1030829 1030419 7310646 7310669 1030282 1030994 7310483 1030282 1030969 1030266 7310564 1030829 1030928 7310891 1030829 1030282 4330857 7310924 3730241 7980973 6770857 3730241 2370973 7310700 3730241 4630877 8190942 8190687 2760928 8190371 2760729 5370419 6760481 7530857 8190942 3730519 8190765 5370741 5111010 5110004 7310266 850973 5110004 7310877 6350765 9350765 8791023 4630877 3730519 7310161 7980973 1030282 7980973 9350404 2760829 3700857 8190483 520519 8190829 8790974 2760754 8190144 7530857 8190877 8790857 8190859 2370973 3730419 8790857 4910961 1030571 6351023 6760519 2760144 3700519 250144 7530483 7770857 7530857 3730404 1030829 9350687 8790891 8190942 3730266 8190371 3250266 3730580 3250857 6760920 7310266 10110857 7640857 7770942 6760419 8870859 5110571 7310266 7310404 10220857 3250363 6760430 1030835 5110004 7310835 6350371 380638 6350700 6350700 6760519
4630994 3730772 3730419 4630200 3730700 3730829 3730891 7310916 4630829 3730404 3730596 9350802 3730928 3730984 3730601 1030282 3730994 1760973 3730544 3730877 3730937 3731002 3731002 3730404 3730430 3730765 3730404 3730974 7980973 3730200 3730700 1030282 3730419 4630371 7310646 3730241 3730363 3731002 3730200 3730829 6760601 1030984 3730765 3730928 3730200 3730928 3730601 3730404 3730980 3730765 3730898 3730241 4330857 3730700 3730200 7980973 1760973 3730544 6350942 3730241 2370973 3730519 3730942 3730994 3730200 3730928 1760973 3730877 10140519 6761023 3730829 7310129 1760973 9350765 3730877 3730700 3730765 3730430 3730419 3730228 7310646 7980404 3730430 7980973 1760973 3730544 3730200 6760646 7980973 1030969 3730928 3730419 6760857 3730891 3730765 3731002 3730765 7980973 3730296 3730519 3730200 3730200 3730200 3730571 3730928 3730877 6760994 7980973 3730200 4330857 3730363 3730601 3730200 2370973 3730993 3731002 3730765 7980973 7310646 3730571 3730877 3730404 3730928 3730363 3730841 3730363 3731023 3730981 3730891 4330857 3730200 3730891 3730974 3730981 3730765 3730974 3730729 4330765 3730601 3730785 3730974 3730296 3730200 7310601 3730200 1760973 3730981 3730282 9350419 3730228 3731002 6350765 3730266 3731023 6760404 3730596 3730937 7310646 6760601 3730700 3730974 3730419 7980404 3730993 3730841 3730974 6760765 3731002 5370942 3730580 4330857 2370973 3730765 6350177 3730564 3730870 7310601 6760857 7980973 6350857 3730241 1760973 3730266 3730519 3730544 7310214 5370071 9350891 3730601 1760973 7310646 3730564 3730241 7980973 5370942 3730765 3730229 3730942 3730765 7310430 3730601 3730241 7310646 3730928 3730404 3731002 7980973 6760891 3730974 3730519 3730404 7980973 3731007 3730928 7310161 7980973 3731002 7310646 3730877 3730114 3730544 6760177 3730404 3730601 3730700 3730241 3730564 7980177 3730580 6760857 3730859 6761023 7980974 7310646 6760857 3730266 6760765 3730241 9350415 6760857 3730519 3731002 3730241 3730829 3730829 3730700 7310765 3730974 3730229 7980974 1760973 7310812 3730937 7310560 3730829 7310669 3731002 3730601 4331010 3730891 7310596 3730937 6760857 3731002 10140205 10140973 7310282 7980973 7980973 3730386 7980973 3731002 7310646 3730241 1760973 7310960 7310282 7310924 7310752 7310430 3730228 7310430 3730229 7980857 3730829 9350891 3730241 7980601 7310404 3730430 3730729 3730266 7310646 3730386 6760404 1760973 3730296 6760652 3730765 3730974 3730404 1760973 3730404 7980973 2370973 7980973 4630829 7310646 7980973 3730241 6760481 3730200 3730266 3730519 3731002 3730891 7980973 1030877 3730114 3730974 3730974 3730241 3730877 7980973 3731002 3730137 7310404 3730564 7310669 6351023 3730601 3731002 7980974 1030419 3730200 3730891 3730241 3730877 3730114 3730404 1760973 1760973 7310129 3730601 5370974 7310646 3730829 3730942 6351023 3730114 3730969 7980973 3730891 3730229 7980700 4630200 3731002 3730404 3730646 3730296 3730877 3731002 4330857 3730974 7980765 3730974 7310829 5370492 7310700 7310646 6761007 7980973 3730200 7310669 6760857 7980973 7310669 3730422 3730241 1030877 7310841 3730974 3731002 3730404 3730974 3730829 1030835 4630833 7310161 3730974 3730942 7980973 3730891 3730700 3730974 9350177 3730419 3730785 3730601 7980973 3730236 3730419 7310483 3730404 3730841 6760481 4630580 7980973 3730364 7310646 6760877 3730200 3730980 3730942 1760973 3730877 3730942 3730363 7310646 3730829 1030114 9351023 3730829 3730241 1760973 7770857 3730228 3730937 3730829 3730937 3730404 3731002 3730877 3730980 3730241 3730974 3730241 9350200 4330857 3730829 6760942 3730729 7310601 6760857 3731002 6350765 3730942 3730601 3730772 3730700 3730969 3730363 3730241 7310916 3731002 3730877 7980973 3730980 6350857 3730898 3730942 3730419 3730200 3730974 3731023 7980973 3730877 7310564 3730363 6760928 3730928 3730386 3730829 3731002 3730829 3730981 7310891 3730924 7310959 6760481 3730419 3730404 3731002 5370200 3730404 4330765 3731002 3730829 7980601 3730785 3731002 7310969 7310646 7980601 5370961 7310969 3730969 6760969 9350765 3730519 3730891 3730228 3730241 3731002 3730974 3730829 7310859 3730937 6760404 3730200 9350765 3730700 7980601 6760564 3730229 3730928 7310646 9350161 7980974 3730200 1030928 3730942 3730371 1030829 6760857 9350802 3730974 6760857 3731023 6760857 3731002 3730814 6760857 3730765 3730114 7980700 3731002 7980601 6760857 3730404 1760973 7310404 3730928 6760481 4330857 3730785 7310646 3730430 1760973 3730961 7310405 1030282 7310646 3730601 3731002 3730200 3730765 1760973 3730229 3730765 3730829 1760973 3730404 7310601 3730942 3730266 3730564 7310646 3730974 5370424 3730974 7310564 3730729 3730241 7980973 4330857 3730228 6351023 3730841 1030937 6760200 6351023 6760601 7980973 3730974 7310177 3730404 7980177 1030282 7310986 6760646 1030877 3730969 7980700 3731002 3730386 3730241 3730241 3730833 3730137 3731002 3730928 7310601 3730200 7310646 7980973
3730994 7310420 1030370 7310420 5110395 1940973 4610973 7310266 7310415 7310200 5110564 7310161 7310765 7310049 7310765 6270857 1940993 7310961 7310937 7310700 7310747 2370973 7310571 7310207 7310646 7310161 7310646 7310601 7980973 7310924 3730974 7310129 7310646 1030829 2370973 7310765 3730200 7310564 3730974 2370601 7310601 3730980 7980973 1030829 7980973 7310129 2370973 7310646 7310177 3730200 3730200 1030282 7310404 3730200 7310669 7980973 3730519 7310200 7310564 1030518 7310765 7310129 1030638 7310601 7310519 7310601 7310601 7310492 1030969 7310601 7310129 7980973 7310571 7310700 7310161 7980973 7980973 2370973 7310129 3730200 7310765 7980973 7980973 7310200 1030969 3730200 7310880 7310601 7310601 7310404 3730200 7310646 3730519 2370973 1030282 7310601 3730974 7980973 7310646 3730296 7310891 7980974 7310601 7310693 1030419 7310700 7310765 7980973 7310129 7310200 7310765 7310161 7310646 2370973 7980973 1030282 7980601 7310492 7310492 7310200 7310941 7310898 1031007 2370973 7310646 3730580 7310942 7310114 7310669 7310266 7980973 7310596 7310859 7310700 7310646 3730419 7310564 7310765 3730200 7310492 7310646 7980973 3730404 7310891 7310669 3730200 7310646 3731023 7311002 1030282 7310571 3730200 7980973 7310564 7310601 3730200 7310596 7310646 7310177 7310404 7310404 7980404 7310601 3730200 7310891 7310669 7310646 7310129 7980973 3730200 7311021 7310102 7310700 7310129 7310601 7310916 7310601 7310646 7310601 7980973 7310161 7310004 7310161 7310765 7310161 1760973 7310404 7310601 7980973 3730266 7310161 7980973 7310841 7310161 2370973 7310601 7310765 7980973 7310646 7310959 7310891 3730891 7310580 7310601 7310430 7310646 7310227 7310200 7980700 7310891 7310646 7310646 7310646 7310114 3730200 5110984 7310687 7310743 7310896 7310560 7310743 7310601 3730386 7310207 1030580 7310700 7311007 6760200 3730200 7310669 2370973 3730386 7310037 7310601 3730200 7980974 7980994 2370973 7310404 3730729 7310646 7310693 7310207 3730241 7310669 7310564 1030282 7980973 7310877 3730898 3731002 7310877 3730200 7980973 7310942 7310646 7310483 7980973 3730898 7980973 2370973 7310228 7310228 7310651 1030282 3730200 7310404 7980857 7310646 7310404 7310404 3730898 7310161 1030969 7310872 2370973 7310646 3730200 7310161 7310404 3730974 7310161 7310404 3730200 7980973 7310646 7310564 1030601 7310129 7310114 7310877 7310420 7310496 7310700 3730829 7310700 7310580 2370973 7310646 7310430 7980973 7310646 7310420 3731002 7310959 7310177 3730200 7310959 3730829 1030282 7310765 1030829 3730961 7310891 3730296 7310404 7980114 7310646 3730200 7310961 7310564 7310560 3730829 7310564 7310646 2370973 7310646 7310646 7310601 7310129 7310765 7310200 3730928 2370973 7310601 7310928 7310877 7310646 7310430 7310177 7310129 7980973 7310700 3731002 2370973 6760177 7310646 7310404 7310765 1030877 3730981 7310765 7310430 7310564 3730974 7980973 7310765 7980973 3730229 7310601 3730386 7980973 7310646 7310669 7310765 7310564 7310646 7980973 7310646 7310651 3730241 2370973 7980974 7310601 7980404 7980973 7310601 7310564 3730422 7310646 7310564 7310765 2370973 7310669 1030282 9070652 7310646 3730841 7310601 7310646 7310765 7310891 7980973 7310700 3730974 7310747 7980973 7310466 7310959 7980857 7980404 1030282 7310601 4330857 7310765 7980973 3730700 7310419 7310129 7310700 1030292 7310161 7980765 7310564 3730829 7310466 7310941 7310533 2370973 3730266 7310669 5111023 7310266 7310765 7310646 7310483 7310765 7310564 7310942 3731023 7310601 3730229 7310129 7310601 7980973 7310646 7980765 7310404 1030292 4330857 7310564 7980973 7311007 1030857 7310765 1760973 7310646 3730785 7310601 7980973 3730200 7980177 7310937 7310891 7310564 7980114 3730974 7310564 7980973 7980973 3730241 7310646 7980973 7310891 3730241 3730200 7310765 7310601 3730898 1030282 7310601 7310404 1030282 3730200 7310564 3730386 7980974 7310564 7310004 7310483 7310601 7310580 7310948 7310404 7310560 7310872 7310700 7310747 7310601 7980857 7310969 7310646 7310564 1030282 7310049 7310765 7310161 7980973 3730200 7310646 7310404 2370973 3730519 7310646 3730859 7310877 7310227 7980973 7980601 7310646 7310161 7310161 3730241 7310404 7310841 3730266 7310161 6760296 7310601 3730531 7310102 7310693 3730363 7310669 7310916 7310841 7980973 7310564 7980973 6760419 7310765 4330857 2370973 5370419 7310492 3730200 7310646 7310129 3730200 6760652 3730877 7310835 7310841 3730841 7310646 7310177 7310404 7310404 7310700 7980973 3730829 7311021 7980974 9790961 6760177 7310765 7980973 3730200 7310959 7310700 3730729 7310700 2370973 7980973 7311021 7310959 7980973 3730974 7980765 7310942 3730114 7980973 4330857 3730200 7310700 3731002 7310959 7310129 7980973 7310114 7310207 3730363 7310931 3730241 7310765 3730200 7311021 3730974 7980114 7310891 7310564 7310114 3730200 7310161 7980973 7310601 7980601 7980857 7310646 3730386 7310646 7310891 7310765 1030282
2280282 3700741 3470200 4300961 520571 1030829 1030043 4330857 5370266 8190942 8190829 8190961 5370564 8190765 3250857 8190071 9350765 7310564 2760200 5370043 2760114 3731023 1030857 7310129 7980973 1030292 7310420 7980973 4880973 7310404 1030282 7310177 1030292 7310646 7310483 7310241 9351023 5370200 7980700 8190877 250942 4320961 6041007 520857 4720877 3250961 4720424 4720859 3950371 910114 8190516 3950960 3950371 3250363 8190363 3700404 8190687 3250937 2080872 3250937 8190687 1030282 1030282 3730241 7980973 1030835 7980973 3730841 8190829 6350700 2760829 6770601 5370266 3730785 7980973 7980973 9350483 6770857 6760580 7980765 1030282 5370877 8190942 6760646 3730829 3730891 3730371 3730200 3730043 6760404 7310986 7980973 1030829 7310959 7310857 7310646 7310669 7310646 3731002 7310646 5370841 8190071 1030829 2370973 3730898 6770857 4630829
1030994 1030292 1030984 6350129 5370419 7980973 6771010 1030282 1031002 4880973 1030282 4880973 1030638 1030638 4880973 4880973 1031002 4880973 1031002 1030292 1030282 4880973 1030282 1030638 3250560 8190765 8190729 5650752 9350896 9760964 4990071 9350896 5650920 6760896 9350176 7310071 7310282 7310430 6760700 9350687 7310596 6660176 6760601 8190896 9350419 9350765 8190896 6350646 9350765 4990969 730404 3250200 1030266 8190363 1760973 8190363 5370200 6350916 6760601 6760177 1030571 1030200 9400973 4880973 9400973 1030200 1030928 7310161 7980973 7980973 5370419 1030841 1030772 1030200 1030200 1030200 4880973 1030200 1030571 1030857 1030200 3730772 1030282 1030114 3730765 4330857 7980973 3730687 7310564 6350765 7310646 1030282 9350200 1030266 7310646 7310651 5370772 6760646 7980974 1030282 1030200 3731002 2370973 7310891 7310037 4880973 2370973 7310004 1030282 7310466 6770857 1030282 5370266 7311007 4990857 9350580 9350765 9350646 9350580 9350959 9350371 9350765 5110800 1940973 9350200 7980973 7980973 7980973 4990752 3231023 5370560 7531007 5110995 4610973 6270652 7310829 4610973 7310371 10140601 8870424 5370752 3470580 7310646 910200 4990829 2750857 6270880 6660812 3230928 9350752 5370371 9710200 8190937 9350161 4720544 7530772 3700969 4990857 4990363 7310282 9350200 5370937 9350404 4610973 7980973 4991010 3730898 1760973 8190652 8190872 7090973 3731023 3730364 4630004 4630357 4630160 1031010 5490973 7310292 4630200 4630200 4630200 1030292 3730898 4630282 8350857 4630200
3950994 8791023 1030928 1030419 1030835 1030404 1030282 1030580 1030580 1030829 1030829 1031002 1030419 1030200 2370973 7310646 1030829 5370841 8190829 5370200 9350571 7980973 3250916 9350364 8190518 3701023 5370687 5370877 7790752 4720741 4040601 4990942 7790200 8190687 9350646 8790700 5370829 9350430 5370960 5370877 2760942 5370829 7531007 7310037 4880973 6770857 5370266 6760973 5370371 7310700 5370419 3250363 8870424 8871007 520266 1760973 8790891 4990282 6270857 1940973 6270973 7310282 7310646 7311002 9350930 9350580 2760043 9350404 4610973 9350404 6660404 7790687 8870829 5370877 5370200 7310241 5111023 4880973 7310004 7310916 9350430 8190765 5370942 3731007 3470200 8190765 7310241 7310492 7310207 9350646 6350959 8191007 4040601 9350888 3250363 3250937 8190835 7310161 6770857 730969 8790888 8190363 3730282 9351023 7311010 250518 3250891 520961 4040071 520743 910841 8190483 910937 8790891 4720877 520266 8190419 730404 2280580 4720859 8790430 8790430 910841 4990282 3930829 3931023 910928 5370829 5370841 9760205 7530200 3700404 910200 7310564 9350564 730729 4990646 8790969 3250496 4910481
3951023 9350527 5370984 8191002 9350646 5370841 8190544 8190544 4630282 8190544 8191023 4630282 9350646 4630282 8191023 5370961 5370961 5370961 5370961 4630282 8190363 6760961 6760436 6351021 6350857 1030937 6760842 5370571 5370571 1031002 1030638 1030969 1031002 1030292 1030200 1030969 1031002 1030282 1031007 4880973 1030638 4880973 1030043 1030043 1031002 1030772 1031002 4630386 1760973 3731002 1030292 1031002 7310037 1030913 250961 1030004 1030580 1030292 1030646 250043 5330282 7310877 7310924 7310571 7980973 7310687 9350646 1030646 4990857 1030043 1030363 1031002 1030646 1030282 1031002 6770857 6771010 1030638 4880973 4880973 1030282 1030282 1030984 5370200 8191023 1030646 1030004 5370930 1031002 1030857 1030638 1031010 1030282 1030729 1030961 5370841 3951023 1030729 1030857 1031002 1030282 4880973 1030969 1031002 5370200 1031007 5370772 1030646 250772 5370870 5370544 1760973 1031002 5370544 3390043 3950930 5370754 5370544 4630772 1030043 1030043 5370043 250043 5370518 5370043 3250894 5370894 5370200 6770292 1030961 4880973 1030200 1030282 1030961 6770646 1030969 1030913 3391002 250969 5370544 250969 1760973 4880973 6760973 2370973 380004 7310596 6350973 6760436 9350404 9070961 5370266 5370877 6760973 3730519 5370571 5370841 8190877 6760404 6760226 8190687 8190519 7310765 7310129 1760973 8190363 9350974 7980973 6351023 6760841 3730829 6760857 3730829 7310214 7310071 7980519 7980973 1030282
4630969 4630937 3731002 8190693 8340857 7531023 8190363 1030984 3951023 3951023 3951023 1031010 1760973 1760973 5370200 1030984 1030282 5370043 1031002 1030994 1031002 1030994 7531023 7310102 7980973 7310941 7980973 7310436 7311002 7980973 1030282 7980973 7311002 7310492 5370937 1030282 7980973 5370571 4910770 2280519 7530835 4630200 1030292 1031010 1030632 1760973 1031002 5370544 5370481 5370974 6350129 5370419 4630200 4630969 8790161 3731023 1760973 1760973 1760973 5370571 6760942 3250363 7531023 3950043 3391002 8791023 6760481 6660770 1031010 1030646 3730765 7310419 7310571 7310984 7310483 9350645 8190937 6760859 5370518 250424 1030638 4880973 4880973 4880973 1030200 4880973 4880973 4880973 4880973 4880973 1031002 1031002 1031002 1030638 1030969 1030408 1030292 1030292 1030638 1030292 1030282 1030857 1030282 4630930
4630282 6760973 5370841 7980973 8191002 8190646 8190961 6350857 6350937 9350669 3731002 3730693 8191007 8190481 1760973 3731002 3731002 4630386 3731002 8190519 8190363 5370571 8191007 8191007 5370841 8190961 8190646 8190519 4630580 8191007 5370841 7530857 6760436 6760669 5370841 8190363 3731002 7311007 3731002 6760857 3730496 5370942 8190544 3730282 6760973 8190888 6350601 5370071 3731002 8190942 8190859 8190937 4630424 4630424 8191002 8190646 8190481 8190961 8191007 7980973 5370877 8191007 3730928 8190518 7980973 4631007 8190646 5370841 5370282 7980973 8190544 3731002 8190519 8190961 5370859 8190969 8190544 3730519 8190969 8190646 8191023 8190961 8191023 8190969 8190519 8190544 8191023 5370266 8190646 8190363 8190913 8190961 8190363 8190544 8191007 8190519 8190544 8190544 5370424 6760969 5370841 8190859 8190646 8190544 4631007 5370424 8190544 8190544 8190961 8190544 8191007 8190646 8190913 8191023 8190961 8191023 8190646 5370424 8190363 8190765 8190765 8190969 8190961 8191007 8190969 8190646 8190481 8191023 5370937 8190961 5370266 8190544 8190519 8190544 8190519 8190961 8190961 8190544 8190646 8190544 3731002 8190544 8190519 8190518 8190544 5370841 8190363 5370841 8190544 8190519 4630282 5370841 8190646 8190913 5370961 4631007 8190228 4630961
3250857 3250161 8870580 7530857 3250371 3250266 3250560 8190937 9350266 9350430 7310419 910363 520519 8870571 9350571 7530560 3730937 3250363 3471023 3250363 7310993 8190888 9350859 8190937 7310937 8190770 8190363 5110004 9710531 5650752 520859 8790729 7310419 9350580 2760960 9710995 9710864 7530835 6350857 8190930 9350266 10220857 3230857 3250835 7310580 8720857 6350770 7530857 3250857 9350200 7310129 7310938 6350571 6760363 9350741 9350560 6350924 9040580 3730928 4990857 5370880 9351023 6350857 7310669 9350527 9351023 8870580 8870518 8871007 7530857 9350419 7530857 3250857 1940973 8060973 7310700 9350829 9350913 7530560 9040864 5370859 9350200 7310669 3730580 6760857 9350043 7531023 9350404 7310937 7980973 9350571 3250961 9350580 8870870 8190481 4630282 520969 9350241
4630994 3730898 1760973 4630200 4630200 7980973 3730961 3731002 3730571 8190292 7980973 4630200 3730363 4630200 7980973 3731002 1760973 1760973 5370200 3730961 4630200 1760973 8190645 3730928 3730898 3730419 5370974 1760973 3730700 3730700 3730299 3730004 3731023 7310931 7310835 6350266 3730386 7980973 5370835 7980973 4630961 1760973 6761023 3730700 3731002 3731002 8190652 5370937 1760973 1030841 4630580 3730004 7980973 3730646 3730646 3730841 3730928 1030363 3731002 3730571 3730266 3730004 4630282 4630200 3731002 3730928 1760973 6761023 3730544 1760973 7980973 3730898 3730984 1760973 3731002 3730544 3730241 1030282 4630386 6760645 3731002 9350419 3730363 3730729 1760973 5370571 7980973 3730363 7980973 7310646 7310492 4990571 3730961 3730200 3731023 3731007 3731023 5370200 3731007 6760877 3730700 3730004 5370829 4630200 8190481 3731002 3730646 5370841 3730386 3731007 3731023 8191023 1030282 1760973 3730241 1760973 4630200 3730646 1760973 3730870 6760669 3731023 3730004 8191007 1760973 4630200 1030282 3731002 3730700 4630386 4630200 3730519 1760973 7980973 3730984 3730241 7980973 8191023 5370266 4630282 8190961 5370841 8190961 8190544 3251023 8190652 5370200 3730961 5370841 5370161 3731007 3730004 3730993 6760419 4630282 7310004 5370841 1030419 7980973 8190363 3730765 8190519 7980973 8191023 4630969 6350646 5370266 6760363 6760842 4630877 7310669 1031010 6760857 3730693 3730898 8190292 5370571 8190419 5370419 8790857 6760363 3730693 8191007 6350646 3730859 8190363 5370841 8190765 5370859 8190937 8190646 6350646 8190961 9350646 5370841 5370544 5370859 4630961 8190913 8190937 9350765 5370937 5370937 5370424 1030292 5370200 6761002 5370833 7980973 3730266 3730004 1030419 1760973 7310841 1760973 6760519 6351023 3730700 3730241 3730363 3730961 1760973 1030282 3730700 1760973 3730841 8191007 3731002 3731002 7980973 4630282 3730241 1760973 7310646 1030282 3731002 3731002 3731002 5370200 1030282 3730241 4630200 7980973 3730898 6761023 7980973 1760973 1760973 3730299 3730693 5370161 1030969 1030363 7310646 1760973 1030282 1760973 4630200 4630200 1760973 3731023 4630200 1760973 7310941 3730371 3730898 6350857 9350200 1030857 3730814 5370571 6760857 7310859 7310841 7310937 7310693 6760872 7310693 3730937 3730693 3730200 4630386 5370419 6761023 1030363 7980973 1030638 1030638 3730993 1030363 3730241 3730960 3731002 9350200 7980973 8191023 3730386 1760973 7310646 1030646 1760973 5371010 7980973 4631007 3730700 5370571 3731023 3730961 1760973 3730870 3731002 3731002 1030282 1030282 3731002 6760857 3731002 3730200 4630200 1760973 5370424 3731007 3731023 3730228 7980973 1030282 3730241 7310483 10140496 3730241 7310646 6760928 6350928 3730200 7980973 4630200 3731002 3730241 7980857 4630580 3731002 1760973 7310653 3730700 1760973 3731002 1030638 3730519 3730228 7980973 4630200 1760973 3730961 3731023 3730580 1030913 7980973 7310961 7310004 7310870 7980973 5370266 6761007 8190877 3730814 7310646 7980973 8190646 4630243 3731007 3731002 3731007 3730200 7770857 3731007 3731023 3731002 3730004 3731002 3731002 6350652 3731007 1760973 6350857 6350857 8190363 1030282 8190363 5370266 7980973 7980973 4630200 5370841
3950994 7310941 3731002 6760973 6350857 5371010 8190363 5370200 3731002 1760973 3731002 5370200 3730386 9351023 1030984 1760973 8190364 9351023 6760646 5370544 6760700 7770765 5370571 5370687 8190364 6351023 3730993 8190544 3730519 8190519 1760973 1030282 1030282 4630200 1760973 1760973 7980973 1760973 6760741 7640857 3730571 5370835 8190419 5370835 8190481 5370937 7770857 6760859 6350741 6350646 6350857 6760669 6350857 6760857 5370942 6760371 10140212 6350741 7310928 6760752 8190960 10140601 6350924 7310924 6760693 6760859 5370841 9350765 5370841 5370571 5370841 9350859 5370571 5370841 5370571 3730299 3731002 5370200 8190969 8191002 3730241 6761002 6760363 6350646 5370937 3730859 6351023 9351023 5370571 3730961 5370518 3730519 3731023 1760973 5370200 8190969 5370200 9351023 8190363 9350859 3730241 6760969 5370266 4630580 3730519 9350200 5370937 6760646 5370877 6761002 3730993 6351023 8190937 6760646 5370645 9350580 8190043 3731002 4630282 5370266 5370937 1760973 6350928 6760857 5370937 5370937 6350646 3730228 1760973 1760973 3730700 5370937 3730993 6760857 3730363 6350646 5370741 6760994 6760859 7770857 6350646 6760741 5370560 5370371 5370859 5370424 1760973 7980973 4990646 9350645 5370841 9350646 8191007 5370859 5370937 8190544 8190544 4630424 8191023 4630571 5370752 6770857 7980973 1030961 7310646 1030282 1030363 7311002 1030841 5370200 5370071 5370829 5370841 9350974 8191023 9350646 8190518 9350646 8190646 3731002 5370200 1030282 5370200 4991023 1030969 5370200 5370200 7310492 1030282 7980973 7310049 7640857 7640857 8330560 6350414 6760928 6760669 8190859 9350571 8190363 5370841 5370942 5370859 8190859 5370841 5370560 8190859
7980994 730928 8870571 3731002 7940973 4880973 4610973 7310200 1030292 7310200 4880973 7310228 7310646 4630772 4610973 10220200 7770765 7640857 4990571 7770601 730752 4720371 7530841 7530859 7310419 7311010 6660770 4990043 8190462 3930601 9040836 3930043 10220200 9350859 7531007 4720404 8870829 4991007 10110580 8790961 7530859 7531007 4720961 6760404 6350857 9040229 7241007 3701023 9070282 6350928 9350782 250292 1030292 1030282 1031010 1030043 1030646 1030961 1030646 1030646 7310200 1030370 4880973 1030292 4880973 4880973 1030200 4880973 1030638 1030638 5370841 6760693
7310596 8190765 6990481 7241007 4720841 8350519 5370984 5370801 4720961 4720770 4720969 4720961 911007 4720961 911007 3470969 911007 4720969 4720424 910700 4040913 4720969 4720969 3950371 4720969 8190544 5371010 250292 8190960 7310430 9350687 8190770 7790841 250969 6760973 3730743 3230386 3250961 4720544 911007 520961 8870544 3230519 4720961 7790857 4750652
4040266 6770930 7790930 7790930 7791023 1030638 5370638 4630200 911023 4040601 9790973 8190888 8710801 6761023 9040974 8190458 250964 910969 910646 4040752 910363 910504 4040518 910363 520913 520646
3950043 4630200 4750364 8350857 7790913 7240969
910857 4040913 3950870 4630857 4720544
7310870 7310870 7310870 6660243 7310870 9350870 9350870 520870 3950870 250870 380004 1030043 6770948 6770948 5370580 7790870 2760580 7790870 7310986 6350870 8190870 3470870 6040857 7310602 7310602 380004 5370580 1030948 6350870 5370930 2760580 250424 5110004 7310870 6660870 7310460 7310870 7310460 7310602 6770930 6770043 5370043 2760930 5370460 5370460 2760580 5370460 5370043 7790870 7790266 7790580 7940973 4630200 4630282 10110857 8190969 3950371 8190481 730969
5110370 7310282 6760652 7240857 520646 1600973
910857 9040812 3950371 911023 7791023 3951023 5371002 3950043 9040836 8870833 730623 910833 910928 3930963 910739 8190071 7310653 7980973 9350166 3930221 3930166 4990646 3930221 8870043 910200 8190481 910857 3930200 4040043 910969 9350880 9351002 4990857 911023 8790857 7310561 7310969 3730833 910043 300836 3700598 9350166 6660221 3701023 3700166 6660729 910212 730930 6660800 730969 520043 4040043 4040043 10190043 4040687 9350836 9350836 2750836 3930836 5650969 3930221 9040836 4040601 3930166 730836 730633 9040836 8550043 8340043 910646 7310984 7310969 5110633 4990646 9350646 910043 910043 910043 910043 3731002 1030857 3730969 7311010 9350166 3700166 3700836 3930598 7980973 7310037 3930857 4990969 910969 3930221 4990969 3930598 3930089 3930166 3930836 3930221 2750836 3930836 730283 730633 911023 9040364 3930221 3700283 3700598 3700283 3700166 7980973 910043 911023 8870836 910043 910043 4040043 4040043 4040043 4040518 4040913 4040601 4040913
3250894 3251007 4720071 8340961 7790601 4630857 1030292 4630994 6760601 4630200 3930961 3700969 8190969 520857 8341007 3951023 9040282 4990857 1030984 5370645 4630200 4040043 8350857 3950364 3730386 7310646 4040518 8190969 910200 7240857 4750364
5650857 8190363 7791023 5371007 7790519 5371010 7790200 3390772 8350519 3390580 8190357 1760973 4630969
5490973 1940973 1940973 7310870 7310870 6660870 7310653 9350870 3730870 8190870 2760870 6760870 6040857 2760700 2760765 6350916 8190729 9350687 7310004 7310812 9350560 9350870 9350870 2080870 4040601 4630282 8191023 9350228 7310228 6270857 6770292 4610973 7310243 4990212 9040580 4630200 1940973 1940973 7310404 7310571 9350571 9350386 4610973 7310200 7310200 1030969 5370200 5370974 5370687 4720969 5370833 7790601 5370942 6770282 6770984 9351002 7790200 8870544 8870037 730519 730646 4991023 8190419 730200 7090973 730544 6770984 521023 4320857 7790841 6770984 4991002 4990228 5370961 5371002 4630969
3391002
null
