207
3391002 3950282 5370829 7310765 3730928 3731002 4630282 5370200 6660857 8190481 7980973 8190857 8190959 8190913 3730241 7310646 3731002 8190371 5370518 8190481 8190857 8191023 8190481 8190646 8190857 4630424 3391007 8190481 7980973 8190519 8190913 250580 8190857 1920857 8190646 4630424 5370974 8190481 3730993 8190959 3730928 4630200 4630266 8191023 3730928 4990812 4990700 8190481 8190481 8191023 4630200 1760973 4630386 8191023 8190646 8190897 8190857 3731002 4630282 8190857 8190646 8190913 250969 251002 5370282 8190652 8190481 9351023 7790857 8870969 3950888 300969 730516 5650857 9350006 3950896 8190913 4630894 4630266 8190404 4630969 9350519 7310646 1030993 5370200 1030994 5370519 6761002 5370841 9350200 8190652 8190913 8190481 8190518 5370266 9350961 9350770 9351023 8190481 5370404 8190700 8190961 8190564 8190969 8190481 8190913 9350200 250969 4630386 8190481 9350729 4630282 4630282 8190913 8190857 8190481
4630765 8870969 8190229 8190700 6350601 6040857 8190891 8190177 5370841 5370841 3250129 8190419 7530857 8190942 6350700 6351021 6990200 8190646 8190404 3730693 6760601 3730564 3730177 1030292 3730299 1030829 1030877 6761023 3731023 1760973 1030984 6350266 1361023 7530483 3250857 3250937 3391002 3391002 4630877 3730891 3730942 6350942 6350973 3730229 7310928 6350765 3730229 5370266 9350687 7980973 6760419 6350160 3731002 6350646 4630937 8190894 4630877 3730646 8190857 4630266 4630765 4630404 8190913 8190518 8190700
null
4040200 4040580 4040200 8870969
3390994 5370481 5371023 5371023 5371023 250200 5370200 1030984 1030282 7980973 251002 1760973 4630200 1760973 1030292 1030857 250961 7940973 380638 381010 1030857 4880973 1030772 5370200 1030969 4630200 4630200 4990928 9350961 3731023 1030292 1030292 4630200 4630200 1030857 1030292 1450973 5490973 5111023 1450973 9400973 1030969 1030928 1030993 5371023 5370544 7310961 5370200 5370877 250580 250419 4630200 4630200 4630930 250200 3391007 1760973 1450973 5110370 4880857 4880973 4880973 4880973 4880973 1030200 1030282 1030857 1030282 1030841 5370772 250200 4630200 4630386 4631007 1760973 1030200 1030857 1030200 2370973 1030857 4880973 1030857 1030857 1030430 4630200 4630829 5370974 250200 250200 5370544 4630580 5371023 4630386 4631007 381010 4880973 9400973 9400973 1030371 1031002 4630200 250200 4990519 1031010 1030857 1030282 4630200 3730870 7940973 3350973 4880973 4880973 1030857 3730974 6770857 5370200 4630200 250200 4630386 5371023 9350200 1030857 1030857 1030292 7980973 2370973 4880973 1030200 4880973 1030292 4880973 4880973 1030292 1030729 1030408 1030984 1031010 530004 1030282 4630043 7310646 5111023 4880973 3730200 4880973 1030043 1030638 1030292 1030282 1031002 5371023 5370200 250200 4630386 530004 1450973 7310466 1030638 1030292 1030857 1031010 1030292 1030857 1030857 1031002 5370200 4630200 5370841 8870424 4990960 4990765 4720200 5370071 5370071 6350371 8710414 5370894 6350888 4950857 9350752 7310350 9350200 10220857 7310743 7310430 9350741 4990872 9350729 4990924 10220857 5230923 8811023 7310741 9350864 1030993 9350864 6760601 8791023 4630371 4630371 1760973 5371023 3390043 250200 5371023 4630386 1031002 1030292 1030638 1030994 1030969 1031002 1031002 1030984 1031002 5370544 5370481 250282 250969 4630200 1030961 1030729 1030857 1030200 1031010 1031002 1030961 1760973 4631007 5370200 4630200 4631007 3730898 4630200 1031010 4630200 4630200 4630424 8190006 3391007 9040880 250282 5370282 5370266 5370741 5370743 5370371 9350652 9350200 9350930 5370571 9350200 5370200 5370424 3730765 6350920 5370071 5370960 9350200 9350743 9350782 9350782 5370071 3950960 8190646 1030363 4630424 1030984 4630200 4630386 4630913 4630200 4630602 8190481 5370841 250424 5371023 250200 5370544 5370200 5370200 7310228 7310200 7310729 4610973 7310200 7310571 7310961 4610973 7310841
4991002 520964 8870481 8870481 911023 520043 3951002 5370292 3391002 3250857 3951002
3730229 4910961 8790419 7240961 910700 4320969 520829 7240969 7240969 4040601 8340729 1030857 4630930 4630200 3390580 5370200 5370974 5370974 1031007 5370519 3390930 3391007 250200
4630282 4630518 4630913 9350937 6350404 10220857 4990071 4990964 10221023 730872 4630200 4630200 3731023 3391002 911007 8870424 8870942 730601 9350601 3731023 7980973 8190646 5370894 8190942 7310371 3730864 250424 4630282 250043 4630200 3731002 3731002 8190200 4630424 9350601 8190930 8190652 6760700
8790872 8871002 9350859 7530857 8870518 4040200 8190857 9760200 8190404 8870942 5370896 7531023 8190422 9350930 8870942 3950960 9710928 1030419 7790601 8190646 8190646 3730241 7310601 8791023 7790829 7790969 4320481 6760564 6040519 8190913 8190646 4630282 4630937 10220942 3930228 3950960 3951002
3390994 7790519 7790518 4630371 5370841 250424 9710516 9350894 2080200 5370896 6760481 5370896 1030282 5370894 5370200 5370896 5370200 1030430 5370200 1030282 1030969 1030282 1031002 5370974 1030282 1030984 5371023 9351023 4991023 4880973 7310930 7311002 3350973 7310516 7310984 7310765 7310646 7310961 9350870 7310994 4880973 9350836 7310430 1030282 6661023 7310984 1030282 4880973 7310200 1030282 1030829 1030969 7310841 7310984 5370974 9350516 250200 250518 7980973 1760973 5110646 5370518 9350772 9350200 5370408 7310969 9350200 7310959 3730782 730857 5370894 7980973 1760973 8190829 3731023 4880973 5370200 3731023 2370973 6770984 8190646 3730481 3731023 7980973 7980973 7940973 5370266 7980700 5370071 7310729 1030282 8870969 730700 8190580 8190913 8190646 3730646 1030994 5370200 7311002 5371007 8190964 3730496 1030292 4630266 7980973 7311002 4610973 7310564 6760928 7980973 7310765 5370841 7980973 1030200 9350937 7310415 7310646 3730646 4630200 8190646 6760229 1030292 4991023 7310941 6760924 6760071 5370964 4880973 4880973 1030969 7310043 7310200 5111023 7980973 7310043 3731002 3730241 9350880 8190857 7310646 4880973 7310492 7310646 7310200 3350973 7310700 7310419 7310765 7310994 6350973 7310969 7310266 7310161 4880973 7310765 7310571 6350857 6760700 6760700 6350419 5370571 5370571 6350646 7310492 2760765 8790364 7980857 7310984 5370841 8190700 5370859 1030993 5371023 1760973 5370544 1030993 1030993 5370519 1031002 1030282 5370200 1030937 1030700 5370200 1030841 6770857 7310959 3730241 6770857 5370964 5370404 9350519 9350177 6761023 6351023 5370829 5370043 1030043 7310959 7980973 4880973 1030419 4880973 4880973 380004 4880973 4880973 4880973 4880973 4880973 1030961 6770857 7310812 5370200 9350560 5370371 7790857 5371023 1030292 4880973 4880973 1030200 1030200 7310492 7310200 1030282 5370364 8190700 5370859 3250870 8190700 6040519 1030200 1030282 1031002 4880973 7940973 1450973 5110483 6350857 6351023 5370364 5370841 4880973 3730386 1030969 9350129 521023 3730833 7980973 4880973 7980973 1030857 7310646 7980973 7310430 9350200 3730419 3730571 3730693 3730241 6760973 4630266 3731023 4630994 8190700 7310161 3730241 4630765 8190857 3730228 1760973 7980973 7310669 3731002 7310646 3730993 7310669 3730296 7310129 6760601 7310765 7310363 3730241 7310646 8190700 8190700 8190646
5370481 1030292 6770857 7310207 5370200 8191023 4630386 7310466 9351023 1030292 3731002 3731002 1030857 1030638 1760973 1030004 1030961 1030969 7310037 1030282 4630930 250200 250200 1030993 1760973 7980973 1030857 4630200 4630518 4630200 7310395 7310700 3730772 3731002 7310177 7310994 7310419 7310841 5370841 250969 8190519 4040857 9350652 7310492 5370419 3731002 7310161 7980973 7310669 3731002 9351023 6760765 8190404 4880973 1760973 8190404 3731002 4630942 9350102 8190857 8190857 9350519 250200 8190646 3951002 251002 5370518 5370544 3700857 9040857 9040857 3700741 3700741 9760857 3230350 7310415 7310436 5370894 8190857 8191023 5370859 7310859 6350937 6760835 7310404 7310859 7310571 7310841 7310363 7310226 7310937 7310693 7310227 6350496 6760973 910200 8190969 8190969 5230071 5230285 7310960 6760414 5370859 4630200 4630419 6760770 3730177 4630419 8190645 8190419 250859 9710857 9710561 9710561 9710743 2080770 4911023 4630200 4630200 3730981 8710987 3230969 2760743 3230960 6350857 3730993 3730114 3730404 3730241 1030638 8190700 9350961 8190504 8190857 7310896 3730462 3730896 3730673 8190969 5370896 4630894 1030292 8190969 520894 3950897 250969 3230952 7530564 9760857 4911002 9710987 8710930 3730770 3950888 7790896 3950888 4630200 3250266 10110857 4570364 10110364 5110601 7770857 6350872 3250961 9350601 8870770
2760829 10110767 3930364 10110770 910864 3471023 2760937 2760176 2761007 8790519 8710404 6990961 8710770 9710796 3930601 3700504 3700812 3700739 3700872 300560 8710996 10110952 9710752 5650741 4320969 10110952 730364 2760765 2760359 3700743 3700743 3700743 9040285 9710920 3471007 8790872 3250363 9350891 5370841 9350652 8190833 10110560 9670364 3230371
3250880 3250363 3250961 4040371 3470889 9040580
9760961 6990961 4300857 9710601 3700812 3700739 3700739 8790729 9710877 3930601 3700564 3700877 250961 8550043 8550043 8550043 8550043 8550043
910371 9760071 3250560 910114 8710560 9760205 9710371 9710864 3230364 3230995 5230364 5650872 9710043 8711007 3230364 5230364 9710729 9710729 8340580 9710364 9710580 7790937 3700770 2760894 2280580 9760580 230259 5980772 10110364 3230920 8710770 9710601 2080960 3700564 3700414 9710285 3700924 9040996 9710960
10170857 4630424 3950960 6040857 3230872 910741 9040857 4040371 8870419 3250857 4040200 910646 4040752 4040371 3390580 8191023 3730646 1760973 3730241 3730420 3730004 3731023 3730004 7980973 1760973 3731002 3730004 8190857 3950960 4040601 5371023 5371023 251002 251007 10111023 9350752 6760973 3730700 9710544 8870969 8190913 250043 8870518 7790857 7310864 7310564 7310767 6350973 6760601 2760114 8711023 8710959 8710601 4720743 3930984 3930812 910205 3930601 3930770 3230404 3230928 3930000 8711002 8870829 6990200 3250560 4910961 4911007 6991007
250043 4040200 8710770 3700770 3700796 3700144 3700144 9350880 3730560 8190857 8190212 8190560 2760504 2760952 7790601 3391007 6040519 4320519 6040519 4320519 6990519 6040519 4320519 6040519 910371 4320969 6660197 3930739 3930836 2760812 7310829 9350652 3730928 8190580 230872 2760741 230285 7790043 2760741 2760071 3470285 230496 2760043 6991002 6990519 6991002 4911007 2280519 910864 8710969 6990200 7240519 2760920 4911023 6760752 6350770 9710519 8710496 9710073 8710496 9710071 9350212 9671023 6990580 9710877 3730974 3700877 9710877 520071 3731002 3731023 3730200 4630386 3730928 3930996 3930601 8710969 8710765 9710782 6660812 6660653 3700920 3700857 8710743 3700888 8710928 9350859 3950888 8190519 2760071 5980888 8790920 6991007 3250877 8790580 3730601 8190404 3730981 8190700 8190481 3390961 4720857 8870424 4630200 5370544 1030984 5370974 250200 250200 250961 5370994 4990646 7790200 8190961 8190700 8190700 8190942 3950896 8190969 3730646 8190969 8190424 8190481 8190913 6770646 3391002 4720371 4720961 3731002 3731002 7310266 8330646 8720857 9350205 10140560 3930560 1920812
3951002 4911002 7530920 8751023 5981023 8790960 9710752 9350373 6760961 6350564 10110857 6350601 6760924 8190404 8190564 8190404 9350752 3250857 6900872 6900864 7310045 7310765 7310404 10110580 10220857 7310765 7310964 8600964 2760964 8600741 2080531 5980646 8600964 2080864 9710964 3730743 5370419 5370404 7790200 1030729 1030282 1030282 1030729 5370571 7310404 8790891 5370687 3730516 3730942 3731002 4630765 8190564 8190959 8190959 4630969 3730299 5110282 8790205 9710571 8190560 3730299 4630518 4630765 2760888 6350765 5370071 8190894 9040462 4630386 5371023 4880973 1760973 4630969 4880973 8190877 8790200 4630200 4630518 8190857 4880973 7980973 7310292 7310941 8190857 7310969 4630386 530004 7980973 3731002 9350652 10110857 8790741 7310207 8190700 4880973 4880973 1760973 4880973 4630765 4630200 5370994 4630200 7310228 7980973 5370404 4630200 5831023 6350177 7310229 10040857 7310952 8900767 8710770 9310767 8710114 8710404 9310767 8710987 5370404 6350177 8901023 9710073 230359 6760770 8331023 6990200 10110580 4610973 730544 9350419 9350993 3730386 8191023 4990646 4630004 4630282 1760973 8191023 5370544 5371023 6760207 4040857 4990994 7790937 1031002 5370200 251002 3230928 2750212 4720857 4630200 3730841 8190969 8190942 530004 3731023 3730462 3730782 6760071 3250920 3950888
4320969 7310161 3950888 8190942 8190942 4990994 4630913 6350857 8190857 8190857 8710752 5230729 6900920 8710729 3700743 3250741 8710987 5230782 8710741 520071 2761007 3470923 4720896 8190920 4720964 8790969 8710991 2280857 8190770 3700496 10110364 2080987 6760772 8790891 6660952 8710969 8710969 300504 8710364 7530571 730071 9350888 9710877 300496 8710580 4570857 300205 8600743 6660338 8330646 730888 5980770 8710754 3470373 3950888 6990519 9710519 230071 3930964 3930560 8710991 8710961 8710575 8710765 9710205 9040864 3470006 9710371 9710371 300371 300872 3730404 3730729 8190857 3390371 9711007 5980872 8600924 5230969 5230872 3930371 5230492 9830984 9710920 4630765 4630404 4630888 4630601 250772 3230364 4570364 5230364 8600880 8710601 3470920 8710176
9710205 6660205 4911007 4910961 9670364 8710371 9710864 8710995 2760373 2760877 2760877 2760404 3471023 7790896 3230364 6350741 8790519 3250767 8710872 3250880 300812 300006 9040857 8190404 300205 6660812 3700829 3930701 5230000 3700767 3700205 9350829 2080560
5230870 7530560 8710870 9710870 9710575 300205 9710205 2080205 230995 6660422 6660812 8710864 9710363 8790960 2080770 9710928 300812 300864 3700770 3700952 9710205 9710414 7240961 9710741 6900560 7530205 8190770 8190496 8190752 2760877 4571023 2760580 2760580 3250741 8790414 3930937 3250205 3230404 2760812 6990580 2760404 2760948 8600519 230259 2280580 5230071 3250580 230414 6991007 6660197 3930283 300422 300870 300205 3700770 8710812 7530812 8190752 230071 5831023 9760580 2760114 2760580 7240519 2760937 3230304 9710891 8790960 9710363 9710364 4910961 6900995 3250729 9710928 520741 3700200 8870743 7530043 3250560 3250371 7530519 3930212 9710739 3930560 300205 6900796 3700741 3700071 9710961 7240961 3930283 5230812 6990729 9710371 3700872 3950414 3251007 8190959 8190857 3230560 4910961 4911007 8190964 4630937 3390741 2760043 9760043 2080894 9710796 4911007 230580 2760071 3471023 230752 8710580
2280857 6040857 10110560 9670364 9710205 10110364 230364 230741 230364 6760859 6350959 250371 300923 300870 230987 2760888 2760952 250894 8190071 3730993 8190857 3700857 3470857 300767 8710770 8790419 5230880 9710176 9040285 300386 300560 8190404 8190350 8190812 4630888 10110006 6350006 6760652 3730812 9350942 3730071 8710870 8710995 8710969 2760700 230016 8790364 300205 3700770 6760700 7310916 9350481 7310984 6351023 7310969 4330404 7310969 9350859 9350859 4910961 4720877 6990228 4720877 7790601 8790177 3731002 3731002 7310043 7310043 7980973 730857 3230888 8710743 8790872 2760071 2080894 3470772 4630765 8190646 8710923 9710414 230496 230820 9760964 8190896 8190071 3930741 8710741 4720729 6040580
8340961 3230767 4720859 9710516 9670364 6660653 1920006 10110580 10110952 9710995 3230996 9710995 7530560 4911002 10110006 10110560 8710891 9710864 8710739 9710969 9710969 910114 910896 3230969 4911007 3230770 8711007 7240961 2081007 6990580
5110395 7310371 7310652 7310371 1940471 7310471 7310373 7310864 5110004 7310471 7310266 7310471 5590652 7310471 5110652 7310404 7310891 6270857 7310601 5110471 7310373 7310371 7310419 7310961 1940371 7310405 6270652 7310752 7310419 1940471 7310471 7310471 7310266 7310471 7310924 8430652 7310371 7310471 7310969 7310266 5110430 1940209 7310404 7310419 9160652 1940471 7310471 1940371 6270652 7310419 7310471 6270471 7310471 7310371 7310371 7310471 6270652 4920973 9160652 6270471 5110004 4920652 5110471 6270471 5400652 5110161 5110161 5110004 9400973 5110161 5110004 5110812 5110501 5110471 5110471 1940652 5110471 5110471 8060652 5110471 8060652 5111011 5110004 5110872 5110004 4920973 7310200 5110000 5110812 1940371 7310200 5110669 5110166 7310687 5110000 5110809 1940864 1940196 5110045 7310419 5110560 7310829 5110205 5110004 5110004 5110161 5110700 5111023 5110747 3350973 1940652 5110266 5110161 5110646 5110430 5110045 5110747 7310196 6270196 7310471 5110471 5110471 1940471 5110471 5110471 1940471 5110731 6270652 7310266 5400652 5110350 6270196 1940196 5110931 5110430 5110004 5110006 7310829 7310601 7310741 1940993 7310859 7310877 7310700 7310371 7310877 7310857 6110652 5110004 7310960 1940196 5110471 7310652 9790652 5110214 7310969 5110601 1940993 7310829 5110471 7310371 4610652 7310752 7310371 7310404 5110872 7310471 1940471 5110836 5110350 5110646 5110471 5110483 1940471 5110770 5110471 1940652 7310652 5110430 5110004 5110370 5110471 1940652 4610652 5110129 5110812 5110747 5110129 5110004 5110004 5110205 5110004 4610652 8060652 6110652 5110471 5110471 5110471 5110471 7310471 5110501 7880652 6270652 5110395 5110872 5110471 7310471 1940471 5110633 7310471 5110471 5110471 5110471 6270471 7310371 7310266 5110004 9400973 5110560 7310200 4610652 5110872 7310071 5110872 8060652 1940471 5110471 6270471 7310471 6270635 3680652 5110471 5110471 1940652 7310471 7310471 7310471 7310471 6270471 1940471 7310471 7310635 7310471 1940471 7310635 1940471 7310471 1940471 5110471 1940471 5110471 1940471 7310471 5110471 5110471 1940471 7310471 6270652 7310471 5590471 10140205 7310960 1940993 1940471 5110471 5110471 5110471 7310471 7310471 5590471 7310471 1940471 1940471 7310471 5110471 7310471 7310471 7310471 5110471 7310471 5110471 5110471 7310471 7310471 7310471 7310471 5110471 7310471 5110471 5110129 8060973 5110501 5110646 5110984 5110004 5110669 7310229 8720857 7310829 6270652 5110809 7310471 5400652 6270471 6270471 7310829 5110004 5110004 1940371 5110560 1940209 1940196 5110877 5110004 5110471 5110471 5110471 6110652 7310371 5110350 5110006 5110471 5110471 1940471 5110471 1940471 6270857 7310652 5110471 5110471 3270635 5110430 5110045 7310731 5110471 7310471 5110471 5110471 5110471 5110471 5110471 7310471 5110924 6270196 5110350 5110045 5590471 7310471 6270635 5110006 6270471 7310471 5110471 5110471 4610652 3270652 1940471 5110471 6270471 6270471 7310924 5110984 5110471 5110471 5110471 5110471 5110471 5110471 5110471 7310471 7310471 6270471 5590471 1940471 10140471 7310471 6270652 6270471 6270652 6270652 7310071 7310471 7310471 5110045 5110471 7310471 6270471 7310471 5590471 6270652 5590471 5110471 1940471 5110471 7310471 7310471 7310471 5110471 5590471 7310471 5590471 5110471 5110471 7310471 5110471 5110471 5110471 7310419 7310877 5590471 5590652 6270652 5110471 7310419 5110471 5110471 7310471 5590471 6270652 3680471 5730652 5590652 5110471 7310471 5110471 7880652 7310471 6270471 7310471 7310829 7880652 7310471 6270471 5110471 5110471 7310471 7310471 5590471 6270471 4610652 7880652 6270471 7310471 5730652 7310471 6270471 5110471 5110471 7310471 7310471 7310471 7310471 5110471 7310471 5110471 5110471 6270652 5110006 5590652 6270471 7310471 5110471 5110471 7310471 5110471 7310471 5110471 7310471 5110471 5110471 6270471 7310471 7310471 5110471 5110471 5110471 7310471 7310471 7310471 7310471 5110471 5110471 5110471 6270471 7310471 5110471 7310471 7310471 6270635 7310471 5110471 7310471 4920652 5110471 7310471 5110471 5110471 5110471 5110471
7310994 7310471 7310471 7310471 7310471 7310471 7310471 6270471 7310471 7310471 7310471 7310471 7310471 6270471 7310471 5590471 7310471 7310471 7310471 10140471 7310471 7310471 7310471 7310471 3680471 7310471 6270652 7310471 6270471 7310471 7310471 7310471 7310471 6270635 7310471 7310471 7310471 7310471 7310471 6270652 4990652 7310471 6270652 7310471 7310471 7310045 6270652 7310471 7310371 7310471 6270652 7310877 7310350 7310471 6270471 6270652 7310371 7310471 7310471 9070652 10140864 7310471 7310471 8720652 7310471 5590471 7310471 9070652 7310471 7310471 7310471 7310471 7310471 6270652 7310471 6270652 7310471 7310471 7310471 3680471 10140471 7310471 5590471 6270471 7310471 5590471 7310471 7310471 6270471 7310471 7310471 7310829 7310471 7310471 5590652 7310471 7310471 9070652 7310471 3270652 7310471 7310471 7310471 6270652 7310471 7310471 7310471 6270652 6270652 7310471 3680471 7310471 7310471 7310471 7310471 6270471 7310471 7310471 7310471 7310471 5590471 7310471 7310471 5590471 7310471 7310471 6270652 6270471 7310471 7310471 6110652 3680471 6270635 7310471 7310471 3680471 7770652 6110652 7310471 5590471 7310471 7310471 5590471 7310471 6270471 7310471 7310471 10140471 7310471 7310471 9070652 7310205 6270471 7310471 7310471 10140471 1370652 7310350 7310266 7310471 7310471 7310266 7310471 9070652 6270471 7310471 6270652 7310471 7310471 8720652 7310471 5590471 6270652 7310471 7310371 7310471 5590652 5590471 7310471 8720652 7310471 7310471 7310471 6270635 7310471 7310471 7310471 7310471 7310471 7310471 5730652 7310471 7310471 6270652 7310471 7310471 7310471 6270471 5590471 7310471 7310471 6270471 5590471 7310471 8720652 7310471 7310471 7310471 7310471 6270652 7310471 7310471 5730652 7310471 7770652 8720652 7310471 7310471 7310471 7310471 7310864 10140471 6270652 7310471 6270652 7310741 7310471 7310969 9070652 5590471 9070652 7310471 5590652 5590471 7310471 6270471 7310471 3680471 7310471 7310471 7310471 7310471 7310471 6270471 7310471 6270471 7310471 6270471 10140471 7310471 8720652 6270471 7310471 7310471 6270652 7310471 7310471 7310471 3680471 7310471 6270471 7310471 1370652 7310471 7310471 6270635 7310471 7310471 6270652 7310471 7310471 6270652 6270652 7310471 7310371 7310471 7310471 7310471 6270471 7310471 7310471 7310471 6270471 7310471 6270471 6270471 7310471 7310471 5590471 6270635 10140471 7310471 7310471 7310471 6270471 3680471 7310471 9160652 7310471 7310471 6270471 8430652 5590471 7310471 6270471 6270652 7310371 5330652 6270652 6270652 7310471 6270471 7310471 7310471 7310969 6270652 5590471 6270652 7310471 1940471 1940864 7310419 7310371 7310471 7310419 7310829 7310371 7310942 7310960 5590652 7310471 7310471 7310471 7310471 6270471 7310471 6270471 6110652 7310938 4990652 7310266 7310938 5590652 7310471 7310205 6110652 7310471 6270652 7310471 7310731 7310471 7310471 6270652 7310471 6270635 10140471 7310471 7310471 6270471 6270471 6270635 7310471 7310471 7310471 7310471 7310471 7310471 6110652 6270652 7310471 5110993 7310471 5590471 7310471 5590471 7310471 8430652 7310471 6270471 7310471 6270471 7310471 7310471 6270652 9070652 7310471 7310471 7310471 5590652 10140471 7310471 7310471 6270652 7310471 7310471 5730652 7310471 7310471 5590471 7310471 6270471 7310471 7310471 5400652 6270471 8720652 6270471 6270471 5590471 7310471 7310471 5590652 6270471 6270652 7310471 6270652 5590471 6270471 6270652 8720652 6270471 6270471 5590471 7310471 7310471 6270635 7310471 6270471 7310471 6270471 7310471 7310471 6270635 7310471 7310471 6270635 7310471 7310471 7310471 7310471 7310471 6270652 7310471 7310471 6270652 7310471 7310471 6270471 5590471 7310471 3680471 7310471 7310471 6270652 5590471 7310471 7310471 6270471 7310471 6270652 3680652 7310471 7310471 7310471 7310471 7310471 3680471 7310471 7310471 7310471 7310471 7310471 7310471 7310471 7310471 7310471 7310471 5590471 5590471 7310471 7310471 7310471 5590471 7310471 7310471 7310471 7310471 7310471 7310471 7310471 7310471 7310471 7310471 7310471 7310471 7310471 7310471 7310471 7310471 7310471 7310471 3680471 7310471 7310635 7310471 7310471 7310471 7310471 7310471 7310471 7310471 7310471 7310471 7310471 7310471 7310471 7310471 5590635 7310471 7310471 5590471 10140471 7310471 3680471 3730371 7310969 7310924 9070857 10140864 7310404 7310471 7310471 7310652 7310404 7310829 3680652 7310419 7310652 7310371 7310652 7310700 7310872 7310652 7310652 7310652 7310652 7310652
7310635 7310635 7310635 7310635 7310471 7310635 7310471 7310471 7310471 1940471 1940471 7310471 1940471 7310471 7310471 5110471 7310471 7310471 7310471 7310471 7310471 7310471 7310471 7310471 7310471 7310471 7310471 7310471 7310471 7310471 7310471 7310471 7310471 7310471 7310471 5730652 7310471 7310471 5590471 7310471 6270652 7310471 7310877 7310471 7310471 6270652 1940864 7310652 7310419 7310471 6270471 7310471 7310471 7310371 7310471 7310471 1370652 7310471 7310471 5590652 7310471 7310471 7310471 7310471 7310471 7310471 7310471 7310471 7310471 7310471 7310471 7310266 7310471 7310471 6270635 7310471 7310471 7310471 7310652 9790652 7310471 6270652 7310471 9790652 7310471 7310471 7310471 7310471 7310471 7310471 7310471 5590652 7310471 7310471 6270652 7310471 7310471 7310471 7310471 7310471 5330652 7310471 7310471 6270652 7310471 7310471 6270471 7310471 7310471 7310471 7310471 6270652 7310653 6270652 7310471 7310371 7310471 7310700 7310471 7310471 7310471 7310471 7310471 7310471 7310471 7310471 6270652 7310471 9070652 7310471 7310652 7310877 7310942 9070652 7310471 7310652 7310471 7310471 7310471 7310829 7310471 7310471 7310471 7310266 7310471 7310471 7310471 7310652 7310471 7310471 7310471 6270652 7310471 7310471 6270652 7310471 7310635 7310471 7310471 6270652 7310471 8720652 6270652 6270652 7310731 7310471 7310471 7310471 7310741 7310652 7310471 9070652 7310471 5730652 9070652 7310471 6270652 8720652 6270652 5590635 7310471 7310471 3680471 7310471 7310585 7310471 7310371 7310829 5590652 7310471 6270652 7310652 7310961 5590471 7310471 6270652 7310471 7310471 7310471 7310471 7310471 7310471 7310471 7310471 7310471 7310471 7310471 7310471 7310471 7310471 3680652 7310471 6270635 6270652 7310471 7310471 7310471 7310471 7310471 7310471 7310471 7310471 6270635 7310471 7310471 7310471 7310471 7310471 7310471 7310471 7310471 7310471 7310471 5590652 6270652 8430652 7310471 7310471 6270652 6270635 7310471 8720652 4990652 7310829 7310471 6270652 9070652 7310471 7310471 7310471 7310471 7310471 7310471 7310471 7310471 7310471 7310471 7310652 7310471 6270652 7310471 7310471 7310471 7310471 7310471 8720652 7310471 6270471 7310471 7310471 7310471 5590471 8720652 7310471 8720652 7310471 7310471 7310471 6270652 7310471 7310471 7310471 7310471 7310471 8720652 8430652 3680471 7310471 7310471 4990652 7310471 6270652 7310471 7310471 7310471 7310471 7310471 6270635 7310471 6270652 7310471 7310471 7310471 7310471 7310471 7310471 7310471 3680471 7310471 7310471 7310471 7310471 7310471 7310471 6270652 7310471 7310471 7310471 7310471 7310471 7310471 4920652 5730652 7310471 7310471 7310471 7310471 7310471 7310471 7310471 7310829 7310471 7310471 6270652 7310471 7310471 7310471 7310471 7310471 7310471 7310471 7310471 6110652 7310471 5590635 7310471 7310471 7310471 6270652 7310872 7310471 7310471 7310471 6270652 7310652 7310571 7310471 7310471 8430652 9070652 7310471 7310652 8720652 7310471 7310045 3680652 10140471 9070652 5590652 7310471 7310471 3680471 3730471 7310471 7310471 7770652 7310800 9070652 9790652 7310471 7310471 7310371 7310571 6760652 7310471 7310652 7310471 7310471 7310471 9070652 7310471 7310471 7310561 7310471 7310000 7310471 7310471 7310471 7310471 9790652 7310652 7310829 7310772 7770652 5330652 7310371 7310471 7310471 7310471 7310471 7310731 9790652 9070652 5590652 7310471 7310471 9070652 7310471 7310371 3680652 7310471 1370652 5330652 7310471 7310471 7310371 7310371 7310350 10110371 10140864 7310205 7310601 6270652 9790652 9790652 7310731 6270652 5400652 7310471 8430652 5110693 6110652 6270652 8430652 7310652 6110652 7310371 7770652 7310471 7310471 7310471 7310471 5590635 5590471 5110471 5400652 5730652 6270652 5110045 7310635 1370652 7310471 5590471 7310471 7310471 7310471 7310471 7310471 7310471 7310471 1940471 7310635 5590635 7310471 7310430 7310471 7310652 7310471 7310471 1940371 7310652 7310652 7310471 7310471 7310800 7310471 7310471 7310471 7310471 7310471 6270635 7310471 6270635 5110471 7310471 5590635 7310471 7310471 1940471 7310471 3680471 7310471 1940471 7310471 7310471 6270635 6270635 7310471 7310471 7310471 7310471 6270635 7310471 7310471 7310471 6270652 5110993 5590652 9160652 5590652 5110471 6270471 5110471 7310419 7310471 5110471 7310471 5110471 1940471 5110471 8430652 9070282 5110471 1940471 7310471 5110471 7310471 1940471 7310471 5110471 5110471 5110471 5110075 5110471 5110471 5110471 5110004 1940471 7310471 5110471 5110471 7310635 1940471 1940471 5110471 5110471 7310471 7310471 7310471 7310471 7310471 7310960 7310864 7310928
5110370 5110635 1940652 5110652 5110652 5110652 5110635 5110167 5110652 5110652 5110652 5110075 5110652 5110635 7310635 7310585 5110652 7310585 5110635 5110635 5110635 1940471 5110635 5110471 1940635 7310635 5110635 5110635 5110635 1940652 1940635 5110471 7310652 5110652 5110652 5110635 1940635 5110652 1940652 5110471 1940652 5110652 5110652 1940652 5110471 5110635 5110471 5110635 5110635 5110471 5110471 5110652 1940635 5110652 5110652 5110652 5110635 7310652 5110635 5110635 5110635 1940652 5110652 5110635 5110471 5110471 5110471 5110471 5110471 7310635 5110471 5110635 5110471 4920652 5590635 5110471 5110471 7310471 1940471 6270652 7310471 5110731 5110167 4610652 7310877 7310652 7310864 6270857 5110731 7310961 6270560 7310652 5110404 1940652 4920652 6270652 7310938 4920973 5110560 7310652 7310196 4920652 1940652 5590635 7310471 5110471 1940652 5110770 7310652 7310877 7310200 7310229 7310772 7310043 7310363 6270652 7310471 5490973 7310652 7310266 5110984 6110652 7310585 1940471 7310652 7310652 5110646 7310371 5110652 5110652 5110652 7310652 5110004 1940652 5110564 5110880 1940652 1940652 7310652 1940652 5110652 7310652 1940652 1940652 5110471 1940652 1940652 5110652 9070652 5110984 7310652 5110652 7310652 1940652 5110004 1940652 5590652 5110564 7310652 5110471 1940652 7310471 7310635 5110471 1940652 7310471 1940471 1940652 1940635 1940635 7310471 3680652 1940652 7310471 7310471 1940652 7310652 5110984 5110471 1940652 5110741 7310652 8060652 5110880 5110266 5110350 7310419 7310652 5110549 1940652 1940652 5110635 5110652 5110652 3270635 5110471 5111011 5110652 9900652 5110653 5110652 3270652 5110635 5110880 5110371 5110877 5110745 5110652 5110652 9900652 5110212 7300652 9900652 5110653 5590652 3270652 5110560 1940652 5110669 5110601 5110931 5110829 5110561 5110075 5110924 1370652 5110006 5110747 5110747 5110812 5110205 5110483 5110371 5110633 9900652 9900652 8060652 7310236 5110877 5110836 7310200 3270652 5110004 5110282 5110214 5110652 5110266 5110004 7310049 7310200 7310743 5110877 5110745 5110652 9900652 5110370 5110212 5110549 5110880 7310200 5110004 5110004 5110483 5110350 5110829 5110653 5110571 5110430 5110765 5111011 5110000 5110004 5111011 5110006 5110872 5110836 5110880 5110800 5110166 5110350 5110371 5110880 5110205 5110167 5110812 5110549 5110006 5110004 7310652 5110564 5110350 5110006 1940652 5110745 1940652 7880652 5110880 7300652 5110212 9900652 5110880 5110006 1940652 7310266 7310652 5110601 5110166 5110560 5110653 5110166 5110633 5110564 1940864 1940652 5110652 5110836 5110745 5110652 5110075 5110282 5110371 3270652 5110770 5110836 7300652 5110205 5110560 5110601 5111023 7310200 5110266 5110747 5110004 5110995 5110877 5110652 5110370 5111011 5110745 5110372 3270652 5110995 9900652
9040772 3470987 2080770 9040987 7790857 8190752 3470772 3470857 8190952 8190071 8190752 8190857 7090973 3470857 3470857 3471023 9040987 3390071 3470857 9760920 3471023 3470857 8710767 3470739 3470422 9710043 9040857 9710857 9710575 9710074 3470857 9040857 9710857 9040987 3470963 9760071 7790350 7790770 7790371 7790371 3470987 3950888 8190872 8190772 7790857 7790857 8190952 3470580 9040857 9710422 9710422 3470857 3950960 8190000 8190212 9040739 8190754 9040739 9710857 3250920 9040857 7790752 3471023 9710920 8190964 6760888 8710414 8710466 6760743 8190071 8710466 5230071 5370960 230016 8710920 8190752 9710930 8710767 9710496 3470930 4720857 6760504 2760952 9710414 8710752 3230960 8711007 8710422 3470441 3471007 8710504 9710373 7790496 3470857 3470857 8190952 8190770 9710857 9040857 9710752 9710964 8190987 8710176 7790752 8710752 3470857 8190770 8870952 8190952 9710752 8550772 3950960 2080770 3390752 9710920 8710770 2080888 5980770 8710767 2080770 9710176 9710920 3470458 9710920 9040880 7790937 8190913 7790857 9040518 4720857 7790857 8190741 7790857 7790371 7790424 7790741 3390071 10170857 8550857 8550857 7790857 7790857 9040857 8550857 8190801 5370801 5370144 8190930 5370930 5370160 5370160 1030930 1030930 1030930 1030930 6770930 5370930 6770160 1030930 6770646 6770160 9350930 6770408 730739 730801 730857 730363 730880 4720969 910363 7790424 7790937 4040200 4720857 3470812 9040812 9040812 7790741 7790772 8870772 7790857 7790200 5370160 5370638 5370930 3730037 5370930 5370930 5370801 6770754 5370801 5370930 6770754 6770160 5370754 5370930 6770754 5370801 5370772 6770160 5370930 5370930 5370801 5370801 5370801 5370772 5370801 5370801
8190782 3230504 730857 910857 910071 3470857 8190969 10140993 3930144 300285 300836 300836 9350761 3930285 3930166 9350809 10140414 2760880 6760969 230963 730743 230292 730043 230259 9710782 9710987 8710200 3470930 8870770 9710857 8190964 8190752 3471023 8190496 8190770 8190504 7090973 8190646 7090973 4630913 7090973 3390770 3390888 3390752 3950888 5370460 6660996 3700422 3700043 3700996 3700422 8870527 8870948 8870043 8190422 8190460 8190422 3700857 9350996 6760422 3730880 3730996 8870043 8870580 730857 730114 6660460 3230338 10110414 5230466 3730460 8710930 8870043 9710422 9710043 3470580 3470580 8190770 5370071 3230770 9350880 9350422 5230796 2750741 3930770 9710752 3250043 3930043 9710516 9710802 9760857 8190687 2760371 2760872 7790770 910043 9710519 910422 9710767 3470043 3470043 3230770 3230801 9710856 8190422 8190519 3730527 7310043 230857 230857 3730812 6760752 3730164 3730888 6760930 8190770 2760801 8710801 2760996 3470930 9710920 9710071 8790920 910043 7530920 8710441 910071 910496 520752 9710085 520857 9710767 520752 8710809 3470857 8710857 8190770 9350772 10140880 300212 9350212 3700857 9350408 910857 9040772 3230960 9710571 3471023 8550857 3950960 3930037 3930743 3930350 3930043 3930304 8710205 5230037 9710857 8190896 3470857 3470952 9710891 3470074 8190071 6040857 3950888 9710857 3470857 8190809 8190913 3470857 9710085 8710285 9710857 9710961 3470923 9760920 9710857 3470961 9710920 3470857 9710920 3470857 9710920 8710516 10170857 3390371 3390371 4300857 3470857 9710504 9040857 9710071 8710880 3700770 5230857 9710964 9710371 5230880 300923 9350205 5230205 10140653 10140006 10140350 9350006 6350560 5230575 9710864 5230857 3730560 9350205 8710864 6350888 9710205 8190071 9350743 3230801 6760960 6760888 8901023 8900466 2760963 6760743 9710772 6350770 3230754 5230200 8190782 9350964 5370809 9350952 9710371 9710752 3470212 9710212 8190770 9040857 9040857 3471023 3390741 3950812 8190453 8190964 3470857 8190596 8190993 3700964 3700006 9710176 9710857 3390770 9040857 9040857 3950896 3950888 3950888 3390888 6660527 9350422 3700043 3700527 8870948 3700043 8870422 3700870 3700996 2760527 2760304 9040527 7530880 9040527 8870948 3700043 730948 730948 8870043 8870527 8870948 730880 8870996 7790422 8870527 730948 8870043 8870422 8870996 3700422 3700043 3700996 3700422 3700043 8870996 3250422 3700043 8870948 8870043 8870527 8870043 9040580 9040527 8870948 8870043 8870043 8870043 8870996 8870422
8710924 9040857 4630752 8190952 8190752 3950960 8190646 3700496 3700857 3700952 3700285 3730888 8190071 3390371 8190767 8190496 3950888 7790937 7790200 7790371 7790770 7790897 3470772 9710071 8710969 5980504 6900496 9310560 8710924 9710772 8190857 3730441 8190071 9710414 8710924 3470857 9710857 8190857 9040857 7790857 9710782 2080772 8710043 8710930 9710071 9310519 6660996 9310422 8710580 9311023 8710422 9310767 8710969 5230071 8710646 9710952 7790969 9710071 8710646 9710741 2080770 8710752 8190071 9350928 300920 300496 3700960 300952 3700752 3700857 3700741 5230743 9710809 9710371 9710212 3700880 8190071 5230646 5230809 5230212 9710952 8710767 9710809 9710960 9710752 9710767 3700770 9040518 250043 2760071 300920 5230350 8710960 8870888 9710864 300741 300872 9710741 9710960 8710560 9710414 9710796 9710752 9710687 8710796 9710687 3700519 8600371 8710996 3700770 9710952 9710767 9710752 3470809 8710304 3700996 9710212 9040518 9040836 9040836 9040836 8710770 3930987 5230304 5230575 8870833 5230752 5230984 8710371 3930371 3700987 9710729 3230924 6900406 6900996 9310422 3230996 9710422 6900504 9710961 3230872 9710961 300504 3700071 8810496 9710952 9420646 8600752 9710964 2080960 8710833 8710928 9710743 3930422 8710969 6900754 3930371 3930371 9420646 6900809 520071 3930504 9710969 910937 9710752 8710969 3930809 1550496 9710969 9710752 5230767 8190770 3700952 3700414 9710285 8710646 9710071 8710770 9710767 3700504 3700969 9710996 8710422 2080987 3700996 8870770 8710782 9710071 8190782 5370519 2760741 10110453 9350741 6901023 3230770 3930422 3930812 3930772 3930371 730969 3930414 3930772 910772 5230767 8710969 9710037 9710987 8710857 3470923 9710833 8710371 9710729 3930770 300800 3930212 9710304 9710743 9710920 9710071 3470373 8710205 910924 3470987 3700166 9040836 9040836 9040836 9040857 9040857 9040857 9040857 9040857 3700519
3950897 2760043 2760924 8190801 8190071 8190519 7790739 8190371 4720857 6900857 7530857 2750961 5230961 910924 10140006 8190857 8190857 8190857 4630004 8190560 7530857 3700743 3700964 9760964 7530422 8190913 3950422 7790894 9710580 3230371 8190580 3930857 9350741 3470961 3470987 3390888 8190071 8190071 250888 2760160 7790200 7530043 9760580 2080580 2080205 3470580 8870422 7790371 8600857 3730268 3730004 3730004 8190857 7090973 8190646 8190913 8190961 5230575 730928 1550006 6901002 730857 230006 5230371 1551023 9710371 6900529 8190801 8190700 3950896 730964 730857 8190373 3470373 8190857 8190496 8190504 3700812 300422 9710857 3700923 301023 3700205 3700857 8190741 8190000 5230560 3700833 9710575 8190993 3250880 9710739 8190687 8190729 730996 5370960 730857 3250422 3230952 5370859 3230285 10140304 2750880 3930519 2750969 4020872 8710560 9710969 8710646 3930000 8190969 3730004 8870580 8190371 8190071 5230930 2760996 230560 230560 9710856 230000 5230996 7790752 8870043 2760375 8190160 7790857 8190964 7790894 2760228 730741 9350460 6660350 2760043 8190371 8190857 3730872 4630043 4630371 3730430 8190801 3950801 8190801 8190913 8190519 8190752 8710801 3471023 1760973 4631010 4630752 4630114 7790200 7790857 7790770 8190772 8190754 7790754 2760519 7790519 8190772 8190801 3730004 8190857 8190801 8190857 10140350 7530857 910857 7530371 910796 910043 4040371 7240969 4040518 8190857 910857 520857 910857 910857 8190969 910857 910700 4040200 5230857 9710739 5230770 9710857 3700857 9710071 8190770 9040857 8190930 3730580 8190580 2760466 2760043 7790144 5370602 7790200 7790857 8190894 8190772 7090973 7090973 8190857 8191010 8190466 5370754 7790200 7790519 2761010 9350037 9350037 8190896 7790897 2760969 730687 8710043 3230924 6660896 2750996 2750996 730752 2750496 2760752 2760653 730653 3700575 3700580 3700580 8190580 3730004 230963 8710801 9350964 9350812 8710646 8870770 2760833 2760772 230741 6660371 1551023 230872 230653 2760560 5230801 9761002 230653 2760205 2760043 2760942 2760114 6350961 3250857 9350942 7790422 2760800 3470801 2760516 3250857 8870969 730114 730857 910043 8870770 7790857 6350580 10110580 2760930 6660738 8870043 2750006 9350752 3700350 3471002 9040580 9040580 230422 6660801 6660422 6660560 6660772 231010 2760422 6660560 9350560 8870969 2760560 7790969 3730004 8190857 8190371 5650857 3700888 3700767 3700857 3700836 9040857 7090973 8190930 6350772 6350959 9350519 9350772 2760969 7790752 5230043 7790200 730767 5370754 3230772 3230880 3230801 3230466 2760406 730466 730743 9350441 3930930 2750000 730969 2750560 3230560 3700772 7530560 4040371 910937 910422 9350422 8190969 9350961 910857 8870969 4040200 911023 910560 8190481 9350729 520043 8870043 520857 8870043 7790937 7790043 8870560 8870424 730872 7790961 910560 7790961 910043 7790424 7790961 4040371 7790857 5370371 4990801 7310496 7310071 9350930 9350772 7310043 7980973 6771010 6660857 9350930 9350894 6660350 5370812 730924 9350371 730857 9350897 9350924 10140924 10141002 3930857 730371 2750961 730928 730772 730857 730544 730772 5370752 6760560 1030004 8190200 2760894 2760897 231023 2760580 6760580 7790964 8870043 8190752 2760504 2080580 2760516 2080580 7790894 2760894 2760458 7790770 9710519 9710964 8190371 5230891 3230006 5230453 6900754 8870754 3470923 9710414 9710580 9420466 5230466 3730602 1760973 3730004 8190857 8190496 7090973 730371 730371 2750006 230741 6660561 230948 4020872 730801 6660460 6660930
910857 910857 8710205 9710043 910043 3470987 5370770 5370888 5370960 8710930 2760741 8710782 230212 6350743 3730285 2370973 3731023 4630200 3731002 3731023 4630043 3730519 4630200 4630200 3730519 3730519 4630200 3730961 9350652 8190652 10140561 3230801 4020754 9350422 3230304 730071 3930575 3230772 9710772 7790969 230047 3470772 7790969 7790560 7790857 7790937 7790857 7790424 7790857 7790200 7790859 7790937 3230371 3230796 230047 230924 230996 730687 3230930 2760114 4990422 730754 3230772 3230772 3230772 9350754 3230833 8711002 730812 4990754 730754 3230772 730880 2760304 9710406 4720752 3471002 7530519 2760964 2760896 2760872 2760743 3231023 2760743 7310767 1030993 10140880 9350560 9710364 9710285 9710960 8710809 8600880 9710743 9710952 9710373 3470422 5980504 8600646 9350741 8710200 9710373 8710752 8710504 2080770 9710767 8190496 8710422 9310872 3230770 8710961 9310422 8710961 8710741 3230285 3230770 3230969 3700772 9710961 9350453 9710987 7790770 8710964 8870770 8710923 230809 8870772 5650880 9710752 9710085 5230772 9710772 730880 730772 9710960 3250772 9710772 8870770 3950205 9040772 7790961 8550772 9350772 6660857 6660743 3730602 7310602 3730602 7310602 3730602 7310602 7980973 8190894 5370743 5370754 6770754 2760894 2760894 2760888 2760896 230016 2760743 7790896 5370894 9350987 9710964 2760964 8190964 9710531 730896 3230772 3230205 730167 3230653 9710961 9350422 7980973 3730969 3730969 9421023 300575 3700752 5980422 3250767 4720888 8190364 250964 8190961 5370752 7790937 7790857 7790937 4720363 4720961 4720961 910646 4720424 4720888 4720363 910920 4720888 3470961 4720743 4720888 8340987 4720888 3950888 3471007 7790857 7790888 7790961 3470043 2760942 2760923 6760006 2760371 7790857 2080519 2760006 2760961 2760519 2760602 2760519 230872 5370043 5370801 3730560 3730004 3730560 6350043 300422 3250422 5231007 3930924 5230043 9350894 2760741 6900809 6900646 5650350 2750767 300350 6660000 3930924 9710969 5230984 910741 9710350 3470006 2080741 2760687 6660754 6660754 2760833 2760687 2760043 2760959 10110453 230414 9710923 6760772 250071 7790519 7790964 2760872 8190519 250964 5370071 5831023 3441023 2760924 2760924 7790924 250964 4630888 250888 230872 1850466 230006 6350872 3730268 1760973 3730006 3730268 3730004 3730924 3730350 4630043 8190857 9350687 9710205 9710812 3470580 9040857 4040741 4040741 250969 3950888 9710414 8710285 8710453 8190770 1760973 3730004 1600973 4630602 3730952 7090973 4630357 7090973 4630071 7090973 4630741 4630743 5230285 5231023 5230492 3730004 3730924 3730414 230350 2760114 5230519 2760924 2760687 8340519 7790772 730652 2760889 3730350 3730995 3731007 3730006 8190812 5650350 8190829 300350 3930924 3700896 9710864 2760560 7790205 7790937 3930371 300872 9710653 3700741 9350560 2760995 4020996 1920948 730872 730580 730580 730580 3251007 730006 8190580 3230872 3730350 3730350 3730580 3730995 3730006 3730741 4990741 3230283 5230492 6900767 3230969 3230561 3230952
7790857 7790752 7790752 8710880 3231002 3700441 3930580 3700969 3700770 910560 9710371 9710772 9710519 9710205 9710496 3730991 3730991 3730176 4630752 4630752 8710857 8190923 6660960 9310767 9421023 8710960 6660633 9710205 4020000 5230796 3470144 9710864 3470422 3230560 4720896 9830006 8711007 5230796 3230770 3250880 3230304 9710996 3230422 8870205 3700969 3700880 8710969 9710741 6900952 3930504 730178 9710496 230741 7790373 230561 9710414 3470772 230496 3470527 230770 7790741 2760560 7790560 7790741 8710812 9710812 3470006 7790560 7790560 2761023 5370519 2760923 730888 730741 730200 730741 730371 3230969 730752 3230812 730006 8601007 3230969 8710441 3231016 3230205 3230743 3930071 520741 5230504 520743 9710285 8550519 8340414 9710453 3470857 4630741 8190414 2760770 2080987 9760043 8190414 2760043 8600043 2760043 7790857 730857 2760603 2080770 8710767 8710441 3730164 3730004 3730888 7090973 8190453 8710923 6900924 9710373 9421023 3470930 8710228 8190809 7790371 910864 7790350 910350 2760350 8190350 7790414 7790857 7790857 7790857 3470995 5370924 7790857 5370043 730857 730857 4990924 730212 6660969 730924 5231023 910924 7790924 2760045 7790896 7790772 7790937 3470772 3470006 9350924 9350006 5370371 9350930 8870580 8190460 3250580 9710006 3700930 9710006 9710006 2760006 8710285 2760741 6660414 730836 6660924 5230176 9710920 730857 8190371 9710743 9710371 9040857 3470961 8190646 8190006 2760872 8190872 7790857 7790200 2761010 2760924 5231023 8190414 3470043 9350924 8190741 3470930 7790741 7790414 7790924 8190741 9710043 8190741 8190414 3470923 2760924 9710857 8870924 7790741 7790857 7790741 5231023 8870888 8190371 8870888 2760752 8870043 8870580 8870414 910857 8870952 2080580 3471023 8710770 9710857 3470857 3471023 8711023 8190770 8190770 8190952 8190752 8190767 9710496 3470923 3470857 8190770 8190770 8190772 8190767 9710496 3471023 3950960 8190770 8870580 730952 8870580 9710580 3470580 3470857 3950960 2080770 8190580 9040580 8190580 8190770 8190373 8190767 9350752 8190519 8190770 8190770 8190952 8190930 8190752 8190752 9350504 8190504 8190770 8190580 7790857 3950960 8190961 8191002 5371010 3731002 3731002 3730037 1760973 3731002 7980973 3731002 8190857 3730741 3731002 7310747 7310809 5370743 5370071 8190441 8190857 3250496 7790857 7790857 2760772 5230888 5230646 5230772 5230212 9710772 7790772 3700071 8710770 9710071 2080888 6900504 8600767 9710504 2760920 5230920 9710987 3470930 5230646 3250857 8710006 6900037 9710037 1551023 9350414 6760741 9710414 2760888 2760964 8190872 2760375 8710969 910857 8190373 9710422 9710496 3471002 8190205 9710285 8190414 8190809 3950414 8190857 250741 8190809 7790857 7790857 8190414 8190969 5370924 8190741 8190504 5370741 3731002 3731002 8190652 5370741 5370741 9350741 3730371 3730924 3730924 3730006 3730924 3730371 3730924 7980973 5370371 8190741 9350741 5370741 8190741 8190741 5370924 8190752 8190580 6760160 8190687 8190930 5370888 7790857 6350646 8190460 8190580 8190741 5370924 8190741 8190646 8190857 8190200 5370282 7790857 7790424 8190496 2760414 7790857 7790924 8190519 8870580 8190772 7790857 7790741 5370371 7980973 8190857 2760371 5371007 8190646 7790857 7790424 3950414 8190741 7790857 8190371 7790741 3470857 7790857 9350741 8190809 7790770 8190809 9040285 7790937 7790741 8870743 2080770 8870043 2760809 7790930 8190872 5370460 8190496 8190741 9350741 7790371 7790857 9711002 9040857 8190857 8190857 8190913 8870942 3930930 8870888
8710930 9710930 730991 3470043 2080043 230259 8870743 3470930 5370043 9350924 9350924 9350160 5231023 8190729 8190729 8190833 8190371 8870043 8870043 7790857 8870043 521023 520857 520741 520043 8870743 8870924 8870924 8190729 8190833 7790857 8870043 520857 8190809 8870924 8870924 521023 3730241 3730531 230930 8600930 6660006 230458 2760896 230673 230458 230006 5980930 3730460 3730964 3730004 8190930 3230371 9350897 3930743 3250205 9760964 3470923 8600414 3730646 3730422 3730770 3730646 3730176 8190894 3730809 8190652 3390930 8190913 2760888 5980772 3730519 3730896 3730801 3730268 3730043 3730460 4630043 8190580 9350414 9710622 9710857 3700770 9710796 8600371 3700960 300006 3700770 8600796 9710996 1550212 9710752 9710653 9040285 2080560 7790896 9350519 3930857 10140304 9350561 9830796 9710144 3700969 9710739 8190993 3730560 3730741 3730004 3730004 4630200 4630200 4630043 6350924 2080200 5980414 5230496 8190373 3730182 3730460 5981023 3700739 8710857 3700422 9710504 2080894 9710767 8710991 300504 3930743 3930796 3930741 3700969 3930772 2750212 2750166 3930772 9350743 10140857 3230995 3230212 4720752 3230496 3230496 730770 8870580 5370741 5370460 5370560 7790770 7790857 7790200 3470282 3930770 3930836 2750969 2750836 730772 2750836 3930836 3230441 8870772 3700772 3700772 2750812 230560 8811023 6660812 3230996 2760752 3230575 9710371 9710371 9710864 9710964 3730006 3730006 3730924 3730924 6040857 3390071 3470857 3390752 5230920 8600371 9710991 3731010 3731010 3731010 3730466 3730888 3730646 8190652 6760924 8190752 3730993 3470930 2760770 9350460 6660043 6660561 6660948 2760580 9710043 8870043 9710701 3250580 9710043 8600043 2080043 7790896 3230796 3230880 3230796 9710856 3230996 3230767 3230752 3230741 8710996 3230496 3230960 3230770 5230743 3701007 3471007 9710016 3470889 8190466 9710414 9710466 7790857 2081023 230496 2760894 2760897 5980857 3730754 1600973 3731010 3730888 3730580 8600466 8600857 3730743 3470857 8190160 3470857 2760754 230809 9710527 5230772 9710897 8600580 8790580 9710496 2080767 8600414 2080770 3470809 4040896 4040770 3930575 3930857 3930857 3930857 5230812 3470739 9710752 9710969 9710496 4720752 3230920 3700743 9711007 3230496 3230812 9710961 3230896 3230880 3230812 2080519 2080770 5370043 7790200 5370043 7790043 230948 2080741 7790770 9710896 8601023 3470043 6660880 8870580 2760580 2760948 2760043 2760580 7790200 5370071 3731023 3730580 3730466 3730646 3730646 3731010 4630580 7090857 7090973 8190857 9040857 9040857 9040857 9040857 4720857 9040857 9040857 3391007 5370924 7790857 7790969 7790888 7790857 8190518 3700857 4040200 8870518 7790969 8870424 3701023 3730004 9040857 9040857 8190646 8190646 4720424 8550857 8190809 7790857 7790857 9040857 9040857 9040857 9040527
8900466 9710466 8600466 9710074 3730504 3730767 3730991 3730743 8190071 4630930 8190772 2760687 9760071 8600071 3730164 3730920 3730964 3730872 4630930 3730928 8190857 4630371 8190857 8190652 8190646 7790200 8190772 5370930 5370043 7790857 7790857 7790371 7790937 7790857 7790857 1030160 5370043 5370160 7790857 7790857 7790857 7790937 7790424 7790857 7790857 7790894 7790857 7790857 8190913 8190205 5370371 5370519 7790857 8191007 7790857 7790857 4720200 8190913 8190282 7790857 9710930 2760752 2760504 5370560 2760496 8870870 2760913 3470801 9710519 7790857 3730646 3731002 3730928 3730371 7980973 3731002 4630200 1760973 3730519 3730205 1760973 9350930 7980973 6760857 6770857 1920880 6660880 6660856 2760527 8190422 5370422 2760880 7790200 8190422 7790205 9350872 730857 5370282 5370404 3250857 7310460 3730638 7980973 6760752 6660857 9350996 730560 9350560 5370560 8190770 730653 8190560 3250857 3230739 9710422 9711007 9710857 3230752 8870996 3230812 3230812 4720961 3230205 3700961 3230964 3700864 3700995 3700200 7530857 8190857 3730961 3730560 3730006 4630638 3730004 3730004 3730004 9350930 8190857 8190930 8190857 8190772 7790857 8870580 730841 8190996 8190969 8190752 5370424 9351010 9350924 9350741 8190580 8870043 2760948 5370741 5370841 8190857 7790857 2760948 8190870 7790857 8190913 7790857 7790857 7790857 7790857 7790424 7790518 7790937 7980973 7980973 5370801 5370043 7790969 8870580 9040580 8550580 8550043 3230282 5650812 9350741 2760596 4720687 3230334 2750880 3230856 9830996 6580212 3230297 3930527 9710205 8190687 8190857 3730772 3730602 5370602 8190930 8190870 8190870 7530857 3250857 3250857 9040857 2760560 8710896 5980519 2760987 2760752 3470772 2760205 7790371 2760371 8710205 7530920 7790964 4720969 3250560 8870888 730404 3930741 3930770 3700960 730800 4990561 7980973 9350880 3230212 3250414 8190422 3700205 8190304 5370930 7980973 7310004 7310004 7310772 6661010 6760772 8190913 7790857 7790857 8711023 9311023 8710752 2760920 8710772 8710772 9710772 8710772 7790752 3470772 8870772 2760888 2760071 8711023 9710930 8870743 4720200 8870205 8190857 3730422 3731010 3730004 3730004 3730646 4630638 3730004 8190857 4630424 8190857 8710930 8190071 8190424 9421023 8190857 3730043 3730770 3730043 3730200 3731023 3731023 1600973 3731023 3730004 3730004 8190857 8190857 8190930 5370638 4720857 7790200 8870580 7790937 7790200 7790870 7790200 7790857 7790857 9040857 8190913 8190994 7790857 7790857 8190930 8190519 730857 730857 9350801 8870422 9350304 8870996 7790371 8870770 8870043 7790857 7790937 7790857 8190857 7980973 7980973 3730004 3730519 3730560 8191023 8190646 8870043 8190969 5231002 3930205 3930701 300969 3930422 3930000 3470422 9040796 3700200 7530422 8191002 8190857 3731002 3731002 3730646 3730646 4630043 3730646 4630043 8190857 8190652 4630741 8190857 9350561 9710857 9710969 3250857 3250422 4720743 8190930 4630071 3730646 3730646 3730646 3730993 4630424 4630282
2750857 5230930 8870924 5231002 4720371 8870580 3700870 9040580 9040864 9040580 9040857 3950960 7790519 7790519 2760205 6660930 730930 6661007 6660006 6660752 6660754 6660414 6660071 6661007 2760928 6660741 9350924 5370741 5370841 5370960 7980160 7980160 730857 6771010 5370519 5370519 5370519 2760519 250519 2760519 2760519 2760519 2760519 2760519 5370519 2760961 8190645 4630870 8190870 250580 4630071 5370519 5370519 6770754 6770857 7310182 5370519 2760466 5370519 2760519 2760071 2760519 2760754 2760754 9350519 9350924 6660924 3700870 8190870 5231023 5231023 5231023 9710857 3470575 3470870 9350872 9350770 8190071 2080200 8190767 9040857 2750496 2750519 2751023 730770 730767 3230924 2760375 230857 6351002 6760006 6760920 5370752 6760930 5370896 3730414 8190894 5370752 3730414 6760687 8190752 8711023 8190770 8711023 9350350 8190441 9350964 8191007 9350964 8190913 8191002 8190913 3950960 7790857 8190801 8191023 8191023 1760973 4630833 8190801 4630580 4630638 8190930 8190857 8190857 5370752 8190504 8190504 3700857 8710809 9710963 9710857 8710752 5650496 9310767 2760414 8710453 8190741 8810466 3470285 9710741 8711023 3730414 1760973 8190857 8190870 8190770 8190646 7790857 8190809 5370770 8190930 7980973 5371010 8190930 7790857 8601023 7790857 8190896 8190896 7790857 9040857 8190519 8190820 9710857 10011023 8600770 10140767 730894 230820 8600772 730516 5370043 9710930 8600930 9350961 730896 910857 8190894 8190897 8190896 8190872 3390752 3950888 3950888 8190767 8190772 8191023 7790857 8190801 3730004 3730004 3730185 3730772 3730504 4991010 730801 5370638 730801 730961 730652 730144 730928 730386 730870 730937 8870870 5371010 4630200 1760973 1760973 4631007 6760752 8191007 3230963 9350441 9710857 8600924 9710896 3470923 8190071 3700888 3930414 8710205 910812 2760687 3470980 2760743 2760687 2760964 7790964 2761007 3250987 8710037 9710496 910371 8340729 8870743 5370371 3930285 9710729 3930857 7530560 8711023 3470857 9710729 8710350 8870350 8710519 5230891 3230114 7790752 5230920 230496 230952 8710930 730857 2760561 3230283 3701023 3230283 3701007 3700896 3700752 3700767 3470857 3470857 3470857 8190857 8190212 3730928 3730561 3730880 3730880 3730928 3730212 3730928 8190857 8190880 8190212 8190880 9040857 9040857 9040857 9040857 9040857 9040857 9040857 9040857 9040857 9040857 9040857 9040857 9040857 9040857 8190857 4630752 4630960 8190646 9040857 7790857 3950960 7790857 9040857 8190496 8190770 3730460 3730460 6760930 730961 730961 730857 730857 4990960 730857 730961 9350961 5370752 5370752 9350937 5370960 3250741 3700770 5230752 3930924 5230729 3930896 5650872 8600371 6900519 3230924 5231023 3730993 6760857 9040857 3700857 9040857 520857 520743 9710741 8811023 2910466 1850466 230422 230292 730857 8190519 3700519 9350519 8190205 8790580 10101023 5650857 10110857 9760043 8190969 3250350 5230969 9710373 3230770 9710969 9711002 8710752 730770 8710752 8711023 9710071 3700888 3700987 3930888 3930969 3930071 3930996 3930969 3930743 910729 3930964 3230350 9710544 910350 8870772 9710987 7790741 9040996 8190422 8190772 2760996 7790857 8190812 7790857 9040857 3950422 8190857 4630937 1760973 1760973 1760973 1760973 8190645 1760973 8190646 8190646 3250857 5230872 520857 520969 520857 8190812 7790857 2760043 9310466 730952 910496 8710801 8190560 9710622 8190205 9710888
250772 250772 2760602 231023 6770160 231002 730930 2760144 3930701 730996 8870969 6580212 8710304 9350930 3731002 6760973 8190801 730857 9350037 3930741 5230037 9350924 9710414 9040833 301023 9350386 4021023 730963 6660160 3230422 730205 9710516 3230995 730880 5230406 7790519 2760414 3731007 3730422 1760973 3730268 3730043 3730268 4630857 3730268 3390580 4630580 4630580 9350743 3700770 3700752 9710857 3700496 3700770 7790833 5370144 2760801 2761023 2760765 2760071 230496 2760770 2760752 2760770 2760043 2760770 9710043 8710144 7790770 300880 9710796 9710071 3700880 3470212 730363 5370894 5230466 9350996 3250422 8870812 8870144 4720741 3731002 4630930 3731002 4630638 5370930 5370772 2760801 2760144 2760144 2760144 730453 730414 3231016 10140561 8710961 5230800 3700304 3470996 5370741 2760960 730519 2760700 6991007 7790752 5370752 230504 2760923 2760043 2760178 2760043 2760338 2760930 231010 230857 2760930 2760743 2760930 2760770 2760820 2760952 7790857 7790857 7790857 7790964 7790888 7530043 8870580 3700864 730896 2760743 7790859 1030928 4630200 1030408 1030993 2760364 2760364 2760043 2760364 2760897 2760964 230920 5370770 8710767 9761002 7791007 8870743 3730268 3730466 3730466 3730071 3730200 3730460 3730043 3730241 5370071 8710930 6760071 2760897 2760580 2760770 2761007 2760987 6660006 8711007 730770 230952 2760687 3250767 8870424 7530043 730937 3250772 3251007 2760596 3470920 2760043 7790894 8870043 7791002 2760043 7790829 2760596 2760043 7790200 2761002 2761002 2761002 2761002 2761002 2760544 2760386 2761002 2760043 2760928 7790200 2761002 2760961 5370460 5370519 731023 2760043 2760969 2760114 730888 2760544 2760770 2760928 2760516 2760829 730114 6660812 2760896 2760516 2760544 8870043 2760646 5370460 2760580 2760652 2761023 250859 7790519 7790200 7980994 7310602 7310638 7310638 4990930 9350930 7980973 5370160 9350930 730857 730969 7790857 7790200 2761002 7790200 7790857 7790859 7790518 2570519 5371002 7790200 731023 5370460 7791002 7790937 4610973 7310638 4990930 7980930 9350930 5370638 9350930 731023 730857 8870037 8871002 7790969 7790969 730772 2760043 730743 8870422 3470772 2760646 7790894 4880973 3731002 7310969 6770857 9350930 6760973 250518 5370404 7790652 3730004 8191010 8190646 7090973 4631010
3700836 910880 3700987 2760359 2760373 2760144 730205 6660560 6660071 2760371 2760894 2760896 9710920 2080896 9710995 2760770 8190752 5370144 6660800 6660961 6660888 730373 2760960 730767 9710782 8710959 9710782 730752 3930770 910960 8710961 5230037 730772 2760338 2760741 7790987 8190782 2760894 8190896 730114 3930422 3930812 730888 730373 730767 2760371 730888 3470833 8190770 8190466 8190770 8190857 8190857 6760006 730519 230453 8710772 9710519 2760767 6760519 5370160 2760371 230496 2760371 730178 2760872 8600043 730741 730114 730071 230375 230414 7790888 230285 230767 2760043 3470043 230375 7790964 7790770 1760973 8190772 8190519 2760801 2760809 2760519 2760519 2760960 2760144 5230519 2760114 2760964 2760687 2760888 2080752 8710228 3930743 3930960 3930519 6660924 730006 9710373 8710414 3250857 9350205 3930519 5231023 730519 2750166 6660422 3700836 3930089 3930796 3700422 3930996 8190422 3700857 3250857 7530857 7790200 730144 230880 6660580 6660245 6660414 2760930 6660653 730964 2760144 9710580 8710864 8711002 9710891 730144 910006 3250880 910937 8870144 300205 300205 3700297 6660729 10140560 3930870 9710701 3930205 3700205 9350993 3930071 730812 730580 730894 730460 2760176 230422 2760371 230857 231023 2760043 230653 730738 730006 730812 730560 3230527 3230653 730937 3250043 3230304 910043 4720043 3230285 5230414 5230406 6660924 6660422 3230880 3230880 8600969 9710205 2080531 2080770 2080519 6660560 9350741 8600414 9710894 9710496 3700739 3700964 8710729 2760743 520741 9710729 8190602 1030004 1030371 6770160 1920561 1920006 5650519 730371 2750561 2750006 3700580 9710964 8190602 8190767 3930071 300496 6660952 6660729 9710833 3930519 3700519 3700575 9710739 6760560 9350653 8190602 8190857 8190857 8190205 8190205 8190453 4990006 4990006 8710422 730800 9710422 230872 230920 730995 230350 730006 230888 230996 230527 230422 6660812 230304 6660996 6660653 2760580 3230701 7980973 8190857 8190466 8190580 8190580 8190896 9710888 3470920 3470580 2760304 6660996 5230422 6660880 9710527 5230519 4720752 5650872 3250519 9760872 3470580 2760580 230646 2760043 2760772 8710043 2760422 2760888 2761023 2760930 230741 230924 230923 5230527 6760422 8190560 8190580 5370071 8190580 8190518 3930772 8330350 5230872 9310872 8190880 8190071 6350920 6760872 8190645 8190645 8190913 7530857 7530519 8710920 3470782 5231023 5230959 3930519 9710864 910371 2760800 8190741 3230371 730006 230006 5231007 730580 6901002 3230996 5230969 730304 5230560 9710304 5230037 2760373 5370880 2760752 2080770 910772 2760085 5370144 730770 6660646 3930386 3930166 730373 3930519 8870969 3700519 8870743 4040857 4040752 3230752 6660304 730144 9350166 730144 730960 8711002 730071 8190071 8711023 910767 3930371 6900809 9710580 6900872 3930752 8710422 8710228 9710969 8710580 730741 730857 230963 730653 3250422 4720560 9040857 8870043 9350770 2750767 4990857 7310743 4990930 4990930 4990160 6770160 6660466 4990043 5370770 5370930 4990857 4990857 7310754 6770857 7310888 6350888 6770924 6660770 9350870 6660772 2760987 9350364 5370043 8600767 8810920 8811023 2760043 9350920 5370772 6660857 730772 231023 230496 9311002 8330496 230920 230496 230666 730772 8710772 8710364 9710782 3230969 8711023 9710743 9350743 9350870 6660089 8600930 3230870 6660836 3230870 730888 6660857 730729 730857 730857 4991010 730888 4990700 230857 730200 6770160 6660729 6660221 4990561 2760741 6660527 730857 4990580 6660857 6660580 6660857 1920857 730928 6660580 730729 730894 6660560 8870942 730857 7310880 7310964 7310071 9350772 7310754 6660166 5370743 6660833 6350964 6760888 7310964
8870560 8870924 8870770 5370371 2760205 2760043 2760114 2760653 9710519 9710964 2760960 7790894 250043 4630043 4630043 4630930 4630043 4630638 7090973 4630518 4630937 8190652 8190801 2760071 2760743 2760930 2760462 8600743 8601007 8600519 2760743 7790894 2760964 2760888 2760923 3730259 3730259 3730646 8190652 4630896 3230770 9040144 3700896 8710770 3700770 9710516 7530767 2080580 2760752 2760516 2760959 8710565 2760516 2080770 7790888 2760743 9040580 8190646 8190857 520043 3930285 520741 3930519 3930812 3700519 520752 910741 3700205 8190006 8870580 3230373 3930560 3930371 3930205 730071 2750205 910144 5230969 9710527 3230770 3230743 8710891 3930212 910205 730371 2750754 730969 2750560 3930519 910960 910205 910741 3250560 3230285 730006 3230519 3230414 4720864 3230414 3730453 3730872 3730646 3730924 4630424 8190652 4630580 4630371 4630580 4630937 4630424 4631007 4630937 4630937 7790969 7790937 730896 2750800 8600422 7980973 1030857 7310920 7310767 7310920 3730987 3730888 8190857 3730259 3730743 1760973 1030833 6760772 5370743 8710259 2760888 3470930 731007 730894 730888 8601007 2760964 8190580 8600466 5370160 8190820 8190580 5370841 250894 2760741 2760687 2760414 9710923 5231023 9710864 2760043 2760952 3730182 3730770 8190857 4630930 3730767 5370948 5370948 3230350 5230350 9710371 8190071 9710350 8190857 3730952 8190857 3730809 8190160 8190896 8190913 9350961 3230796 910880 9710743 2760646 5370960 6660580 3230144 3230228 2750961 3930504 3700961 3930770 3930767 9710272 3930752 910960 731007 730580 3230767 3230969 2750228 1920006 231002 730687 6660006 730870 2760228 8190857 4630930 7310560 6660894 5651023 9350006 6660560 2760414 2760144 2760144 2760144 9710144 7790896 6661007 3230386 6660282 730282 730809 730414 5231002 730414 730937 3230924 3230544 3230969 730371 230006 730652 2761002 2760285 2760937 2760373 6660924 2760969 6660754 8710923 8711023 3730770 3730504 3230924 9350741 3930923 3930285 300414 730282 730961 730282 730200 730282 730870 730928 730414 730580 730969 730857 9350809 8190809 8191002 2760350 6900529 230167 6900519 2760350 2760924 2760924 3470772 730924 3230414 3230741 5230453 3230338 3930043 2750924 2750741 730282 3930504 2750741 3930580 3930580 3930767 3930580 9710350 3930924 910741 3230969 3230960 9711002 730770 3251007 730741 730646 730282 3931002 2750646 3230928 3230212 730373 2750496 9711007 8710441 730812 9710071 9040580 8870770 3250205 3930964 3931002 6660961 6660729 730373 730809 910960 730646 4630937 3730984 8190930 4630870 8190460 8190930 7790857 7790937 6901002 3230741 730964 5230527 730864 2750205 3250519 730176 5231002 5370560 7310646 7310560 3730043 4630580 3730580 3730560 3730182 3731007 3230923 4990652 10140006 3230923 730414 6901002 3230812 8710580 8710560 3700575 9711007 8190857 3730646 3730004 8190857 3730809 4630424 8190857 4630913 4630937 4630741 2760913 7790937 730809 3930043 8870924 520894 8870518 7790371
8190580 8190812 8190857 8191002 8190638 8190913 5370638 9710466 5370741 3730870 1760973 3730519 3730004 3730004 3730004 8191010 8190857 3700857 300924 3700285 8710920 9710622 9710466 5370560 5371010 7980973 5370071 5370964 6761007 8790519 2760687 2080200 2760741 8190580 8710857 9710603 8710960 8870770 5370519 3730004 3730004 8190602 8190580 250519 6760928 9710963 8190071 8190646 8190071 7790857 8190580 8190371 3930960 910857 730006 3470930 3230560 7790752 730560 730580 730466 730516 1920857 10110961 9350519 9350928 8870144 8870144 9350560 3930527 3250422 5370043 6770948 230228 730043 2760043 230006 230872 9710864 2760350 2760350 3250205 9350896 8190770 8190857 8190894 1760973 8190857 3730004 1760973 1760973 5371023 7980973 5370144 8190772 6040857 2080519 8190964 7790969 3730602 3730004 1760973 1760973 4630043 8190772 9760200 2760959 8190596 7790857 3950960 2081023 8190687 4630114 3730519 4630833 3730969 4630638 3730004 8190652 3730185 8190560 8190504 8870969 8190969 8870205 7530519 250752 4720857 3470857 8190519 8190071 4720200 5370754 3250857 7530857 6660952 7530857 6900857 9710205 3700964 8190561 9350560 9350964 6760580 5370960 5370752 2760770 2760743 2760638 2760638 2760519 2760406 2761010 8190519 8190071 8190519 5370833 2760638 8190519 2760888 2760937 2760888 8600519 5370964 9350770 5370770 6660466 9710856 8190996 3250580 7790371 1030638 3730004 5370801 3730460 2760801 8190801 7790857 2760646 7790770 5230037 7530205 520752 8710741 2080519 3250043 2760043 2760043 2760770 8190894 3470801 5371007 3230544 2750561 6900422 9350350 3730004 3730304 8190652 4630371 8190205 3700964 300864 3700961 730857 8190304 10110646 5831023 6760114 9760200 5230580 5230580 5230930 5231023 5230891 730872 3930371 3930371 9350371 8870743 8190920 5370752 2760801 7790200 2760043 9760930 2761007 2080580 2760960 9710580 6760896 3730268 3730004 1760973 7090973 8190424 3231023 9350961 730283 5230580 5230043 6660006 730283 230924 5230995 5230930 5230801 5230801 2760371 1551023 2760872 8190930 2760160 2760930 2760743 2760006 2760646 3950144 8190460 8190519 730741 9710622 910741 9710037 3470857 8190767 8190496 3700200 300212 300924 3700857 301023 300872 3700422 5230857 3730743 8190371 9350560 3700205 300205 3700200 5230796 8190741 9350937 730422 730812 8190996 5370071 8190422 8191007 9350754 730960 2750857 730144 3930205 8710544 10141010 8190205 9350812 230350 6660948 230812 230948 230000 230996 5230422 2760809 2760043 2760924 8190460 7790937 230809 9350460 9710930 230872 9710043 9710864 3470043 3730004 3730924 3730006 3730043 8190801 8190519 8190801 8190752 9350754 2760404 9710212 8710422 7090973 3730268 1760973 4630752 4630004 2760466 5370754 7790859 7790857 7790424 8190519 8190772 7790857 2760466 2760646 7790770 4630870 3730754 3730646 4630833 8190857 9350741 10140304 8190969 910739 8190996 910422 910857 910560 9710304 8190969 8190729 8190969 910857 910857 8190969 910969 4040200 8710857 5230857 3700857 5231023 3700872 3700888 7790857 9350743 3730228 8190071 2760888 231023 2761010 2760930 2760743 7790857 8190519 2760896 8190801 8191023 1760973 7090973 3730004 8190857 5370833 5370754 5370754 9350037 9350888 730857 730964 5230466 3230812 6660580 1920812 3230422 230752 2760752 8710995 730560 8710422 3700527 3730004 3730527 2760074 6350888 2760071 2760801 9350743 9350888 8710801 9350743 8870888 8600969 8870888 7530812 2760930 6660772 6660338 5230930 6660160 5230801 3470980 2760687 5230000 9710772 2760889 2760043 2760516 6350687 3250961 6760687 9760961 6760687 8790880 3441023 730304 8190560 8790043
3730994 3730772 3730833 3730212 9350772 6350043 8190894 8870043 9350896 8790006 8190371 9350006 3730638 3730200 3731023 7980973 5370894 6760687 7310004 2760930 2760114 6660071 6660964 730964 6660466 6660560 730857 3230880 9350930 10140422 6660371 7980973 7980973 3730200 7980973 3730984 9350371 9350430 9350601 730404 730176 7980160 3730638 3730043 1600973 3731002 3730357 9760930 230888 2760144 2760752 6760930 7310729 5370071 5370841 5370894 9350896 3730004 3731002 7980973 8190857 9350880 5370841 8190969 8190519 7980973 7980973 7980973 2760964 5370743 8190913 7790371 8190772 8870772 7790371 7790937 7790729 520772 7790969 9350741 8190864 2760350 8190864 3700864 4720857 3250857 3700519 3700864 2760741 230857 3730004 8190930 6760870 2760770 2760114 6350687 2760924 8710857 9710350 3730350 3730268 3730350 3730350 3730350 3730414 9351010 10140350 8190304 910857 3930741 3930560 8190872 9710037 910809 7980973 7310004 9350371 6660504 6660373 6660924 3470857 9350752 8190942 8191002 8190752 8190857 6350496 9350527 9350937 730743 9350743 730857 5370071 5370964 3730580 8710930 9350160 3730888 3730245 3730519 7310460 730212 9350930 9350888 730770 2760752 9350772 8710519 730857 3730833 3730772 3730772 3731002 7980973 3731002 3730422 3730371 8190857 5370371 5370371 2760466 6760519 5370519 730857 230963 6660857 5370144 9710930 6660996 3730004 7980973 9350930 3731002 9350930 3730004 5370894 9350930 730741 9350350 9350772 9350993 730896 10011023 6660857 5230743 5980930 9350937 5230772 10140006 3730371 7310043 3230371 2760371 6760960 9350767 5231023 9350453 2760371 2760371 3730371 3730371 3730371 8190930 8190772 9350772 730937 7530200 3470857 730006 2760928 2760043 7530371 7530371 8191002 1760973 7980973 5370371 5370741 2760809 3700772 3700519 3700200 8870772 8870772 3700144 8870144 9350460 9350913 9350937 9350993 8870518 910857 8190993 8870969 910937 8870969 8870743 7980973 1760973 8190519 2760646 8870144 8870144 7790937 8190772 3730144 5370144 6660741 4990888 730857 9350738 230292 230739 230741 8710466 5370741 3250857 2760729 2760969 1030408 3730037 3730200 3731023 3731023 3730200 3730004 4630266 9350896 8190857 5370266 5370071 730857 9350924 8711007 9710205 9710496 8710496 9350338 2080200 8790414 8870924 3250350 8870924 3700857 3700857 3700857 8710770 9350752 3730241 7310004 7980973 730857 730857 730924 6761002 8600920 8710752 9710071 3470043 9710995 8710920 3470857 2760924 8190350 8190930 8710833 8190870 8710200 6760071 3730386 7980973 5370602 5370371 5370371 9350453 5370371 10110006 2080200 9760200 8870942 9760205 2080519 5370043 5370829 6350580 10011023 230292 2760043 230857 2760801 9350801 10011023 2760820 3470772 8190519 6760160 8190857 7310743 6350930 3730460 2760743 2760930 6760752 8190801 2761010 9350772 2760638 2760969 2760924 2760924 2760969 2760772 8190772 8190772 7790741 7790741 2760371 7790371 8190422 7790857 7790859 8870350 8190350 3730004 5370801 8190741 8191007 7790857 8190857 8870880 7790857 7790857 8190422 9350888 8710963 8190969 6350646 7310952 9350371 6760872 9350371 8190772 9350741 6350371 9710930 9710014 8710923 10011023 8600872 2760371 4090973 6350930 231010 9350371 301002 6660752 8710801 3730268 3730441 3730772 3730043 3730772 9350801 9350371 10140872 3930857 9350872 8190772 3230796 8870205 9350772 9350772 4990857 3250371 10140872 9350872 9350560 7980973 3730004 7310004 7980160 7310741 3730638 7310928 3730282 9350801 9350772 9350144 9350772 9350801 7980973 3730282 3730833 7980973 3730282 10140872 9350961 3730961 9350371 9350913 730371 9350371 9350937 9350924 9350924 730924 9350519 2760006 2760006 9350006 2760924 2760924 8870924 730924 8870870 5370144 9350870 3730386 3730386 3730969 3730969 3730969 3730969 7310969 9350441 9350741 6660857 9350800 8710752 8710857 8711002 730741 730770 8790043 3250043 2760729 3250043 8790043 8710729 9350519 5370371 6760743 5370833 5370408 5370687 2760408 2760924 7790266 9350408 520772 8190772 8870969 520857 8870969 5231023 7981010 7981010 8191007 3230466 5230466 4720371 3230006 4720371 3230924 3470006 3470043
3930519 2080894 4720896 2760516 2760897 730833 730833 6660924 730371 730212 730880 6660754 8870833 8870833 3700144 3950144 9040870 2570519 730809 730969 8711002 730114 730687 9711002 9760872 2760969 2760496 730516 2760960 9350519 4990144 9350687 730071 730646 730043 5370071 730580 730894 3250043 7531007 5230504 2760924 2760738 8790043 7790896 9760772 2760952 4720414 8870924 4631007 251007 4040200 910282 730282 730646 730741 730043 730516 731007 8870580 730560 730894 730857 730872 730167 730752 3230920 730969 730071 2750872 910043 910043 8190969 910857 2081002 910414 9710414 910285 730741 230596 2760687 2760782 2760114 2760687 2760516 2760071 2760770 230767 2760770 7790441 2760920 2760770 5370043 2760964 2760928 2760580 730928 730043 8870580 8870043 8870043 8870580 7791007 7790937 8870580 3250580 730561 230948 2760913 730580 3250580 8870942 730961 8870580 4720371 4720371 2761007 2760864 9710923 4990872 730371 3230741 730964 3230414 910960 910371 3251007 9710519 9710891 5370071 10110952 9710285 911007 9760580 8790043 8711002 2760942 730114 730516 2760580 6770928 2761002 230741 2760519 2760964 2760176 7790888 2760888 9710453 730961 730960 4720741 3230414 730653 2760371 730363 7790770 7790200 730646 7790741 5370841 1030993 1030857 6771010 1030833 2761023 5370519 5370364 5370364 250519 5370519 9350961 730386 3230200 730857 6660406 3930580 9350924 3930519 5650205 3930960 6900969 910772 7530205 910560 3930205 911007 3230205 8870969 910371 3930937 8870969 9350993 7790857 4720961 3230984 3230741 2750646 3930770 3230752 3700960 3930071 910560 8710544 9710741 9710741 3700924 5230646 520752
2750812 730996 3700996 910371 9710371 9710205 8710920 9710350 8710996 3700752 3930923 9710969 8710969 7530205 9350560 3930653 8870205 730743 9350144 6350770 2760743 5230519 6660560 5230560 9710739 6660205 9350752 6660767 6660560 230560 2760928 2760752 8710870 6660738 2750000 3230205 9350205 3230283 3230653 3230928 9710527 8710996 3700888 2760583 9710371 230767 1551023 230809 5230833 230880 5230422 3230304 730741 5230872 730880 5230729 8330924 3930995 8710205 3930205 5230969 1550872 910741 910363 910580 3250741 3950282 4720741 7790770 3950960 5370770 730770 730200 6660580 2760580 2760928 730741 6660580 730812 730960 730373 730872 1550037 1551023 4990519 6660969 6660729 9350519 5230833 9350741 6660422 2760441 2760043 4090973 6660857 9350942 730071 230767 6660687 230752 730960 730646 9350993 5230772 730371 6660872 230952 2760741 2760441 2760752 730752 8710782 730841 9350961 730212 730928 8870424 730812 9350937 8870580 8870205 8870772 2760928 2761002 730560 8870424 8870373 8710896 230987 230923 230987 230857 230743 730212 230920 6900504 730071 10110006 5651023 2760043 2760987 1760973 3730770 3730964 3731002 3730268 3730241 6771010 231023 230964 2760964 2760959 230920 2760964 2760729 300371 3930772 5230952 5230176 6900767 8870888 5230496 3250519 9710897 2760754 230948 2760441 9710782 8870888 8710928 2760809 2750924 6660741 4990761 9350144 9710144 4990888 730144 730960 5650741 9350741 7980973 7980973 1760973 6760646 9350414 3730974 2760200 5370460 230888 3470441 2760504 2760752 7790770 3470833 8870144 7790752 7790896 7790937 3701007 8870518 2750800 730205 730772 3930772 730767 730414 730738 3931002 730741 5230969 730646 910580 3230743 730963 730371 730743 730741 231023 2760200 230228 230176 2760896 2760894 2760888 2760043 6770948 8710770 3730268 3730752 4630580 3730268 1030913 4630200 4630580 6350043 230517 230920 2760441 8710519 2760144 2760930 6660888 6760888 2760752 2760752 9710930 7790752 8710043 8870743 4720741 7790729 2570519 7790937 7790969 5370160 8190969 7790752 3950960 8870770 8870888 8870888 520743 7790441 520071 8870043 8870518 8870518 8870043 8870743 8870518 8870043 8870518 8870888 8870888 8190857 9350743 8870770 8190071 910285 3230969 7530043 2760960 8710928 8710770 9710928 3930371 9710371 9710371 8710527 9710422 3700205 730812 9350993 4021023 300880 9350924 3930739 9710272 7790859 9350560 8870770 2760363 2760363 8870888 3250422 9350913 8191002 730857 8870969 730212 730928 3700200 8870580 730937 910544 9350928 5370960 3700200 8870743 9350888 8870770 9350993 8870424 3700857 730928 730580 8870043 8870580 730043 730913 7790205 730043 8870422 6350043 5370043 5370043 3730043 3730580 3730580 7310948 3731002 5370743
7790741 9350872 8190414 8190741 8190371 8190496 8190519 8870350 3250741 9711002 8870006 8870924 8870924 8870924 8870350 8870350 520741 520741 8191002 8190857 3730205 5230930 5230930 9350924 910924 6901023 9710930 910371 5230872 9350924 8870350 2760350 9710037 8190741 7980973 8190160 9350350 730350 5370859 9711002 3250371 8870924 520741 3730371 9350371 9350160 6660809 9350371 9350006 9350924 9350924 730743 9350160 3700741 9350350 6350601 730741 6660371 5230646 9350924 9350924 2760350 730741 9350741 9350872 9350924 9350924 6660350 6760864 7310741 9350738 9350371 8190371 6760924 9350350 3730004 9710801 6760872 8190371 8190414 8190741 9350741 9350872 9350006 9350006 8190580 8870924 8190580 8190580 8190580 8190371 8190460 2760928 9350741 9350460 9710930 9350460 2760924 5370460 5370043 9350872 8190460 8190371 8870043 3250043 8190580 7790969 2760460 8870144 8870924 8870350 9350872 9350460 6660872 8190752 9350930 9350460 9350460 9350560 8870043 8870043 8870043 7530857 3700043 8870350 9040857 9710371 3700857 3701023 3700414 8870872 6350857 10140864 9350930 9350205 9350913 9350460 9350770 9350812 5370741 9350924 9350924 8870043 9350504 8870770 3471002 7790770 7790752 8870770 9350441 9350964 8190580 8870580 8190580 8190371 8870743 3470043 8870870 3930812 520043 8870924 8870969 520741 7530371 9350200 6760930 3731002 9350930 730857 6350414 9350460 8190930 3700043 8191002 7790857 9350772 8190071 8190424 730741 9710371 2760371 9350930 8190930 5370924 9350350 8190741 9350371 9710857 9350371 9350894 8190772 8190371 8190371 5230466 5230466 8190772 8870872 7790266 3470580 3250414 9710741 6900872 1551023 5230930 5230930 10140924 6660350 6901023 9710371 9710371 5230006 5231023 5231023 6901023 6901023 6900872 1551023 9710371 5230037 5231023 5230646 730350 6900037 9710741 9710371 9710371 5230872 5231023 5231023 6660350 730930 7980973 6760930 9350371 9350801 6660160 6760924 9350741 9710930 8870560 730739 730996 730422 3250205 8870969 8870424 8870772 730969 7790969 910772 910422 7530560 730422 4990801 9350422 9350928 9350928 9350460 6660422 9350460 730996 7530560 9350422 301023 9350880 730996 9350560 3250422 8790205 730741 730560 3230304 8870996 9350527 7310969 9350924 7310004 730857 9350160 9350996 3250857 8870770 9350872 7530205 9350741 9350160 8190518 9350560 3700200 3700422 3701007 9350144 7310741 9350930 10140864 6660857 9350770 9350928 8870580 9350205 9350928 8870580 9350422 9350812 8190770 9350205 3700580 3250205 3700741 3250560 4720964 3230304 4720205 4720424 10140519 1551023 1551023 9350371 4990924 2910466 3230414 6900466 1551023 5230872 5231023 5231023 3230414 6901023 6901023 3230371 5230371 5230037 5230350 3230350 6900037 6900037 3930371 5230872 5230037 3250350 2760350 9710741 9350872 7310809 7310924 9350738 6900930 6660371 6760006 5230930 2760741 9710930 9710371 9710285 5231023 9350924 10140414 6901023 9350872 730371 730857 730924 730924 8870419 3930519 8870833 9350371 10140519 9350371 9350888 9350964 3250857 9350937 8190580 2760580 9710580 8190741 9350560 730857 3250857 8190580 9710205 8870770 8870424 8870770 3471002 8711002 7790894 8710930 9710782 8710987 9710782 8710770 3470373 3470987 4990071 7310646 8600930 8870770 8870888 5981002 7790987 6350964 5980504 9710930 8710987 7790441 230304 300996 9350560 3250422 6580212 300527 730212 9710297 730114 5650812 8870942 7530560
8190994 9350304 9350930 10140973 6660833 9350653 730857 911007 730857 730857 6771010 8190930 5370833 9350371 5370833 9350037 9350930 9350930 3730004 9350772 230292 730857 730857 3730441 4990857 8190857 5370638 6350496 8190285 6350930 8190285 8190741 8190969 9350441 8190969 9350304 8190752 9350754 9350037 9350519 9350560 8190833 6660857 6660857 9350752 2760739 8870560 9350752 9350519 6660857 6660996 6660212 9350996 6660796 10141002 5370960 9350371 2750857 9350770 9350809 9350930 10140160 3730928 3730004 8190857 8190857 3730004 8190857 8190857 8190857 9350767 6350770 6760767 9350930 9350812 6350496 2760770 9350930 5370833 6660857 10110560 10140422 6660304 9350894 9350441 10140653 6660857 9350602 9350772 8190969 3730205 3730004 9351010 8190857 8190969 911023 3930857 8190930 5370964 5370833 9350408 9350930 9350937 10140993 9350930 9350928 9350836 9350743 5231023 4990924 5230930 230006 9350371 7310004 6901023 3730864 3731002 5230857 9350930 8190770 6760741 6660857 8190200 9350930 9350930 7310741 9350930 6660043 2760930 9350930 6660930 3931023 730857 730833 6660857 5370833 6660741 9350930 9350772 6660408 730928 9350422 9350371 9350371 9350371 7980160 7980973 3730969 6760560 3731002 7980973 3731002 9350930 7980973 9350930 7310182 6760930 6770857 8190071 2760743 2760960 5370043 9350770 2760888 9350408 6350371 4990422 6660414 9350888 9350364 9350767 6350496 7981010 3730638 3730638 3730037 3730357 3731023 3730004 3730772 3730043 3730004 1760973 3730004 3730519 3730928 9351010 8190857 8190894 5370043 6760930 4991007 1920880 6660422 730770 3230880 9350519 730857 6771010 6770560 6770857 6770857 6770857 1030580 1030580 5370364 2760580 230857 5370752 5370770 2760752 2760920 2760580 2760071 5370888 9040857 2760200 5370741 9350741 5370741 3700200 8190996 3931016 3930205 3930833 3930701 8870833 730880 9350037 730772 730767 730857 2760666 2760043 9350770 6660767 2760200 2760870 6660646 2760928 6660754 9350772 9350772 9350772 9350772 6660801 9350752 10140924 9350653 10110770 10140741 9350752 6660857 9350930 10140930 6660560 730857 6660996 8711023 5370880 2750857 9350743 9350772 9350888 9350772 6660969 10140519 9350752 4990743 10140205 730857 6660741 6660857 6660930 9350743 10140519 730739 9710743 9350812 730857 3930888 9350770 7980973 10140973 3730205 7981010 3730969 9350741 9350638 10140560 6660160 5230888 8190772 6660743 730870 4990646 7310371 3730930 3730602 3730602 3730205 3730004 3730602 7981010 3730004 3730004 7980857 6760930 5370571 2760408 8190364 9350952 8190424 9350422 5370371 5370371 3250857 8600782 230743 730894 730743 730841 6350743 2760752 2760043 230212 730896 730857 730894 730896 5370371 4990006 730371 5230176 6900646 5230176 2760414 9350741 8600930 3730894 3730602 3730602 3730458 3730741 8190857 8190857 8190645 9350924 3700285 5230414 7530857 5230414 9710741 8870770 8710285 9420646 3700952 9040996 9040527 9710414 2760812 9350930 6660770 2760371 2760386 6660453 730371 2760441 2760864 6350519 2760544 2761002 2760772 2760969 7790200 910920 2760544 8870969 910772 910200 910646 910772 8870969 4040200 910363 910754 910754 4040200 8870969 910043 910043 910212 8870043 8870043 8870043 8870043 8870969 8870043 520969 7790043 8870969 4040857 4630200 3730037 2760897 6760930 2760987 2760200 2760373 230496 230504 9350770 230952 5370752 3731002 9350888 730857 730519 730519 2750560 3230782 6660924 2760948 9710864 730006 730144 2081002 2760580 3730386 5370930 730741 730037 5370894 730496 2760071 4720200 730071 1031010 1760973 1760973 1760973 4630638 3730004 4630043 4630200 8191023 8190729 8190729 7090973 520043 520043 520043 7790043 520043 8870969 3730646 3731010 3730646 1600973 3730004 3730004 3730386 9350243 9350928 4990160 730857 9350993 730969 730809 730880 9350527 9350408 9350761 8870969 7790205 520772 8870969 7530857 9710205 730371 3700519 730880 910833 910043 730754 910833 730969 8870037 5370560 5371002 730857 5370741 7790729 8870580 7790729 521023 8870043 7790043 520043 8870043 8870969 520043 3700043 520043 521023 520043 520646 8870043 8870043 7790043
730996 1920560 3230930 730519 4991002 6660422 731023 730857 6660857 6660527 730422 2760580 9710334 9350653 8190930 3730996 8190857 8190857 8190857 8190160 8190857 9350560 730857 9350371 730772 8870772 730857 730872 730741 7790864 9350928 8870424 730754 7790870 910937 8870888 8870304 4040200 731023 2760928 2760460 2760872 7790937 730741 2751023 6661002 6661002 730580 730519 730964 2760043 2760043 6660772 730928 6661002 730519 6660519 6660964 6660453 730519 2760729 730386 2760961 730519 2760928 4720205 7790961 9710864 6660741 6660741 3230386 6660961 3930386 6660969 3930386 730386 730453 3230519 2760961 6660961 6660961 3230422 3230880 730870 7530205 2760961 6660304 6660761 3930212 730386 730969 730364 730364 730961 6660212 730212 730812 730200 2760386 6660519 2760928 2760964 6660924 9711002 2760371 2760496 8870888 2760371 3700200 8190913 9710864 8870880 8870424 3700422 9350888 9040580 9040580 7790937 7790424 8870888 3250414 730371 730969 730969 730864 730350 730519 2760969 2760043 2760741 2760928 2760913 2760043 2760363 2760964 2760741 2760894 2760673 2760043 7790897 8190646 520969 3230741 730144 730519 730580 2760928 2760580 2761007 2760700 4720560 8190561 8191010 8190160 8190160 8190580 7090973 4630004 2760646 2760772 7790519 7790888 7790888 7790888 7790870 2760363 2760580 8870560 8870560 7790812 7790857 3930350 9710960 3930414 910285 5370071 5230870 3230872 7790969 9710864 3730924 3730164 9311023 8710870 6760422 3730782 3730268 4630243 3730228 3730580 4630371 8190496 8710930 9350770 2760752 730752 2760770 2760952 230016 6760504 3730782 6350770 4630243 4630937 3730646 8190857 5370801 3470801 3950801 250144 250371 250752 2760652 2760285 2761023 2760519 2760987 2760809 7790519 2760961 730580 6660580 730923 6660796 6660580 2760043 6770460 730857 8870043 4720870 2760580 9040580 7790752 730969 9350205 730964 9350653 910560 5230872 8710006 8870888 3700441 3930888 3930580 3230864 910043 730739 730000 730560 4720205 730560 7790205 4720560 7790969 7790937 230812 230741 230924 2760422 2760414 2760960 2760043 250894 230870 2760363 2760458 2760964 9040870 730961 730144 6660580 6660880 6660801 6660580 2760580 5370371 730580 730144 730580 730646 730460 6660228 730928 731007 4720969 730646 4720043 3700580 9710928 8190770 4630752 4630770 4630752 4630913 730580 730580 2760880 2760043 9710580 3230738 730857 4990741 3230969 3230796 730857 3250212 9350741 4990880 730212 2760741 3230928 7531007 3230738 2760043 2760414 2760527 2760996 250371 7790937 3470923 520414 9350809 3700969 4040741 3470923 9710414 910422 8870812 8870144 4720363 7790752 730812 8870969 3700741 3930743 2750646 730408 730071 2751023 3931023 3931023 910200 730114 730560 8870969 8870969 3700205 3230205 730770 5370043 4720043 3250741 8870580 8870580 9350937 8870969 910200 910937 910870 9710969 8190872 3730646 4630857 4630937 4630913 4630937 4720857 9040857 7790857 8190646 5370741 5370043 9350519 9350453 5370743 3230796 5650857 3230772 6660836 4990043 4990857 8330872 4990770 4990043 6660796 6660836 6660144 1920948 4991023 6660580 4990043 1920857 6660043 4990043 1920948 4990043 730729 6660969 1920857 1920561 4990580 730857 6660043 6660857 2751023 730960 730200 2750857 1920857 9350205 4990043 4990928 4990519 4990519 730371 730200 9350386 6660580 730857 4990580 4990561
9040923 2760673 2760772 250772 2760770 230952 3730004 3730004 3731010 3730496 3730504 3730754 4630200 3730363 4630857 4630937 4630071 4630857 4630200 3230752 9350809 3700969 3700598 3700969 520857 9040857 4630857 4630857 3731010 4631010 7090973 7090857 7090973 3950888 2760913 5370519 6770646 2760228 6770160 6900930 10110580 2760371 2760646 3230864 2760809 2760414 6660872 5370371 5370371 730071 5370888 9350243 6350580 730857 5370829 6770160 9350930 730930 4720752 10011023 730896 730741 9350743 730937 730144 730071 730964 730894 730857 730857 6660948 9350371 730870 730752 730928 730371 9350000 730560 730969 2760752 730544 730743 730371 730864 730371 8870424 2760948 730205 8190969 9350924 8190580 730857 5370071 5370160 8870043 8190857 3731002 8190652 8190580 8190913 8190770 4720857 8190964 3950422 7790937 7790937 8550043 3230754 2750924 2750754 2750924 730282 2750006 730928 3230205 730371 730144 8330872 2750924 3230969 2750924 730729 5230037 2760350 2760767 5230037 7790924 8190350 4630741 3730864 4630857 4630857 3730420 1600973 3730004 4631010 1600973 4630004 7090973 3390930 7090973 250772 250859 10190519 4630937 4630200 4630200 3730772 7310754 2760673 2760820 2760920 2760462 230870 2760870 2760870 2080870 3470772 2760964 3470772 2760176 7790896 2760176 2760743 2760888 230870 2080870 3950896 2760673 3731010 3731010 3730004 7790857 8190801 231010 230754 230754 230754 5981023 4020930 6660930 2750857 3930796 6660304 2760930 230996 230422 8600519 2760304 7790200 9760964 2080422 7790857 7790964 8870043 7790896 7790894 3730176 4630857 4630857 4630930 2760741 230414 2760930 2760752 230924 8870205 5231023 7790888 8870043 8870996 3250006 7790937 5370519 250519 7790857 7790422 8550519 7790857 7090973 4630386 4631007 3391007 5370833 7790857 1030160 7790144 4750870 4750870 7790870 4630772 250043 251002 250043 3930969 3930969 3930166 6660089 3930519 6660501 3930598 3930089 910729 3930144
8550857 9040652 3471023 7790857 8190772 7790857 8190741 7790857 8190772 9710043 3470772 9040772 7790880 4630833 9350772 8190772 8190772 8190422 7790857 5370880 7790857 7790857 5370741 8870772 7790857 7790857 7790969 7790859 910371 3930969 3930870 3930212 6900872 9710969 3700880 3930880 1550984 300872 9710796 9710969 910924 2760772 3700200 9710085 730371 9710952 9350176 8710767 8190772 8710200 3250560 9350888 9350371 3230870 6660767 6900872 6660501 3230960 8330991 9310767 9350987 5230920 5230870 5230504 5230767 3230371 730167 6900580 8710527 10110812 8710996 3470527 8870743 3930043 8870969 2750996 300560 3700739 3930812 910496 8190809 8190857 520857 910200 7531007 910071 3930888 3470373 9710516 7790937 8600743 6660504 6660924 3700205 730422 9711002 9710205 3700519 7790371 2080888 5980646 8710924 3470006 730812 8330930 8900496 9710462 6350920 9710923 9710462 9710006 8190350 6900796 8710212 8870812 3700580 3730304 3731010 3731010 3730004 8190857 7090973 8190812 7090973 9040857 2080864 3470995 5230000 3950560 3730560 8190371 3730422 8190857 3731002 3730004 5371023 8190200 8190864 8190857 8190646 4020984 3930422 910560 910516 3930601 3930743 3700496 3230969 7530422 730880 7790857 7790752 8191002 8190770 8190646 8190930 8190930 8190930 8190930 8190930 7790857 7090973 7790770 3470043 3390770 3470857 8190071 9040923 9710043 5230809 3470212 5230920 8190930 5371010 5370638 5370930 3731002 5370043 8190930 5370422 7790857 3730980 8190969 3700741 3230167 3230350
7310638 5370930 730560 731023 730880 5370282 2751023 6660466 9350930 5370930 730930 9350772 6660930 9350930 9350864 730857 4990144 6661002 730200 730857 730422 730371 2760741 730857 9350560 730371 730864 730200 730200 730857 6770857 4990646 731023 5370859 730930 6661007 6660801 730200 730544 730857 5370282 6770857 5370841 9350519 730857 731023 730200 7980973 6660466 5370043 730924 8870424 8870580 8870580 4090973 6660801 5370371 730857 6660182 8870580 731023 730857 730857 8870888 2760880 2760770 730752 3230924 5231002 730964 8870888 8870888 8870580 4990043 3731002 8870772 9350964 3700580 8870948 730623 8870580 8870580 8870743 8870422 8870743 5370841 7790043 7790770 2760043 8870043 8870043 9710043 3470996 7790888 7790560 7790043 7790371 6770754 5370833 5370930 7790833 2760920 7790937 7790518 7790888 7790937 9040836 3700836 8870836 730948 3700580 9040580 7790859 8870996 9040580 9040857 8870212 8550580 730969 731023 730857 730633 4720580 8190964 3730948 3730228 8190857 8190687 9710857 8190646 8190729 3950888 8870770 9710622 8190952 8190752 3950960 2760741 9710085 9710857 3730004 6760752 3731002 10140496 9350930 8190930 5370752 3730519 3730646 3730993 9350738 8190964 9350880 7530857 8870043 8870743 6660743 4020996 5230527 2760729 5370743 9350205 730205 3930422 9350772 8710872 6660767 6770754 6660772 9350519 4990043 730481 730960 730937 730969 730969 730796 730739 730646 5370043 730937 730200 9350422 730212 730200 730870 4990646 730928 9350422 4990460 9350422 6770948 4990646 1920857 6661023 6660857 9350930 6660043 4990928 6660870 730870 4990870 6660371 4990928 4990043 4990930 4990460 4991002 4090973 4990460 6660857 6770282 730870 4990580 4990561 1920880 4990043 9350422 4990870 1920880 6660580 6660857 730200 1920857 4990460 4990870 4990043 2750870 9350930 4990928 4990580 4990460 9350870 4990928 6660580 4990870 4990928 6660243 4990043 6661002 4990516 4990580 4990928 4990580 6660371 9350752 730857 4990006 4990996 4990006 730422 9350200 4990964 4990880 730995 4990580 4990071 4990870 2750212 6660466 6660741 4090973 6660243 6660466 730200 5370200 6660466 4990812 6660741 6660243 5370371 6660043 6660580 6660948 730857 730200 5370460 730928 3700200 9350870 730928 9350519 3230653 6660527 6660580 9350741 730741 5370422 4990924 5230200 5230200 730687 5230930 230371 2760770 5980888 2760888 8710743 2760743 5370743 6660743 9350888 6350652 9350964 6660857 8330991 230991 2760987 6660872 6660995 6660071 3230071 730560 6660580 3230166 730560 6660043 910200 2760205 730000 3230880 3250580 9040580 2760560 7530560 7790200 8870580 7790937 4630004 1031010 3730241 1031010 4630602 8190645 8190364 3230920 5230930 5230833 6660371 6660872 2760741 8330646 2760350 5230987 2760047 8870006 2760560 910371 2760560 2760888 230458 8710772 730006 5230043 230414 230872 2760043 231023 230880 2760996 230924 2760071 2760741 230924 2760006 3470580 2760580 3470422 7790741 7790937 4720200 5370043 730043 730770 9350961 730960 910772 730414 730857 10140930 730857 730857 6660371 6660006 730212 730580 730964 730896 4990422 730857 730739 730857 4990928 6660580 730857 730928 9350937 730200 730729 6660646 2750560
3390994 8190770 7790961 3230772 2760406 3230144 2760406 230422 230996 2760406 230504 730178 2760880 3250422 8870770 3700519 3700144 6660561 6660761 3930870 6660761 9710800 2760969 5230037 9710741 3930812 9710928 9710504 9710889 3250422 2760765 730960 9710043 2760043 7790200 2760441 2760519 2760741 2760144 7790937 2760496 2760561 7790519 7790937 2760580 2760414 230285 2760580 2760770 2760767 2760770 730006 730812 730770 730504 9710043 7790422 7530880 9040857 8870043 7790200 730924 2760924 2760371 9710285 2760043 4990043 730857 730212 730923 730071 4990872 1920948 6660580 2751023 9350870 730996 730580 6770948 4990580 4990212 4990422 1920996 730527 6660560 6660371 4990371 4990872 4990880 5370422 6660580 730580 730857 6660371 6660422 730743 730857 730870 730857 730894 300212 3230872 6660857 3230527 6660580 9350743 6660580 6770948 7980973 9350243 730857 2750857 4990812 4990516 6660646 2750422 9350961 6660043 3230297 730741 2760043 9350964 2760047 730857 730930 7530857 8190864 730560 2760996 8190371 8190857 3730812 3730857 3731007 3730422 8190857 7530857 8190913 7790857 250969 8190602 5370801 5370930 2760930 5370043 2761023 2760043 7790937 2760043 8870772 230928 730043 8870043 2760043 8870942 7790829 7790937 7790857 7790857 2760924 2760414 2760752 230414 9710923 730414 8190752 3730496 3730960 8190857 8191002 8870580 730948 230000 2750996 730833 6660043 6660043 2760043 6660460 2760928 2760205 2760743 2760359 7790964 2760363 7790888 7240519 2760408 520743 8870743 8870419 730071 3230071 910071 910363 7090973 3470812 9040350 7790200 7790857 2760770 230872 1551023 230872 9710441 910872 2760580 9710580 3230964 8711002 3700888 3930560 3700414 300422 3700205 3930006 9710969 9710864 910560 9710864 7090973 3730984 3730809 7090973 8190857 8190857 7090973 8190770 3470857 2080770 4720961 8790519 3470961 9710285 4630770 4630960 4630741 4630770 3230453 8190961 5230453 2760006 3230812 4720741 9711007 3471023 8190857 8190857 4630371 4630857 8190350 7790857 7790937 9710043 4300857 3470580 3700812 7790519 2760928 6660754 6660000 2760928 2760205 2760560 2760560 9040575 9710519 2760928 2760870 2760870 3700870 3700519 3700205 8870870 2760928 730560 2761002 730000 2760205 2760560 6660560 2761002 730870 2760894 730948 2760422 6660304 8870996 2760646 2760560 2760928 250200 1031010 1031010 6660205 6660560 6660006 9830529 2760560 5230519 3470739 2760006 730205 3230580 6660182 230560 730770 730743 730496 9710527 7790888 6660000 730752 8870580 6660833 6660738 2760741 2760350 2760928 2760924 3470870 7790937 250752 730857 5370930 3730466 3731023 3730268 1600973 4630638 4630638 4630930 8190857 3700741
9350924 8870924 8870924 3250857 8870870 9350994 3930880 9350560 3230856 9350205 5370752 5370829 730205 8870580 2760959 8190580 9350200 10140996 9350800 3700812 7980973 9350937 3700888 3230996 8600930 9710857 3700770 9710920 3730200 3730043 8190897 5370422 5370964 5370043 2760043 2760896 2760894 2760646 731023 6770857 730857 5370043 730363 3250580 7790200 8190519 6761002 8190801 2760043 7790200 7790200 3731023 3731023 3730646 3730646 4630200 3730646 4630200 4630200 3730961 3730004 10140560 9350809 8190741 3700857 300422 9710856 9710297 3700857 8190205 3700857 9040857 3700829 520942 1760973 910857 9350371 6660969 6660924 10140560 8190422 2760304 3731002 3730969 3730205 3730386 6770857 5370833 2760772 2760700 7790870 1030408 3730801 3730801 4630833 4630043 3730801 4630833 4630200 3730004 4630829 8190652 9040652 9040652 3950888 3230930 6770160 3730422 3730870 3730466 3730920 3731007 3730646 8190857 8190857 6770160 3230767 910772 910857 7790857 8870743 7790961 2760560 5370924 4720371 7980973 3730928 3730241 7980160 3730241 3730241 3730241 7980994 9350880 9350996 6660466 9350527 6661010 6661010 2760000 3731002 1030282 9350930 5370960 9350160 2080580 3250857 3230743 3470085 230176 230458 730964 730872 8600422 3700043 9710422 3700743 3700888 230920 8190930 8190897 8190772 9350964 5370930 8190422 2760801 8190801 3470801 8870144 5370752 5370371 5370200 5370200 9350930 2750857 2750560 3230527 300422 3230896 9830796 3700996 8600212 9710575 9710889 3250205 9350896 5230995 730741 6760872 230872 2760580 2760687 3250580 7790371 5370544 5370924 230809 230228 2760414 2760178 7790741 2760952 7790752 7790200 5370772 8190752 8190519 8710285 8190952 2760373 2760752 2760963 3730414 8190371 8190741 8190870 8190144 8190752 6760880 9040870 3470870 3470870 9040870 9040870 9040870 2760880 730754 5370772 230292 5370801 6770948 5370043 5370043 730857 730857 6350930 9350006 3930580 730560 9710205 8710996 9710969 3730004 8190638 10140006 3731007 3731010 3730004 3730004 3730004 8190205 9350371 8190205 9710371 5370602 2760200 2760006 3730004 1760973 8190602 8190729 520894 730937 5370772 230928 2760833 3700987 730687 8790043 8870772 9710752 5230952 3730371 1760973 7981010 8190285 5370371 3470930 8190646 7790857 520741 7790894 2760646 231023 2760801 6770160 6771010 8190414 2760371 6660857 6661010 9350754 9350602 3700519 2760646 9350812 8190930 5370896 9710043 730857 5370770 2760638 6660160 6660561 6760160 6660880 9831023 230047 2760880 3730519 3730602 3730602 3730004 3730004 3730422 3730772 8190772 3730422 9350772 8190857 8190772 7790200 730857 1030043 3730364 7310952 6660560 6660729 3230205 9350205 730371 6660371 3930872 3930519 910205 730646 730371 6660741 520205 3930701 9350560 7790937 6660047 910205 9350516 4990687 3230872 9350371 730519 4990772 2760114 2760596 2760829 8870942 3250857 3230646 8870422 4720144 4720741 8870942 2760200 5371007 730857 5370772 5370772 2760772 2760928 2760752 2760960 8190602 3730004 8190870 6760930 8190519 8190930 8190801 8190930 8190801 8190801 2761010 7790144 2760928 8190772 3730043 3730043 730857 230948 6900767 5230414 3470739 730560 5230414 8870996 4720741 3930923 9350741 300872 3700200 3700200 3700752 2080770 4040601 910960 4990948 730580 4990043 7310182 230857 6770160 6660580 2760996 2760564 2760996 7790200 730770 730857 6660857 730928 3930071 3230928 3930205 9710996 8870043 8190969 3700496 520964 8710729 3950888 3730544 3731023 8190857 2760770 7790857 2760074 2760602 2760888 2760646 2760812 2760801 4630580 5370200 10140006 6350924 1551002 230006 730857 4720371 7790752 7790741 7530857 9350930 6661010 5230930 9350930 9350930 9350880 10140560
5370994 7310037 9350930 9350930 730930 6660006 5230930 4990006 730857 9311002 6660924 5231023 730422 6660304 8710741 9350200 7980973 6660857 7310560 6760973 7310741 7310004 9350930 4990743 7980930 7980973 7310043 4990930 7980973 4090973 7310460 4090973 9350519 4990071 9350200 7980973 6660857 9350441 9350752 6660006 9350371 4990371 9350930 9350752 6660770 9350176 6660580 730870 730857 4990880 3731002 7310767 7310371 7310602 7310646 7310004 7310880 7980973 7310004 7310004 6350942 7310004 10140930 6350964 8710200 9350743 230963 6770924 730880 6760752 10011023 9350896 5370519 2760580 8190897 2760580 9350752 8870770 2760200 2760969 8190872 2760544 2760652 8190205 9350772 9350371 9350371 9350371 3931023 9350924 2760969 2760767 2760928 2760960 730960 2760924 730071 3700519 9350924 730857 730741 730928 6661002 730729 3230928 730928 730928 9350993 2760371 730924 8870924 730363 730928 9350228 730857 6660920 3230371 8711023 6660752 9350770 6660752 2760729 6661002 2751023 9350924 9350888 730071 9350888 6660752 3930283 730743 9350930 3230200 6660872 9350519 6660006 6660466 730857 6660245 6660857 9350519 9350930 8870930 9350930 730857 3230864 730519 6660872 9350812 6660006 9350519 3230519 6661007 730857 6660857 7310182 3230872 3230519 6660006 6660857 3730833 9350519 7310350 7310182 3730872 3731002 3731002 7980857 3731002 4880973 7980973 3730200 7310857 7980973 7980857 1030282 7310872 3730241 7310350 9350864 6660519 6660872 6661007 3230580 9350205 9350653 730857 5370924 4990519 6661007 730519 6660519 6660182 6660182 730812 6660160 9350200 5231023 6660754 6660519 6660371 2761007 730371 730960 6660924 9350770 6660857 10140519 8710995 6660350 7310941 7310580 9350930 9350930 6660071 6660205 6660729 730364 730371 2750870 9350928 730200 730200 6661002 2760205 1920006 730544 6660527 730928 730200 6661007 6660580 730371 730560 6661002 730481 730519 6660228 9350961 731023 730200 730043 730200 2761002 730870 730870 730928 730646 730200 731023 730841 730580 730481 8870969 730729 2760969 8870386 731023 730928 730841 8870580 730928 730928 8870043 730928 730519 730928 730646 730928 8870043 730200 730928 730519 5371002 730937 730913 730519 730961 730969 730969 730928 730928 730928 730544 730729 8870772 8870833 6660969 730544 9350772 730646 730729 730928 730880 6660646 730200 731023 730969 6661002 730772 9350961 9350993 730200 6660422 730857 5370424 730200 6661002 9350772 9350519 6660646 9350200 2760928 6770560 9350460 5370741 9350928 9350386 6661023 2760580 730200 2760205 6660646 4990741 6660969 730519 6660741 9350144 9350519 730363 2761002 9350200 4990646 3930519 730200 730969 4990646 730969 9350205 5370772 731023 9350772 730969 9350772 730544 4990646 730205 730937 6660043 730969 730212 9350913 7530880 8871002 8870205 8190857 7310948 7310430 1760973 3730241 10140857 3730205 7980973 6760969 7310496 3730870 3731002 7310880 7980973 9350870 7310004 9350870 9350870 9350930 9350772 4990754 8190870 9350870 6660857 9350754 6660857 4990857 9350772 6760870 6771010 5370772 9350741 9350870 9350924 9710772 730560 8870770 9350772 8870870 3230767 730770 7980973 8190930 730857 4990812 2760928 3250857 8190519 5370896 9350894 6760743 6660896 7310809 7980160 7980973 9350519 9350930 9350930 9350144 6660961 9350930 6660801 9350961 5370960 9350888 9350519 9350928 9350752 6660466 9350770 6661010 6660496 9350743 2760928 9350519 8190752 730857 6760961 9350964 9350772 7310772 9350200 9350870 8190071 9350987 730767 6760560 5370743 8870770 730812 5370743 730857 8870888 2760961 730544 9350937 9350200 6660754 9350864 8870424 2760047 9350896 730371 8870969 9350894 8870888 8870580 2760516 5370894 9350371 6660872 9350516 10140560 9350422 9350812 9350930 6350857 6760857 9350743 3730004 4990857 7310004 7980973 9350752 3730241 7310952 6760880 9350870 9350872 7980973 9350930 9350937 6760930 9350896 7770857 9350770 9350870 9350767 9350796 9350752 9350422 9350504 2760880 5370752 9350200 9350937 9350519 9350937 9350741 6660857 3230894 8190752 9350770 8870772 8710857 2760928 3700770
2760519 2760923 2760544 2760200 2760741 2760496 2760596 2760896 2760894 2760504 9710519 910960 8870942 9350993 3930560 9350560 9350144 730386 730453 6660761 3230519 6660453 3230212 2760770 3230519 3230964 4720422 8870743 3230519 2760144 2760422 2760580 2760646 2760741 2760071 2760580 230872 6660422 2760580 6660043 6660996 6660144 730580 2760739 2760580 2760580 8190580 250580 4300857 9710071 8710729 6900037 9710969 3230350 730809 730964 910646 7790987 2080519 9710772 7790752 8190519 3230519 6900453 6660453 3230864 230560 3230519 3230800 5230519 5230920 6660371 4020304 6660800 3930519 5230386 9710800 910560 910880 910560 4040200 3230519 730880 730519 2760928 730580 3231023 2760646 5370880 2760200 6660460 2760200 2760870 6660212 2760043 2760752 2760880 2760743 7790200 7790894 3230364 10110453 2760414 2760519 2760371 2761007 2760006 2761007 2760371 2760580 2760580 2760560 6660460 2760948 2760580 2760422 2760948 2760422 2760580 730519 2760880 8870580 3250422 9040580 9040580 8870006 3230872 2760872 9710864 4720144 3471007 4720743 4300519 4720205 9040857 8550857 9040857 3950960 3700964 520857 9040857 4630930 4630930 4630930 730144 3700519 3230984 3930836 10140993 4990969 6660961 3230969 730212 4991007 4991007 4990160 730870 2750857 3230930 4990160 9350243 2750857 730857 730870 4990460 730519 5370144 5370144 5370424 6661002 730857 730930 5371002 731007 730646 730519 8870144 730870 730228 9350228 9350144 9350993 3930580 8870373 3471007 3950960 8190993 2080200 2760872 2760516 7790894 5370638 730930 3730043 9350652 4990580 2751023 730857 7980930 3730282 3730004 10140973 3930752 730857 8870043 8870770 9040580 8191002 5370043 5370960 5370896 9350772 9350408 8870043 8870772 6660561 6660166 730519 6661002 730928 730924 730924 730544 730371 730729 8870743 8870969 7790969 8190857 7090930 7090973 7090857 7090973 7090973 9350801 9350836 2760942 2760646 8790741 8870043 7790741 520741 5371010 5370043 5370043 3250043 7790897 7790896 7790894 2750969 4990948 730857 4990772 730519 6770754 6660580 6770948 2760752 6660496 2760948 7310809 6660857 6660809 2760928 9040923 9350942 9350160 730857 6660857 2760200 6770646 6660496 2760580 6660888 2760085 2760043 6660767 730043 730466 730894 730043 8870580 730544 8190693 7790857 300924 9710923 9710857 9710923 8190414 8190913 7790741 7790371 7790857 8710350 6900857 3730809 5230414 3730414 3730960 3730741 3730924 3470995 5230857 3730924 3730414 3730460 8190645 3730870 3730770 3730993 6660857 10140414 9350812 3730928 9350741 3730460 3730422 3730928 3730560 8190071 8710857 3470870 8190857 9040870 9040857 7530772 6660801 6660880 3700043 2750741 2750414 730960 9350809 3250857 9350037 910729 520961 3930580 730857 4990160 9350930 7980973 7310496 9350504 3700770 8710646 3730004 2750796 6660800 730833 730857 730888 730772 730646 730043 730796 4990006 730285 730371 230006
2760673 2080894 3390580 6660453 6660800 6660304 3930205 2760527 6660767 6660653 2760350 2760743 2760888 3230560 2760371 8710350 9040870 9710006 9040350 3230963 230359 2760767 2760959 2760888 2761007 4720964 2760948 7790741 5980920 8190964 8190896 2760894 2760987 2760043 2760964 910043 910414 910646 2760969 910870 8710870 2760969 8870770 9710870 9710952 8710959 2760350 730995 6660000 2760889 2760889 2760560 2760646 2760942 230741 2760285 2760752 230414 2760285 2760043 2760516 230924 7790752 2760687 2760371 730894 4720864 3730872 5230386 2760870 2760560 9040364 2761007 6660796 2760580 6660221 2760930 2760416 2760896 2760371 2760812 2760812 2760937 2760924 2760560 7790937 2760560 8550519 1480973 3731010 4630602 4630638 1760973 1760973 1760973 4630638 1760973 4630638 1760973 1600973 1600973 4630638 7090973 4630200 4630638 4630930 7090973 4630004 4630638 7090973 4630004 7090973 7090973 7090973 8191023 7090973 4630004 7090973 7090973 4630004 8191023 7090973 4630004 7090973 4630004 7090973 8870969 4040857 910857 5370160 7530857 8190560 8190422 8190285 4630741 3730071 8190923 3730285 1760973 4630602 3730504 4630741 4630770 4630937 1031010 9350519 6660772 6660801 2751023 6660948 9350638 3730043 3730638 3730004 3730004 3730969 4630638 4630638 7090930 4630638 7090973 7090973 8190754 3930857 6660767 6660646 2760870 6660870 2760964 3470739 2760812 2080888 7790888 6660560 9350754 6660761 2760880 730772 730519 2760928 730071 8190857 3731023 8190801 8190687 8870969 730969 3931023 3931002 4040580 3700969 3230282 3931002 731007 730386 730200 730282 730729 730646 730282 8870580 8870580 4040580 7530422 6660812 1920754 6661002 730930 730870 6660924 2760833 730037 1920754 2760894 2760772 2760743 9350888 8190930 5370743 7790888 5370071 3470857 5370071 8870888 2750857 9350560 9350560 9350812 8190857 3730430 7090973 8190801 8190754 8190969 8870772 7790961 4720200 730646 4990519 7980973 6660857 9350894 8190071 9350422 7790857 8190857 6760857 3730812 4630969 3731010 4631010 3730004 4630638 4630937 3730646 4630004 3391007 3700071 9710812 3700414 3470796 3700924 3700205 3700800 3700857 3930796 3930212 3700857 3930857 3700969 3950888 3700969 3700741 3700741 9040518 3700519 9710350 2760743 2760924 5230870 8870144 3700386 6660071 3700071 6660560 9310560 6660561 9710519 6660304 3700519 300285 9710519 8710414 9710496 5230529 3470796 8600752 9710373 2080767 3230767 230285 5230386 730995 3230496 4720144 4720772 4720857 4630741 5370841 2760144 2760386 6660754 6660633 8600519 2760894 2760896 6660752 6660896 910200 3230496 2760964 4990519 2760679 3230519 2760458 4720896 8190894 7790857 2080770 8710752 3930836 300836 6660414 730285 6660770 2760386 230496 2760930 2760888 6660896 730800 2761007 5370894 8190580 4720964 730963 3230782 5370071 2760441 2760359 2760752 2760496 230359 2760952 2760991 250043 2760043 2760074 2760043 2760071 230496 230071 8710565 230767 230920 2760441 230741 230872 6900872 230872 3230872 2760782 730006 230414 230948 730371 731007 730928 4990043 730857 10110371 3230371 3230580 730857 3230738 910580
3470739 8600350 5230812 9040857 9710653 9040812 5650422 730857 730857 9350160 9350527 230350 9350160 6660160 10110371 6901002 10110872 6660371 3930371 730000 730743 730371 730743 730071 730924 9350350 730741 730741 9710371 7530371 3250371 5231002 8870580 2760729 6660519 6660519 730422 6660930 6660043 6660864 2750422 6660371 5231002 2750519 3250422 730350 8710043 9710580 3250741 3250371 8870924 9710350 9350872 5230969 5230519 6660144 1920880 1920996 6660422 230928 6660043 6660460 6660043 6661002 730833 6660924 2760928 2760414 730741 8870580 2760371 730894 7790371 3470580 3250414 7790371 3470006 3470006 8550857 3470857 8190350 8190160 8190371 3470857 8190414 3470857 2080888 8190741 8190371 8190371 8190006 2760350 910200 9710923 6660160 2751023 2751023 730930 6660930 6770160 730930 730371 730460 730924 2760924 7790424 8190772 8190741 3730872 3730872 8190857 3730006 8190857 3730646 8190857 8190857 8190371 8190857 2750857 730580 6660770 730200 2750646 2750422 730924 3930304 3230996 8870304 9760580 3700969 9710364 9350993 3930364 3930796 8870386 2760386 2760386 730519 2760580 2760969 7790888 4040741 3230833 2760754 7530371 7790894 7790870 6660801 6770460 4990460 730833 730857 2750870 1920948 6660580 730527 6660580 730043 730948 6660527 730212 7790371 730928 2750519 730857 730880 730928 730580 730527 8870580 730812 730580 8870870 730996 8870422 7790894 7530812 9040580 3950560 7790857 2760896 2760144 2760888 2760991 2760896 2760743 8550519 250741 250964 8190458 250894 8190646 8190364 2760652 250894 2760809 4630894 3730924 7090973 4630741 7090973 3390371 4300857 3950896 3390371 6660857 5230930 250144 3470144 3470144 8190350 7790200 231023 250043 7790894 8340772 7790857 9710043 7790752 9040580 7790770 3930969 5230928 3930560 3930880 3930304 3700205 3930857 3700920 3930743 4990741 9350414 2760770 2760422 8600205 2760964 230812 2760739 2760772 2760864 2761002 8870870 6660870 2761002 2761002 7790870 5370460 8870043 7790969 8870969 7790937 3470772 7790350 8190897 9760964 9760964 3950896 730857 2750422 3700205 730896 3250880 9761002 9710205 4630937 250519 250519 2760741 2760741 2760043 7790770 2080888 3470462 4720741 10110453 9710414 3470580 9710580 5230928 5230646 3700857 3700796 300872 730304 2750872 730857 730350 730948 730006 4720371 8870560 7790560 9830930 6660856 4020466 6660000 230948 230006 230371 231023 231002 2760741 230496 2760930 2760205 2760519 2760995 2760924 2760519 7790519 2760560 7790519 2760653 7790519 7790519 7790519 2280519 8550519 8550519 8870772 8870772 3700857 8870772 8870560 9710422 7790371 9710857 3730782 8190857 7310752 3731002 9710743 8870350 7790371 8870560 8870924 9350560 9350924 8870424 3250371 8870743
730930 5370160 8870580 8871002 8870580 8870969 910422 5370422 9350961 7980973 5370741 5370043 5370266 5370071 2761007 5370404 8190930 3730754 3730004 3730004 3731010 3730182 3730772 8190772 8190772 8190857 2760833 3470930 3470857 8190770 8190801 8190857 250200 5370519 250519 2760646 2761023 2760924 2760754 2760924 2760560 2760924 2760812 9040772 3470772 7790937 7790772 9350924 300924 300350 3700350 9710414 3700414 5230646 8600414 8190560 5370894 2760772 230504 230622 2760752 2760960 2760743 2760350 3730801 3730801 3730801 3730952 3730888 3730646 4630930 3730422 3730466 3730646 3730004 4630638 8190741 8190857 8190880 9040857 730200 730937 4990228 3231023 5370371 730937 4720371 9040575 730363 4720424 4720200 9350928 9350928 730364 9350364 730364 2760371 1760973 3730004 3731023 3730741 3730872 3730004 8190857 3731002 9350228 731023 730371 730371 9350228 5370043 730371 730857 3731002 5370371 6760006 3230006 3730004 1760973 3730004 8190580 9350371 7790857 3471023 8190913 7790857 9040285 8870743 2760924 3700969 2760969 7790969 2760741 2760743 2760894 230006 230006 5230888 9710371 8600872 5981023 3730993 3730894 5370896 4630772 3730894 9350937 2750646 9350961 4990006 9350006 4990371 9350984 3230200 9350937 3250857 730560 3230212 520560 9350422 7531007 8790880 2760969 5370560 7310004 3730772 6770160 9350801 6660754 2760801 2760928 2760422 9350870 2760772 2760996 7790424 8191023 3730004 3730004 3731002 8190930 9350212 6660857 5370043 2760200 2760205 2760200 6660754 2760652 2760652 2760652 3730833 3730185 3730371 3731002 5371023 3730371 9350872 9350961 9710969 2760969 5370519 6760872 5370896 1760973 3730422 5370043 8190964 3471023 2760544 2760752 2760770 2760889 2760453 2760964 2760144 2760770 8710422 2760371 2760960 2760560 9710422 2760741 2760414 3470996 3930519 3930924 9830831 300729 3700739 300350 3700205 9350924 3730371 7310646 9350741 9350304 7530560 3930880 3230809 10110857 3230687 910896 8600964 3470458 8710857 8601023 6760864 6901023 3230896 10110770 5370752 5370964 230857 3230888 5230646 3930006 300729 3930812 3700896 520894 3470772 5370371 3731002 3731002 6760964 8190894 3730182 3730176 3730772 3730176 3730897 8190857 3730772 6760888 8190772 9710857 8190782 9350894 2760896 6660167 730923 730527 230812 2760527 230653 2760772 230006 9830812 230653 9710930 3730504 3730952 8190894 3230930 5230857 5650212 3700996 3930422 6660880 300575 300739 9710729 3700350 9710864 3230924 3470334 8870205 9710272 910200 6660729 3230687 4990371 2751023 6660857 9350205 7530371 9350687 1551023 8190812 6350560 5370770 8710006 9350996 3950422 8190371 3731002 8190560 5370560 4630200 1030928 1031010 250200 1031010 250687 8190942 2081023 1760973 7090857 7090857 7090973 8190857 7090973 8190638 2760371 7790857 520772 2760896 250519 8190519 8190894 2760896 8190752 8190964 3700006 8190741 8190964 3470857 250743 8600857 250894 2080285 3700920 3250560 3700964 2760666 3700772 9710833 3700741 3700896 8710924 3700924 3700964 3700888 300205 3700285 9710334 5230422 9710923 3700857 300496 8711023 9710701 3700752 300952 3700960 8710741 6901023 9350928 10140993 3700857 9350160 9350872 6660809 9350371 6660071 2750646 5231023 9710205 3700422 3930043 3700772 9710371 3700205 8710928 3930527 3700071 3700969 9711002 3700772 730809 3930414 9710297 9710422 9710996 3700043 7530560 8870770 3700741 9710928 3700888 8870743 520071 7530880 9040772 3700969 3930888 9350974 9350560 8190969 3700200 8190964 3730833 8190580
8870812 7790422 7790969 520964 7790924 7790729 520043 7790729 520043 520646 520043 520964 8190458 8190964 8190964 2080200 8190422 7790857 8870888 4720964 3470961 7790414 7790770 7790741 2760458 9040870 9040870 7790961 7790424 7790937 7790371 3470870 8190870 8190782 910857 9350560 8190422 8190304 8190964 8870743 7790424 8190519 7790741 3470282 7790741 7790857 8870743 8190414 730924 7790729 7790729 3250729 520857 9350924 8190496 3731002 4630071 8190071 4990964 8811023 9710441 5230959 8710987 8710872 5230752 9710071 3470462 3470920 7790770 5980646 8600964 2080772 2760829 2760772 2760964 2760772 230754 2760371 2760772 230991 2760820 2760772 2760888 2760646 2760404 8190772 1030993 3731023 5370772 1760973 3730241 5370645 5370948 6760888 230963 2760770 3230767 8790422 3470987 8870942 8710404 9310560 8710888 9310767 8710565 2760359 8600924 9710857 3470963 3730006 8190857 8190857 3730896 8190857 3730004 3731002 8190930 8190857 9421023 6660338 6660738 2760414 6660527 6580212 2760896 6660896 2760114 230006 5230422 5650812 2750560 6660043 4020930 4990580 2751023 730801 2760371 2750422 5370772 230857 3731002 3731002 3730043 3730993 8190930 8190930 8190160 8190687 8870870 3250496 3230952 9710928 9710043 9710496 3471007 8870770 8870580 8870043 3250043 2760527 9710527 6660304 730527 9710212 8790422 230996 6580560 8870580 8790580 7530560 9710527 9710920 9710812 3230996 3230560 6660560 2760928 5230772 2760894 6900504 230350 230350 7790741 10110812 9710996 10110812 6900772 2760880 9710422 9710772 7790772 3250772 8710996 9710205 7790937 4720752 3470772 8600872 3470085 7790371 3470373 9710043 9040864 3470872 3470872 9040995 9040864 9710961 7530560 8710772 3700071 9710969 5650414 9710205 3700888 3250414 3470872 7530205 9760924 5230071 5230646 5230496 5230969 910741 3230739 730928 3230880 3230701 3700969 3230741 911007 9040575 8870969 2760743 7790894 3250519 2760176 2760820 7790519 7790200 7790424 2760969 9350894 8600772 9350888 2760894 5651023 2760829 5650519 6660160 730772 6660160 4990888 10110930 6660930 230857 230963 6660160 230857 230228 2760930 730743 730371 730894 730896 7790964 7790894 7790043 3250363 4040896 8870888 2080531 3730894 3730897 3730964 8190894 8190894 7090973 7090973 7790894 3950888 2081002 3470462 8870897 3950896 8870743 2760404 8600772 9350894 3700200 9760857 8190857 9710857 8190820 6760743 8190964 8190519 3950205 2760772 7790371 3250519 2760006 7790964 7790752 7790770 7790752 7790964 9350687 6760930 9350371 8710519 730952 730960 730812 2761007 2760205 2760812 2760964 8870560 8870770 7790937 2760772 2760920 2760496 2760948 7790519 730913 8870144 4990043 9350772 730930 730888 730601 9350894 6350687 4990516 4990801 7980930 6760930 8190930 730857 2760544 7790266 730896 8870888 7790741 8870770 9710741 2760743 9350964 9350519 8870770 2760960 730741 3470144 2760809 6660182 3700519 2760809 2760144 7790829 4300519 9710516 4040896 2081002 730964 9350772 730960 5370043 730930 230292 7310460 4990960 4990801 4090973 4990857 9350801 4990857 730752 5370896 2760969 7790200 7790969 7790969 4720371 9350770 8190741 9350770 9350741 730857 730516 730000 3700772 7790888 2081002 520964 9760857 8600857 5980920 5981023 8190812 2760071 6660071 6660948 730928 730928 8870043 730560 8870580 7790964 8870888 7790937
3701016 6660857 9350160 10140519 9350243 10140422 6661010 9350638 9350519 6660729 8870743 9350729 9350993 730729 8870924 730729 3230646 9710896 8710176 3470772 9760888 730770 730767 6660920 3230466 730071 730743 4720422 4720896 4720772 3470043 7790964 5370043 8870043 4720043 8870580 8870422 3470580 3250891 730894 7790961 4720043 730743 9710891 6350496 2080864 3470923 8190414 8190991 2080930 8190857 3730602 3730646 3730602 3731010 1760973 7090973 3731010 1760973 3730004 3731010 7090973 8191010 9350160 9351010 3700857 9350924 3700964 730527 2750924 9710864 3470995 7790872 2760924 3700752 9710297 5231023 9350653 8190519 6760160 8870743 9040350 9710371 300422 6660924 2750422 3930598 6660422 4990371 730221 2750872 730283 730880 4020984 4021023 6660561 3700575 2760527 3230560 6660856 9350653 6660006 6660872 9710527 2080205 8900496 730371 730743 2760770 5370043 6660812 8190942 7310043 6760960 3470930 2760960 7790896 6040519 7790937 7240519 7790894 10190519 10190519 7790964 3950896 7790896 7790896 8870037 3730531 6760857 3730969 8600857 8190894 8190896 1600973 4630638 8191010 7090973 7090973 7790964 2081002 7790894 8870969 8190993 8600767 9350964 9711002 9350687 6350160 6760160 9350519 3730993 9350519 2760894 5370964 2760888 2760504 7791007 8190930 8190833 7310004 6760770 8710930 6660071 730812 9350371 910772 2760205 7790969 2760560 2750857 5230930 6660527 5230930 6660561 2760371 2760560 6900205 8870812 2760928 7790937 520894 2080519 7790897 7790752 2760770 9760200 8870897 8190857 3730004 3730176 8190857 8190896 7980973 4880973 7980973 5370160 5370518 5370741 6660969 6660560 300864 2750812 6660924 10110371 9710894 9710531 2080531 7790043 3470043 7790043 7790894 7790937 2760580 9760043 3470580 7790496 8340580 2760894 9710864 230752 9710580 230496 8710565 2760741 3470580 2760738 4720371 4720371 250896 250741 9350743 730894 730560 2760304 2760996 8710043 730770 9710767 8710770 230809 520414 3470462 3470987 7790964 2080864 2760350 2760043 2080864 6040580 9760964 9760964 9710743 8710960 8710770 3250952 9711007 7790752 9710782 8710920 8870560 9350928 10140872 7310741 7310741 7310646 7310880 9350924 6760743 2760043 9350743 6660560 230560 2760896 230872 7790964 2760924 2760580 7790897 2760373 2760767 3470285 3470531 7790752 3470043 7790770 5371002 730363 230924 2080043 9350371 1551002 300872 9710422 5230176 9710304 8190371 3730928 3730422 3730004 8190519 2080770 2760580 2760741 8790200 3250580 9421023 5231023 2760741 3470531 3230952 3230880 3230996 9710527 3250519 730952 9710580 9710767 8710767 8710043 8710920 9710767 10190580 730729 9350996 6660924 5230928 5230422 8870924 8710205 9040350 3930812 5230857 10140371 10140006 2750857 4990872 2750857 730043 3230006 8870580 4720371 4720752 4720371 2760767 7790560 7310924 6581023 2750857 4990006 1551023 3230872 4720864
6660160 3700205 8870996 3700422 3700930 8710872 2760752 7790729 9710996 8710930 8870772 9710833 7790833 3700043 8710504 8870770 9710043 9710544 8870560 3700205 3700205 3700960 8870770 9710441 8710996 3700422 10011023 3700743 3700739 3470575 730937 230414 730071 8330924 9710782 8870205 730894 10110422 730653 9710071 8870580 9711002 3471002 910646 6040580 4630004 5370770 730466 8600466 7790964 230952 730812 230292 5370371 230872 230741 230167 730167 730894 3730772 3730466 3730964 3730043 3730466 4630772 4630043 4630896 8190969 1550930 3230598 2750800 730178 730338 7790896 8790043 4720580 730741 910961 730894 910043 7530043 4720743 4720743 3470872 910371 7090973 4630004 3470422 2080770 9710891 8711023 9710782 8710466 4720772 9711007 9710772 4720772 3230833 3230772 2750575 3230205 3230772 3230334 3230575 3230205 730371 3230741 730167 8190995 8190995 4040200 5650741 3930496 3930995 2750812 2750212 730283 3230205 3230772 5230205 3230560 3230006 230864 230292 230292 8810466 3230767 9710743 4720772 730466 6350772 730466 6760772 3730268 3730466 3730043 3730466 4630580 3730580 8190466 3730820 8190466 7790894 910961 230292 230666 8330504 730071 730969 230205 730373 6580422 6580466 3230297 3230466 3730638 3730961 3730996 3730422 8190772 2080200 910857 3470961 2080752 8710037 3230894 9711007 3230754 5230767 3730770 3731010 3730653 3730812 910857 8190894 5230492 910896 910646 4040896 9710504 3930422 2750836 730205 730283 730772 3930205 2750560 730205 910006 9710043 910043 3470043 6350560 5231007 3230371 3230205 9710864 8710833 910205 730741 730969 9710833 9760987 230074 230987 230596 6760504 730687 3730466 3730987 3730006 4630200 4630930 4630752 8190770 5230492 8190006 3730304 3730560 4630857 3730646 3730646 3730004 4630857 4630424 4630580 8190964 8190580 8190580 6350043 8710580 2080043 8710770 8870580 3250560 3730460 4630743 3730268 4630857 4630357 3730420 4630357 4630004 7090973 3950960 9040857 3390371 3730782 2760920 2760043 5980580 5980580 2760987 7790888 2760373 8330504 8710772 230739 730960 5231002 8710560 730575 730880 730870 5230870 2760924 7790752 9350870 2760961 7530857 7530043 8870424 7790896 7790964 3470074 7790964 5980772 5981023 2760896 5370043 730969 910043 910969 4720969 8870424 3230969 4990160 6581023 3230701 4990857 9350896 3230739 3230560 910857 9710272 910544 2081023 7790857
6660948 9350741 730228 2760948 6660948 6660160 730928 730741 730633 8870580 6660646 730857 730212 8870580 730496 730580 6660948 3930598 730580 2760580 9350228 2760928 730960 730770 230809 730767 6660857 3470930 5370160 730857 8190930 9350638 8190857 8190752 9350638 8190580 9350638 8190741 9351010 3250857 8190752 8190770 8190930 3931023 730857 7790857 730857 3931002 8870580 8870754 7790833 730646 8870580 7790937 730646 8870043 4300519 8870043 520741 8870888 7790969 7530767 7790888 520043 8870518 7310809 3730004 7980973 3731002 3731002 8190857 3730422 7980973 3730043 3731002 3731002 1760973 8190857 8191023 3731002 8190857 8190857 8190857 8190857 4630043 8190930 8190857 8190857 4630043 8191023 8190930 9350741 9350743 9350888 6760770 9350888 2760752 5371010 8191007 8190741 8190770 8190857 8190700 8190894 8190687 2760043 2760371 6660687 6661023 6660743 2760964 9350166 9350602 3730241 3730602 3730743 3730516 3730894 4630043 8190857 8190857 7790857 8190519 9710519 2760743 6760071 8710422 2760504 8190071 8190071 3730930 6760580 2760580 9350527 9350812 7790870 2760809 8190580 8190920 5370930 9350894 730880 8790960 9350994 3700969 3250891 520687 9350371 5370687 6760519 2760580 8190212 230796 230857 9350000 6660770 6660996 9350422 6660646 6660071 2760928 2760809 2760964 2760770 2761010 2760930 3730602 3730004 3730268 1760973 3730004 3730004 4630638 4630930 8190857 7090930 3390930 8190646 7790857 7790857 4300519 7790969 8190519 7790200 7790424 7790937 7791007 3731002 3731023 3731023 3730536 8901023 8600071 9760920 9710920 8600920 7790897 5981023 2760964 8601023 3950896 250964 2080519 7790896 7790937 7790894 8550519 7790896 7790729 7790880 7790729 7790937 7790964 3731023 3730519 6760071 8190964 2760930 3730462 3730268 3730268 3730004 3730004 3730004 3731010 3730460 3730182 7790857 7090973 8190646 8190646 7790857 2760896 6660047 3230114 2760896 3730516 3730993 5370687 9350812 9350743 3230924 5231023 230924 2760176 9350964 2760964 2760928 3230071 6660687 2760114 3731010 3730928 1600973 4630580 3730646 3731023 4630913 4630004 8190942 7090973 3930857 3930836 910857 9350961 8870969 9350870 2760928 6660754 2760739 2760422 2760812 8870870 9350870 8870870 3700870 7790601 7790894 7790930 2760043 2760930 2760930 2760160 6760772 6660160 230496 230770 5370770 4990772 2750754 3930836 5230772 730371 9350743 3700205 8600864 3230752 10110952 910043 9710961 3471002 7790205 7790770 2760782 230359 9760772 8711023 2760741 5650767 5230772 3470782 9710920 2760375 3470809 520964 3700741 8710872 3700770 8710350 8710350 8710350 6760006 6760767 8190857 7090973 3730004 4630770 8191010 4630741 4631010 4630266 4630004 3390043 7790857 9040580 3390752 4630913 4630004 4630004 4630004 4630004 3230414 4020984 3230283 4720857 3230964 3230741 3230964 4720964 3931016 3930071 10140996 3700283 3700414 300739 3700741 3930560 300812 520894 3700166 8190646 3231023 3700200 7531007 911007 4040200
5370371 250371 250043 7790200 8870772 3930037 730228 3230872 730741 3930228 5230959 9710006 9710006 3700872 4630969 8190371 3390371 911007 7790969 4720961 8870942 910872 7790969 4630857 4630424 9710864 4300857 9710864 4630114 4630043 4630772 4630741 6760516 9760924 4630857 3730646 7090973 9350414 730043 730833 230924 2760043 8870364 730928 730043 2760414 3250414 7790937 7790752 2570752 8870580 8870043 8870969 4720729 3930228 3701007 520282 910422 3230304 730796 730422 2750754 730772 6661002 2750519 730928 730646 730833 730812 6660304 2751023 300969 8870942 3230560 3230516 3230928 3700864 5230006 9710371 6900872 8190872 9040864 7790969 8870969 3700969 910960 8870560 3250772 730772 730043 730772 7790894 2760516 2760516 2760687 2760942 6660772 230006 230872 6660833 6660729 9350942 2760959 6660408 2750166 8870942 3930836 7790729 3700043 9040580 6661002 6660833 730422 6660896 730519 6770408 5370519 730833 230458 6900872 730741 730894 3231002 4720580 8600872 4720371 3230006 4720363 4720043 6660948 8870580 3700888 3250767 5370960 6660166 3700836 2760006 2760371 2760272 231023 2760043 5370043 5370371 730864 5370043 5370043 5370043 5370043 2760408 7790200 5370043 4720969 3930228 3931007 2750961 3230984 3931007 3930923 3230741 3930872 3930872 3930872 3930544 3930212 3700212 9710371 3700739 4991002 6660930 2750872 730772 730969 730880 730408 730560 9350371 8870772 8190872 2750496 4990770 4990580 6660800 3931023 730752 2750212 2750000 3230205 3230653 3950896 3471023 4720896 3250580 9040987 4630896 4630743 4630200 4630894 3730458 4630896 4630770 250071 3390770 8190770 7090973 4631010 3730767 4630752 4630602 4021023 4990872 730575 730114 3230205 6900872 910646 8870205 3471002 7790200 7790043 7790937 7790043 7790200
8551007 7790937 7790371 7790200 3700800 3700800 520969 910580 7790754 7790422 7790894 730043 730580 4020182 230422 730043 730561 9710297 3470527 8870772 7790424 2761002 2761002 2761002 8870833 2761023 7790200 2760646 2760304 7790200 7790144 3700796 6660857 6660857 730687 2760864 8190653 2760687 1551023 230872 2760872 230167 7790772 2760560 7790205 8190006 8190006 7790894 8601023 7790964 9350519 6660833 6660560 8600772 2760304 2760741 2760995 5230870 2760924 6760160 3730004 7090973 8190857 7090973 9040857 4630772 4990043 7530422 8870043 8870043 9350761 2760687 2760646 8190857 8190646 4630004 8190857 5370809 5370948 8870580 8190920 3390580 4040200 520043 8870969 730969 730408 730772 2750969 4020304 9831002 2750212 6660371 6660969 2750969 8870969 3700969 730969 520043 9350993 4040371 7790969 520894 910841 3230527 6660245 730114 231002 6660857 2760200 2760889 2760928 3731002 8190857 3950560 7790424 7790371 3700833 8870772 730961 730466 5370948 8190964 6350772 8190580 8190580 730646 730857 3470857 8190913 8190580 230872 230371 230923 6660043 2760043 9710580 2760371 7790857 7790857 7790857 230880 2760043 9760043 7790894 7790894 2760894 2760896 2760652 2760894 7790897 7790896 2760964 7790200 6660729 1920880 3930350 3930544 730516 8870969 8870560 910363 3250350 8870969 730519 230984 230673 730772 6660166 6660166 6660460 2760043 2760422 6660872 9350864 4990460 6770160 4990857 9350961 3700414 9710930 9710987 730801 730519 730743 2750767 3930752 6660969 910960 8870770 3930870 2760888 8710963 5370071 5370602 230074 230920 230963 8900496 9710074 8190071 2760458 9350770 9710752 5980504 520894 8710743 1920996 3230205 230812 230812 2760812 4991002 9830984 730580 2750560 730729 730527 730580 3930996 8870580 9040870 7790937 7790937 7790937 7790937 7790200 8870228 7790200 7790144 251002 7790857 7790969 4991002 2750870 730930 730350 2750646 2750741 2750924 3930872 3930212 6900646 6900646 3250205 5230984 9710964 9710371 9710371 1550529 3930872 3930741 3930144 9710987 6900872 9710864 910739 8190857 3730006 3730006 8190857 8190857 4630741 4630969 8190580 3470580 8710496 7790752 9710504 3470987 8710437 8710969 9710752 3230575 8710996 9830996 9830561 4720422 9710856 3250580 8790043 9710961 4720422 730770 1920857 1920924 730687 5651023 3230996 730896 3930350 5230872 5230872 9710741 3700896 3230496 3230960 3230880 9710996 9710987 9710371 5980872 3470857 8190205 3470006 3470857 2280857 4720743 3230701 4020182 6830831 6900924 5650212 5230386 4020872 730212 9710212 7790519 2760743 230991 2760043 5230043 730738 2760894 2080043 3470580 5230969 5230580 5230833 730371 9831002 3230527 730560 3230000 8600796 9710653 3230796 9710422 5370894 6830831 6760930 5370560 9710466 3471023 4720857 9710466 3930969 3930987 3930996 3930560 2750969 3930386 2750969 730519 3230441 730961 9831002 2750560 730371 6900466 8710466 5370743 3250857 3230371 910200 730071 5230176 5230386 5230969 910371 910741 7790924 7790969 7790969 8340519 2280519 2760743 2760928 2760928 6660071 5230801 5230519 9710285
520741 3930924 910809 3930414 520282 910414 910841 8870424 250371 250371 4750870 4750870 7790870 8870888 3230496 3230414 3230350 910350 5230961 2750414 2750166 730752 3930743 730888 3930880 910920 7790200 8870043 8870580 5370043 5370743 5370888 5370930 7790857 7790857 9710043 9040176 9760920 250964 8870969 910896 9040987 3230920 2760043 2760743 730071 730580 230948 8190964 4720964 8190580 3390930 3390930 7790964 3700519 6660836 6660964 9350836 2760462 2750212 910516 730880 730964 4720969 5370896 3731002 3730993 4630937 911023 730729 730043 6660930 6660561 2760176 7790897 2760462 2760259 2760964 7790937 7790964 8870772 2760176 2761002 7790144 2760646 7790772 7790937 8870043 8600646 2080531 10011023 9760043 4720414 8190872 8190812 9040580 7790729 7790364 250859 2760920 8870888 2080987 8710888 9710782 9710920 3471023 3470782 9710864 9350928 9710496 6660948 3700872 9350741 6660924 730422 9350930 5370741 8870580 7790518 3470580 2080864 9710864 910371 910371 3930872 3930371 9760205 8870754 9710580 9040580 3930969 3930729 3930833 730575 6660580 730527 730687 5370930 6660160 2760772 730043 2760809 7790373 8870772 3950282 4720687 4720363 4720363 2760924 2911023 2760833 6660414 2760373 2760371 9710752 2760504 2760743 8870772 7790200 730200 2760969 731023 8870772 4040200 2760772 5230037 2760338 10110580 5370160 8190580 5370948 6350937 8870414 2760646 5370741 8870870 3930228 3930880 3700960 3930071 520969 3930000 3930996 3700422 7790752 7530812 9710729 3930964 3930964 3930888 3930888 3230800 3931007 9710205 3230575 9350687 8870043 730687 3700205 7790937 7790937 7790424 301002 8190560 8190812 8190857 8190894 9350897 9350896 8870527 250896 250894 8870870 8870969 3700205 4020000 7790812 300304 300969 3930623 3930422 730894 3930386 3230560 910544 8870043 8870969 7790200 730646 7790937 7790200 7790200 7790937 730812 6660772 6350043 730857 2760160 230796 7790371 8190212 7790741 10110741 4990741 2750741 3931023 3930544 3930796 3930924 3930212 910729 3700969 3931023 3930770 730200 6660580 731007 731007 730364 1550422 8870422 3230297 8870580 9710580 3700896 9710996 5230767 3700770 3700752 3700623 5230809 6900767 3470006 9710741 8710809 520071 8870743 7790200 3730496 3730782 3730772 1030363 1030993 250888 3730602 4630243 1760973 8190801 9350801 9710739 3730422 3730212 3730996 8190857 8190857 8190930 8190930 5370371 2760043 2760114 7790043 730408 8190857 910924 9350687 9710414 3700880 7530920 4630518 3390888 4630913 8190741 8870942 300422 9710891 8790741 3930996 300304 9710297 300969 300422 5230809 9710960 520896 3700285 2080924 8870770 9040772 8550772 910796
2760596 6660460 6660560 2760519 6660006 2760144 6660809 2760519 2760560 2760646 7790870 7790371 7790560 2760006 8870386 520741 8870350 3700872 8190560 8190006 7090973 8190812 7090973 8191010 7790857 5370772 6770754 6770646 5370519 5370043 2760920 230920 250071 2760462 7790772 7790964 7790937 5370043 7790518 3700969 3930089 3930880 3700743 3700969 520969 3930006 9040212 3931002 730743 8600580 3930422 5650924 3250560 3700350 8710995 8710350 9710350 3250350 9710371 8870043 9710864 8710350 3470995 3470995 3470006 9710006 8190942 8190857 910741 3390741 3470857 3950560 3700739 5230924 3470006 250371 9040864 3930960 3230741 3230796 3230796 7530857 3700739 9040857 3700880 3700212 8710304 9710996 300560 9710752 3700504 9710422 910960 3930752 6580872 9710969 3700414 910996 730880 8870580 4040200 520043 8790205 3470580 9710527 9710422 7790894 2760373 9040772 9040580 3730996 8190857 4630741 8190646 8190913 3700043 3700043 730283 8870043 8870772 8870043 7790937 4040200 2750961 910282 3700880 520894 3250043 9710043 9350166 8870043 8190646 7790857 3700580 3700519 2760770 2760743 7790770 2760741 2760741 3230414 5650350 5650350 3230006 3930364 6660560 3230228 3230995 8870942 730809 3700580 910580 730770 6660948 730928 730043 730928 9350460 8870888 9350460 8870043 8870743 3700200 7790144 8870144 9040144 9040144 9040870 7790937 8550043 6660772 3700772 6660687 10110809 9760371 9710891 3250414 730741 230741 5230872 2760872 2760872 2760752 2760414 9710923 250371 2760414 7790741 730580 8870772 8870043 8870770 230928 230527 730422 730752 2760996 2760560 8870772 7790205 7790371 2760646 7790752 7790937 6760043 8190857 8190857 8190071 3950896 8790205 3700043 3700043 9040580 5230646 9710006 5230872 5230043 9710043 9710043 9040580 8870924 8870580 8870580 730741 7790896 3230984 910896 7530560 3700833 8870043 8870043 3700200 9710996 7790894 7790937 5230772 3230205 8870304 4020182 3230996 9040580 8550772 8190812 3730560 8190812 3471023 3950560 3950560 7790870 7790519 7790870 8550519 2570519 3950896 10170857 9040857 8710924 300414 3700969 3700075 3700770 9710414 3230923 730580 730282 730969 911002 730969 730969 730969 4991002 4990282 730870 730969 730580 730969 730984 730006 8870969 730969 7790969 8870043 730544 730729 730833 6661002 9710371 730371 9710371 730872 2760741 3230772 3230544 3230371 2750961 3230646 3230928 6660924 3700836 3470923 3700200 9040772 9710544 6660212 2760752 6660000 9830996 9710422 3470212 7790770 7790964 7790741 3470527 7790560 7790560 3700924 3930924
3700212 3230176 2750561 5650422 730996 730743 9830996 9830561 9710856 7790894 3470043 7790896 9710297 8870212 8870812 3231002 2750961 2750304 2750996 910422 3930996 910772 3930212 8870743 9710544 3470782 7790964 2760516 3730920 4630371 250741 7790937 7790833 2760646 7530880 300527 8870043 3230527 9710856 3230166 730000 3230796 3930212 3930996 910422 3930422 9710880 8870212 730037 730729 730176 730754 910772 910833 730037 7790888 7790969 7790969 7790937 4750144 4750144 4750144 4750144 4750144 4750144 5230969 5230205 5230529 5230422 300560 9710304 8550519 3930560 3470575 9040575 7790424 2760408 2760741 9710772 2081002 3930969 3930560 8710864 3930205 520205 4040371 3470872 7791007 730767 2080772 7790772 7790752 2080043 3470772 7790937 9760772 1550037 3930772 5230772 9710833 8870205 730687 3230987 730872 4720043 5370687 7790888 4720580 7790772 730772 7790371 8790872 3250891 520894 9710969 1550037 5230037 9710304 9710969 910924 3930772 9710006 7790969 6901023 6900453 6900422 6580872 9350812 730796 4720371 8550519 7790424 230741 2760930 230924 2760894 230458 7790741 2760371 2760964 2760894 7790896 7790937 7790424 8190894 5370964 4990801 230176 8710043 8710043 8710466 8710406 2760006 2760043 7790864 8710043 9710043 300796 300304 9830422 6580212 3930304 3930575 4020304 3230996 730984 3230304 4020996 7530519 9711007 9710888 9040350 9040995 910924 3230047 3230371 6900872 6900406 3470995 910371 9830422 6580422 730043 730575 9710575 9710996 3250006 730304 3250205 2760205 2370973 1030948 3730420 4630580 4630043 5370964 5370043 2760043 230820 8600964 2080894 7790896 2760894 2760897 730772 730894 3230738 730924 3470043 910043 7790371 7790424 3230896 730178 230996 2760527 730894 7790894 7790266 5370964 7791007 6900205 5230960 3230996 3230422 5230422 4720043 4720424 730880 9710422 9710304 3470580 2760043 230646 230414 230809 5230338 7790896 230176 2760738 7790894 7790371 3470043 5230646 300371 3930770 3930371 3930752 3930496 5230205 3230969 3230205 3230560 4720371 4720560 8870350 8190741 8190006 3250363 5230872 230371 230371 230872 2760864 230006 2760687 3730043 3730801 3730043 3730043 1030043 5370801 5370896 6350043 8710864 9710864 3700833 2760754 4630930 3730754 3730809 4630772 3730754 4630772 8190961 3230114 5230969 730000 3230205 3230575 730178 6900996 5230527 3470527 3470527 3470527 9040580 8870996 9710741 1550037 3930414 9710833 5230037 8870770 5230037 9710043 7790043 3250043 7790043 7790043 7790741 730896 8790043 7790752 7790043 7790894 7790752 7790043 7790894 7790877 730741 3230371 8870800 3230739 730653 730000 230812 230924 4720371 9710739 3470043 3470812 9710043 3470441 9710043 8711007 9710580 4720043 4720043 8190580 5370602 250519 2760959
3470923 7790888 8550857 2760772 1030772 2760772 5370772 231023 2760930 2760560 2760772 2760772 7790772 2760772 7790772 8870772 9040772 7790930 6350930 2760408 8870772 7790043 7790964 5370071 5370071 4990930 6770857 7310422 6771010 6770948 6770857 6770948 730870 2760580 4720043 5370560 730870 2760646 8550580 6040580 10170580 2760646 7790200 2760930 2760930 5370930 5370160 730857 2761002 2760948 2760043 4720200 2760872 7790872 7980973 3230580 730897 4720200 3230896 3230516 3230422 3230516 9760580 8790959 4720687 3250422 4720205 9040580 8870942 7310948 4990948 6770948 5370371 730924 730894 730580 730167 730516 730872 7790371 730864 10140930 6660930 8330560 8901023 9710071 730964 8710580 8710205 8710560 8601002 9710071 9710964 3250560 3700812 3700422 9710205 3700888 3700441 3700829 7310896 5650857 6660857 10110580 300560 5650422 6660000 9710422 6660948 2760942 5650812 3250891 5831023 2760942 4991010 9350767 730964 6350687 730894 3250363 730928 9710043 8870888 3950144 3950144 2570519 2570519 7790880 7790144 7790144 3700519 7790144 3950144 250144 7790144 8870144 7790144 8870144 2760928 3700598 250144 2760646 7790144 2760928 250144 7790144 2760928 7790144 3950144 2760144 9040772 7790144 8870144 250144 2760144 3700144 9040836 9040772 7790144 2760646 7790144 250144 8870144 3701023 4990994 7310371 6660880 9350560 6660205 9350304 5231023 7530422 9040772 910560 5370930 4610973 4990924 9350961 6660857 731023 730000 8870205 7790424 2750880 3700872 7790937 4720414 9710996 3230527 9710527 9710422 230880 7790752 6660304 7790741 2760952 7790422 7790422 8870812 8870969 4040371 2760996 230414 9710833 230770 730770 230205 2760752 231023 230960 730527 230560 230857 230948 230504 230857 2760772 2760772 230770 230767 2760960 8710519 9350770 730560 9710833 8870043 730880 8870424 910772 4040200
8870772 8870969 8190833 8190160 7090973 3700772 520772 7790961 8870043 8870424 8870880 910996 910870 5370960 4990870 6660924 9350961 4020212 4021023 6660166 8870772 730772 3230772 2760772 730772 7790772 730772 7790937 7790772 7790937 9350422 6660894 730729 8870205 730896 9711002 730872 3930544 9710422 9710996 3231016 9040857 3950896 8190880 9710870 4990071 7310422 6660812 6660996 1920212 9310466 9350987 8870580 730964 8870772 2760801 6660812 2760924 2760653 2760995 3730653 3731023 3730519 6760519 6660205 6660205 2760870 2760894 2760371 2760285 3730519 3730864 3730185 8190857 2760924 9710205 3230864 9710864 5230812 9710414 5230809 5230006 520752 9710741 3930006 9710923 8190809 9710857 8190872 8190969 8190894 6660371 2760923 230006 2760872 2760560 2760560 2760969 2760969 7790205 7530519 4720200 730857 730043 730812 5230801 5230519 5230350 730414 730285 730767 730166 730924 910144 9710414 7790969 3930285 3930741 3930414 5230285 9710923 5230492 9710969 910414 7790969 2760519 7790519 2760386 2760414 230872 9710930 6900801 8190864 9710857 2760350 3470995 3250006 230560 9710422 8710767 9710205 6900646 6900872 8710864 8870414 3930996 7790200 9710888 300285 2760544 5370964 2760770 1760973 3730496 8190770 3730185 6900872 6900864 3230350 3230350 5230364 730364 730043 730741 730796 730812 5370422 9350338 3470961 3470043 7790770 7790937 7790969 730888 730772 2760772 2760743 2760888 7790752 730770 6660952 2760870 2760870 8710870 9710782 2760359 2760770 8710930 9710073 730071 730743 6660920 230928 6660422 2760350 2760772 2760205 6660812 2760964 2760071 730888 2760888 2760458 8710782 3930037 8601007 3230987 3930228 9710144 730964 730144 730888 3700441 2760743 730560 2760969 730700 2760652 7790200 250580 2760969 5370841 5370560 7790969 8870205 7790200 7790937 7790518 7790969 8550043 8550043 7790937 8870772 9350772 8870772 9350772 4990646 4990930 6770160 6770930 6660930 730772 731023 5370772 8870424 5370772 8190930 8191002 8190772 8190930 7790857 7790857 7790937 7790424 2760646 7790859 7790205 730646 7790809 7790857 5370741 7790741 7790937 7790857 8551007 7790961 4040518 9040772 9040772 2750000 4020000 9830996 6660527 730364 9350422 3730422 3730653 6760560 7790857 3700930 7790857 7790937 9040857 8870969 8870969 910544 910544 3230772 6660212 6580422 6660896 6770646 730772 2760205 6660996 9350560 6350924 3730205 3730596 8190857 8190645 7090973 8190580 9040580 8190071 3471023
8190809 8190404 8190857 3390741 5230371 5230114 5230969 3700414 9710923 301023 5230969 8710414 9710741 9710414 3700836 300836 3930414 300836 3930414 3700166 3700836 910924 9710304 910880 9710422 2760406 5370560 5370560 2760741 3230167 8191007 3730646 3730996 3730000 4630937 4630857 3730004 4630857 4630741 4630937 4630857 4630870 8190857 8190371 5230923 9710414 9350338 5230923 2760960 2760809 2760646 7790144 3470952 4630071 8190646 8190646 4630937 8190767 4630580 3730646 3730004 4630930 3730460 3730872 3730924 3730741 2080930 6660872 6900560 2760942 3250414 5230043 2760889 3250205 5230580 2081007 8600205 3470857 8711023 8600496 3700964 2080752 7790200 8600772 7530772 3470772 8790960 8710891 7530772 3730870 3730888 3730516 3730894 3730422 3730304 3730782 6350752 8190857 9350801 3700770 8191002 9350752 8870870 9040870 8870870 8190964 7790770 3950897 8190964 8190767 3950896 3470043 7790857 7790857 8870770 7790266 3250767 7790752 3950960 9350770 8190071 8190996 8190560 6660047 9350880 3730996 8190560 8190560 8190857 8190205 8190741 3471007 8190205 9040857 9710205 8190560 9710575 8190205 3730653 5230812 3730653 3730350 3730006 2760144 6660144 2760144 2760144 2760144 2760144 2760144 2760144 2760144 2760144 2760144 2760144 2760144 6660144 2760144 6660144 2760144 2760144 2760144 2760144 2760144 2760144 2760144 2760144 2760144 2760144 2760752 6760960 3730144 3730770 3470857 8190770 8190770 8190952 8190687 8190896 3470739 3470857 8190752 8190687 8190496 5370896 5370519 9350770 730857 8870888 6660767 2760144 2760144 2760144 2760144 2760144 2760144 2760144 2760144 2760144 2760144 2760144 2760144 2760144 2760144 2760144 6660144 2760144 2760144 6660144 2760144 2760144 2760144 2760144 2760144 6660144 2760144 2760144 2760144 2760144 2760144 2760144 2760144 2760144 2760144 2760144 2760144 2760144 2760144 2760144 2760144 2760144 2760144 2760646 2760937 250894 8190896 8190969 8190969 8190969 8190969 8190969 910767 8190496 3470575 3250043 8190560 8190964 8190964 3950560 3950896 8190894 4040888 2760144 2760144 2760144 2760144 2760144 2760144 2760144 2760144 2760144 2760144 2760144 2760144 2760144 2760144 2760144 2760144 2760144 2760144 2760144 2760144 2760144 2760144 2760144 2760144 2760144 2760144 2760144 6660144 2760144 6660144 6660144 6660144 5230386 5230386 2760371 9710144 8190741 8190350 8870580 9760857 3930923 3250952 910872 3930212 3700920 9710952 3700952 3930960 3930809 300414 5230646 2760741 9710519 2760872 2760144 6660144 2760144 2760144 6660144 2760144 2760144 6660144 2760144 6660144 2760144 2760144 6660144 2760144 6660144 2760144 2760144 2760144 2760144 2760144 2760144 2760144 2760144 2760144 2760144 2760144 2760144 2760144 2760071 2760752 2760646 2760504 8190071 8190071 9710285 8190071 8190920 8190920 8790920 8190071 5370071 2760872 8190772 7790741 8190770 9710963 8190770 2760144 2760987 230963 2760144 2760144 2760144 2760144 2760144 2760144 2760144 2760144 2760144 2760144 2760144 2760144 2760144 2760144 6660144 6660144 6660761 6660144 2760144 2760144 2760144 2760646 8870144 2760913 2760414 250144 5230969 9710857 9710414 8190770 3471023 2760144 2760144 2760144 2760144 2760144 2760144 2760144 2760144 2760144 2760144 2760144 2760144 2760144 2760144 6660144 2760144 2760144 2760144 2760144 2760144 2760144 2760144 2760144 6660144 2760144 2760144 2760144 2760144 2760144 6660144 2760144 6660144 2760144 2760144 6660144 6760752 2760646 2760752 3700796 8190942 9040285 3470923 9710496 3470373 9040796 9710422 8870770 9710857 2760144 2760144 2760144 2760144 6660144 2760144 2760144 6660144 6660144 2760144 6660144 2760144 2760144 2760144 2760144 2760144 2760144 2760144 2760144 6660144 2760144
8190880 8190602 7090973 3730004 1760973 4630200 3730004 3730519 8190801 3730460 8190422 8190870 7090973 8190857 9040364 8190857 9351010 3230350 3230928 8870870 3930228 3700969 3700969 8190857 8190160 8190371 8190857 8190741 8190969 8870969 910857 8870969 910205 9710496 3700422 9710739 9710880 3700880 3470996 300422 8600796 3470996 5650212 3700960 8190752 8191007 8190770 9350996 9350913 3700200 3950422 3730004 3730004 3730004 3730004 3730004 3730004 1760973 9350741 8190373 2760960 730364 8190205 3470857 8710857 8710870 3470857 4300857 9040857 8190857 7240857 10170857 8870888 5370924 5370833 7790930 5370160 5370560 250043 5370571 7790857 5370880 7790200 7790857 7790857 7790937 7790729 4720363 9350928 9350928 9350928 8870518 3700200 3700386 8870424 9350752 8870812 8870037 7790729 8190687 8190942 8190896 8190652 3470857 3730241 4630752 6760770 6350752 6660952 9350772 9710930 2760114 8190772 3230930 9710857 8710857 9710996 4720741 9710743 9710350 3470995 9710006 3470857 7790857 7790924 8190857 8190872 7790857 8190913 3730872 3730880 10140996
250969 5370841 5370841 5370519 5370518 2760739 6580560 2760812 6660000 2760560 2760460 2760897 730560 730043 230924 730633 730561 730937 730043 730767 730043 8870969 910729 3230282 2750800 3230961 3230961 730969 3230969 730996 3230422 2761007 9350782 3250961 251007 3930519 3930519 4990144 9350993 730386 730519 730741 730519 730580 6660453 730043 730580 730144 730836 730969 6660646 3230166 3230928 730166 3230544 8870424 730870 2760178 2760371 730870 2760870 2760870 2761023 251002 2760700 2760285 2760969 7790519 7790414 7790859 4631010 4630857 4630857 4631010 4631010 4630004 7090973 6580872 9350304 6900205 5230969 5230350 520741 9710739 520969 910864 730200 6660043 3230373 2760752 6660687 3250772 3470870 3250870 910144 910646 3700969 3930285 4020984 300796 3930880 6660047 9350880 730043 6660772 6660833 6660519 6660519 8710870 2760741 2760880 2760937 8190772 8190857 3730414 4630114 8190652 8190772 9350772 2760897 7790896 3930772 2760408 730687 730043 910772 730772 2760801 2760114 8870924 2760646 2760772 5230857 730043 5650812 5230492 910205 910924 5230809 3930924 5230037 730924 230924 730408 730006 730037 3730833 3730729 3731007 7090973 8191023 3390043 2280857 8340772 2760767 250519 250071 8710770 9710870 7790519 7090973 4631010 7090973 3470285 4630857 4630857 4630741 4630857 7090857 4630741 4630518 7090973 3930739 3930739 3931016 3930205 3930964 3700964 3930800 8600212 910043 520942 4990687 9350729 4990969 4990371 4990371 2760371 6660006 2760371 2760363 2760959 2760364 2760959 7790364 7790857 7790200 250772 250772 8870754 3470880 8190770 7090857 8190857 4630888 3730754 3730754 7090973 7090973 4631010 7090973 4630160 7090973 9350037 4990964 6660772 9350894 3730531 9350964 2760833 6660580 730833 8710580 230770 730519 3930386 3930205 2760205 3930653 730812 3930371 3930739 730006 3930386 3230864 3230205 3930527 2751023 3700833 2750205 3230984 4990144 9350761 3930386 9350761 3931023 910729 3700969 3930519 6660754 6661002 730888 3230743 8710961 730857 4990754 730754 3230772 730071 3930923 6660729 6660969 6660800 6660960 2760770 3930422 8190969 8190835 730888 230176 230458 6660996 6660453 2750812 730928 5230422 3700812 8600969 3930414 1550496 6760741 6900037 3730638 3730741 3730004 8190741 8190857 8190857 3700857 8810496 4990761 730870 4990761 730386 3230519 3230144 8790205 730371 730114 5230872 8330924 730496 3230598 3230960 3230071 5230770 9710176 5980466 3730991 8190991 3470857 4630743 8710963 8190071 4720964 3250920 2080531 5980646 5230646 730888 8600285 2760043 2080580 8600285 2760176 2760897 6350964 8190519 2760176 250894 4720870 4720870 8550870 8550519
7790772 7790937 7790519 5370841 5370741 2761007 730961 910200 910200 7790652 8870364 8870560 7790560 5370043 5370043 730466 9350652 9350772 3230924 2760772 7790200 8870772 2760961 2760961 2760942 2760801 230984 8870772 910833 5370687 730864 4990754 2760754 3250961 5370687 9760872 3470961 9040995 9710833 3700969 3930923 3930414 9040772 8870836 5230833 8870772 9710754 6660800 6660894 230880 730754 910285 730653 7790741 8870205 910371 3230285 730961 730741 730043 4720364 730364 8870414 7790937 7790200 3470857 4631007 8190176 2760894 7790414 3470772 7790937 250741 8340580 7790857 250519 2761023 7790266 7790937 7790859 7790961 7790961 910043 910371 2760006 8190371 9350772 9350772 9350772 8870212 3230964 3470772 520894 3470833 520894 2760772 6660422 2761023 6660166 2760937 2760729 8870743 250993 2280519 9350961 9350652 9350984 3931023 911023 9350430 911023 5370282 3930364 5370282 8870424 3930228 8870580 8870580 3930519 730166 4020182 730221 2760772 230960 230504 8710770 730770 230952 2760338 730809 730212 2750212 9710043 3230580 8790580 3730700 4630160 8190453 3230801 3230942 10110580 730687 230453 1920006 6660741 8710422 3700770 3470575 9350037 3930000 9710544 3700071 3700285 7790964 910937 3230969 2750560 730772 1920880 730560 3230772 3230812 7790205 8870772 4720772 4720772 730880 8870772 2760752 730519 730212 731007 9711007 3230754 4630960 4720857 3230422 3230304 3930996 3470857 8190560 7790961 3700772 9711002 5230969 3930836 3930519 3700144 3930519 730969 6660633 3930089 3930836 3930386 6660501 730386 730870 8870870 8870969 520870 7790601 7790961 730880 8870880 9710772 8710772 3470441 9040772 3930772 2750969 730772 4990561 730772 730743 730772 730969 730964 730741 7790772 5370894 3730536 3230496 3230770 4990071 730304 730880 730519 730646 3230519 2760928 2760961 2760969 2760964 3950896 250519 7790964 2760462 2760071 2760580 2760888 5980772 7790987 2760888 730176 730894 3230987 730496 3230987 2760987 3470580 5230923 230952 9710085 7790969 8710037 2760496 6660519 230285 6660371 6660872 730687 4990114 730969 2750205 730969 3930996 730812 910772 7790739 7790519 2760772 6660754 6660880 730200 730422 3230422 730897 730772 2760386 2760205 2760580 2760114 2761007 231007 6760560 8191010 3730182 8190857 3730646 6660371 9350460 2760833 8790729 6660801 2760924 2760961 3730928 7790857 7790969 230228 230580 6770924 6770646 230228 6660754 2760043 2761023 2760959 2760772 2760043 7790924 8550519 4040200 4040200 8870969 8870772 730408 730754 730833 730833 730969 730772 6660969 6660754
300880 300371 300371 730741 300864 730687 9710304 3700580 9710772 2760371 9710371 6760872 8190857 3730182 3730004 8191010 8191010 8191010 7090973 7090973 7090973 7090973 7090973 7090973 3230304 730205 3930519 6660924 8710414 9710350 9710864 2080872 8710752 9710870 6660373 9710373 300923 2760969 5230959 3930350 3230282 730580 2750000 3230653 3230000 3230812 3700812 9040739 5370043 5370930 730857 5370043 730880 6270857 8600857 6660857 3230796 2760964 9350880 8711002 8870812 3700623 7790601 7790859 3930880 3930796 520752 520646 520741 910741 3700741 520969 9350741 8870924 8870969 8870924 520772 910560 8870812 7790888 4040518 7790937 4040200 4040200 10190961 4720422 3230880 3230646 3230653 910212 5230961 910857 910646 910812 910205 520743 3230560 3930006 3930872 3700071 5230000 3700996 5230000 9710071 4990006 4990743 8600071 730752 4990801 6660961 6660930 7310037 4610973 7310930 4610973 7310924 4990930 7310864 7310961 7310646 4990857 9350961 2750304 3930701 3930422 9350880 4990754 9350928 730841 8870518 3930519 2750969 3930144 3930519 9350743 300422 6900880 300969 520741 7790937 9350984 8870144 250969 3700870 8870969 3700969 9710016 9710739 3700770 9710371 3700741 9710767 3470812 9710496 910371 9710176 8870888 2761007 3700741 3230285 9710741 6990580 9710969 9710414 5230646 8190741 8190913 3950960
3730458 5370160 2750857 9350924 9350160 6660924 10140924 3730004 3731002 5370801 8711023 4990422 730496 9710782 4720964 7790964 5370964 7310071 6350888 7310646 8330466 3730743 8190782 3730462 3730164 5980466 8190857 4990964 8710200 8190782 8190071 8190071 8190896 2760071 7790964 8190519 8190519 1760973 3730268 3730259 3730259 1760973 1760973 8190364 5370743 9350741 911023 6350414 9350894 8190741 8190453 9710833 3930930 6660894 2750969 9350894 9350371 6350741 3730037 3730833 3730729 3730729 3730004 8190729 3950801 5370888 8190964 9350896 8710782 5370888 8190414 9350741 730857 8190964 5370833 9350896 6660872 3731002 5370930 6771010 230857 5370896 5370930 5370743 5370930 6770857 6760930 4990960 730857 4990743 3230969 8710200 2760770 9350770 9350952 8190519 9710930 8190071 5370752 5370571 3730993 3730888 5370071 231010 5370071 5370888 231007 6760770 8710580 8190991 230948 5370888 730857 7310752 730857 730772 8710930 5370071 8190071 8190930 9350752 8190752 3230923 6350414 6350414 5370960 9710923 9350770 7530857 8190782 8870888 5370841 8710930 8190857 5370770 8190752 8190519 9350772 4990580 730857 2760580 8190580 730888 8870942 2760888 8190580 3730004 10140973 6661010 730000 9830466 9710856 3230996 730071 3230496 4990071 7310741 7310767 6660930 5370930 6770857 2760930 6660930 6770160 6771010 3730519 230741 5370752 9350752 3930285 6660767 3930880 8790422 3730960 8190857 3730646 8190857 8190496 8190920 730371 9350964 3730602 3730930 3731023 3730519 7980973 1031002 1031007 5370888 8190920 5370964 8331023 4990888 7310638 7980973 9350772 8190930 9350913 5370964 5370160 5370930 9350930 9350930 5370743 9350772 730857 9350896 9350743 2760652 6660857 6660043 730857 9350371 9350516 3250414 8190741 7790752 7790857 7790937 7790857 2080894 5370930 7980519 7310602 7980930 3730870 3730870 5371010 8190857 8190870 3730004 8190870 8190857 8190896 8191007 8190942 8190071 8190857 3950896 2081023 3230371 230371 6660857 3230304 6900996 230948 2080043 5230466 7790829 2080043 9710422 230857 5980930 2760767 5980930 7790770 3730580 3730259 8710809 9760964 3470857 2080894 3700864 300560 9350812 3730133 3730006 3730133 3730519 3730896 3730133 3730519 8190519 6760770 8710414 10110414 5230422 3230071 3230964 9710987 8710880 8710560 3731023 3730652 3730652 4630200 8190991 4630913 7790937 7790829 7790424 7790937 7791007 7790937 7790937 4720741 7790772 3250772 2760942 4630857 3730580 3730519 3730580 4630743 4630071 4630580 9710857 8330504 3230373 9710963 9710920 6901023 5230071 5230739 8710812 3930752 3930770 300006 5230872 9710285 5230880 6900767 8710809 9710752 9830796 5230422 8600205 9710496 8710006 9710996 3700770 3250952 3700864 9710580 8711023 8190809 8710930 8710772 5230833 300285 300414 300422 3700743 5230770 5230880 6760071 3730888 3730960 3730519 8190519 8190364 2280857 7790894 2760738 230767 2760963 7790519 5370071 2760043 730176 3230772 2750857 3230772 5230772 3230924 730812 3470772 2080770 8600466 9710767 3470043 5370960 3730888 3730268 8190896 250894 3471023 4300857 8710646 8710646 7791007 1550212
3700350 300350 3700350 3700283 3700006 8870812 2760527 9710923 2760646 9710496 7090973 3471023 3471023 7090973 7090973 7090973 7090857 7090857 7090973 7090857 7090973 7090973 7090973 8190857 6660304 910833 3931002 3700422 910880 910857 8190969 7090973 4040857 2760913 7790144 2760752 2760752 2760752 2760960 2760960 2760809 9710870 9710772 2760653 2760560 2760560 7790560 7790770 7790770 7790770 8550772 3700200 730633 5230880 7090973 7090973 8550857 3930560 3930739 3930812 3930304 3930544 3930857 3930386 730984 2750870 3931002 3930561 3930924 3930870 3930924 300422 3700857 9350996 8190930 8870969 8870969 7790857 6660996 5231002 2750000 2750996 3230422 730928 730928 3930212 3230928 3230422 3930800 3700701 4720969 9710422 3470575 3470961 8190646 8190880 8190812 8190519 7790205 7790857 250043 7790857 7790200 7790857 7790857 7790857 7790857 7790857 7790857 7790857 7790857 7790857 7790857 230006 230924 5230930 7980160 2760160 5230422 3730004 3730864 3730516 2760930 2760602 2760920 2760462 6660000 9830422 2760371 2760653 230872 9710812 230812 4720560 2760527 8190560 3730268 3730420 3730004 3731010 4631010 3730646 3730006 3730646 4630043 6900560 8190741 910857 5230492 8550857 3700653 300796 5230560 3700350 5230996 9710422 3230812 230796 6660930 6660996 730964 6580560 2760304 230996 5230833 6660371 3700006 3700741 520741 9710857 4630602 3731010 4630638 4630243 9350350 3391007 300924 5230891 6660741 3730888 3730888 3730004 3730004 8190857 4300857 5230930 5230870 9350414 5230580 4990870 2750166 730221 3230598 8870770 3230770 3230812 730752 6660560 5230422 300304 3930796 300996 8190857 3730560 8190212 8190880 6760741 5230414 2760338 3470930 9710414 5230466 3230701 8710856 9710085 4020996 5230560 3250741 8710928 3700205 3700812 9710653 9710920 8190857 10140993 910560 3930089 3930833 2750754 730928 910205 7790969 520772 9710350 3700995 3700896 3470995 8190006 8190371 3390371 8190812 7790371 230006 5230872 2760371 7790519 2760414 2760167 7790894 2080519 3470462 2080924 7790924 2280857 7790964 2760924 2760770 1920880 2750924 2750166 730560 6660422 730580 2750304 2750646 4720969 3230741 6660350 3230924 3701007 8870812 9710870 4720371 9710864 4720560 7790560 3470772 7790560 7790857 7790857 8190519 7790857 7790857 7790857 3700527 3470043 3470995 3230743 6660205 3230200 3230833 3230812 3230422 3230560 3700739 300952 300701 9710212 9710767 8710996 8710422 3930422 6660969 3930575 3930560 3930796 3230880 9710857 5230496 6580984 3930304 3700504 3700575 300739 300560 3470334 9710575 9710857 3950888 8190371 8190857 4630638 3730460 8190857 4630960 8190857 3470857 8190809 7090973 3731010 3731010 3731010 1600973 7090973 4631010 4631010 7090973 7090973 4020212 301016 301016 6660197 9830930 6660996 9830422 3230304 2760894 6760422 230857 6350930 230872 2760741 8600864 2760205 230870 1550529 2760872 8190602 8190602 8190812 8190006 8190857 8870870 9710923 730167 6660460 730283 6660212 6660561 6660633 230796 6660800 230880 9710870 2760085 2760767 7530767 9710496 3470772 3471023 8870888 3470580 3730743 3730743 3730004 3470857 3470857 3470857 3470857 9040857 9710743 3470812 910896 1550496 6900952 5230872 3930371 1550212 5230006 9710896 8190857 8190071 8190857 5230857 7090973 520752 300205 300996 3700969 4020800 300422 4020000 3700527 3730561 8190857 8190646 9040857 9040857 7790770 2760812 9760872
3730833 6660880 8870422 9350422 8870930 3250212 8870043 8870043 3700043 5370424 6660857 9350350 3700205 7530859 7530350 9710864 9710995 9710995 8190000 2760371 6350006 6760880 8190880 8870796 9710701 3470043 7790043 8870796 6660857 8190857 7310602 9350930 8190930 8190371 3700857 9040857 9350937 7310928 7310580 9710801 6760371 9350729 9350729 8190835 7530857 8190144 8870924 9350419 9350741 8870560 9350770 7980973 4990857 4990857 9350408 9350772 9350888 7790857 8870969 3250772 6760772 9350772 3700772 9040772 3700772 3700772 520772 9350961 10140519 9350930 6760960 5370924 730857 730857 730937 730928 7531023 7790857 6660857 8190285 9350930 9350772 6660408 7530857 9350160 3930772 9350408 9350872 730350 3230212 3930772 3930743 7530857 8190371 8710857 8190371 3230772 3700205 9710371 3701007 3230006 8790741 3230653 8870770 8870888 3700743 300422 300422 300350 9710701 8710857 3730782 5650205 6901023 5230767 9710073 3730371 3730864 3730373 3730741 3730752 3730993 3730519 6350928 10101023 2080864 2760516 8710646 8710942 3230687 3700205 301002 5230928 5230000 3700888 8710350 3730350 7310770 3730205 9350414 10140767 9350741 8811023 3470857 7530371 3700772 9710363 9760371 8870770 8600743 8710176 8600964 2760259 8870772 2760752 3700772 8710928 3730743 3730994 3730560 8190772 9350942 5230114 5230857 5230646 5230212 3250371 3441023 5650350 5230414 5230646 5230504 6900646 8710864 9710043 6760743 8190870 2760894 5370894 2760363 2760043 2760580 2080888 2760580 8710200 10110952 9710743 9710767 9710752 8710752 8710809 8710770 8710770 9710952 9710752 8710809 8710646 9710952 3230752 3230767 3230960 3700770 6760857 6760752 6350752 8600857 3230770 3230964 8710964 3470772 6660770 3700701 9710800 7310638 7310638 4990857 5650857 6900920 3700043 8600212 9710772 230880 3930752 2750880 8710782 3930212 3230212 3930422 910371 9710212 5650422 9350880 3730700 7310561 7310800 3730996 3730880 3730212 8190212 3250772 7530880 3470422 730937 5370896 230888 8600580 730743 8710888 8710580 8710782 8710743 3730872 3730458 3730857 3730004 3730363 3730373 3730357 8811023 300414 9710043 5230961 3230739 730560 2080864 3950888 8330560 9710833 3700836 8190864 9710371 3230872 9350872 3930422 1551002 3930741 8710928 5230739 8870205 730841 3470857 10140006 3730993 9350880 9350371 3700200 3700422 6660304 6900754 3930741 9710796 9340973 3730996 3730924 3730200 3730241 3730205 3730364 8190872 8190205 8190560 8190880 8190212 8870812 9710796 7790371 730964 9710043 7530043 3470043 8870888 8870743 3230504 8870743 730167 730363 730071 730928 3700200 730043 8870829 730928 730371 7530371 730371 230047 730212 3700441 730937 730205 730928 730700 8871002 730363 730928 730928 730928 730937 730770 730363
730646 4990930 4990857 5370743 5370638 3230930 3230930 3231023 4990160 5371007 730371 3230006 3230006 8190371 4720200 8191007 3230924 4720857 4720896 3230924 3230373 9710496 7790424 7790888 3471023 7790964 9040857 7090973 7090973 7090973 8190071 9710071 8710801 7790857 8711023 8711023 9760930 9710801 7790770 2080741 9710923 1551023 1550872 1550872 1550872 1550872 5650414 8600741 9710894 3930422 9710496 2080894 4040896 2080770 2080770 2760987 2760767 8870969 3470441 3730531 8190897 730857 8710466 8710743 8600930 4950857 730996 5650422 3700969 9350924 8190857 8190857 8190969 8190969
4040200 910200 730924 3230928 6660896 2760930 730752 6660770 2760160 6900872 230872 9350687 5230930 9350371 9710334 3230516 9710527 3230812 5650880 3230350 5981002 2760864 8600043 8601023 6660894 2760894 8870870 3251007 9040580 7790752 7790961 8190772 8190930 8190857 8190913 7790857 2760770 9421023 3700960 3700770 6660767 8600496 8710646 8870770 9040864 8870205 7790205 3950205 8190772 8190913 9350924 8190371 7790770 3470872 8190770 3471002 8190857 8190857 6350888 8190894 3470857 2760752 6660371 3230371 10110422 9710422 9710580 3230646 2760071 5370071 2760404 4720752 4720964 8190994 4720964 8190857 7790857 5370752 8870043 8190913 3700964 9350743 3471023 3700752 8870888 8190071 8190071 7530857 8710891 6350888 8600920 2760071 730857 5370741 9760752 3230071 8710812 730770 8870770 9711007 9710527 9710964 9710960 9350560 4720964 2760560 8190580 8340580 7240519 3390371 4990043 6660930 730857 2751023 3231023 8190913 7790930 3470782 9760920 5981002 3470987 7790894 7790770 3230987 3230964 730205 730894 3930741 3930896 3931002 3930560 3250350 8600646 8710987 230414 2750414 300422 9710891 9350743 9350770 730496 9831002 6660952 6660373 9421023 8330496 730960 730743 3251007 9710743 4720752 2760743 2760897 9710920 9350961 9350638 3930930 8710519 9831002 9830796 3230212 9710996 9710422 730937 2760176 730964 2760071 3250006 7790741 7790752 4720964 4300519 3230646 730772 2760772 10110453 5230959 5650519 3700205 520414 2760896 2760888 230888 3230453 3230743 3230414 3930422 3930414 3930285 3930809 3700205 300880 9350812 3730004 8190857 8190880 6760770 10110414 9830006 6660047 3930414 9350761 5230304 6660969 300969 9710531 3700739 3930752 7790969 2080560 5230969 6580872 2750414 6900996 9831002 8710453 4990996 4720741 9710772 9760980 8710114 8710687 8870942 3251007 3250920 2760071 5371007 2761007 730964 8710466 2760888 2760743 8601023 2760743 2760888 8600743 8710519 7790266 5981023 2760373 7790964 2760462 8600285 2760963 230176 5981023 9710519 730700 4990212 3930960 300872 9310767 9710371 3730752 7310770 3730071 6350770 8190519 6760371 2760741 9350160 3231023 5230752 3230371 6580466 4990741 5230200 9420466 230292 9710987 730414 9710466 4720964 3930969 3930285 10110770 9310037 7790964 3730743 8190519 2760359 8190144 8190519 3730888 3730519 2760801 5370833 7790200 5370859 8190458 8870829 9710833 3930743 9310872 5230969 8330924 9310422 8710414 730752 9710964 8710414 8710414 9710888 3470961
7790859 7790937 910741 3230350 3701002 3931002 730739 4990580 730580 2750228 730960 8870580 8870770 730228 730282 3701007 8870580 7790200 7790200 8870043 7790729 7790200 9040772 8190519 7790652 7790964 230741 5230285 2760371 3730872 3730741 8190350 8190772 7090973 8190872 7790857 3470772 2760043 2760833 2760043 730000 9830996 3700422 8870833 3930833 3930422 910700 3930304 910833 2750880 3930527 2750212 2750800 3230422 3230304 3230646 7530560 3230969 3930770 3930364 8870414 9350350 520969 3930364 3700969 7790937 7790857 7790729 2760646 7790969 7790937 7790772 8190700 7790969 7790857 8550857 8550857 8550857 2760741 2760872 6660580 6660205 6660243 6660560 6660836 730870 2760441 3730004 3730004 4631010 7090857 4630638 7090857 7090973 8190857 7090973 7090973 4720580 7790937 7791007 4720363 9040580 910870 730923 3230304 6660880 731007 3230870 7530870 9711007 3700996 3250422 8190913 8190422 9710969 3930741 730739 730969 2760960 6660969 6660770 730870 3930870 2760969 9040364 2760006 4320969 2760864 2760580 2760386 8870424 2760928 730880 8870580 9040580 3700071 3470880 3700364 300880 3700364 3930364 3700364 3930364 3930544 3930870 8870870 730870 6660870 8870870 2760870 3250870 4720870 8870870 8870870 8870043 7790424 2760043 2760646 2760995 2760371 2760580 230872 2760741 2760350 2760969 8710995 7790205 2760924 730071 8711023 230952 230504 2760987 5370043 2760888 2760043 3730920 7090973 8190920 8190700 3930386 3930386 730870 6660924 2760386 730364 2760889 4720424 8870743 7790937 7790888 7790964 2760043 2760948 7790888 4630857 3730646 4630752 4631010 4630857 8190801 8190801 7790857 7790894 2760964 2760673 2080043 9710767 7790770 8190770 4630770 7790937 6660729 3700519 8710575 9710441 730739 5650422 3250414 7790961 3700519 2760741 2760741 3230864 2760864 3230995 2761007 2760924 4720422 8710767 7790496 7790937 2760071 2760991 9710014 2080519 9710014 7790741 2760371 7790371 9040462 7790937 7790924 7790964 5370741 2761007 2760071 9710782 2760754 10190519 7790859 2760996 2760422 2760043 9710043 9040996 3470422 7790880 7790857 7790857 7790752 8870043 7790859 7790424 8870772 8870772 7530205 8870422 2760422 8870043 2760928 730363 2760872 6660580 3230414 6660501 6660422 6660960 730752 6660800 730371 730580 6660872 6660880 730386 1920857 730928 9350422 730857 6660857 4990743 730200 6660646 6660228 730700 4990006 6660752 730928 730166 1920212 5370460 2750812 730880 6660961 730371 8870422 730544 730422 730928 730870 2760928 730200 730772 6661007 6660205 730928 730519 2760913 2761007 2760995 730646 9350772 2760363 2760375 2760928 6660350 9710350 230924 2760924 5230043 2760371 2760872 7790864 2760371 7790144 2760144 2760928 2761007 2761007 8190857 3730004 8190770 2761002 2760043 730772 730870 2761002 2760519 230928 2760928 730371 2760580 2760812 520942 2760043 7790937 2760894 2760458 8601023 10011023 7790964 8600782 8600782 9710920
8190519 7790422 8191023 8190646 3731010 7090973 4630638 3390580 9040857 3390580 8870580 8870580 8870969 9350928 9350371 8870969 3700743 9350743 6760930 9350930 6660801 9710801 7790964 3700888 2760205 9040739 9350930 9350930 5370560 9350037 8190519 9350870 8190969 8870560 10190519 910371 9350924 8190371 9350872 9350872 9350928 9350422 6660371 6660872 9350872 6660422 730739 730741 6660504 9350741 4990652 9350371 9350930 6660872 6660969 9350741 9350304 9350930 730212 8870424 730285 730371 9350870 9350560 730812 910544 910205 8870969 910996 730560 9350422 9350560 9350930 9350930 5370743 6660964 8870580 7790857 7790937 7790857 8190857 3730004 3731010 7090857 1600973 8191010 7090973 8190857 6350930 231010 7310004 9710739 8710144 8190071 8710872 8190371 8190144 4630371 8190812 4630071 8190652 3930857 3930857 300969 910741 9710864 3700350 730560 8870772 3470857 9040772 250772 8190812 3730602 8190857 3730602 3730896 3730602 1760973 3731010 7090973 3730004 8190857 8190857 4630160 8190857 4630424 8190772 7790857 8870772 7790857 2760754 7790937 8870580 8870580 8870580 3470930 8870580 8870580 8870422 730812 3700200 9350928 7310182 7310182 4090973 7310000 730857 3470527 5370422 8870580 7790857 8190580 7790857 3730969 3730466 3730419 3730549 3730754 8190812 8190913 8190580 8190857 9040857 8550857 7980930 7980930 3731002 8870772 8190961 7790857 7790857
8550857 3470857 8190646 8190752 8600857 3470857 3470857 3470857 3470857 9710857 8190458 9710857 8190071 8190071 3470857 3470857 9710857 9040857 9040857 3470857 8190857 8190920 3470857 8190646 8190964 3390888 3950888 8190857 8190896 3470857 3470857 8190894 3730673 3730259 3730961 9350743 8190770 8190752 9710857 9040857 5980646 3470961 8190894 8190496 9350560 10010857 8600857 9760980 8190458 9350743 8190894 4990516 9350896 5371007 6350964 5370752 7790894 8191007 8190519 8190894 3950801 8190920 8190176 8190741 8190414 7240857 8190770 9310857 9710752 8710371 9710857 9710888 9710422 9710963 3730496 4630960 3730812 3730646 8190580 8191007 3230801 3700857 3470961 8190913 7790857 7790857 5370424 8190930 8190897 7790857 9350037 5370841 9350743 8870743 5370752 8190930 3470930 8190071 4990857 9350930 6270560 10140924 9350371 9350743 8191002 8190896 8190519 9350964 2760960 9350996 8710857 7310857 7310602 3730386 4990857 3730422 5370812 7790857 8190920 7530857 9710930 9710371 8190006 9710857 2081023 3730993 8190371 8190371 3730924 3470857 3470652 7790857 8190772 3470930 2760350 8190864 7790937 8190741 9350741 8190864 10140212 9350741 6660996 9040857 8190304 8190880 8190857 8190857 8190371 8190894 7790829 7790857 9350801 9420466 5230782 9310767 3230441 5230504 8710987 9710085 3930888 5230923 9350414 3730422 9350338 9350519 9350994 2760739 5370812 230857 2760071 10011023 8710772 7790987 3470782 9710987 3470920 5981002 8710453 3230752 3230888 8710406 3230888 3230752 5230492 3230414 3930285 3930741 3930796 3930964 3930888 9830984 8710205 3930212 3930205 5230560 5230496 9710371 8710969 9710743 9040857 9710752 300414 3700960 9710752 8710812 8710996 5230504 3700770 9710964 9710752 8710767 3700960 8710928 8710770 9710516 8600752 9420466 8710406 8710767 4720896 7790888 910200 9710930 6901023 3930743 8710414 8710752 5230928 5230646 520741 1550037 8710770 6900767 910960 9710969 5980504 9710741 8710114 8710969 8710200 2760071 9710414 8710043 9710071 9710772 9710772 3700043 3230422 910371 730350 5650350 9710350 8711002 910205 3930043 730575 3930996 3930960 9710527 8710969 2760969 9350870 2760870 2760969 8600969 2760071 3471023 7790969 300285 300729 8710729 5230952 9710987 9710752 8190770 6660752 8190870 250071 6760741 3470870 9710870 8600743 5230984 5230809 5230928 5230924 8710924 3700752 8710924 3700743 9710969 9760924 8710767 8710743 8190071 8190772 250772 5370754 2760770 7790937 2760754 9760071 3950960 4300519 9710414 8710743 9710071 8870743 7790969 7790969 7790741 2760560 5370560 2760646 7790200 250071 9710544 9710920 3230770 9710071 8710770 9710071 5980770 300767 8710767 3700964 8710176 8710646 3700969 3700872 9710920 9350767 7790857 8190969 8870743 8710924 9711002 8601007 730519 9710920 5230770 9710964 3230770 8710960 4720964 9711007 9710969 9350924
5230504 730560 910071 910071 9710969 9710767 910812 2080770 8710961 910516 8710414 910371 9710743 2760666 2760952 9710870 730516 2760114 2760687 2760920 2760987 2760752 2760752 3230960 4720200 3230770 9710767 4720888 8601002 5980504 9710894 8710767 3470987 8710437 2081007 7790752 3950960 3950896 4630424 4630424 5370071 2760071 8190519 2760580 230176 2760754 9710772 6660948 9710743 9710406 9711002 3700772 9310422 9710964 910414 8710960 9710833 9710833 3700743 8190913 8710466 3230767 3230987 6900422 3230071 3930701 3930969 3930043 9710969 9710441 520560 3930560 9710969 520560 520071 7240969 3951002 7790969 7790969 910544 8870969 7790969 911023 910544 4040200 4040200 8870969 4040200 4040371 3930414 9710987 8710414 5230071 300422 3700743 2760504 300923 3730422 3730974 3730519 3730920 10140880 5230923 301023 8710285 8710928 301023 8710754 8710743 8710743 8600743 9710516 9710071 8710770 6350770 3730752 3730974 3731002 5230743 5230923 2760666 5230519 9710920 3470987 3230920 8710519 8710453 8330504 9420952 6760752 5370960 2760516 5370071 3230888 9310767 8330872 5230872 8710414 9710772 8711002 9710071 3700896 9710516 8710964 5980770 8710888 9710071 3700888 3700071 3700920 8710646 5230646 9710969 3930414 9710371 910960 5230212 5230646 3700205 9710071 910960 9710414 9710516 3470833 3470833 7790888 3470872 2760071 2760930 2760930 5370894 3230987 3230504 911007 8790772 4720743 730770 9710987 9710952 7790937 8190770 3700770 9710743 8710752 8710928 2080894 9710741 9710743 8710928 3700770 8190857 1030993 9350741 9830984 9710864 8710864 910212 9710963 8710767 8710924 9710920 8710888 300504 9710729 5230809 8710743 9710741 8710729 9310646 9710729 2080285 520741 8190770 8710770 5230767 3700414 8710422 9710285 910422 8600770 8870304 9710071 3470422 9710074 8190857 8190812 3730071 8190857 9350519 3930770 9710373 3930767 3930496 9710960 7530371 3930006 9420646 8710833 9710743 9710205 8711023 8190560 8190205 8790920 3950560 8190880 8190560 8190519 9350754 8710961 3230504 8710864 3230952 3230743 3230743 9710085 9710743 7790857 8790960 9710772 3470441 8710987 9710782 3470987 9710782 3950888 4040601 3950960 7790652 7790857 8190809 7790937 8870770 5370896 7310920 3730268 8330466
910896 7790896 8870772 5981002 730743 3700836 3230920 3230743 3930212 3930796 910200 910969 8870969 3950896 8870969 7790894 2760653 7790894 7531007 5650422 3230297 730996 730996 9830422 6580212 730561 2080580 2080422 7790896 2760964 8600743 5981023 730580 730948 8870772 230880 730422 9710422 730653 8870580 9710580 3250937 2760872 8870350 3470739 730544 8870560 7790969 7790969 8870969 3700964 8710212 3700071 8710767 8870770 9710729 9760964 9710920 8710422 7790964 7790888 5370687 8710930 3700752 730580 730043 9711002 8710422 9710920 8190857 8190653 4090973 9350527 5370422 8190880 7790857 5370948 5370741 7790857 8190741 5230338 3930767 5231002 5230350 3230371 2750006 3931002 3930741 3700205 3700969 5230800 3700422 3700872 9040212 520071 6991007 2750560 3230144 2750228 730984 3230646 3230928 3700961 300996 8710422 3470282 3950888 8190894 2760897 230458 230259 2760987 230770 2760752 230359 8710772 2760987 2760964 8710772 7790772 8711023 7790870 7790870 7790870 2760441 2760519 2761023 230870 2760441 2760987 2760071 8710987 8711023 2760752 2760496 250896 2760176 5370071 2760176 2760462 730743 230673 6660880 8600466 5370812 2081023 8601023 2760496 2760043 7790812 7790964 9710350 7790894 3470920 7790964 7790964 730772 6661002 6660761 730741 6660371 730741 6901002 730371 730772 730371 730228 730371 7790371 730872 2760350 7790969 731023 730580 7790937 8710496 8710870 2760359 730963 3470782 9710462 3230888 8870888 730964 3470772 5980466 8600772 2080580 2760176 9310519 8710519 7790752 8710991 230666 730043 730043 3700212 3930701 8600880 3700043 3700212 3700422 3700796 9040996 3470422 7790964 9040923 9040580 8550870 8710259 8710176 7790964 230960 730504 230016 5981002 7790752 5980504 2760580 9710920 8710959 3250414 7790894 2080414 7790770 3700928 300504 3700772 9710371 3700414 3700964 9710516 730888 9710888 8710864 8600350 8710743 9710743 9760920 5230560 730363 4990580 730580 730364 730221 730800 4720580 3930212 910212 9350561 2760583 7790897 2760964 2080580 730561 3700896 3470833 730560 730580 730338 730043 2750924 730752 730371 730741 4721002 5371007 7790371 4720729 4720741 730809 8870304 910741 3730580 9350996 8190687 9350422 8870772 7790888 7790752 8710772 9040772 3470772 3700743 9040527 4720857 7790857 7790752 730924 730924 730653 5370460 230350 730772 7791007 730006 730646 4720371 7790857 8870888 4720987 3470282 3700743 3700796 3700701 300880 300212 4020212 6830831 3700580 3230205 910580 9710800 3230212 3230796 3230598 3230996 3700580 3230580 3230561 3230969 3701007 9350993 8870212 3230743 4720424 3700996 4720580 8870580 4720043
3700969 3700800 3700350 9040796 3700212 3390071 3390071 8550580 250071 250964 3391007 4630160 2080580 6990580 5980646 8600920 8600743 8710259 3390888 9710496 3700414 3700212 9710864 9710350 5230350 3700205 3470796 9040864 9710864 9710504 3470580 9710422 3390071 9710371 9710969 3700924 9710304 3471023 3700200 300812 1550212 3700653 9710371 5230996 3470422 9710880 9710928 3470857 3730004 4630741 8190519 3470857 4300519 8340987 3700006 5230646 5230743 3700739 8870743 4630937 8190560 7090973 2760178 9350801 6660527 5230560 3250422 3230205 4720741 3250414 8710176 9710964 8600560 3470870 9760071 9710458 3470285 9710741 9710414 9710812 3470575 8190504 8190857 8190857 8190896 3700743 3700796 5230560 3700739 9710212 9710350 9040796 9040176 2080870 7790741 9760580 8710743 5980920 9760920 5980580 5980920 2080580 3471023 3470580 3470857 3390371 9710414 5230743 9711007 9040864 9760920 3470920 8190602 250743 250964 250741 9710960 3230560 9710422 2760880 3470212 9040176 3700880 3700212 9710212 9710212 7790739 9710772 730800 9710772 9710796 9040772 7790937 3930924 9710496 3930560 3470701 7790371 9710350 9710037 9040864 9710920 9710888 3700996 3470809 9710864 3230560 9710812 3470870 9710176 6350770 300527 9710414 2760809 5230496 7790560 2760896 2760920 2760560 250071 250743 7790872 2081023 3470043 2080043 2760458 7790888 2760767 7790888 3950896 2760504 3950897 3950896 3950888 2080741 9710741 3700701 9710006 5230872 3700212 9710297 3470996 3700969 8790872 9040580 3390071 8190920 3390964 3390964 3470987 3470580 9710580 9710741 9040580 9710809 2080741 9040923 2080767 9710888 2080752 8190071 8190812 8190857 8190857 8190560 8190857 3950364 8550857
3470920 3730422 8190857 8190466 7090973 2760948 6900580 6900580 3230995 3230924 3700580 3700857 3930741 3700857 8190857 3700580 9710422 230812 3470995 3230920 3230580 3230350 9710995 3230812 730948 3470580 7790857 230006 230371 730772 8600772 2760772 9710212 9710772 2760167 230561 9710772 7790894 230167 7790772 9710772 8710796 3470796 9710743 8190857 7790857 7790857 7790857 7790857 9710043 6660212 730221 8190212 3730527 3730741 7790857 8190767 8190857 8190880 8190700 9040857 3470422 8190809 8710285 9710930 3730993 2080930 3730896 3730894 3730741 3730896 3730872 3730964 3731010 3730228 4630638 4630580 4631007 5370948 8191007 730282 3930228 2750646 730282 730282 4990228 2750228 730282 730282 3231002 3230928 730623 3230228 8870580 4720969 4040888 4631010 7090973 3390888 3470074 8190913 9710074 9710920 5981023 300422 8870880 3470580 9710701 8710212 3700580 9040580 3730646 3730466 3730857 3730646 3730646 8190857 8190857 3390741 3731002 3731023 3730004 8190857 8190772 8190913 3700857 8190560 8190857 8190857 7090973 8190857 9710857 9710371 2080864 3930653 3930741 3230047 730752 9710856 3230880 3730496 8190857 8190857 8190752 9040857 9710422 3470422 9710743 9710580 5230796 3700996 9710285 8190580 3471023 2760176 2080519 2760414 8600414 8190772 5370772 8190930 5370160 9711002 6900872 3700864 9760960 9710752 9710928 300212 3700283 6660221 3930228 730228 2750228 3230228 3700580 2750741 3230812 730000 2080205 8190857 3730948 3730948 3730000 7090857 8190857 7090857 8190857 9040857 910857 3230304 2750857 2750996 730928 9830466 8870560 3230212 3700205 8190580 3730580 6350580 730857 6270560 6660501 8870580 2750880 3230796 2760880 730857 9710796 7790752 7790857 7790857 3470930 3700212 2760561 2760796 9710772 7790880 9040857 7790857 9710414 8790422 9710297 3470527 9710422 8710580 3230960 8870743 3930089 3930089 8190371 10141010 3731010 3730809 8190857 8190857 8190857 2080580 9710466 5230872 300006 3930089 3930741 3930796 3700880 300880 3470796 8190857 8190857 4630071 8190809 8190930 9340973 3731002 3731002 730350 6900772 5230930 730772 2760995 7790739 2760812 8790006 7790560 9710212 3470857 8190812 8190952 8190857 3700770 9710701 3930653 3250371 5230350 3250006 6900996 300741 5230960 300729 5230960 3230880 730948 3230304 9710527 3230741 3700580 4720560 3700580 3470580 9711007 8551007 9040580 9040580 8190930 8191023 8190930 8190870 8190857 8191023 5370160 8190160 8190833 8190870 8190460 8870772 3701002 6660948 6660948 6660527 730653 9710772 9710205 3700812 3730004 6350560 9830466 300741 6580984 3730304 7310292 3730801 3731010 3730205 3731002 3730812 3730646 4630857 4630913 6761002 5230575 5370801 5230560 9710422 9710272 8190894 8190857 3730880 4630266 8190952 3470652 2080770 5230833 6900560 8870205 9831023 3700422 3230422 3700996 5230422 3470580 9710995 8711023 3230527 4020996 8710212 3230561 300996 8191007 3470527 8870580 9710930 3470772 7790373 8790772 6760752 3730504 4630638 3730770 3730767 4630752 4630857 8190857 8190580 9710016 8190212 9040857 9040987 9040857 8710888 9710580 9710580 9710920 9710580 9710996 8870580 8710560 3470580 9040575 9040580 3470580 3470580 3470580 3470996 3700580 9710880 9710880 3700006 5980422 9710888 3471023 8190812 8190006 8190519 9040857 3470857 8190857 3730930 3730930 8190857 8190801 8190930 3230880 9830796 10140212 6580984 2750996 730560 2750575 9711002 730772 3230772 730770 230560 230739 4020000 6660996 7790422 9710043 2760888 8710565 10101023 3470043 7090857 3730004
9040212 7790857 4630638 4630638 3730185 4630004 8190772 3390930 4630772 8350857 8870812 3230812 9710205 910870 520857 3700857 8190071 3730984 8190857 8190857 7090973 8190857 3470857 3230575 8870870 3700739 9040987 8190857 3700857 3700743 9710422 9040857 9760580 3230580 3230580 3230580 8190580 5230212 5230580 9710527 5230580 9760580 8710880 8711023 9760924 3470006 8710646 9710371 5230872 9710809 2080987 8710770 8710519 9830466 8710930 8710870 2760071 8710580 9710544 8190770 7790857 8710942 730371 6660864 9710414 8710995 5230800 3230772 2080880 9760071 7790888 8190872 8190812 2080531 7790896 3470987 8710414 3700796 6900880 8600414 9710809 5230729 300212 3700924 3700996 9710812 910006 4040371 2081007 3250006 3470872 4720422 9710864 2080888 3470961 9040462 3470872 5370948 8190580 9710414 9710767 9710422 9710812 8710741 5980646 8600920 2080872 9710964 4300857 8190071 3390741 7790652 8710176 7790872 7790894 7790857 8190920 3390964 5230872 3250891 2760422 2080897 250580 8190645 7090973 250371 3950888 3950414 9710969 9710334 300872 3700872 8190071 7090973 8190991 3950896 9760964 8340772 8710991 8600743 9040285 3470920 8190071 3950560 3470857 8340519 8550519 9710995 3470872 9040796 4630913 4630913 3950888 9760964 3390896 9760920 3470920 2080888 4630580 8190964 3470458 9710964 2081023 2080888 2080888 3390580 7790857 3470980 7790894 7790896 9760964 9760964 2080894 7790896 2081023 3470987 3470889 2080894 7090973 250896 8710646 4720964 9710453 9710519 3470880 3471007 2080770 8870796 3230880 3700422 3700071 2080770 9710920 8710880 3390964 8710350 9710920 8710414 3470334 9710743 3700519 9710006 3700796 3700701 9710880 5230560 3700872 9040857 9710371 8710880 9710006 5230560 9710527 9710856 3700519 9710575 2760561 9710880 2080770 2080770 8710176 9710752 8190071 8190071 8190006 9760920 7790987 9760987 3700071 3700071 9710857 1550422 300701 3700743 300422 3700205 9710928 9710796 3700772 3471023 7790857 2760767 2080285 7790964 3470772
7790741 9710741 9710888 9710991 7090973 8190371 9710176 9710920 9710458 300872 300422 9711016 300796 9710880 9350880 4020212 3700414 2760000 5230996 9710043 8710880 9710043 3470580 3390043 8710888 8600071 9710920 9760920 8600071 9710920 4720888 730580 9760580 8710995 5230350 5230880 5230920 9710987 3700888 3700205 300575 3700924 5230701 300212 9710741 5230414 3700796 8600770 8710924 8190414 9710857 8190767 3470857 9710920 9710071 5980504 2080888 8710176 8710880 8710796 9710212 9710071 9710016 8340987 8710770 5230880 9710920 2080888 8710646 2080872 300812 5230880 9710422 9710006 7530880 3471007 8710527 2080960 2080414 3700829 8870580 730580 3470580 730000 8710653 9710014 230560 5230422 8710014 9710996 8710560 9710422 2760527 8190422 9350812 8710930 8710466 8901023 8190071 3730371 3730880 3730741 3730653 10140880 8190857 8190561 300796 9710856 3470857 8190422 9040580 3950888 9040580 4720580 9040580 3700205 9710297 9040580 9710701 9710880 3700796 300880 3470212 300212 3700796 9040880 3470422 3470580 4720888 4720205 3470739 3470872 8190857 8190741 9710466 8710466 2760924 3250205 8710743 8600782 2760071 5230205 3230560 5230006 9710006 9710371 2080888 3470580 3470995 3700796 9040350 8600924 5230350 3700995 7090973 3470857 7240857 7790888 9710864 9710864 230948 9710864 5370741 730857 8190995 8870414 3471007 8550772 8870888 9710414 6900872 9710371 1550872 9710580 7790371 9710864 8710995 3470995 7790560 9710350 2080896 9760964 2080285 9710414 3470857 8190894 2280857 8190580 3390896 9710371 3700006 3700770 9710996 3700527 9710920 9040575 3700414 3700995 8190560 7790739 2760924 7790560 5981023 3700924 5230646 5230006 3470872 8870414 3470006 8870228 730228 730282 730729 730729 731007 730888 2750228 3230144 3931002 730809 730741 730743 5371007 8870424 8190561 4020000 300996 9710205 3930560 3700964 9710575 8710653 8710872 3470580 3230580 730580 730812 3230283 3700006 9710864 730812 3230812 4720371 520743 300872 8870350 3700964 4040200 3930205 910205 910924 4720964 5230646 9710350 3250350 7090973 300952 300796 3700212 9040996 9710996 3470880 9040880 7790857 7790857 7790857 7790857 7790857 7790857 7790857 230880 9830996 9710527 6580212 9710297 3470527 9710043 2760996 8710772 9710071 3470772 7790964 8710920 7790888 3731010 3730812 8190857 8710739 8190812 6900560 9710964 3470987 8190653 8190350 2760752 8711023 2760071 8710466 9710014 3470422 3470772 9710987 9710767 7790741 7790741 8710809 7790770 230569 230870 2760772 6901023 230006 2760772 6660812 230812 7790894 2760894 3950560 8340519 7790560 7790741 9710754 3730519 9710754 9710006 3470772 2080531 5231023 2760964 5230205 2760772 2080205 2080205 8710653 250888 2760995 3470580 2760924 3250006 6660561 230857 2750920 2750857 2750414 730741 9350743 5230006 3250006 4720371 9710043 3230920 9710752 9710016 9710920 7790964
7790741 9760872 8340580 4750870 8600920 3950560 5980888 2080987 3471023 2081007 2080888 7790888 8710752 9710952 8710006 8710888 4720741 3470006 9040857 9040864 2080741 3470872 4720200 2760462 8600414 5980872 3930560 6900880 520896 9710297 8870924 8600580 9710969 8870969 5370896 3950896 7790857 7790752 3950896 3950896 2080580 9760580 8710959 9710687 3470920 8550772 8550772 9040812 3470880 9040285 8550414 8340414 3700770 3700739 7790896 2760176 9760920 7790964 250071 3470923 2080987 3470980 8190364 250964 10170857 250964 9760920 9760888 9710964 8710870 2080870 2080752 8710896 9710071 8710888 9710952 3470987 9710285 5230880 9710006 8710466 3470422 9710856 3470920 9040580 8550580 2760176 2080580 7790964 9040812 9710920 9710796 3700880 9710920 9710963 9710006 9710006 8190870 250371 8190894 8711023 8600857 9760857 8340772 2080767 3390888 7790964 2080888 7790894 8710014 9710687 8710743 8710006 3470006 2760743 9710071 9760920 8190964 6760964 8190964 8190991 3390964 3390964 3390888 7790894 2760167 9040923 7790964 4300857 2081023 3390964 7790897 2760896 2080285 7790857 5231023 7790894 8600071 250371 8190920 8190920 9760920 9760857 3700212 3470739 5230752 9710580 8600796 9710422 2760820 4720870 3470422 2080043 3470772 3470772 3470952 3700752 8870580 8340580 8190964 8190857 9760857 2080888 8190964 8870942 3250891 520741 8190160 8340414 3470923 3950960 3471023 3470920
9710071 730888 730770 230414 3930422 730205 4020000 9830796 3700996 5230422 9040701 3700880 8190561 8190414 3390371 9040857 3470373 9710371 3470872 9040864 3470857 5370071 3470580 8870772 9310646 2760071 5981002 8710422 7790741 8710176 2760888 3950960 2760888 520071 3700969 3930701 3930212 3930836 3230800 3700772 9040772 730872 730812 3230754 4020466 730212 730561 3230772 3230812 7530857 8600466 9710995 3470995 9710466 6760880 3470422 9710580 9350205 910205 3230519 3930519 3230205 9710422 3470422 3230519 3230800 8901023 9760071 2750857 2750212 730800 3230422 8870527 730212 3230996 3470422 9040350 3250987 3230504 8710857 730857 9830996 9830006 910924 6580422 5230304 3230350 5230880 8870422 3700964 5230212 9710653 5230037 5650350 1550037 5230338 9710741 5230772 7790896 9710772 9710580 8710200 9710995 8710961 9310880 9710920 9040796 300205 300996 5230870 3700422 9710603 3700701 4720987 730453 9830529 3230334 6900205 6581023 3230519 3230575 4720896 2760770 9710006 9710544 9710006 9710920 9710687 8710796 5230800 3470373 300872 300741 9710796 3700071 3470857 4630964 9710796 9040857 2760964 230006 230375 2760738 6660414 230422 2760338 7790741 8710741 6900872 6900504 9710864 8870205 5370741 9830812 3930560 3700653 910205 3700205 910205 9710205 8550580 8340729 9710414 9710741 3470144 9710422 8190414 3730602 1760973 3730004 8190602 8190580 231010 2760527 230560 230422 2760896 2760653 2760960 8191023 1760973 8190519 8190767 8190560 2760752 3930205 2750812 3230212 6660561 3230800 730453 4020182 5230880 5230422 730888 3230796 8190864 3470857 8190071 4720857 9710371 3470987 9710782 4720964 9710991 3470987 4720743 2080888 8190580 2760071 230016 230504 2760752 2760006 2760880 2760416 8710767 5231023 8190496 3730071 8190466 4630071 8190920 9040857 3700741 9710743 300872 3700812 9710928 300920 3700496 3700071 9710987 3470857 3930924 9710205 8710205 9710969 5230560 9710729 9710350 5230833 9710833 5230350 9710371 910880 5231002 3230653 2760996 9710371 910371 8870560 8190519 3470857 9710575 9710920 3230995 3230987 3230701 3230371 3230833 3230304 8870560 3250857 8190000 4040752 9710504 3700752 3700857 8710006 9710880 3470796 9710880 9040857 8190752 9710923 8600414 3700969 9710414 3950888 2760580 230809 230752 230996 8710580 2760043 230812 9710205 730205 6660453 6900880 4020304 9830996 3700969 8870969 9040575 8190996 6660743 6900350 9710969 3730000 8190560 9350770 3230752 5230212 6900920 3230519 3230519 5230453 3230414 5230646 9710414 5980504 3700924 8190809 8190071 3470857 8340987 9710928 9710964 3700964 5980646 2080741 230580 230857 230350 8710782 8790920 5230987 730963 2750006 8710995 730880 2761007 3730004 8190496 6350006 8190504 7790144 7790205 4630243 9350006 9710930 8330006 730519 6660006 730580 230414 2760580 9710580 230880 9710772 3470772 9710801 3700812 300741 5230880 8600924 300496 9710741 3470422 5230414 5230923 8710144 8190996 3730924 3730646 3730004 8190602 3230864 6660812 6900880 730560
8550857 9710580 3470580 8550580 7790741 3700888 3700071 3700880 9040880 9040527 9040796 2080987 3930796 300371 5230071 300212 3930833 9710833 3930000 3930212 3930350 3700205 9710996 8190969 8190304 9040880 520743 910043 3470739 3700205 2911023 5230414 8710414 8710414 730466 8870580 2760767 8710580 730178 8600580 2080580 10110560 9710888 8790580 5980646 4720888 7790888 7790964 730924 6900924 5230212 3230772 3230000 5230996 8870422 3230166 5230920 9710006 7790888 9710504 3700969 300996 9711016 9710741 3700796 3700212 8710212 300796 9040212 7790857 9040857 300350 3700741 300350 3700350 3700205 3390752 3950896 3470782 9710809 8790414 9710741 9710996 4720964 9710496 3470920 7790414 9040580 9040880 8551007 9760580 9760857 2080770 9710071 8710743 9710920 5980872 2080987 3470006 3390371 4630942 4630870 8710870 9710857 8710964 3700752 8600924 8600920 3470006 8710991 9710504 3700880 3700888 9710422 5980466 7790870 5981023 8870888 8870743 9710969 9710504 300560 300422 3700575 300920 300920 3700995 9040176 9710964 9760071 8710646 7530857 2080422 3230414 3230809 9710963 300422 4020000 3230996 3700422 3700575 3700575 9710812 3470580 9710920 8190812 3470857 3470857 8190071 9710212 9710896 3470996 2080896 8710959 8600422 9710176 9710891 250888 5831023 9760205 2080888 2080580 3470462 9710462 8600646 2080894 2080200 9710741 3700924 9710739 520752 3700205 9350516 3700857 3700752 3700996 9710960 9710516 9040857 3390752 2080888 3390752 3700796 910741 9350741 8870880 300212 910812 3700961 9040580 4720743 3230646 3230960 3230205 300205 6580984 3230880 3230653 3230560 2080205 2760205 2760205 2760754 6900529 2760923 2760743 2760770 8901023 3730996 3730752 3730920
730466 6770160 7311002 7980973 7980973 4990772 730422 4991002 7980973 5370833 4990580 4990930 9310466 730857 4990857 4990994 5370930 1920857 730930 730857 730930 730071 730646 730857 730857 730200 6770408 4990880 5370200 730422 7980973 730857 730857 9350913 730930 4990580 730857 730857 730857 730857 4990994 6770857 7980973 730466 4990857 5370960 730857 5370043 9350243 730466 730857 730857 5371002 4990772 4990160 4990043 7310422 4990580 9350422 4990880 730857 730857 730580 730841 730466 730466 730857 7310646 7310833 7310466 730930 730200 730857 730801 730857 730772 730857 4990160 4990857 3230200 730857 730857 730857 730200 5370424 730872 5370743 5370741 730857 4990772 730930 730466 230292 730857 730930 9350772 730930 9350930 730857 4990646 730200 6770857 730857 730857 730006 730857 730857 730857 730043 730857 730930 730857 730857 4990580 4990857 4990043 730580 4990857 10110857 9350752 730371 4990857 4990930 1920857 230304 2750880 730857 7310752 730422 5371002 5650741 2750857 4990741 4990924 730580 7311002 3730282 4990580 7310872 4990371 730371 4990772 4990460 730580 6350741 730857 3230772 6660738 730770 730857 2751023 9350930 5231002 230304 230857 730422 730770 730770 3230297 3730638 730857 7980160 7980973 4990857 6660857 730857 4990928 730752 730282 730743 6660205 730166 9830996 2750422 2751023 10140371 9350371 2751023 730857 730857 9350441 5370282 730857 4990580 4990519 230422 9830422 6900930 2910466 730924 5230872 3230560 9350350 730857 730857 730646 730205 730872 730646 3250580 730857 730857 730857 731007 730857 4990460 6770282 730930 730857 6770646 730857 730006 730580 730371 2760350 2760043 230205 6350560 2760782 8190700 8190857 5650857 730857 4990580 5981002 3230496 9350205 730743 6770948 230767 730000 230963 230580 230016 2760964 730888 730580 8710872 8710466 4990857 3730872 8190071 3230896 8901023 9710580 230205 3230864 730991 730350 2760743 8710864 8710466 8710995 730924 2750519 1551002 3930772 730800 730812 3230371 3231002 2750800 730466 730212 1550212 730754 730561 730964 730646 730880 730772 2760894 7530772 5230580 3730857 10140212 3730996 3730422 3730880 3731002 2750857 5231002 3930930 2750561 3701002 2750800 3930422 3230422 730880 730796 3470462 3700743 3930960 3700969 3930964 5230575 3930812 3930812 9040833 730952 730071 730888 9710782 8870580 2760422 8790519 4720964 2080519 2760897 2760896 2760176 2760897 2760896 7790969 3930880 301023 3700739 3700870 9710212 5230739 300996 5230560 9710527 9710880 3700575 8710006 9710920 250888 9710622 9710544 9710767 8550519 4720200 6660856 6660996 3230561 8870527 5650880 9710527 3470580 520894 3930729 3930653 300575 3930812 3700857 8190857 8190896 301023 300205 300205 3700812 9710653 9710575 520741 9710205 9710812 9710969 8190770 3470701 8600857 3700964 10101023 3700896 3470857 3470422 9040880 731007 730580 4990857 8191007 730857 4720857 5370841 7791007 2761007 2761023 2760897 2760176 8190964 230673 2760259 7790897 3730580 3730580 3731023 3730897 3730580 3730176 4630930 3730259 3730043 3730176 2760580 2760948 2760812 6760043 2080770 8601023 9710580 7790894 7790373 3470580 9760580 4630964 4630770 4630942 4630580 4630043 1760973 4630580 4630580 8190770 9710580 9710891 8710371 9710414 5230414 5980422 4720888 3230738 9710888 3230995 3230453 8710995 5231007 3470987 9711007 4720964 3470580 7790894 2080043 3470043 7790857 9710963 4630770 8190770 8190767 3950896 3950888 3470580 9710519 2760114 2760752 3470422 7790894 9710960 7790857 7790964 2081007 5370894 2760894 3471023 8190770 8190767 8190071 3730430 4630580 8190896 7790857 2080519 2760176 9760920 7790964 2760043 8190519 3470285 9710527 9710212 7790937 3230560 3230741 3230414 3230000 5230422 3230653 9711002 730006 3230422 9710297 3230739 8190580 3230560 4720857 9710334 9710580 9710864 8550580 9710350 2760580 2760043 230948 9710414 7790964
520924 520969 8870743 730880 730212 730561 8870772 8870772 730739 8871002 9350984 730961 8871002 730857 8871002 4720200 8870580 7791007 8870580 8870772 730812 3470772 8870996 8551007 7791007 3930560 9350422 910144 910205 910496 910870 8870969 8870870 3230880 730754 3230561 730880 730961 730961 910754 910833 8870969 9040857 5370741 8190071 8190969 10170857 520071 3930729 3930812 3930560 3930743 730000 730205 731007 730812 6660560 730071 730519 730812 2761002 2760580 7790371 2760772 7790772 7790772 7790772 5230646 910580 4720741 7790371 7790424 7790964 7790043 7790601 7791007 3390580 7790741 7790043 2760043 2760920 7790770 2760338 7790888 7790964 7790772 7790518 7790896 7790424 3930422 9350205 6660880 520870 9710422 730653 4720870 7791007 8870424 730561 730653 730928 730371 8870930 2750880 730006 730560 730561 8870930 730646 730212 7790371 7790424 730212 7790424 8190952 2760920 9710043 8870796 8710767 4720743 3930560 520969 3930006 3930880 3930857 3700414 910741 520414 5370741 5370948 5370282 4720857 730880 4720580 730948 8871002 4720969 7790969 8870518 8190741 3730453 5370602 5370519 8190741 8190285 8190741 4630371 8190767 8190519 9040857 9040857 8190282 3700969 520857 7790937 7790200 8870833 7790969 7790729 7790729 7790969 7790969 9040812 8190580 8190144 2760414 250241 2760167 7790350 7790043 8870228 3700043 520043 6660880 7790424 8870888 911007 910729 910544 910857 5370282 730961 730729 8870754
4750144 250371 250144 2760652 3950144 3950560 3390896 910580 8870580 8870043 5370043 8870043 7790961 7790961 8340414 3470961 8550414 5370460 731023 5370043 5371002 730544 730646 730646 730466 8870580 730969 4040580 2760646 5370481 250200 250772 9040880 7790441 520282 520282 8550580 4040580 520646 3470043 730924 7790371 2760071 2760504 2760894 2760888 250752 250144 7790870 7790870 250687 3390741 250519 7790770 4040200 250969 520870 250969 3700580 910880 910212 2750228 730580 730043 730043 730043 730857 730857 7790969 7790043 4720580 730646 730144 730481 2760043 8870870 8871002 8870043 7790857 3390043 8870580 730228 5371002 8870043 7790200 7790969 9350519 5370519 5370519 5370833 5370519 5370519 5370519 5370519 5370519 2760772 5371002 7790772 7790857 2761002 7790424 7790752 3470952 3930833 3930575 730961 730350 730071 730729 730964 730857 9350741 5370960 730857 3250937 7790770 8870888 3470373 8190687 6660160 6660729 730960 730833 730729 730228 8870743 730071 730646 8870969 8871002 7790729 7790200 7790752 7790518 3700770 3930743 3930924 3230969 3700752 910924 910496 7790424 230948 6900560 3930995 910924 520741 3700872 8710350 3470334 8190205 2760560 730176 730928 6660228 9350519 4991002 4990994 730741 3230371 5370371 730923 5370371 8190729 9350752 4720729 4880973 7980973 1030282 1030632 5370974 9350228 730969 4720969 730984 4720969 4040580 520414 520924 3390770 250071 3390071 4720729 6770984 730481 731023 7790772 730037 7790200 2761002 2760969 7790772 7790741 7790601 250371 3390371 250772 5370481 3390741 250687 250896 250200 250870 5370071 250964 8340987 8870580 3931023 3931023 910043 300422 6770948 730870 5370772 730646 5370772 730913 4720969 7790937 4720043 4720043 7790200 730857 2760969 2761023 2760872 7790969 9350519 2761002 5370519 7790200 2760969 2761002 7790870 2761002 7790870 7791002 7790870 9710888 3470857 3700888 3470872 4040857 4040071 910809 3700752 3930754 3930833 3930754 3930833 3930772 8870833 3930743 520752 3700969 520969 520964
8870043 730948 7790896 2760948 8710801 2760071 2760987 2760930 2760743 2760963 2760924 5231023 2760071 8190071 7090973 3730964 3730991 3730006 8190857 3950888 250964 250580 5370888 250580 4990964 5370930 5370519 2760987 2760963 2760770 2760496 8790920 7790519 8710259 9760920 8601002 730071 4720364 4040200 4990228 730729 730228 5370282 4720364 4720580 4720580 4720964 3470458 8870580 5370833 730481 730646 730043 730580 4720043 730043 730772 4720580 730646 730872 730580 4720580 910580 8870006 8870580 730948 3700580 3700580 3700205 9350880 6660527 2761002 2760833 730212 731023 8870772 730772 730772 730888 730928 8870772 3950960 2760504 3390770 2760414 2760350 910205 4040741 520969 4720205 730741 910071 910580 4720752 730580 730729 730228 4720969 4040200 9040995 8190006 3470580 7790741 3470285 250741 250741 250741 250752 250371 250371 250896 250894 7790894 4720743 7790880 5370801 6660801 6660801 9350652 7790880 5370772 2761023 2760679 250896 8870880 9350772 4990948 730948 5370948 730561 8190580 3391007 250964 3390896 4720580 730880 2760583 2760800 9040796 9040880 4750870 250993 9350228 3230796 3701007 730796 250888 3390888 3390888 5370519 6660857 9350880 5370833 730561 9350796 6770408 730870 730772 730422 8871002 8870969 8870580 730228 730282 2750646 730948 8870969 8870969 3230646 910580 520857 520857 8190913 3950888
8870580 9350880 6660212 3230212 3230580 8190466 3731010 8190857 3730666 8710963 8710963 9710037 910071 910896 9350422 3930796 520857 3930857 520857 520857 520857 3931023 4040071 9040364 8190282 8190645 5370888 5370894 730496 3230466 2760743 2760767 8600466 4720743 7090973 3730496 4631010 4630857 5370743 5980466 2760741 230857 730350 7790741 5230959 4040896 910580 730809 730414 730285 7790870 4720741 7790969 7790741 7090973 7090973 300920 3700441 9710071 9710767 4040770 730888 730857 6660880 9350212 730006 3930527 8870743 4720729 8190466 8190857 8190496 730772 8870772 2760441 730960 730364 730043 730991 2760963 7790496 7790896 230924 2760043 2760338 2760743 2760043 2760888 2760458 7790772 7790770 3700519 3700930 3700200 3700833 3700770 520282 3700200 730404 730496 3250952 8710527 9710422 9040527 8600350 2080924 3950888 7790888 4720964 3390371 3390580 520969 3930743 910924 3930071 3930623 3930880 3930809 520414 3700969 8870580 8870580 730580 2760580 8870580 8870580 730000 730166 5230560 3930212 3930896 3930561 520969 3930212 8190969 8190857 4631010 4630638 8190857 4631010 7090973 3470580 9710964 9710462 9710987 8710991 8710888 2570752 3700964 520743 520071 520964 9710729 8710809 2080560 9710897 7790752 9710466 2081023 2080043 7790896 3950888 7790857 2760043 2760580 2760580 2760948 8710743 3471023 3730580 8190645 2081007 7790894 3700888 3700752 300006 3930880 520942 2760043 2760043 2760043 7790200 2760964 2760580 2760646 3470043 2760767 7790364 7790364 7790364 7790364 3700422 4040896 9040580 3470527 3470422 7790894 7790772 7790961 7790772 7790961 7790961 4720772 9040772 7790772 4720772 3250961 3470961 9710961 3470441 9710920 8710519 2080770 3700519 8710228 9710519 3700960 730741 8870770 9710085 8870952 3700741 3700285 9710888 2760414 9710923 7790770 3250006 520752 520964 7790833 520772 3930772 7790772 3470772 520772 8870350 520741 8870006 9040580 8870580 3471002 8870770 3230496 9710687 3230496 8710228 8710519 8710228 9710519 3700952 9040580 2080519 9040987 3471007 3471007 3470772 9040772 3470987 9710006 9710519 3470772 2080864 3470772 4720371 3470772 2080770 3470772 3470441 7790770 3470772 9040772 9040772 9040772 3470772 9040772 3470772 2080772 3470772 9040772 9710920 3470987 7790888 3470772 7790752 7790770 3470441 3470987 3470987 3470772 2080770 3470772 3470772 3470772 3470987 9710729 3950888 9350752 9350770 5370752 730857 2760888 2760462 2760888
3700350 3700857 9040857 3470739 3470812 911007 730888 2760646 9350743 5370364 2760176 250894 8190458 8190857 8190176 7790857 9350519 3730241 3730241 3730371 2081023 7790371 730924 9350872 5370282 3230282 3230646 4040200 911007 4720729 4720729 5230504 8340414 8550414 2760870 3470285 8550870 3470870 8550414 2760930 730043 730580 730580 8870969 730857 7790729 8870580 4720743 7790857 3700043 8870043 8870743 7790857 8190646 7090973 3390741 7790857 7790371 8550772 7090973 7090973 8350857 5370743 8190770 3470923 3470963 2760071 9710519 3700519 7790969 2760896 6660772 730964 6660857 730623 3700414 730960 5230037 3230924 9350924 9350371 8870772 730772 3951002 2760408 7790896 9040857 3230872 520772 7790350 520772 520205 8190560 4630969 4630160 4630969 4630371 4630371 520894 4990422 730653 730796 730304 7790969 7530422 7790857 730561 7790857 5370560 5370880 3951002 5370930 730857 2750767 730930 730741 3730741 3731002 8190857 5370408 4720857 8711023 8870580 9350772 2760772 2760646 8870829 2760928 7790371 8190857 3390071 3931023 3700969 4720969 910228 9350984 9350984 3700961 4720752 3700304 4720752 8710920 3951002 3230772 730646 730466 730772 8870772 7790371 8870772 250888 3470870 9710920 3470987 250743 8190560 2760646 2760888 2760560 6661002 730772 730888 5370812 8870930 8870833 730496 8870580 3950888 8870743 9040812 8190772 8550772 7790857 7790969 730833 730282 8870969 8870037 8871002 730969 730729 730037 8870969 730772 8870796 8870772 8190504 4630857 4630743 3390888 9040857 7090973 9040857 4630913 3950896 2760770 6660767 2760770 2760809 9710964 2760809 250071 3470285 2760924 9040996 7790888 7790857 8190561 4630857 5371002 4990043 730969 6660833 730896 230984 730772 5370408 8870888 2760652 2760646 8190896 2080285 2080414 250071 3470074 3390071 250071 3470812 8550519 3471023 7790888 8190880 7090857 3730646 4630160 4630160 7090857 8350857 4990994 4990888 730037 9350441 730969 8870580 8870969 8190857 8190857 7090973 8190772 3470782 5370754 8190772 5370364 3730004 3730004 8190991 8710646 7090857 8190754 2760888 5370602 8711002 8900466 9350338 9710752 3930350 5230350 3230006 9350772 9350560 730924 7790560 7090973 4630913 4630004 3950896 7240857 8550857 3930561 3931002 7790833 7790896 7790441 7790896 730516 730894 5371002 730743 7790200 5370994 730071 4720580 730037 7791007 7791007 3391007
9710888 3470462 7790897 8710176 9760752 2760338 8710580 730580 2910466 8190458 7790924 3730596 8710767 3470987 9710920 9710920 6660580 6660996 6660880 730422 6660561 3470462 10110006 5231023 5230466 3230796 5230453 3250741 9710802 6350924 9350743 10140561 10140561 1550037 9710960 10140006 9310560 8710991 8710960 3730928 10140653 9710272 9710371 8710350 230496 9710043 8790920 230304 8710176 7790829 2080888 7790857 8190964 7790888 2080896 7530880 2080896 8600646 4720964 5370364 3950960 4720896 8710516 9710071 8710519 2080987 8710743 3950888 2760071 1551002 9830812 3230856 3230996 230350 730371 6900772 730924 3230772 3230560 9711007 4720205 6990580 8790580 2760371 2760043 6660043 9350864 230857 6660857 230924 6770924 230074 2760743 9710071 2760770 9710043 7790964 2760646 7790752 7790937 3730767 3730466 3730004 3730888 8190285 6760743 5230466 5230466 230006 9711007 8601023 9710923 10110812 8600371 9710073 5981023 8710987 8710856 3700796 5230212 3730996 3730422 3730880 3730527 8190880 3230527 3230575 2750000 5230422 910772 9350037 3730282 3730304 9710575 1551023 5230560 910371 8600924 3930741 3730350 3730422 8190897 5650857 2080894 4720896 9350754 5650880 8710212 9310646 9710071 6900504 300350 3700285 9710889 6900920 8710996 6660870 2760888 2760422 2760888 8600560 2760114 2760894 2760743 2760071 8710043 8190920 8190857 8190857 250964 8190991 3390752 7790964 3471007 4630857 4630200 4630580 250580 250580 3700812 9710880 3700880 3470796 8190504 8190580 8190770 8870888 7790601 3390752 3730182 3731010 3730646 4630580 4630580 8190580 8190857 3470285 2760741 7790894 3470772 7790857 7790741 8190646 7790870 7790857 8190071 9710782 2760959 6760964 3730268 3730560 4630964 4630888 4630580 6760743 8710176 8710422 8600371 9710894 8600519 9710969 8711002 6900767 6900924 3930519 9710739 3731010 3730441 730205 9831023 4020006 4720371 6900422 3230796 8790880 3230527 730560 3930872 3930996 9710772 3700422 9711002 910796 7790937 8870560 8870580 2760913 2760964 2760043 2760770 2760752 2760770 7790752 2760176 3730504 3730043 3730646 3730646 8190857 230948 730580 3230422 2750812 730996 9830006 730283 8870580 3471007 3230000 9040580 3470580 8790580 9710496 5230996 2760561 9760580 8710580 9710891 9040580 9040580 3471023 7790964 9040652 3470531 8870580 730880 7790741 730995 2760880 2760580 2760580 7790741 7790894 7790964 9040580 8340580 4300519 9760964 2760646 7790964 8190770 4630580 4630580 8190176 9710006 4720752 3471007 8190580 5370071 5980646 3700920 2080741 2080200 8600580 8190920 3731002 3730241 3730646 4630580 5370364 250888 3950888 3950888 9710176 9710809 3700872 3700741 4720961 8870580 911007 3230809 4720560 7790888 7530812 9710297 3470422 3230996 3700422 8710880 9710527 3230205 9710996 8191007 3730205 1031007 1760973 4630580 5371007 4631007 5371007 4720363 3700496 3700888 5230809 3700414 5230212 3700071 2080894 6760414 7981010 1760973 8190371 8190897 250969 3700304 9710796 3470212 9710422 9710527
8870930 3950422 4720857 7790857 7790857 7790729 7790729 8870969 7790969 7790969 7790729 8870043 7790729 731023 730729 8870772 5371002 7790364 730037 8870969 7790043 8870043 5371002 4040200 730043 7790043 730969 910043 730969 730646 730006 8870800 7790200 8870969 910646 7790829 8870969 8870969 7790969 7790969 8870969 8870969 8870969 7790969 7791007 730700 8870580 730928 8870580 8870580 8870580 8870870 8870870 8870772 4040200 7790772 7790857 2760560 8870560 8870422 8870772 8870796 8870364 3250580 8870580 8870580 8870580 8870580 8870212 8870772 7790729 2760969 8870924 3250212 7790144 9350741 8870969 8870560 8870580 9350897 5981023 5370408 5370408 230176 7790772 5370408 4630772 3250952 8330496 9311023 8330466 730930 230963 3230930 730857 730857 730071 730880 8190782 2080200 5370408 8870772 8190772 8190772 8190772 4630772 3730004 8190857 250419 8190772 250894 7790857 230743 2760888 2760462 5370743 6660930 9350930 2760930 2760074 6350920 9710565 8710565 2760991 2760888 2760888 7790888 2760646 2760888 7790888 2080894 2760820 8711023 7790857 2760673 2760772 7790964 7790964 5370519 250043 7790888 250888 5981023 2760462 5370754 2760754 230963 7790870 2760071 2760160 2760963 2760071 2760991 2760963 8190754 2760888 2760963 9710074 2760964 2760991 3470870 8710870 7790888 2760743 8870836 2080200 2760646 9040870 8190896 8190646 7790424 7790857 8190812 7790857 250371 7790857 9040857 2760961 5370754 7790857 8190404 8190942 4320519 2760516 2760942 2080519 2761007 9761002 2760729 2760741 2760741 230872 2760864 6660160 730580 730414 8870942 2750741 2751023 3930930 730857 5230959 6660006 730371 730857 730166 6660948 5230891 9350924 5231023 7790371 8190006 4630371 4630371 4630371 3390371 7790857 9710043 2760414 3700923 730857 9350741 6660160 8870870 730404 730687 8870743 730870 6660043 730560 7790888 730700 8870043 3250729 3930496 3700519 9350516 8870930 5370408 3470930 7790857 8340519 7790896 8340772 4630580 250200 9040772 2080519 2760896 9710796 2760801 2760964 2760006 9710796 7790964 2760646 9040796 8600796 2760880 2760743 9710870 9040212 3470870 9040857 9040144 2080870 2760964 3470870 8190144 2760964 4750144 7790880 2080531 8601023 2080772 7790752 7790964 7790888 3470870 9710880 9040144 7790857 9040857 7790894 3470462 2080870 2080870 7790560 7790741 3730741 7090973 3730004 8190857 8190006 8190006 3470857 3470857 2760741 6660212 9350752 3700580 3700580 730857 3250580 730580 3230741 9710580 3250580 8790580 730857 8870580 8190870 3230870 9710580 3700580 730729 7790870 9040870 230350 230350 3470870 7790371 7790964 3470580 2760948 3470580 9710930 8190212 7790888 8870743 9350460 7530043 730888 3700043 8870043 8870043 8870043 3700043 3700519 8870043 7790652 8190857 8190870 7790937 4720888 8870743 3950560 3470857 7790741 9040857 9040857 8190772 9040870 7790752 7790937 7790752 7790741 8550857 4300857 7790144
3390371 3731002 3731002 8190200 8190857 5370404 3470857 9710743 8600796 8190964 8190942 9710857 8190071 2080414 2080200 5371010 9350602 3250857 3730924 1760973 3730004 3730420 3730004 4630638 8190857 8190602 8190995 5230466 8710872 8190580 4630888 8190820 7790857 7790200 7790857 8190687 3950896 4630580 8190857 8190964 8190857 7790857 2760888 3950896 7790888 8550580 9040518 9040518 2570752 9040575 9040518 7790205 9040772 7790894 7530205 3700043 7790770 9040518 7790560 8550043 9040772 8550043 9040518 9040812 9040518 9040739 9040518 9710812 2080560 3700964 3230205 3230519 5650519 730770 230741 2760897 2760462 730894 2760961 230820 5650880 230888 2760772 2760897 8790772 2760964 3230964 3230770 8710923 3230809 730896 8710770 910960 9710176 3470462 8870743 2760888 7790896 2760897 2760896 2760894 230870 2760896 2760889 2080894 2761002 230673 10011023 2760897 3470527 3470833 8870880 9710531 2080894 8600646 7790896 7530812 9710205 8711007 3471002 2081007 2760583 2760960 8710200 2760963 8190880 2760071 8190652 2760652 2760652 8870560 3230920 5230071 3230580 8710519 730767 4720371 3230741 8600466 3470923 3930770 6900496 6900880 3930519 8710304 3930371 9710371 9710371 3930212 8710729 520071 3700969 2760770 910544
4720888 9350212 8790422 8600796 5980414 9710453 2760896 3230952 5230422 2080741 230880 230809 2760738 2760414 2760422 2760894 2080043 2760414 2760770 7790200 2760373 2760752 2760496 4630043 6350770 9040580 730006 5230580 2760580 9710422 8710285 230767 2760178 3470043 7790373 9710496 2080770 8710580 9710580 2760580 2760178 2760752 8710414 3470580 3470580 7790964 9710856 2760948 9710996 3470422 9040580 730527 9040580 9710422 9710880 9040580 730857 3230422 730880 230205 730812 8190996 3470422 7790857 9710888 9710964 9710743 3470872 4630870 4630071 8190580 730338 230496 2760178 230741 230924 3470531 7790741 7790894 2080285 8340414 3390896 3390752 8870043 230809 7790144 2760809 9710752 7790964 8710767 4720896 4990741 9350928 7790937 3390580 3390580 3390580 8870580 3470580 2760000 9710580 9040580 3470580 8340580 7790741 3230646 2760516 5370960 9350519 9350942 9350516 6660646 4990857 6760371 7310350 10110857 10110930 5230580 2750920 230948 6660687 2750422 730580 730114 4020182 6660687 5650857 730561 10110767 5650496 2760928 730371 5650519 9350304 730496 2760580 2760422 9710833 8870580 730796 2760071 9350996 2760888 9350996 9710422 2760743 9350422 2760071 6660880 9350896 730560 8870772 2760969 8711002 9350993 730071 8870888 730894 9350930 8190782 2760928 8870424 8870942 2760969 2760741 2760544 9350741 2760516 8790205 8870580 8870580 2760071 9350743 8190930 9350560 2760930 2760205 7790930 9350430 2760928 8870424 3250519 2760928 8870888 9350796 9350888 8190212 7790857 3250422 8870870 8870743 9350924 9350601 2760743 8870924 2760371 2760560 8870205 8870205 7530422 9350006 9350770 3470580 2760928 730212 2760872 2760741 3250580 2760928 9350371 2760646 730996 730560 2760880 2761002 2760969 2760969 2760928 9350930 730857 9350767 8870796 730870 2760928 8870870 730928 9350767 9350519 9350782 8870424 8870743 9350519 4021023 6660527 9350913 5650880 8190969 7790829 730516 8870942 9350687 3250857 5370404 8870969 8870518 8870888 2760969 8870880 9350144 8190071 9350888 9350752 8870942 2760969 730687 8870942 2760666 730687 2760969 8711023 8711002 2760880 2760516 2760646 9350801 8190560 9350037 7790205 7790857 5370833 5370833 5370833 9350519 8190646 9350519 9350519 9350519 8190519 7790857 9350754 8870930 8870743 2760580 3730993 9350304 9350996 9350422 9350800 9350687 730743 8870870 8870424 9350870 9350961 2080200 7790200 730996 2761007 730371 2760350 7790424 6660646 8870888 730741 8190519 9350560 9350812 2760880 5370519 8870812 730519 2760969 2760928 2760969 2760646 9350560 7790424 9350928 730646 2760646 730519 9350913 730561 9350741 8190519 9350741 9350996 8870930 2760371 8870518 2760544 730964 5370752 6350964 9350422 8190897 9350441 6660453 6660857 1920857 3230598 8330646 9350800 2760969 2760928 8601023 5981023 8870424 8870772 3930598 730964 3930519 8710969 8870888 730071 730857 3230969 8870888 730561 2760888 8870880 7790519 2760928 8870969 8870424 2761002 2760969 8190519 8190770 2760743 8190752 8870424 8870424 8870580 8870888 6660176 2760897 2760896 5981023 8870897 8870422 2760580 2760580 5980930 9350964 8190896 730894 230666
730857 730338 8870580 9350896 8870880 9350422 2760741 8870796 2760304 9040996 730952 8870422 7790350 8190422 8190580 8190424 9710441 9710864 6660872 9710580 9710285 300414 5230560 9710414 2760996 2760741 8870897 9350422 8870772 8870772 730857 5650205 9710864 7790200 8711023 9350741 5370888 230888 730888 2760872 9350888 5370371 6660872 9350872 6900872 9710864 730221 3700519 730212 3930212 9710772 3930519 4020182 8790414 5230833 9710037 2760924 8870833 3700519 9350422 2080580 3700285 9710864 9710422 3250767 8870580 8870580 2760741 8870580 2760580 3470580 8870580 8870580 9040580 7790741 8550519 8550519 8550519 9040857 9040857 8710754 2760741 6660741 730864 2750580 2750212 2750646 730580 730928 3700580 730924 8870770 9040857 9040833 3470833 8710646 9040518 3230006 3230422 5230580 5230580 8870880 5230043 4720741 4720580 7790371 8190741 3730371 10140560 10140422 6660243 6661010 2750575 6660043 6660182 730144 6660738 6660422 230880 8190930 3730212 8190857 8190857 8190160 9040857 8190857 3230920 9350961 3230872 3230864 6350414 3730961 3730004 3730560 8710801 9710801 2760404 2760770 9710801 8710519 8190801 3730743 3730782 1760973 7980973 3730004 5370071 230996 3700422 7530043 7790888 7790729 7790741 5230930 9710772 230924 2080200 2760930 230952 2760114 7790752 9710987 3470772 9710772 8600519 9710144 2760964 2760920 5370743 8190580 3730964 3731002 1760973 3730282 7980857 8190466 8191007 8190504 8191007 3230580 3230212 3230504 3230504 9710085 9710752 3470580 9710466 8711007 3230770 8711007 9310422 3230812 730071 6900560 8710176 3930987 8710729 300006 3930812 9710857 10140653 8190205 8190071 8190350 9040857 9710857 9710458 3700888 730167 230995 230924 5230043 2760006 230006 2760864 2760924 3730371 3730006 3730006 8190857 8190820 8190560 9040857 9710857 8600580 730896 2750870 2750228 730544 6660580 3230282 730741 730516 730928 8870580 730282 3700200 3230228 8870969 8870373 3700969 3700350 9350561 7090857 8190857 9040857 4630857 8190857 8190969 10140993 10141010 3730004 4630638 8191010 8190071 8710466 4720864 4630243 3730004 4630371 2760074 8710466 6350580 5980580 5370752 8710422 8710864 730338 7790371 8600043 7790741 9760924 9710741 8600466 9710741 3730527 3730549 3730580 3730200 3730004 3730004 8190857 3730004 5370043 9710297 5230527 9710930 2080580 9710043 9710802 9760580 8190580 4631010 3730004 3730371 4630043 8550857 3930880 2750961 2750880 3230527 730304 730527 230047 730996 9710422 3250422 3730414 230569 8190687 6900529 2760414 2760770 3730004 3730741 3730200 3730200 1760973 8190857 10141002 300796 3930701 4020800 300880 3930212 3700770 730580 730948 3230371 730948 730948 8870580 7790424 9710441 3730004 8190580 8190580 9710741 5230466 9710414 7791007 3250952 2760580 6660561 3470580 9710422 3730880 8190580 8190857 4630960 9040857 3930996 300422 4020984 3930000 3930739 8600350 3700752 3700006 3730282 3730350 3730004 8190857 8190857 9710043 9710580 3470580 8550580 8550580 7090857 4630857 4630741 4630937 3390580 3931007 730282 730212 8870969 730829 730928 8870228 730144 4720144 520942 3730646 4630857 7090973 8190646 730043 8870580 9710043 8870580 2760114 2760767 730212 3470772 8190770 4630888 4630071 8190857 8190371 9040857 3950960 9710812 3470996 4040601 3930000 3930809 300969 520894 3700969 3700880 520741 3700752
6770646 9350930 9350772 5370841 5370859 7531023 5370841 5370200 4990646 5370841 5370282 8870829 5370841 5370481 250969 5370841 4990282 9350601 9350564 5370266 5370266 7790200 9350441 3951002 7790424 5370994 6770930 5371007 9350228 8870829 7790937 7790937 5370974 250282 6770282 730700 250282 5370841 7790937 6770282 5370282 5370841 251002 7790200 5370404 4990928 9350601 8870564 5370841 5370519 250969 5370859 4040200 7790937 7790859 250200 5370481 4990228 7790937 9350419 9350729 5370404 4630404 7790859 4990928 8190404 5370974 8870969 910729 4040200 5370994 7311002 5370404 5370859
null
10170857 5370292 5370404 5370841 8870969
520829
null
null
250859
5371023 5371023 250200 251007 250200 520961 520961 250200 5370544 5370974 5370544 5370404 5370544 250043 5371023 1030984 1030993 1030993 1030994 1030913 1030993 1030913 1030408 1030913 1030913 1030994 5370974 5371023 1030993 1030043 1031007 250200 1030913 1030993 1030984 250200 5370974 5370974 250580 250580
251002 5370043 250772 1030772 251002 250043 250282
910228
9350481 10170857
5370160 4630913 4630200 1030948 4630200 1760973 1030857 1030984 1031010 1480973 3731023 1760973 1030857 1031007 5371023 1030937 250043 5370841 250200 250200 250200 8190857
null
250200 4630913 4630772 5370974 250772 250200 250772 250200 250859 8190518 8191007 4630200 4630200 1030043 1030913 4630961 250200
4630386 3390961 4720200 4630937 1030430 4630200 4630200 4630200 4630200 5371023 4630200 1030282 3731023 1760973 1030518 1030984 1030282 1030292 1030200 1030969 1030961 4880973 4880973 1030200 1030282 1030200 1030857 7980973 1030292 1030282 1031002 1760973 1030282 1030292 1030408 1030729 4630200 1760973 250200 4630266
null
1030993 7310519 6770984 7790729 520687 8340729 520857
null
250961 251002 250961 1030993 5371023 3390043 5370544 3391007 2570519
1030984 4630386 1030984 1030928 4630200 1031010 4630200 4630200 4630200 1030993 4630200 250961 3390043 8190857 4630282 6770857 6770984 5370519 5370404 5370833 5370404 5370519 8870518 730481 9350961 5370282 5370282 6770857 5370404 5370282 730857 5370200 5370424 7790729 7790729 9760920 9350743 9350888 2760812 7530920 9350516 730363 2370973 7980973 7980973 8190419 8870419 8791023 8790729
7310984 4630200
8870564
null
null
null
2751023 4990857 4990964 4990700 8870888 3950282 5371007 7791007 4720857 5370200 4630282 4630371 8190857 8191007 7310928 7310984 9350564 3730363 3730241 3730981 3730646 3730961 9350652 7310363 7310646 8190729 8191007 8870942 8190857 3730993 8190942 250282 5370161 5370829 5370564 8190404 5370200 7310228 4991023 9350994 4990928 9350200 7310984 8870969 3950282 8870481 4040200 250969 5370519 5370772 251007 251002 4750870 4630518 7980209 4990228 5370481 4630386 4630200 4630930 4630200 4630772 4630404 1030993 5371023 5370544 250969 250424 8190700 250200 250043 5370930
4880973 5370282 7790200 730601 7790601
8340729 5370404 1030580 7310646 7790894 7790829 7790937 4720859 4720363 4630419 8190404 4630200 1030984 251002 5370519 5370408 9350161 8870969 520857 3951002 5370544 251002
5370282 3951002 250961 250969 3951002 4320481
250580 5370974 5370974 250200 251002
8870481 7790961
730880 3951002 7310994 4990857 3950282 521023 5370994 730857 8870424 8870518 5371023 5371023 1030984 1030282 1030408 1031002 1030282 1030408 1030292 1030984 1030408 1031002 1031002 1031002 1030857 1030292 1030043 1031010 1030200 1030282 1030292 1030292 1030408 1030419 1031010 1030984 1031010 1030913 4630200 4630386 4990857 5370282 4720200
null
9350993 4040071
7790424
8870942 8870580
730928
null
null
null
5371023 4630404
3391002 3391002
null
3230752 520942 4630282 5371023 4630200 1030984 1031002 1031002 1030292 1031002 1760973 1030857 1030729 1030292 1030292 1030282 1030282 1030292 1030961 7310037 1030282 1030857 1030292 1030292 4880973 4880973 4880973 1031010 1030292 4630200 4630833 3390043 3390043 250200
null
731023
5371023 5371023 1030984 5371023 1030913 1030994 1030969 5371023 250200 250200 250043 3390043 4630580 4630580 4630580 1760973 8870424
null
3731002 4630282 251002 250200 251002 250772 3390043
null
8190652 8340729
null
null
520961 1030993 251002 250969 5370994
3700960
null
null
5370772 9350984
3700519 3250877 520896 5370481 1030282 5370481 3731002 5370974 1030282
null
null
null
null
5370071 8870880 6770984 5371007 251002 7790200 7790961 251002 250200 1031007 1030043 1031007 1031002 1030282 1030282 7980973 1030518 1030282 1030282 1030961 1030518 1030993
null
3390994 4630870
null
null
520646 5370404 9350481 8190729 7790729 9350729 250200 250961 7790859 10190961 7311002 5370266 7790937
7791002
null
null
4630994 3730984 8190177 5370877 4330765 6350959 3730296 3730601 6350404 3730870 3730772 5370419 6760700 6760928 5370829 7310651 8190857 3730404 6350404 8190419 8190857 8190942 3730229 9760200 6350857 5370877 1030404 8190829 6760601 6760646 3730765 3730877 5370404 6760723 6760741 9350177 7980973 7980114 5370161 8190296 3730564 6760765 3730601 8190519 8190829 6760700 3730687 3730519 3730241 6990481 8190829 250200 6760114 5370419 6350177 6760601 8190829 6760601 3730241 6760693 6350177 4330765 6760974 5370404 7310601 3730200 6760693 8190177 3730700 8190404 3730765 8190877 6760601 4630200 8190519 8190857 3730928 9350601 8190785 6350765 5370877 5370829 6760601 6350646 6760693 7770857 6350114 5370129 10110857 5370404 1030114 7310102 4630829 8190857 8790200 6760700 8190229 4330601 8190700 2760404 8190700 6760891 6350404 1030877 7310533 2760404 3730241 9350942 9350564 8190404 3730765 8190877 6760601 5370404 8190829 6350916 3730928 8190857 8190419 8190877 8190296 3730296 6760266 9350942 9350102 7310601 8190419 4571023 8190404 7310646 8790891 3730700 9350601 5370404 7310601 6760942 3730601 6760942 8790200 6760646 3730993 8190404 8190404 9350601 6760994 7310430 8190409 6350891 8190829 7310519 4330601 8190942 8190229 9350601 8190877 3730765 3730993 6350404 8190177 2760877 8190404 5370829 3730519 5370404 8791023 9350601 8190404 6350177 6760877 3730241 6760772 3730404 5370829 6761023 6350404 1760973 3730241 5370829 7310533 8190404 6350916 7310533 8190700 5370266 6350601 3250937 5370877 5370877 10110857 6350114 9350601 8190409 1030114 9350177 250424 3250857 9350601 6350916 5370404 6350700 7310754 6760877 7980177 7310564 6350129 9350601 1760973 5370266 5370687 9350829 8190483 3730404 3730430 5370877 6760229 7980177 5370877 8190404 5370877 3250937 3730601 3730404 8190519 7310601 6990200 9350601 7310227 4880973 1030404 4330765 6760226 4330765 6760601 8190519 4330601 5370404 7310564 3730765 6760564 6350916 8190877 8190700 6760177 6760207 4330404 9350812 6760877 3730404 9350601 8190857 6350404 250419 7310646 8190177 6350891 8190829 6760266 1030404 8190829 6760296 8190404 8190829 3250857 8190829 5370404 3730993 5370571 6760877 3730646 5370419 7310533 5370404 8190177 3730877 4330857 6760994 5370829 6760601 8190519 9350601 8190404 6350601 5370564 8190772 5370404 6770601 8190564 3730229 9350601 8190942 6990200 5370419 9350177 6350765 6351023 6760942 9350601 6760942 6350891 8190177 3730700 3730241 9350564 8190700 8190229 6760877 5370419 7530177 8190857 8190564 6770404 5370419 8190404 7310214 3730877 3730519 9350177 8190404 5370829 3730700 3730228 8190404 8790200 6760693 8190877 6350765 3730404 9350859 6760601 8190857 6350765 8190942 1030266 1030114 3730241 1030200 5370404 6350891 9350601 8190857 6760723 3250857 3730993 4330857 6760564 3730241 6760601 9671023 9350601 8190741 7980601 8190519 3730765 8190519 6760700 6350404 8190829 5370404 6760930 5370404 3730716 6760700 8190857 9350419 9350296 5370404 6350942 8190829 6350419 3730266 8190829 5370404 1030404 8190857 3730601 3730371 6760693 3731002 6350765 8190296 8190229 6760601 8190404 9350601 6760266 3730981 8190942 7310564 6760693 8190296 3730829 8190829 6760564 6760765 6760942 8190829 5370896 8190857 3730241 8190700 5370877 6350765 9350601 3730700 3730404 3730993 6350700 3730404 8190877 6760481 3730993 8190296 8190877 3730519 7310601 6760422 9070646 8190177 9350296 8190700 6350765 6760693 3730993 6760601 8190700 9790646 9350564 6350419 8190404 9350891 3730241 8190700 6350891 5370519 6760226 3730137 3731002 5370266 6760891 6350601 6760646 1030419 6760646 3730114 8190419 9350564 8190229 6760942 8190404 3730601 8190877 8190404 6350601 3730700 8190404 8190829
1030829 3730994 9350296 6760765 4720741 3730994 4630200 8190877 6040857 7240961 7310177 10140973 9350371 7310430 3730601 6760973 7530857 9040857 8190700 3730700 4630200 3730200 9040857 6761002 6990419 730952 3250987 8870743 8870942 8190829 7310646 7310693 8190404 5370687 3731002 5370404 7310829 7310743 1030638 7310928 9350729 8190700 9350516 8330006 3730601 3730993 8190404 3730571 3730980 3731002 7310669 5370859 10110857 380004 7310363 6760974 9350859 8190700 8190200 5370200 8870564 8190942 8190877 9350961 3730228 9350483 9350601 8190942 8870829 1030857 3730299 8190424 7310292 7980973 9350200 8190700 8190969 8190419 8190829 6770857 7310043 6770282 4990930 6760765 9350928 7310942 9350228 8870942 9350942 8190483 3250857 9350937 6761007 5110872 4610652 7310292 4990652 7310430 4990363 9350961 6760071 9350741 7310200 7310700 7310646 10111023 3250857 3930857 10011023 9350896 3730241 7980973 7310596 8190896 8190964
3730177 7310296 3730200 7980973 1030638 6760973 6760891 6761007 8190741 5370877 4330404 380638 1450973 4880973 4880973 7980114 3730981 6760646 4630877 6760961 9350601 6760601 1030292 7980973 4880973 4880857 4880973 2370973 3730519 6760236 6760961 8190857 5370877 5371007 7770601 5371007 8190829 6760872 5370404 1450973 7310466 3730200 4880973 7980973 6761007 5370571 6760601 5370877 8790891 8190404 8790891 7980114 7940973 4880973 7940973 7940973 4880973 2370973 7310601 7980973 9070646 8190942 6760700 8190296 4880973 7940973 4880973 7940973 7940973 3730898 7310857 3730229 7980601 8190404 6350829 8190200 8191007 6760646 6760601 9350601 8190564 7940973 4880973 7980973 6760973 3730601 5370829 8190877 5370404 6350765 6760601 5370829 6760564 3730765 4880973 4880973 7940973 7310161 1030638 4880973 6760601 6351023 3730601 3250857 9350564 6350765 8190700 9350687 9350601 6760177 6760693 4880973 4880973 380638 7980973 7310601 6350646 8190857 9350687 3250129 3731007 1760973 7940973 7980973 7310857 4880973 3730772 3730228 7771023 3731002 8190404 6350765 5370404 5370752 5370404 3730942 4880857 2370973 7310857 4880973 7940973 7310638 6761002 9350601 7310646 6760700 6760363 3730716 6760829 7940973 7940973 4880973 7980973 6351007 5370829 6351002 9350601 3730716 5370877 7940973 7310772 7940973 7980973 7310564 3730241 9350601 9350888 6760601 5370404 5370404 6350601 6760891 9350601 2370973 2370973 4880973 7310236 3730200 7310765 5370404 6350891 8190829 3250857 8190404 8790974 8190942 8190652 3730580 6760646 4880857 7940973 3730200 3730829 1760973 3730829 8190700 5370877 5370404 6350891 9350601 9350601 8190404 6760564 380638 4880973 2370973 7980601 3730981 7980973 8791023 6350601 8190700 6350959 6760646 6990200 9350601 8190872 6350404 1030772 7940973 7940973 4610973 7980857 3730404 7980973 6760693 3730765 6350891 8190877 8190829 6760564 8190877 9350601 7310129 7940973 1030638 4880973 3730200 7980973 3730114 3731002 8190404 6350765 6760646 6760601 6760693 4571023 5370404 3730974 7310802 7940973 4880973 7310765 5370741 6760601 6350924 5370859 6350601 3730765 9350601 8190229 5370687 7310601 1030266 4880973 7310200 3731007 7310043 7310043 7980973 8190404 6350652 8190829 6760841 6760700 8190942 7980973 4880973 7310891 2370973 8190200 8190419 9350601 8190961 8190177 9350564 5370419 8190942 3730687 8190829 5370404 5370829 8190700 6761007 8190961 9350601 5370371 8190580 6760693 5370829 6761007 6761007 9350430 9350859 6760601 3731002 9350601 8190700 3730564 8190942 6350114 3730004 8190961 6350404 6760236 3730981 8190877 6760481 8190200 3730841 6760177 6760973 5370571 6350857 6760646 6351007 6761007 3730993 3730404 6760601 6350891 6760974 3730993 5370752 9350601 6760857 6350829 10010857 6350888 9350516 6760770 3730241 9350964 3730137 9350601 8190177 6761007 8791023 1030700 8191023 4330601 3730981 6760646 3730601 6761002 6760177 9350942 6761023 3730404 4630894 6760601 3730981 5370571 4330404 5370829 6350404 3731002 6760765 2760942 9350516 6350114 6760481 7770601 9350601 6351023 6350857 4330404 7980973 8191007 6350646 3730241 6760765 6760765 4990942 3730829 6350700 3730404 6350857 6760229 6350857 6760835 3730942 3730961 5370829
6040857 3730229 6350114 9350564 8190404 8190961 3730829 5370571 8190404 8190835 9350177 7310564 5370877 5370877 6760693 3730765 8190942 5370829 5370371 5370419 8190877 8190877 6760601 8190424 6760601 6760942 5370404 3730580 8190700 6350765 5370877 6350916 8190296 5370266 5370877 8190891 3730993 8190229 8190419 9350601 6760266 6760969 8190201 9350601 3730137 8190404 8190857 3730137 5370404 6350601 8190700 9350601 6760516 9350177 8190404 6760564 5370564 6350404 5370404 6350916 6760177 3730404 6350177 6760564 6350177 6760994 8190229 8190877 6350765 5370404 5370877 9350564 9350601 8190404 8190857 5370266 8190177 9350891 8190829 8190700 9350601 6760646 8190404 3730601 8190404 6350177 8190700 250424 6350114 9350161 5370404 8190829 6760942 8190564 6760693 8190829 8190857 6760942 5370829 8190877 5370404 3731002 8190519 5370404 9350601 3730404 9350864 3730700 8190829 9350601 8190857 5370829 6760693 5370877 6760841 6350765 5370877 9350601 5370404 9350687 5370404 3730765 8190404 6350765 6350959 6760564 9350564 8190481 6350765 6760601 4630404 9350894 6760601 8190404 9350601 3730241 8191007 6350765 9350601 8190404 5370829 8190942 8190857 6350765 9350601 8190404 5370404 6760601 3730981 5370404 8190296 5831023 9350942 10111023 5370564 6760942 8191023 6350404 8190829 6760560 3730700 6760177 8190700 9351023 5370877 6760765 9350942 8190229 8190177 9350937 8190229 6350646 8190857 6760601 5370404 8190857 6350404 5370266 6760700 3730993 8190829 6760916 5370829 6350646 8190877 5370829 5370404 3250857 5370404 6761023 6350114 5370877 8790200 8190877 3731002 3730981 6760601 5370571 3730404 5370829 8190419 6350404 5370404 6350765 8190700 6760646 6760723 8190404 9350601 9350601 8190942 6760973 5370841 6760942 3730693 3730981 9070646 5370841 9350891 6760973 6350114 8190877 3730580 9350296 8190404 5370161 6760942 8190404 6760765 4571023 5370841 8190930 3730716 9350829 4630833 9350601 6760414 8190942 5370419 6760857 8190772 6350601 8190877 8190857 3730580 6350404 8190700 8190200 9350601 5370877 8190404 6350765 8190700 8190404 8190829 6760601 8190857 8190857 9350802 3250857 5370877 5370404 8190404 6350891 8190857 6350959 5370404 8190829 8190700 3730404 8190877 5370877 5370404 8190829 6760601 6760942 5370829 6760266 6760601 8190404 5370371 8190404 8190481 8190404 6350646 5370877 3730404 6760296 3730981 9350296 8190700 6760601 10110857 6350961 8720857 3230923 6350765 6350646 5370960 8190752 9350888 3730137 5370404 9350601 6760228 6760114 5370743 6760877 6760419 3730829 6761007 5370419 9350601 9350601 8190371 5370404 6350601 8190700 8190404 5370829 5370877 9350601 9350974 8190404 8190829 5370404 5370404 8190829 6760700 5370404 6760601 9350937 3250857 8190829 9350942 8190404 3730177 8190857 9350177 8190646 8190942 8190596 6350765 5370404 8190959 4630282 9350601 5370404 5370404 5370877 6350765 6760601 8190404 3730829 6350928 3730601 6760928 3731002 6350959 9350419 8190404 8190580 3730942 4630942 6350765 6760646 5370404 9350296 5370404 9350601 8190404 3730981 8190877 5370877 3250857 5370404 3730114 8190404 4330765 5370877 5370404 6760693 8190857 9350571 6760601 8190942 9350601 5370266 8190923
3730981 1030292 3730236 3730564 8790200 9350601 4880973 4330857 9350601 8190700 8190564 8190829 8191023 9350601 8190700 8190419 6760646 9350942 5370161 8190741 8190580 3731002 6350601 8190877 8190404 9350942 6760564 6350687 6350942 6350765 6350564 6760071 9350782 9350964 9350894 6760504 5370404 6760601 8190942 8190645 8190296 4630404 6760601 5370419 3730765 8190200 6760928 8190200 8190942 9351023 8190564 10110857 8190877 5370888 6760601 8190942 7530857 6350564 9350687 6350114 6760896 6350700 7770857 8190419 6760942 7770857 6760859 2760700 6350928 6350404 6350564 7311002 7310765 7310200 7310877 7310765 9350571 7310646 7310960 7310205 6760765 9350687 5370571 6760700 7640857 8720857 5110004 4610973 7310419 7310004 7980973 4990857 5370877 6351002 9350161 9671023 3730601 9350483 7310580 7310891 3730229 10110857 9070765 7530857 6760700 9670857 8190877 7530177 6350114 3730580 9350571 6760857 9350687 9350601 8190700 9350560 6350765 6350646 9350601 6760436 8190896 9350942 6350646 6760564 6350765 9350601 5370266 6760601 8190229 3250129 5370404 9350770 5370419 6760646 10110857 4570857 3730373 6350765 5370371 6760601 9350942 8190857 8190829 8190829 5370419 8190829 9350564 9350601 6350752 6760693 6350959 6350877 6760071 3730993 7770857 6760857 5370071 6350404 6760646 6760916 6350601 6350564 6351021 6760835 6351021 5370877 8190829 6350601 8190177 9350937 5370404 3250857 9350942 8190404 6350646 6760601 6350404 6350942 3730993 8060973 5110430 4990857 4990114 9350419 6350765 10221023 5370266 6761002 5370841 9070646 4990646 3731002 6760266 7311002 8190772 6350765 6760601 3731002 7310959 7310430 7310404 7310601 7770857 10110857 6760942 6350114 9350601 9350809 8710964 9350894 6350888 6350857 6760266 6350891 9350601 7310646 9350829 8190404 6760560 6760601 6760601 8190942 6350646 6760601 3250877 3730363 3250877 8190404 9350177 9350564 6760942 8190404 9350601 6760177 6760765 6760877 6760504 6350928 6760829 6760723 6760296 9350859 8190700 9350601 6760363 6350601 9350177 6760601 8190896 6350404 10111023 6350404 9350752 6350920 8190913 8190829 5370404 6350916 5370877 6760601 8190857 8190700 6350177 8191002 6350829 6760700 8190404 6350765 6760646 3250857 4630229 6760601 6760859 6760646 6760765 6350114 4990857 2750422 7310350 9350519 7310877 5110129 7310765 9350801 6760752 5370371 6760942 6760928 9350687 6350646 6760564 8190404 8190829 5370877 3730993 5371023 8790891 5370404 8190877 8190404 8190404 8190829 5370404 5370877 8190404 8791023 8190877 9350896 3730441 6350928 5370770 10110857 6760969 6760266 6760700 7310404 7310700 7310765 9350942 6760973 10110857 9350601 9350601 5370404 9350601 4990700 8190829 6350404 9350601 6350891 6760700 6761002 7310877 6760419 9350687 9350560 6350959 6760859 6760601 6760765 9350601 3730993 8190700 2760829 8190877 3730981 8190071 6760888 3730993 7530200
4300857 8190829 7530857 4320481 6990200 8190177 7530857 8190829 6990481 8190891 9350601 7530857 3950960 8190419 8190404 8190404 8190404 8190419 8190829 6990481 8190877 8190404 8190700 8790974 8790177 6760700 9350859 8190829 3250857 8190687 8190877 8190877 8190404 8190913 9760481 2760404 8190404 3250363 9760481 9350942 8791023 8870942 8190404 9350601 8190880 6990481 6760877 6760993 5370404 8190481 8190700 8791023 8190700 8190404 6990200 8790161 9350601 6990481 250419 8190404 8190687 8790974 3250129 9350564 8190809 250942 9350601 5370404 5370404 7310646 9350177 9350564 3730386 7310564 7310857 1030638 4880973 4880973 4880973 4880973 4880973 381010 4880973 380004 4880973 1030200 7310161 7310161 1030292 7310519 7310937 1030835 6760859 8790177 2760765 1030993 7310266 3730299 4880973 7310200 4880973 4880973 4880973 4880973 4880973 7310102 4880973 7310129 4880973 7310200 4880973 7310161 5370200 9350177 5370404 9350601 8190419 6350601 6760266 3731002 5370404 5370743 8190942 8190913 8190371 6990481 9350601 3730241 1030404 4880973 1030930 4880973 7310802 7310200 1030857 4880973 2370973 1030200 6770857 7310102 2370973 1030200 4880973 7310829 4880973 7310129 8190404 7531023 2760877 3730241 1030638 3730241 8190404 8190877 6760200 6760765 3730004 7310765 6350646 3730981 7530200 3730241 1030266 6990481 8790974 8791023 8190700 8190404 6760877 8190404 4990994 6990481 8190483 8791023 9350601 8190404 8190646 8190829 6760564 8791023 6350114 7980973 7310129 1030638 7310802 4880973 4880973 2370973 7310492 1030961 4880973 7310229 7310601 1030292 7310229 4880973 7310161 7310129 7980973 7310564 3730646 5370404 3250129 8870942 8190741 7531023 9671023 4911023 4320481 8790974 6040296 8190942 6990481 8190700 8190877 8790891 3950960 8190700 8190404 5370404 8190857 9350601 8190877 8190481 5370829 3730137 4630200 3730229 1030877 7310129 4330601 2760404 8870829 7531023 8190404 3730937 3730229 7980601 3730785 3730519 1030601 6760481 9350601 7980973 1030829 9760200 8190177 6761007 8190404 9350177 5370877 5370571 4330601 9350942 2760942 7531023 6770857 1030043 1030829 1030877 5370404 5370829 8190877 6990481 7531023 8190404 8790974 3250129 9350601 6990481
6990481 8190564 8190564 8791023 4910857 6040857 6990857 5370877 6990857 8190564 6990481 8190877 8190404 7530177 6990481 8190564 3250891 9760200 8190829 8190404 8791023 8190404 8190877 8190877 4910857 8190404 8790891 3250857 7530857 3250857 7530857 3730004 3730993 8190829 4911023 8190404 4320857 8190177 6990200 8190419 8190700 6990857 8190564 8190404 6990481 8190877 8190419 9350564 8190877 6990481 6990200 8190700 6990200 8791023 8190877 8190404 8190404 3250937 8790891 8190913 6990200 4911023 6990200 3250877 6990857 8190404 8190404 8190564 6990481 8190829 8190942 8190404 8190829 4630877 6990200 4910857 8190700 6990200 8190404 8190877 8190404 8190877 6990200 8791023 6990200 8190404 7530857 8190404 6990481 4911023 8190564 3250857 8190942 6990481 3250937 3950960 8190564 4320481 8190404 8190404 3250857 8190564 7530857 4910857 6990200 9760481 6990200 9350601 8190829 6990481 8791023 3250857 6990857 8190404 8190404 6040857 6760880 7530483 7530857 6990481 6990200 8190877 8190877 4910857 8790974 7530177 3250371 9350601 8190913 6990419 8190404 4911023 8190700 7310177 9350601 6990481 8190942 6990961 8190404 8190404 8190404 6990481 8190942 8190829 8190700 8190877 7530226 8190942 8190829 8190877 6760601 8190404 6990481 7530226 8190404 4910857 8790974 4320857 7530857 8190700 4910857 4910857 8190687 8190700 6990419 8190942 8190404 8190404 4911023 8190564 8190700 6990481 4911023 8190741 6990729 8190877 3250129 8190404 6990481 7530857 6990857 8190877 6990200 6990200 6990481 9671023 1030993 6760564 8790891 8190404 6990200 4911023 4910857 3250857 6990481 4910857 3250857 4320857 3250741 6990481 8190404 6760993 8190404 8190877 8190942 6990481 8190404 6990200 8190404 4910857 8190942 6990200 8190877 7530857 4911023 3250857 6990857 6990857 8190877 9760481 8190877 8190404 8190404 8190829 8790891 8190877 9760481 8190829 8190891 7530857 8190404 6350601 6990200 8190942 6990481 8190404 8790177 8190700 3250891 8190877 10110646 8190877 6760857 4880973 7310296 7310129 5370201 1030282 8190481 4330765 5370404 8790177 8190404 8190877 8190404 4911023 9350601 7310741 5650857 6990200 9710877 10110741 7530859 9710857 3250857 6760646 8190404 6990200 3730877
6350371 10110646 7310994 7310266 3730241 9350364 10220857 10110857 6350857 9670857 8190857 5370841 8790200 3730404 8190877 3730993 8190942 9350601 8190564 8190177 8190483 6990857 3730241 6760942 8190404 8190829 7310533 3730993 6990200 8190564 3250857 8790419 8190942 3730404 8190829 1361023 3730829 7310161 4330404 6770601 4330857 3730404 8190877 6760601 8190404 8190942 6760693 4630765 8190877 1030877 8190877 7310772 3730877 5370404 6760765 9350601 2370601 8190404 8790974 9350564 8790129 4570857 7531023 8190404 6760924 3730404 3730700 6760723 8190177 6760942 10110646 8190877 8190829 8190785 8190564 250371 6760765 9350601 9040857 5831023 8190700 6770601 8190829 8190564 6350891 8190700 6990857 8190404 6760765 8190687 8190564 3730229 8190564 6760916 2760829 9671023 6760481 8190404 7310931 4330857 3730601 8190877 8190404 6350404 8190829 9790646 3250877 9671023 8190177 6990200 8790200 8190877 8190404 7310765 6760601 8190404 4911023 6990200 8190404 8190404 6760646 8190404 6760646 8190404 4911023 8190857 3730404 8190700 3730942 8190829 4320481 4911023 8190700 6990481 3730993 8190404 8190419 8190857 3730404 8190645 8190404 3250857 6990481 7530857 6990200 6990200 6350765 6760296 8791023 4911023 6990481 8190296 8190942 8190877 8190404 1030404 9350601 6770857 2760114 4911023 3250857 7980973 4911023 8190877 8190942 6990419 8190564 8190404 3250363 8190404 8190700 6990729 8190700 4911023 9760857 8190942 8190700 8190700 3731002 8190829 8190177 8190942 2760404 3250891 8791023 4911023 6990857 8190829 8190829 6990481 8791023 4910857 8190285 4910857 6760266 6770857 8790891 8190942 3730993 8190942 3250937 9350601 8190700 7530564 9760200 6760829 8190700 8190404 4911023 8190700 8190404 6990481 1030829 6990200 9671023 8190177 3250857 6990481 9350942 6990857 9350564 3250857 8190564 1030829 5370404 8790974 8190877 6990857 8190877 8190404 3730765 1030877 7310601 6350601 7770601 8790891 3250857 7310601 6761002 9350601 8190404 4320857 4320857 8190404 4911023 8190564 6990857 8190404 8190404 8190419 6760700 8190877 8790129 9760200 6990481 8190829 7530857 8190404 6760207 250419 4911023 6990481 8190877 3250857 3250129 6990481 6760226 8190404 8190877 6990200 4911023 6990200 8190913 4911023 3730765 3730981 8190894 8190404 3250363 7530564 8190404 6040857 8790891 9760200 8791023 8190404 8190877 3250877 6990200 8190404 8791023 6990200 8190700 8190700 8190404 6760601 6990481 8190877 8190404 8190404 8190404 8190700 6990200 6760993 4320857 7530857 8191007 8190877 10110961 4990928 8190071 3250857 2750857 6350857 730857 6990857 8190700 8190404
3250129 7530226 4911023 3250937 3250741 8790809 6990857 9760200 9760857 8190404 8190404 4911023 6990200 3250877 3250877 7530226 6990481 8790430 6990481 8190404 8190404 8190877 8190564 7530564 9760481 7530226 6991002 7530226 6990481 6990481 6990729 8190942 8190404 8190877 3250350 8790891 4911023 8190404 3250937 6990200 6990200 8190564 4911023 8190877 6990200 6040296 9671023 6040296 8190700 6990481 7530226 8790729 6990481 7530564 4911023 4320857 6990200 9760200 9040229 6990200 8190942 7530564 6990200 6990481 8791023 6990481 8790161 6990200 3250880 4911023 7530841 6990200 4571023 3730373 3730877 8790880 6990200 8790891 6990481 6990857 6040857 9760200 6990481 6990857 8790177 8190700 6990481 8190894 3250877 6990200 6990200 8190829 6990481 8790430 8190404 3250857 8190700 3730137 9760481 8190687 8790419 3250857 8790129 8190829 6990481 8190700 4911002 7530564 6990857 6040296 9671023 8190177 8190877 3250891 7790877 6990200 3250857 6990481 3250857 6990481 6990200 8790974 8190877 8790129 7530226 7530857 8790430 5370564 9350601 6990419 8190700 7530483 7530564 3250937 4911023 6990481 9350483 6990481 8790161 8190404 3250877 1361023 9350483 6990200 8190404 8190741
6990481 8790430 8870829 6990200 8870564 6990961 6990481 6990481 6990200 7530226 6990481 7530226 4911023 4320857 7530564 3250937 6990200 6990200 7530564 7530564 4911023 6990200 7530564 8790891 7530226 7530483 8791023 4911023 6990200 6990481 8790430 7530226 8790430 8870942 8190404 6990481 8790430 8790729 6990481 7530226 6990481 6990481 7940973 4880973 7310177 5370200 5370404 6760601 5370404 6350114 4320481 6990200 6350829 3250363 10220942 6990200 520942 7530560 6990200 8791023 6990200 6991002 3250891 6990200 3730601 7310700 8190857 8190857 4610973 10140930 6660857 6760942 3250937 3250937 7530483 3250205 7530564 7530483 7530857 6990481 6990228 9710571 8790419 3250857 6990200 9760200 4330601 9350564 3250877 6990419 8190877 3730404 7310430 1030282 8190404 9350601 5370877 3250891 8790419 9760200 6990200 8190404 6350177 2760564 9350177 6991002 9760200 8790835 6990200 3250363 4911023 3700877 8190829 8190877 6990200 8190942 6990200 8190700 6990481 3250877 6991002 6990729 6990200 3250877 9350601 7530483 7310129 8790652 6990481 4911023 3250937 9350601 8790891 7530564 7530564 6990200 3730981 3250877 8870564 8870829 4911023 6040857
4630994 7310415 3730177 7310430 4880973 7310841 3730980 7310802 4880973 7310841 3730519 3731002 1030292 7310765 7980973 3730785 6350916 5370200 6760102 1030404 3731002 3730241 3731023 5370877 6760296 5370829 6760564 6350891 6761007 3250961 5370161 9350937 5370829 8191007 6350829 8190519 6350891 5370161 8190835 6760177 3730241 6760973 5370404 8190891 8190857 1760973 6350891 3730266 7310669 5370200 3730419 5370419 3730229 7310646 7310646 7310669 3731002 5370404 5370571 6760842 8190404 3730519 6770857 5370200 6760700 8190857 6760419 250200 6760700 8190419 3730601 3731002 5370877 7310177 5370835 3730430 6760601 3730980 3730942 6350700 8190891 3730241 8190942 6760765 3730564 3730646 8190891 9350177 8190857 8190700 9760200 8190404 3730430 3730829 9350937 8190942 6350646 6350564 3730601 3730241 3731002 6760564 4990857 7310492 7310969 5370841 5370404 3730601 8190877 3730241 8190404 4910857 8190687 8190700 7310363 6350601 3730571 3730363 7310841 3731002 3730299 6761023 6760973 3730765 5370564 3730404 6351023 1760973 7310646 3730285 8190857 8190296 8190857 3731007 8190857 6350891 3730765 6760872 8190857 3730765 9350601 6350404 4630960 7311002 7310404 1760973 7310634 7310436 6350601 3730071 9350770 6351023 3730700 3731002 8190877 6760942 3730404 3730137 8190829 8190785 3730363 7310841 7310669 7980973 5370071 7980973 9350829 3731002 3730580 3731007 3730765 1030913 1030404 6760857 7310916 8190829 1030404 1030004 6350601 3730519 3730241 6350928 8190519 3730981 3731002 6760601 3730564 1030835 3730386 3730859 6350937 6760857 3730859 6760723 6350404 6760646 6350700 6760765 8190857 8190857 8190829 3730241 6350829 7980973 6350857 7771023 6350129 5370419 6760942 6760765 7310646 6350891 1030877 7980177 3730241 4990857 7311002 4990765 4990857 9350961 9350829 4990857 10220857 8190942 6760942 7310651 8190404 1030877 3730363 6351023 4990969 4990857 4990857 7310404 7980114 3730419 3730981 3731002 6350129 8190857 6760601 3730974 3730519 6351023 6760859 3731002 3730959 5370571 8190700 3730519 8190857 3730229 5370829 8191023 3730404 8190877 1030994 4880973 7980973 3730363 3730765 3730137 6760481 8190404 6350891 8190857 8190857 8190857 9350571 1030993 8190942 2760200 8190519 1030282 1030993 3730114 3730519 8190687 3730430 8190785 3730765 8190404 3730765 6760601 3730942 1030928 8190519 3730646 8190404 8190829 8190419 8190200 3730700 3730974 3730299 3730571 2760404 3730386 9350601 6350601 6760646 3730716 8190404 8190404 8190942 6760765 4910857 8190519 3730829 1030993 1030841 2370973 3731023 3730200 3730177 4630114 1030993 3730114 9350942 3730841 250200 3730993 9350601 4630266 3730646 3730241 1030937 6760942 4630200 6760601 8190857 3730404 6760669 1760973 3730937 6760177 4630937 3730241 6760841 8190177 8190857 6760646 4630404 7310894 7310207 7310601 7980601 9350601 3730266 8190177 4630266 6761023 3730841 8190419 6350564 5370404 9350601 8190404 8190419 8790974 8190942 8190857 6350114 8190419 6990481 9671023 8190877 6760916 6350601 8190877 8190687 3730564 5370404 3730765 3730114 4630200 3730404 8190857 8190857 6760841 3730646 6760880 3730700 6760973 3730700 7310891 6760857 3730229 3730961 3730646 3730229 8190857 6760646 8190857 6761023 8190296 8190877 8190857 6350404 8190700 6760646 8190700 6760646 6990857 8190687 8190857 6760646 3730646 3731002 3730646 3730241 4630877 3730137 3730419 3730404 3730974 3730404 8190419 8190857 8190652 8190857 4630114 3730516 5370841 8190857 8190687 3730928 6760700 3730137 8190404 8190857 8190857 6760857 3731002 3730241 5370404 6760601 5370404 5370419 3730519 8190942 8190857 3730765 6760646 8190877 4630404 4630516 8190829 4630419 8190942 8190652 6760765 7530857 8190857 8190419 3730693 3730859 6350937 3730363 6351023 3730993 3730765 3730430 5370571 8190829 3730841 8190877 8190857 8190404 6990200 6760601 8190404 8190646 7310994 1920857 3730386 7310700 6350857 3730961 3730700 3731007 1030363 3730700 7770765 8190700 6350601 6760564 8190942 6350646
3730994 7310891 4880973 1030877 7310129 7310296 1030404 7310601 2370973 7310177 1030857 1030857 7310207 2370973 7310161 7980973 7310177 1030948 7310700 2370973 1030877 7310765 2370973 1030404 7310601 4880973 2370973 2370601 7310564 3730229 7310601 1030404 7310857 7310177 2370973 1030419 3730386 7980857 1030700 7310601 1030638 1030200 7310564 7310492 7310891 1030829 1030877 2370973 1030829 7310161 1030282 7310857 7310404 3730200 7310129 1030580 7310646 1030829 6760207 7310129 3730296 7310129 2370973 1030580 1030829 7310564 1030835 1030829 7310161 1030835 7310601 7310404 1030292 7310870 1030829 7310994 7310533 7310601 1030700 7310765 7310177 2370973 1030282 1030829 3730785 7310765 7310601 7310564 1030114 7310669 7310564 1030928 7310177 1030371 7310601 7310564 7310601 3730200 7310404 7310492 1030282 7310404 2370601 1030857 7310646 1030571 2370973 7310693 1030829 3730200 7310601 7310564 1030419 2370973 7310177 7310700 1030765 7310601 7310102 7310765 7310564 1030829 1030969 7310891 1030877 7310891 7310161 1030266 7310161 3730241 1030877 7310404 1030765 7310161 1030404 1030765 7310161 3730981 7310891 2370973 1030266 7310177 7310161 1030266 7310765 4880973 1030266 1030282 7310601 7980973 1030765 7310928 7310877 7310419 7310646 7310601 7310700 2370973 1030857 1030829 7310700 1030200 1030829 3730200 7310601 7310870 2370973 7310601 2370973 7310891 3730942 1030829 7310102 1030829 3730296 1030829 7310200 3730814 7310177 2370973 7310646 1030829 1030292 2370973 7310646 7310646 7980973 7310129 6350177 7310564 7980404 7310765 1030877 1030404 7310765 3730296 7310404 7980973 7310601 3730177 7310533 7310564 1030969 7310601 6761023 3730200 3730974 7310404 3730829 3730200 6760930 1030765 7310601 7310646 7980973 7310404 7310961 8720857 7310404 7310669 7310693 7310669 7980700 7980404 6770857 7980857 6760102 1030829 7980700 1030404 7310669 7310404 7980177 6770857 7980973 3730177 7310404 7980973 6760296 7980404 7310177 3730981 7310177 7310404 7310177 6760296 7310404 7980177 7310601 7310519 7310646 7310404 4330765 7310004 7310227 7980973 7310601 1030404 7310601 1030282 7310765 1030877 7310404 7310646 6761023 7310601 7310404 7310601 7310564 7310891 7310601 7310700 7310700 1030282 7310669 7310129 7310646 7310969 1030877 7310765 1030419 7310564 7310765 7980973 7310564 7310651 7310669 7310564 7310404 7310601 6770857 7310404 7980177 7310564 7310492 7310669 7310404 7310646 7310564 9400973 7310601 7310693 7310405 7310765 7310564 7980973 7310177 7310404 7310177 7310404 1030829 7310601 7310564 4330765 7310601 7310404 7980973 7310877 8720857 7310870 7310870 7310870 7310580 9070857 7310870 7310870 7310601 7310700 7310601 7310765 7310601 7310564 7310404 7310430 7310564 7310646 7310177 7310037 3730200 7310669 1030580 7310891 3730829 7310564 1030993 2370973 7310564 7980114 7310601 7310564 1030114 7310765 7310564 5370266 7310601 3730296 1030282 7980177 7310942 1030829 7310564 7310646 7310177 6760481 7310646 7310765 7310700 1030404 7310177 7980601 7310765 7310601 7310765 4880973 7310102 4880973 7310891 1031007 4880973 7980857 7310102 4880973 7310601 2370973 7310601 7310564 2370973 6760177 7310564 1030765 7310601 6760700 7310891 7310669 7310646 7310564 6760229 7310601 7310765 6761023 7980114 6760177 3730282 7310765 6760723 1030638 7310651 3730601 5370200 7310404 3730829 7310646 9350829 6760200 7980404 3730829 3730296 6770857 7310601 6760930 1030404 3730829 7310564 3730229 7310986 6761023 7980404 7310959 3730386 7310404 1030969 6760961 3730386 7980973 3730981 7980700 1030404 7980601 7310601 7310129 3730177 7310942 7980765 3730200 7980601 7310404 3730765 1030877 3730981 7310765 3730580 7310404 1030292 9070646 7980765 7980601 6761023 6760296 3730241 9070646 6760481 7310646 7980601 7310564 7310646 1030829 7310646 7310601 7310601 6770857 7310891 4880973 4330857 1030993 6760177 7310564 7980973 7310986 1030877 7310693 7980765 7310564 3730519 7980177 7980700 6770857 7310483 7980404 7980519 1030877 7980765 6351023 7310177 7310877 7310765 1030877 7310986 3730877 1030266 3730765 7310430 7310765 1030877 7980404 6770857 6760601 1030282 7310043 1030601 7310404 7310891 7310533 7310564 7310669 7310601 2370973 7980765 7310601 7980857 7310646 7310601 3730700 1030969 7310601 6761023 7310765 7310646 7310564 3730519 7980973 7310646 7310601 7310870 4880973 4880973 4880973 7310207 7310646 7310601 3730580 7310404 7980601 7310564 7310601 7310564 7310646 7310564 2370973 7980601 7310404 7310177 7310004 7310227 1030829 7980404 7310177 4880973 4880973 7310200 7310942 4880973 7310841 7310646 7310404 3730601 7310404 2370973 7310877 6760930 3730765 3730296 7310404 7310646 7310601 6770857 7980765 7310601 7310693 3730241 1030877 7310564 3730829 5370877 7310404 7310395 7980857 7310872 7980177 7310765
3730891 4630829 3730404 5370829 6350419 3730404 6350177 6760973 5370404 6760994 3730404 5370404 9350601 3730564 6760942 3730829 5370161 8190404 6350857 9350161 8190404 5370404 5370129 9350601 8190481 3730601 3730422 3730114 9350772 6760693 5370877 8190829 6760296 3730404 9350601 5370404 9350564 3730877 8190404 6350765 6350601 8190404 6350765 8190404 3730981 9350601 8190877 5370404 9350601 3730228 3730765 9350601 8190857 3730993 6760601 8190229 3730601 5370404 6760229 6760700 6350177 8190942 3730229 7310646 6350857 9350601 6760973 5370829 6760229 3730177 5370877 3730601 5370877 6760601 3730404 9350601 5370835 3730829 5370404 8191007 6760942 3730241 7310227 8190177 5370877 6760601 5370571 5370404 7310669 9350161 3730404 3730229 8190829 9350601 3730601 9350161 5370877 3730981 3730229 8190877 6350891 3730601 6760857 9350601 6761023 7770601 3730981 3730177 6760700 3730114 9350161 8190404 6760765 8190829 8190857 9350601 6760646 6350765 3730942 6350646 3730829 6761002 3730404 9350102 6350564 6760601 5370404 3730829 8190564 6760422 6760942 8191023 9350519 6760841 8190404 9350829 8190404 3730601 6761002 3730241 6760857 5370404 6760177 5370877 8190404 3730564 3730993 6760646 6350891 3730877 5370404 3730296 6760961 6760877 8190829 5370404 3731002 5370877 8190772 9350296 3730564 9350601 5370404 8190419 9350601 5370371 9350177 5370877 6350646 5370877 8190404 6350765 6760601 6350601 3730601 5370877 6350765 6760765 6350404 9350601 4630942 6350765 9350601 7310601 9350177 8190229 8190409 6350765 9350942 6350404 5370404 9350601 8190404 9350177 1760973 7310651 6350601 3250857 9350601 5370571 6760226 9350601 8190404 3730942 3730993 3730241 6760765 9350601 5370404 5370877 5370404 8190857 9350601 8190404 3730601 3731002 6660601 5370404 8190409 5370404 5370571 8190877 3730229 8190829 5370404 8190564 6760601 5370404 3730601 5370404 6350601 8190700 3730241 6760601 9350161 6760765 5370419 6760228 3730765 10110857 5370877 8190942 6760229 9350601 8190942 6350177 9350942 3730241 6350601 6760646 6351023 6760229 5370877 3730114 9350601 7980404 3250857 3730229 9350601 6760765 3731002 7980973 5370404 6350646 6760646 6350916 9350942 9350687 5370829 5370564 8190409 4330404 5370829 5370404 3730241 5370877 8190877 3730981 6350419 8190877 5370404 9350601 6760994 6760177 3730601 6760228 8190700 3730765 6760601 8190404 9350601 8190404 6760601 7310227 3730993 6760942 3730229 6760765 3730993 9350601 8190404 9350601 3730564 5370877 6760646 6350646 6760700 9350601 6760942 9350601 9350564 4630200 8190772 8190419 3730241 6760693 3731002 9350937 6350891 9350601 5370877 3730266 8190857 5370404 6760857 8190229 9350601 6350646 3730137 6350404 3730241 5370419 8190700 9350891 5370829 8190404 3730993 5370404 9350177 6760785 3730241 5370877 3730765 5370877 5370877 5370404 3730765 6350404 5370201 3730137 6350601 3730241 8190942 6760693 9350942 3730700 6350765 5370877 3730993 9350601 5370404 6350891 9350601 8190404 6350601 6760841 6760765 9350601 5370841 6760942 3730205 9350601 6760481 6760857 3730241 8190877 9350942 5370877 6760942 6760601 6350601 6350601 6761023 9350829 3730994 8190857 9350601 6760961 3730137 6761002 9350601 4330404 6350601 6760200 8190857 3730601 5370741 6350177 6760942 8190519 6350177 6760228 8190404 6760973 3730137 8190829 5370200 3730829 6760877 9350177 5370877 5370404 3730765 6760857 6350829 8190177 9350564 3730404 6760877 3730404 8190930 6760601 8190404 3730422 6760601 5370404 9350177 3730137 8190857 9350802 6760177 8190201
3730994 7310404 5370877 6350891 3730200 3730241 8190829 9350200 5370266 7310161 3730981 7310765 9350601 7310693 3730386 9350601 9350129 1030877 6350646 7310564 7980114 7310200 7310102 6350857 1030282 7310646 7310601 6350765 6760700 3730229 5370877 9350601 6760700 7310646 9350560 5370829 6761002 3730229 7310404 7310829 7980973 7310292 7310177 1030877 7310891 7310765 7310937 3730229 7310161 3730229 7310747 7310877 7310404 7310601 7310877 7310404 7310857 7310200 7310200 7310646 7310404 7310765 4990857 7310129 7310419 7310877 2370973 7310994 7310877 7310404 7980973 7310877 7310564 4990765 7310601 7310129 7311002 7310492 7310969 7311002 6760481 7310405 7310161 6760481 7980973 7980973 4990765 7310601 5110430 5110166 7310363 7310004 7310200 7310938 6350829 7310877 6770404 9350571 6760857 7310229 4990857 4990700 7310129 3731002 6350419 3730200 7310404 7980177 7310404 3731007 5370877 3730266 5370829 3730404 4990765 7310959 5370877 7310404 2370973 7310601 7310693 7310004 3730296 7310994 7310200 7310700 4880973 9400973 4610652 4880973 7310200 4880973 4880973 7310601 9400973 7310564 6760877 7310004 7310765 7310129 7310994 7980177 7310564 7980973 7310802 7310700 7310969 7980601 7310560 6350404 7980601 7310207 4990829 7310969 7980973 7310765 6760236 3730898 6760942 380004 1030877 7310129 7310519 7310564 7310669 1030961 4990404 7980765 5370404 7980765 7310601 7310227 7980973 7310601 7310043 7310404 7310765 9350601 9350601 7980765 7310404 7310651 7310601 7310651 7310994 7310564 9350161 7310564 3730765 7310601 9350601 9350891 9350829 6761023 3730765 9350177 6760877 5370200 6760601 9350200 7310669 1030200 7310177 1030282 7310669 7310161 7310916 7310601 7980994 7310986 1030282 7310404 7310877 7310404 7310177 7310161 7310404 7310430 7310404 7310765 4880973 4880973 3730785 7310765 7310601 7310404 7310765 2370973 7310129 4880973 7310601 7310415 4880973 2370973 7310200 7310942 7310161 7310564 7310765 2370973 7310564 7310765 7310404 7310969 7310350 7310829 4990700 7310765 7310430 4990700 7310765 7310395 9791002 9350601 5370404 8790200 10220857 5370829 6760877 7310916 5370829 7310404 7770601 5370877 5370404 7310765 9350601 7310404 7310646 7310404 7310765 7310829 7310129 7310601 7310037 7310765 7310877 7310129 7310200 7310601 7310404 7310404 7310228 7310404 7310729 7310601 7310049 7310765 7310519 1940993 7980765 7310404 7310580 7310601 7310404 7310829 7310700 7310729 7310601 7310877 7310765 7310564 7310729 6760481 7310404 9350601 3730980 6660601 6760877 6350114 5370419 7310601 3730241 7310877 6760481 3730829 6990200 6350829 9350564 6760266 5370877 7310227 8190877 6350404 5370877 6350404 6760177 3730241 7310404 7980209 5370404 6350765 9350296 5370829 5370877 3730765 9350601 5370404 9350296 5370266 6760765 5370829 9350564 9350177 8190772 6760200 8790200 9350601 7310601 6760102 6761023 6770948 7310596 5370404 7310986 6760877 3730229 7310646 6350916 5370829 9350942 9350129 3730829 7310564 5370404 7310669 7310877 4880973 7940973 4880973 4880973 4880973 4880973 4880857 4880973 7940973 7310200 4880973 7980404 1030829 7310877 3730404 6760481 7980765 3730700 6761023 7980765 6760857 5370404 9351023 5370829 9350601 3731002 3730564 6760601 5370404 6350404 9350601 6350891 8790161 5370404 7310765 7310891 2370973 7310765 1030829 1030282 5370835 6350601 7980601 6761002 7310857 7310959 6760961 3730765 9350601 6760916 5370877 6760564 9350601 9350942 6350177 6760481 5370859 9350829 6760646 6350404 9350601 5370877 7310891 7310765 3730700 7310646 9350177 5370200 6350404 9350601 9350161 9791002 2760877 7980404 9350601 9350177 9350564 5370404 9350601 7940973 1450973 380292 4880973 380004 4880973 7310296 1031007 7310229 7310601 7310646 6770601 7980973 7980601 7310564 7310405 7980601 6350765 7310601 3730898 7310765 1030419 3730266 7310765 7310669 3730785 7980404 7310669 7310161 7980404 7980601 7980765 6760177 7980973 3730241 2370973 7310177 2370973 7310601 2370973 7310102 3730177 7310564 3730772 3730241 6760974 6760601 7770601 5370404 5370877 6760700 8190404 6760601 9350601 6350404 6350877 8790891 9350942 6760601 5370404 8190229 3730404 6760693
6990200 7530483 6990481 9400973 6760870 3101023 7310646 6350973 5370877 6760842 6350580 7770765 6350580 8870942 5370741 3250580 380004 7530571 3730870 3730981 6350973 8190580 6760765 5370841 3730993 7310601 3730580 8190580 6760601 8870564 7310564 6760870 6760870 6350177 3730870 6760973 3730419 6760601 5370859 8190700 8190404 4990948 3730580 8790580 1030930 730857 5370829 2280580 4040601 9040229 7530859 1450973 6760973 7310870 6760669 6350266 6350961 3250580 7980404 2760652 9040229 3250363 6760646 7240857 5490973 7310436 6760973 7310941 6350571 3730814 6350652 6760419 381010 7310916 6760652 5370877 9350829 9350942 5370829 8870829 3250937 7790652 6760363 7310436 8791023 9350652 8870812 3730229 3730430 7980973 5370419 6350177 3730571 5370877 5370571 7530857 3250857 6770857 2760652 8190404 730652 4911023 8790652 6991002 8340961 2370973 7310859 6760652 8190652 8190896 9040652 7310857 7310765 6760870 6350765 8190870 5370859 6040580 3250877 3101023 6990200 3101023 6350571 5370974 9400973 6350891 6760646 6990200 7310829 6760872 2760652 9350601 6760765 6350652 4630419 3730765 8190913 6760601 8190700 8190404 1030829 5370835 6350857 5370948 3470580 8790891
1030857 7310564 6661023 730829 3250937 3700564 520942 520942 520687 9760857 3250891 8870942 6990419 6990419 8790959 3730430 3730772 7770857 3250937 8870888 8790891 9760200 6990228 9350687 8790200 7310200 7530200 730969 910700 8870829 7530200 2760700 6990481 3250363 5110283 6761002 7770857 6760859 9350942 6760765 7530177 9350741 9350601 7531023 8791023 6760859 8190829 6760859 7530859 3250363 3250835 3250266 3730693 7310920 3730241 4880973 7310891 7310646 9350601 5370404 7310601 1030829 7771023 8190994 8870829 7310404 4880973 7310177 7980973 1030993 6350601 3250857 3250891 7980601 5370200 1030829 9350652 8190700 8190891 8190700 4630419 8190404
9400973 7310896 7770857 6350942 6760770 6760859 3730571 3730601 7310747 2370973 3730785 1030638 7310430 6760857 9350652 8190877 9350601 8190404 4571023 9350891 5370687 6350700 6760601 8190700 8190404 9350601 8190700 6990200 9350601 8190404 7530857 6760969 8190404 6760669 6760646 8190877 8190177 9350564 5370266 3730404 8190404 6760765 6760646 5370841 8190404 8190700 5370404 9350177 8190700 8190404 8190700 8190857 6760601 6760765 8190877 6760693 8190700 8190687 6760829 9350601 6760693 6760601 3250857 5370404 9350601 8190700 6760601 9350937 9350601 6760266 6350891 3250129 6760419 8190942 8790200 7770765 7310841 7980973 7310404 7310765 7310043 5370266 7310404 3730296 7310700 5370404 4630877 6760942 6760857 6760601 3730891 6350765 1030419 6760564 3730765 7310564 7310404 7310601 9350571 6760228 8190652 2760829 5370564 6760296 8190404 5370829 3730877 8190404 2760877 5370404 6761002 3250857 8190877 8190177 5370877 8190829 9350564 8190404 8190877 7530857 9350601 6760646 6760601 5370404 9350601 7310994 6350765 5370877 6760519 3730829 6760601 8190404 6760765 3730601 8190877 8190419 9350601 6350928 3730994 3730229 6760601 8190404 5370877 6760560 8190419 6760942 8790200 9350564 8190404 9350601 6350404 8190877 8190519 3730296 8190700 6760765 6760723 6350857 6990857 5370894 9350601 9350516 8190894 6350177 8190404 3730177 8190857 3730419 9350942 6760916 6350419 9350564 5370404 6350829 6760646 8190404 5370829 6761002 8190404 9350601 8190857 6350177 3730765 7310669 7310419 7310363 9350942 7310765 9350571 6760371 7310571 7310894 7310404 7310841 6760296 1030282 6760601 8190994 3730137 8190404 9350564 6350891 8190700 6350891 8190296 8190857 7310651 9350601 8190404 6350857 6760700 9350601 6760646 8190877 8190959 6760765 6760700 6350114 9350601 3730114 9350601 6350928 5370687 10220646 7980765 5370829 6760601 7980601 3730700 7310395 6760177 7310004 7310960 7310564 6760973 9350601 6760857 10111023 9350601 5370877 8190829 8190700 9350937 3250857 9350601 8190942 8190404 3730829 5370404 5370877 8190404 3730601 4920973 7310964 7310872 7980973 7310877 7310601 7770857 7310395 6760877 6760430 9350296 9350516 8790200 8790200 8190700 8190829 8190177 8190829 3730177 9350601 6350765 8190877 8190404 7310161 8190564 3730765 6760601 9350880 6760363 7310857 7770857 7770942 3730531 6760942 8790200 8190404 6350700 6760564 6990200 8190829 9350564 6350765 9350601 8190942 6350114 5370829 6760564 3730114 3730601 7310564 4990519 9350829 7310564 7310669 7310877 8190404 7310942 7310700 6760519 6760765 6760857 3730928 7310580 6760857 7310857 9350942 6350129 9350829 8790772 6760961 3730404 9350896 6761007 8190404 3730877 5370419 9350601 8190404 5370877 8190646 8190942 8190404 8790177 9350942 8190404 9350601 2760114 9350601 8190404 8190913 9350601 8190404 8190419 9350564 8190404 6990481 6760693 8190877 9350483 6760564 5370404 6760564 9350601 9350601 6760994 5370964 9350601 6760601 6760942 7310937 3680973 8720857 7310161 7310765 7310419 7310700 7310669 6350916 3731023 6350961 6760601 9350937 7310765 7770857 7310419 7310436 7310266 7310841 6350404 9350571 6350601 5370835 6660857 7310669 6350177 7980404 3731002 3730241 8190404 5370404 3730177 9350601 3250857 8190877 8190404 8790200 8190404 7310765 7980973 7980765 3731002 4330765 6760481 7310669 6351002 6350765 3731002 7310516 7310404 7310395 7310071 7310071
4300857 3731002 4630877 8190942 8190942 8190519 8190404 5370161 8190404 3730765 8190519 8190857 8190857 6760601 8190857 8190829 3730981 3730601 8190404 8190519 9350601 8190785 3730601 8190942 9350601 8190481 8190857 3730993 3730137 8190404 4630371 8190829 3730601 8190857 8190891 6760942 8190913 8190857 8190785 7310430 5370835 3730137 8190857 8190404 3730601 5370404 8190700 3730519 3730993 8190829 8190942 9350601 3730937 5370841 3730114 8190772 6760942 3730430 8190404 3730241 8190519 8190404 3730993 8190481 3730177 8190564 8190177 3730993 8190177 8190700 8190177 8190404 6760700 8190857 8190687 3730877 5370404 8190177 5370877 8190404 3731002 8190700 8190404 9350601 8190857 3730241 8190404 3731002 9350601 8190700 8190700 8190942 8191023 3730981 9350601 6760646 9350601 4630404 8190857 8190404 6760646 3730765 6760601 3730993 8190229 4630877 8190404 8190481 8190404 3730229 3730993 8190177 8190700 8190404 5370829 8190857 3730404 8190700 8190229 8190857 3730646 3730177 5370404 6760266 3730961 4630960 8190700 3730564 5370829 8190700 3730177 6760564 8190857 8190877 8190404 8190177 8190942 8190404 8190404 8190857 6350404 4630937 6760693 8190829 3730241 6350857 3250857 8190829 6760481 3730765 8190481 3730981 5370404 8190877 3730981 3730765 5370371 3730981 4630765 6760601 6760646 5370877 8191023 8190829 3731002 8190519 8190296 3730114 3730137 9350601 3730601 3730981 3730993 4630419 7310646 5370829 8190857 8190857 9350601 9350564 8190857 6760646 3730596 8190857 8190857 6760564 3730872 6760880 5370687 3730700 3250857 3730137 8190177 8190700 8190404 8190481 9350601 3730404 8190829 3730941 8190404 3730942 3730765 8190404 8190177 3730241 6990200 8190177 3730241 3730993 8190857 6990481 4630877 8190404 3730765 5370877 8190857 5370829 8190857 5370404 3730765 8190700 3730241 3730137 9350937 3730765 8190857 6760646 8190296 3730765 3730516 3730981 8190877 8190942 4630404 6760601 3730961 3730601 8190404 3730765 8190829 8190177 6761023 8190404 3730984 8190404 8190404 9350601 3730700 6350114 3730601 9350937 3730877 8190942 8190857 4630829 6760928 3730765 3730601 3730700 8190404 8190404 3730601 8190857 3730928 8190404 3730430 8190404 6760177 8190772 8190891 8190942 8190829 6760646 3730404 8190404 6350601 8190942 8190404 8190857 6760564 4630404 3730765 8190296 8190404 3730241 3730765 8190700 8190942 3730993 3730941 8190404 6760601 8190877 8190700 3730765 9350601 3730137 8190371 5370829 8190785 8190741 8190785 3730601 6350404 3730137 8190404 3730229 3730601 8190404 3730137 8190564 3730993 6350601 3730993 5370129 4630266 7530857 8190857 8190857 6760916 8190564 3730993 3730928 6760177 8190942 8190687 3730700 8190700 8190404 9350601 8190857 8190177 7310646 5370404 8190829 8190404 4630877 8190700 3730177 5370404 3730601 6760857 3730114 5370564 8190857 8190519 8190404 8190877 8190371 6760646 3731002 4911023 8190404 8190857 9350942 8190857 3730981 8190857 8190404 3730430 8190857 8190700 8190857 5370404 8190864 3730404 5370404 5370877 8190652 3730993 8190857 8190942 6760765 8190942 8190177 6760857 3730404 8190404 6760723 1760973 8190177 5370404 8190177 8190700 8190404 8190229 8190829 3730993 8190857 3730404 3730241 8190419 3730700 3730601 5370404 8190419 7310872 8190877 8190404 3730241 8190404 9350687 8190857 9350601 8190404 3730519 8190404 6760601 5370404 9350601 5370404 3730993 8190829 7310564 8190857 3730981 8190829 6760841 8190700 6760646 3730993 4630424 3730993 6760601 6760114 8190177 4631007 9350601 8190994 3730841 6760942 8190419 5370404 8190829 6760942 6350177 6760646 8190404 8190404 8190700 3730404 8190700 8190404 8190481 3730877 8190404 8190857 6760942 8190419 8190404 3730177 8190404
4630994 3730700 8190857 8190857 8190404 8190923 8190177 3730404 8190857 8190409 8190700 3730404 3730137 8190891 3730137 3730229 8190857 3730981 3730114 8190652 3730928 8190877 8190404 3730646 3730363 3730114 3730241 8190371 8190961 3730772 3730564 8190857 6760229 8190857 3730564 4630829 8190829 8190404 8190481 8190857 6350601 4630877 5370266 6760564 8190857 4630419 8190700 8190652 8190877 8190404 8190857 5370404 8190829 8191023 6760700 3730404 3730601 8190857 3730877 8190877 3730241 3730765 3730700 8190296 3730404 3730829 3730981 8190700 9350601 8190700 9350564 8190857 8190296 4630877 8190404 9350601 8190857 8190829 8190700 8190687 3730114 5370571 3730829 8190404 3730877 6760652 8190857 6760857 5370404 8190652 3730993 8190857 3730564 8190404 3730177 3730993 8190942 8190891 6760857 3730137 8190785 8190404 3730114 4630877 8190857 3730765 9350601 8790200 3730241 3730765 4630877 9350601 8190404 8190857 3730601 4630114 9350601 3730564 8190829 3730941 3730137 8190700 8190857 6760646 8190404 3730177 8190700 3730646 8190404 3730841 8190857 3730700 8191023 6760942 8190404 3730928 3730404 8190700 8190404 9350601 8190857 9350102 3730959 6760646 8190857 8190857 3730981 8190877 8190961 3730993 8190877 8190404 8190891 3730137 8190404 3730114 8190942 8190961 9350571 8190942 8190857 9350601 8190404 8190177 3730765 8190829 6760564 3730241 8190700 8190877 8190700 3730114 3730241 9350564 3730404 8190857 3730519 9350601 4630877 5370687 9350601 8190942 3730941 3730601 4630200 6760652 3730646 3730601 8190404 3730601 8190700 8190564 3730993 3730241 8190652 8190481 3730114 4630877 8190404 8190857 3730404 8190404 8190409 3730404 3730969 8190645 3730765 3730177 8190857 3730601 8190404 3730765 3730993 3730942 3730959 8190829 8190785 5370404 6350601 6760646 8190652 3730601 3731002 3730993 8190404 3730404 3730700 8190404 8190829 8190942 3730993 3731002 8190404 8191023 3730993 9350564 6350601 8190961 4630114 8190942 4630404 3730241 3730942 8190857 8190857 8190829 4630964 8190177 8190857 8190419 3730137 8190857 8190857 2760877 6760928 6350177 8190877 8190404 5370571 3730137 8190404 8190201 9350601 8190404 8190857 8190481 8190857 8190700 3730419 250942 6760765 8190700 7310959 8190419 8190785 3730419 8190700 4630404 8190177 6760857 8190404 9350177 8190877 3730765 8190404 8190285 6760646 8190481 3730601 8190404 9350177 8190857 8190404 3730419 8190857 8190404 8190652 3730765 8190877 8190857 3730993 3730993 1760973 4630282 8190857 3730765 8190404 6760765 8190942 8190857 8190404 9350601 8190404 3730241 8190829 6760942 6350646 8190200 6760942 3730959 6760841 3730765 9350601 8190700 8190857 8190942 8190891 9350829 3730564 8190519 9760200 3730959 9350601 3730404 9350601 8190652 8190857 3730137 3730646 3730700 9350891 3730404 3730137 8190404 8190857 3250857 8190877 8190857 6760646 5370877 8190404 3730993 4630229 3730601 8190652 8190404 8190857 8190700 4630404 9350483 8190404 8190942 3730404 8190877 6350765 8190857 8190857 3730404 9350601 3730937 5370404 8190700 8190923 8190829 8190857 3730564 3730404 8190857 3730941 3730241 8190857 9350102 8190829 3730993 8190829 3730137 3730646 6350928 8190877 5370404 6760601 5370404 3730993 6350404 8190404 6760693 3730601 6760765 6760973 7310564 9350200 7310601 3731002 6760601 7980700 8190229 9350859 4630772 6760765 3730241 3730241 3730241 3730601 5370404 3730404 9350601 3730700 6760700 8190857 3730601 6761023 3730993 3730993 6761002 8190857 3730241 6760700 8190404 3730177 3730993 3730404 5370404 3730419 5370877 8190404 8190200 3730981 3730241 3730241 3730981 3730700 8190404 3730241 8191023 3730646 3730993 3730137 8190857 8190857 3731002 8190857 6760646 8190857 3730404 3730241 4630424 3730700 6760765 8190857 3730891 3730765 8190857 8190700 3730765 9350601 4630371 9671023 1760973 4630282 9350177 7310646 3730993 8190857 3730241 6760601 3730646 6760857 9350177 8190652 4630829 6760601 3730404 8190857 6760601 8190942 3730829 3730363 6760693 3730765 6760693 9350177 9350129 8190201 8191007 3730942
3730229 4630829 4630877 3730404 8190177 4630229 8190419 8190857 5370801 6760765 6760646 8190857 3730765 6760857 3730716 8190857 8190404 8190177 5370877 3730404 3730177 4630371 3731002 4330601 4630266 8190829 5370877 8190857 9350601 8190857 3730137 5370404 8190519 5370877 8190404 4630829 3730872 5370404 8190404 3730241 8190419 4630404 3730601 4330765 8190700 4330765 9350601 8190857 3730765 8190857 5370404 10111023 6760765 8190296 6761023 3730993 3730137 6760857 8190404 6760177 3730519 8190177 3730765 8190857 3730601 8190700 8190857 6760646 4630829 6760564 3730177 3730601 8190857 8190200 3730229 3730177 8190700 8190229 4630829 8190404 3730177 4630942 6350404 9350601 8190404 3730981 9350177 6760857 6761023 3730404 3730004 3730891 8190835 3730829 3730942 8190404 3730765 9350942 6350177 8190296 8190519 6350177 8190857 5370404 3731002 3730981 3730700 8190404 6760877 8190404 5370877 8190404 6760973 3730765 8190857 3730404 6760114 5370841 6350829 8191023 5370687 8190829 3730961 3730765 5370404 3730765 6760601 4630229 8190404 3730993 8190785 3730371 5370404 8190891 6760601 8190404 3730829 5370404 6350959 8190700 4630877 3730765 8190519 8190687 8190829 5370404 6760765 3730114 3730687 8190942 5370404 8190772 3730993 6760693 8190772 3250857 3730241 8190829 3730564 6350601 8190857 5370404 9350177 8190942 8190829 4630266 8190229 9350601 8190942 3730765 9350601 4630829 3730519 3731002 9350601 5370564 4330765 3730993 5370571 8190700 3731023 4330601 3730993 8190296 8190285 3730877 6760765 8191023 5370829 3730646 6760601 8190942 3730941 8190177 8190877 3730993 8190700 1030993 4630877 3730241 3730601 8190700 5370404 3730765 8190877 8190857 6760601 8190200 8190877 3730241 3730404 3730993 8190409 3730519 3730993 8190772 9350601 8190404 3730765 8191007 5370571 6760973 3730765 8190785 9350296 4630404 8190404 3730601 8190857 3730981 3730765 8190877 3730601 8190564 9350601 3730942 3730114 6760564 6350646 6761023 3730241 8190519 8190177 3730700 3730700 6760973 6760601 8190857 8190857 8190857 3730241 3731002 8190857 6760857 9350296 4630371 3730229 5370419 3730981 3730928 3730981 7771023 8190857 8190857 5370404 3730829 3730993 3730829 6760296 3730942 6760841 8190200 6760942 4630961 3730765 6350857 3730430 5370877 8190857 3730177 3730404 9350601 3730877 5370404 3730877 3730404 3730928 9350601 6760114 4630829 6760646 3730404 3730519 8190200 7310693 3730765 5370877 3730404 3730601 3730993 3730928 3730241 3730700 8190877 8190857 6760601 8190519 3730765 3730241 4990928 4990857 6760928 3730241 3730741 4990928 7980973 9350161 3730974 6350404 8190177 9350177 4630200 6350891 3730519 6760601 8190857 3730519 8190404 3730519 3730601 5370404 3730114 3730137 3730241 3730519 3730386 8190896 8190857 5370161 3730961 3730241 8190942 6760646 6350891 8190857 3730765 9350601 8190652 3730519 5370404 3730177 3730241 3730601 6760700 3731002 3730564 3730942 8190404 6350601 3730564 8190891 6350891 3730601 6760102 4630877 6760564 8190857 9350601 8190942 3730266 6350601 6760942 8190857 3730765 9350652 5370877 3731002 6760601 3730519 3730571 8190942 6760646 8190857 3730601 8190857 8190404 3730700 5370404 6760177 8190857 3730114 8190857 5370877 8190404 3730177 4630200 5370404 8190857 3730519 3730596 8190877 3730404 3730114 8190877 5370129 8190177 6760942 5370266 3730177 8190419 3730961 8190857 6350857 6760601 3730765 9350102 8190700 5370201 6350857 8190404 6350646 6760601 3730404 8190857 9351023 3730981 9350601 6760646 3730765 4630829 6760646 3730404 3730137 8190857 4330404 3730981 8190829 3730229 5370571 3730700 8190857 3730229 3730419 8190693 3730519 3730765 3730241 8190942 8190229 8190829 8190857 7770857 8190913 3730765 3730959 3730928 6350601 3730941 6350857 3730601 7310651 6760560 3730560 3730601 4630937 3730829 8190177 3730114 3730564 8190857 3730404 1760973 8190700 8190857 6760829 1760973 9350942 9350177 8190700 3731002 9350687 3730993 4630877 6761023 6350601 8190564
7310571 7310483 7310419 6660857 7310266 10220646 5370841 5110166 8720857 9350687 6660000 4720964 9040857 6760363 7310571 7530857 3950812 8190812 3390896 8190646 8190991 7240857 9040857 8550857 9040857 9040857 8190961 4630961 8190857 4630424 4720857 8550857 9040518 3471023 8550857 3390071 7240857 1480973 3730601 250894 7530859 2080752 2080741 4320857 8190872 910700 8190913 9040857
5110004 7310896 10140371 7310071 5230575 9760964 6990200 7530857 5831023 5831023 2280857 8190483 6760601 9671023 4910857 4320857 9760857 6990419 6040857 8751023 3101023 2080960 6350942 6760601 6760872 8751023 4910857 6990857 3730560 6760669 4910857 5110669 1940864 8790200 6760236 6350857 9671023 6760114 6760114 9350483 6760877 7080973 9350564 5110370 7640857 7770765 9350564 8790880 8751023 8870897 4911023 5110419 7310071 7640857 10220857 5111023 7310669 9350571 6660969 6350687 2080896 3730877 5110370 5110549 7310960 5110004 6350419
7310571 6660930 3230205 4720200 2280857 2280857 6760601 8790200 2280857 3250560 3441023 6990419 8711023 5650767 9040212 3250891 3950896 4630266 4630829 3930043 3701007
7240857 9760071 4630601 4630937 4630937 6760669 4630937 4630200 4630937 6760669 1760973 5370481 3730716 4630200 4630913 4630772 4630937 4630200 3730859 4630518 6760700 3250857 8190404 6040857 4630200 1030282 8190857 8190687 4630913 4630424 7240857 8190409 4630937 7240857 730930 6760700 5370841 8190829 4630829 5370266 8190404 7531023 8190481 8190994 4630200 8190857 8190857 8190857 8190857 8190700 4630266 4631007 5370424 5370841 8190961 5370364 3730646 4630580 3730941 8190857 4630200 6760973 8190857 5370841 8190518 5370841 8190419 8191023 5370571 5370930 5370841 8190857 3730841 1030961 8190519
4630994 3731002 5370292 5370841 1760973 3730241 8190857 5370841 1760973 1760973 4630833 3731002 3731002 3730646 7980973 8190857 8190857 3730941 3730241 3731002 3731023 1030004 5370200 5371023 4630200 3731002 8190857 1030948 5370200 5370930 1030580 1030043 4880973 4880973 4880973 380004 4880973 7940973 4880973 4880973 4880973 4880973 7310492 1030282 1030282 5370200 5370200 7310646 3731002 1031007 1030282 7980973 5370200 3731002 4630200 3731002 8190857 8190857 4630969 5370841 8190857 8190200 8190424 4630282 9350200 8190857 6350601 7310207 9400973 4920973 6760870 6350266 6351021 7770857 5370896 6350765 9350560 7530857 6350857 6760969 6350687 6350646 6351023 6760669 6350646 5370419 8190857 8190857 5370859 8190857 5370841 5370859 5370571 8190857 8190580 8190580 5370841 8190857 5370859 1760973 1030363 1030969 7980973 5370200 7980973 1760973 7980973 9350200 5370200 5370424 4631007 8191002 8190857 8190969 8870037 4630580 8190857 8190857 5370948 8191007 8190580 9350571 3930930 4920973 7310436 6350646 6760580 6761002 7310460 8190205 7770857 6760646 9350937 7980973 5370200 5370560 6350646 3730241 5370518 8190829 8190652 8190177 8190857 8191023 8191007 1760973 8190857 4630424 7310161 381010 4880973 7310363 6760859 6350741 6760765 5370841 6760857 6351023 5370404 3731002 6761002 5370841 6760419 7770857 6760646 7310859 9350937 5370571 8190419 6760835 6760436 5370266 6760228 5370841 5370571 8191023 6760580 5370841 3730814 6760859 8190857 5370859 5370841 7980973 7770857 6760859 6760994 6760646 9350859 6760693 8190857 6760916 9350859 6350580 7770857 6760363 9350937 5370859 6350646 6350916 6760228 5370161 8191023 4630282 4990857 5370841 6760363 6351021 6760669 8190857 5370571 6351021 8190857 8190481 5370841 7980973 5370841 8190857 5370835 5370859 3731002 5370043 1760973 6351021 7531023 8190857 5370859 3731002 5370419 6760646 5370841 3731002 9350859 7980973 3731002 8190857 3731002 5370419 3731002 6760177 6761002 5370841 3731002 3730386 6350266 6351021 6350857 3730299 5370571 9350481 9350729 3731002 8190729 7980973 8191023 5370518 5370518 3730646 8190857 6760859 5370841 6761007
3390994 7240857 3390896 1030580 5370645 250580 1030282 5370894 251007 4630364 5370292 4630969 1030993 3730984 2370973 6760870 8190820 2760870 6760870 910870 2080870 3950897 7310404 6760870 3730386 3730896 8190896 7310870 7310460 10011023 6760870 5370896 3470870 7530870 9070984 6660952 10110770 9070984 3930601 10110770 3930752 3930519 3930519 10110770 3700877 3930519 9350752 9350373 3930601 8870770 10110952 3700877 3930519 10110767 3700877 3250496 9350601 10110880 7530841 9350373 3700877 3700752 8710601 3930519 10110880 3700519 3930519 3930519 10110767 3700752 3700877 520942 3700877 3700752 3930752 3250496 3930937 3930937 3930601 9350770 9350601 3930937 3930770 3250496 3930752 3930767 3700752 8710601 3700877 520071 3930519 3930601 9350752 8790835 8790835 3930519 520942 3930519 3250496 8710601 3930601 3930519 3930752 3930519 10110952 9350800 10110770 10110767 6660601 3700519 3250363 10110880 10110767 9350601 9350770 9350373 9350752 9350770 9350952 9350373 9350770 3700519
7790969 6990200 7791007 4720857 4721002 2750969 8790969 4630364 3390961 3951002 3390961 1030993 3951002 7790601 3701002 7980973
3391007 4720857 3950888 3730920 8190870 4300857 4631007 8870228 7240857 3391007 3950896 1030969 250282 3390961 5370894 5370752 7310646 1030928 4880973 380004 4880973 1030371 4880973 1030638 1030772 1030043 1030282 4880973 1031007 7310601 5370419 5370404 5370841 250961 3391002 5371023 1030961 1030292 7980973 1030282 1030984 1030282 1030984 1030984 250200 5370974 6760601 1030765 7980973 1030404 1030282 7980973 7980973 5370200 1030948 5370544 250200 250419 250200 1030282 1760973 1031010 1031010 1030292 7310296 7310395 7310877 7310669 9350200 5370752 5370888 6350765 250729 4630386 3700071 4630857 5490973 3730870 8191007 4720870 4720752 251007 8551007 3390371 1030994 7310492
730623 5230959 3931002 3230743 7790043 380292 1030043 4630043 4630969 4630371 250043 4630043 7790364 3390043 7790043 4040200 3390043 3390752 3390071 8190652 4630969 4990043 1030043 4990969 730043 5370043 9350870 910043 7790043 4630424 4630518 3390371 3730037 3730898 1760973 4630200 7310043 7790969 5370043 910043 4040518 4040200 4040857 4040857 7310492 910857 8550857 5490973 7310492 5370043 4990043 730043 730969 730364 910043 7790043 910700 5370043 730969 910043 7310492 3730043 910857 250969 7790043 8550043 9350652 5370571 8190518 4630969 911023 4040857 3230896 4630743 8190964 9350687 6760504 7790043 1030857 1480973 1030638 1030043 5370043 910043 7790043 7790043 7790043 8550043 1031010 1030993 7790043 250043 5110166 910200 911023 911023 7790969 7790969 4040518 3700519
5370043 1030043 4880973 9350870 7310460 5370043 5370043 9040857 4040857 4040857 8190200 7310969 5370043 910857 8870564 7530571 4040200 6760564 4040200 3730229 7790896 10190519 520282
4720200 4630364 5370419 8790419 3230228 4720964 5371023 5370043 10140973 3931023 520857 3930228 520857 5490973 6770754 6660729 9350729 9350754 3700519 2570519 1030729 1030729 7310228 9350984 9350924 3931023 4990928 4990228 4990228 9350729 4720200 8190424 9350729 3930729 8870969 9350928 9350872 8870833 8870969 3730282 9350961 910729 520646
4630994 4880973 4630386 1030282 1030282 1030292 1030984 1030282 1030282 4630200 5370200 1760973 1030282 1030969 1030984 1030969 520729 4630994 8190282 520857 8190519 3250870 4720857
5370994 520942 4630200 3700071 8870743 3700877 3951002 7790969 3951002 4630913 8190404 3951002 8870037 251002 250772 3730993 7530857 4630364 3701023 3700877 7530350 4040200 910200 7790969 9350228 7790937 7790601 7790961 1030419 3951002 4750364 3391002 8350857 1030930 5370772 4720969 4040772 381010 8350857 2760772 4630772 4040772 3730652 6760877 4720729
4630857 5370930 4630580 3951002 7790969 4720363 3390580 7310646 5370408 7310984 7310430 5370772 7310772 8870772 5370408 9040857 250518 10140350 4630404 4630994 4630913 7790829 4630282 7310466 5371010 3730228 3390580 10170580 3700961 7310292 5370930 4720200 4720857 7310460 3250870 7310765 8790652 4630913 3390580
250200 1030282 1030729 1030729 1030160 4630386 3731002 4630200 1030984 4630200 1030363 1030961 1030282 1030363 1030282 1030292 1030282 1030638 1030961 1030518 1030043 1030928 1030200 1030772 1030200 1030841 2370973 9350481 7310729 5370200 5370974 250518 8190700 8190857 8190857 3730241 8190700 4040200 9350601 9350601 8790266 4720729 8870942 5370833 251002 4610973 5370518 250282 5370419 251007 2080896 4571023 9710516 8600646
