206
8550519 4040424 4040424 6660228 7790571
null
null
5370729 5371023 4630404 8870580 3390580 9041023 8190560 10110560 7310460 6760669 2760841 5370841 4330857 7310841 9350974 9350114 4330857 8190409 4330601 3470200 6041002 7791023 7790857
null
null
7790841 7310632 1030292 5370481 3950772 10220942 8790959 6760743 9760481 4040071 8750928 910928 3700205 8870386 9760920 8190266 9710575 8710995 3230371 3230739 9710205 5230205 3230560 2080205 9710743 3470205 2760404 3250857 3730993 3730993 9710752 3700071 300496 8710006 9710006 8710942 8190859 9710739 300767 3700741 9710334 5230767 8710560 9710770 9710646 8710646 3470205 7530729 3950960 9670646 6660176 2760877 8790741 7790571 2080770 9710765 9760752 3470752 3930770 3950897 8870897 730913 5230200 8190646 7530872 3700560 9040864 7790829 8190859 9670857 6760872 300575 300504 9710960 2760857 8790857 4910200 7530859 4911002 6760752 10110767 8710960 4720404 3470504 9670646 9040969
3230836 3230752 8790504 9830466 6270857 6350961 4990114 7310942 6760969 2760441 2760963 250741 2760516 6900646 9710960 730765 10110880 3930422 3930519 3930166 300870 8190960 910752 8710961 6760920 7310959 6760888 7530872 2080864 8190896 2760841 2080043 7790687 2080743 8600964 3230000 5230212 9830831 5230812 7530560 5231023 7530205 9710334 5650212 910996 8710864 9710601 8710872 4720942 8790741 7310984 3730241 6350560 910772 910772 8710772 9710829 10220857 5650741 8190942 8190942 8190877 7090973 9710571 3930519 3930872 4040964 8190969 8190350 8190006 8190969 8190765 8190961 8551007 9041007 3470920 3700928 5230071 9710829 9710857 8190371 2080857 230580 8790888 8710891 520743 8710646 7240969 6991007 9761007 8711007 4911007 3470772 2080772 6991007 9760580 7790772 8870772 7790969 4040200 5370961 5370729 9350212 8190973 5370729 9350646 9040857 9710371 5230560 3700205 6990729 7530891 6660969 9670364 5230969 910969 8870414 8790544 3230646 910928 4040371 4721023
4990857 9350114 8190973 8790414 730519 10110920 230888 230016 230920 2760987 8710864 8190430 8190516 8190752 8790857 8190770 8190071 6350752 5980414 8190519 8190809 5230857 9710371 3470200 8190006 7790829 8190519 5370544 7790841 5370200 4720200 7531007 9711007 9710519 8190877 3730961 6760952 8190373 4910200 8190961 8790729 7790937 9710872 9710363 9710350 9710872 6900037 5230037 8710969 3730959 8190859 6900037 8190937 8710961 6760114 6660371 9710205 3930924 3390752 8790652 9350894 8190942 250200 9350974 8190519 7310767 4630961 5370841 8190371 7770942 9670857 9350752 8190835 10110952 10110952 910829 8190829 8190952 8190752 8710601 9710969 7530483 3700964 8190373 8190896 8190894 4910519 2760564 9760519 9760580 9760580 8600504 8710969 2760841 7790687 5830928 5830928 910829 910924 9760129 7530564 4720544 4721023 4720544 5370772 5370580 5370580 5370580 5370580 2080580 8791007 4300580 7790894 8340580 8710601 10110371 2280580 4630877 8190266 3730981 3730299 7310729 9350870
730043 8870006 7530544 3250363 8190960 9040969 9041007 4630200 8870043 4910200 3250857 4040859 3391002 4630913 8190646 5370161 3950282 4720516 3730373 8790200 10220857 3730241 5370687 8190864 5370424 8871007 2760114 4040424 7790518 3731002 2760700 250687 250371 7310993 730700 9350741 4990857 10140414 4991010 7310282 4991007 7310564 7311010 7980601 4991010 7310765 8060973 7311007 4990942 4990765 4570857 8791007 9040857 9350896 8190964
8870043 8870460 8870043 3950870 7790948 8870043 2570043 4720841 4720841 4750870 4750870 7790870 6990729
7531007 8870266 10110364 8790741 9710752 910700 8190952 9040961 9040580 8550580 9711023 3471007 8811023 9420560 3230770 8710285 8710960 4320969 520371 8710516 8600969 2080752 8710453 9710767 8550043 7790937 2570580 9040580 9041007 8870560 2570580 2570580 4720544 4040580 3700770 9710752 300504 8710516 300504 4040424 9760519 8750928 2080743 3930770 8790809 520741 520743 3230770 3230770 3230960 9710571
2570580 2570580 4720363 2570580 4720571 2570580 2570580 4040580 300560 5230205 3930923 3700864 3470205
9710073 6350652 8190920 8190364 730371 300386 300864 5230969 8710891 8710969 9760924 520364 9710363 520687 8810496 300729 2760752 910864 910829 8790504 8190229 9760580 9760519 9710371 8710006 4910200 8790177 4630404 6350114 8790857 9710414 8710364 9710580 9710334 8710995 5230880 9710371 6900880 5230646 9710601 8710205 8790835 9710601 3930560 3700829 3700564 9710765 9710646 9710963 3700920 3700877 3700812 3700739 5230767 8710404 9710829 3470752 8710404 3700564 3700920 10110767 2760564 6991002 8711007
2080770 8190176 4910961 9710752 8710752 3250560 10110920 3700071 2750560 3230739 2750857 4570857 7310864 9671023 6760601 6660560 4570857 7310227 1361023 8190071 8190920 8190888 8710963 3470200 8900767 9710920 8790857 3950729 3390961 8191023 3950043 8190973 3731002 4880973 5370580 8190973 3950043 3470200 7790894 8711007 9710770 3230924 8600864 3470414 6991007 3470414 9710653 7531007 6041007 3950960 9350765 5370841 8790161 910200 910200 5370282 8871007 4720961 8190913 300969 8710880 9711023 9710752 9710601 9710752 8710404 3930809 9710752 3470752 8710770 9710622 9710767 6990729 8710601 8790519 4910519 4040601 8190770 300701 3930880 3701023 9710422 8710996 5230767 2080770 9710767 8710504 9710071 2080752 5230891 3230414 10110809 9420646 9760752 8710880 9710743 8710801 2760770 2760752 2760770 2760963
6661002 3930519 10110924 9710496 5370812 730519 6350937 4320857 3730404 3250857 8870205 9711023 8190646 4910200 9350114 3950880 9350504 3950924 2750857 2081023 9350888 8190829 4630928 5370829 4320969 4320969 730200 7310812 2760739 8190646 250930 1030993 250200 1030993 5371023 10170857 4630772 4630200 1030282 1030282 1030282 8190765 250571 250200 5370492 5371023 1030948 1031010 1030004 1030984 1030984 5371023 1030282 1030646 1030984 5371023 5371023 7310969 3730941 3730646 4630282 5370544 6770984 7310969 6760519 2760937 6661002 730363 8190920 730560 4990700 2750857 3931007 4720544 3950371 1030320 250200 250200 3391007 7310829 1030200 1030404 1030984 5371023 5371023 250200 4880973 1030282 5370870 5370870 5370460 250870 3950870 3950870 8190519 4040200 3950870 4630928 8711023
5370282 9350114 7790857 7311021 910857 8790200 9350564 7531007 9350924 6760994 6760942 7310043 10140973 10140560 10140496 8190571 9350700 3730519 8190765 730928 8790043 1030371 3730241 8190973 7530544 3251023 8190894 5370200 8190373 7310404 9790973 8190877 8790891 3730266 4300857 8190765 9350743 1940973 7640857 7310560 6350829 9350071 9350964 2760857 7310282 3730531 6350916 7310959 6760669 8190516 4720363 7980973 6760646 250961 6350601 9350700 9350937 7310993 9350114 730888 4571023 6760228 7530200 10110969 7531007 9350937 8870772 6660969 5650857 9350937 7310741 4990743 7310004 9350646 9350765 9350571 8190765 8190687 8190969 7530544 7790829 8870571 250969 3390580 8190205 6040857 9350765 5370741 3470504 9710743 3470987 3470200 5230770 300729 8710739 9710571 6660930 9350527 6350752 3700285 7310227 8710601 9310646 8900767 2760770 8190835 9040857 8190960 3700071 8790857 8790880 9710963 4910857 3230770 8190961 8190961 6760114 10111023 8710857 8710888 8710888 6760920 9671023 9310767 8900496 3730601 6661023 5230891 9710752 7790969 9350646 9350700 1030282 7310436 7310004 7310571 7310519 7310889 5370200 4990652 4991023 4990601 7310993 730857 6660770 9350741 3680973 7310266 9350896 9350419 10111023 7530200 8710752 10110770 5230767 8710371 5110004 9350937 3700739 7530560 3250205 8870424 8190969 8190560 8790888 3250504
4630200 250200 3950993 8190646 8190229 5370841 5370841 5370877 7790913 2760114 9710891 8791007 4910519 3390752 4910200 2760743 2760770 2760754 6990519 3730981 4630404 4630404 7090973 4630516 9670646 9761007 9670646 6660601 10220942 9671023 9350228 10220942 6760102 9350765 1361023 250571 9350228 3250916 6350916 9760857 2760857 7530177 4911007 4911002 8791007 9760772 4910961 9671023 3730601 7310266 3730765 8790857 8190859 7530483 8870920 8190859 8190770 3950960 3470857 7530414 3250857 8190765 1361023 7530177 6990481 8190564 8190765 2760942 4910519 8190770 4630960 3250772 5650872 910687 8190205 4630371 4630894 4630961 4630071 4631010 4630404 4630765
3390994 4630200 4630200 4630200 3731002 4630282 4630282 4880973 5370161 4630200 4630114 8190973 1030200 3731002 3730981 7980973 3730404 6350601 6760785 3730229 9350765 5370266 5370894 5370859 8190969 2760877 6760835 8190896 3730481 8190942 8190859 5370518 1030994 3730994 3250857 5370859 9350765 6760994 5370841 9350544 4040857 4630913 1030857 8190877 5370841 3730137 8190518 4630928 3730687 8190942 8190646 8190937 4630960 250969 4630004 7980973 9350930 6761002 8190419 6760700 1030282 9350859 1030969 8190765 3731023 3250857 9671023 8190765 8190571 4920973 2760596 10220857 6760601 4630229 5370430 8190859 3730419 1030857 4630200 8190646 7310984 3730200 7310984 1030857 7310177 1030282 7310564 7310161 6760200 7310596 1030993 1030928 9350700 9350913 7530544 8190765 7310969 6760969 5370687 730969 3730404 7310877 3730981 3730229 8190266 3730481 4630200 4571023 9350765 9710575 6760785 3730000 8190653 9350765 10110422 8190687 8190829 4630829 9350114 1030114 3730700 8190765 6760693 10140930 7530226 7530859 6760765 10220857 10110043 6760752 3730752 8190894 3730296 6761023 6760601 6760765 4630894 4630200 1030404 1030700 4630200 1030638 4630200 1030994 4630930 1760973 4630200 1030292 1760973 4630043 3950772 4630829 4630200 4880973 2080857 8600857 8190687 5650864 9710363 3250350 9041007 7530920 8190859 4040200
3700364 9670364 9670364 300864 300205 300872 3700995 6660770 3700829 4570364 8870364 9710364 3250212 7530864 2570043
4630752 4630896 8750928 7530772 10110952 3700864 2080961 7790580 2080430
2280580 9710516 3250580 9710580 8710014 230504 8790043 3250006 3390964 2080872 3390752 3700767 5230453 3230414 3230414 8790006 5230872 9710371 4720560 9710580 8790006 8190820 8190571 8190266 8710864 3250857 3250857 3250043 8190516 5370752 6040857 8600872 300872 3700896 5230575 3930560 3930924 7530371 7530864 3250350 9710864 7530767 7530891 8710942 9711007 2760560 9711007 3470580 3470580 230580 10110560 10110371 3250414 3230200 7530350 3250006 9710453 7530414 2760877 2760371 2760765 8710920 2760504 3700880 301016 300996 4630942 4630516 4630114 4630928 230364 2760942 2760964 230580 9710752 6900864 3471023 3930422 5650880 8790422 3471007 3470772 9710085 230496 8710772 2760770 2760404 7790859 3391002 3950043 3930205 300364 5230364 9670364 4570364 8790741 9710770
7310282 6270652 7310471 7310471 6270652 6270652 7310282 6270652 6270652 7310829 6270652 6270857 7310114 7310961 6270857 7310942 1940993 7310877 6270652 7310282 7310371 4990752 7310770 7310752 7310580 6270652 5590857 7310961 5590652 6270652 7310928 6270652 6270652 7310071 8720857 7310741 7310835 7310752 6270857 6270857 7310571 5590857 5110812 7310282 7310419 7310419 6270560 9160652 6270652 8430652 6270652 7310049 10080857 10080857 6270652 7310800 5110993 7310371 8720652 6270652 6270652 6110652 6270652 6110471 6110652 6270652 8430471 6270652 4920652 6270652 6270652 5590652 6270471 5590652 7310889 6270652 7310877 7310266 6270652 7310960 6110652 6270652 6270652 1940993 7310371 6270652 6270652 7310942 7310350 6270652 7310877 6270652 5590652 7310829 6270857 6270652 4920652 1940993 6270652 5110924 6270652 6270652 5590652 7310350 5590652 6110652 6270652 7310371 4920652 7310266 6270652 6270652 4610652 6270196 7310829 6270196 6270196 5110731 5110045 6270196 5111011 6270652 7310960 6270196 6270196 6110652 9070652 7310266 8430652 6270652 7310419 9160652 5330652 7310571 10080857 7310471 5590471 6270471 6270652 7310471 7310770 6270652 8430635 1940471 1940471 7310471 6270652 6270652 6270652 7310282 6270652 7310471 1370652 6270652 6270652 5590857 9070857 6270196 6270652 7310266 9070961 6270652 6270652 8430652 7310373 5110471 6270471 5110471 7310471 6270652 7310765 6270652 5110471 6270652 7310471 5590652 6270652 9070652 6270471 6270857 7310961 7310687 6270857 7310045 6270857 6270196 6270196 7310205 7310829 8720652 9160652 6110471 7310471 5110045 5590652 6270652 1370652 5330652 7310960 6270652 3680471 5590471 7310373 6270652 7310571 6270652 6270652 6270652 7310371 5110004 6270652 7310282 7310371 5590652 7310350 6270652 8430652 7310864 7310471 7310471 7310471 6110471 7310471 7310471 5110350 1940652 7310741 1940471 1940471 1940471 7310471 7310471 7310471 7310471 7310471 1940471 5590652 6110471 7310471 1940471 8430652 5110471 7310471 5110004 5110700 1940652 5110471 6270652 5111011 6270471 5590652 1940652 5110471 5110161 5110877 7310652 4610652 4920652 5110471 5110004 5110430 5110984 7310196 7310652 1940652 1940652 7310471 5110471 8430652 7310471 7310471 7310829 7310652 7310877 8430652 7310652 7310928 6270196 5590652 7310371 7310404 7310652 5110652 5110652 5110652 7310652 5110471 7310652 5110993 5110652 1940652 7310652 7310652 7310585 5110471 7310471 6270652 4610652 6270196 6270196 6270196 5110653 8720652 6270652 7310700 5730652 7310471 9070471 7310471 7310471 7310471 7310471 1940471 7310471 3680471 5730652 7310471 5590471 1940471 5730652 7310471 1940471 7310471 7310471 5110471 1940652 7310471 5110471 7310652 7310652 1940471 1940471 7310829 7310471 5110004 7310652 5110471 7310652 5110471 6270652 7310471 1370652 7310471 7310652 7310829 5590652 7310928 7310877 1940652 7310652 1940652 5110993 7310652 1940652 5590652 7310652 7310652 7310652 7310652 7310652 6270652 1940652 6110652 7310652 7310652 5110931 1940652 7310266 1940652 7310652 7310652 1940652 1940652 7310571 6270652 7310877 1940993 7310741 7310829 7310770 7310833 5110924 7310835 5590652 9070652 7310266 5110471 6270652 5110471 5110993 5110693 6270652 6270652 7310471 4990652 7310571 6270652 6110652 6110652 7310471 1940652 7310471 1940471 1940635 5110471 1940471 1940652 7310652 1940652 7310877 5110471 7310471 1940471 6270635 1940471 6110471 5110501 5110653 1940652 5110471 5110471 1940471 7310877 7310938
1030292 7310960 7310937 7310373 7310938 5110924 6270471 5110471 5110471 7310471 5110471 7080973 5590471 5110471 8430471 5110471 6270652 7310872 5110471 7310752 3680652 6270652 5110045 5110006 9070652 5110350 5110004 5110430 5820652 5110430 5110350 5110004 7310571 7310829 9070652 5110471 1940993 9070652 7310282 7310924 7310829 9160652 5400652 7310580 7310419 7310266 7310571 5111023 7310864 1940973 1940209 5110214 5110214 5110872 1940973 1940973 7310404 5110653 7310266 7310419 7310571 6110652 8720652 6110652 5330652 7310205 7310371 7310419 5400652 5110004 7310049 7310652 6110652 5590652 5110006 7310419 5110560 7310765 7080973 5110669 5110006 5110564 5110571 5110601 5110601 9400973 5110560 1940973 5110700 7080973 1370652 7310229 4920652 7310835 10040857 7310928 7310404 6270857 6270857 7310928 7310114 10080857 7310942 7310229 7080973 7310829 1940993 5110564 5110404 5110000 5110571 5110924 7310266 5110430 5110371 5110564 7310765 5110984 7310266 1940973 5110430 4610857 5110483 7310350 7310404 7310700 7310571 7310993 7310835 7310371 5110931 7310371 7310371 7310877 7310266 5110350 7310471 6270652 5330652 4920652 7310205 5110872 5110004 5110006 5110004 5110571 5110167 4920652 5110471 7310752 6270652 7310877 1940371 6270857 6270857 7310571 7310877 6270652 7310652 5110693 8060652 5110741 8060652 5110924 6270857 7080973 5110549 5110601 9400973 1940973 3270652 5110747 5110571 5110549 5110000 5110872 5110350 5110350 1940205 5110045 1940371 7310471 8060652 1940371 5110471 5110471 5110471 5110045 6270652 5590471 5110196 5110196 5400652 5110745 7310877 5110984 5110471 5110196 5110196 5110214 5110471 1940652 7310652 5110196 5110984 6270196 7310371 5110167 7310571 6270652 7310196 7310196 5110266 5110634 6270857 5110646 5110004 5110404 5110004 7310829 1940371 7310829 5110214 5110984 7310196 1940196 7310196 5110395 6270196 1940196 7310196 1940196 7310196 5110653 7310196 5110045 5110872 5111011 5110669 5110993 5110741 6270196 5110700 5110993 6270196 5110634 5110006 5110166 6270196 6270196 5110995 5110800 6270196 5110560 1940196 5110501 5110993 5110924 5110004 5110993 5110564 6270196 1940196 5110812 7310371 6270196 6270196 5110561 6270196 5110993 6270196 6270196 1940196 5110731 6270196 5110731 5110564 5110700 7310196 7080973 5110004 5110404 7310196 7310422 7310889 5110984 7310196 7310196 5110633 5110993 5110880 5110880 5110212 5110212 5110561 5110993 5110633 5110812 5111011 5110561 6270857 5110877 5110646 7310519 5110872 5110741 5110212 5110549 5110765 5110004 7310196 5110196 1940196 5110266 5110700 5110880 5110924 5110741 5110800 5110266 5110561 5110212 5110196 5110561 5110166 1940196 5110404 5110864 5110205 5110212 5110004 5110872 5110371 5110634 5110205 5110653 5110924 7310205 5110167 5110045 5110371 5110731 5110196 5110006 7310196 5110196 5110560 5110430 5110196 5110372 5110196 5110560 1940196 5110196
5110829 5110166 5110652 1940652 5110404 7310652 5110872 1940652 5110880 1940652 5110161 5110836 5110829 3270652 5110266 1940652 5110561 5110880 5110561 5110809 5110634 5110075 7310652 5110741 5110741 7310652 5110214 5110561 1940652 5110212 5110214 5110212 1940652 5590857 5110984 7310652 5110669 5111011 5110205 5110560 5110283 5110877 5110652 1940973 5110836 5110747 1940652 7310652 5110652 5110829 7310652 5110877 5110560 5110004 5110634 5110045 5110561 5110693 5110430 6110652 6270635 7310770 5400652 7310652 1940652 7310652 7310652 1940652 7310652 1940652 7310829 8430652 8430652 7310938 9160652 5110471 5110800 5110924 5110471 5110471 5110205 1940652 5110652 7310938 1940652 1940205 5110075 5110430 1940973 7310196 7310652 5110129 1940652 5110601 5110747 1940973 5110700 1940652 5110004 5110741 7310652 1940652 5110549 1940652 5110652 1940652 5110765 5110652 5110652 5110004 5110872 5110549 5110560 5110549 1940652 3270652 5110430 5110501 5110864 5110350 9160652 7310741 1940652 5110483 1940652 5110633 5110809 5110652 5110501 5110561 8060652 5110283 5110880 5400652 5110765 5110501 5110836 5110800 7310995 5110212 7310049 4920652 7310829 5110765 5110601 8060652 1940973 5110924 7310829 5110564 5110872 5110633 5110829 5110836 5110829 5110560 5110471 5110652 5110652 5110812 5110984 5110652 7310652 5110549 5110652 5110350 5110829 1940652 5110812 5110006 5110370 5110829 5110006 5110872 5110004 5110984 5110560 5110765 7310571 6270652 5110812 5110404 7310877 5110829 5110166 5110652 5110924 5110924 5110561 5110501 5111011 7310829 5110166 5110561 1940973 5110741 1940205 5110653 7310741 5110561 5111011 5110004 5110166 5590652 3270652 5590652 6270560 5111011 3270652 5110129 5110561 5110371 7310652 5110924 1940973 1940973 5110549 1940652 5110430 7310864 5110006 1940973 7310889 5110004 1940652 10080857 4990371 7310571 7310829 7310877 5110483 5110560 1370652 7310743 5110561 7310652 5400652 5590652 7310938 6270652 1940652 9790652 5110004 5110075 5110350 5590652 3270652 5110395 7310859 5110006 5110731 5110800 5110872 7310652 5110829 5110483 5110646 5110601 7310652 5110652 7310652 1940652 5110404 5110812 5110809 5110283 5110560 1940196 5110561 5110800 5110166 5110212 5110560 5110560 5110370 7310857 5110812 7310835 7310741 7310938 5110812 5110646 5110395 5110000 3270652 5110000 5111011 5110560 7310938 7310652 5110430 5590652 5110004 7310049 1940973 5730652 5110006 1940652 5110560 5820652 5110372 7310266 1940209 7310877 6270652 6110652 1940993 1940973 7310266 5110993 1940205 6270652 7310937 5110004 7310282 7310864 7310829 7310942 7310371 5110350 1940652 7310652 7310571 5110560 1940652 1940209 1940652 1370652 5110984 1940652 5110404 5110652 1940652 5110745 7310652 1940652 5110483 5590652 8430652 5110075 5110652 7310266 5110006 8060652 5400652 5110560 8060652 6110652 7310829 5111011 6270652 7310266
5110653 5110350 1940973 1940652 7310282 5110549 7310829 1940652 5110653 7310938 5110395 5110880 1940196 5110395 5110371 5110653 5110212 1940993 5110652 5110045 9070652 5111011 5110634 9790652 5590652 5110829 1940973 1940652 1940973 7310282 7310829 5110371 5110395 7310857 1940196 5110561 5110924 5590652 5110214 1940652 7310266 7310652 1940652 5590652 1940371 4610652 5590652 8060652 5110993 7310601 5110483 1940209 5110812 7310266 5110196 1940196 5110430 5110214 5110282 5110731 1940209 1940209 7310835 5110350 7310282 7310205 1940652 5110214 7310196 5110984 1940196 7310877 7310770 5590857 5590857 7310741 6270857 7310835 1940993 5110931 7310835 5110634 1940209 5110601 7310205 7310371 5110004 7310350 7310404 7310969 5110350 5110350 5110395 7310829 8060652 1940652 5111011 5110075 7310196 5110872 5110924 5110560 1940196 5111011 5110931 5110993 5110880 1940209 5110395 5110430 7310752 3270652 1370652 5110931 5110006 5110196 1940196 5110731 5110652 1940652 5110652 3270635 7310635 5110006 5110560 5110560 5110045 5110395 5110745 5110214 6270652 3270652 1940209 5110931 5110812 5590652 7310752 5110745 7310205 5110214 5110045 4920652 5110430 1940209 5110560 6270652 7310942 5110045 5110653 5110812 5590652 5110214 1940973 4920973 1940371 5590652 5110006 7310371 7310829 4920652 5110006 5110560 5110560 1940652 5590652 7310266 1940652 1370652 1940652 1940652 5110560 5110560 1940205 5110371 5110045 5110653 5110350 5110371 7310752 7310960 5110006 5110931 1940652 1940652 5110350 5110653 5110350 7310652 7310049 7310652 5110560 1940652 1940371 5110652 7310829 1940652 5110931 6270652 1940652 7310205 5400652 7310889 5110812 4920652 5110350 5110430 7310652 4920652 7310652 5110560 5110045 9160652 5110430 5110006 5110634 7310371 1940652 5590652 5110984 8430652 1940652 1940652 3270652 1940652 5590652 5110167 1940652 7310741 5110004 5110350 1940993 7310371 5110812 5110430 5590652 1940652 5730652 5110560 5110000 5590652 1940652 7310371 7310205 5110829 5590652 5110560 7310652 4920652 1940993 5110653 5110350 7310371 5110812 1940652 6270652 5110829 4920652 1940652 5110993 5110653 5110812 5110653 1940652 5110350 4920652 5110006 6110652 1940205 1370652 5110829 5110560 7310652 5110924 1940371 1940652 5110006 5110006 5110395 1940652 7310889 5110812 6110652 5590652 7310571 7310829 7310877 1940993 5110350 5110045 5110653 5110812 1940371 5110812 5110984 5110483 5590652 1940652 5110931 5110652 7310835 6110652 1940652 5110812 5110483 5110812 5110006 5110809 1940196 1940196 1940196 5110000 7310205 5110549 1940652 7310371 1940209 5110006 5110212 5110404 1940652 5110000 5110549 7310938 5110924 1940371 5110812 7310835 5590652 1940652 5590652 5110560 4610652 5110812 7310652 7310415 5110872 5110924 5110006 5110004 5110430 5110653 7310205 5110430 8430652 5110564 5110167 5590652 7310928 6110652 1940652 5110872 3680652 1370652 5110653 7310835 5110731 7310877 5110404 5110549 8060652 1940973 5110560 5110045 5110045 5110653 5110984 5110571 5110006 5110633 5110877 1940652 5110560 5111011 5400652 5110880 5110765 5110045 5110829 5110371 5110350 5110836 5110800 5110653 5110561 5110560 5110924 5110812 7310835 5110653 5110501 5110006 5110741 3270652 4920652 5110004 5110880 5110000 5110653 5110430 3270652 5111011 1940973 5110800 3270652 5590652 5110653 5110745 5110872 7080973 5110924 5110877 5110812 5110000 5110045 5110214 5110483 5110372 5110006 1940371 5110836 7310877 5110560 7310419 5110212 5110812 5110371 5110045 5110212 5110350 5110205 5110004
3390752 3700857 3700857 3700857 3700857 3700857 520857 8190071 8190872 8190894 8190920 8190071 8190991 3390752 8191023 1760973 4630602 4630602 1600973 4630004 1760973 7090973 7090973 8190516 8190961 2080961 7090973 3730820 4630200 4631010 4630743 3731010 4630004 7090857 7090973 4630518 7090973 4630870 4630602 4630857 7090973 7090973 7090973 3390870 3390870 3390870 8190812 8190812 3730000 3730880 8190560 9350212 4990857 730894 3730770 3730964 3730004 3730767 4630638 3730004 1760973 7090973 7090857 7090973 7090973 7090973 7090973 7090973 7090973 8190969 4990770 730772 4990752 5231002 730739 730928 7980973 3731002 3731002 3731002 3730004 3730560 8190006 8190560 8190987 8190071 8190894 3730496 1600973 4630964 1760973 7090973 8190687 8190964 730857 731007 2761007 230496 8711007 5370924 2760857 4720857 2760673 2760770 910857 8870772 6350964 10140496 9350924 9760752 3470857 9350752 9710752 2080743 8190752 9350176 3470857 8190952 8190371 9710371 9710371 9710371 8190371 8190371 8710857 8710857 8190782 8190894 5230857 8190880 3700857 8190560 3470870 8190741 8190560 8190961 8190424 3390870 4630930 5371010 5371023 4630043 8190930 5370835 3230930 4991007 9710930 6350872 730857 730963 5370770 8190441 6760741 6760872 8710923 6760006 3730205 8190969 2760857 8190422 8190071 8190504 8190516 5370752 3930930 4990304 4990741 3230527 3230422 3230857 9350888 5370741 3230466 8871007 730687 730857 2080930 8190896 8190897 9760857 8190960 8190176 8190687 910371 9710872 9710857 2080864 8190770 8190752 3470930 8190071 8190770 250969 3950729 250969 8190969 8190969 3470857 3930767 8601023 8190894 8790857 3950960 8190870 8190770 250752 9040857 8190560 9040857 8190414 7790857 3390580 1760973 4630870 5371010 5370772 7790857 3390930 9350924 8600496 8190920 8190888 8190071 3470987 3700857 9710729 9710729 3470857 9710857 2080414 8710857 3470857 9040857 8190894 2080857 3700896 8190969 520857 3470870 8190888 3470857 9040857 3950960 3390960 7790857 7790857 3950371 3390870 3390870 4630870 7090973 7090973 4630870 3950870 3390870 3390930 250743 8190920 3390930 4630518 3390870 3390870 3390870 3390870 4630518 7090973 4630857 1600973 1760973 4630364 4630602 4630004 4630602 7090973 250580 8190519 4630580 4630602 4630602 3731023 4630602 4630200 4630200 8191023 9350984 9351010 3700857 9350796 3730870 4630928 4630870 4630857 1760973 8191023 250964 4630004 4630913 4630518 4630870 7090973 4630870 8190496 8190504 4630770 8190043 4630752 8190913 8600870 8190205 3730993 8190071 9350924 8190741 9710857 3730460 8190560 8190870 5370371 5370961 730857 5370961 8190961 8190560 5370741 3730961 4630961 4630741 3390930 3950364 5370964 250930 8190894 5370896 8190969 9350561 9350796 9350870 9350880 8190870 8190960 8190770 3730870 8190496 3390960 8191023 3390930 8190969 730492 8190961 4631007 4630913 4630870 8190870 8190913 9040857 4630870 4630870 4630364 4630602 4630870 5370930 5370930
8550857 8190043 9040857 9040857 9040857 9040857 7790857 9040043 7790857 7790729 7790857 7790857 8870043 3950043 9040857 9040857 9040580 9040857 7790560 7790560 7790857 3950043 9040857 9040857 3950043 3950371 2570043 9040043 8190043 3950043 2570043 3950043 4630928 4630930 4020212 6660930 6660796 230809 2760741 3730268 3730960 4630638 3730741 3730004 8190809 8190741 8190888 2750857 6580872 2750796 4020304 3930646 2750870 300560 3470422 5650414 2760960 6660741 2760857 3730993 8190460 3700930 8190741 2760857 7790857 3700770 3701023 9710928 8710752 3950960 10140212 3730996 3730422 3730646 3730928 4630928 3730646 4630580 3730646 3730004 3700857 9710857 8710809 8710646 8710770 3700770 9710622 3730767 3730767 3730004 4630960 4630741 3730043 4630043 7790857 8190043 5230466 5230466 5230580 5231023 9710580 9040864 7790770 8870580 9710205 2911023 6901023 9710741 5230969 9710043 5230043 300923 3700519 5650350 9710350 300414 3700043 9040043 8190371 3700741 3700414 9710363 910519 8790414 9710386 3700836 3700836 3930043 10110560 9710857 3700857 5230872 3930166 2750166 9350166 3930166 3930809 3930623 8600743 3700964 5981023 8600071 3470743 10011023 3470857 5230961 3700580 3230770 9710580 7790857 8870812 8330996 8330422 230996 9710297 8710527 9310422 8710575 230016 230504 2760752 9710920 9710043 730646 8871007 3471002 8711007 7790743 3230205 3230996 300422 3470422 8870422 8190516 3470200 9710200 3730561 3730304 4630043 8190000 8190812 9350043 8710422 4020000 5230996 3470527 3230560 9710527 9710297 3930743 3700739 8600071 9710071 9710462 3930920 9710297 9710833 230770 230767 9710996 2760952 9710767 8710870 2760666 8710870 9710422 9710770 3470200 3730504 8190646 3470930 2760952 6660561 230752 6660460 2750422 3230527 9710856 6660996 300212 6660561 730752 730880 300422 9710304 3700996 8190752 9710782 8710437 9710422 9710770 8710752 9710996 8710527 3730071 3730000 3730767 3730812 8710857 3730164 8710014 730701 300422 9710043 8710796 9040857 8190993 9710334 8190496 9710466 8190812 9710857 2080770 3470987 2760071 230006 2760460 230560 8710812 230743 2760527 9710770 8710782 3930961 8710228 3730004 8190937 9040857 7090857 3731010 3730561 3731010 4630857 3731010 3731010 10140160 10140422 10140422 730857 730071 1920948 730930 2750043 730930 730460 230963 8870043 730043 9040580 730496 7790857 7790841 3730212 3730960 4630857 3730888 3730646 4630004 3470857 3470857 3730004 3730004 3730004 3731010 4630200 4630960 1600973 4631010 4630857 4630580 9710782 8711023 6350752 2750996 8710527 730422 730460 2750812 3700580 3470580 8870580 3470422 9040580 8190560 3730422 3730560 4630857 4630928 4630043 9710801 6660952 300872 2760809 6660460 300924 2760371 2760527 3700580 3470043 9040580 8190880 8190560 8190043 9041023 7790841 7790580 7790937 7790964 7790870 7790937 3950772 7790841 4630638 1760973 3731010 3731010 3731023 4630043 3731023 1760973 4630071 4630772 4630870 3470857 6760880 3700752 3470930 7790770 9350176 730948 3230646 8870741 3470752 7790743 2760857 2760371 8190371 5231023 7790888 9710422
10011023 2080743 3470458 3700071 3700770 9710928 3470752 3700770 9710857 9710920 8710743 9040176 730492 4990888 9350800 10011023 910896 3930964 911023 3700071 3700752 9710969 8710285 730364 8710930 7790441 8710622 5370743 3390930 5370071 2760741 2760857 230857 6660527 730800 6581023 9350996 3730460 8190801 8190043 8190913 8190422 3950043 7790857 10170857 8190870 2760857 2760770 9710801 2760752 2760801 3730996 9710739 2760963 4630071 8710870 3470074 8190770 3390752 8190920 8190991 3470963 3390743 3390743 3950043 3930857 4990160 730373 730996 730422 8870580 3230371 1550466 1551023 8710371 2760864 2760178 2760414 3730371 3730767 3730422 3730809 8190466 8190770 8190960 9351010 10110857 2750646 3470782 3230043 9710414 8870580 730752 730414 9710752 7790948 6350414 5370870 3730930 3730896 3730896 3730894 3730820 3730870 3730743 3730519 3731002 3730043 8190930 8190930 3731002 5230930 230857 730857 230006 9710872 230872 8190864 8870580 9350043 3470580 8190687 9710857 9710212 9711023 9710752 3930752 910752 8711002 8710205 6900880 3230924 5230527 5230212 8710560 8190880 2080743 8600964 5370743 9710857 2080857 2080743 9760964 2280857 8190896 10010857 3730004 3730043 3730560 3730820 3730561 4630857 3731023 3730176 1031010 4630870 8190519 2080864 8190872 2760857 7790894 3950924 8190006 9040857 9710920 3470422 9710812 8710304 9710304 9710575 8710575 9710739 9710739 2080857 8190896 9710770 8190741 8190560 8190913 3471023 8190937 8190894 9350782 2760043 8190460 2080857 9710802 4320857 3950414 3950960 9710857 9710864 8190371 2760857 2760857 2760960 730754 730880 910212 910212 8190414 8190561 8870212 8190960 9040857 8190952 8190560 8190767 9760857 6990857 8190942 2080857 8190770 8190952 9710801 6760752 910857 9710770 3470496 8710857 3390743 8190071 8190071 8190991 3470857 9040857 3470857 3470857 3390752 8190560 9710857 9710857 3470857 3700857 8190752 4630071 3470857 10170857 9040961 3700836 3700166 3700166 3700075 9040836 3700166 9040836 9040836 9040836 3700580 9040580 2570580 2570580 2570580 2570580 2570580 2570580 3700857 9040285 9040857 5370833 7310754 8710923 10110952 9710857 9350888 9710963 2760743 9710519 6770948 4990043 2750872 1550496 5230422 8810496 3930043 5230304 1550037 3930441 5230952 5230212 3930527 6580560 3930212 6580984 3930996 3700575 3930796 3700809 5230560 9710739 3700770 8710923 3470987 9710037 9710964 9710969 8190496 8190920 8190969 4630888 4630969 7790741 9710743 5230754 5230984 9710996 8710422 9710770 6900767 8810924 8710809 9710741 8710952
7790888 2760638 230458 5980043 2760743 5370687 3730460 9350964 9350743 9350560 3700930 9710516 8600504 8870872 9710371 2080924 3700741 9711023 10140880 9350460 730930 730857 3230575 730996 5370560 730857 3230527 730560 3230772 6900880 3700772 3700519 3700772 9710880 9040996 8870812 8190687 8190894 9710544 3470857 3470857 3470857 8190880 8190770 8190560 3470812 3470857 8190996 8190653 8190560 8190560 9040857 8190000 9040857 8190996 8190560 9040739 8190000 8190880 9040857 3470857 8190560 8190812 8190812 8190653 8190560 3470857 9040812 8190000 7980973 6771010 3730241 3730422 3730422 3730580 3730304 3730580 3730653 9350560 3730422 8190422 8190205 8190000 3730880 8190996 8190422 8190422 8190000 8190996 8190996 2760857 3470857 8190812 3730880 3730000 3730996 3730527 3730560 3730422 7310043 3730772 6760772 3730560 3730422 3730004 3730205 3730043 8190043 3730560 8190770 6761002 6760752 2760857 3730004 8190897 8190894 6760687 9350894 8190894 8190973 8600857 3731002 7980973 3730519 3731002 3730964 3730043 8190043 230857 7310870 6760930 1030638 3730960 3730004 3730770 3730964 8190043 8600857 8190519 3730770 5981023 8190422 3730519 6350743 3730743 3730004 3730004 9350743 8190782 9311023 8710930 8330857 8710963 8711023 6760888 8710964 8711023 8190496 8190765 8601023 6350043 730923 9350930 10140973 1920857 4990928 730960 4990770 4990741 9350996 9830466 5370580 3730205 3730560 7311010 3731002 9350700 7090973 7790857 8190765 250200 8190930 5370419 8190930 8190466 8190496 7790857 3730928 3730363 8190765 8190772 3731002 3730646 8190930 3730004 6760652 3731002 8190961 4630580 8191002 8190043 7790857 8190043 8190043 3730460 8190043 8190496 4630043 1760973 8190770 8191023 4630833 3731023 1760973 8190646 8190496 3950960 7790857 7790857 7790857 7790752 7790857 7790857 7790770 8190770 8190519 8190519 8190519 7790857 2760857 3471023 8190801 8190801 8190894 8190767 3470857 8190560 9711023 9710812 8190205 2760964 3470857 3470560 9040857 9711023 3470857 3470200 2080422 9040857 3470857 9040857 9040857 9040857 3470857 3470857 2080857 8190812 9040857 3470857 9040857 3470527 9710519 8710519 2760770 8710422 9710071 3470575 8190770 2760857 6760071 9830561 6660043 6581023 6660304 730996 9711002 8710527 4020000 3230205 730743 8710928 3230000 3470200 8600560 3250560 7790964 3470200 3470205 3471023 6660752 9710085 9710888 5230071 8710205 9310767 8710987 3470743 3470894 3471023 9710991 7790964 9710920 2760812 9710565 2760752 8710453 2760960 230770 2760923 9710519 7790752 6760952 1030993 2760857 230809 6900772 9710580 230796 6660770 230952 230373 2760752 2760880 8710801 2760071 2760754 6660527 2760371 9710996 9710770 8710646 9310422 3700043 8710996 3470580 3470743 2760995 9710752 8710176 3470205 3470857 3470920 3470987 9710043 2080960 9710864 2081007 8190687 6760422 8190422 5370812 9350000 2760371 230653 6900043 9710872 2760167 2080580 9710519 3470560 230812 2760930 8190205 2760857 8190801 2760801 2760652 2760801 230422 230006 9710297 9710996 3470527 3470580 3470422 3700752 301002 3230996 9830006 9710212 3230043 730928 5230228 3230928 3230928 3700743 7530371 3470743 2080743 9710516 9710772 9710920 7790964 730205 730741 730996 9040580 3470580 3470743 5370743 9710930 5230930 3470285 5230743 9710653 3471007 3470995 6660752 301016 301016 9350752 300212 300923 6900952 3470923 301023 3470857 9040857 3730924 4630371 3730952 3730924 3730767 3730560 3730809 4630857 4630857 4630857 3730646 4630857 4630928 4630371 8190560 8190043 7790937 5370043 2760857 5370870 2760043 2760646 7790857 2760652 7790580 7790937 7790913 7790560
9040996 6660527 9710422 8870460 9710575 8710995 7790580 8710176 9710176 8710560 7790888 7790894 3470987 2080560 7790743 9710071 3470987 9710743 9710770 730043 230948 2760930 230350 230414 2760812 2760964 2760924 8710991 8710560 3470043 9040043 9710043 4990460 2751023 3230144 2750870 730228 3230752 3230386 3930228 730166 9710200 9710200 8870741 7790770 3230809 8870580 730969 4990800 730870 730741 3930580 3230212 3230228 3930752 5650496 8710285 8710212 2760770 9710422 9710752 8710527 2080770 7790888 2760646 6660888 6660460 6660371 6660880 9040144 3470857 3470857 9040857 9040857 9710071 9710920 9710304 300920 9420496 8710453 2760960 9710085 9710414 9710930 9710752 8710527 2760422 9710297 3471023 8710920 2760857 6660996 2760857 230812 2760043 2760770 5230176 2760006 8190888 2760560 7790741 7790857 8190071 7790937 730928 730930 730743 730870 730870 2750496 730739 2750212 2750996 730739 3931007 730928 3700924 3700767 3700752 9710767 9710960 3250414 8710809 8870741 3230285 730809 8870571 7530729 520580 730937 4720580 7790580 250580 250930 3950043 5370043 5370460 7790857 5370460 7790857 7790841 7790937 8550772 2760770 8710801 2760071 3470743 7790743 9710527 6660350 2750812 8190071 3730996 3730527 3730964 3730888 3730560 3730560 3730560 3730006 3730371 10140930 4020996 5230422 8710646 5230422 3470144 9040996 3470200 910996 2760960 8710870 9710373 9710752 8710580 7530580 7790580 7530580 3470580 9830496 9830422 2760304 9710870 2760920 9710519 5980920 8710964 8710888 8710176 8710812 3470560 3470560 9710739 4020000 5230519 3730653 3731010 3730000 3730857 3730880 3730420 3730812 3730812 4630857 4630870 2760738 9710801 230948 5230580 6990580 2760924 8190144 6760006 4630243 3730580 3730350 4630741 3730646 4630741 4630960 8190937 8190560 5230200 5230969 3701023 9710519 8190357 8190357 3700812 9040580 8190646 9710930 5230466 5230466 5230414 7790770 7790414 3470580 730809 730144 3230836 2760371 5370364 3730519 3700166 8190741 8190519 3950930 3950960 3950371 2760857 5230801 230924 2760414 2760872 230653 230872 6660772 6660741 6660422 2760006 230880 2760560 10011023 8190964 8190561 3471023 9040857 9040857 10170857 3950560 7790857 7790857 5370043 5370930 5370930 5370043 5371023 5370801 2761023 2760930 5370870 250930 7790870 7790937 7790913 7790857 7790937 6660527 6660043 6660043 6660043 3470580 8710770 9710043 9710767 8870043 6660580 1920212 730738 730460 301002 3700598 8190930 6660527 230144 6660995 6661007 2750006 10110872 8710864 8790741 6901002 6660633 3230373 6660047 3930527 9711002 9710996 3470527 9710770 3250363 8710176 8710422 3470743 3470743 2760743 3470743 2760653 2760743 230653 6660561 6660304 2760812 5230880 230924 2760527 6660221 8870043 9710864 3230212 2760580 4020996 9831023 3230560 3230812 3700880 3471007 8190043 8190043 9710864 2760414 2760519 6660770 6660767 6660460 730363 2760928 7790519 9711002 730924 5230043 6660741 730338 2760770 2760646 7790937 7790371 5370741 2760285 300422 9710952 2760880 3470880 3470857 8710304 9710996 8710857 3730812 3730888 1600973 3731010 3731010 3731010 4630857 1600973 4630743 3730653 10140006 4020466 2760243 8710422 2760580 2760952 8870580 9040580 9040580 9040857 9040043 2080857 8710560 5230872 9710527 3731010 3730770 3730952 3730646 3730043 4630043 3730770 8190741 3730864 8190872 9710930 9710930 8190920 8190995 2760602 8190801 8190602 8190602 8190602 8190602 1760973 2760857 8190602 8190937 6660000 4020000 3700739 300422 9710812 3470212 7790969
9040857 6660160 8190960 2760741 9350754 2760857 2760857 2760841 9350754 8790741 6760960 8711023 6350888 8710963 9350741 9350071 8710228 9421023 8710930 3730164 3730888 3730767 3730928 3730888 3730809 9710857 8710466 9350071 9710857 8190770 6350743 9350071 4990071 9350071 5230772 5231023 9710414 9350741 9350741 6760752 9350687 9350516 9350580 9350752 8190809 8190414 8190960 8190752 8190952 8190770 8190752 8190741 8190770 3730928 8190752 3730770 8190960 8190752 9710857 8190770 8190741 8190357 8190960 9710466 9350796 9830796 6580212 10140880 9710857 9350527 9710857 8190888 9710200 9350178 8190071 8190441 8190205 10140880 9350422 8710857 9710857 9710857 9350422 8710857 3730241 6760770 8190285 9710857 9350373 5370071 8710857 9350071 231010 4990071 5230772 8790741 8600285 9710205 8190770 9710923 9710857 8190043 8190960 8790857 8190741 7790964 8190812 3470930 9710857 9710580 3470285 3470923 3470085 3470923 9710646 8190952 3470580 3470923 8190770 9710580 2760371 6660221 730836 5230504 6660221 5230422 8870043 9710527 9710812 3470085 9710071 8710987 9420560 9710770 8710014 2760809 9710952 8710960 230071 6660000 2750561 9710961 3730004 3731010 3730006 3730924 3730357 3730357 3730004 3730741 3730004 3470857 3470857 8190959 6350857 4720857 9040580 7530580 3250580 8870580 730580 3230580 3230580 3230880 3230880 9710880 9710960 9710752 3700282 7530422 8710770 3230770 8190770 3470200 8190741 8340580 9710928 300504 9710770 9710414 9710767 9710752 3470752 3470200 8710350 8710350 6900350 9710864 3470872 230350 230350 2760948 7790924 2760043 6660460 730043 730928 730960 730809 3230414 910924 910752 8871007 9710496 3930422 910752 7530767 3470560 8710437 3470743 9710743 3470743 9040961 9710770 8600071 3700960 8710729 3700739 8710880 3700996 9710371 4720942 5230959 730924 3250006 3730006 8190571 3230888 9711007 8710560 3470422 3470743 5980646 9040580 8710453 6900767 3470285 3470085 3471023 8190422 1030993 2761023 2760857 8190519 2760857 3470952 3470285 2760752 2760350 9710864 3470580 3470894 9710176 2080960 8710085 300952 3930166 3700960 3700836 7790741 3470952 2080752 3470772 8870741 5230504 910371 730928 730960 9711002 7530414 2760504 2760043 2760741 7790770 9710923 9710414 8710043 2760741 230622 230770 2760923 230767 2760414 2760770 2760178 2760770 3470923 2760767 6040519 2760809 1551023 230371 230371 4720580 730363 3700282 3930580 910924 3700961 9710767 9710961 3470085 8190870 3730185 250772 2760857 2760857 2760809 2760767 7790144 2760872 2760338 9710891 2760770 7790770 9040043 9040043 9040580 9710928 3700752 9710496 8710809 3700770 9710752 9710496 3700770 9040772 3470772 3700960 3700770 3700796 7790652 7790857 5371007 5370841 8190913 7790580 7790580 5370770 5370809 2080870 4720870 7790870 7790580 301002 300812 3700752 3700071 9830496 9830422 3230812 730460 3700282 9710996 8710176 2760743 2760043 2760743 6660743 6660043 2760043 6660178 300496 2760948 8710770 730212 7790770 9710043 9710043 300285 9710414 5230770 9710741 9710414 3470924 9710752 8550414 5230809 9710006 5230646 9710741 4720741 3470580 7790841 230504 230809 2760738 230952 7790870 2760561 9710767 9710752 8550519 7790888 2760770 3950960 8190809 7790770 3471023 3950960 730928 2751023 3230870 8870870 8870880 2760770 9710544 8710422 230767 2760948 5230043 9710920 7790560 8710014 9710519 7790741 9710782 9710888 8710888 8710743 8710259 8710743 3470743 7790770 8710964 8600743 3470743 3700741 9710043 2760371 3470200 8870924 3950371 4720414
3930560 1550984 2750872 8330996 730633 3230772 730880 8870422 3230772 730752 3930872 3230996 2750924 230527 230205 730996 2760752 2760504 230560 8710466 730743 730114 730767 8600772 7790770 7790841 730205 3930371 5230037 8710770 8710770 9710085 2080752 6660414 5230729 9420809 9760924 3700923 9710646 7980973 7980973 5370602 8190602 5370071 8711023 3470987 3470200 2080770 9710496 2760741 2760857 250894 8190071 2760857 5370071 8710812 2760580 230673 2760743 2760894 9420646 8710772 9710752 3470422 9710752 8710809 8710519 2760770 2760371 2760894 8190043 3730004 3730004 5370894 8190371 9711023 8600782 2760991 8710752 9710920 2080743 8600920 9760772 3470894 730114 8711002 9710743 3230767 8711007 230176 2760920 2080519 8601023 8190894 8190519 2760176 730363 8600580 5231002 9760920 9710071 8600646 8600071 3470743 7790924 7790888 7790937 7790371 7790841 7790371 7790913 7790937 8870043 3950043 7790969 7790857 7790770 7790913 7790580 7790937 7790560 7790841 7790857 7790841 7790560 7790859 7790937 7790937 7790859 7790937 7790841 2760071 230960 5370743 6760770 9710014 7790857 3730466 3730200 1031010 3730357 10140864 8710422 8600504 9350800 730114 3470872 9710743 7790987 2760739 2760371 2760371 2760995 7790897 2761007 9710580 4720964 2080894 2080531 9310504 8710987 8710987 5980888 3230285 230924 6660453 6660580 6660741 230920 9710527 6660071 3230414 2760176 9711002 730519 9710923 2760964 3230952 2760960 730964 230741 230739 6660422 6660812 6900519 6660996 2760996 6660996 5230422 8710782 6660527 2760071 7790888 2760071 2760924 9710772 730453 230872 9710987 3471002 9710772 3700888 3930043 3930996 9710833 300969 5230729 3930770 9710729 9710969 520741 8790496 3930000 9710037 3470462 2761023 250571 8550870 8330504 730770 8190519 3730602 7980973 7980973 1760973 8190782 5370371 8190752 5980930 3700930 8710422 3930888 9710037 5981002 3700772 7310602 9400973 380004 4880973 6350580 6660560 230770 6660754 9710995 8710205 9711002 9710864 3470752 1480973 1030638 3731023 5370841 3730004 2760857 8710930 5370772 9710085 2760767 2760687 2760896 2760812 7790870 7790812 2760646 230496 2760560 2760767 2760071 9760964 2760894 3470043 3470752 7790894 230743 230809 2760889 9710441 230375 5980043 2760580 2760809 8601023 5370812 2760652 2760857 8190496 7790741 7790888 7790937 7790937 7790841 7790841 7790937 730646 730527 6660373 730422 1920948 730560 6660460 730560 730043 730653 7790043 730653 9710996 1920796 2750812 3930386 2750653 3930441 3930653 10140205 3730004 10140560 8190752 9350952 9710857 9420560 8710729 9710924 8710770 9710752 2080770 3730004 3730888 3730004 3730638 3730560 3730770 3730743 6660338 6660633 3730580 9420466 5370948 3730770 8190770 8190460 2760043 9420952 2760043 730496 2760228 3730519 3730071 3730809 3730770 3730259 3730071 4630913 10140993 3230930 3230371 3230228 4991007 3230228 730969 730363 3930969 3930371 3230969 3930743 3930228 7530350 910752 2080924 4630896 3730176 3730964 3730820 3730673 4630894 4630371 4630894 3730458 4630964 4630857 4630160 4630857 7090857 7090973 3390888 3390752 3390770 3700770 9310422 3700741 9710969 6660580 6660176 3700870 8710743 8710259 8710872 8710930 3230653 6900043 1550872 230872 6660996 7530580 8870741 3230856 3230000 3470527 3470200 3250580 5230969 910212 9420952 2750924 6900924 8710285 9710414 2760687 9760371 8790959 5230969 730228 9710085 4720580 9710580 3470580 7790969 3470743 9710729 9710920 910414
520960 3950924 3700741 9710741 9040285 3950371 911023 4040200 910043 8190952 3950496 3950960 3390964 9710826 2760752 2760770 7790743 7790741 2760952 2760743 2760178 2760043 230924 5231023 2760743 2760580 2760964 7790857 4630896 8190176 3471023 8601023 7790857 5980466 5981023 2760920 7790888 3470930 2080770 7790752 3470496 8710043 7790888 9710857 9710857 9711023 7790741 7790580 4720857 4720857 3730043 3730460 8190930 8190969 8190961 8710770 7530864 9710770 8330924 5230930 8190741 9710496 8190888 8190770 9710496 8710646 7790560 9710441 8710812 9350952 8190458 8190752 8190913 2760743 5370071 3950930 5370896 7790857 7790857 7790857 7790743 7790857 7790894 2760857 3250504 8710516 3470200 8710770 3250952 9710888 8190770 8190205 7790857 5370924 7790422 3470995 8710176 7790872 9711023 5370752 5370602 6771010 5370602 5230406 5231007 5230453 9710386 3471007 3230864 2760961 9710006 9040870 2080205 3390960 2760963 8190519 8710006 3231023 3230386 8330560 8710422 2760960 8710414 8190422 6760422 4720205 4720414 7790857 5230504 3230872 3230414 9710205 3230212 730796 9710752 8710739 3470987 7530560 3250006 9040864 3950560 8190205 8190741 3950960 3950043 4720363 8341007 4720371 4720857 9040857 7790857 8190687 7790870 4720544 4720363 4720857 9710544 2760872 3470743 9040870 3470200 4720200 4720200 4720857 8190870 8190913 4720363 5370144 730743 2760752 2760071 2760752 730519 230743 9710772 10110767 8710519 3470987 730964 3230833 4990924 3230373 3230373 230752 8711002 910772 9710085 7790770 2760580 5370560 1030580 2370973 1031010 1031010 1030580 1030993 6760743 6350888 3470580 2760516 2080580 250896 8190894 250964 250930 250519 2760894 230212 2760752 8870987 2760770 3470441 230767 2760743 230743 2760071 8710580 230952 230880 230006 3230373 9710770 5650414 6900920 3230772 7790743 3470422 7240969 7790961 5370424 8190519 2760964 2760964 230304 730888 8710422 2760752 8710964 2760458 5981023 3230743 3230752 3230560 9710297 3230880 3230504 8710519 3230646 910519 5230304 9710961 8870422 5230646 7530371 910371 9710969 9710872 910200 910285 8710741 4020800 3700770 9710200 3930422 3930205 3930304 3930767 9710043 8711002 910741 730371 910200 910739 910739 9710739 3930043 910560 9710272 7530043 3470200 8190741 9711002 9710880 910212 520371 7530205 3470373 910496 7790770 8870304 910544 7530560 9040969 9040969 9710969 910043 9710646 7790913 7790969 910880 7790969 3470043 7790743 7790969 9040969 8711002 3700770 7790770 9710743 3470743 7790743 7790969 7790969 9710880 7790752 3250987 3950205 8870043 7980973 4991010 6760930 4990043 6770638 2760043 730857 2760894 730560 730200 2750880 2750969 2750796 2750205 1551023 3930371 3930960 2080770 9710969 9710969 9350752 3230770 9350888 730857 2750575 5230406 3230205 4020212 9830812 9710304 9830496 3700422 7790516 2760969 8710752 9710073 9710782 3470987 8190767 6350920 7980160 3730004 7980973 8190930 1760973
8550580 3470580 1760973 3730241 2761010 8190752 7790857 2760809 7790857 8190519 8190770 8190519 8190071 7531023 9040580 8190888 8190913 8190752 3230560 5230453 9710519 5230754 9710205 2760964 2761007 5231023 3470743 3470074 6350560 8190071 6350857 2760857 2760857 2760857 8190519 9710205 3930752 5230350 5230350 910285 5230920 9710006 3470872 9710930 9710864 910414 910071 910205 8870924 3470200 7790857 7790205 7790937 9040043 5370841 8870812 7790857 8190205 8190560 3950812 9040043 2760560 2760519 2760560 6660422 2760580 2760646 7790580 2760580 2760580 2760580 2760580 2760000 2760580 9040870 9710297 2760000 250993 2760646 2570580 3701023 3470205 3700205 7790857 7790857 7790519 2760422 2760304 6660000 2760580 2760948 2760228 2760580 2760580 2760580 2760580 2760580 2760580 2760560 3470870 8870580 3950371 9350743 2760741 2760987 8330560 730743 6660743 8600782 2760462 5230920 9710870 9710870 2760812 3470870 8870870 9710739 8710739 5230504 9710770 9710770 5230767 9710770 3470205 9710371 9710864 8710741 9710741 6900504 6901023 9040864 8710176 3470894 8710228 9710987 8710891 8710888 8710176 8710646 8190646 8710924 910285 3250205 910519 730519 910519 5230923 9710386 3470285 9710741 2760414 8190285 9711023 3470200 2760205 5230406 2760071 8190519 2760920 9710285 2760872 7790770 5370741 4720888 6760371 230963 230006 2760782 230167 5980770 8710930 230504 3470580 7790519 9710770 8190872 8710872 7790857 8190960 2760920 7790519 4720519 8870870 8190993 7790937 7790841 8190809 3950960 9710544 4300857 8870741 7790857 8190993 8190371 9710544 6660872 3250560 8190770 8190519 7790741 2760743 7790857 2760913 7790770 7790857 2760964 730752 9040961 2760741 8710453 5230646 3470373 9710872 3470857 910371 7790857 3950043 9040043 4720857 3950043 7790857 9040580 7790857 3731023 3730984 3730729 3730729 8190729 9350729 9350729 8190729 8190729 8190729 3950729 8190729 8190729 8190729 8190729 8190519 8190516 4720857 3731007 3730228 3731002 3731002 3731002 8190930 8190071 8190930 8190687 8190964 5370924 9350888 3470200 910043 8870414 910285 8190741 730857 8870772 730913 730924 5370743 730857 730743 731007 8600772 8710453 9710496 9710414 8190964 3730285 3730043 1031010 3730200 7980973 3730200 4630282 3730646 8190809 5980466 2760043 7790897 8711002 3700924 3470200 2080519 9711023 7530371 9350913 520857 8870741 8190969 8190071 3731002 8190043 2760857 7980973 7311010 7980973 3730462 3730386 9350930 6760920 5370729 8190870 8190752 8190518 8190424 8870741 8190812 3470200 3700743 8870580 7530580 8870580 3250580 4720857 4720516 9040580 7790752 7790857 7790857 7790857 8190772 8190646 3730549 7980973 3730357 1031010 3730646 4630357 8191023 8190741 3950930 3950422 8190812 7790857 8190913 3470857 7790743 7790841 5370930 1030160 6760920 6771010 5370772 7980973 6770160 6771010 6770638 6770043 730857 2760930 5370043 2760857 730857 7790857 7790857 8870043 7790772 5370772 2760408 2760043 5370071 5370993 4720200 4040200 7790964 7790961 7790964 7790741 7790964 9040857 7790857 2760754 2760205 7790519 2760580 2760580 2760580 2760580 2760580 2760580 2760580 2760560 2760560 2760560 2760580 2760560 3470200 3250560 9350964 8710176 8190458 6660754 2760964 2760580 2760580 2760857 2760964 2760857
9350996 6660796 2760580 2760930 6660930 731023 6660930 2760857 730857 2760772 6660952 6660767 2760857 7790857 2760857 2760741 2760857 2760857 2760043 2760857 7790519 2760200 2761023 2760928 2760841 2760928 2760928 9350964 9350930 6660243 2760857 9350043 6771010 6660043 6760043 9350043 730930 730796 730043 2760857 2760043 730422 8190930 9350043 6760857 2760422 2760857 730560 2760272 2760930 9350580 730580 730857 730870 910580 10220857 730870 6760580 8870870 6760580 7310460 2760857 2760930 6350930 8190930 9350930 3730772 9350930 8190964 2760857 2760930 2760870 2760857 2760754 2760870 2760870 2760870 250752 2760857 2760857 2760519 2760896 2760176 2760870 1030993 8190870 2760857 6760519 2760857 2760857 2760857 2760857 5370071 2760857 2760870 2760363 2760741 8190870 5370754 2760937 7790519 2760544 2760754 7790857 8190519 8190519 2760924 2760741 2760928 2760580 5370741 2760928 2760770 3230952 9350752 9350880 3230857 8870741 2760857 2760857 3250857 8790857 6660809 5370880 9350414 9711023 2760646 3250422 8870812 7530371 8870796 8870880 7790961 911007 8871007 3230767 4720363 3230496 3230212 2760770 8870870 3230870 9711023 2761007 9711007 6350496 2760857 2760812 2760857 9350580 2760580 2760580 3250580 8190870 8870580 3250580 8870870 9710857 2760000 9710857 9350560 9350460 730228 8870580 9350580 9350228 8870948 8870580 9350228 9350729 8870580 730580 8870580 730937 9350580 8870580 8190460 9350580 5370580 5370580 5370580 730228 8190228 730729 6660580 7790043 5370580 8870796 7530580 2760857 2760928 8870870 8870580 5370071 8870741 8870518 2760812 2760504 2760560 8190071 2760752 2760870 2760772 2760812 9710870 8710870 2760857 5370460 8190964 8190043 2760857 5370770 8190043 8190752 2760857 9710864 6660212 8870741 9350796 3700285 3700880 9710544 2760809 3700519 3700212 2760561 9040580 7790741 8870796 3250880 9710212 9710796 2760880 2760765 3250767 2760894 3470200 7790894 2760880 2760937 2760841 7530519 2760363 2760741 3470200 3470386 8870741 3470200 2760841 9710285 7790888 3470200 2280519 1031010 1031010 5370801 3731002 4630930 6760930 5980930 8601023 8710743 8190888 9350964 5370894 6660930 6660930 2760928 2760928 9710772 9040772 6901023 3930772 8600560 5650205 6760687 6660243 3730560 8190560 1600973 3731023 4630857 4630928 4630419 3700857 9040857 9040857 3950043 7530043 3470200 9710996 3470422 3250422 230880 2760527 3470772 2760071 2760880 9710801 2760942 2760212 6760964 2760796 7790857 6040519 3730646 8190043 8190043 6760687 8190516 4630942 3731010 3730004 1760973 7090973 4630043 8190466 6760371 3730004 8190371 8190913 7530414 3930166 9040836 3930741 3930770 2760857 7980973 7980973 1480973 3730241 3730880 3730004 5230857 3700770 3700770 6040857 2760752 2760770 9710782 2760496 2760857 6760770 6760896 2760964 2760857 10011023 3700743 7790687 7790937 8190913 1480973 1760973 3730646 1760973 4630857 7090973 8190829 3250006 3700071 910928 3700770 910767 2760880 3470772 3470200 2760952 2760752 2760212 2760416 9710930 8190176 7530560 3930937 3700770
730812 730996 3230996 730043 3230043 730043 730857 7311010 7310004 7980973 9350930 730857 8190043 4990160 7790857 3950414 8870043 8710646 3230304 9710527 300856 5370770 3731002 3730996 3730646 3730993 3230857 8190961 9711007 8190964 8870043 3700864 9710527 3700414 8790812 5231023 3470205 9711007 9710371 9710872 7790371 8600864 3250350 730812 9350006 910200 910371 730961 8870282 8870741 730913 4720544 5370993 8870870 8870043 3950043 8870043 5370043 8870580 5371007 8870580 5650741 730924 7790969 8870414 9350880 9350996 5650560 5231002 3230880 3730996 3730422 3730004 3730961 3731007 3731007 3230857 9710857 8190964 3230422 4020000 3230864 9710856 8710864 3471007 5230857 3230205 3230800 9710422 3700996 3230561 3700422 9711002 9710527 9350646 730894 4720200 730646 730872 730937 730961 730560 7530859 3230800 910700 910580 3470200 9710205 9710923 3230796 5230504 3470923 8790414 8870809 8190560 730880 3230043 4990460 730580 2750422 730580 730304 730741 730404 2750527 3230422 730880 3230856 3230996 730422 3230767 730880 730996 730812 730738 730043 10110043 6660414 730350 3470580 7790937 9711007 9041007 4720371 7790937 7790371 8870809 7790857 8190043 8870043 9040043 8190646 4720414 8870580 8870560 3470043 8871007 3700527 7790043 8870414 9711023 8870580 8870043 3250371 7790841 7790371 8870560 8870741 7790841 4720544 7790888 4720371 8871007 3230743 9350743 9350071 8190071 8870920 2760857 7530864 9710043 1551023 3230371 10140872 6901023 3730924 3730924 3730006 3730984 3730653 4631007 8710371 8190043 9710857 8190964 3250857 9040857 8190888 8190043 8190930 3731002 3730043 5370894 7980973 3730043 3730964 10110812 8711023 8190422 8710857 2760857 4720404 3230043 730880 4720424 9710085 8870424 3470580 9710987 3470527 8710228 730872 730043 730743 730743 3700864 2760043 9040575 3250043 3730004 3730043 8190043 8190560 8190043 5370560 250870 8190870 250870 7790870 6660043 730043 2750836 2760200 730741 6660167 6660948 5370741 2760043 2760964 3470200 2760800 7530872 4720205 7790371 9711023 8870741 7790888 8710043 3230422 730857 2750212 3230043 3230646 730770 4720964 3230996 4720371 8870741 8790580 2760995 3470205 4720857 4630243 3731007 3730043 3730646 3730928 4630930 4630200 4630282 9350114 3700580 3230739 9710996 8870424 3700205 5230812 8870205 9350700 5370043 5370043 730043 8870043 8870580 8190812 8870043 8870560 8870560 7530544 8870996 8870043 9711023 7790857 8870560 7790857 8871007 7790937 8870043 9350638 8190043 8190770 8190043 8790857 9350560 6660408 730363 2750496 3230870 3230297 9710739 3230767 730743 4720964 8190741 8190560 7790888 8190964 8190960 5370948 9710857 3930888 5230043 4020872 3230304 3230796 9710205 3230646 5230646 910996 3230888 3250864 7530580 9710864 7790888 9350043 730857 9710043 730880 5230880 8870580 3250504 2760580 9710856 2760857 6760752 5370924 8190960 8190870 9710422 6660043 730948 2750043 5230043 2760580 2760857 3730282 3730004 8190930 6760928 5230857 10140371 3700857 9350996 8710752 9710496 3700960 9350888 9350752 2760857 3230043 3231023 3470414 3470200 3231023 3250414 3700864 3230043 2760350 2760350 9710864 730167 9710864 9711002 2760741 9711002 9711007 8710864 8870741 9710864 730741 9711023 8870741 9711023 2760371 9710872 9710872 2760371 9710371 7530422 3250006 2760006 9710371 730006 3470200 8870043 3470200 8870924 3250414 3470200 3250414 8790888 3250350 4720964 8870741 7790743 9711023 3700960 3470200 2080864 7790741 2760741 7790741 3470200 2080043 8190952 3250006 7790964 7790371 7790371 3470200 3470200 2760924 230458 230995 1920857 730857 230334 5230205 6580466 3731002 5230575 5230575
7090973 10140973 8190973 8190973 8190973 8190770 9040857 3250560 730880 8870043 2761002 2760043 2760987 8710782 2760864 9710743 3470857 3730004 3730200 3730741 3731002 3730960 1760973 9710857 3470857 1030993 730741 230561 730561 3250414 3700043 9710006 3250560 2760743 2760924 2760924 8710422 3230701 3230422 9830006 3230304 9830796 6580212 4020996 3930422 730527 2750880 730527 730741 2750996 4720741 730952 730741 9710996 7790741 2760371 7790371 9710371 9710872 9710872 8190422 6760872 3230930 730857 730857 4990993 730864 730371 2750560 730282 730371 730580 730006 730000 730371 730948 730363 730560 5230767 8190752 3470930 8710857 3250857 9350560 3700857 9710930 8710870 3470422 9710770 9710996 8190752 8190960 3230200 3230200 3230200 730857 730741 731007 730580 3230580 3230996 3230560 730812 3230872 9710996 4720200 3230544 7531007 4720741 3250937 3470205 8871007 8711007 8190782 9710527 9710856 3230996 2760527 5370870 8710870 2760960 2760741 9710864 3250414 9040580 9710580 8190371 9710496 1551023 3230043 2750880 3230701 3230422 730767 730948 230809 3470043 3230960 9710200 3250580 9711023 3731002 8190770 8190371 2760006 9710857 730752 3230527 3230960 910205 5230996 7530580 8790006 3230043 7531007 3931002 3930969 3930960 3930043 3930857 3930200 3930071 3470200 3930205 8710996 6580212 3930205 5230560 3931023 8870424 9350006 7310422 3730872 3730527 3730422 3731007 3730770 3731002 3730952 3730937 3730282 8190960 3730770 8190770 6760160 8190071 2760857 2760870 2760371 2760371 4720371 9710519 3730422 9350752 3700752 8190960 4720371 9710200 3731002 8190752 8190960 7530560 9710414 3250952 3470200 9710752 4720924 8190960 3730646 8190205 9350043 8190913 3230752 730857 3930701 9350422 9710527 3930752 8870043 5230872 6660000 9350561 4720857 9350504 8190770 8190952 4720857 2760741 2760960 8710891 9711023 2080770 3230767 8190752 3731007 3730004 3730268 3730004 3730200 1760973 3730004 8190960 9351010 3231023 730963 730961 730841 3230205 8871007 3230880 3730993 3730228 3730741 3730006 3730646 3730752 3730646 3730960 8190770 6660930 2760414 730857 2760923 2080770 9710870 5370752 8190888 8190043 2760857 3250422 9710888 2760872 6900504 9711007 230560 730422 230880 230767 6660752 8710870 230504 8811023 9711007 230767 3730004 3730770 3730371 3730004 3730422 3730043 3730741 3730004 3730004 6760752 6350857 8190888 3470857 9350888 3730004 3730809 9351010 8190960 8190043 3250937 8190920 8190752 230928 2760930 2760930 2760770 730801 2760741 730752 730960 7790371 2760913 7790752 7790371 9710200 8870424 8710923 3250580 8870414 6660770 7790043 2760770 2760770 730043 9710043 730948 730043 2760496 8600580 7790580 2760743 3250205 8710043 3470200 8870043 730363 3250371 8870580 3700743 7530560 9711023 8191002 2760857 8190422 2760583 2760857 3730371 6760870 6760870 3730504 3730993 3730952 8190930 300856 300527 3930752 3700752 5230996 730373 8870205 8790741 9710969 3230888 730363 730888 3230743 730371 730371 730796 2750796 8711002 6660924 2760714 6660047 2760894 9350864 8870580 730896 730894 9350043 6660741 2760043 9710598 2760414 3470580 3250414 3470043 5370741 8190414 5370741 8190414 6350857 8190741 8190364 8190864 8190741 5370741 9350741 8190741 8190872 2760857 2760872 3700930 9710930 4720544 3230404 7531007 3230006 4720687 3470580 8190687 730928 3230200 3230969 2750812 3230984 8871007 3230580 3230166 3230864 730920 3230212 5230350 3230872 730167 3470200 3470580 5231023 5370812 2760857 3730993 3730993 9350870 8190870 6760560 3730870 10140872 9350752 9350870 2750000 4990460 730857 3230743 3230930 3230870 3230560 3230872 730948 730857 730371 730071 730043 3230870 2760741 2760928 9350924 5231023 2760560 8190006 9350560 5230930 2760857 5230043 9710371 9710872 3230043 730857 3230414 3230987 730969 3930888 3930006 3230304 9830496 3250422 910752 3730782 3730560 3730993 8190560 9350071 3230796 3230857 3230796 3230996 300422 3230767 3230767 3230796 3470422 8871007 730812 3230496 730363 3230560 9710580 9350212 8790741 4720741 3250864 9710043 4720741 2760741 3930422 9350527 9350422 3250422
8550580 730770 7790752 2760754 2760754 2760754 2760754 250519 2760754 2760754 2760754 2760754 2760754 2760754 2760519 2760754 2760519 2760754 2760519 2760812 2760754 250519 250519 7790519 7790519 7790519 7790519 7790812 7790888 8550519 3470872 2760422 2760754 2760754 2760897 2760752 2760414 2760754 2760754 2760519 2760857 2760857 2760857 8190519 8190754 7790519 7790857 2760006 3250043 8190043 1551023 9710371 9711023 9710519 2760741 2760741 2760071 2760896 2760743 5980519 6660754 6900519 6660453 6660453 6660888 6660754 6660888 6660422 2760371 2760857 5231023 5231023 3700857 6900920 9710928 3700857 8710857 9710857 9710857 230963 230770 230228 230952 230373 230752 230496 230812 230770 2760752 9710580 9710752 2760580 230952 230767 230496 230504 230496 2760071 230960 230000 9710014 2760812 2760043 2760812 2760653 2760924 2760770 2760043 9710770 9710441 2080043 3470043 9040043 9040857 8190560 9710952 9710743 9710987 230963 730801 231007 230504 230952 230752 230504 230995 3230995 3230752 2760371 730767 9710864 8710205 9710864 8710741 9710864 3700560 8190560 3470857 2760770 3230770 3230580 9710085 2760752 9710071 4720857 3470580 3730993 8190071 230920 230920 230071 2760987 230963 230496 2760071 2760504 2760964 9710752 8710259 2081007 2760964 7790743 9710176 9710896 8711007 8710453 8600414 9711023 3950960 9040857 9040857 9040857 8710743 9710350 8600924 5230888 5230176 3230006 2750006 3230371 730743 730888 730964 230006 230371 2760864 2760752 230000 2760924 3470200 2760924 7790870 7790752 3950960 7790857 7790857 7790857 7790770 7790857 7790857 7790857 7790857 7790857 7790857 7790857 7790752 3470987 7790913 3950960 3700623 3700580 3700580 3700623 3700857 3700857 3700964 3700964 2080743 9710371 8600371 5650872 730741 5231002 5981002 5230920 2760964 2760006 2760371 9711023 3470987 3470414 7790772 2760043 2760043 7790930 2760930 5370754 7790930 5370930 5370580 5370043 5370948 8870043 8870043 7790580 7790857 7790580 3950043 5370043 7790857 8870580 7790857 7790964 3250857 9711023 9710466 5230504 3470285 730770 9040580 9040580 2570580 3950960 7790770 3250952 9711023 8190466 8190964 8190894 5231023 6900920 5650872 5231023 9350176 9710462 8190458 9710285 8190964 3730888 3730741 3731007 8190964 2760857 6760160 9350782 5370282 5371010 730857 8190729 8190930 8190964 2760741 301023 301023 3700888 3700964 8810924 6900924 6660809 300414 5230504 9710496 3700414 3700743 9710888 3700043 3700752 3700888 3250043 8870043 3250772 3700960 301002 300920 6661010 6660245 6660767 6660960 6660243 9350580 9350460 9350460 8710930 2760928 8190870 3700580 8871007 4720200 8190888 8870870 7790857 4720857 9350920 2570043 7790752 9040987 3950960 9040176 9040176 3470043 7790888 7790043 2570043 7790743 7790043 9040043 7790043 3950043 3730004 8190973 8190752 8710963 9710920 8710888 9710373 3470987 9710857 5230043 5230891 5230646 9350924 3730993 9710920 5981023 8710920 8710414 9710414 8710770
3470504 2760646 2760770 7790770 8190930 8190801 3950930 4630833 5370809 3950043 5370430 250200 6660504 6760770 8190752 8190973 3730441 8190071 8190987 5230923 9350752 8870580 9420952 8710504 8710437 9420646 730770 2760952 3730373 2760857 6660047 6660422 5230575 8190801 8190930 8190930 6660000 230864 5230801 230560 2760371 2760924 5230043 3730371 4630371 3730833 8190930 9830984 3930575 3930205 3230205 3230205 9830812 9711007 730000 4720969 8870741 3230350 3250205 2760812 2760870 6660870 2760416 6660896 2760964 2760458 2760880 2760870 2760071 8900767 2760359 8600752 5981023 730166 730741 3930743 6901002 730770 730071 3230653 2750767 730000 2750000 230739 5370580 3730471 3730993 3731002 3730043 3731002 3730460 4630282 9350752 8190960 6760770 8190371 8190729 8191002 8710864 2750422 3230228 3700422 2750996 3930228 3230928 3230422 730928 3930580 3700580 8790580 3700580 8870812 3700519 7790937 4720841 7790841 2280580 7790913 7790580 7790729 7790937 7790829 7790937 7790913 7790518 4720969 7790752 8190913 5370071 7790580 7790857 7790894 8710952 9710363 5230767 5230560 3930752 3930870 3930870 3930864 3930386 3230870 3230870 4990228 730282 2750870 1920948 730283 730833 730870 6661002 2760833 2760928 6660754 6660754 2760752 2760752 2760770 8811023 230809 2760752 2750212 2750228 730729 2750646 6660228 6660580 730687 5650043 3930870 730729 9350729 730857 9350243 8190071 8190729 8190973 8190973 5370071 8190519 6770160 730519 2760937 7790888 7790841 7530580 7790770 7790937 730928 7790841 730741 3250580 3250560 2280580 9311023 9350516 6660504 9350870 6660870 2760889 5230930 5230930 5230870 2760580 2760841 8710864 9710770 7790870 8790422 7530371 3470743 2760700 2080864 7790913 7790897 7530920 7790857 7790841 7790580 7790937 3250043 730363 2760729 2760580 3250006 730371 730371 730371 7790580 730812 8870580 8870870 6660580 730580 730646 6660205 6660896 6770741 6660580 730996 9710739 730687 4990996 1920560 730961 230995 4990924 2911023 730857 4990371 4990872 730923 2750560 2750496 730770 730995 4990993 2750414 730752 3230205 730743 7310386 7310004 7980973 7310004 7310004 3730004 7980973 730857 5370580 9350580 9350580 4991010 7980973 7980973 730580 730646 8870580 730580 8870571 730928 2761002 8871002 8870266 730580 7790969 730646 8870424 8870870 730870 8870580 730580 730937 730687 8870580 9350937 2760928 8870424 8870580 730363 730560 730741 8870880 8870144 7790841 3230812 3230880 7790580 730924 730948 4720580 7790580 8870580 730913 8870580 730580 4720859 8870580 8870580 7790841 8870580 910729 6660176 3930896 3930743 3930767 8710923 5230872 3930770 8710782 3700770 8331023 6660580 730701 230228 8600519 9350602 7310460 730304 6660460 9311023 9350920 9420872 5370924 3930923 6660920 730836 9350870 6660043 6660870 6770560 230820 2760272 2760205 6770993 2760896 3250043 5370043 2760812 730812 7790371 7790571 7790859 7790841 7790841 4990460 730942 3250580 8870580 3470580 3930796 6660501 6660460 730144 6660880 4990144 3930519 4020304 3700144 9830561 3230422 730580 3230144 5230575 4720864 2760000 1551002 2760653 5370924 6660924 8870924 9350006 9350560 3700996 9710996
2760006 730833 9710801 8190144 9710930 8190371 7790857 8190969 730930 730037 910519 730969 730509 230560 6660350 2760729 5370144 2760371 2760729 2760729 2760729 2760924 8710565 730282 730228 730961 730144 3930386 3700580 3930580 9040580 4720363 910928 910516 9040969 250894 3390870 730282 2750646 2750800 2750796 3930896 910700 9350870 7790897 3250870 4040200 730896 731007 730492 5370043 7790841 730646 3930729 730729 730948 730729 730043 730460 730282 730114 2750228 3250580 730960 730913 4720969 8870580 8190424 8190930 8190973 8190969 4990960 730205 730205 730560 730700 730653 730841 5231002 730872 730350 8870580 8871002 730770 8870580 7790770 7790580 7790937 7790571 9040043 9040580 7790841 7790743 8870560 9040043 7790913 8870580 3700580 8870920 3700580 9710872 8870043 730560 7530580 8870580 9350580 3250580 2760371 2760422 730872 730283 2760580 8870424 3700580 2760212 8190043 3950930 8190930 9350752 9350460 6660924 6581023 6660304 6660166 9830561 730812 9350752 3730462 3730460 7310561 6901023 6660995 6660519 6660212 6660996 6660888 6660043 8871007 6660166 730928 2760580 2760996 8870580 8870571 8870580 8870228 4720200 5370888 3470200 8870580 3250580 7790913 7530043 3950043 7790913 7790937 7790924 7790841 8870870 250424 5370144 4990924 6660969 6660144 6660144 4991007 6660338 730043 730043 5981023 230987 3730743 3730602 2760963 6760071 8190930 8190071 8190964 230375 230375 730527 230770 230960 230741 2760178 2760738 2760770 8600580 3470580 230259 2760964 8600580 7790888 2760516 2080580 6660047 6660969 6660071 4990144 6660006 730870 5650872 3730004 3730004 3730969 5370560 2760894 2760896 2760801 230622 230963 230414 230752 2760580 230743 2760178 2760952 2760458 7790687 2760964 5230037 910772 9710687 7790969 8710516 8710888 9710782 9710071 8710770 9710782 3470987 9711002 910741 3230809 3230864 5230406 5230406 730880 3230754 3250560 910560 8190560 2760969 5650924 8190071 8190519 250969 8190285 9830831 8710037 9310560 8710205 8710782 9710770 9710580 2760580 910580 3470144 6660996 6580212 4020000 730741 3230422 730880 8870304 9710575 910205 910924 9040043 7790913 7790741 8870580 7790580 9040580 7790937 3700796 8870580 8870580 2760580 730880 8870518 7790580 8870580 8870741 3250580 7790937 8870580 2760580 8870422 8871007 730071 730043 8870580 8870580 8870580 730937 730000 8870580 8870580 8870741 7530580 8870580 730928 730913 730700 5370812 2760200 2760857 730519 250580 8870422 8870422 730646 7791002 8870580 7790580 730646 7790841 8870560 2570580 8870812
730928 730752 730770 730743 730770 730285 6660924 6660924 230995 6660580 5230519 2760006 6660580 730770 6660880 5231002 6660872 6900872 6900872 730741 730460 731023 5231002 730414 730741 730285 6900466 730166 730741 730043 230948 230741 230924 730833 230923 6660646 6660754 6660767 230924 230984 730114 730996 2760580 730743 2750796 6660969 6900930 2760930 6660924 730894 730205 230741 730937 230228 730460 730422 730646 2750422 730841 730741 730228 730544 3230560 6660460 6660000 230872 2760741 6660560 6660743 2760414 730937 2760969 730812 230928 730071 2760880 8711002 230880 9710085 2760870 230770 6660870 6660770 2760930 730772 730743 730144 6660212 730519 230304 2760964 2760896 730114 5230043 730812 730743 730176 3230166 730700 730880 730894 8601002 5230580 730952 730422 2760373 6580212 9710297 2760527 730422 2760422 730857 730422 730857 730812 3700043 6660836 3230812 6660880 730743 3700772 730964 730729 730371 730743 730937 730894 730071 3930767 730937 730937 7530864 230812 9350043 6660043 2760371 730371 230458 2760964 730741 9350516 2760743 7530772 2760857 6660561 2760646 730996 9830831 2760416 2760772 8600200 730561 730888 3230527 730996 8870580 6660212 5650212 2760928 2760894 730114 9710856 300796 6660304 6660560 2750422 730516 2750527 7530422 9710297 730880 2760880 230560 6660741 730880 3470212 2081023 730283 730964 8871007 730937 730772 2760371 7530864 730796 730212 730870 730964 730000 730743 2080743 2760071 730743 6660888 730371 730741 3700075 9710144 9710782 730960 3700964 3700071 3700836 3470200 730888 3230888 3230928 6660741 8600880 8870772 6660772 5981002 2760964 7790841 7790937 7790913 3930739 3930739 8710996 7790969 3930304 3470200 9350809 730071 2750969 730282 910516 3250580 3250857 9350964 8190964 8190897 9040580 2570580 9040580 7790948 8871007 3471007 4720841 4720888 3230924 9710496 3230200 3230928 3230561 300996 9710961 8710996 300504 5230043 8710752 3230205 8710864 6900996 9830872 3230864 730809 5230043 8870043 8600071 2080580 9710964 8710176 3950924 3250043 8870282 300212 3930371 3930386 300996 9830984 9830812 3930205 5230888 9710272 3930743 9710272 2080961 10140653 3730004 8191010 7090973 3730004 3730754 8191010 3730004 7090973 8190973 7530043 8870809 7790888 2080580 6660896 8190422 2760896 5980519 9340973 1480973 3730176 2370973 3730004 9350964 10140973 1760973 3730462 8190820 8190896 8190894 3230205 7530205 5650812 230812 8870924 8600371 9710006 8870006 8190942 8190942 6660560 8600200 2760964 9350304
3730646 3730872 8190741 8190741 8190741 8190864 8190864 4630857 4630857 4630857 4630043 4630043 4630833 8190519 250752 2760857 2760809 8190519 8601023 2760741 2760857 250743 7790857 8190519 250930 250930 2760857 6040519 8190937 3731002 8870422 9040857 9040857 3700857 9040857 9040969 9040836 3700857 9040836 4040857 3700285 4990770 3930043 5370043 3731002 7310632 7310632 5370371 6770043 9350687 5370888 8600422 2760896 730857 8600772 3730673 1760973 3730185 3731002 2760964 9710212 2080772 8601023 8190894 8190897 4630894 4630964 250894 250896 250894 5230422 3700812 3230812 9350243 4990422 5370687 9350930 2760243 8190519 3470205 8600200 5230422 6660000 4020996 9830006 4020000 9830984 3930739 4020304 3700422 9040969 2080519 2760687 10110872 5650857 4990930 3230739 3230205 3230857 300864 9710857 5230575 8710350 2760371 2760889 2760857 7790857 2760741 8190741 4630371 8190687 2760942 2760857 2760646 2080205 5650812 3470043 9760371 5230043 2080519 7790741 8550857 8710809 3930767 5370043 7790969 5370580 5370043 5370043 5370948 5370043 7790729 7790841 6760870 2760602 9760519 9711023 8550519 8190942 3730754 3730754 3730754 7090930 7090973 7090973 7090973 2911023 9710701 5230984 9710496 8710212 9710414 4910519 8710414 6760960 6900767 3470285 9710952 3730809 3731010 4631010 4631010 4630638 3730646 6760414 9710857 9710969 3950144 2760857 2760960 2760857 8710770 8190952 8190767 3730767 3730496 4631010 3730004 7090973 7090973 8190888 9710767 3470857 2080770 3470743 3730666 3731010 1600973 3730004 7090973 8190043 7090973 8190043 7790371 730743 3930964 3930071 3930580 3930937 3230504 3930560 3930888 8710969 8191010 4631010 7090973 7090973 7090973 7090973 7090973 7090973 7090973 7090973 8190646 9350043 8870772 10170857 10170857 8340580 2760167 4990924 7980973 9350043 5370741 9350043 7790857 730948 9040580 7790580 8870580 9350800 5370580 9350580 7790580 4720580 8790580 4720841 2760857 4990924 6660930 3230422 3700519 7530519 4720205 9350212 3390930 3390870 8550857 8190043 8190043 250741 7790857 7790857 8190888 7790857 2760765 3950870 3950870 7790857 7790857 3950870 4630200 4630772 8190913 8190571 7790841 4720580 4720580 8871007 4720857 4720857 9761007 3250580 4720363 4720841 4720363 4720363
3390930 230948 9710870 730460 9040870 7530870 730870 730580 730894 4990460 6770160 730930 730964 730920 2760739 6660460 2760560 2760741 2760646 2760754 9710519 2760754 2760928 3470560 7790964 9040864 7790857 7790841 4720741 7790937 4720544 7790937 7790888 7790580 4720363 7790913 7790841 7790841 7790937 7790580 7530872 2750739 2750872 2750653 3930205 730872 2750767 730833 730812 230575 6770741 730519 730519 730519 6660580 2760960 2760580 2760205 730812 7790812 2760560 730519 8811023 9310767 7790888 9420560 8711023 731023 230960 230074 730857 9421023 3730782 730857 5370896 6660282 6660282 730519 730841 7310800 3730422 3730741 8190424 8190519 7530880 7790580 230964 230504 230364 730888 230504 8600422 2760583 230948 7790894 9350580 3930371 1551023 10140872 9350441 3930205 730205 2750414 730561 730043 730653 6660460 6660460 230984 230812 2760833 2760144 230739 6660833 230739 2750560 6660812 8870043 730833 730282 730857 7530870 3230930 730870 730741 5230285 2760948 7790580 5230580 2760414 2760414 2760178 2760504 6350414 3730004 8190006 3470580 8190741 7790841 730952 730767 730752 230496 1030632 2760923 2760285 2760519 2760770 2760754 2760754 2760952 2760743 250993 2760809 5980920 5980920 2760964 8710441 300504 7790743 10140952 3730373 3730752 6660243 8710923 8710870 8711007 9710770 8710870 9710782 3700701 8330504 730373 730496 730646 730770 9711007 6660888 6660666 6660870 9710870 6660961 3931023 3930870 9710896 300729 6660560 6660872 2760144 730653 6660995 730006 3230144 9711007 9710782 730504 9710043 9310466 8710923 3470580 3470580 2750560 2750653 730767 910371 3930200 3930888 730888 3930386 730144 730984 8870282 2760519 2760964 250519 8710987 8711023 8190519 8710857 300729 3700752 9710071 3700770 9710964 3700888 8710928 3930743 730575 2750920 9710205 730580 730496 730948 3230504 910544 4720580 2760006 730870 8870580 8870580 7790870 8870518 730809 4720519 9350560 730228 730729 730544 730880 9350043 730200 2750796 730739 6660996 9350205 8870424 730371 730857 6660996 9350580 4990160 6660205 6660996 730422 9350741 730796 6661007 6660880 5371002 9350580 730857 6660646 730857 4990993 730928 6660243 2760928 8871007 1920857 6660772 6661002 4990888 6660071 8711023 6660646 2760896 230964 2760176 8600930 3250870 2760176 8870987 2760006 8710870 8870870 2760894 8711023 3930833 730144 2750496 3930864 730960 730741 730770 6770160 6770930 6770160 6770160 6770160 2760857 6660920 2760752 5650560 8710519 2760924 5230782 9710363 8870809 910071 8710205 9420646 3250414 8710453 9710888 3230770 4720741 3250504 7790518 2760646 3470200 7790937 3470200 7790752 730738 6660371 6660460 6660580 730864 6660872 2760864 2760741 5370460 5370043 4990743 730071 730729 730937 8870043 7530580 7790144 9350144 2760964 5370894 2760920 2760462 10110872 9710371 8190350 6900466 2911023 6660924 6660924 7790371 2760560 7790741 5230519 2760043 730937 8710212 9710598 9710961 910928 3470872 8190969 730896 730580 730516 730176 1030969 1030363 1030913 4990144 6660560 3930205 730205 730205 2760560 8710043 7790414 6900037 6900037 730350 5230580 730006 8710453 4720924 3470987 4720519 730752 730144 6660504 4720870 4720687 3930205 5230969 3930598 3930741 3930519 910833 3930772 730729 731007 730282 730948 730948 730880 730770 7790752 230870 2760920 2760371 230872 2760864 2760754 2760350 250071 8190519 8190952 2760857 250743 2760920 2760963 2760743 2760896 2760176 2760896 2760894 2760964 2760754 2760741 5370964 3730673 7790857
910200 2751023 730282 730282 3231002 730969 730928 9350752 9350729 3230504 3250987 3250504 3931007 9710920 9710991 7790888 3470743 910741 6901002 730338 230375 8870414 8710043 5370071 3730870 3730182 4630772 8190754 8190519 6660930 2750212 6661002 6660809 3700285 730741 5230504 7790741 3470743 8550580 4300580 7790580 8340580 4300580 8340580 8550580 4300580 8550580 8550580 8550580 8550580 8340580 7790937 3950924 7790580 7790580 7790580 7790948 8340580 8340580 9040580 2570580 7790913 4630930 4630930 4630580 250930 4630518 8190519 5370948 5370580 9760580 9760920 2760809 8710952 230496 730888 6660888 730960 6660245 730200 730743 730580 9350580 3730833 3730182 5370371 5370948 9040580 7790580 520580 520580 8340580 2570580 3950924 520741 2570580 2570580 2570043 7790729 7790729 7790741 7790741 7790729 7790729 7790043 7790841 2570043 3950371 7790729 7790924 7790913 7790741 7790969 7790371 8870924 7790924 7790741 3950043 7790371 7790729 7790350 7790741 7790371 7790969 7790924 520071 7790729 8870741 8870043 7790924 7790729 7790741 7790741 8870741 3950371 8870924 8870350 8870741 8870741 3470043 7790924 7530043 3470414 9710872 7790924 3470043 7790350 7790741 8870741 7790371 3470285 3470924 520414 8190350 7790371 3250006 8870924 8870924 7790350 7790741 7790741 7790371 3470043 7790924 7790414 730741 730741 7790872 2760371 8870924 8870924 7530864 9710037 8870741 7530371 230984 730114 730924 2760924 2760350 2760741 2760371 2760924 7790924 2760350 2760167 2760741 9710772 9710006 2760006 2760924 2760043 730350 3250580 730738 7530872 3250006 7790371 2760924 730924 8870350 5370741 5370371 5370371 6760006 5370924 5370924 5370741 8190741 8190872 8190371 7790371 3471023 8190350 3250350 520741 9710729 3470924 7790350 7790741 7790741 9710043 3470924 3470924 520772 7790741 7790741
7791023 5370043 5370460 5370460 731023 5371002 7791023 730043 730043 5370043 5370043 8870043 5370043 730043 5370870 9350870 3950364 2760414 3700770 2760338 301023 9710870 730283 9421023 730960 8790580 9040580 8550519 2760924 230412 9310930 9710752 6660496 8711023 2760857 8710770 8190770 9710743 3950880 3730752 3730504 3730357 4630857 4630043 4630004 8190973 9710014 8710770 9710963 9710073 8710422 9710857 8710437 3470743 9710920 8711023 2760857 2080770 3470743 9710920 9710920 4040200 3931023 520969 8710350 9710996 9710739 8710767 3700575 9710743 9710458 9710205 9710205 3700071 3700964 300996 3700575 5230414 5231023 6760422 3730205 5370770 9350422 8190812 8870812 9711007 3230812 9710812 3470996 3470560 8190560 8190560 8190519 7790857 5370071 730000 8710205 3250560 8710743 9710812 9710812 9710920 8710646 2760743 2760812 9710071 9710770 8710752 9710073 3731010 3730888 3730460 10140205 3930836 3930205 8710422 8710176 3700888 8870924 8871007 3230371 730144 730930 2760928 6660160 9350006 9710930 5231023 6660880 8870460 2760857 2760739 8711023 9710930 8711023 7530880 3470373 8190993 7790841 7790937 7790841 7790913 7790841 3950043 7791023 7791023 7790857 7790857 7790937 8190043 7790841 3950043 3950043 7790857 7790857 7790937 7790937 7790841 9350801 5370801 5370870 8190870 2760857 2760913 7790859 7790841 7790913 7790770 9710285 9711023 3470386 7790373 8190767 3470200 3950960 2760404 6350414 3730285 4630741 4630071 4630752 8190414 8190504 8190504 8190646 9710930 6660371 5231023 7530422 9710924 3470580 9040580 8550580 2760653 2760952 8710414 9310767 3470870 3470870 8710770 9710952
3950371 4720841 7790937 7790743 7790937 7790580 7790043 7790741 7790937 7790859 8550043 3701023 910363 2750969 8870144 910200 910996 9350560 9350304 4630243 3731010 3730004 8190973 8190646 3470857 6660350 9710960 6660880 6660212 730770 730796 730752 3230422 8190687 8190371 8190646 4630857 4630200 4630930 5370460 8190043 7790857 3950043 7790857 7790857 730984 8870282 910924 3701002 9040870 9040969 4720942 2760114 4720687 8341007 8550519 2760897 2760687 2760754 2760812 2760646 250519 2760071 2760960 2760071 2760987 2760782 8550519 7310752 730857 9710930 9350888 9040857 3470857 9040857 3930386 9350870 3700386 6660646 6660006 3700386 6660006 5650872 2760460 9710864 3250006 300205 3700297 9830796 3930422 6660800 730870 3930205 730870 730364 3230796 6660961 6660501 730870 730836 230212 230741 231002 2760772 231002 2760894 2760772 7790743 7790888 7790371 7790937 1760973 1031010 7980973 5370144 3730144 9350880 9350144 300304 9350836 4990160 2750043 730043 730043 2760743 6770043 1030004 6660772 2760743 2760580 2760646 2760743 2760743 1760973 3730004 6760930 4990888 9350888 2760259 910969 3930623 3930386 730492 2751023 8870870 730913 3700961 2760741 4990870 2760580 2760870 2760741 3230870 2761007 4720870 2760928 3250937 8191010 7090857 7090857 3730004 7090857 7090973 7090857 7090973 7090973 7090930 7090857 8190422 8190930 7790580 3250422 8190964 5370888 2760857 8190519 7790752 8870422 7790743 9710422 6660371 730857 730857 9350580 9350741 730741 5370580 8870741 6660561 6660924 730796 6661007 730870 3250857 3230812 730857 730857 730857 9711002 2760894 2760422 8870580 730894 730743 730071 7310888 6770646 6770460 6770460 230995 230496 2760952 6660580 230809 2760363 2760560 2760960 9710833 730809 4720580 2760580 6770993 5370896 6660995 2761007 2760560 2760580 2760580 2760043 2760942 2760870 2760772 2760114 2760772 7790841 7790772 7790870 7790772 7790870 3950043 2760043 2760930 2760857 6770560 2760930 6770043 6770948 730880 730857 730961 4990160 5370948 730857 730166 7530920 4720964 9040961 9040987 9040043 9710200 6660144 2760371 6660006 2760516 250371 6660560 2760924 8190870 8190942 6350371 6660519 730519 730653 730857 730739 6660894 2760729 2750575 730800 6660519 3230422 2760516 7790422 2760857 3730004 3730896 9350000 9350460 2760948 730422 2760580 230144 230870 2760772 2760960 2760741 7790772 2760560 7790519 5370580 5371007 730894 3931007 3930580 3930575 9350580 6660000 6660812 9350602 8190812 8190000 8190205 9710969 2760812 2760364 9040364 250942 8190872 5650350 6660870 2760350 5231023 5230870 5230872 3930872 9350924 9040870 8190729 8190006 1920857 6660924 5231023 3930836 9350460 3700560 9040144 8870560 8190646 7090973 4630741 7090973 7090973 7090973 7090973 2760043 6770460 2760285 2760772 2760646 2760504 2760920 7790913 7790894 7790770 8550519 7790969 8870043 7790580 8870996 8870422 730000 9350996 730580 730580 9350666 6661010 9350800 6660920 730144 4990580 6770160 6660460 4990043 6661023 6660043 9350580 4990752 6660243 4990043 2751023 3230200 6660043 4990422 730580 1920212 9350043 1920796 730200 4990460 1920857 4990371 6660371 6660930 7310996 4990880 4990930 730200 1920880 730200 2750043 6661002 4990928 6660043 730857 4990928 730043 6660996 730200 6660560 4990580 4990580 4990304 4990043 730857 730580 6660043 730200 1920560 5370580 4990741 4990928 730870 4990948 730200 730363 6660580 4990228 730200 6660043 9350937 6660996 730857 9350896 230812
730560 8870580 730176 3470580 7790580 9711023 7790888 5370580 730896 730924 3230923 4721002 3230285 730414 730964 730414 2760923 250964 2760176 7790414 2760085 9710772 3470772 7790969 7790859 7790580 7790937 7790741 8870560 4040580 8870580 2760896 7790894 5370888 5370888 7790371 8870741 9040580 8870870 7790580 3950870 8870580 7790518 8870580 3470205 9710996 2760527 8870460 7530043 9710043 9710923 5230006 7790924 7790371 9710741 9040580 9040580 3470560 7790422 2760948 7790880 8870741 7790937 7790580 7790841 7790937 7790841 7790752 2760504 2760770 8870952 2760767 3470200 2760770 2081023 2760516 2760896 2760176 2760743 5980043 7790743 2080894 8600857 4630638 4630930 8190820 9760930 2760930 2760923 2760772 5370752 3470772 3470772 7790770 7790841 7790743 2760176 3470458 7790743 250580 5981002 8601002 2760666 9710414 2080743 2760359 2080285 9710037 5230984 8600969 3470285 9710964 3930741 5230969 9350144 6660205 6660304 7980857 3730004 3731010 3730422 3730812 3731010 8190739 8190560 8190560 5370770 230043 2760996 230496 2760043 6660743 730741 6660043 3230796 2760205 730350 730212 8871002 2760071 7790969 730729 910371 910729 3930000 730770 730205 2750422 730205 6661002 6660205 730364 6661007 6660741 730928 730796 730812 2760373 2760350 7530872 9710870 5230646 9040864 3950371 2080894 2760924 5230809 3930812 730304 3230350 3470580 8870924 9710739 3730560 5370741 730364 730800 6660800 3700888 730960 730212 2761007 2760841 6660519 6660996 6661002 6660646 730880 7790519 730870 2760043 2761007 2760304 7790770 7790841 2760812 8190422 5370812 2760071 2761023 230872 2760920 2760964 2760772 2760987 2760772 3230006 6350961 5370961 9350888 6760872 8190969 730857 5370580 7980930 7980973 3731002 7980973 10140560 7980930 6660243 7310460 6660961 1920996 6660527 6660047 4990043 1920000 6660930 6770371 4990580 4990996 6660930 1920948 1920948 1920996 4990872 730200 1920560 730752 9350043 4990043 9350364 6660741 4990580 4990924 1920948 1920948 4990043 9350043 6660969 6660580 4990741 6660580 6660930 2750857 4990580 4990043 1920560 4990043 1940973 6270857 7310857 7310460 7311010 7310460 7310959 4990857 7310460 6660580 6660930 6660930 9350930 6350043 4990924 4990646 730371 730371 730857 730870 6660460 7310043 7310601 7310747 7310560 7310373 10140930 7980973 9350043 7980973 6760580 8190870 9350930 9350422 5370743 8190371 2760857 9350560 3731002 3730419 3730200 3730043 3730687 8190942 3730043 8190687 8190043 8190937 5370948 6771010 8190930 5370930 8190519 8190930 8190770 6350496 3730770 7310770 7310767 7311010 7310043 6761007 7310006 7310560 5370752 7310924 6660995 5370071 2760857 6760560 6770646 2760857 7310812 2760580 6760422 6350560 6660504 9350205 9350952 230924 730509 6660767 6350371 2370973 3730752 7310996 3730782 6760752 6350770 6760752 6760770 6350752 6760770 3730357 8710466 8710930 7310004 7310960 6760071 8710857 6350752 9310872 230963 6760770 6350752 6760770 8710930 5230930 6350770 230963 6350770 2760857 2760857 2760205 6760924 6760952 8710930 9710770 230963 9710770 8710519 6760841 2760770 230963 9421023 6760770 2760752 2760371 9710371 2760371 6661010 9710014 8900496 5980770 8710782 9710770 2760752 2760580 6770924 730205 730701 2760877 8710519 9710894 8710422 9710580 8710872 9711023 9710891 9710770 8710580 9710770 8710767 3470833 2750796 6660408 3930833 730770 2750996 730969 730752 730770 2760752 730770 2760937 9710200 3250504 9711023 730960 9710043 7790371 8190752 3250504 9040580 7790770 7790841 3390770
5370741 7790857 7790857 7090973 8550772 7790770 3230924 9350924 9350580 730043 730481 730285 730923 6660414 2760375 9350414 250371 2760646 2760870 8870741 2760924 250942 2280519 3950924 4720580 4720741 4990043 9350580 9350071 3930422 3930796 9350350 3230880 8870006 520964 9040961 3731010 4631010 4630930 8870924 8550857 9710006 2760371 2760596 9710864 7790741 3390752 7090973 8190006 8190872 9710043 9040864 7790857 2760857 9350765 9350422 9350043 9040857 7791023 7790857 250571 2760652 6660687 6660205 230996 230527 730812 2750812 730212 730205 731023 230995 2760422 7790371 7790580 8190560 7090973 4630004 7090973 8190006 8190285 6660812 2760801 230923 6660422 231002 6660043 230422 2760897 2760596 230560 730043 7530043 3250580 2760006 7790580 7790580 7790772 7790841 7790859 7790937 2760580 8870974 3230646 2760422 8870864 730741 8870580 9350913 730646 4990888 8870043 6660580 6660948 9350580 730741 6660864 9350460 4990460 4990888 6660422 6660888 730200 1920560 6660856 4990646 4990422 6660371 6660580 6660580 6660580 6660580 6660422 6660212 9350580 4990928 6660228 6660580 6660995 4990422 9350580 6660872 4990580 1920948 730071 4990580 2750857 5370580 6660228 6661007 4990741 6660580 6660527 4990422 6660930 4990043 6660948 6660580 9350580 4990580 1920948 6660752 731007 730857 6660580 1920857 6660043 730928 2751023 730857 4090973 4090973 4990743 4990043 6660872 6660043 730527 730857 9350071 4990422 8870043 730363 4990993 730200 730700 5370580 4990580 9350870 730870 6660741 6770928 7530200 730894 730913 2761007 730176 730560 730580 730580 730071 730937 8870580 730896 9350176 730928 8870870 3230739 8870205 731007 5370993 8870870 9350937 730913 730363 8870580 730544 8870580 7790841 7790841 3950960 2760580 7530422 2760857 9040580 8190560 2760752 2081023 3471023 4630857 3730969 7310205 9350560 5230930 5230924 5230371 5231023 5230872 2760741 2760741 2760741 2760560 8600422 2760176 2760896 2760894 8600864 3730812 3731010 3730549 3730812 3730549 3730646 4631010 4630371 9350924 9350894 9710796 8190897 8190896 9710531 6660453 2760961 2761002 730894 730969 3230701 2760961 6660422 9710304 8870560 8190519 8190770 8190422 3470200 3470752 7790560 3470200 3470144 8190770 7790752 8190920 8190496 4630071 4630960 4630071 9710422 6660304 2760969 6660809 2760560 9710364 3700071 9710924 3930371 9710770 2760071 9350888 9350373 2760969 2760364 2760371 6660969 3930870 2760969 9350729 3250952 7790937 5371002 7790580 7790969 3930422 5231002 6660047 3930880 3930386 3930870 520519 910928 730928 3930519 2760996 730560 730812 9711023 7530880 3730984 3730560 4630857 3730646 4630928 7790580 2760964 2761023 2760580 5370743 9350743 9350870 6660809 6770560 730857 730200 4990741 730896 1920812 6660422 4990043 4990422 6660043 1920812 4990580 1920948 4990460
9350422 8870812 8870205 8870833 2760560 2760969 5370430 2760969 8870772 9350653 2760544 9350460 9350700 2760928 8870424 6661010 8190043 6660872 3700857 9350996 2760924 8870422 2760422 2760964 2760739 8870772 3730200 9350930 8190930 730857 8190812 2760752 2760741 8601023 3700519 2760770 2080560 9350964 8190205 2760964 9350561 8600043 3700519 9350000 8190888 5370743 2760767 2760560 3470205 8870812 8870741 7980160 3730241 8190930 9350071 9350896 9350754 2760857 2760857 2760857 2760857 9350801 2760857 2760928 6660560 3700422 2760969 2760969 2760969 2760969 9350560 2760304 2760969 9350800 3731002 9350460 8190870 9350894 2760857 2760371 2760928 2760544 2760872 7310560 9350043 2760857 2760857 4090973 7980973 1030638 2760930 7980973 1030004 9350930 5370930 5370930 5370043 8190422 5370930 6770160 5370930 7980930 9350602 5370602 7980973 5370930 5370870 5370930 5370754 4990930 2760930 5370930 6771010 2760857 2760857 5370870 2760857 9350930 2760857 5370770 6661010 9350801 9350460 9350930 5370743 6660969 730801 6350930 9350930 230870 2760527 9350930 9350460 2760857 6771010 9350801 2760043 2760857 9350930 730930 730857 9350043 6770948 5370930 8870424 9350580 730200 731023 730870 8870043 4990043 5370930 9350043 7980973 8190930 9350930 9350930 9350043 5370043 6661010 9350880 9350930 4990460 730969 730870 9350043 4990646 730857 730857 730646 730870 730560 9350422 9350870 5370961 730857 730857 730857 730857 730560 7980973 9350930 9350752 8190205 9350743 2760043 9350043 2760043 2760653 9350646 2760422 2760857 2760928 2760422 8870422 2760928 2760205 2760928 8870996 5370422 5371007 5371007 5371007 730857 5370371 2760928 9350859 2760928 2760422 2760928 5371007 3230228 731007 3230228 731007 4720200 5371007 731007 5371007 3731007 6760969 9350560 9350560 8190969 8190969 9350687 9350560 5370460 9350043 9350043 730519 9350646 9350646 730700 730646 2760857 9350560 730560 5370043 9350043 9350043 730857 9350043 9350930 9350043 5370424 9350544 9350043 9350580 8870580 5370580 2760857 5370833 9350043 2760996 2760857 2760928 730646 730770 730580 8870580 2760948 730363 8870580 8870560 3731002 2760857 9350580 8190043 8190930 8190422 9350560 8190422 8190741 2760741 9350043 5370043 2760043 2760371 5370424 2760652 5370043 3731002 3730004 3730241 1030993 9350930 9350043 5370833 9350930 730200 5370580 4990930 9350386 730857 730857 730857 730857 9350580 730928 2760930 6770993 730200 9350043 730544 5370770 730888 5370282 730963 9710200 9350043 9350071 3730770 7310888 6350770 7310004 3730422 7980973 3730004 3730996 6771010 9350560 9350422 5370870 730896 6770560 730422 2760930 5370422 5370371 6351007 6350743 2760857 3730519 2760857 6770160 2760961 5370144 2760743 5370144 2760857 5370964 2760857 5370930 2760441 2760200 2760496 5370071 730519 730646 5370993 730772 730519 2760043 3731002 9350880 5370071 5370371 9350913 2760857 5370422 5370371 5370371 5370841 5370560 7790857 2760043 730857 730924 730646 730205 910560 9350422 730304 730841 2760969 8870043 730857 730857 5370371 9350043 9350638 9350741 9350422 2760857 730200 5370743 5370424 730363 5370071 5371007 3230544 730363 3230772 2761007 3230043 730872 2760969 7310043 7980043 9350930 9350741 2760857 6760371 8190371 5370741 5370371 2760857 2760200 2760857 730743 5370580 731007 9350580 730496 730913 5370580 5370424 730937 730888 2760544 9350782 5370752 5370770 9350700 5370371 5370071 9350888 5370424 5370741 6350741 5370371 2760371 2760857 2760857 5370924 5370043 231023 9350043 5370371 9350043 2761007 5371007 731007 5371007 730496 9350913 730371 730496 2760969 7310561 6760043 5370422 8190833 6770948 7310504 3730580 1760973 7980973 7980973 3730004 7980973 1760973 3731002 3730241 3730043 7980973 7980857 7980973 9350043 7310504 7310460 730857 6770160 5370043 6770948 5370424 5370043 2760930 2760441 5370772 230496 2760371 730930 6661023 2760857 2760930 730928 2760833 730752 730743 6660646 6660646 9350743 9350870 6660969 9350870 9350743 7310993 9350043 4990969 9350043 9350930 9350833 9350043 8190833 9350043 9350930 5370833 9350043 9350043 5370043 5370043 6770646 5370580
9350243 730923 9350741 9350580 5370964 6770948 730857 7310422 7310182 7310422 6660466 5370371 4990930 5370422 730857 730200 9350580 7310004 730857 6661023 6660752 3230872 5370752 9350043 6660580 5370071 730560 6770948 2760580 2760857 9350580 6760580 6660767 5370888 230496 2760948 2760960 5370580 5370580 730212 730937 730857 5370580 6660580 6660414 6660453 3230144 2760371 2760872 3730182 3730864 6350857 2760857 5370687 6760114 6760888 230673 9350964 2760894 6660071 9710462 8870897 2760646 5370144 2760963 2760071 5370964 3730870 1030580 1030948 1030371 7310004 6660995 6660527 730880 6661007 3230205 730228 6661007 730646 730964 730646 730646 4630243 4630357 4630200 4630870 4630200 7310205 9710796 9350212 9350144 9711023 9710422 7790741 2760752 5370930 2760857 230872 230872 230872 2760772 2760930 2760652 2760772 7790870 2760741 2761002 7790937 7790144 7790772 3700772 3930937 3930200 9350646 4040200 2760833 2760801 2760739 230560 5370043 2760653 2760652 2760812 230560 730652 6660043 2760043 730114 9350460 9350228 9350350 3700350 9350924 9350741 8190809 8190969 4630770 4630371 4630043 9040580 8870580 3950422 8870741 9040580 9040043 4720363 8870741 730857 9710200 730960 6660580 9350043 730857 2760304 730371 6660741 730996 6660560 2750166 2750422 6660043 2751023 1920857 4990043 4990043 9350422 6660043 9350741 9710200 730960 2750767 730770 730200 730283 4990071 730729 6660373 1920857 730857 730200 730928 2751023 6660948 730924 730928 730928 6660527 730371 3930043 9350071 730857 730857 4990160 6660741 4990043 6660646 5370741 6660350 730741 8870043 9350580 730580 730200 731007 8870205 4990580 6660243 1920857 6660924 1920812 4990460 730896 2750000 3230575 2750996 730870 4990422 730739 1920812 730580 6660580 730363 6660212 3230743 8870422 9350743 9350687 730114 730930 1920812 4021023 730527 730700 9830561 300996 5230422 2760304 2760580 2760897 6660422 2760897 2760714 2760928 2760880 10011023 6660243 6660243 3230857 301023 300864 300285 9350580 9350809 2760969 300870 8190896 3730004 3730004 7790743 230205 6660880 6770560 1920212 2761002 6660243 730928 6660043 2760043 6660460 6660043 2760580 2760460 2760580 2760460 8870580 7790937 7790913 8190888 3730004 3730004 1030043 7980973 7310460 1760973 3730043 3730004 1760973 1760973 1760973 1760973 8190602 2760466 2760772 2760942 8190516 8190519 7790857 8190519 7790857 7790857 5370043 230043 6770043 2760043 2761023 2760527 2760772 5370772 2760833 231023 230741 230350 230864 2760043 730924 2761002 8870043 3250414 7790937 7790580 7790841 7790937 7790937 730422 9350580 9350580 2760560 9350422 730752 2760800 730857 730836 6660646 9350460 3230928 730580 730924 730000 6660580 6660043 6660043 4990460 2750996 6660527 730422 730812 9350304 2751023 9350580 730741 7310004 730857 6660006 730580 730894 730580 730928 2750920 730496 9350071 730996 730071 730857 4990043 730371 730937 730964 8870870 730872 730888 9350580 2760928 730796 8870833 730646 8871007 2761007 8870422 7790841 4720687 7790841 7790371 3950924 2760809 2760948 8870580 10141002 3930386 3930836 3930870 3700752 3930743 8190969 3730928 3730282 3730420 3730420 4630282 4630282 3730004 3230739 3230304 8870870 3230205 5230646 5230984 520371 520870 9710870 3230043 730928 730519 9350580 2760812 2760560 2760894 5370580 2760743 2760460 8600043 9710043 8710646 7530920 2760071 730870 3230200 730964 730743 4990993 9350228 3230812 8871007 911007 1600973 4630638 4630857 4631010 4631010 4631010 7090973 7090973 3930960 3230422 1920812 6660519 6660833 6770993 730928 6660422 2760371 730872 2761002 8870580 7790580
3470987 6660453 2760961 230496 2760200 230504 2760071 2760767 4720741 2760743 2760580 230560 2760580 230673 2760416 2760752 2760504 2760964 2760820 8190519 4630964 4630580 4630894 3730673 4630071 8190071 3390752 3390964 9710285 8710969 8710952 8600767 4630071 4630071 4630964 4630741 3390743 250200 250200 250580 1030004 250144 5370602 250519 250519 250519 250519 2760743 2760960 2760373 230767 8711007 2760085 2760373 730496 2760770 9710519 7790752 7790969 7790969 8710043 7790770 7790969 7790743 7790841 7790743 7790964 4720519 730386 6900519 6660504 2760752 6661007 6661007 2760880 2761007 230043 2760043 2760995 2760043 2760462 730364 9710085 2760770 2760646 2760373 2760924 5230767 3950371 3470285 7530870 6660870 6660197 6660800 9710701 910870 910870 9710870 910870 910870 3470200 9040969 2760580 2760496 2760043 2760458 7790888 7790741 7790857 7790652 7790770 9710371 9710386 910371 3700519 9040969 4040519 910519 3230880 2760964 2760896 9040580 7790888 8190767 3470857 4630160 4630964 3230144 2760386 730888 6660880 910144 2760961 2760743 2760800 730964 9711002 730519 3230386 6660646 3930880 2760880 8870870 8190160 4630969 4630928 4630928 9710782 2760414 2760969 3470462 2760770 8190770 4630071 4630752 3390752 3471007 2760991 2760920 2761007 2760259 8711007 2760952 2080519 2080519 3470752 4720519 7790752 5650560 730687 9350516 730894 4990580 730371 9350043 9350460 730200 6660205 4990928 730228 2750422 730200 4991002 4990228 2750228 4990993 4990422 4990422 6660282 730580 4990460 4990880 6660580 4990460 4990580 4990371 730857 4990580 730200 4990043 9350580 6660228 730200 4990800 730071 4990460 6660924 730200 2750857 4990928 4990948 4990928 2750043 4990422 4990460 4990924 1920857 6660228 1920857 9350422 4990043 2750043 730200 4990928 6660580 730857 730857 2751023 4990580 730741 9350241 6660282 4990460 2750870 730960 4990422 730870 4990371 6660996 730422 6660969 730200 2750796 6661007 730948 730928 4990752 2750422 4990460 730857 6660948 9350580 3231023 6660996 3230422 6660043 730752 730770 9350304 3230996 730580 730741 3930701 730043 730836 2760580 730043 6660043 730519 9350071 6660836 6660870 730870 4021023 730996 8870043 730812 730836 8870560 6660741 3230646 6660043 3250870 731007 3230770 3730930 3730638 3730930 3730422 3731002 7310652 3730527 10140422 6760580 4990422 3230043 6660496 5230200 9421023 5230888 5231023 730888 8870870 730373 730928 6660043 2750870 6660646 730928 730928 2750796 6660948 3230928 730937 730870 730928 730937 730646 730961 6660969 6660800 3230212 730212 2750000 6660527 9350880 730371 6660006 730996 3230422 730872 6660872 9350580 9350527 9350422 3230200 730928 6660996 9350516 9350996 730870 730560 3230200 2760200 2760928 6660422 4990580 6761002 9350071 730743 6660071 730560 730200 3700071 9350580 730580 5370580 6660212 730928 6660414 730580 4990888 9350114 730371 730212 9350937 2760969 4720200 8870580 4720969 2761007 3250580 6660969 2760580 8870424 8870924 7790580 8870580 3470580 9350580 2760928 911023 4720741 910200 7790580 8870580 7790580 8870560 4720363 8870812 8870580 8870580 9040580 8870580 3250422 7790580 7790841 8870043 8870304 8870996 8870580 5370580 4720580 8870580 730043 730043 730646 730043 8870043 8870043 7790859 8870043 730857 8870043 8870580 8870422 4720371 7790937 731023 730812 8870580 9040857 9710043 9710414 5230504 7790741 9710414 3470085 3470923 7790729
9710812 9710297 9710739 5370930 4990743 9350006 7790857 2760741 2760857 5370743 3731023 3730772 4630930 3730496 3730268 7980973 3731002 1760973 3730928 8190752 9350414 5230930 2750166 730741 9350741 9350350 9350580 6660924 5370043 6770924 5370930 5370930 2760857 8190519 6760741 8710414 2760375 8790414 2760770 3230414 2760371 6660741 2760872 2760880 9710212 6350872 230006 3731002 1760973 7311010 3730004 9710930 8190782 9350930 9350888 9350964 6660071 2760743 2760743 2760928 7790894 8600580 2760743 2760928 6660960 6660880 6350770 5370870 9710414 2760924 6760767 8190942 8190770 8190770 2760857 8710580 2760580 6660580 6660527 300504 9350580 9350996 9350338 6760741 730422 730701 5370752 730414 2760880 8190964 3730833 3730580 5370833 6760930 230857 230809 5370371 230646 6660872 2760516 2760373 2760894 2760205 2760857 10011023 9710519 2760767 2760752 3730519 3730770 8190373 2760373 9710519 8190752 2760960 2760960 2760770 2760948 3700870 2760928 8190772 6660466 5370752 9350752 7790857 2760969 2760200 2760504 2760228 2760928 8870870 8710928 9350743 2760857 6660602 6350857 3730993 3730930 3730888 3731010 3730754 3730004 8190930 9350160 8190071 8190964 8190071 2760857 2760960 6660743 6660006 6760560 2760928 2760857 2760928 2760770 2760071 8190770 730857 5370752 2760857 2760857 2760857 2760857 2760580 250580 2760752 2760743 2760963 3730285 3730930 3730466 3730004 3730004 3730004 3730004 3730833 3730004 3730460 2761010 9350894 2760857 8190894 2760857 2760857 3730580 3730580 8600857 2760948 2760770 2760422 9710531 2760580 2760960 2080580 8190896 3730993 8190752 5370752 9350580 9350043 5230414 6760924 8600212 5230371 2760743 2760741 6660743 2760948 2760416 2760796 2760857 2760371 9350580 2760857 8190960 2760857 8190770 7790580 2760752 6660948 6660504 6660646 2760969 2760960 3700580 6660770 8870580 6660580 3700580 9350743 9350743 2760580 8811023 2760285 6660752 2760373 8710422 2760770 2760653 7790580 6660948 300527 300856 2080894 3700422 9350422 10110741 6900466 6660738 6660996 6660580 5230422 6660304 730071 9710200 6660504 8710519 6660000 2760739 9350888 6350560 8710580 8710560 2760752 2760752 6660000 2760857 6660000 2760583 9710870 9710743 2760752 8710812 8710870 6760504 3730770 3730770 3730004 6760767 6760752 9350752 8190960 8190770 9350952 2760373 7530767 2760752 2760752 2760960 2760960 2760770 2760770 9711023 8870952 9711023 9710496 2760752 2760960 2760960 3700770 2760952 9710496 2760752 8711023 8711023 3700770 2760952 2760952 9710870 9710496 3470870 3470200 2760770 2760770 3700952 9711023 9710870 2760752 2760960 8710930 2760770 2760770 9710752 3700752 3700496 8710870 9350930 730857 9350752 8790504 2760930 2760857 2760646 2760752 2760767 2760752 9350930 2760857 2760363 5370741 2760752 9350752 730809 3930770 2750796 2750857 2750422 730894 4990996 6660930 10141002 3930283 2760743 6990519 2760646 8710580 2760920 2760414 9710770 9710752 9710071 8710833 8190930 10110952 5370752 2760752 2760496 730492 4990043 5370930 730043 2760857 2760857 6660930 6660460 730928 6660561 730580 730633 6660741 730896 3930580 2750414 730894 730752 730371 730928 3731007 8190969 3950812 8190043 8190930 7790841 7790282 7790937 7790580 7790964 4040580 7790580 7790913 7790857 7790857 7790913 7790857 7790857 9040857 9040857 3950880 4720857 4720544 7790857 7790857 7790857 6040580 9040857 3470857 4630404 250942 250942 8190483 9710752 2760829 8710930 2760930 9350752 8710176 5981002 9350964 520964 3700519 9040580 2760857 8190870 9350580 8190765 7790857 1760973 1760973 1030043 7980973 5370043 1030282 3731002 2760743 6350770 6760752 5230770 9311023 9710930 2760857 6660796 6350920 8600466 9710930 3470200 3730580 3730857 3730373 3730200 3731010 3730960 3730770 3731023 3730580 8190973 6350928 7770857 8600371 6660948 8190043 730896 5370829 5370894 3730004 3730004 9350043 7980973 9710622 9710930 9710930 8190772
3470920 10101023 3730176 3730812 9710622 8190888 6760071 8710896 8710987 3250580 2080580 3230888 3230743 9350580 9710580 9710458 3730004 7090973 5370948 5370948 8190809 7790580 2280580 2760948 230212 9760980 2760928 7790228 3700580 8340580 7790913 7790937 7790964 7790741 7790841 7790571 7790043 7790841 3470414 9710453 10010414 6660176 6660043 6660460 2760894 6660930 6660527 9350460 8901023 5230043 6660460 9040580 2760894 5650741 9710870 8600043 7790937 8190571 8190071 3230857 9710496 3230857 5230422 9350894 9350896 3930205 910796 910796 3931016 9350114 5650560 9710767 910114 3930796 9350364 3930364 301023 3930212 3230857 9350896 3230857 9710812 730857 3230043 3230297 3230801 2750561 6660741 6660633 3230870 9710422 730000 730996 730948 3250580 8710043 3470200 8710466 8190043 3730043 4630114 4630071 8190765 3730496 3730496 5370043 3730043 4630043 8190043 8190043 2280857 7790857 7790937 7790937 8550043 250743 2760285 6760752 8190144 8190144 2760074 2760857 2760801 8710801 3470963 8710888 3930144 3930283 8600071 3930796 3730964 3730259 3730993 2760857 2760071 6350743 6350964 8190364 2760964 8190519 8190519 6660894 6660896 9710923 3700414 3470462 8600414 8600770 9710802 2761007 9760920 8600920 3470580 2760071 2760043 10010414 2760964 2760770 8900496 9710894 7790870 5980043 8190991 3730460 3730460 4630888 3730646 8190920 8190888 4630894 8190043 9710071 8710043 3470930 9710782 5230504 8900767 9040043 9710770 9710920 3470920 730857 7310460 4990870
7790930 730930 9350930 5370408 730930 730371 9350304 6660948 9350948 730857 2750857 9350043 6660504 6660466 730857 9350930 730930 6660930 4990422 6660580 4990930 1920000 730857 4990948 730371 9350580 9350930 9350043 6270560 7310004 4990996 6660243 730739 2750422 4990371 4990646 4990580 6660752 730739 5370371 6660371 9350996 4090973 4090973 4990996 9350924 9350896 5370993 730857 9350937 5370880 9350460 4990743 1920857 6660422 6660043 730519 730166 3230200 730809 730371 9350580 730741 730741 730841 7530864 5370888 730937 3930923 730741 3930575 2750872 6660969 6660984 9350937 3230205 9350241 731023 730870 730772 2761002 2760414 6660864 6660006 6660872 2760371 2760043 8870043 2760741 8870580 8870580 7530580 5370924 5370841 8870580 5370371 7790580 8190888 9350880 5370770 5370371 5370964 9350743 6660560 9350422 6660043 9350924 2760923 9350422 6660996 6660580 730857 6660741 6660043 9350687 9350930 730371 6660743 730928 3730200 7310857 3730371 7980973 7980973 9350930 9350930 7980973 10140930 9350930 9350422 4990043 5370424 9350043 8870424 9350422 730371 5370993 730043 6660422 2760928 730200 9350580 2760580 9350580 730527 731023 9350580 730283 5370043 9350937 2760580 730544 730422 730812 730200 2760580 730200 2760228 2760580 9350580 2760200 5370043 9350646 8870266 5370993 9350580 5370580 730560 730200 9350580 730544 5370870 8870580 3950930 8870870 730857 8870043 7790857 8870580 8870043 5370460 5370043 8871007 4720580 4720200 7530422 7790870 2760000 9350996 8190422 8870812 4720580 8870580 3250205 4020000 6660000 9350646 9350560 9830996 300560 6580212 9710856 730544 3230754 730857 6660422 3231023 730857 3230928 3230580 2760857 731007 4720580 4720580 5371007 730995 2760580 2760580 4720200 730772 3230580 4720200 6660212 3231023 8870043 3230646 2761007 730043 230006 230006 2760371 2760872 2760772 730212 8870772 7790422 2760772 3250422 730880 4720772 4720580 7790043 7790857 7790841 7790937 7790841 7790857 7790364 7790580 7790913 7790913 8870043 7790580 8870043 5370043 7790937 8870741 3250350 9350580 9350580 730043 730043 5370043 730043 730043 8870043 4720741 8870205 8870043 8870924 9710544 3700519 8190993 2760872 7790580 9040580 3950043 8550580 7790937 730752 2751023 730743 8870580 730167 3470200 3250414 3470200 7790894 9710544 8190071 8190923 250371 3950043 2760043 3950371 8190894 9040857 8190913 7790964 3470200 7790937 3471023 3470200 8870560 4720422 2760516 7790894 8870043 8190071 7790857 8190518 9710414 2760741 3470200 9710285 7790371 3470743 7790964 8190812 1030857 7980973 1031010 1030114 8191023 6760973 3730004 8190888 8711023 300924 3700752 3930519 730560 730043 1920996 6660304 2760200 6660000 2760519 6660422 6660304 230527 230422 6660422 230857 230466 730995 5230043 2760371 9710043 230167 231023 230596 230043 2760371 4880973 7310460 7311010 7310043 7310043 6760560 230857 231023 230857 6660602 230006 2760872 730969 9350166 1920857 730857 730580 6660453 730338 230857 2760857 6770160 6770043 6770948 6660221 3230283 3231002 730221 5370741 730857 730414 3230466 9710466 8711007 4720200 4720857 5370961 730928 3930422 910752 3930880 3930212 300729 3700857 3700857 3700575 3700857 3700857 3700701 3701016 3700796 3700857 8190729 3700701 3700857 3470857 8190561 301023 3470857 3700857 9710739 9710297 3700857 3470334 7790857 8190560 2760857 5370809 5370580 5370948 5370580 5370580 7790857 2760857 9350870 5370580 5370841 9350527 5370930 5370580 730857 9350043 4990043 6761002 8190422 4090973 9350580 6660888 2760580 730888 730404 730580 9350580 2760930 6660930 6660228 2760930 5370930 730870 2760200 6660880 3250580 2760243 2761007 730363 6660043 6661002 9350870 5370371 6661007 6770560 6901023 5370741 730770 6661007 730857 9350560 5370580 9350930 5370812 2760857 9350752 230414 4990960 2760857 730857 730872 5370580 2760857 2760741 8870580 4720200 5370752 3470386 5370770 8870424 2760373
3950960 8871007 9350801 230504 2760085 9710085 2760772 2760767 8190752 2760857 230496 230043 230560 230006 2760371 6900466 9710350 7790205 2760995 6770993 730580 6660580 7790519 730350 730809 8870043 730836 730752 730770 730043 9310422 3730441 3730580 3730872 3730580 4630580 9350212 4990960 730212 6660580 230422 2760770 230767 2761023 2760770 2760770 2760767 3470752 3471023 7790743 8190894 9710205 9830796 3700560 9710205 9350304 3930796 3230422 730880 8870872 730000 8870996 9350937 8190602 5370888 730770 730043 730043 230496 2760770 9710519 730504 2760964 5370770 2761002 7790937 7530864 2760228 4990993 730961 730969 730228 730200 730864 2760228 730995 2760924 730371 730006 230006 2760872 9710864 730652 730969 3930923 3930741 3930200 2750924 3930923 6660228 730460 2760414 2760741 4720969 1760973 9350930 230923 2760752 9710073 7790888 2760373 250752 2760752 2760960 6660228 730928 6660800 730770 9350304 3230144 3230422 8870796 3230006 2760580 7531007 3250880 730752 730043 230006 2760738 230504 2760741 8870741 6660466 9350964 2760930 2760743 230176 230923 230924 2760496 230259 230812 2760580 2760527 230560 2760422 730812 730519 3230043 2761007 8870580 730857 8870897 730200 7790969 9350043 2760969 730560 2760969 2760580 3230560 730304 3250422 730888 9350043 10140653 9350646 730841 730928 8870580 8870580 3250580 7790841 730812 730739 730924 730560 730880 730857 3230560 2760924 8870424 7790937 2760047 4040580 8870580 7790518 7790580 7790739 7790841 9040580 9040580 2760350 7790741 2760741 2760872 2760995 7790770 8190767 7790857 3470857 8190043 3470560 300739 3700205 3930205 730729 9830831 3931023 3931023 520752 3930043 3930560 6660653 730984 3930646 9040772 3950960 2760812 2760422 4630243 3730801 3730952 4630857 3730767 8190371 8190973 3730006 8190741 9350888 730741 910006 730969 8190770 8190969 2760371 9040864 8190687 230963 230350 8710864 230167 2760350 2760741 10110371 730864 230963 730071 9710006 9710872 910519 9711007 5230037 6900872 2760006 7790371 7790743 2760167 3470414 9350924 9710386 910519 5230872 9710371 9040872 8190350 8190519 2760857 231023 230743 730754 730920 8600466 2760857 3470857 7790857 7790857 5370801 8190801 2760043 9710334 8710833 300285 9710350 5230414 520519 5230872 3950924 8190519 4990984 730969 6660984 2751023 3700519 730200 6660560 730560 6660772 2760414 9350743 2760205 2760964 2760969 2760969 7790205 2760924 730580 6660872 910741 8870741 5230386 8190741 2760741 7790888 3470923 2760006 2760519 2760809 2760414 7790741 7790937 3730646 730363 3930857 730969 730646 910371 8870741 730872 9711002 3470987 910864 3470006 8870043 8870043 9350460 9350043 5370043 730200 5370043 4990043 6661002 1920796 730772 6661002 6660422 6770928 6660930 1920212 4990460 4990580 6661007 1920948 4990993 4990043 4990580 6661007 1920857 4990930 4990928 4990363 4990371 2751023 4990993 4990580 2751023 6660800 4990924 6660043 1920948 4990870 730930 6660527 6660043 730857 1920857 731007 1920948 730857 4990948 6660460 730200 9350580 4990743 6660930 4990580 6660282 4990580 6660809 6660580 6270560 730870 6661007 6660580 730580 730580 1920948 4990043 6660580 9350043 6660580 6660043 9350741 6660043 6660580 6660176 5370518 730580 6660880 2760544 6660519 730200 9350043 6660930 6660043 6660996 6660527 6660580
730923 9350422 8870043 9350043 9350364 5370993 8870930 2760504 8870930 9350043 731023 7790930 7790743 5370460 2760071 730071 7790580 7790841 7790580 7790937 4720363 3390580 910371 910833 3470772 4330857 3730133 4630371 4630752 250969 2760386 3930285 6660561 910205 300996 730205 730043 910043 730812 730812 3470043 9040739 3470205 3470952 7790872 7790743 2760259 230167 2760741 230561 2760006 730996 2760371 730560 6660812 2760996 2760560 1760973 1030928 1030363 5370602 1030993 2760857 2760894 2760752 250580 2080770 230767 2760371 2760743 7790770 2760516 3730646 4630371 4630371 8710560 300350 9710144 300504 9710809 3470809 9710870 2760894 2760964 2760458 2760259 2760964 2760462 7790888 7790964 7790580 7790937 7790841 7790937 7790859 6660812 910961 730969 6660761 7530205 910519 2760560 2760652 7090973 2760205 230996 2761007 5230422 2760304 8190371 8190880 3730993 3470857 3470205 3470652 4630770 9040857 8190767 2760770 7790687 9350422 730928 9350043 6660466 6770948 9350930 5370930 5370930 9350580 5370422 4720200 8870580 2760741 4720519 7790518 7790841 7790913 9350894 9350304 9350894 2760820 2760880 2760714 6660896 9350796 6660304 300996 3700560 9710527 6660000 6770371 6770993 730560 730000 5230812 230414 6900864 6900037 6900872 730995 730000 8870924 7790580 9710864 9710741 3470923 1760973 8191023 4630371 6770043 2750796 9830796 2760422 6580212 4020000 2760205 2760923 230653 2760942 9710205 7790516 2760045 9710205 8190205 2760043 730200 9350836 6660422 3930519 3701002 6900880 9350743 6660729 300741 3930729 3930996 3930422 3930212 3470996 300422 3700304 520752 9710205 300996 730960 2750560 2750212 9710297 730561 3930812 1760973 7311010 3730422 6770160 230043 6760071 8330496 8810496 5370071 2760770 7790937 7790743 6770930 1920000 2750796 300527 300422 3930304 8710414 3930496 6900414 3700285 9710741 730937 6660043 231023 230809 8870580 5230809 6990519 5650924 9710741 9710923 3930414 3930285 730741 730178 7790752 730373 3250504 3950960 8190741 8190770 8190496 6770160 6660930 2750653 3930575 2750000 300653 2750812 3930422 910200 6660197 9350364 3230422 3230200 6660560 6660422 2760930 2760969 2760937 2760741 8190519 8190205 5371010 8190812 5370812 7790857 7790857
3700928 3700857 5230857 9350687 3700739 9710739 8710872 9710073 3470857 9710200 8711023 3930772 3700205 730770 730166 8601002 730071 730043 730857 730841 8870424 10110646 5650880 7530422 7790841 730801 2760833 2760359 250969 2760857 250071 7790964 3470987 8190782 1031010 3731023 8190516 3230930 730857 730833 730796 6660812 2760527 2761023 2760527 9710422 2760857 2760880 7790371 8870754 9040772 7790841 6660453 730422 6660460 6660504 6661007 6660414 3230580 3230527 2761007 9040580 4720888 3470743 9711023 520743 3700560 9710646 9040812 3470812 7790937 7790841 3470414 231023 2760071 3470743 7790743 7790743 3730458 1031010 2760930 6760043 6770460 3730872 3730268 4630580 8190801 4630043 3390580 2280857 730519 230960 2760833 2760519 7790770 2760801 2760942 2760801 1030004 250930 7790144 2760687 730991 910516 730963 8870580 910580 3470373 4040580 3950371 7790770 3700752 520741 3700770 9710809 9710414 3930864 6900969 4990870 10140993 4990741 3230987 6900504 6660770 3230752 5230496 3250006 8710987 5230767 8710043 8870043 3230043 8190920 7090973 3730004 4630071 3390870 3390964 5230646 9710741 3700888 9710646 520857 300350 3700767 3950960 8190741 8190809 3390960 910857 910924 910928 910928 910841 8870460 7790144 7790937 7790937 8870580 9040580 9710646 230809 6660930 730969 6660729 6660948 2750870 3930741 3700441 3470386 8190414 9350743 2760857 7530205 230770 230963 2760359 8710743 9710743 9350872 8600864 730896 3730920 4630071 3730809 4630043 4630964 4630580 4630004 3950043 2761023 2760772 230646 730043 9710043 2760752 230496 7790770 230496 2760580 8190519 5370580 2760466 7790857 7790752 7790894 7790770 730504 230767 230743 2760114 2760991 7790752 3930228 3930228 2750870 3930752 730969 3930960 6900205 730809 3930043 6901002 3931007 730969 8790580 910752 910729 730960 6770408 2760857 5370071 730857 6660743 6660282 3930836 5230782 9710969 910872 910741 9040969 5230386 5230995 2760006 6660872 230872 230458 2760894 2760285 2760767 3470414 250896 1760973 1031010 2760857 2760043 4990580 9350752 3730560 8190228 8190006 8190993 8710928 300350 8710350 2760743 4720371 4720888 8550580 7790937 731007 3250414 8870880 7790371 2760841 7790580 7790841 9040580 8550519 3731002 7311010 9350930 9350996 8190872 7790857 7790043 7790969 7790043 7790043 7790043 7790043 7790043 7790518 911002 910937 4720969 910937 7790969 3471002 8870424 7790580 8870580 730913 8870580 7790518 8870422 8870424 730857 730646 8870580 4720857 910200 730969 910200 730857 730857 730969 730857 730857 730796 8870580 730857 8870580 9350580 8190913 730969 8870580 730857 730580 730857 730422 730580 730580 730580 9350043 3230043 3230043 9350580 3230857 3230857 9350580 3230580 730995 730857 730580 730580
910212 3230386 6900872 2760350 8870870 2761007 3230872 2760462 3230176 730894 4720964 2080857 5370896 9760857 8190896 4630964 7090857 7090857 7090973 4720857 9710963 8710770 9710963 9350796 8710809 3700166 8600743 9040870 3470743 8190801 4630043 4630200 4630043 4630043 1030646 250752 3470923 5230646 9710006 9710969 910560 9710043 910996 3230872 4720371 7790371 9710864 4040580 9040580 9710006 730422 730371 7790580 730880 1030004 1760973 1760973 1760973 8190602 7790964 7790969 3930743 730006 7530580 7790743 3250496 7790841 7790937 3470176 1760973 2760857 5370870 2760930 2760739 6660561 6900930 230872 2760580 2760948 7530043 7790841 7790043 2760071 2760580 5230043 2760738 2760580 2760178 7790741 7790580 2280580 6040580 8550580 3250414 3230996 9041007 4720363 730652 730519 730580 230741 1760973 250200 2760516 7790571 7790516 7790894 7790580 3930752 3930043 5230043 9710770 910043 6900872 7790350 3930741 3930741 4020872 3230888 2750166 10110422 6581023 230996 6350580 7310460 3730460 3730996 8190422 8190414 2760043 2760043 2760872 2760801 2760043 230527 230872 730519 230350 8711002 730178 230006 7790743 230006 8190560 9710897 9711007 730872 730770 730920 2760462 730176 2761010 1760973 7090973 1760973 7090973 250580 3700350 520741 910144 9710386 3230144 3470144 7531007 2760752 4720516 8790580 3470144 230870 230569 2910466 230350 2760580 2760243 3730004 3730006 2760602 8190995 2760167 2761010 7790371 2760466 730114 910580 3230888 3230872 730741 5230043 730000 3470043 4720580 3250560 4720580 3470580 4720422 7790560 7790812 3470560 910864 910205 6660969 8710996 6660197 3930812 9710304 520870 3700519 3700928 3700743 3700560 9710991 3700888 3700767 7790772 7790743 910043 5980872 9710920 520741 3470987 3930646 910580 3230969 910580 910741 9710969 8710996 3230504 4720969 520071 8341007 3700519 3700870 3700741 3700870 3700870 9040144 3700743 3700870 9040857 3470857 3700857 910580 910580 730516 730920 5370993 1760973 4630243 2760857 230857 2760960 2760285 2760770 2760519 2760772 2760964 2760519 2760964 250743 250743 250519 7790743 6040519 250144 2280519 910560 9710350 910937 910519 8710205 4040371 2760653 4720363 2761007 730071 3230920 3230920 4720964 4040580 7790519 2761023 2760743 2760519 2760071 7790516 7790937 3700833 3700960 3700752 910928 910928 3700961 910371 3230969 3231002 3230836 3230856 3230996 3230422 3230872 4720829 3470527 3471007 8190371 8190870 8190973 8190870 8190870 7790841 3470200 5230212 8870952 3930561 3930880 9710752 910043 5230043 2750969 3930580
9831002 730930 730880 5230414 2760527 5230930 6760930 231010 4020466 9710996 2760006 5230527 2760422 4090973 1920857 231010 6660350 5230930 6660006 6660000 6660996 230350 2760857 1920996 9830422 730422 6660453 730371 9710205 2760880 10110872 2760741 2760812 230560 10110006 5230205 730942 1920857 2761007 730857 8870741 7790841 7790687 7790516 5370894 6770993 7790969 730037 5370144 730729 8870228 8870386 520519 250969 9040870 910870 3930144 8710565 8710870 6660602 2760969 230995 3230995 6660864 6661007 6660872 2760864 730942 6900519 6900529 2760350 2760924 5230809 6660414 8710386 2760741 2761002 8710519 7790519 3470952 7790741 7790969 2080924 3700870 730687 5230043 2760414 230923 230414 2760043 2760371 230770 2760752 2760043 2760960 2760043 2760504 2760071 7790741 7790964 7790841 2760176 7790870 2760920 2760043 7790964 7790964 3470462 2760894 6660047 6660422 9710519 2761002 2760580 2760580 2760952 2760770 2760580 3930205 230996 6660527 6660422 2760960 2760285 2760770 230364 230948 2760043 2760496 2760646 2760937 7790519 2760504 6660952 6660245 6660245 1920812 6660930 2760930 2761007 2760995 2760560 2760995 3471007 2760812 7530920 7530422 730960 730000 730414 3230338 730422 3250043 7790894 3470043 7791023 7790519 250772 2760857 8190870 7790870 7790857 7090973 3390870 7790870 2760043 730738 730338 230809 3230414 730809 3250772 730809 730414 730504 4720200 4720857 4720857 730969 730519 730519 6660519 730519 2761002 730580 730560 2760580 4720371 7790580 7790841 8870741 8870741 910544 730961 730841 730519 730460 730801 231002 730519 2760580 2760646 730519 7790937 7790841 7790560 7790519 9710801 2760857 2760414 9710414 9711002 730984 2750857 3930205 730969 3930043 9710200 2750496 730969 8190960 2760687 2080857 2760043 9760964 4630894 3730896 8190460 4720857 3700924 3700924 3700752 3700770 9710085 9710767 9710961 3471007 2760741 2760996 2760646 2760212 2760561 6660924 6660872 6660872 6660864 6660167 6660167 6660870 6660796 6660800 6660197 2760304 6660896 6660996 6660422 2760304 2760386 2760741 6660894 6660414 6660800 9710386 250894 2760673 2080894 2760646 2760580 4720942 3250580 250071 2760071 2760371 230006 230560 2760580 230743 230920 2760889 230812 2760006 2760006 2760872 2760772 2760872 3470920 7790964 7790888 2760646 2760363 2760422 2760812 2760000 9710996 3470422 2760371 2760870 2760580 2760580 2760006 2761007 2761007 9710334 2760995 3470870 9040580 2760363 230872 730167 730770 3230043 8710767 730888 2760580 7790743 7790741 2760043 2760259 7790894 7790913 7790937 7790937 4720942 2760687 9710743 8710870 2760743 9710386 2760969 2760741 2760739 2760006 2760870 2760006 2760006 2760872 7790841 7790752 3700144 6660812 5230304 2760800 6660996 5230364 9710870 6660924 3470870 9710496 9040870 3700870 9040923 3950414 4720371 6660653 1920560 6660864 230371 6660006 1920006 6660809 5230880 910519 2760741 2760371 6660646 2760205 7790888 8870870 8190371 3950371 730741 730864 3230043 3250414 2080531 2760896
8190516 520687 9040969 3930701 3930857 9350006 3700857 2080857 520205 9040350 3930205 910144 3930857 9710969 2750857 3930598 8870144 910144 3930283 910928 6900037 4990144 9350836 520857 910285 910928 9350729 2760964 2760212 2760646 6661007 6660422 6770560 6770928 2760386 6660496 2760371 2760285 2760741 2760752 2760820 910928 3930961 3930519 3230928 9350160 730857 3230930 5370894 2080422 9350896 5370841 3730531 2760894 2760857 2760894 7790894 7790894 7790841 10170857 9710767 910114 3230205 4990996 9830466 3230739 3230856 3230297 3731007 3230812 3730176 3730560 3730422 3730880 8190995 9760200 3470006 9710006 9760872 8190687 910414 520364 910285 8710496 9710952 3470496 910560 3930000 9040969 9040575 9040969 5370602 250930 2760857 6660930 9350930 6660408 2760772 2760897 7790772 2760896 7790772 3930560 730560 910687 730969 910687 8190960 8190969 8190888 8190969 6660996 9831023 9830466 7310422 230575 230350 230350 730338 5230996 2760741 9710580 2760205 2760304 9710043 7790580 2760995 7790937 3470580 3470006 3950560 3950924 3730741 7310924 7310496 9350930 9710923 9350913 8870741 8870741 7790371 4090973 10140930 10140812 8190894 8190006 8190993 7790741 7310602 230963 9350743 8190071 9350743 2760496 2760516 3470200 7790913 7790969 730043 730043 730043 730043 730043 8870043 730043 8870043 910200 4720200 910580 3930422 4990646 911007 730857 730857 730741 730857 730857 730580 730857 730701 730857 730857 2751023 730857 4990948 4990948 4990857 730857 4990969 730857 4990857 4990969 4990304 730857 4990930 9350930 4990857 4990043 7310888 4090973 4990422 4990580 4990580 2750812 4990880 2750857 4990422 5370638 4990043 6270560 730200 4090973 6660466 10110930 10110930 4990687 4990580 9350114 730942 10110924 9350516 10110952 730857 8870424 3250937 3950371 7790841 3950729 7790857 9350144 9350160 4991010 730857 730144 730144 730144 730969 730930 730144 730729 730857 4990160 730857 730857 730144 7790969 7790841 7790937 8870897 3250006 7790924 5650880 3700205 9710575 3250560 9710371 520857 3700739 9350872 9350687 9350006 3470200 5231023 5230037 5231023 520857 910200 3930285 3930857 9350800 9350646 3930857 9350809 9350561 9350894 9040043
7790937 2760960 2760071 2760441 7790870 2760770 2760743 2760646 5370460 6770160 2760772 8190043 230857 7790743 5370870 2760857 2760857 6350857 9350896 8190969 730687 730516 231023 2760580 7790687 3730268 3731002 3731023 3730646 8190973 8190973 8190560 8190646 3930920 300856 3930930 3930996 3700386 730928 9350984 730969 730961 910870 730969 910544 3930200 910200 8870741 3230864 910864 7790144 910796 8710205 730857 230350 5650864 730870 2760920 2760987 2760580 8710422 2760743 2760741 9760980 2081023 8190942 3730870 1030930 1030857 3730519 1030930 5370200 3730282 8190894 9350743 8190930 3250496 8190560 9710144 3700888 9710996 8710741 6900880 6900504 3930646 3930043 2750857 3930864 3930864 730969 730937 730857 730880 3930930 3930527 3930422 3930200 9350924 10110043 730857 7531007 730995 2760580 5230646 4720424 8870205 3250560 7790752 9040043 7790741 7790924 7790560 7310812 8330504 9710857 9830466 2760930 6660930 8190930 730812 6580212 2761010 9350243 6660243 6760930 230857 10110371 9350687 9350930 8190741 730928 8190518 9710598 3250414 8790857 8710752 4720544 8711023 3730519 3730241 5370948 8870580 2760359 2760752 730144 7980160 3730638 3730638 3730268 3730004 3730241 5370930 8190772 8190930 9350114 5230872 3700995 520043 5230646 4720371 9711002 3470205 9040043 9350743 520857 3930857 8190894 9760960 3250952 9710687 3950729 3700920 3731010 3730004 8190960 730770 3230422 1920796 730960 730166 6660580 2760653 2760580 8871007 7790580 9040043 7790841 2760200 2080519 2760519 2760841 2760176 3730460 3730870 3730820 3730519 3730930 5370930 7310993 9350948 9350937 8190960 9710580 301023 5230880 3930071 3930071 8600580 730373 730752 730896 3230880 2750560 730913 3930527 3930043 3930519 3230144 730984 910937 730857 730144 730752 730373 6660350 8870043 730000 7530580 3930043 3230924 3930580 9350864 2750857 730857 10141002 9350304 730928 4990601 4990800 9350687 10110930 3230200 730114 730880 5370743 9350176 9350913 9350043 6350930 9350870 8190741 2760961 730937 6900930 6901023 3730930 9340973 3730414 10140872 3700422 9350930 6660930 6660930 6660212 6660996 8710422 6660880 2760422 9710870 5370043 730200 2750560 9710964 730350 8600864 9710864 730969 5981023 8190897 5650350 8711023 730857 5230646 910937 7790888 730741 3930205 3930930 3930200 730283 10140993 730984 3931002 910841 910205 9350646 9350870 9350743 6660602 6660770 6660952 2760857 2760960 3700960 8710896 9710770 3700877 9710043 3700752 3470752 3700960 3700770 6660930 6770160 9710960 3700422 300504 301002 9710752 9710752 3700964 9710924 3700964 3700752 3471002 8711002 730770 6660930 6660243 730960 730930 730870 10011023 2760752 8711023 730770 3730752 3730004 8190770 3700857 3250857 8190752 3700496 8710928 8600930 3930857 7790969 730770 2760930 2760930 230857 2760930 3731002 3730652 3730200 3730984 3730993 10140652 3230801 7980973 7980973 6770930 7980930 7980160 9350752 9350948 9350160 9350373 9350948 3930930 910043 9710037 910841 9350888 4021023 6660580 730930 6660930 9350205 230857 5370930 8870870 2760527 6660812 3700212 2760928 7790772 8870043 7790969 7790969 910519 7790969 7790743 6900037 6581023 5650205 4990160 8871007 3230796 910371 7530560 730872 9350896 3470930 7790857 3470857 3730043 3730241 3730241 6760422 8190371 9350743 3250371 3730872 3730930 3730870 3730006 3730185 3731010 3730870 3730185 3730646 2760857 3730185 230857 9350212 6660796 5230930 2760930 6660166 730741 6660741 9350166 2760996 3700527 7790371 7790371 9040043 8550043 7790913 9040857 4720857 3471023 7790969 7790937 7790937 2760043 7790687 3730743 9350930 3230144 9350386 1920880 730386 3930386 9350761 730741 8870414 10140973 1030969 1030292 1760973 1030580 7980973 9350580 230292 2760519 230995 231023 2760071
9710964 9350952 9710414 9710752 3470752 8190952 4630857 3731023 3731023 4630930 3731023 4630930 3730812 3730004 4631010 4630004 7790043 2760043 230888 2760930 2760770 8901023 2760857 2760857 2760074 9711023 9040772 8190888 8190930 3730043 3731023 4630200 3731023 4630638 4630200 9711002 8710969 9710043 8710037 9350741 3700071 9710772 8190371 8190741 8190646 3950960 8190752 8190441 9350741 3250857 730857 230373 2760371 3250767 2760960 2760754 1760973 1760973 2760857 9350687 3930575 6580212 5230984 8870205 2760422 5370371 6350741 730178 4720519 9710006 3730006 3470200 2760338 3471007 4720888 3950144 10140160 8330996 8710930 8710996 300422 3930920 3250880 3730200 3730646 2760687 2760942 2760114 3730004 1760973 8190920 8711023 8190973 9710963 6040857 3730646 8190920 8190859 9710897 5231002 9420466 5230496 730924 7980973 5370841 9350560 3950960 3250857 3230212 3470575 2760948 3470422 3730000 4630580 1760973 3930833 5230739 3930422 3700519 3930560 9710422 3930937 3930969 3930519 730960 8870833 5231002 3930371 3930872 520741 8870350 730872 230948 2760441 730743 2760071 3470920 7790969 7790841 7790964 8190870 7790937 730200 7790580 4720200 4720544 5370580 8190961 9350864 4720200 4720519 2760006 4720371 1030961 1030857 1030646 1030913 8190364 9350752 9831023 9350422 6660741 2760504 9710782 2760504 2760743 8710987 9311023 6660160 8710857 230924 3700071 3700071 8870741 6350371 4990812 6661007 230560 3730441 3730519 3730205 3730519 6660969 4020984 3930519 3930575 2760928 8710350 8190071 6760006 10010857 5980857 3230371 9350176 730371 2760743 9710462 2080519 3950496 8190458 8190964 8190176 8190602 2760602 3730004 3730268 3730268 1760973 1760973 3730004 8190371 8190888 8190496 9710857 9350160 730408 5650857 8710833 8190987 5980857 3930857 7790743 7790519 230228 6770948 2760580 6760580 2760580 6760741 2760857 3730357 4630243 3730519 8190466 1760973 4630580 7090973 8190496 9710770 8710646 9710833 8710729 9710857 3700770 7790743 520371 520743 3930864 3930930 730857 5230930 3250371 910872 7790857 4040857 8190205 8190205 2760857 3730536 2760857 1030408 2760930 230964 2760857 2760580 8711023 2760991 7790857 2760646 7790857 250743 250930 2760857 2760930 2760923 2760857 8710437 2760371 7790870 7790741 7790752 7790937 7790913 7790913 2570043 7790857 6760519 8190896 2760071 8190964 2760960 8190071 2760176 2760960 2760743 1760973 3730268 3730602 3730268 3730420 3730241 6760896 8190752 9350741 910285 8190519 8190071 7530422 3930519 3931023 2760969 300212 3700205 2760350 5230350 9350205 8190371 8190371 5370043 2760857 5370043 8190516 2760857 8190896 2760580 230767 2760752 2760043 231023 2760930 2760741 2760857 2760496 7790857 7790770 7790859 250930 2760857 7790857 7790857 9350801 6770408 9350544 2760857 6660006 6660560 730422 2760580 9710580 2760752 2760580 3470144 7790580 7790580 9760580 8790544 2760964 9710144 2760857 6760160 2760857 2760857 8600857 8600857 2080519 2080531 3730531 5370743 3730870 250964 250743 7790857 7790841 8190519 6350580 6760422 2760560 2760857 2760580 2760857 9350948 8870580 3730004 1600973 7090973 1760973 3730602
730729 520743 8601002 8600930 6350580 9350743 8190888 9350166 5980466 8190414 3250580 2760857 3470930 730633 8190519 9710462 2760961 3700043 730741 2760176 2760928 2760928 6660071 730560 2760961 2760741 2760996 9710870 2760458 2760961 7530870 3700870 2760964 6770930 230292 1920857 5230870 1920006 2760371 1920812 230996 1920812 6660996 730560 2760870 9350580 2760857 2080930 2760228 230371 6660870 6660221 2760928 6660809 6660743 2760960 301023 2760646 2760857 730857 9350460 9710743 2760043 6660741 6660870 6660870 6660646 1920812 6660144 6660144 6660527 6660197 6581023 6660856 4990519 1920812 1920000 230006 230812 2760995 8710364 2760969 730960 2760729 7530519 910896 7790894 520870 520743 7790741 3470833 7790743 8190920 8190071 8601023 2760176 8190519 2760743 2760176 4720964 3700519 3700519 8870580 3700519 8191002 2760857 2760857 2760857 8870741 8190772 2760857 8870772 5370772 8870772 8870772 7790937 8870144 7790913 2760544 7790964 7790371 8870144 7790743 2760969 7790743 7790964 7790964 7790859 7790743 7790937 7790743 2760363 7790841 7790964 2760964 2760363 2761007 3230176 4720870 7790894 2761007 2760948 9040870 2760961 9040870 4040601 8600920 8190896 3470857 7790894 7790371 7790516 7790687 7790913 7790741 7790913 3731023 3730646 8190458 7790964 7790888 2760071 250930 3730241 1030993 8190973 8190765 7790741 7790870 8870870 7790870 4720424 3471007 2760580 230920 2760738 2760948 2760964 3470580 7790964 2760752 730894 2760770 2761007 2760752 2760259 2760864 2760752 2760894 8600864 2760770 2760350 2080519 7790964 250969 3950870 5230386 8710386 2760071 2760371 2760896 2760373 2760767 2760496 3730896 3730176 4630896 2761007 2761007 2761007 4720519 2080870 7790937 9710006 9040864 7790687 7790969 9040969 9040969 3700350 9710894 9710741 6900872 9710414 3700752 8600924 3470205 9710960 9710891 9710371 9710856 9710928 2080752 9710924 3470560 9710743 9040974 300872 9710928 3700575 9710796 3700043 3700796 9350114 9760200 9350894 230292 4990888 730964 3730638 3730638 3730549 3730602 3730268 3731002 3730004 7090973 8190930 7090973 6770160 6770930 7980930 231010 730930 4990043 4990857 9350638 10140043 10140496 3930836 3930857 3930920 3700205 3700896 7790913 4040424 7790859 7790741 7790913 9040870 7790937 9040870 9040870 3950870 8191002 9350006 9710930 9711023 8190741
4631010 3731023 4631010 4630857 4630518 3730941 4991007 3230200 5230872 910864 520371 4630741 4630580 5370371 5370924 250580 250580 8870580 7530200 2751023 2750836 730961 4990993 2750836 2750043 730043 730561 2750212 4720580 2760043 8870580 730561 730796 730770 730952 9710043 730767 3230422 9710297 3470527 9040870 8870422 9710580 3700996 4720422 4720857 2760687 6660646 2760928 2760928 2760363 2761002 6660880 2760928 8870870 730200 730000 3230996 8790496 7790496 4720404 7090973 7790857 3470930 7790888 7790741 9040043 3470782 4040371 910363 910043 910928 730870 8871002 730870 730928 9710772 2760964 9040580 7790371 9040580 7790913 7790741 9710006 9710872 3470872 2760043 8870043 9040580 9040580 9040580 8550580 3700880 730037 4990801 7310800 4990801 4990144 6770930 731023 5371007 2760782 5371007 1760973 1760973 5371010 1760973 1760973 7790857 4040519 8190754 2760646 6660602 730880 730833 730857 8190930 8190043 3950930 7790857 7790516 3470462 2760987 2760991 250888 8710176 5370888 9350460 730870 8600782 2760071 7530371 730942 9710872 9710872 2080872 8190516 5370386 4990969 2760969 730969 910833 7790144 4040519 4040519 8870880 2760561 2760729 6660984 2760969 5370924 3930809 3930414 3470809 7790770 520071 8870809 8870987 9350888 4720888 2760212 9350212 6660561 250896 3950772 9350408 9350408 730833 730772 6770043 4990043 6770043 2760043 5370144 7790969 2760560 6660560 6660801 2760043 2760560 2760653 2760371 2760371 6660144 9350729 4990519 9350241 6661023 8870144 2760809 3730646 4630969 7090973 3950729 3700519 730460 6660872 2760729 9350386 9350386 5370144 2760386 2760729 2760969 520519 520519 8190872 4720857 6770460 6770930 5370930 5370930 5370200 4990580 5370924 9350580 8710496 9710770 3470752 2760602 3470752 8710870 8710987 2080870 8550870 2080560 8870897 230176 2760897 2760386 2080870 8600422 2760880 2760894 3470414 910371 3250580 7530872 6660870 2760870 7790870 2760942 6660560 6660560 6660460 4990043 730580 10140212 9340973 3730004 4630857 3730004 4630638 7090973 4630638 7090857 7090973 730969 730492 4990228 731007 730516 730961 3730896 3730894 3730458 5650857 9350870 9350205 3230466 3731007 8190560 9710857 8190812 4631010 3730560 4630894 6760772 2760006 2760006 2760272 7790741 7790770 7790812 250371 2760006 2760767 2760952 2760960 2760652 2760652 2760752 6660800 2760796 1920796 730796 2760652 2760373 3470870 3470772 2760770 730969 3930770 3930836 910796 3700836 3930561 3701016 3930598 9350752 8710923 8190960 8811023 8190969 9710891 520969 2760404 2760460 3470752 9710770 9710729 3700752 3700960 3930770 3930561
3731010 7790752 2760770 2760880 8710212 8710796 9710622 9711023 9710767 3471023 2760504 2760841 7790371 3950772 9350212 3700212 3700212 3701016 3700857 9710200 8710560 2760071 6660812 9710205 8870812 3700575 3230739 3470334 9710812 3730004 3470857 3950043 8190043 8190872 8190043 3390960 3950560 8550043 8190560 3950560 8190812 2760770 6900560 6660872 2750872 9350422 3230212 730653 3230561 301023 3700743 300205 3700071 3700205 9710739 3730638 3730004 8190160 3730004 3730004 3731010 3730004 1600973 3730646 7090973 1031010 250930 1760973 8190772 8190043 250571 8190504 7790652 7790741 7790741 8710043 8710043 7530422 8710014 8710043 2760857 3730043 3730560 3730043 1760973 8190560 1600973 3730004 3730646 3730004 3730646 8190930 8190930 7790857 8190160 9040857 7790043 7790857 9040043 3950371 250519 7090973 8190752 9711023 3730767 3730960 8190043 4020996 300739 300856 9350996 3700770 300701 3700701 3700752 8710212 9350504 230422 4020996 4020000 9710996 3730004 3730993 8190996 9710527 9040212 3470575 9040996 8710205 9710205 3470652 5230560 6580560 3230304 9710739 3230560 9350888 5230422 10140653 10140653 9350580 6581023 9350920 9350205 9350888 9350560 8600560 9710924 9710071 3730004 3730071 3730205 3730185 3730205 2760857 3730812 6760560 5370964 3250857 300422 5230739 300920 5230575 9040987 9710371 9710872 3700995 3470006 9710334 6900646 6660350 6660948 6660856 230422 230880 2760996 9710200 2760527 2760560 3470043 7790872 250519 250741 4040519 911007 910864 3230928 6900812 10140880 3730496 3730004 3730004 8190930 3730004 5371010 8710930 6660796 300422 9710809 6900880 8710809 3700796 8811023 3730043 3730770 3730004 3730200 3730004 7980973 8190801 5370930 5370043 8810924 5230492 7790752 9710414 910285 5231002 5230891 5230924 8190006 8190872 9710334 3230752 6660212 6660212 300504 6660770 9710200 3250857 9421023 8190460 8190960 8190770 5370043 2760857 8190043 2760043 2760948 2760422 8710014 2760338 6760924 230924 1030993 3730924 3730741 1030993 8190772 2760414 8190880 6660000 8710575 6660920 6660948 6581023 730991 3470872 3730004 8190930 5370930 730575 9350930 731023 730043 2760772 8870043 7790770 7790937 7790841 7790913 7790937 7790841 910414 300496 6900646 3230996 9350560 9350872 3730638 3731010 3730422 3730004 3730000 3730880 10140043 8190930 6660920
730738 730338 3700960 6660160 2760770 730770 730896 9710646 8870812 300880 3700075 9710856 3700575 910880 911023 9350836 300739 7310602 6660812 9350996 10140422 3230304 6900996 9710527 9710422 8190212 9040857 9710422 8190422 8190571 8190424 250371 8190752 8190646 2080924 9760920 3470743 2080743 3470782 7790414 7790371 7530414 3700752 520743 8810920 9710952 3470496 3390964 730930 730765 730809 7530580 7790841 7790937 7790841 7790859 7790913 4720841 3230812 3230872 6900880 8710864 3230350 9710888 3471007 4720371 2080864 8600864 3470857 4040888 910767 910285 2080961 3470414 3470872 3470894 2080414 9710920 9711023 3470772 3470857 9710350 3250350 910857 9040857 3470872 4630404 7090973 4630004 4630004 4720560 3470560 8870996 730560 730205 730857 4990752 9350930 730200 8710043 4990770 2760114 4990743 6660466 5370841 730422 2760870 2760243 9350870 730857 5370043 8870870 2760937 8870571 3250043 7790877 2760404 6040519 8190519 2760363 4720519 7790519 2760833 2760228 2760896 2760880 250743 7790519 2760754 2760754 7790519 7790913 8870924 3700519 8870741 2760880 2760422 8870880 2760646 4720841 7790937 8870043 8190646 7790841 7790913 7790913 7790754 520519 9041023 250071 2760857 6660930 4990801 730701 230948 6660996 730796 2760872 5370841 9350043 730527 730304 7790969 6660304 9710527 9040857 3730580 3731023 3731023 3730205 3730304 3700857 3470857 8710963 9710074 8710496 9350952 3730241 3730496 3730960 3730770 3730880 3730741 3730212 3730496 4630770 3730809 4630770 2750930 2751023 730809 730043 3930043 3230043 3250987 3250987 5370043 730772 4990043 730729 730964
730930 5370930 6660160 9350460 8190930 8190930 9350930 5370580 8190942 2760857 2760687 2760666 2760729 730363 6350930 7311010 7310004 4990422 7310996 6660880 9830930 4020000 6660996 9830996 230422 730212 2760996 1920948 6660304 6660996 9830422 3230422 8871007 730996 9350937 730880 5230386 910371 8870872 4720961 3230228 3230995 3230006 5370841 910937 6660350 8710350 3470995 8190371 3730371 6350930 10140872 2760857 9350006 9350560 9350964 2760560 6660205 5650864 2760205 6660653 730037 6660969 730371 2760350 730205 9350930 4990160 9350937 730729 9350729 9350043 2760205 2760928 2760864 730350 2760961 2760006 730371 2760969 2760646 6350924 8190888 3731002 7310043 7310872 7310043 10110880 6770948 9350043 3230880 300212 8190460 8190646 8190424 730857 731007 3231023 2760928 6660245 730580 5370460 6660166 6660166 730857 6660836 9350836 2760857 730516 6660460 730043 2760580 8870580 3700836 6660836 2760752 6660166 230212 730857 2760580 4020000 9710996 9040212 3470176 9760071 3441023 8710930 9710073 8710496 9710071 3470504 9710920 3950496 7310888 9350930 2760857 3470743 8710782 7790743 7790373 8710014 8870952 8710743 9710782 4021023 9350996 7790422 5230560 9710297 3700527 3230212 2760770 730516 5231002 9710891 10110812 9710687 8340580 7790964 3470200 7790371 7790043 2750880 3930297 3931002 9830561 9710856 8710969 3470441 9710770 1920996 730888 3230228 3470422 9710812 9710205 7530205 9710544 3470422 8710043 730924 730960 3230812 3470414 8870741 8710371 6660738 3230960 7530560 6760422 8190767 8190466 8190371 7090973 3950560 9040857 3930422 730212 730969 4020984 2750422 3700598 8190646 7090973 7090973 8190993 9040857 3470580 3700857 3470414 8710212 9310646 730752 230996 2760580 730460 6660460 9710043 230948 2760812 6580984 3930701 3230996 9830561 9710304 6660996 8190422 9351010 2760646 2760047 2761007 3230809 3470857 8190888 7090973 8190560 9710864 1550496 9710414 8710924 9710888 3700770 3470894 7790937 3250864 5230809 3700924 3470924 9710752 8710414 3700960 3700767 9710414 8190422 8190812 9711023 9040864 9710422 9710770 3470205 9710297 8870043 230948 6660460 230228 2760408 230928 230560 230948 230948 3230653 3700743 3700743 3470743 3470743 8710928 5230043 9710872 8190646 3930996 3930560 3700205 3730004 8190205 4720857 8190000 3700896 9710928 300767 3700770 8190752 7790841 9710741 9710414 5230960 9710752 9710414 3700212 3700770 9710870 3700519 8870212 9710414 2760770 5230519 6660561 3700283 3700796 7531007 3700212 3700212 5230496 8710519 8710870 9710880 9710796 3470212 5230767 5650414 5230960 9711023 9710741 8710285 8710212 9040870 3700212 9710414 9710743 9040575 6660560 6660160 2750043 2750043 2750836 2750812 3230282 2750880 730561 300872 3700527 8870580 8870350 8870796 3700297 8870282 3931002 2750228 730228 2750646 3230800 910928 3930646 9040969 3700770 7090973 7090973 7090973
3730993 8190973 8190942 5370687 3730743 3730241 3730241 8190785 1760973 5370770 7980973 3730268 1031010 3730185 1030408 5370859 8190752 8190687 3730596 8190942 7790857 6760969 3730920 3730974 8190969 8190952 8190809 8550857 3250857 7790857 3730043 5370043 3730043 6760043 3730043 2760857 8710923 8190770 2760770 3730767 3730743 10140560 3730422 8190422 9350880 5230857 8190770 6760504 3730580 3730560 3730560 9711023 5370930 6760772 6350687 6760772 2760857 6350924 6771010 5370809 2760959 8190741 5371007 4990646 5370894 7530560 3731007 3731023 3730241 3730646 4630571 6761023 8190964 8190071 8190894 8190913 9040785 9350891 3730969 9350937 9350646 9350176 7530872 5370964 7311007 4990812 5370371 5370371 3230350 3730580 2760948 5370752 5370896 2760857 9350561 9831023 7790857 8190772 3730043 3731010 3730560 1760973 3730646 4630877 3730004 4630043 3730924 8190371 8190741 6350560 3730422 9350000 9350996 9350872 3930857 10140993 4910200 6760114 3700924 8190969 9040872 9760872 9350043 4990043 10110857 2080857 5370841 9350687 9350516 4720857 3250006 8190969 7980973 910864 10010857 9760980 8870741 3730373 3730872 7980973 9350638 8190969 8190373 2760373 3470200 1031010 3730043 3730043 3730004 6760767 8190602 1760973 8190519 5370602 3730870 8190930 8190602 8190519 2760857 3730770 6760872 3250920 2760560 8190894 3730888 3730241 6761002 5370888 3730241 5370371 8190043 9350646 9040772 8190754 1760973 8190071 1760973 8190964 8190964 8190888 3730241 8190870 8190888 1760973 4630870 8190602 3730519 8190371 1760973 6350872 3730350 8190350 3470857 3470200 3470894 9710872 7790741 3250350 3470176 6770160 1030371 3730602 3730004 1030004 6760646 2760857 8190888 250964 2760857 8190896 8190872 8190765 8190864 8190896 2081023 2080870 7090973 250687 8190923 3731023 4630200 1760973 8190772 5370772 5370371 5370371 9350653 9350653 6660560 8190741 8600205 8190894 8190752 6760371 9350741 3470205 8190969 9350924 300872 8190645 5230743 9040857 2760857 6660687 7310924 3730241 7980973 3731002 3731002 3730960 2760857 8190930 5371010 8190930 3730241 2760857 8190930 5370870 3730870 3730870 8190809 3730924 8190741 8190770 2760770 250752 8190071 6350872 8190741 7790864 5370043 6770408 5370964 4630004 3730743 3730646 1031010 5370364 8190364 9760980 8190741 9350516 8870974 730652 9350937 5370993 730880 9350646 7980973 5370200 5370200 5370424 6761002 9350752 3730993 9350560 520857 8190937 3930560 4330857 3730974 3730519 4630200 4630043 8190043 6350872 3730741 9350000 8190923 2760963 9350422 2760857 2760857 1030928 1030772 3730772 1030043 4630200 1760973 4630200 4630638 8190930 1760973 8190043 8190960 9710043 8190338 9710960 5370741 230880 9710996 9710422 2760857 9350212 3730043 9350043 6660228 6660948 9350043 9350580 9350228 9350071 6660948 9350580 9350996 3730928 9350948 9350422 9350752 8190043 9350996 8190770 3730770 3730004 3730754 3730241 8190937 7790857 8190646 5370888 6770993 8190043 3730752 3730960 6760560 6350770 3730924 6760772 3730924 8190772 3730560 2760857 1030993 3730924 3730741 2760857 2760857 6760006 3730185 9710930 7790913 7790894 2760894 5370043 4990857 4990924 7980857 9350114 8190942 9350913 3730422 3730205 3730304 3730937 8190043 7790857 8190043 8190043 9350043 9350741 9350071 9350888 9350176 3700285 7790729 7790937 9040969 4990646 5370292 7310741 7310560 6760422 8190043 8190071 8340043 3730043 3730043 3730580 3730580 4720205 6760422 4720404 9761007 6350687 7310466 3730466 3730580 7980973 1760973 4630772 1760973 8190772 8190930 2760772 8190772 8190770 7790857 9040772 8190071 5370043 9350580 5370071 8190371 3470200 3251023 4720857 3730268 5370043 8190043 6770160 5370071 2760930 5370580 9710414 6350930 7310809 6660205 9350580 3730743 6660796 3250580 3730580 3250920 2760930 5370964 2760857 6760519 1030043 5370071 1030408 5370772 4630200
9350894 910285 3730673 8190638 3730458 3730004 3730004 7090973 1760973 3730176 3730004 300701 300880 4020212 8710960 8710880 8710770 3700504 3700770 3700767 3700767 8710809 3700770 3950960 9710964 3230961 3930870 3700166 520743 8710743 3700743 3470743 4040371 3470782 8190071 3730646 4630371 3730004 8190371 8190687 8190960 3730004 7090973 3730496 4630770 3730646 4630004 4630200 4630004 7090973 8190991 8900466 9310466 230517 8710987 230666 9710920 8710772 8710772 230666 9710920 3470743 2760359 8710259 7790743 7790870 7790841 9760071 8190888 4630857 1760973 2760754 8190516 3470580 2760948 7790516 7790516 9760580 9760580 7790894 2080531 2760894 2760580 7790894 2081002 2080580 2080043 2080580 8190496 2760857 3950930 7790937 7790580 7790913 8550519 7790857 7790894 8190772 4630772 7090973 3731010 4630638 3731010 4631010 4630857 4631010 3731010 3731010 4631010 3730646 7090930 3730114 6660466 6581023 3230422 3230856 3230496 8710085 3230373 230952 230820 2760114 3470580 2760812 2760043 8870043 230928 8710043 8710043 2760338 8870580 730043 730687 7530043 230371 7530580 9710580 3250580 8711023 9710580 7790580 4630371 3390580 9040857 3950812 8340580 8190519 2760752 8190144 9710920 9420496 8710923 2760752 8190414 2760414 5230037 6900767 3470285 7790857 5230770 8710285 9710496 8710960 9710729 9710952 3470857 3470752 8710496 7790770 7790414 2760772 7790741 2760857 9710930 6990519 9710741 3470043 9710496 8190504 3390741 230414 230496 230414 730283 6660408 730285 6660243 2750767 730221 8870212 8870580 8870580 7790770 7790371 2760527 2760043 3470043 3700043 7790937 3950924 910414 7790937 910896 5650414 3230800 3930441 10140872 3930701 3700212 3930422 3700205 3700071 3700071 3700880 7090973 7090973 7090973 7090973 4630518 7090973 4631010 4630357 10140812 3230205 4990928 9350422 3931023 8870518 3930527 8870282 910228 520205 3950043 2081002 230948 230948 230569 730350 910414 910930 5231023 9710741 3470414 9710864 4720414 7790924 9711023 3230857 8190888 8190991 7090857 3731010 7090973 7090973 7790743 7790894 7790894 8550519 3930646 3930623 3930836 910870 3931002 730228 3230228 3930228 3700386 7531007 730228 8190519 1030160 4630870 3730185 2760857 5230930 6660809 9350833 2750857 3930739 8710864 8870560 2760272 2760894 230820 2760857 6760888 5230006 9710743 3470285 3470920 3730364 3230371 5230857 3230923 8810466 9710453 6760414 3730420 3730888 1760973 3730004 6760973 8190752 6760006 6760006 2750422 5230466 2750000 230561 2760738 5230801 2760422 3730960 3730560 3730560 3730519 3730006 3731023 3730043 4630200 4630043 9350752
9350602 8870560 3700422 9350304 3930996 3700560 8870812 3700205 9350653 9350930 6660304 8600782 730071 230920 6660460 730888 730646 9710580 9710920 3250987 8790888 7530560 3470422 3470894 7790937 3950560 8190930 6350930 9350930 9350580 8190071 6760743 8190964 8190964 8190176 2760964 5980043 7790964 8870772 8710772 3250772 3250767 8190357 6760782 6900646 9710496 2760924 9710741 8710924 7790924 7790964 7790741 3470043 7790743 3470870 8870924 730071 3700987 2760043 7310833 4090973 1920857 2750857 6660580 6660666 2760373 2760071 3930043 7530580 3930741 4040888 4720969 3950043 520969 3950371 7980973 7310004 5370602 8190519 5370809 8190519 7790519 7790841 7790857 7790937 7790841 7790937 7790913 730371 4990924 10140930 6660930 6660930 7310833 6660930 6660930 1920857 230864 9710969 8710580 8710386 730504 3930580 730687 3470531 8870924 3470200 7790969 8870037 2760969 9350924 730924 7790913 3950371 7790924 8870924 7790924 7790833 2761002 7790888 2760772 8190071 7980973 3700741 6660754 3700930 8870754 6660519 3700519 3700519 520743 3700888 7790371 2760833 2760928 8870741 7790371 2760729 7790519 5370741 7790518 3700422 3700796 301002 3700043 8870741 8870948 9040580 7790752 730283 6660043 6660880 6660212 7980930 6660371 7980973 730212 9350743 8870772 2760928 8870772 3250422 7790964 9040772 8870043 3700043 8870212 8870212 2760544 2761002 7790580 2760580 2760043 2760043 7790580 8870772 2761002 2760646 7790859 2760580 3730371 10140043 9350924 3250580 9710580 8710767 8710580 2760770 9710770 8600043 5230176 2760924 3730241 6660767 9350924 8710833 9710580 9710930 730770 6660646 730812 2760960 730653 7530880 6660633 7790752 2760928 2760071 7790371 9710205 3470422 7790580 2761023 7310602 7310864 6901023 9710371 5230575 9710519 2760527 8710014 230047 8790580 2760580 9710580 2760880 2760580 730560 3700580 2080580 9710519 5231023 3250580 2760924 3470580 8710580 9710864 9710580 9710580 3470580 3470580 2760924 6770741 6660752 730952 730964 8600864 730741 2760741 2760743 7530519 9710519 7530519 8710519 8710560 8600205 9350071 2760960 8600580 7790373 8600371 5230872 3470894 2760176 3470462 2760969 730114 730928 730646 730371 9710888 7530350 9710544 8190896 3230743 2760963 5370071 2760857 6350580 5370888 5370071 6760371 8190741 6760519 5370743 2760857 6350743 5370752 6760841 8190371 6350872 2760496 6660948 9350687 9350560 5231023 8190896 6760687 9350580 6660752 6660560 8330422 9350752 7530580 6660422 9710205 8711023 2760304 730743 5370964 730896 730071 730888 7530580 2760743 2760752 7790894 9711023 3470857 7310888 6350930 9350602 8190741 8190913 3250422 7530422 6760371 6660006 9350580 9350924 9710770 730741 9710987 10110872 9710371 730071 3930996 7530422 8190422 3470205 3700043 8870880 9350880 8190913 9710462 5980504 3470743 3470176 3470894 3470743 9350043 3700580 9710996 9710422 9710304 910996 9040969 3230969 910212 3700928 3700961 9040961 910880 9040996 3950422 7980973 9350801 9350801 4040200 4720363 2760928 7310460 6660460 9350782 2760987 2760770 2760371 2760770 730752 10110920 8710519 7530519 8710519 9711002 8711023
910833 6660800 3930422 5231002 730924 730928 3230833 3930996 3700422 910519 2760000 3950205 8870205 6990519 7790687 7791023 7790772 7790964 7790841 7790687 9760980 7790888 7790743 9710924 3470857 7790754 4630741 4630200 4630960 4630200 4630043 8190952 3470285 9710519 3230371 3230880 3700961 3230880 8870561 9710598 3470205 9710006 7790371 7790841 9040580 8550519 7790652 7790652 7790652 7790652 6660996 6660738 1920880 4020000 730996 230422 730560 7790580 7310422 3730422 3730560 3700285 9711023 5370809 250888 250741 3470205 9710453 4630770 250741 5230961 3930205 910833 3930527 9710037 9710924 3930560 910729 5230969 9710575 730653 5231023 730653 730527 730872 3470205 9040580 2760000 2760646 7790812 3250205 7790812 7790371 7790964 250896 4750870 9710006 9710812 3470414 9710809 9710646 3730560 4630743 4630364 4630930 1030160 9710285 9040961 8190741 3470560 3470205 4630857 3730646 3470743 3470458 3470743 9710920 9710071 9710071 9710462 9710071 9710920 3470920 9040872 4720363 8870043 7790948 2570580 4720516 7790870 7790870 7791023 3950870 7791023 7790870 6660221 6660602 8600422 2760416 5230870 7790870 3470894 9040870 9040870 9040870 3470743 9710920 8710504 9710016 2080770 3470752 3930920 3930752 8870920 8710969 9710085 730888 7790580 8870043 3230836 5980888 4720964 8330872 1551023 9710870 3230646 8710782 300856 6580984 3930870 9830996 8710422 3930812 3930496 9710996 9830006 9830996 5230560 3470580 4020304 3930575 3930575 6580560 9350304 3930812 3930364 3930920 3930205 6660836 6660812 730937 730560 730991 230996 231002 2750422 6660422 2760580 6660000 2760964 2760928 7790422 2760560 2760894 7790897 730006 3230996 5230212 7790580 9710422 9710880 3930961 3230144 2750880 730282 3231002 910928 4720516 3930960 3230006 3470205 730000 7790888 8190560 3730812 3470422 8190739 2760652 230812 2760770 9710701 2760653 2760071 8710801 2760071 2760743 9710422 2760924 9710801 8710043 9710527 9710519 8710527 2760812 3470857 3730812 3730006 3730653 8190653 9040857 8550857 230006 230872 730872 730772 4720772 7790580 7790924 7790752 9710043 7790371 3950371 3470772 8550772 7790937 230987 230739 230205 5230801 230205 2760371 2760812 2760872 2760646 2760964 7790519 2760205 9710870 2760896 3470870 8710770 9710870 8710504 9710016 8710504 9710016 3470504 8190872 2760857 2760952 7790812 9710646 7790894 730653 3230770 3230800 5230880 5230984 8710872 9710544 8710741 9710350 9710924 3930560 300739 300880 3700752 300422 300304 5230996 9711016 3700575 300205 9040969 3230006 2760422 7790752 2760937 8710646 7790924
730872 730519 730519 730560 230924 2760205 6660527 6660006 6660460 2760928 1920796 730770 6661002 6660870 1920996 730920 730960 730937 730544 730913 9350228 8870580 910144 8190144 3731002 8190809 7090973 4630004 4630857 8190973 7090973 910071 6660996 2760653 9830422 8710422 6660924 300205 6660197 9710304 520519 9710833 8710729 9710371 3700920 8710741 3470496 7090973 7090973 7790857 231023 230741 230872 230872 730741 3230800 3230880 3230212 730422 3230880 730743 4990880 3230200 3231023 5370752 5370841 5370560 8190519 4720519 7790841 3930519 8190350 8190969 3950371 3950371 5371002 5230037 2760071 8600519 6760071 5370964 2760071 5370888 3730920 3730920 3730580 7790964 5370888 4720200 7790857 230673 2760894 2760414 2760580 8600519 730770 730928 3230043 230960 730960 9710833 3930772 3930767 3230414 3930422 3930872 5230767 2760752 2760960 8710205 6900646 3230743 10110872 3930812 9710969 7790913 730841 8790519 6770638 7980973 230047 2760857 6760928 8190043 8190942 9710200 9040772 7790371 3950924 8870144 250144 3950144 520519 2570043 2760928 8870144 3930283 7790144 2760646 8870144 8870144 8870144 910144 7790969 4040519 7790144 730144 8870144 9041023 3700144 3950144 7790144 2760144 3700519 7790144 7790969 910969 7790144 8870144 910144 4040043 7790144 250144 8870144 8870144 910364 9040969 2760646 4040043 9040144 2761023 2760144 8870144 9040364 8870144 2760144 8190969 7090973 7090973 7090973 7790144 2760144 2760144 9040144 3700772 8870948 3700580 8870580 8870948 7790948 7790580 7790948 5370580 730466 9350948 730948 730000 8190741 730948 7530580 8790580 8870580 8870580 8870580 3250580 8870580 8870948 8870580 9350801 7310809 730652 6760993 9350166 9350516 9760205 2080560 3700812 3930561 7790969 3930561 9710304 7980973 730772 231023 730924 8870772 3250772 8870772 2760772 2760772 730772 8870772 8870772 3250772 3700772 7790144 9350144 9040144 3700519 2760928 2760928 3700519 9040836 8870424 2760646 2760646 2760144 3701023 8870880 7790729 9040364 2760144 8870144 9040144 7790144 2760928 2760652 8870144 7790144 7790913 7790144 2760646 8870580 6771010 7310580 6660930 6660770 230767 2760930 6660504 2760752 2760687 730743 9710964 3700043 2760928 8710422 9710212 2760071 2760144 9710928 8711023 2760996 3470580 9710812 2760646 2081023 3470531 2760043 7790516 8190422 8190930 9350580 8190741 8190519 2761002 730796 9350304 8190519 2760580 9711023 2760812 8190205 2760996 2760560 9350422 9350580 8190996 8870580 2760422 8870212 2760857 2760560 7530422 8190000 8870580 2760560 2760422 9040857 8870560 8870996 8870560 9350937 9040580 8870580 8190519 730304 9830496 9830006 8710924
7790969 7790969 7790937 2760176 8190770 8710888 8710888 4630743 2760743 9350880 910422 6900872 6661023 6660504 2760741 6660767 6660952 8710923 6660952 730923 2750836 6900037 8710924 520371 520969 5650872 2750205 6660350 2911023 10110741 9710200 9350338 8870414 8790544 5370371 5370930 5370602 3730241 1031010 1031010 2761023 8190872 3470285 2760741 250930 6660801 2760960 230350 230872 230741 5230285 250772 9710519 5231023 2760872 8190414 8190371 7790857 7790752 7790371 8190414 5230923 3930414 5230453 9350178 8190767 4630741 9350338 10110741 3470930 9710930 9710085 9420809 9710809 9711002 1550496 911007 730924 7530767 9420496 8710043 3230504 2760373 2760969 8710923 3950870 5370770 3470870 4750870 8190602 8710963 2760952 2760767 2760646 9710743 910496 8710770 8710437 2080952 3250952 7790961 2760920 2760897 5370743 250071 8710857 9710857 8190812 8190752 8190519 250071 2760857 230144 6660519 9310872 6660414 9710386 730960 8710770 9710386 9350952 8710496 3250504 9040969 1030993 6770160 5370043 730857 2760043 7790518 9710371 9310767 9420646 300504 5980770 3700598 9710176 3930960 3930752 730071 8710580 8870580 2080770 7790857 4040200 910043 3230969 3930071 730071 6660212 6660767 2760752 2760770 8190772 7790841 7790937 7790857 7790913 7790841 7790937 7790937 7790937 2760519 2760930 6660653 230812 730371 230812 9350006 2760857 2760857 230872 2760045 2760045 8190812 3950371 8190205 3930961 730961 6660984 231023 730896 730894 2760870 2760364 6660504 2760043 2760043 2760043 730043 7790043 8870043 2760460 6660812 6581023 230812 730304 2750996 3470527 7790371 2760894 730560 3700833 3700833 5980504 5980504 9710373 6660580 5370043 2760441 2760580 7790580 2760894 2760071 230920 8600580 8870560 9350414 3930623 3700772 2760897 7790741 2570772 3930743 730833 7310496 7310809 3731002 3731002 8190930 5370833 2760864 2760741 2760205 730363 2760995 2760371 9040864 5370371 4880973 1030638 7980973 7790961 730857 8190961 7090973 3250772 5650560 6660796 2760894 8600504 8710888 3470200 9710857 5230285 2760741 2760963 2760924 8870414 5230923 3470924 5231023 9710872 5230872 730741 730043 730924 2760043 6770741 2760371 5370043 2761002 7790937 7790841 7790560 7790937 2751023 730580 730283 9350833 7310754 3730268 1760973 3730833 4630200 5370408 4630833 8190518 8190441 8710987 8710782 9310504 8330496 8710796 2760560 8710743 9710870 2760000 7790937 8710870 2760646 7790841 9040870 7790772 6660952 3700743 9710014 7790964 8710014 3470441 3250920 8710770 3390964 9421023 8190496 3390960 9710770 730870 2760987 6660870 6660460 2760767 2760870 730928 8870043 5370993 7790652 3230282 3230282 730964 3230987 730964 730969 730043 2750043 730043 730752 8870043 8870833 7790441 7790043 7790937 7790841 7790371 6660304 730212 6770043 730928 6660580 730937 2761002 730580 6660580 7790870 8870580 7790969 7790937 7790518 7790913 7790924 6660460 2760460 2760460 6660006 9710371 730460 2760167 730460 8870580 730995 3701002 8870282 5230422 3930880
9350930 730888 3700741 3700743 3700285 9710496 3700930 3700285 6660212 9710752 730800 6660888 2760071 730896 8711007 8711023 5370964 5370743 5370752 730743 8870580 730857 7980043 5370930 730857 3230857 9421023 2760743 730466 3230920 5371007 5370894 5370896 730964 5370043 3730466 3730176 3730896 3730888 3730580 3731023 1030928 4630200 3730941 4630928 8870580 5370948 6770948 6660043 6660212 2760796 6660561 730071 9710043 9711002 2080770 2760752 9710363 8711002 7790371 9350743 2750212 6660000 3930870 300527 9350924 9350996 9350422 5370948 7980160 3731002 730466 2760930 6661023 6660930 6661002 1920880 730200 2751023 730841 2750857 730363 3930371 730969 8870424 730857 730700 2760930 2760422 9350930 3730870 3730241 3730200 3730364 1030928 3730241 1031010 3730928 3730241 1031010 1030948 250200 3730241 8190645 8190043 8190043 8870580 730948 8870580 7530580 8870460 8870580 8870580 8870580 8870496 8870833 8870043 9350043 8190043 9350422 2760422 730580 730960 730857 7790580 5370580 2760580 8870580 8870580 3250580 730580 8870580 730646 5370924 7790205 730739 9350580 3730580 3730580 3730580 3730646 3730580 6770948 6350930 730738 230952 2760857 2760752 730960 2760857 2760580 6760767 2760782 230646 2760964 6350857 3730743 3730580 3730241 3730241 9351010 6760687 9350896 3930580 3930752 3930212 3930580 3930422 730371 730896 9710598 730872 8870741 5370580 7790857 7530580 730752 730743 730961 730701 6660422 2760880 730857 5370043 6770160 3731002 5370144 7790857 8710437 2760071 2760770 230888 5980772 2760896 2760896 2760894 6760930 7310185 9350043 2760687 2760857 2760043 2760580 5370894 8710930 230043 6660000 730371 8870422 2750880 6660561 9350741 3700923 2760371 5231002 3700071 6660176 3700920 2760462 730870 7790580 2760373 8710580 7790752 730960 9710770 9350752 9710857 9350752 8710930 8811023 8190043 6660767 2760930 730920 5370772 5370888 5370888 5370743 8191010 3731002 5231023 3230176 5230466 7790770 730371 9710580 2760767 2760857 2760924 7790580 7790841 6660527 9350460 6660996 230928 230809 230422 230504 8710782 2760583 2760114 730942 9710741 8870424 5370894 7310602 3730870 2760857 3730602 3730602 3730602 3731023 3730004 3730043 3731023 3730519 7980973 6660948 6660809 2760809 10140952 730896 730453 730857 5981002 730754 3250952 8870571 8870897 231002 2760772 2760930 2760071 2760687 2760857 2760913 2760969 2760496 8710891 8870833 7790741 2760741 5370687 230580 230948 6660460 6660527 6660422 6760930 730752 6660338 230948 2760200 6660466 6660580 9350580 8870043 2760200 2760857 2760857 3730833 3730071 3730772 3730071 3730043 3730920 3731023 4630928 3730460 2760857 6760930 2760857 230963 2760857 2760928 9710770 9350043 6660809 730796 730739 6660633 2760928 1920880 2760880 6660880 9831023 2760414 6661007 3230000 2761007 3730268 3730752 3731023 3730304 3730422 1031010 2370973 5370043 5370043 2760857 10110872 2760371 6660872 8710371 2760580 8790741 7790743 2760729 7790897 730371 2760687 730964 8601002 730961 3231002 9350752 730857 4990928 3930200 8870205 9350560 4990770 2760857 230422 2760646 2760969 6770924 6660924 230995 730466 3230923 2080422 2760583 2760948 3730896 3730580 3730820 8190896 8190043 8190228 8710743 730071 8600930 2760071 9710580 9710987 3731010 3730200 3730144 3730004 8190071 6760504 3730004 10140205 730371 6660996 730812 6660561 3230304 3230796 3230212 3250414 730561 8710812 9711002 9710888 8870580 7790743 9040285 7790859 8870043 8870043 9040043 3470580 8870580 9040580 9040580 3700496 2080767 3470752 3470176 3470580 2080952 9040580 9710176 3470580 3470580 9350952 9350752 9350752 2760857 2760770 3700857 9710496 3470894 2080872 730560 4720516 3250350 9040864 3470205 2080872 9040969 9040969
730386 2750228 6660527 6660422 730422 6660304 730996 2760527 2760422 730870 6660996 6660422 2760560 8870897 2760880 7790964 7790894 730772 231002 6660504 730960 230920 731023 2750796 6660282 3930996 3930422 3230739 3700205 910996 4040772 9710996 4990800 3930200 3230739 4040200 8870424 7530859 9710646 7790772 7790841 730653 7790043 7790043 8870812 7790857 8190000 7790857 9350043 730995 730864 4720687 7790516 2760460 730516 2760596 2760516 2760687 6660560 6661002 6660729 4990228 730386 1920880 2760961 730964 730894 8871007 9710889 3230527 730043 6660527 6660422 6660297 2760772 2760404 2760371 2760741 5231023 9710285 2760646 2760809 9710414 3470285 250942 2760114 2760870 2760996 2081023 2760800 9710422 2760583 3701016 3701016 730144 6660043 730283 730964 730991 910857 8190930 3250857 8190160 7790857 7790857 2280857 2760913 2760930 2760923 2760414 2760870 8190496 5370043 5370580 6660580 9350364 9350580 730948 4720282 4720859 730000 2760043 7790516 9710739 7790937 2760812 7790829 2760350 7530350 731007 730481 6660228 6660580 2760646 9350527 3730993 8190930 8190812 8870560 2760857 7790894 2760897 1920212 1920796 6660043 6660896 2760894 730043 3230043 730961 6770043 6660754 6770993 730519 6660000 2760000 2760928 8870527 2760560 3470205 7790913 7790560 910928 3700961 9040969 910544 910937 9350166 910363 3391007 2760652 6660519 4991002 2760085 2760666 730071 2760752 8711023 8190960 8190770 250144 2760414 2760285 2760960 2760770 7790743 3470923 7790812 9040043 9760920 3250006 5981023 2760375 4720741 7790964 3470285 6760741 3230304 10110741 10140212 3730960 2760857 9350205 5370812 5650812 2760857 7790888 7980973 7310004 4990930 3230930 3230422 9350304 8190896 8190896 8190043 8190896 8190894 250144 3470580 2760371 3230996 3730422 3470857 8550857 7790857 2080285 3950043 7790913 2760770 231002 6660422 2760770 9710422 8870580 230767 7790987 9420496 3470743 9710580 7790752 230496 6660043 230930 6660920 1920812 4990770 730996 2750422 730752 730504 4720888 300496 3700770 300496 8710891 3700364 3700767 2760857 2760857 6350928 2760114 10110924 910200 2750414 3230043 2750422 730752 2750560 730743 3930071 520772 3930996 9040580 8870880 7530371 8870833 730519 230212 730212 730580 5370043 8190930 7790857 8190930 5370043 1920880 2760414 3230283 3230144 3230166 7790580 4720857 2760960 730741 730414 730580 5370772 2760043 231023 2760043 2760772 2760767 7790937 2760752 2760920 7790770 7790937 7790841 2750304 3930043 6660996 6660047 6660282 730928
730283 730633 8870043 730043 730043 3250580 730212 730043 8870560 2750422 6660602 730896 730283 730964 730739 8870870 8710560 5230304 3230701 4020996 9830996 730857 3230870 3230809 9350888 3230212 9710531 3230752 2751023 730924 2750920 2750166 2750920 730741 5230422 8710872 7530350 730948 730928 5230969 3930809 3930743 520071 3930527 9831002 2750575 2750996 3230996 3470205 730000 3930205 3470580 3930969 2750575 4020996 3230527 3930422 3230969 910205 520205 9350304 8790812 3470812 3930872 3930996 910996 9710422 910812 520205 9710205 8870812 7790812 9040969 3470952 4020212 4020000 8710575 9830996 9830422 9710043 9710856 9710205 9710812 2760872 4020996 3700527 300422 3700205 5230812 9040739 9040739 8190560 8190812 3470527 9710527 9710334 7790422 3470575 9710575 3470205 7790205 9350796 6660304 4020996 8870924 3930560 8870560 9710880 9710996 9710996 3470996 9710527 2750767 2750414 3700205 9710414 7790282 8870741 3700205 7530872 9040580 2750653 730283 9830812 3230560 9710575 9710739 8190739 9710739 9350560 8190560 8190560 6760414 5230857 8190896 5650857 6660000 3230653 9040987 8711023 9710205 2080205 730960 6660043 9830831 9710205 5230043 9710205 8710285 730996 9830996 5230422 3930304 3930969 3930561 3930880 3930304 3930205 3930646 3930812 7530767 520969 9040969 9710812 9710422 3250580 9710969 3700857 8190741 8190350 8190872 8190770 8190653 7790857 7530043 3930560 3930646 3930228 9710870 8710870 8600071 9710870 6660752 8330930 6270560 4990043 7310888 4991007 4991007 730888 730888 730200 8901023 5370743 8190071 5980930 7310422 7310924 230653 6900519 5370896 230496 230952 230176 230963 231023 230960 8710437 230767 230888 230888 230496 2760770 8710043 2760043 2760952 6900043 230888 8710741 9710782 730960 9350071 730888 8710782 730743 9710743 6660741 230458 7310888 7310182 5370801 5370894 5980930 2760043 230888 231023 2760857 2760964 2760458 230176 730964 2760371 3250772 9310930 8190894 8710964 3700857 8790857 3700857 9710857 3700857 3700964 8710857 9710687 8710969 230767 2760743 8190071 9350743 231007 730888 730114 730071 2760782 5370071 4990700 6900930 6900864 6900864 2911023 6660924 10110741 9350894 9350896 730961 6660894 6660160 6660752 1920212 2750212 2750561 5230930 1551023 730741 3730782 9350071 5370930 9830767 6660896 6660071 6660952 6660767 9350205 5230200 6660006 8810920 5980930 2760961 2760404 8710575 10110857 6660601 230074 7310071 3730200 3730200 7980857 3730519 7310071 3730004 7980973 7980973 6350888 230743 230888 230458 2760200 9350894 730964 7980973 3730004 7980973 7980973 5370518 6350920 230006 730371 8330872 730872 2760071 5980930 6660952 8810496 6660952 6660504 2760422 6770984 230364 5370964 730796 2760212 3470200 2760560 7790964 2760741 2760928 6660000 2760364 6660560 5370894 6660812 5370580 9350544 6660560 9350964 9350964 300496 3730960 3730285 3730770 3730071 3730974 3730519 3731002 6770408 2760857 3730241 1480973 3730857 3730772 3730071 3730200 3730772 1760973 6760857 6350924
230364 730738 730178 730960 730071 730770 8810466 730373 6660414 6660560 300422 7530422 300996 3730004 4090973 7980973 2760930 10140812 9350000 8190496 9350602 9350160 10140920 9710930 8710963 301023 300212 5230930 9710285 300422 3700741 910687 730304 730796 730304 3230166 8710770 730770 9311023 8710767 9420646 8600285 4021023 9350996 8600772 3730896 3730350 3730205 7310880 3730561 3730304 3730371 10110006 9710930 5230772 730752 730496 5370408 730770 2760782 2760071 7530920 8190071 8190930 3730984 8190969 8190969 8190969 7790969 4040200 7790969 4320969 4040888 7790969 7790969 7790877 7790937 7790841 9040144 7790571 7790969 7790969 3700205 4040424 9040969 4720969 4720969 3470205 4720519 4720424 7790741 9760205 4720964 7530560 9040969 9040969 7790205 3470205 7790516 7790857 3700888 9040857 9710743 3700964 9040857 3470857 9710176 8600857 3700857 3730809 3730743 7310993 2760964 6040857 8190516 8710930 9420809 9710414 3470923 3701016 300796 3700796 8190560 3230960 9710422 3700304 9710544 10010857 3730241 3730364 9350364 10011023 730857 7790857 910772 730743 3250987 3230496 9711002 2760441 9710961 9350920 8710930 9311023 9350888 6760071 8190930 3730004 9350930 8191002 8710770 5370770 2760770 8870364 9711007 3470752 8870043 230496 730872 8871007 7790580 8870741 730857 5230043 730952 2760741 7310961 3730891 3730200 3730782 3730941 3730544 3730984 3731002 3730961 3730646 3730928 6350043 8190043 5370770 8870043 8870043 9710043 7790859 9710601 7790580 3470043 3700888 9710363 7790888 3250857 7790969 3700743 9350043 8710043 10110560 8870043 5650043 9350833 9350043 9350743 2760870 2760960 3250870 5981023 9040987 6900872 8600371 8710857 520857 8710414 3700743 9710809 3250043 8710043 8870043 8870043 3470043 3470043 8870741 3930809 520752 520071 8870924 8710924 2760350 520414 3930872 3930872 520752 3930006 520743 9710969 520371 520752 7530870 5230043 7790969 8870043 9710969 9350006 8870043 520043 7530729 4040371 9040969 7790969 520043 9040043 9040043 8190043 8870043 9040969 7790969 7790969 7790969 7790969 7790969 7790969 7790969 7790841 7790969 7790969 7790969 7790969 7790969 8550043 7790913 7310504 7310767 9350504 9350580 9350178 7310800 3730772 9350930 9351010 7310772 9350801 3730772 3730004 3731002 3731002 6660741 6760924 3730371 8190519 8190371 6760560 8190205 5370560 5231023 8190960 6761002 6660930 6660160 9350752 6660043 6660930 8710864 5370924 3250857 3700857 9350580 3250864 3700857 2760857 8190960 730857 6660930 9350460 9350000 9350516 3250205 8190752 730857 3700930 3700930 3250857 2760928 9710930 2760948 9710687 5650872 1551002 2750006 2750422 3230166 3930930 300422 9710371 8190752 2760857 3230801 2760770 2760580 8870580 231010 6760896 2760942 9710071 8710801 2760770 7790752 8710928 7790516 3700767 9041023 3470200 8190770 8190770 2760857 2760752 2760516 8710801 2760857 2760770 9710801 9710516 3470980 2081002 8710752 7790770 9760772 2760580 8710043 2760857 2760964 6760772 2760772 9710801 3470801 2760687
2760752 8190770 2080870 7790580 2760752 2760770 230952 8710767 8710772 8710864 8870870 8870560 2760045 8870571 3470200 3230770 9710961 9710496 9710729 300422 3230212 4720571 3230812 8790812 9040739 9350560 3730043 3730941 8191023 8190519 8190937 3950930 8190043 7791023 7790857 8191002 8870930 3950043 7790841 9041023 10140422 6660930 6760422 5230870 9710519 8711023 2760653 7790770 2760857 3730185 7310000 7310185 3730519 230857 6760114 7790754 7790571 8190071 300504 8710963 300856 300767 8710422 8710880 8710923 3731023 3730974 3731023 1760973 3730941 8190923 4630580 8190504 8190888 5980930 3230580 3230880 5980646 8600580 3250422 2280580 9710646 300741 300739 9710812 9710996 3730422 6350888 9350560 8190560 230517 230212 9710996 3470580 3470496 7790937 9710519 2760754 9710888 2760964 3700743 300350 8710350 3470995 3700006 910872 4720516 8190414 4630964 3730458 4630357 3730924 4630371 3730004 4630357 4630004 4630404 5371010 4300857 6660000 3230870 3230561 3700870 3470205 2760924 9710043 7530560 3730880 4630888 3730812 8190646 3950371 9710729 3700960 9710752 300414 9830561 9710350 5230809 9710741 520960 2080924 5230414 520687 9040996 3470560 9710888 3700212 9040923 300504 5230809 5230812 300304 3700996 9710646 3470796 7790857 8190996 7790571 7790952 8190920 3471023 2760770 2760752 2760071 7790770 9710085 7790964 7790841 5370770 7790857 8870414 3470200 8190043 7790857 7790857 6770928 5370772 230767 8811023 9710200 9310466 2760752 5230923 3470422 8710580 3930527 3230924 3230496 3930071 3700857 9710880 3470006 9710516 250687 3250864 8190870 9350752 6581023 5230466 3230996 9710770 9710767 9710580 3470334 3250560 910006 8190560 9350000 7090973 8190266 3700857 300741 3700285 9710752 9710880 8870043 730894 730414 5230422 6660738 4020000 9830996 6660338 5230560 2760880 3470527 9710812 3470285 9040996 3470422 3250043 3700752 9710527 3470422 8790888 3470743 2080743 3700743 7790964 3250880 2080894 9710996 7790829 2760371 2760043 230924 230458 2760928 6660952 9711023 2760043 230458 8710743 730167 8600864 10011023 7790371 9760964 2080743 8190896 8190894 3730519 3730176 3730133 4630743 4630200 4630928 4630518 8190176 9710200 3230414 8710350 9350006 5370743 9710176 9710458 9760964 2080743 3230414 2760960 9710414 2760338 230960 9710896 6660952 2760583 8710519 8710754 2760743 6350743 2760743 9420952 3230414 730924 730071 9710752 9710496 3470205 3470200 3700519 2760894 2760743 2760752 2760741 8870043 3470531 7790752 7790422 3470043 7790894 300924 5230809 9710752 3700414 3700880 910363 520964 3230743 9710414 2080960 9710422 5370896 230920 230074 8330991 730071 730178 8870924 3230924 4020996 9830996 6580422 3700205 2080857 8600205 5981023 10140812 3730580 3730460 8190043 8190043 8190894 9350924 9710872 7530371
230285 230809 2760767 7790752 230504 230285 230923 2760602 2760602 9710923 9710414 9710496 7790414 3470752 3470809 8550519 7790043 5370460 8870043 5370043 3950043 5370741 8190741 5370460 9350043 7790580 5370460 8870870 8870580 5370580 7790841 8870580 7790937 7790580 8870870 7790228 4720729 8870580 8870580 4720870 8190969 8190969 5370364 8190969 9350729 9350924 3700364 3700857 3930857 3930923 9350373 3700857 8710770 9710743 230963 4020872 3230995 6660006 5230930 4990371 5370930 2760930 6660496 2750414 2760580 8710580 9040580 7790888 2080770 8600772 730687 8330504 730767 8710504 3230770 7790894 3470580 8190071 3730282 2911023 10140350 5230575 8710870 9710701 8710796 300812 9710924 9040285 9710809 3700560 9710350 4040200 520580 730770 2760738 8790043 2760924 2760741 7790913 7790687 4631010 3730646 300767 3930960 520857 3930752 3930857 3930071 3930960 3930283 3930752 3930743 8600496 9760371 7530371 3930560 3930739 3930739 300205 4020000 300996 3700964 4020984 300729 8600212 8600560 3930701 3930283 300870 3930212 3930212 3700896 3700739 2760857 230334 7790687 2760043 7980973 6350770 5370580 9421023 3230466 5370888 4720857 4720516 10110924 3470414 8190071 4720371 3950960 8190646 8190519 6040857 9760980 230963 2760770 9710767 2760857 8190767 2081023 3730809 7090973 8191010 7090973 3390741 7790937 730741 3230338 9830496 6580422 730561 9350243 3230996 8810466 8600872 5230043 2760338 9710930 3470987 2760176 3470987 2760857 8190741 230770 9420496 7790888 8710285 2080770 7790743 9710519 3470743 7790741 7790964 8190770 3730176 3730519 5370894 5370961 910200 7790888 3250371 300350 8600350 9710071 3700896 9710071 9710752 9710969 9710496 4720741 3230880 3700752 7530422 9040580
2760920 2760071 2760243 2080894 9760580 5980414 2080743 8600519 230673 2760176 2760820 230820 730364 5650880 10110767 8710114 8710422 3470441 8190770 8190952 3730888 7090973 4320857 9710987 1920880 1920880 730888 730752 3230767 5980504 3230888 8710767 2081007 8710560 3471007 2760043 2760404 9710580 2760338 2760809 2760414 9710144 8710767 9710857 8190071 8190888 9040857 8190991 3730652 4630960 4630770 3730004 4630770 3730741 6350741 9711023 7530872 8600743 300864 3700364 300920 5980920 8710991 9710176 8710987 3470743 3700770 3470743 9040872 7790894 3470414 2080414 3470176 8710770 9710952 8710741 9710969 8710872 8190888 4630888 3470857 7790894 8710037 3930743 9830984 2750969 3930422 730961 2750561 8600414 730894 6660809 730770 3230527 3230770 9710782 8710782 9710964 8190964 8190896 3250857 4990960 910200 730205 9711007 9710812 4720969 3471002 9710961 4720964 7790841 4720424 6580872 2750304 5230961 3230205 5230386 9710304 3470743 910071 8600350 3930414 9710371 9710462 3700809 5980646 520205 9710205 3700888 3470496 9710767 2080767 3230809 6660212 3931016 8600969 3930770 3930964 8710205 5230364 730371 730752 230496 2760960 230770 2760414 2760996 230560 6660527 10110422 3930752 8710969 9710085 3930767 9710969 9710782 3470743 730741 230996 230422 230996 230920 8710782 2760752 3230960 730205 5230923 8600285 7790743 9710200 9710071 3700071 9710071 8600920 9710969 8600969 9710531 9310560 910422 4040752 8710752 2080770 3470743 9760964 9710920 9760071 3390964 8710928 300560 6580984 6580212 300304 3930752 8710350 5230739 5230504 9710928 5230880 3700996 3700770 9710960 3700752 9710729 9710960 910414 3230770 3230504 3230000 4720414 8710653 3471007 8710782 8190964 3730888 8190952 8190687 9710897 3230923 3230770 730560 9710453 9710414 2080894 8600969 3930924 3930743 3930924 3930969 3930924 910928 8710891 8810037 5981002 9710598 9710969 9711023 8710969 8710422 3930743 3230767 4720964 3700888 3470373 3470743 3950560 9710920 7790770 2760176 2760414 3470043 8710176 5981002 5980888 6660770 230364 730580 8710580 2760580 8710466 8190205 6760560 8190770 3730991 3730004 8190920 8190920 8190964 4020996 9710441 9710071 8900496 8710516 9710071 8710496 9710071 8710870 2760743 3470752 8710519 9710646 9710743 8710687 3230752 9711023 8190964 8190969 7090973 3730752 3730304 3730888 7090973 4300580 7790894 2280519 2760496 2760043 8600496
7090973 4630743 3731023 4630743 4630770 4630888 8190646 9350646 4020212 300796 300996 300304 300422 9710880 3470987 730880 2760527 3230304 3230996 9710856 8710422 9710880 8190414 9710960 9710414 5230560 9710741 3470285 9711023 9310872 5230739 8710809 8710920 3470743 8190888 2080043 8190752 8190043 4990043 6660197 300527 3470743 9710969 3930739 301023 3930857 910857 910928 3700796 3730969 3730969 8190364 4040857 9040969 9040987 8710114 8710371 5230729 520857 5230857 9710796 5230880 9710770 9710071 8710422 8710996 3470422 3930770 3930857 4020984 910812 3700166 910864 910363 731007 730857 2750857 6660527 9350043 730857 5370743 730006 730857 3230812 731007 731007 8870872 3730872 3730984 3730282 3730984 4631007 8190913 8190969 730857 7980930 7980930 1760973 3731002 5370801 1760973 1760973 4630930 5370841 2760952 3930000 910200 910200 730363 911007 910700 8190969 3730646 3391007 9350646 8190043 8190896 3470074 3730812 3730964 3730991 3730888 8190888 4630638 8190888 8871007 9040580 7790841 7790841 2760561 9710772 9040527 9040772 7790937 7790857 5370043 5370741 7790371 8870741 730880 8871007 730928 8871007 3250937 730942 9760200 10110646 730942 2760809 9711002 730516 8190466 8190516 520857 9710646 3700770 9710829 8550414 3700960 3700598 3700701 9040857 730561 7790580 8190071 3470987 2761002 3730833 3730959 3730891 3730942 8190809 8190752 9040857 3470752 3470857 3930000 3930701 4990984 3230422 3230304 3230857 3230969 911007 910544 8190961 3730004 3730993 910857 910857 910371 8190880 3230969 9351010 10140993 3930880 910560 3700952 3230796 9350304 9350422 8190371 2760006 8190371 2760371 2760857 8190519 3470857 8190888 3730043 8190741 3470920 9350422 730857 730857 730857 9350043 9350930 730212 730796 3230996 9710212 3730004 3730527 3730767 3730812 8870580 910857 7790829 8710996 910422 910857 3250857 9710857 3700006 300872 3700857 9350741 3730043 3730043 3730752 9350414 8190960 3230496 8790857 8711023 7790743 8711023 8900767 5980920 2760987 5230959 8710891 2760043 5230043 5230043 6660006 2760006 2760872 9710857 3730268 3731023 3730870 3730872 8190870 8190645 3950870 3950729 3700285 6900809 300414 3700960 3700752 3700770 4630071 3730993 9710963 8190645 3470857 6900952 3930743 300872 3700864 9710205 9710371 9710752 8710371 3470575 9710016 8600071 5230796 3930880 9350212 3930200 4991010 730857 730560 2760045 2760857 9710462 8190006 3230560 9710856 2760371 8190460 6350687 230596 6660812 300996 3230144 2760583 3230796 3230880 9040961 9040961 8341007 9040812 9040857 3950043 8870043 250772 9350646 5370752 2760770 5230782 2760114 1030857 7310920 1030043 8190519 230996 3230422 3730460 10140212 3730527 6660738 230176 2760964 2760857 2760422 2760458 8190894 2760820 250896 8190894 10140880 10140920 8710928 3930071 3930857 300796 3930205 4020800 6580984 3930987 3930888 3930800 3700880 3930880 3700441 730212 2760460 2760422 2760000 2760857 2760743 2760930 230560 230857 8710772 8190772 2760857 8711023 3250363 8190969 9350809 3700770 3700960 9040923 3700770 8870800 9710200 8190913 910200 6660800 300212 300796 3700996 3930422 3700880 8870561 2760363 730888 8710519 2760414 230924 2760772 230560 9710462 5980770 8710560 3470743 7790752 9710205 8710043 3470743 9710964 300812 9710575 3700888 9710872 3470743 3930371 3930864 3230995 730006 730371 730964 5230205 7310812 5230350 9710923 9710969 300796 2760894 8710285 2760560 2080864 3930770 2080960 2760071 2760043 2760772 2760920 5980504 7790857 7790857
3700422 300856 2750000 730796 730422 730527 9710043 300856 8870812 730043 730043 2750422 8870580 731002 730729 520743 8870833 8870580 8870580 7790580 8870580 6660561 730212 730212 3700772 9710422 3700701 9710212 3470996 3470527 9350924 5230833 6660422 6660422 2750212 3930527 2751023 2750043 730043 730833 9710833 300560 8870920 8870772 9710285 300527 6660000 6660996 6580212 4020996 230561 730422 7790772 5230212 9830561 3470772 8870772 3470200 9040772 3230809 3230043 3230809 3230888 9041007 8190646 7090973 3731010 8191010 4630004 8191010 7090973 8190872 9710043 9710466 8710006 5230920 3470872 3470422 9710920 8710646 9710071 8710653 9040857 3730422 3470857 8190560 8190496 9040857 2750043 2750043 730948 730948 730580 730948 3700580 3700580 9710963 8190071 8190071 9710422 8710772 9710772 8710996 5230422 3470772 7790752 730964 6900560 730000 230739 5230043 3230205 2750166 730995 730924 730006 3700043 3700598 9040772 5370772 7790043 9350833 8870527 3700519 3700205 3471002 3700772 6900880 6660527 6580212 6661002 8870833 730772 8870833 3470205 9710812 2760560 7790743 9040772 6660422 9710422 7790888 7790888 8710880 9040796 3230371 3230205 5230812 9711007 9710422 3230560 8710466 8190205 8190888 8190812 8190812 9040857 8710043 9710043 8710560 3470422 3470205 7790770 3470743 3470870 9710458 9710071 9710920 8190991 8190864 3470857 301023 3700995 730371 730833 730796 730701 2750880 730283 730880 5230833 3930833 6660800 9710205 3700519 3470833 3700767 8550519 3470205 2760872 2760772 2760741 2760894 2760205 2080772 9710212 3470743 3390743 3470652 3470857 5230646 3471023 9710006 8550414 9710872 3470743 3470414 9710741 8600043 730880 8870772 230928 300796 730043 9710930 730212 3700864 730812 7790964 730561 8870741 3470527 8870043 9350043 9710071 8790504 8710991 3700743 9040043 3471023 3470743 3470200 2760897 9710441 9710285 8601023 5230880 3730924 4630741 4630960 8190991 7790752 8190071 5230646 9710176 3470995 3230043 3700441 3700743 3230743 3700743 5230920 2760371 9710888 3470872 3470205 9710646 8600043 3930043 3700772 730743 8870580 730743 8870282 8870948 8190071 3230646 910829 9710969 9710646 3470458 2080743 3230176 9710920 9710458 8870580 3250580 2081007 9040580 3470043 2760924 230924 3470422 7790205 9710930 9350924 2750205 730729 2750422 2750880 730282 2750880 730729 730809 3930496 9710200 8810414 5230504 9710752 9710414 9040043 8710809 9710741 8810924 5230414 910870 2760375 2760809 9710144 300414 300350 3470205 6660738 2911023 730960 3700598 730283 9350809 2750166 3930414 910928 730880 2760043 9710043 2750996 2750422 730928 2750646 730743 2750836 730928 2750880 730043 2750212 730043 730114 730880 730646 7790687 3250772 3230928 9710743 9710812 9710071 5980770 8710888 8710888 9710071 8710796 9710767 3470752 8710560 9710923 8710414 2760071 3470772 9710782 9710770 7790371 3470752 3470857 7790043 7790043 7790857 3950043 7790913 8550043 7790743 7790841 3700519 3470285 9711023 9710772 6660408 3700043 730928 730880 8870580
3700812 9710304 3700504 8870527 8710422 9710304 9710422 8710304 9040857 3700857 520857 9040857 520857 8190160 3700857 8710560 8710782 520071 520743 9710144 3470441 9710519 3950960 9040144 4040071 730767 4720772 9711007 7790752 3391007 2750560 3230560 8710422 730043 730043 730560 730857 730857 9710857 8710987 3470200 4720857 4720422 8600752 7790937 7790580 7790924 7790741 7790969 2760422 2760304 2761002 6660527 6660304 2760996 3700422 8870043 7790772 730880 7790770 2760872 2760913 730414 5230043 6660738 6660043 2760580 730770 6900930 2760924 730043 730043 8870144 730864 8870560 2760544 2761007 8871007 9760200 10110872 2760741 2760930 6660160 2760857 2760930 9710350 730544 8870496 9711023 2760114 2760930 2760687 2760371 2760942 2760754 2760114 8190969 3950282 8870043 8870043 2760414 230857 230167 230167 230350 2760350 2760006 2760006 8870043 2760687 730144 730772 2760930 3730205 3731002 5370801 8190144 8190930 8190801 8191023 8190930 8190043 730857 9350580 10110872 730167 3731002 3730993 5370282 4720729 8791007 9350741 3230338 3470285 2760741 2760770 3230422 3930144 4020996 9350880 3700857 3700527 3700144 3700741 8870741 4720969 3950993 730646 8871007 8871007 4720729 7790969 4720200 4040580 4720544 8190646 8190969 2760857 6900809 8190460 730741 5230872 5230414 3470870 5230414 9710995 5230000 3700575 3700527 300422 3700857 9350924 9350646 9350729 3931002 9350984 730969 3930870 8870386 8871007 8870386 730228 2760880 730580 2760580 7790519 7790580 8190466 9351010 8190646 7790857 7790969 730960 8870580 2760800 2760212 2761007 730561 2760928 730880 9711023 3471002 2760580 2761002 730414 7790888 8870496 2760071 2761007 230767 3470987 730880 9710580 8550772 3250043 3470987 3950924 730924 730741 730924 730752 3700043 6660205 6660504 3700386 6660560 6660422 730812 6660880 2760527 6660422 2760580 10110809 2760043 2760872 2760928 2760212 7790580 7790580 8870870 8870518 3950870 8190460 3700870 8870924 9710414 3251023 7790371 8710496 8710743 9710519 7790422 7790743 2760743 7790770 730996 730422 8330504 8811023 730422 9711023 9711023 2760496 8190888 3730006 3730872 4630580 8190560 7790743 7790857 5370043 5370043 5371002 8870580 730560 730800 3230800 6660561 3930212 910937 8870144 8870212 8870800 8870880 8870741 3930653 3700144 2760371 5230205 9350144 5230872 9350144 3700701 3700144 3930741 6660809 2760561 3700701 3700144 9710371 9040212 9710872 520857 9350350 3950144 520743 9710743 8190920 8190350 8190646 8190646 7090973 730923 3230923 3700422 730633 8870880 8870460 8870212 3931023 8870571 731007 730928 3230800 730928 2760580 3230856 2760580 9710527 8190561 8190043 8190043 9040857 9040857 9040043 9040043 7790741 3950993 8870741 3700580 7790948 9040796 2570043 8870741 7790937 7790964 8870043 8870205 730371 5231002 730743 730519 730560 6580212 9831002 910422 910071 3250006 9711002 3250422 8870212 7530880 8870560 9040043 3950043 7790580 7790580 8550580 3950924 3471023 4720560 9710741 3470872 9040857 910205 4040741 3950729 520833 520043 520043 730729 730037 730037 520043 5370408 730037 730037 730037 730037 731023 730037 5370772 5370772 5370961 5370772 5370801 7790519 7790519 2760801 2760006 7790519 2760754 2760928 9350561 8870833 730857 8870228 8870228 9350948 9350580 5370043
2760743 7790812 7790952 8550772 7090973 8550857 3390743 2760743 2760043 730043 230920 230920 2760920 2750006 730812 8870580 8870424 7790560 2760924 2760043 7790964 7790743 7790964 7790930 5370930 231023 2080772 2760754 7790772 2760772 2760646 7790687 7790772 7790571 3231023 730888 2760741 4720864 4720772 4720888 4720371 7790743 4720888 7090973 7090973 7090973 8550857 2760801 230043 2760371 230924 7790857 2760043 2760043 8870527 730422 7790894 2080580 7790857 7090973 3470743 8710924 9710729 520371 9710924 8710920 520414 9710414 8190729 3470752 3390888 730043 7790043 7790829 8340043 3700960 3700071 3700205 3700888 3700770 3470752 8190767 7790987 2760043 2760043 7790894 7790888 2760772 7790743 7790894 7790752 7790770 7790857 3950870 7790857 7790964 7790857 9710580 7790872 910767 7790752 730984 8871002 730646 3231023 8871007 8870772 3700575 300996 3930527 3930422 300304 3930297 3930996 4720969 910700 4720969 4720363 8870741 7530872 3700422 7790969 7790969 7790913 3930752 730741 730043 730496 730920 2760964 8190414 5370580 230857 2760466 7790930 8190741 230767 7790043 7790752 7790043 7790518 3930812 3930920 9710350 520371 3700987 520205 3700812 5230646 7790969 3930880 3470560 9040772 9040969 8550857 3390743 2761007 730167 730006 911007 3230371 910228 9710897 910920 8710987 730888 2760259 7790043 2760963 7790743 7790772 7790752 8550519 7790924 3950924 8870924 8550580 7790924 5230880 8710991 8710812 9710752 9710043 7790924 3931023 3931023 9350422 3931023 8870754 910519 4040043 4040519 7790964 7790841 7790743 9711007 9711007 7790371 7790371 7790894 7790580 7790743 7790580 7790580 2760948 7790894 7790743 2080531 3470580 9040176 2570580 7790964 2760646 7790580 4720580 9040580 3950924 3470414 9710809 3470743 3471023 7790930 5370043 5370043 2760959 7790687 7790580 2760687 230653 231023 6660801 231023 230167 7790580 2760772 7790870 8190772 7790833 3470772 8870772 731007 9710772 730964 3230350 910519 3470987 910519 4040772 5370424 6660527 6660580 730422 1920857 730575 730144 2760928 731023 730729 6660580 730580 2761002 730880 2760422 8190460 7790857 9040857 7790857 3950960 9710920 7790770 3470580 7790770 7790913 3471002 730282 730228 730646 8871007 3250205 9710920 8341007 3470043 3470200 7790924 3950772 250371 4630752 3390752 7790752 7790580 7790043 7790888 7790770 7790841 7790812 520071 9040212 520043 3470043
7790371 730872 4720371 4720741 730178 4720741 4720741 3470580 4720741 7790741 7790741 7790752 7790741 4040580 7790580 7790580 730560 5370460 730000 7790560 7790752 8550043 7790913 7790043 7790560 2760043 2760043 7790043 7790043 7790371 7790913 7790560 7790913 3390741 520371 910872 8870282 730928 730144 8870741 8550519 3390870 7790687 7790743 8550772 7790894 7790894 4750870 250942 2760920 2760200 230517 2760043 2760743 2760770 7790743 730071 730991 230496 7790772 9710920 7790043 7790580 730738 7790888 2760043 7790371 7790770 7790913 3390741 8551007 4040371 4040371 910880 910371 910928 8870422 910928 520913 9040961 3950924 7790857 3470043 8550043 9710422 9710930 3230304 7790741 7790752 7790913 8550519 8551007 7790913 7790770 230767 5370772 6770408 7310460 230496 8710930 7790729 8810920 8190920 7790888 3470496 3470782 730924 5650205 8870006 9040969 520743 3930422 6660304 730205 730928 4990984 730729 9350544 9350386 520741 9040285 7790857 7090973 3390752 3390960 8190864 3230466 3230857 3230924 4720687 7790841 7790519 6770646 231023 9710205 2760043 230920 6660422 730772 730880 1920996 730422 8871007 731007 3230006 3230872 8870580 730000 4720424 7790937 9040580 2760646 2760809 7790414 3470200 2760043 2760043 7790043 3950043 7090973 7790857 7790857 3930833 3931023 3930833 730969 2751023 730752 730043 730371 730371 730872 3230772 9041007 7790580 2760043 7790687 7790741 520205 3930560 3700350 520371 9041023 7790964 2760043 730812 6660924 730729 730809 730212 730646 8871007 7790580 3390580 9710371 9040969 910205 3950371 911007 2760580 730772 730496 2760350 7790519 2760504 7790743 3390888 3390743 8870043 8870043 3230880 8870741 9710996 7790741 7790913 7790841 9040772 8870741 8870560 7790937 8871007 8871007 4720741 3950993 9040857 910969 3930043 730770 3930770 5230833 3930920 10140924 5230414 3930833 3931002 730738 730833 730880 730969 2760964 6660212 5370772 230796 5370422 230864 2760350
3950043 7790752 730043 730833 2750767 8870580 3700205 9040043 3930414 9710923 6900037 730373 730304 910043 730800 910772 4720969 4040580 4040200 4720961 4720961 4720961 3391007 8870741 8870741 3930205 3700796 8870880 3930212 9350561 3931002 8870422 8870006 8870282 8871007 9041007 3700205 3700575 3700796 300996 3700422 3700205 8870796 520729 3930283 3930598 730212 3700212 520969 3930796 520913 9040212 8870414 730043 3930043 3931023 3931002 8870373 6660969 3931016 3931023 910833 9350833 730984 730729 910833 910544 4040424 4040518 9040969 3930767 730800 730006 3930043 3930043 3700987 3931023 3930796 8870772 3700772 8870212 3930043 520043 520743 9040969 4040741 9710969 910043 730212 730043 3930043 2750646 3230928 8870741 8870043 8870212 8870560 4720544 8870212 4040200 5371010 4040200 4040200 4040857 4040857
3930833 520833 520833 3700833 520833 8870833 8870833 3700701 9040739 9040212 7790043 7790687 7790516 7790687 3700205 6660000 6660000 8870205 9350833 9350761 3930364 910422 8870422 730304 730800 910422 7790969 8190422 7790687 3391002 7790772 730896 230422 911002 3930200 6660996 9830984 8870996 910422 9350880 9350212 8870212 3700800 4040519 3700880 8870833 730519 5370961 730961 730870 730646 7791002 7791002 7790580 7791002 7790580 7790913 910896 4720964 4720516 3470458 7790516 5370894 730857 5370961 8870833 10170857 8550857 8550857 8550857 3950043 3950729 520969 7790841
8870741 7790414 9040857 3390741 7791023 4720519 7790519 7790880 3700414 9710519 2760809 2760741 730801 730338 2760043 7790580 2760043 2760504 7790519 4630004 8190519 7790857 250687 2760516 7790913 7790888 7790371 730560 5230580 8870580 730743 9710519 2760071 7790964 7790964 7790518 7790964 8190519 3470857 8190880 7790857 7790857 8870422 3950880 9040857 8550519 7790937 7790580 7790913 4720519 7790743 4720519 7790969 7790741 7790969 911023 8190913 8190519 8190888 730924 8870043 6660924 3701016 730796 3231023 9710996 3230560 3230653 3930961 8870205 3700205 9040996 8870043 730913 8870772 730812 8870812 5370560 9350560 9350043 8870043 8870772 8870772 2760964 8870772 6660043 730043 730729 8870796 8870580 730646 8870880 9711023 7790043 2760043 8870741 8870043 7790857 7790741 730516 2760212 2760796 8870812 8870741 2760857 8190043 5370741 3950772 2760924 5231023 2760872 6660006 6660924 6660872 2760583 8870580 6660872 2760371 7790519 2760928 4720870 3730371 4630371 8190071 9350560 8190782 2760880 3230880 8870870 2760422 5230767 6660880 730796 2760422 2760880 6660212 730857 9350880 730114 730580 8870580 730516 731023 730653 8870812 3950729 8190993 2760857 2760872 7790371 730741 8870043 2760857 730857 730729 9350114 9350043 6350959 6660414 9350729 730928 8870424 730544 2760969 8870518 7790969 2760969 910519 9350037 7790857 3730004 3730004 3730004 2080857 6660801 730801 730964 730948 5370833 730043 2760519 5370729 2760285 2760414 2760809 7790414 8870422 2760812 2760928 9040796 2760212 2760924 2760924 2760928 2760646 730519 6660043 9350833 2760928 730519 730969 730772 8870772 6770924 730519 3700205 9350212 8190772 8190422 8190519 8190646 7790857 7790857 9040857 3950371 7790371 7790841 7790371 7790857 7790913 2760913 6660205 230575 2760653 2760527 230047 9710880 7790739 9350964 5370741 3230212 2750422 8870422 6660996 8870560 4720544 3700283 8190519 731023 4991002 5370772 6660836 9350833 8870741 730801 730580 8870580 7790371 8870580 7790580 7090973 8190872 3930770 3700441 3701023 910969 8870870 6660460 2760741 2760800 2760741 7790205 4720924 7090973 8190646 8190729 8191002 8190519 2760043 2760043 7790516 4630894 3950371 2760857 2760043 730752 8870496 3470987 3471002 7790961 5370071 4720544 730969 730729 730282 8870580 3930580 730228 8870580 8190496 8190646 8190519 8870043 2760928 730516 8870043 2760043 2760928 2760833 7790371 2760114 2760820 730114 730969 3931023 8870897 7790519 8870043 2760646 7790969 7790857 7790841 7790937 8870580 2760544 8870422 2760960 9710200 6660924 730809 730772 730772 730942 2760772 2760114 3250772 9760200 2760114 2760942 3731023 3730004 1760973 3730004 1760973 730043 730729 730772 8870772 730561 9350880 730796 8870580 2760212 730880 5370043 7790964 7790228 7790580 7790580 7790580 7790937 8870043 7790987 7790772 7790770 7790752 7790519 7790964 8870920 8190888 8190519 8870580 8870580 730544 8870043 8870043 8870043 8870422 8870772 7790841 8190519 9350930 5370930
3390994 8190930 8190801 8190973 8190144 7790857 7790857 7790371 8190913 7790857 4630043 1031010 9350741 300350 3950729 3950960 9350924 910212 9040857 8190422 8190519 9350880 9350801 8190752 3950924 3730646 1480973 1760973 3731023 1760973 1031010 1760973 1760973 8190602 8190752 9710701 8190812 8190880 3470200 8190071 2760516 2760043 2760741 2760969 3390870 3470200 7790888 5370043 7790857 5370580 3730888 4630200 3730496 4630857 3730809 1760973 3730004 9350043 9350043 8190969 9350809 3470373 3471023 9711023 9040987 3470043 9040974 8870043 7790043 8790974 9350071 9350043 8190228 5370043 3950371 9350646 3470870 8190687 7790857 7790857 8190043 2760772 2760857 2760602 2760772 2760741 8190920 8190964 8190923 8190772 8190888 8190960 8190460 7790894 7790857 7790857 7790913 3950043 8870043 3700043 9040043 9040857 8190043 7790857 7790857 8190071 8190071 4630043 8190043 2760857 8190602 2760857 5370754 2760782 2760458 2760801 2760071 2760920 5980772 7790964 8190519 2760176 8190964 3470580 3730888 4630857 3730176 3731023 3731023 4630928 4630200 4630772 8190772 8190772 7790857 7791023 7790857 2760948 7790580 520960 9710857 8190770 8190752 2080285 7790516 7790894 5370043 5370043 5370460 5370741 9350937 520964 520519 520371 3930414 5230809 2750006 9350373 4990741 4990212 9350880 9350527 6660801 6660653 6660527 9350205 9350930 9350930 6660969 9350646 8870870 8870974 8870870 3950870 8190646 8190043 5370043 2760782 6770460 8870043 2760770 6770993 2760228 5370888 8870580 8870580 9350580 2760228 2760928 2760996 8870422 9710701 9710422 8550580 9710575 9710575 9710350 3470212 3700414 9710350 3700575 3700364 3700364 3700422 5370894 6770460 2760212 2760870 4720870 7790870 250752 2760741 2760864 2760864 2760652 2760653 2760527 7790580 8190350 7090973 8550870 2760006 2760043 6770924 2760796 250752 9710880 3470422 8190144 7090973 9710144 3230504 2760923 2760580 3470580 7790770 7790770 6770460 2760212 2760796 2760770 2760880 250144 250071 910928 9350761 9350870 3700205 4720519 6660245 2761007 2760371 2760872 250964 7790560 7790964 3950144 8550519 250964 250743 2760519 2761023 2760870 2760043 2760864 2760580 2760580 730864 2760580 2760580 7790870 2760880 3950144 3950144 7090973 7790841 2760894 2760964 2760504 3470743 2760770 4720580 5370580 2760580 2081007 3390743 5370888 730560 731007 730205 730812 7790743 4720857 8190519 4630004 8190560 910071 3930560 9710422 9040969 8190350 7790043 9350350 5230350 7790924 7790414 9710809 7790841 4720741 730646 3230996 3230422 730812 730414 730178 2760460 4720371 4630741 4630580 4630960 4630741 3470857 8190952 4630960 4630071 4630964 4630114 4630741 3390964 2760496 2080519 8710350 3250350 3470987 8870422 9040176 8341007 8550580 3930646 3931002 730928 3931002 3930422 3930496 910043 3930043 5230984 8870772 4630371 4630969 4630969 9350924 5230923 3950205 3470743 9710071 730960 730770 9710969 3930496 4040424 4040371 8190812 8190560 250200 250743 250752 2760414 2760809 2760414 2760516 7790894 7790741 9710872 910580 910371 730350 3230350 8870580 910580 910580 4720964 4720363 8551007 4630004 4630930 4630913 250964 8190964 4630743 8190888 8190964
8711002 3470441 3700836 9710006 1551023 230872 230350 230924 5230043 2760864 7790205 2760205 3470872 3470772 9040772 7790937 3930741 6660561 3931023 10141010 10141010 3730561 8190741 8190752 9710701 3700519 9710422 5370772 2760894 2760928 2760833 9350408 730283 730928 6660984 730205 3930864 3930924 3700987 3930350 910924 9710006 3700560 8191010 7090973 7090973 8190646 8551007 3470743 9710074 8710205 8190973 10140496 10140560 8710466 8710857 9351010 8710304 3730043 3730004 3730004 7090973 1760973 10140560 8710560 9310422 730880 230996 230888 6660856 6660297 230414 2760285 2760741 5230870 6660754 6660561 5230071 8710519 9710739 9710071 3470920 230948 230560 6660738 730006 6660996 6580212 730560 300527 300422 3700796 9040527 3700880 5230872 3230371 9710371 9710872 3470074 3730004 3730357 7980857 3730638 8190602 7090973 8190772 8190772 8710857 5230527 6660527 230304 6660996 6660212 2760338 6660561 230952 8190952 7090973 8190357 7790857 8710176 5981023 2760964 8600872 3730004 3730004 3730782 3730004 8190350 230350 231010 730772 3700833 3700741 3700857 10140812 8190560 3470857 8190913 230458 5981023 3470772 7790964 8600772 230872 230666 9310037 9710037 8710833 300996 9710796 300386 3700285 3930739 300880 3470373 3700071 5230304 9710212 3930364 3700519 3930880 8191010 8191010 7790857 3470006 7790205 230560 230880 6660754 6660754 2760071 5230519 9710422 2760880 2760561 9710743 9040857 9710857 4630960 3730212 8190772 6660767 230414 230285 6660741 230414 2760338 2760923 2760414 9710772 9710772 9710519 730964 6660561 3700888 7530422 3470200 3470930 8710228 3250371 9710857 3470833 9710741 9710646 730741 8710964 8710304 9710964 9710527 9710701 8710752 9710212 6900466 8710995 3470006 3470743 3470743 5370043 6660996 9831002 2750560 2750996 2750422 730833 230880 3230796 2750560 8710414 3470580 9710754 9710422 9710920 8190888 8190772 8190043 8190043 8190888 3950930 7090973 8190043 3950043 8190646 3950043 2760741 2760880 2760741 9040144 8870560 7790518 7790743 3470144 230770 230000 2760833 6580212 9710297 9830561 8710014 9710796 3730602 3730602 3730004 3730004 3730004 8710857 8710466 8710924 8600350 8711023 8710964 8600205 6660043 2750043 2750969 730729 730282 730961 2750646 3230205 3230969 3230924 5231002 730646 3470200 3700752 300212 9710796 9040857 9040857 3700857 3950729 8190371 9040857 520857 3950729
2760995 5230006 6901023 5230350 5230519 5230006 2760872 8870864 8190350 730924 7790373 9710371 8870424 6900037 3930767 3930285 8870741 7530422 8790741 3700496 730752 910767 910200 730729 730924 730729 4990993 730228 730492 2750646 3930228 8871007 8870386 4720200 8870282 8190043 1760973 8191010 8190973 8190144 2760144 2760144 2080870 2760896 8190894 8601023 9350350 6660350 5230870 6900872 6900560 230350 2760995 2760924 2760006 2760580 8190043 300729 3930923 3230228 730880 730212 730996 3231002 730809 2750212 2750646 731007 3230200 3730638 3730004 5371010 3730228 8190687 8190371 9710864 9040350 2760114 2760924 9710144 2760285 2760414 9710453 7790924 7790741 2760924 8870741 730833 2751023 230043 730796 2750043 730043 730043 2750561 730741 8870527 730212 730996 7790729 8870043 5370043 730796 3230304 6660228 730228 730527 2750422 730743 730580 3230996 3700527 3230304 3730996 8190422 8190880 8190560 9040857 9040857 3470923 5230801 230809 6660833 730037 730282 730386 4990993 730870 730228 730961 8871007 4040200 910870 4720544 910729 4720961 4720841 9040969 300205 300996 300422 300304 300422 3700857 8190996 3470575 9040857 9040857 3950560 9710176 3470924 3470414 2080743 8710006 2080743 9710896 9040864 7790913 9040364 8870580 8191002 7790857 5370043 9350872 9350350 5370043 8191002 4990043 7310634 5370888 7980973 7980160 9350638 9350006 9350880 9350071 8191002 9350964 9350043 8870527 9350937 730857 730857 8190772 730857 2760754 5370754 730212 2760754 8190422 2760071 730857 7531023 730560 8870424 8190913 3470200 7790857 7530043 7790894 9040043 7790516 2760857 8870560 3470772 7790880 7790877 7790888 9040043 8870043 7790371 7790841 9040043 7790913 7790743 8191010 1600973 7090857 7090973 9040857 8190646 8190913 8190913 9040857 7790857 7790937 7790857 7790937 7090973 7790857 730930 6770160 730930 730857 8870930 730969 5370638 8190877 3470857 7790857 3950043 7790857 9041023 730560 730544 6660880 6660006 6660646 9350460 6660738 6660738 730371 730987 1920560 230741 230371 230375 231002 230924 2760738 230872 230770 230809 6660414 2760872 230496 230952 230924 2760920 5370741 2760770 7790741 730969 8870741 9350888 9350043 9710496 8870205 2760743 730743 730923 730894 9350752 8600743 8870741 8710872 9710864 6901023 3230350 2760350 2760924 2760200 230930 6770993 231007 730212 730371 5650864 1920924 730870 1920812 2911023 6660800 8190930
8870833 3930519 3930739 3700519 3700519 3700519 3700205 3700519 7790857 2760043 2760948 2760870 250752 2760870 2760371 2760371 230872 230872 2760872 730930 6660930 2760561 2760930 2760930 2760880 2760466 2760872 7790857 7790857 8190560 3390580 8190043 3390930 7790857 3250857 3930870 520071 730948 5230796 520743 730809 730212 2760422 4720870 2760071 2760580 2760646 2760580 7790580 7790913 7790741 8790043 2760924 3700043 3700896 9350996 9040739 730812 8190820 6770460 2760930 2760338 2760338 2760930 730930 7790043 2760872 2760496 7790937 7790857 250580 7790743 230924 2760738 230924 230872 2760043 2760176 7790371 7790519 2760809 7790519 7090973 7090973 3390930 7090973 3950729 7790729 7790518 8870924 300729 3930870 8870870 730870 3930386 8870870 3930386 730870 730364 730928 730519 730580 730527 2760422 2760043 2760646 230043 7790870 730043 7790964 2760646 3470580 7790888 7790743 7790888 7790913 2760743 7790961 7790371 3930144 3701002 730144 730928 730519 730364 730519 3230212 2760996 9710422 2080519 7790516 2760857 2760580 230006 2760006 2760580 7790580 7790964 2080531 3700739 6660304 8870833 6660880 3700519 9350212 3700519 2760796 3700364 3930772 8870754 730754 9710519 6660304 6660761 3930212 6660969 730880 730924 730880 2761002 730880 4720519 2760422 4720888 7790743 7790894 7790964 7790043 7790857 5370043 7790857 7790857 7790857 7790857 2760043 2760987 730888 2760872 2760864 2760741 7790580 7790752 7790743 7790371 7790857 7790516 7790687 7790894 730920 2760580 9760580 7790580 7790888 7790580 7790894 7790687 7790043 2760043 2080531 8601023 9710176 9040987 3700743 3470176 9040043 3470743 7790743 730466 9710782 2760952 2760872 7790752 7790857 2761007 231007 4720888 5370743 8870754 7790937 9760920 7790043 231023 230466 231007 730527 2761007 7790580 7790987 8190646 8190888 3950924 5231002 730212 910872 7790743 730741 7790961 730743 2760422 230212 730561 2760714 230741 2760741 230872 7790888 2760964 7790964 7790888 7790857 4040200 9710782 8710205 3700205 8711023 9040739 8870560 8710519 9040739 3700422 9350071 2760441 730304 230304 6660800 2760047 2760304 4040772 8870414 6660561 8870880 6660880 3700527 2760304 2760833 2760729 2760928 6660561 9350241 9350241 730928 730961 730961 731007 4721002 730646 7790961 7790371 520519 3700519 6660880 2760144 8870144 730928 9350761 8870386 9350386 8870144 8870144 3950144 8550519 9040350 8550519 9040857 3700422 9350422 9350888 4991010 2760441 9350386 9350228 3930441 9350743 730000 730205 730043 2760857 6770160 2760987 231023 2760872 2760743 2760741 2760350 7790888 3950371 2760959 7790414 2760923 2760043 2760043 2760043 2760043 7790364 7790741 9040580 9041023 7790913 250896 2760043 2760043 730880 8870043 8870580 9710527 7790812 7790913 8870580 8870043 2760043 2760043 2760743 5231023 5370460 2760857 2760212 730812 3700701 8870560 7790913 3470043 7790870 7790937 2760991 7790913 7790812 7790964
8190973 3730282 4630282 3930422 520752 3930996 910870 3230880 9710205 3730212 3730560 3730560 3730888 3730653 8190913 3470857 9710964 9710920 2760924 7790964 2760743 9710014 7790422 9040772 2760743 9710014 9710920 2080770 8190870 7310460 5370071 2760422 9350880 3950960 2760371 2760414 2760462 6660880 2750212 4990984 2750930 730928 730812 2750006 730880 730422 8710872 8710519 3470200 8600782 9710285 8190767 3390964 8190888 9710285 9710857 6350743 8190894 9711023 2080857 8710767 4630960 8190888 4630913 4630743 9710519 8711023 9710743 8190653 9710891 4630964 7090973 8190752 8190741 3730496 3730920 3730602 3730006 3730896 8190859 3390964 8190752 6901023 6900930 5231002 730741 730404 2750767 2750166 3230283 2750880 730809 3230212 4720857 730857 2750996 730527 6580212 730880 5230527 2761002 6660930 6660833 9350833 6660772 10111023 2750857 3230833 2750006 730928 3230371 2750857 3230930 4720942 3230371 8190765 7310877 7310752 7310829 7310363 6760266 10110857 7310405 9350765 9350741 8190741 6660770 2760960 2760960 2760880 2760043 3700701 6660880 8710770 3730952 3730996 3730422 3730960 4630770 8190504 5370371 730743 2750872 2751023 2750857 2750739 2750996 2750212 2750422 730560 730928 5231002 5230043 230924 5230043 4720741 10110872 3700285 8711002 9711023 5230043 2750212 6661002 6660930 2750561 2750796 8871002 3931002 2750969 3930987 9420560 6580872 8810920 8710422 9350071 10140996 730996 730987 9710833 8710422 3470580 8870580 8190996 8190653 3470575 9710801 10110880 3470200 8710796 8190646 8190560 5980920 5980920 8710991 8710991 3470743 1760973 3730930 6760770 3730441 9311023 8710622 9710371 8710741 9760205 2080857 8190371 3730872 3730864 3730812 3230857 300701 3230796 9710996 3230422 1920000 6660071 8711007 730743 8190888 3731010 3730422 6760560 5230857 8190741 9710743 9710646 9710961 3470200 3930964 8600924 3700701 9710729 9710371 8710371 3700741 3730006 3730729 3730767 3730872 4630741 8190741 3930857 4990228 730923 730870 2751023 731007 730928 8870741 4720729 2570772 8870518 3230304 6580212 9710527 8710304 9350743 6660948 9040580 8190071 8870580 730580 730560 730833 730700 3700297 730796 3700212 7790913 230561 3730952 3730767 4630752 4630752 4630960 3700580 7530043 7790743 2080743 7790743 3470894 8600646 3470894 9710987 9710741 6900809 3700350 9710880 9040350 3470373 9710920 5980888 9710872 9710603 2080743 2080205 7790516 8190993 7790770 9710646 7790752 2760770 9711023 3470857 3470857 3390960 7790516 2760964 3470743 3470782 8710770 8710920 9710014 8710770 9710880 8710527 9710212 3470996 8790422 2750880 8811023 8330996 7530580 3470857 5370770 5370743 5371010 7790857 6760752 5980504 9710782 8710880 8710741 9710371 7310864 3250205 5650924 3730404 3730560 8190043 8190043 8190043 7790043 9710857 5230338 9710923 3930741 5650880 3230561 9710880 5230422 6581023 730205 3230422 8710743 8600782 9760071 8190071 8190071 8190071 2760071 3471023 3470743
6660767 3730212 10141010 3230880 3730560 8190212 730006 730857 9420466 231010 3470930 6581023 3230653 3230560 3230952 5230995 9710006 9040996 9710006 3700880 3700995 5230422 730071 6580984 2750646 3930371 730961 5230969 5230969 5230371 1550872 8870580 8870580 5230580 9710872 9710864 9040575 4720519 3700880 9040212 3470200 8190043 6350043 9350930 3730460 3730004 3730004 3730004 3730004 7090973 3730004 6760516 8190930 3730772 3730646 4630638 7090973 4630638 4631010 10140872 5230857 910857 5230371 910414 8190414 8710414 2760043 2760743 2760770 3730164 3730920 3730496 3730004 8191010 3730004 4630071 8191010 3730282 5230969 5230969 3700741 3930741 300796 9710458 300304 3930653 3700741 3700888 300880 300560 300767 3700752 9710880 8710928 3470743 9710071 3470743 3470560 730580 730937 730812 8870580 4720580 4720924 8550580 3470857 9710857 9350043 5230338 6900767 3230228 9710741 5230466 730969 2750924 3930350 3930166 3930809 520205 3700205 8190729 7090973 7090973 8190653 3470200 8190960 9710580 8190504 7980973 3230466 4720857 9420466 8710752 3230496 3230043 730006 3230371 8870924 10110924 5230646 520560 3700741 5230952 9710741 5231023 9710741 2080414 9710741 6900646 5230466 7530371 2760408 230948 230948 230959 730043 3250043 3470043 2080872 3700888 3700964 8710653 3470743 3700743 9710071 3700920 3930071 9710969 9710969 910560 8710043 3470205 9710074 3730987 8191010 3730004 3730004 3730004 3730004 7090973 8190741 300741 3700770 9710496 3700752 8710880 8190960 7090973 8191010 3730004 8191010 8191010 3390752 2750969 730987 730987 730948 8870580 8870580 3470782 9710920 9040987 8710176 3470743 3470743 5980770 3930888 8710739 520743 3470894 8711007 3230743 9710458 8600350 4720964 8600646 3470743 3470743 3470743 8710259 3950897 8190888 9710920 8600043 7530580 8710580 8600580 3700888 8190964 3700888 5230350 3470743 3730004 3730071 3730006 8190043 8190466 3470743 7790964 9710920 730896 230857 7790580 7790964 2760920 8790888 2760414 230864 2760995 5370772 2760371 7790519 3931023 3930833 8870304 3930996 3700961 9040961 8870043 730700 2750812 730371 730812 7790580 8870580 4720371 8870812 7790371 9710812 7790560 7790870 8870560 4720841 7790580 8550580 3950043 8710496 9711007 3730004 9711023 3230285 730809 2750836 6900930 3230350 4720404 7530350 9350460 231010 3730043 3730004 3730043 7090973 7090973 8710414 9350638 9710414 910516 9710285 8790741 9710373 9710043 8710772 230666 8190422 3730004 7090973 8190920 8191010 8710987 3930743 9310646 9040462 3700920 9710920 9710964 5230646 8600212 3700964 9710646 3700743 3700924 9710176 5370964 8790006 7790888 730964 8340043 730743 3701002 3700441 8870741 4720888 3470894 4720741 9710964 3470894 2080924 3470752 3470752 3700071 8710259 8600743 9710071 3470920 2760043 730857 2760948 7790880 7790580 7790422 7790580 3730580 4990857 9350205 4720829 730752 9710085 9710580 730767 8710767 8870772 2760422 1920212 2750212 6660527 6660880 3470996 6660212 7790857 9350527 8710880 7790422 9710880 2760857 2760071 8710580 8710770 9710995 3230414 3230752 3230006 3230212 3230796 9710743 910114 1030993 1030993 8190144 6660167 3230422 9710297 3470995 9710812 4720741 3470334 3700560 3700770 8710924 3700964 3700888
7790743 2760743 8550519 8550519 3250880 6660754 2750527 6660460 2750996 6660422 6661002 730527 6660833 6661002 730796 6660772 730880 6660212 9350561 3950772 9711023 8710646 8710422 8810920 3470752 8190996 8710466 230304 231023 230422 230880 730772 2760960 6660304 2760373 2760996 8870580 6660960 3930870 9350241 3700870 3930770 6660408 9710565 9310422 9710205 8711002 3930560 9710371 3930371 9710144 300205 8710833 9350924 8710833 8710371 6660996 8330466 2760987 730000 730888 230205 2760833 231023 8330996 230212 230527 6660304 6660047 730743 6660561 2760880 8870772 8870741 730212 9350754 231002 230880 230504 730504 9710743 7790772 8870772 7790772 7790772 7790772 7790937 9040772 9710924 9710987 730833 730772 730888 8870772 8710833 9040772 8710205 9040772 8710422 9710006 730371 4990519 6660304 6660212 8710969 4020504 9710212 3230000 3230920 8710729 8710991 4720205 3470812 3471007 9710074 8710441 9310767 8710987 3730004 3730004 3730004 3730004 3730004 7090973 8190888 3470743 3390888 3390752 3470772 2760741 230176 8600920 7530772 8710987 8710888 3470743 3470743 3730458 3730743 3730004 7090973 1760973 1760973 3730004 4630243 7090930 3730809 3700857 8710969 6660754 230517 2760782 230924 2760045 730371 2760772 2760987 6660888 730460 730043 730772 730772 730772 730833 730043 6660408 730833 8870580 730772 730212 8870772 8870772 8870812 7790913 7790772 2570043 8710812 3470205 3470743 3470743 3470743 6660460 2750870 730283 3700580 5231023 8870580 8870043 9710285 2760924 5231023 9710212 3470176 9710043 230371 230872 2760772 2760772 2760772 2760646 2760350 9710888 7790859 7790741 7790964 3700896 9350924 730964 730928 6660460 8870772 2760416 9710422 5230043 9710598 2760371 230212 230006 2760741 5230772 2760371 6660212 2750996 730772 2750880 731023 9710598 8190772 9040857 8190888 9710743 2760857 230924 2760414 230809 9710772 2760414 7790519 7790894 7790964 2080519 6660197 2750212 2750646 730833 730519 1920880 6660043 6660422 230741 230496 2760373 230496 2760371 2760857 3730006 3730833 3730646 7790857 3930857 3930964 3930371 9350754 8710743 9710743 3700864 8600350 3930071 5230812 8710176 3700006 7530872 8710646 8190043 8190043 8190043 3700857 3230812 3930812 3930527 3930969 9710987 3730673 3730004 4630638 3730896 4630741 7090973 4631007 4630004 8190176 5230857 9760857 9040872 3470205 9040857 8190772 3471023 9710565 8710176 2760653 2760441 2760743 3470772 3470857 7790857 9711023 5230743 2080519 9040772 3470772 230987 230952 230412 230622 231023 230924 730767 6660741 3700833 6900872 9710071 3700924 9710422 8190350 8190888 7090973 4630928 8190646 9711007 3700770 9710414 6660350 3230864 5230205 9350205 3700527 3930560 9710653 9710767 3470743 9710304 2760414 230006 2760833 2760743 2760924 230371 2760743 2760653 7790841 7790888 3930422 730205 3930864 1920560 6661002 730833 6660297 6661002 6660996 6660560 6660304 9350796 6760767 8190960 8711023 9710622 3470743 9040462 9710920 8711023 9710833 8710043 9040772 730743 6660888 3930371 3930864 9710350 5650350 8710961 3930924
3730504 4630743 3950897 3470920 7790043 7790743 7790770 3470043 7790770 7790913 2760872 6660880 6660796 230212 5230772 8600872 3700864 7790516 8190772 7980043 6350371 4990043 4990996 6660460 730071 8870987 6661010 8190930 3730928 3730004 1760973 1031010 4630043 5370043 8190043 9350000 3230200 5230995 3230560 3730920 3731007 3730371 3730920 3730993 3730872 8190043 5230560 9710930 2760857 2760960 9710772 2760422 2080519 7790687 6760888 5370888 8190646 9710414 9710453 2760414 5980872 9710996 3700422 9710212 2760880 9710414 4720942 2080205 8710350 3470995 7790752 7790937 4720371 9710371 9710422 9710422 9710996 230006 730864 10140422 3730638 3730638 7310812 3730006 3730580 3730006 9350864 2750796 730701 231002 4020930 230496 730770 9830767 9710043 8710996 230422 730000 9350527 730043 9710043 8710527 3470743 9711023 7790422 3470752 9710043 6660880 2760561 9710200 2760496 2760504 2760772 9710770 2760767 3470772 3470458 3470205 9710743 8710880 2760952 9710422 2760212 2760770 230952 230923 8710414 230809 2760085 2760375 2760870 2080772 8710870 9040043 8710952 9040043 9710782 730043 2750812 6581023 3730996 3730422 3730004 3730043 8190973 8190414 6900043 2751023 300422 730767 3470422 300701 730212 730212 6660880 6660408 730560 730743 9710964 8870043 9710987 8190964 3730164 8710987 8900466 8190770 9710297 3470527 3700212 9710043 2080414 3470857 8190752 4630888 4630043 4630404 9350580 9350741 2750228 730928 2751023 2750228 8870282 730228 3230969 3930580 3930580 3930228 910767 910857 3470200 8190741 8190969 3250937 3230560 2750228 3230228 3230996 8870518 3250987 8710176 3470743 9710580 9710920 9710812 9710601 9710920 9710920 9710920 9710920 9710920 5980920 8710422 8790888 3230653 3230888 3230176 3700996 3700580 9710743 3700996 8870527 9350422 730228 2750870 9350996 3700864 8190176 3470857 6660995 2760527 8870772 9040580 8870812 250371 2760812 4750870 2760812 3470200 8710653 9040772 8710743 3471023 3930743 730282 730071 911007 730752 9710995 7531007 6660043 6660043 8710987 8710043 230560 2760441 3730743 3730071 1760973 3730185 8190920 8190602 6760006 8190741 3230969 910200 3230285 5230496 9710414 9710414 3700923 3930228 2750228 2750924 3930422 730984 910928 4020984 3230212 9830812 9710739 3700996 9041007 9710812 9710739 3470334 9710575 9711007 9710006 9710987 2080205 3470560 5230888 3470422 3470200 9350460 6660948 6660561 8871002 3230796 3230880 3700212 2760561 9040580 9710996 7790841 7790894 3950772 7790913 7790913 8710923 8710870 9710782 3470205 9710071 9710920 7790560 8710043 8710043 8600043 2760930 4020996 5230560 230880 5980772 9710772 3730752 3730812 6760414 5230285 9710741 3470285 9710496 9710414 3470880 9710212 8710772 9710701 9710212 2760996 9710422 9420560 8710504 5370743 8710466 9350071 2751023 2750228 2750166 2750920 2750996 730580 6660422 10140212 3730527 3730422 7310948 3730560 3730228 8190043 3950043 8190350 3470772 8710350 230350 4990043 1550930 6900872 230809 230414 5650864 6900350 10140350 5230857 5230857 910371 3470772 3730006 4630371 8190006 8190920 3471023 9710646 5230580 230006 730527 2760738 6660772 2750739 730373 1920560 1920812 730896 2760995 6660812 3250422 2760560 730743 3471007 3470006 7790371 230285 6900767 230809 6900772 2760809 6900772 2911023 10110741 8870043 730283 730770 730212 4021023 6660561 6660996 230422 6580212 230527 2750212 2750496 2751023 730228 2750812 730928 730560 8870580 7790937 7790841 2760560 8710772 9710739 2760872 8710743 3470743 3470205 9710743 9710770 230920 6660212 230996 230047 5230996 6580212 8710996 230561 1920996 730200 730071 8711023 9350888 8870527 730739 8870422 910282
3730994 3730857 3730004 7310182 230857 8710014 3470801 2760739 9711016 2760414 9830796 9710801 3730880 3730422 3730460 3730212 5230930 5230833 6900037 9350930 2760857 2760772 5230285 6660338 6660960 6660796 6660338 6900212 2760770 6660738 9350752 9350796 8710857 4630928 9350880 3470857 8190809 3470857 9350752 2760738 8190772 230857 8190964 7790772 3470772 3700772 520741 3470772 9710071 7310888 8190752 3701023 8190888 3470857 9350350 5230833 5231002 5230212 5230952 8870872 9710923 9710880 730560 5230043 5230880 6660767 230923 9830796 230414 2760414 9710995 2760414 2760560 2760178 2760560 6900924 10140350 5230767 3700006 6660408 6660408 6660043 7310872 6900872 6901023 9350408 9710833 3930519 3930864 6660414 6660969 730200 1920212 6661023 230857 6760770 6660888 8710930 8901023 2760857 7790930 3470772 2760071 9710772 3470772 3470743 2760212 2760212 6660772 6660772 6660422 2760772 300996 230422 230880 6660796 2760880 3470496 9040772 2760767 2760646 2761002 6660801 6660801 6660772 230812 230422 6660772 6660666 8710772 9710996 3470772 9710205 9710996 8710527 5230560 8710812 9710519 8710996 3470422 6660880 6660561 6660561 3700422 6660880 6660653 6660212 300864 300205 301002 300864 3230166 6900920 3470205 4720888 3700888 8710006 3470743 3470743 8600205 3470074 9710074 9710920 230857 6770160 230334 2760580 2760857 2760857 230809 3230754 2910466 8190754 9710864 3730371 3730182 3730371 3730963 4630638 3730754 3730004 3730414 3230739 3230739 3230857 10140212 3730996 3730422 3730880 3730924 3730422 8190560 8190519 6350924 230959 230580 6900930 2760995 6660422 3730414 3730466 3730496 1760973 7311010 3730004 3730182 8190880 9710200 1550930 9350833 5230930 230857 7310006 6660996 5370772 6660422 4021023 230796 6660796 230560 230350 3730006 3730560 230930 2760963 230504 2760212 9310504 9710422 9711023 9710752 7790770 9040864 730833 6660043 730422 6660833 730833 6660833 2760527 6660527 9830561 6660304 2760422 6660880 3470923 2760767 2760653 2760560 7790516 2760043 7790894 7790964 2760527 6660856 6660460 6660856 6660560 230212 2760996 8870772 9710297 2760964 3700043 7790812 730739 6660460 6660460 6661002 2751023 3930043 8870144 910371 6660888 230870 2760285 230575 6660560 2760212 2760880 3470752 7790924 3730536 3730043 8190466 8190466 4630043 3470857 5230796 6660856 6660043 6660996 3930880 3930283 3700212 8190937 3700857 4300857 3700996 9040043 8870800 5230422 3700880 8870527 9710856 3930561 8870424 9040969 3250212 8190812 3730004 8190560 7090973 7090973 8190000 7790857 9710580 9350741 6660864 2750043 2751023 730833 6660043 6660527 730460 6660880 6660772 5230833 6660796 2760371 7790870 2760071 8190872 2760561 9710371 7790857 7790371 5230176 3931007 6660221 3930598 3931016 3930212 910870 3230772 6901002 1550984 520741 3470772 3470414 910741 7790894 2760561 2760043 3730268 1760973 1760973 7090930 9351010 8790857 2750857 2750796 6660460 2760741 230167 6900772 2760741 9350212 9350212 8190801 8190350 3950772 7790913 7790937 8190519 2760857 9710930 9710801 8710772 3470743 3700864 520741 9710888 9710864 230212 2760422 2760714 6660800 2760924 2760580 2751023 6660460 2751023 730896 730212 2761002 9350460 9040580
5370880 7790857 5370809 4720857 9041023 9040969 8870424 7790812 8190422 4720857 8870741 8191002 4720857 8190772 8190864 8190913 8190646 3390741 9040857 3950729 8190913 9040857 3950960 9040857 7790857 8550857 9350833 9350741 8870043 7790857 3700205 9040212 7790857 2760857 6660160 6660800 3230166 3700772 3230772 2760772 2760772 8870772 7790772 2760772 7790772 9710422 7790741 2760800 7790937 8550772 9040772 8550772 4040424 520969 520913 9040969 4040424 1760973 230496 2760074 2760770 2760952 2760964 2760646 7790969 8550519 3471023 230043 230952 7790441 2570043 7790770 3470200 6770371 2760801 2760462 2760652 2760964 2760964 2760519 2760930 730930 730930 8870930 730767 730801 8870580 7790580 730754 7790913 250930 2760930 6660043 730930 4990043 4990772 730930 730037 730969 8870772 730809 7790969 7790969 8870043 7790518 7790969 9040969 4040518 4040071 520913
5370930 5370961 4040200 7790857 7310632 5370841 4720857 5370835 5370481 9350984 8870974 5370481 5370961 1030282 250969 8190646 250969 8190765 7530920 10110770 300864 8790857 8190741 8190913 9310422 9350560 9350564 8190964 8190888 8190496 250571
null
3731002 8190959 6760973 3730200 3730928 8190942 10140973 3730282 7310466 3731007 5370859 8190687 9350700 9350114 8870741 4990404 3731002 5370809 5370729 5370544 5370544 3950043 5370841 5370481 5370772 5370841 250282 9670857 2760857 5370964 3730200 7310601 3730700 8190942 8190937 250888 6760504 7310404 7311010 6351023 6760973 3250857 7531023 9710601 3730772 3731002 8190973 5370859 8190518 250894 5230923 3250371 7311010 3730200 7311010 5370752 8190973 3731023 1030638 7310602 7980973 8190752 8190913 8190913 5370841 5370200 7980973 3730419 3730646 3730419 5370200 250200 2760646 8190859 3730924 9350571 6770646 7310227 9350700 3250200 7790877
1030292 3731002 8190913 3730228 5370292 5370841 7790937 3950729 4040200 7790969 7790857 5370841 4991002 5370266 8790891 4720580 3731002 4630200 4630282 3950729 4630282 5370833 5370859 730544 7790841 7790937 5370841 5370729 7240969 250969 5370993 7790859 7790937 7310282 7310941 730404 9350729 730961 3950729 6661002 8870870 4990519
null
7530772
8871002 7790937
7310833 4990652
null
8871002 5370043 6660646 6661002 4990993 3950282 3950729 9350386 8871007 8871007
null
null
null
9350765 8190993 9350894 8790835 7530483 5370200 4990646 3950371 910841 7790857 3950043
null
10170857
null
5110004 4720829
null
6770741 250772 10170857 8870518 3950729
5370841 5370859 7310228 5370460 9350646 4990928 10190961 3950729 5370419 5370282 5371007 5370729 4720841 4720841
5370419 9350564 3950282 730857 730071 3950960 7790857 5370043 4041007 3950729 7980973 4040200 5370729
3731002 3730404 8191023 5370292 8190560 8191002 9710200 3950043 8190424 8190913 8190765 5370961 5370772 8190765 3391007 8190741 9350114 9350765 8790857 8190516 8190969 8190973 4631007 9710964 3700964 4720544 4721002 4721002 3950043 3950043 7310228 4991007 7310993 9350228 5370518 9350646 5370580 250687 3950043 7310984 9350037 250969 8190913 9350544 4990646 9350544 250282 250969 8870037 5370993 2761002 7790870 9350833 9350646 3950282 8190993 8790857 9350646 910928 3950729 8190913 8190741 8190518 7980973 3731002 7980973 4630282
3950729
3731023 250969 3950729
null
null
null
4630930 5370729
4991023 1030282
3950729 2760928
null
3390994 1030292 1030292 1031010 1030292 1030961 1030961 5370877 10110857 8871007
8870282 7790519 250930 5370419 5370481 4990228 9350228 5370481 250969 9350228 5370961 1030961 250729 3950364 3950729 4040200 7790841 4630282 3950729 3250877
3391007 8190646 4630043 5370859 5370859 8190043 5370424 7790857 3950043
null
3700877 9040580
null
3950043 250729 1030984 1030961 1030984 1031002 1030282 1030984 1030282 1030984 1031002 1030282 1030292 1030292 5370200 1031002 1030282 1030004 1030928 7980973 1030282 1030984 1030282 1030282 1030043 1030282 1030292 1030969 7310928 1030282 7980209 1760973 1030282 5370841 4630928 3391007 1760973 1030292 1030646 1030282 1760973 1030961 1030961 1030282 4630200 1030408 1030282 4630200 1031002 1030969 3731002 1030772 1030961 1030292 7980973 1030638 1030961 1030419 1030266 1030961 1030282 1030282 1031010 1030700 5371023 5371023 250930 250930
null
null
null
2760729 7790386 7790519 4040857 9350984 7790857 5370200 250961 3391007 250282 5370481 7790969 5370043 5370282 4720200 5370729 4720544 3391007
5370833 7790652 7790937
9350646 4630928 6770928 3250043
520877 7791002 7790969
7790652 3950043 5370043 5370364 3950043 5370729 5371023
3950729
7790519 4040424 5370544
5370200 3950043 3950729 4040200 8870481 250282 250729 4040424 250729 3950043 4991023 4720544 5370544 5370729 3950729 3950043 3950729 250729
null
null
null
3950772 1031002 4040424 4040200 5370961 5370729 250519 6660984 5370833 7790829 7790841 250930 250200 5370841 1030320 1030282 7980973 1030160 250282
3950043 4991023 5370729 5370961 3730930 8191002 3950930 3950729 250969 8870481 3950729 3391007 9350228 3950043 4630928 3950729 3950993
520960 9350752 8790729
null
null
3251023 9350752 4990928 5370841 8870772 520833 520071
250200 250519 731007 8870043 1030993 4750870 4750870
3731002 3391007 3950282 3391007
5370386 8870228 8870481 5370877 8190765 250969 5370870 6770984 5370729 8870228 9350729 3950729 5370801 5370729 5370877 7791023 5370729 3950729 3950960 250519 250200 3950729 250961 3731002 9350729 5370481 5370200 5370266 4720200 5370687 7790841 4720363 5371023 250969 250371 5370282 3950729 3950729 7310228 5370729 8870481 4990930 730857 4040200 6770160 8870481 9350228 6660729 5370729 6041002 4720363 3950386
4990160 4040200 9040969 8870043 250519 7790519 6350770 8790161 2080894 7790841 9350043 8870266 5370560 7310877 9350646 5370841 7310984 10220857 9350646 3250200 3230809 7310928 4990687 9350743 5370071 9350043 9350870 6760741 9350894 9350228 7310601 9350580 9350580 6270857 7310888 4990928 9350700 9350833 9350043 4880973 7310984 7310928 7310984 7310938 7310993 4990646 4610857 4990857 5370200 7310984 9350700 7310969 7310969 1940973 7310942 2370973 7310282 7311010 7310928 7310371 4990043 9350870 1030408 7310969 7980857 7310857 7310969 9350801 7310984 9350729 2760961 910200 381010 1030969 7310928 7310984 7980973 5370841 9350043 9350386 7310941 9350544 7980973 9350364 5370424 7310004 7980930 8190930 9350386 7790961 4720841 3950772 5370518 5370200 9350913 4990928 9350544 9350743 4990928 7310004 5371007 5370729 9350646 730516 910544 4040200 9350043 9350043 9350646 5370870 8870424 4720841 7311007 5370282 7310984 9350544 8190518 2570043 9350765 9350646 4990928 9350646 7980973 5370282 8870419 9350765 910544 4610857 7310729 7310043 4990857 7310404 5370729 8870741 6990481 4990700 9350700 4990928 9350700 7790841
null
8190729 5370200 4040200 5370364 3950729
null
null
3930200 8790729 910829 520877
3700770
null
null
8190994 6760973 6760973 7640857 6350741 7310363 7980973 9350415 6350857 5370829 3730229 3730137 3731002 6350646 6760177 6350129 8190687 3730419 3731002 4630229 9350646 1030282 8190877 3730928 8190765 8190829 7310693 5370200 1030700 7310765 1030829 1030282 1030877 6350114 9350364 6761023 3730241 4630928 3730404 8190829 3730928 3730928 3731002 5370829 3730241 6760207 7980973 1030829 1030282 3730765 6350891 6350114 1030282 7310177 9350177 3730241 9350687 9350700 7310891 7310228 4880973 4880973 7310466 7980973 2370973 7310114 7310177 7310693 1030829 7310700 1030282 7980973 7310207 2370973 3730200 7310942 6761023 7980973 7310161 7980973 3730200 7310669 1030282 3730414 3730241 1030993 7310669 6760646 3730114 6760700 8190519 6760481 3731002 7310266 7310114 7310419 7310102 3730200 7310841 1030877 7310765 4880973 7310037 7310959 7310891 7980601 6350601 6350872 6350700 8190571 8190877 5370266 8190419 3730430 9350937 6761007 8190829 5370829 9350669 9350102 7310404 6761023 3730419 9350646 9350765 9350483 3730571 9350114 5370200 7310564 3730481 1030282 2370404 1030282 7310669 1030419 7310765 7310564 4630200 7980973 7310948 3731002 6350870 6760419 6350700 3730829 6760857 6760857 3730419 7310363 1030419 1030571 7310571 6350404 3730700 1030857 9400973 380004 380004 4880973 4880973 4960973 9400973 4880973 9400973 7310292 4880973 4880973 4880973 7310492 7310492 7310601 6350404 7310765 1760973 5370266 1760973 9350700 8190571 6760564 8190419 3730993 8190829 8190266 8190829 6760687 8190765 3730404 8190296 8190961 6760857 8190942 3730241 1030829 6760646 6350601 3730601 8190942 8190930 3730004 6760700 3730765 6760229 3730993 6760601 6351023 6760687 3730404 7310161 7310129 7980973 6760519 4990765 5370829 4990942 6350857 3730386 9350516 6350857 7310430 7310700 7310669 3730299 7980973 7980973 3730266 7310891 3730646 6760770 6760516 6760973 1361023 6350916 5370266 6760942 3730765 6350857 1030282 7310693 6760226 3730363 8190829 3731002 8190043 6760266 6760841 3730829 6350959 6760700 3730928 8190205 7980973 6350404 5370371 3730282 9350161 6760266 5370829 7310924 6350404 7310693 3731002 6760765 3730877 3730601 7980209 7310363 9350669 7980973 7310765 6350177 7310700 9350114 5370580 7980973 7311021 4880973 6350857 7310430 9350891 9350114 9350161 6760601 7310693 7310700 7310404 7310765 6760877 6760363 6760765 7770857 6350646 3730841 6350857 6761023 6760857 3730812 6350404 3730700 3730404 8190296 9350802 3730981 6760942 3730765 6760601 9350765 5370829 8190765 6760601 3730601 5370859 6760891 5370419 3730177 9350765 6760700 9350700 3730993 3730137 10110857 9350415 3730974 3730601 3731002 9350102 9350891 3730765 3730205 5370841 6350765 6760601 3731002 9350571 7310430 7310601 7310941 7310177 9350161 3731002 9350415 3730519 3730961 6760177 6760646 8190937 3730741 3730981 6760841 8190201 6760601 3730877 3730241 6760177 3730829 6760228 4330857 3730386 1030638 4880973 2370973 2370973 1030765 1030266 7310601 3730981 8190419 6760207 9350201 6350916 3730519 8190296 9350700 3730959 5370877 3731002 6350891 9350161 8190266 7310891 6760891 3731002 1030419 7310891 7310161 380004 1030200 1030114 1030419 7980973 7310891 5370877 9350765 9350700 6760481 6350916 6760266 3730404 3731002 8190371 4630829 8190829 5370829 3730877 6760942 6760974 6350765 3730700 7980973 6350114 6760296 3730928 7980973 3730404 8190942 3730371 9350974 7310693 3731023 1030114 3730994 381010 1030282 1030266 1030877 4880973 380004 1450973 9400973 380292 4880973 4880973 4880973 7310492 7310363 7310888
7310651 5370266 6760973 7310693 6350129 3680973 5370161 3730266 8190937 7980973 6760859 6760859 7310227 9350937 6350601 9350765 6760177 9350700 9350544 6350961 7310404 7310430 7310373 4990857 7311007 6350973 4990404 7310564 7310632 6350043 9350043 3731002 6760877 9350765 8190765 6350765 10110857 8190877 6350646 1030984 5370419 8190937 9350114 6760266 1940973 7310282 1940973 1940973 7310161 7310516 7980973 6760700 6760228 5370829 8190765 6350687 8190877 2760857 7310833 5370894 9350765 5370419 5370266 6350891 3730241 7310693 9350419 5370877 9350114 7310765 4880973 2370973 7310601 7980601 9350891 10220857 8790200 7310395 8190923 9350544 5370741 6760601 7770601 3250857 6760564 9350729 6350916 6351007 7310601 7310877 5370835 9350870 7310404 9350516 7980700 3730877 7310395 9350483 6760857 6760765 9350419 8190785 6351023 5370841 6761002 6350891 6760942 6350961 6760942 6350646 4330601 6350481 6350601 5370841 7770601 9350700 5370829 6761007 6760564 7980601 6760973 3730386 3730601 9350700 3730404 7310959 9350564 5370829 6760481 4330765 6761007 3730877 7980973 9350571 6760102 6760969 6760207 6760601 6760601 9350765 5370835 9350544 6760601 7310765 7980973 8790652 9350161 5370266 8190419 6760765 9350646 5370877 8790857 8190687 5370877 8190829 5370877 9350114 9350937 6350829 6761007 6350891 5370829 9350177 6760973 6350646 6760228 3730765 9350296 8790857 5370829 8190266 9350177 9350765 3731002 6760601 6761007 8790857 6760601 9350765 5370829 6350404 5370687 6761023 9350765 3730981 9350765 9350700 8190942 6760114 8190829 3730716 6760207 5370829 9670857 3730700 6350857 6760829 9350700 6761007 6760973 3730241 7980114 3730969 3730519 6351007 3730519 7980973 9350891 6350959 8190296 5370729 7310942 5370266 5370829 3730519 7310765 1030363 4990765 6350700 6760829 3730891 1030282 7310571 7311007 6760200 7310669 6350891 6350700 5370829 5370961 5370687 6760994 5370424 9350669 3730601 4330601 3731002 9350765 6760236 9350765 7980973 6350891 8190765 6350601 5370829 6760481 9350765 10110857 6350129 6760601 6760942 5370841 7980601 9350765 3730928 7310564 7310228 6760973 3730993 6760877 6760765 7980973 7310986 6760693 6760700 3730765 3730519 7980973 7310601 6350601 3730765 3730981 3730404 3730601 7310564 7310601 6350652 6350601 3730829 6760700 9350765 5370835 6760177 6760961 9350765 3730296 8190266 8190765 6760857 3730981 6350765 3730564 6350765 8190942 4330765 8190519 3730993 5370877 9350564 8190765 6760942 9350114 6761023 5370829 7980973 7311007 9350700 6350114 6350419 5370841 3730687 5370877 10110857 6760857 3250857 9350114 6760942 3731002 10110857 6760601 9350646 3730519 6760942 6350829 6350765 6350765 7310564 7940973 7310961 7310037 7980973 9350177 6760785 5370829 5370877 5370877 9350994 6760601 6760228 9350765 3730241 4990601 7310959 6761002 3730942 7310961 7310765 7310601 7310466 7980601 7310960 7310601 7310961 7310937 6351023 7310564 9350802 7310959 3730580 4330857 8190888 7310765 5370829 8190942 6760177 9350859 7980177 6760646 6761007 7310564 3730229 6760942 7310006 3730419 6350829 6760700 9350201 8190937 6760601 9350765 7310891 7310492 7310877 3730898 6350404 7980973 1030282 7310363 3730829 9350700 7980404 7980973 7310942 7310765 6760200 7310404 6760942 6760765 6760481 6350646 7980973
1030877 8190973 5370419 4630638 380004 5370829 5370877 9350114 8790857 8190201 6760877 7980973 8190296 8190785 3730870 2760857 7310571 3730981 4571023 6350891 8190891 7310483 5370829 6760961 5370877 6760700 1030404 3730601 8190419 1030829 5370564 3730229 1030993 6760646 8190765 6350564 8190765 3730877 5370200 1030404 9350870 9350765 6760481 8790857 6351023 6760601 4630419 5370870 6760693 8190942 6760961 8190765 5370877 5370687 8190419 6760266 4330857 3730981 6350765 6760481 6350765 8190296 6760481 10111023 8190859 7310700 9350114 3730941 3730864 3730928 6350601 3730981 3730519 9350700 3730404 250942 10111023 3250857 3730765 3730981 6760601 5370829 3730870 6990481 8190765 3730700 4330765 5370877 5370200 3730137 9070984 6761023 9350177 8190870 7530870 3730765 6350891 6760296 3730864 3730137 3730296 7980765 8190870 2760857 6760601 6760870 6760601 9350765 3730137 3730981 8190765 5370829 6760564 8190765 6350601 6760942 6990481 5370829 8190266 6760928 6760601 9350765 8190765 9350802 5370870 7770601 8190229 3730185 3730241 8190419 8190891 6760942 6760928 3730404 5370829 6761002 3730177 3251023 8790857 1030700 7310765 5370877 9350177 6760942 3730765 6350765 8190877 8190765 6760870 8190201 5370877 1030229 5370877 5370687 6350891 6760601 1450973 3730765 7980765 3250857 3730241 8190859 6760564 9350765 8190937 2760857 9350114 4910857 250200 10111023 5370741 9790646 3730700 6350601 3730841 6760646 6760177 8190564 6760229 3730177 5370877 5370829 6760857 8190829 7310564 9350177 8790857 3730765 1030700 3730404 2760857 9350296 8190646 5370266 8190785 8190765 3731002 6760877 6760601 2760404 3731023 2760857 3730981 6350765 9350765 8190765 8190765 6760942 6350891 6760942 9350114 6760765 3730137 4630829 6760928 4630829 6760877 6760601 3730404 9350114 3730981 3730241 5370877 6350114 8190877 7310669 3730404 3730765 6760646 9350177 9350700 6760646 8190765 3730137 8190891 8190765 6760601 9350765 3730229 6760646 6350891 8790891 8190877 6760646 7770601 7310564 3250129 8790857 3730877 8190516 6760877 6350601 7310404 6350177 6760646 3730601 6760700 9350891 6760973 3730765 3730430 8790857 3250870 3730765 1030877 1030282 6760877 8190765 8790857 3730981 7310405 1030994 8190571 7310161 3730419 3730981 9350765 5370841 8190942 7531007 6350765 6760601 7310880 9350177 7980973 7310564 8190765 6350114 6760942 1030282 3730601 9350564 5370835 8190829 5370877 7310651 3730829 5370877 8790857 6350177 3730981 8190877 4330404 5370687 5370161 6760601 3730296 8790857 6350765 3730266 3730981 6760564 7770765 1030282 2370973 5370564 6350114 1030829 8190765 6350916 7980857 8190765 9350564 8190829 5370266 8190829 6760942 8790857 6760841 3730601 6760877 6351023 3730404 9350765 3730700 3730241 8790857 6760226 7530177 5370896 3250129 8190829 8190864 6760857 8190571 3730137 8190829 6760877 3730974 3730137 9350765 4330601 8190765 8790200 3730200 8190765 6760601 7310651 4910200 6760891 7310986 8790857 6760942 250200 6760942 6350916 3730404 3730241 3730241 3730829 7310564 4910481 6760646 9350765 6760229 4571023 1030993 9670857 6760646 9790646 6760226 3730891 7980765 6760841 8190296 9671023 9350177 6990481 9350765 8190785 5370687 6760601 1030829 5370829 5370877 1030877 3730241 7310651 6350765 4910200 4630200 6350891 6760601 5370833 4990700 6760266 8790857 7310601 9670857 9350177 3730266 4910200 8190785 8190571 3250877 8190765 9350430 9790646 6760177 6761002 8790857 6760942 3730981 9350765 8190877 6760296 6350177 8190877
3730765 8190973 6760973 8190973 3730137 5370877 3730700 5370266 9350177 5370200 6760877 6760296 3730716 3730137 6760891 6350419 9350700 6760877 8190765 8190961 3730877 8190419 8790857 8190765 6760601 9350765 3730137 5370877 8190765 5370877 8190266 3731002 8190419 5370877 6760646 9350700 8190596 3730137 6760207 8190296 6760942 6350959 6350601 5370741 9350177 8190765 6760942 8790857 6760564 6350916 5370829 4630942 2760114 6760177 6350404 3730601 5370841 6760942 9350114 8190877 6760765 9350201 5370841 10220857 6350601 6760942 7980973 8190419 8190973 2760829 3730241 6350601 5370419 5370266 5370829 5370877 9350765 6350973 4630200 6760693 5370829 8190785 7310669 9350700 6350891 6760601 7310693 6760601 6760601 8190765 6350765 3730601 9350765 6350114 6760481 8790857 5370419 6350765 9350161 6760564 6350765 8190942 6350959 10111023 4630282 6760973 3730942 6761002 6760841 3730177 8190571 6760942 6760942 9671023 8190829 8190765 6760700 6760601 9350161 3730404 8190877 7310693 8190765 5370687 9350114 6760226 9350959 6760765 1030877 5370877 3731002 5370877 3730404 3730693 9350516 5370877 9350700 9350765 4630942 9350700 8190829 5370419 5370841 6760942 3730765 9350161 6760601 5370266 8190765 8190765 9350414 3730114 3730114 8190891 5370560 9350646 6350646 8190571 5370877 6350114 9070646 6350646 8190266 8190829 3730177 6760942 9350765 6760564 8190296 6350916 9350177 5370835 8190765 5370877 3730928 8190877 5370419 9350646 8190571 6760177 9350700 8190829 5370371 9350129 3730765 9350700 8190043 6350765 5370841 3730601 6760693 8190765 6760693 8790857 5370877 8190942 8790857 5370877 9350161 6760693 3250200 6760601 9350765 9350114 8190942 8190765 3730137 8190942 4570857 5370564 5370859 6760877 4630765 9350114 8190296 6350114 8190829 9350177 5370371 6350419 8190829 6760564 6760177 5370424 5370829 9350177 9350700 6350891 5370687 8190424 3730961 6350564 8190519 6760601 8190765 6350404 5370829 6350765 6760646 3730404 6760601 8190424 3250857 3730928 8190877 8190266 9070646 5370841 6760700 5370877 6760228 6350765 8190877 7310436 6760601 5370877 3730993 4330765 8190266 9350765 5370829 9350765 6990481 9350177 6760942 8190765 6350857 6350765 6350404 3730877 3730601 5370419 3730829 5370200 9350765 7980601 6760973 7310004 7310959 10220857 3730200 6760229 6760601 9350765 3730177 7310564 9350564 4990404 7310601 4990404 7770857 6770984 7310404 4990646 6350700 7310229 9350859 7310601 7310004 7310004 3250857 9350765 7980765 7310765 6350877 9350544 7310924 7310129 7310004 7310404 4610857 7310266 4990928 7310564 9350896 7310161 7310601 7310693 6760114 9070646 7980973 4610857 7310564 7310177 7310419 7310161 7310765 9350930 7310404 6760177 7310700 7310829 1940973 4880973 7310601 7310580 7310419 7310700 7311007 7310601 7310519 7310693 7310877 7310601 7310564 7310765 4880973 7310229 7310829 7310228 1940993 7310419 7310386 7310114 7310430 4990857 7310004 7310430 7310404 7310829 7310765 4990857 4990700 5110404 7310161 7310601 7310350 7310669 7310408 7310765 7310877 4990930 7310765 7310601 7310961 7980857 7310877 4990363 9350765 7310430
3730891 7310601 1940973 7310129 7310419 7310891 2370973 3730765 3730981 6350928 3730601 6760646 8190419 6760646 7980765 7310669 7310571 7310564 6350891 9350114 3730296 4610857 5370201 6350601 7310564 9350700 8190571 1030829 250942 3730833 9350765 5370829 8790200 5370829 9350937 5370161 7310404 5370835 5370829 5370877 9350765 1030829 7310931 7980209 7310984 9350177 8190942 6760877 9350114 6760177 7310161 7310984 7310765 7980973 9350129 4990765 6760601 8190829 3730386 4330857 3731002 3730200 7980973 3730877 7310560 3731023 1030363 3730829 6350177 9350114 4880973 1030229 1030829 1030857 7310404 7311007 1030638 7310891 7310601 3730229 1760973 6350928 5370200 3730829 7310214 9350765 6760601 8190519 9350765 2760857 3730114 3731002 8790857 5370877 6760765 3730241 5370266 7310404 9350765 8190201 8190741 3730765 6350481 1030835 4880973 7310404 4880973 381010 380638 9400973 9400973 4880973 9400973 5111023 7940973 380638 380638 4880857 4880973 7310772 4880973 7310700 3730404 6350266 10220857 6760419 5370687 6350916 6350961 8190829 8190765 8190571 8190877 8790857 9350646 6350765 8190371 6350959 9350415 8190765 8190424 6350114 5370877 1030829 1030419 7310404 1030993 6760646 3730601 7980601 7980404 7310765 7940973 9400973 1940973 7310802 7310891 7310765 6760601 8190888 6760601 6760646 8190829 6350765 6760481 6350560 8190765 5370877 8190877 9350765 9350114 9070282 8790200 6760700 7310564 5110214 7310404 9350700 6760601 9350765 6760942 8790857 6350114 8190829 5370812 6350114 8190829 6760601 3730841 6760841 3730404 6760481 3730404 3730266 6761023 4330857 5370877 9350687 6760743 6350404 9350504 5370859 4570857 6760969 8190419 9350700 9350102 9350483 3730241 9350937 8790200 8190877 6760974 6990857 6760177 6350404 8190765 9350700 5370266 8790857 6760564 9400973 7310516 7640857 7310363 7310916 5370829 6350937 5370829 3730571 7310129 4610652 4880973 380004 4880973 7310601 7310772 7980973 7310296 1030765 9070646 5370200 3250200 8190765 6350601 10110857 6760363 6350404 6760646 8790200 8190942 6760961 4630928 9350891 9350765 9350859 3730229 6760601 1030282 7310129 381010 380004 7310177 9071002 230857 7310700 7310601 7310864 4610857 6660580 6660888 6350937 6761007 3251023 6760601 6990857 9350765 8190765 6350371 6350741 6350571 6760363 6350942 6350571 6350937 6760928 6350765 9350765 8190877 3250200 8191023 6351021 6760363 6760564 6350646 6350571 6760765 9350700 6760765 6760859 6350937 6760916 6350872 8190894 6760436 6350700 8190571 6760363 6350700 6350916 6760601 6350700 8790200 6350700 6760601 6350571 6760419 3730043 8190419 9350700 8190765 9350114 6350829 5370812 9350687 6760601 3730700 6350959 6760700 4570857 6760891
3390994 7310651 8190765 3730981 8190765 3730700 8190765 1030877 1030601 7310601 8190964 8190942 9350102 4910200 4910200 8190942 6350177 8190285 6760646 4910200 8190765 8190829 6760601 3730974 8790857 6760564 1030877 6350916 8190765 3250129 5370877 8790974 8190564 8190961 3730765 6760601 8190835 4910200 8190877 5370877 10110857 1030601 4630114 6760693 8190765 7530564 8790857 6350916 3730200 6990481 7531023 9790646 5370829 9670857 6760942 7310669 8190765 4910200 8190829 4630829 8790177 8190877 6760601 6760916 8190765 6760266 8790857 8790857 7530226 4330857 4910481 4330601 8190752 9350177 8190765 6760564 8790857 3730519 6760693 8190419 8790857 6760700 6760296 9671023 9350564 8790857 1030877 3730870 3730137 6350916 8790857 6350404 3250857 8190765 4910200 3730241 6760601 3730404 9350765 6760266 8190765 3730974 6760646 1030835 4910857 8790857 6350601 6760700 7980973 5370835 3730601 3250857 3251023 8190877 8190229 8190829 8190942 8790857 6350404 8190564 1030114 9350564 8190829 8190296 6351023 8190877 8790857 5370877 8790857 8190877 1450973 3730364 3730974 8190942 9350765 8190519 9350700 8190829 6350765 8790857 8190891 6760601 6350916 3730229 8190564 4910200 9350564 8190229 8190409 8190419 9350700 3730404 7310651 3730137 2760857 8190765 8190877 6760646 3731023 6990481 8790857 8190877 6760700 6770601 3730981 250930 4910200 3730404 6760177 6990481 6350765 6760700 8790857 8190877 3730981 9350765 4910481 6760229 2760857 4330857 6760564 3730114 4630829 4330404 6760942 8190229 1760973 6760601 9350913 4910200 3730981 3730829 8190765 6350765 6761023 5370870 3730404 8190765 6760693 8190877 8790857 8190483 9350646 4910200 3730601 5370419 8190752 3250857 8190765 2760857 3730994 6760296 3730296 3730404 8190765 3730928 8190765 3730993 3730829 3250857 4910481 3730981 2760857 4910200 9350700 8790891 1030700 8790891 8190870 4910200 6760877 8190765 8190829 8190877 6990481 6350601 3730700 6760601 6990481 8790857 6760564 8790857 6760974 2760857 8190829 9350937 6350177 5370877 8190765 8190877 8190765 6760877 3250916 8190765 8190765 9350870 10110646 8790857 6760646 8790857 6760942 8790857 9350765 8190829 1030857 4610857 7311010 2370973 1030638 6350114 6760519 6350114 6760177 9671023 8190829 8190765 8190829 8190942 9671023 4630829 6760564 6990481 8190419 8190942 3730601 8190877 8190877 6760765 8790857 8190877 8790857 6760693 8190765 8190877 6990857 8190765 6760765 8190877 1030114 8190296 6990857 9350765 9350765 8190877 6760646 3730765 6760646 6760601 6760924 250571 6760693 3730404 6760693 4330765 7531023 6350765 8190829 6760601 1030292 6760564 8790652 7530564 1030114 9671023 8190829 4910200 8190564 2760857 8190419 6990857 9350700 8190765 250571 3730404 8190829 8790857 8790857 6760601 4910200 3730241 8190419 3250857 6760857 8790857 3730601 10111023 8190877 8190942 6350601 3250857 8190765 7310564 5370829 3730765 4330404 4910200 4630419 3730829 3250857 8190765 4910481 9350700 8790974 8190870 4330404 5370880 9350669 8790200 8190765 3730004 6760564 8190741 8190829 6760693
7310601 5370200 6760693 5370201 5370564 6350765 6760601 9350700 5370201 6760765 4330765 1030829 7310601 8190829 5370829 6770404 3730519 3730137 5370266 1030993 5370419 8190877 3730241 2760877 6760693 7310765 5370877 5370859 6760877 4330404 8790857 8190201 6760601 6760880 6350765 6760601 5370266 1030877 9350765 3730765 6351023 6760693 9350765 5370200 9340973 9350114 5370161 3730114 3730519 3731023 6760177 8190942 3730765 7770857 3251023 9070646 7310483 9350177 3730519 3730877 6760296 5370877 3730404 9350700 6350129 4910200 3730241 6761002 6350916 4330765 5370877 4330404 3730772 6760942 8190765 3251023 1030571 7310533 7310177 6760266 8190829 8190296 6350646 6760481 7310161 9350177 7310519 6761023 2760857 3730942 6760177 4880973 6350419 5370266 5370829 6760877 9350114 1030282 6350916 3730829 7310601 6350765 9350114 6760877 3730200 3730177 3730928 3730241 6760829 5370829 3730877 6760942 3730829 3731002 3730229 5370829 3731002 3730687 9350937 6350177 8190571 6760601 1030282 6760765 6760177 7980601 5370200 1030601 6760266 6761023 7310765 1030266 10111023 6760296 6760928 6760601 7980973 7310651 6760693 3730229 7310229 1030877 3730981 6760296 3730114 6760236 3730229 7310177 9350700 9350765 6760601 3730200 3730386 7310651 3730177 1030282 10111023 3730564 3730241 6760481 3730241 5370829 6760266 7940973 7310404 7310601 6760700 9350765 3730700 6760829 4330930 3730404 8190829 1030877 3730404 6350765 6350129 3730241 9350765 5370896 7310765 8190296 4330857 6760601 1030857 7310601 6760700 3731007 6350765 6350700 9350415 3730114 6760601 1030835 7310765 3730601 6350601 6760700 3730891 3730422 6760857 6350404 5370829 3730829 3730765 5370894 7310564 4630114 3730386 6761002 6350404 6350404 8190419 3730829 6760857 250200 8190519 6760296 6760646 8190519 6760601 6350404 8190765 6760693 3730974 4630928 2760877 9350114 3730841 4990857 3730549 9350430 3730700 8790857 7980973 3730765 6760961 3730296 7310601 3730765 6350601 1030937 1030877 3730241 6350601 4330404 8190765 1030948 7310229 5370829 3730404 6350601 2760404 6760942 6760419 7310564 3730419 9350564 4630114 2760700 8190564 9350669 5370877 7310916 5370829 3730829 7310765 3730137 1030913 9350765 9350765 7980973 3730137 3730404 7310177 6760930 6350916 3730928 6760877 2760404 8190419 6760601 8190266 6760700 8190877 6350765 5370877 8190296 7310669 3730765 6760942 7310891 6350765 3730829 8190942 3730114 8190419 1030877 6760236 4330601 5370200 6760842 7310841 8190071 6760765 6350872 7310564 5370877 6350114 3730363 6350646 7310731 7310765 7310227 3731002 6760601 6760916 6350646 5370877 4330765 3730229 1030772 4330601 7310227 3730974 7980765 2370973 7311007 3731023 7310227 7980765 6761007 3250200 8190891 6660601 5371007 6760564 6760765 6761007 2760829 6761007 6760993 8190829 6760646 8791007 6760857 4910200 9350177 7310415 6760842 4990857 5370877 3730419 3730241 7310920 7310430 7310601 9350700 8190419 9350765 1030404 6760296 3730814 4991007 4990363 7310937 4330857 7310877 7310601 1030282 7310765 3730531 6760942 9350859 3730137 6760942 3731007 1030601 9070646 3730229 3730137 8190942 9350114 8190829 3730564 6350177 7310564 3730601 3730404 3730601 1030835 4330857 7310601 3730700 3730404 3730241 3730519 3730241 7980973 7311021 6760877 7980973 3730404 3730419 8190877 6760481 6350177 7310564 6760961 5370772 4880973 3730296 7980973 6770404 7310177 5370829 3730519
3730229 3730296 3730564 3730229 6760564 3730959 4910481 6760481 3730266 7310483 5370266 7310214 7310214 7310969 7310601 7310564 3730829 7311021 7310948 5370877 3730404 1030829 1030877 8190266 9350114 7310564 1030404 1030829 3730601 8190765 3730877 6761023 3730177 7310564 1030835 7310765 1030877 7310129 3730765 7310601 3730404 3730765 3730296 6760102 3730994 3730296 3730404 8190765 1030877 1030877 6761023 7310765 10111023 3730829 7310564 7980973 3730829 3730700 7980973 1030419 1030700 7310651 3730531 381010 4880973 4880973 7310161 7310700 7310937 3730419 3730981 3730177 6760236 7980404 3730829 7310601 3730200 7310601 1030363 7310669 7980973 7311021 7310436 6760891 6350857 2370601 7310700 7310404 3730200 7980973 3730785 7310177 3730229 3730877 1030993 3730519 3730601 7310004 7310959 3730296 4630833 7310765 3730241 7311021 3730531 7310765 7310601 4880973 7310601 7310564 3730419 6351023 7310986 7980973 9071002 7310466 7980973 3730601 6760236 3730229 3730419 7310651 1030430 7310564 6760229 3730814 6760229 1030601 3730564 7310129 3730419 6760646 8720857 7980973 7310601 6350580 6351023 3730580 7310669 6760841 1030404 7310986 3730241 7980177 6760207 3730177 7310601 7310129 3730877 7310404 6760857 3731002 1030765 7310161 3730404 2370973 7310177 6350601 9350177 6350571 8720857 7310405 6760601 1030404 6350765 5370829 6760772 3730241 6760601 3730229 3730296 6760785 3730229 3730829 3730898 6760829 6761023 3730928 6760700 6350601 7310986 6760177 7310483 5370829 3730114 3730829 2370973 6350404 7980177 3730404 9350765 6760564 4330404 3730765 6760646 7310214 8190877 7310466 6350829 6760891 6350829 3730942 6760177 7310948 6760646 8190201 7310601 1030829 6760601 6760891 7310404 9350870 3730241 3730296 6761023 6350114 1030877 3730981 7310114 1030877 7310404 6760177 3730241 8790857 8190877 6760481 6770601 6771010 7310114 1030601 6760785 2370973 2370601 6761002 6350177 3730981 9350765 3730829 3730877 3730296 3730404 6350601 6760857 3730829 3730700 6760891 3730419 3730571 3730229 3730363 6350564 7980973 7311007 6760942 3730974 3730829 5370877 3731023 3730829 6760877 3730404 3730419 6760481 3730004 3731002 6760601 3730765 1030993 3730981 6760177 6760646 3730404 3730765 7310877 7980973 7980765 7980404 3730601 6760973 3730241 6760601 3730765 2370973 3730765 7980601 7770857 7310984 7980765 6760857 7310765 3730942 7980973 2370973 6350601 3730937 7310601 7310564 7310651 9350729 2370973 3730229 7310669 3730404 6350601 7980209 3730928 7310601 6760857 3730229 6350765 6760236 3730404 3731002 6760296 8190765 1030877 3731002 8190765 7310564 3730404 6350765 3730829 7310533 3730404 9350201 8190424 6350114 3730404 6350765 8190877 3730200 3730177 3730137 7310227 4910481 1030765 6760481 3730177 5370877 7310415 5370266 3730296 7310937 6351023 7310177 3730785 3730829 1030877 3730519 7310601 1030200 7980404 3730519 6760601 2760200 3731023 7310986 6760857 7310430 7310564 3730404 1030877 3730601 3730266 7980177 1030638 3730969 5370829 6760236 6351023 7980973 3730601 3730700 6760924 3730765 10110857 380004 6351023 3730241 6760601 9350700 3730891 7310765 6350857 7310161 1030638 9070646 1030404 7310765 7980601 6760652 3730765 7980857 3730516 7310765 3731002 3730785 3730772 3730137 3730404 9350765 3730601 7310227 7310601 6760857 3730765 3730296 7310765 3730137 3730928 7310651 6760601 3730404 3730241 8790857 3731007 7310700 3730519 7980973 3731002 3730229 3730601 9350700 7310129 7310601 6760772 3730564 3730829 6760877 3730877 6350652 3731002 6760772 6350177 6761023 3730229 6760601 3730177 6350916 7310986 3731002 6760942 7310986 7310404 7310765 3730601 7310941 3730961 1030114 6350129 6760296 3731002 3730765 5370877 5370200 6760601 7980404 5370419 7980601 3730829 5370829 3730765 8190296 3730981 3730765 7310229 3730829 6760857 7310841 8190419 9350564 3730241 3731002 3730564 6350765 1760973 8190877 3731007 3731002 5370877 6760564 3730404 8190564 7310229 7310601 5370877 6760102 3731002 3730404 8790857 7310214 8190296 6760973 3730772 3730937 4330404 5370829 3730177 3250857 7980765 3730877 3730404 9350765 3730266 3730772 8190296 6760266 8790857 3730200 6350765 5370266 6760646 6350857 6760765 6760857 8190266 6760765 1030638 3730981 3730765 4630877 7310404 3730891 6760296 3730942 8190765 3730601 3730993 3730601 6760229 6760236 3730229 2370973 7310161 7310651 3730296 7310483 7310651 3730241 3730404 3730419 3730700 3730241 3730877 2370973 3730404 4631007 7310984 3730404 5370419 8190877
1030292 1030700 7310404 9350177 8790177 8790974 7530483 7530226 7530872 4720404 3250877 10220942 8790729 6760177 3250877 9670646 7530483 3250916 4910200 4910481 4910481 8790544 4910200 3250916 4910200 3730942 6350829 9350564 7310229 3730241 250282 3250857 6990481 6991002 6990481 7530226 4910200 4720877 4910481 4910481 10110646 6990481 6990481 7530859 7530483 6990481 7530483 5370729 8190765 9350765 10221023 8790544 6990481 9670646 8790891 9350114 9350296 6990729 3250937 4910481 4910200 4910481 6990481 4910200 8790891 4910200 9671023 3250363 4720404 4910961 4910200 3250937 4910481 4910200 6990481 7531023 9670646 8790959 9670646 8790544 4910200 6990481 3250877 8790544 8190942 2760404 9350959 5370877 9350765 5370829 3250363 4910200 3250857 8750928 7530564 8870419 6760960 6770404 8790544 8870414 9670646 8790857 8870419 3250877 8870205 4910519 3250006 4570646 2760114 7531023 6990857 8190765 4910200 3250857 8790891 8190765 4910481 4910200 9760200 8790544 4910200 9670646 8790891 4910200 4910200 4910200 4910200 9670646 4910481 4910481 8870564 3250857 4910200 4910200 4910481 4910200 4910200
9760371 7530371 2280857 2081023 3701023 8190959 4630877 9340973 3730266 8190829 8870571 3730930 8190160 3250363 8870772 9041007 9350544 4630833 3730765 5370772 6991007 3250772 9350891 3470200 7790772 7530772 8870772 9040772 4720877 520877 6990481 8870924 3950729 3250937 6041007 7790829 4720765 7530226 4720942 3250937 9040961 3250772 7790877 2760772 9671023 3250857 8190937 8190371 8190516 9350754 8190765 8870772 8790809 7310404 10220857 6760177 9350580 6040580 2760772 3250772 2081023 520877 520687 9350560 10220942 8790891 7530729 9040785 8190993 6760993 3250937 10110857 7310841 8790200 7530729 7530200 7530205
5370829 3730716 9350891 8190519 9350102 5370841 4630200 3731002 9350700 8190891 3730229 6760419 3730646 5370829 3730981 6760601 3730519 9350114 8190266 6760891 5370687 6350404 6760481 8720857 6760973 6760960 6350891 6760896 5370894 6760564 3730601 9350891 3730571 8190687 6760226 7310809 8190859 6760177 3730114 5370841 6350959 5370841 3730959 5370200 9350891 5370835 6350891 3730981 9350161 7310404 6350700 3730981 1030601 1030913 7310483 1030114 1030282 1030114 7980973 9350802 7980114 3730981 7310161 1030292 1030857 3730200 1030829 7980177 7980973 4330857 3730765 5370200 7770857 1760973 3730981 6760564 3730137 5370877 3730601 3730993 3731002 6350928 5370829 6760857 8190765 3730177 7980973 9350102 3730729 6350700 7980700 6760877 5370419 8190296 3730241 5370829 3730941 7980973 7310404 7980973 7310161 4330601 7310601 3731007 5370200 6350601 6760961 7980973 6760693 8190765 5370829 9350102 3730993 3730981 9350765 3730241 6350404 3730386 5370564 9350765 5370200 9350700 5370419 5370859 3730829 1760973 5370829 8190829 9350765 3730004 9350765 8190424 3730177 7980973 1030419 7310765 7311021 7310700 1030928 1030829 1030363 1030266 7310177 4880973 1030829 7310564 7310564 6350646 9350765 3730700 4330765 1030266 6760177 5370419 8190969 9350802 6760646 3730601 9350765 1030282 3730601 7640857 7310752 6760772 6760765 6350601 6760859 3730241 3730841 8190419 3730571 6350564 1030829 9350564 9350765 3730430 6350601 6350857 8190942 3730859 7310601 6760857 6350571 7310404 10221023 6761023 7310693 6760177 6760646 6350700 7770857 6760114 8190266 8190419 3731002 8190942 6350481 9350891 5370687 8190829 6760646 6351023 6760857 6350646 6761007 1030404 5370518 9350859 7310436 6760177 3730700 9350177 7980973 9350765 3730137 8190765 8790200 3731002 3730974 6350959 6760969 6350114 4990857 3730282 5370841 9350564 7980404 9350114 7310809 7310841 9350419 6351023 6760516 6351023 9350571 6760363 6350404 9350415 7310037 7980973 6350177 1760973 6350700 6760857 6760829 7980973 6351023 3730241 5370687 1030282 6760765 6760891 3731002 6760857 9350415 6760266 6761002 9350516 3730601 3730959 6771010 5370829 5370729 3730519 3730841 2370973 3730601 6760601 4330601 5370200 3730241 3730829 7980404 7310693 4990601 6760891 5370518 5370266 3730228 6760942 5370841 5370859 7310430 6351021 6760652 3731002 7310363 7310765 9350937 3731002 6760481 6350829 7980973 6760891 1030928 7980973 1030969 7310436 3730974 5370518 6760891 7310859 4920973 7310770 10110857 6760765 7770857 7310129 6760974 6350177 7310004 6351023 1030993 6760859 5370201 7310404 3730841 6760693 7640857 7310916 6760207 7310436 6760877 7980973 7310959 6760859 3730969 9350974 7310405 7980973 6350114 6760363 3730519 7310859 6350961 7310404 6760835 7640857 6350916 3730241 3730981 7980973 6350700 1030993 3730205 6760857 7310266 5370200 7980700 1030266 7310772 6350700 7310669 7310436 6350937 6761023 5370829 6760857 5370200 4990857 9350700 6760601 6350857 6760481 7980765 7980973 5370200 6350959 1030829 7980601 7980973 6760973 9350700
3390994 4630930 4630829 3730941 3730404 3730941 8190829 6760564 6350646 3730700 9350102 8191023 8190785 3730404 3730646 8190829 3730928 6760601 8190371 6760114 8190765 3730981 8190518 6760924 8190765 6760942 3730564 8190765 8190765 8190571 3730942 4630404 8190942 3730404 8190765 6760928 8190419 3730877 8190419 4630877 3730430 9350700 8190765 3730877 8190891 5370877 3730601 8190891 4630829 8190519 3730993 9350114 8790857 8190877 8190942 9350765 8190296 8790857 3730241 3730993 8190937 8190942 8190765 9350177 8190409 4630229 8190942 6760765 8190942 8190765 3730765 3730993 8190424 8190942 6350959 5370829 8190043 8190424 3730841 8190419 6760857 8190829 6760841 8190765 3730601 8190942 8190266 8190829 6990857 8190942 9350177 8190687 8190829 8190765 6760646 9350114 8190829 6760646 8190419 9350646 9350765 3730404 8190829 8790857 3730765 6760646 9350765 3730137 5370829 8190285 6760601 9350700 8190765 3730404 5370841 3730765 8190937 8790857 6760942 8190765 6760723 4630877 3250857 3730137 3730137 3730404 9350765 6760560 3730928 2760857 8190765 8190961 6350646 6350857 5370829 8190829 3730993 8190877 8190765 8790857 250200 4630571 8190765 6350646 8190687 8191002 3730993 6760646 9350765 8190877 8190765 9350765 4630877 9350564 9350765 9350564 8190571 6760924 8790857 3730137 3730877 6760114 6760857 8790857 9350114 5370829 6760646 8190765 8190266 8190564 8190765 3730137 3250857 6760857 6760646 3250857 8190765 5370741 8190961 6350646 6760857 8190829 3730700 8790857 3730137 3250857 6760646 6760765 6760857 8190829 3730765 6760516 8190942 3730716 8190829 3730700 8190765 3730700 8190765 3730877 8190765 3730993 6760916 9350564 8190518 3730993 8190296 8190296 8190765 3730241 3730993 6760700 8190772 3730137 4630928 3730114 6760601 8190942 8190229 8190765 6760601 3730114 3731002 3250857 3730993 8190942 6760646 9350765 3730430 6760942 6760601 8190942 9350114 8790857 8190829 8190942 6350419 4990857 9350419 9350430 9350564 4630877 8190765 8190571 8190772 3730981 3730829 8190765 8190765 3730993 3730601 9760857 8190765 8190942 9350765 8190877 8190419 4630404 6350891 8190829 8190419 8190877 3250937 8190765 6760857 3730430 3730241 9350161 3730114 3730241 4910481 8190942 3730114 6760601 6760942 8190687 6760646 8190765 3730829 8190765 8190765 3730959 8190765 9350646 9350765 8190646 8190266 8790857 8790857 8190829 9350765 8190571 8190765 5370877 8190765 8190571 8190877 8190296 3250857 8790857 8790857 6760646 8190687 4630404 9350114 6760601 9350765 9350937 3730993 8190829 9350700 8190765 8190266 4320857 8190859 8190564 8190765 8190765 4630829 4910481 8790857 8190877 6760601 8190829 8190646 8190765 8190419 9350765 9350564 9350765 5370564 9350700 8790857 8190942 6760646 8190571 8190564 3250857 8190765 6760700 8190765 1030292 9350700 3730241 6350942 8190829 8190518
3730177 4630877 4630404 3730928 3730941 3730700 3730891 3730241 4630200 3730959 4630877 3730404 3730177 3730601 6760693 3731002 4630419 3730928 5370201 3730601 3730564 4630200 3730601 1760973 8190765 3730241 3730928 6760481 7311021 4990114 9350296 7980404 7310114 6760857 3730601 6760973 3730928 6760177 3730993 3730974 1760973 3730564 3730519 3730241 3730200 3730229 3730700 3730114 4330857 3730564 3730114 3730241 3730200 1030948 3730829 3730941 3730404 3730177 3730700 3730404 3730241 3731023 3730241 3730177 3730942 7310129 7980973 3730898 3730404 3730177 2370973 3730404 3730419 3730580 3730363 3730404 3730877 3730519 3730765 7310533 1760973 3730891 3730877 1030282 9350177 1030282 3730419 3730700 6760829 6351023 3730942 7310214 3730980 3730785 7980973 3730241 3730700 1030765 3730829 3731023 3730404 3730700 3730891 3730601 4630200 3730404 7310931 6760916 6760829 3730928 6760916 3730859 7310483 3730891 3730296 1760973 3730404 3730601 3730404 3730601 8190419 4630877 8190765 3730928 3730177 8190877 8190201 3730404 1030765 3730877 3730404 4630282 3730404 3730404 3730877 3730891 3730974 3730981 3730974 3730981 6350177 3730601 3730765 3730877 3730700 6760969 9350859 6351023 6760419 3730700 1030765 3730419 3730942 3730981 3730404 3730601 3730114 3730700 3731002 4630200 6760646 3730404 6760835 7770857 6760114 6350857 3730937 6760601 3730404 3731002 3730942 3730693 5370829 3730404 3730687 3730404 3730177 3730404 3730177 6350560 6760857 6350114 7310564 6760842 7310765 6761007 7310984 9350201 6760930 3730841 3730363 7980601 3730765 8190296 3730765 3730928 3730693 4330857 6760857 3731023 7310669 3730700 3730765 3730564 3730891 6760857 8790857 4630829 3730564 9350765 3730601 6350891 4630571 3730404 3730601 3730200 3730404 3730601 3730564 1030404 3730601 3730974 3730404 8190829 3730974 3730891 3730765 3730564 3730114 3730564 3730241 3730765 3730700 3730928 3730981 3730646 3730877 3730404 7310938 7311021 6760857 6350857 3730941 3730841 6760857 8190765 3730241 3730177 3730877 3730580 3730177 7310564 3730765 3730877 3730404 7310651 3730601 3730241 3730571 3730363 7310560 3730601 3730363 6770601 7310941 3730229 6760516 4990857 9350114 6350700 9350765 3730519 8190942 3730765 3730601 3730519 8190765 3730296 3730942 3730974 3730430 4630229 6350177 3730700 6350891 3730414 9350102 3730404 6350601 7980973 1760973 3730363 3730580 3730765 3730241 3730601 6760564 4630404 3730419 4630829 6760226 4630404 3730646 6760601 6760601 6350404 8190419 8190877 9350765 7310941 6350765 4630829 6760601 8190765 8190765 3730137 3730137 6350496 6760601 8190765 8190829 3250857 8190419 6760226 6760765 4630928 8190765 3730646 8790857 8190564 8790857 4630829 8190877 8190765 3730404 9350129 3730765 8190973 8190765 3730700 9350765 3730993 8190877 3730765 6760646 3730765 8190877 8190765 3730601 8190859 6350857 7770857 3731023 3730137 3730404 3730841 3730601 3730981 3730765 3730601 3730941 3730404 3730829 8190961 7640857 7770857 6760580 6350601 6760942 6760177 8190942 8190071 3730829 6760928 8190765 3730601 8190877 8190571 8190859 8190266 3730700 4630404 6760857 3730137 8190296 6350646 8190419 8190765 4330857 3730765 8190266 8190829 3730519 3730765 4630571 3730924 8190765 6760601 4630404 3730137 3730564 8190765 6760601 4630371 8190765 4910857 4910200 8190765 3730601 3730564 8190765 8190877 8190409 8190765 3730646 8790857 3730877 8190942 3730765 8190571 6350601 3730404 6351021 6760646 3730601 6760994 8190765 3730993 6350404 8190765 8190877 4630404 6760961 8190937 8190687 8190859 4910200 8190765 3730993 8190765 8190765 9350937 9350891 9350564 3730993 8190942 3730993 8190942 3730114 3730601 4630928 8190829 4630877 6760646 3730877 9350580 3730404 8190829 3730993 3730601 8190877 8190765 3730404 8190859 8190564 8190765 6760601 8190266 3730114 8190877 4630404 8190765 8190942 8190765 8190765 3730601 8190765 8190765 3250371 8190201 8190765 4910857 4910200 3730700 8190942 8190913 8190877 6040857
7310228 7310466 7310877 7311010 7310877 7310371 7310969 4991023 7310601 9791002 7310405 7310960 9350859 7310937 7310533 6760829 3250857 3730419 4990601 7310404 7310632 9070984 7980973 9350176 9350043 8790857 8190942 3730765 9350891 3730716 8190877 3730404 8190829 6760942 6760961 4990601 7311021 6760229 6350700 5370752 8190829 9350114 6760942 4880973 6760857 2760114 6760601 6760646 8790200 6760700 8190765 6760877 9350177 8790857 8190371 9350700 8190765 8790857 6760877 8190765 3730430 8190829 6350765 5370877 6350959 6760841 3730241 3250857 8190765 8790857 8190877 3730765 9070646 8190765 8190829 8190765 5370266 7310765 8190942 8790857 5370877 6760601 6760177 3250857 8190772 3250200 8190765 8190877 8790857 8190571 3730137 6760693 3730700 9350765 8190877 8190829 8190229 6350601 9350043 8190829 8190829 9350937 8190937 6350177 6350177 8190829 6760942 8190829 8190872 8790857 6760601 9350114 5370266 6350114 6350765 2760857 8190765 5370877 6350959 8190419 9350765 10111023 8190571 4910200 3730981 8190765 6760693 6760880 6760700 8190942 9350114 6760601 9350114 9350483 4630114 9350765 5370829 5370371 8190829 8190765 6760226 8190829 5370877 6350419 5370877 8190765 8190877 8190765 6760601 6760880 8190877 8190765 8190765 5370877 8190765 8190765 8190829 8190877 1030835 6350765 8190859 5370841 6350891 3730266 3730114 8190877 6760973 6760942 8790857 6760646 5370266 6760177 7310993 9350894 6760973 10110857 9350564 8790857 6760942 10110857 3730404 8190571 6760928 5370829 6350114 8190829 6760601 8190419 5370200 8190765 9350700 6760857 9350859 5370877 1030928 8190266 8190877 3730993 8190043 8790857 10110646 1030877 8190266 8190765 8190877 3250200 4630765 6760693 9350765 8190877 8790857 6760693 250371 2760857 6760646 8190942 8790857 5370877 8190646 8790891 8790857 6760693 9350959 3730928 8790891 6760601 9350937 6350601 8190877 5370419 8190829 8190765 3730829 9350564 9350114 5370829 10080857 7311021 6350481 6760700 7310580 7310404 6760177 7310891 1940973 6350404 9350765 8190266 8190765 6760601 9350765 2760404 8190765 8790200 6350891 3730241 8190829 8190765 9350700 8190765 8190296 6760229 8190877 6760646 6760859 6350891 8190829 3730993 6760564 5370829 6760877 6760723 7310687 7310564 7310687 7310363 6350942 6350942 6350646 6350942 6760687 9760200 6350959 6350571 10220857 250741 7310651 5370481 1030292 4880973 380638 4880973 4880973 380004 380292 4880973 4880973 4880973 4880973 4880973 2370973 7310959 6761023 1030404 5370896 8790857 8190877 8190859 6350601 8790857 8790857 8790857 6760942 9350161 9350859 7770601 4990363 8790200 6760601 6761002 3730765 1030282 7310564 6760228 8190229 7310114 6760765 9350177 6760765 8190829 6760700 9350765 6760646 3730993 8190765 8190877 8190877 8190571 9350114 3730137 6350404 6350404 6350700 9350765 5370841 8190877 8790857 9350114 6760646 8190765 6760646 9350765 6760700 6760419 381010 380004 4880973 380004 7310177 7310564 9350937 6760669 8790857
8790857 8190266 4910481 3250857 8190765 2760114 6760601 6990481 5370877 8190419 8190877 6990481 6990857 5370829 1030877 1030404 1030601 1030877 1030404 4630877 7310404 4330765 7310941 3730404 5370419 1030877 1030829 1030877 7310129 7310177 1030877 1030571 7310161 3730241 1030419 7310601 8190765 4910200 6760646 8190877 4910200 4910481 8190765 4911002 8790891 8190765 8190765 3730177 2370973 3730296 6350891 9350700 8790200 6760700 8190419 4910200 8190229 8190560 6990481 10220857 9350700 6350700 7770601 6350114 1361023 8190859 9350114 6760564 8190942 6350114 4910200 6760693 7310601 6350916 9350700 5370743 7310993 6760601 6760841 3730601 7310229 1030829 380638 7310419 6760891 9350765 8190564 6760646 8190829 3730519 8190419 8190266 3730177 9350564 3730870 3730241 1760973 1030114 3730114 7310564 1030829 1030829 1030292 7310404 2370973 7310214 7310888 7310071 4990888 4990870 7310770 7310700 7310877 4990404 5370200 7310928 4990601 4990765 7310877 7310993 9350687 7310942 3730785 1030772 1030928 6760785 1030765 1030993 6760974 8190877 6770601 5370200 9350564 3730177 6760236 1030857 1030829 6350930 3730829 1030266 3730177 3730200 7310129 4880973 2370973 4880973 6760102 3730961 8190829 6760296 4990700 3730993 3730765 8190877 6350177 4630829 6760942 5370266 3730765 6350601 6760601 6761007 1030993 7310669 3730981 7980973 4330601 4330930 1030419 6770601 6770404 7310765 1030282 7310765 9350114 6760601 6350765 3730974 8790200 3250200 10110646 3730765 3730993 8190409 3730241 1030877 6760296 6350765 1030580 6760601 8790857 250580 8790974 2370973 4610857 4880973 4880973 7310772 4880973 7310765 3730200 3730229 7310601 5370877 6760765 7310601 3730700 3730891 7310601 1030877 3730229 9070857 7980973 2760700 4990700 8190229 8790857 9350212 6760601 7770765 9671023 6760652 7310564 4990404 6760266 2760404 10221023 3250857 6760430 6760226 9350765 9671023 8190419 6760942 6990481 8190266 4910200 8190765 8790857 9350802 7310419 9790973 6350961 5110765 7310948 1940973 6350371 6770371 5110829 7310404 4990960 7310669 4990765 9350700 9350114 3250857 8190765 8190877 9350765 7310227 7310533 4880973 380292 7310037 2370973 4880973 9400973 7310841 6760743 7310770 7310959 7310891 7310564 2370973 4330930 7980601 7310404 7310601 3730765 6761023 3730564 6760601 9350937 6760942 4330765 3730765 1030877 1030877 4330857 4330601 1030114 4330601 6760961 8190829 6760700 4910481 10110857 8190765 6760961 8190877 3730601 2370973 7310129 1030419 4880973 4880973 4880973 1030200 1030877 1030765 7310601 3730266 7310601 4990404 9350802 9350741 3250857 6760266 9350114 9350419 8190229 10220857 10140924 9350483 9350859 8190765 8790857 8190765 9760200 8790200 6760601 8190516 8190829 8790857 8190942 9670857 6760601 8790857
8190994 3680973 6760973 6760973 8190419 8190942 9350765 3730137 4630404 3730765 8190973 9350700 8190765 3250857 8190937 6760564 8190229 8190829 8190765 3730137 3730993 6760371 9350700 8190891 9350564 3730601 8190564 6760646 8190765 6760646 6760177 4630877 3730177 9350177 8190937 9350700 8190829 5370877 6760857 8190765 8190266 8190765 5370841 8190829 6350959 6760601 6760601 5370880 6760841 9350765 8190942 6760601 6760693 9350765 5370877 3730229 8190942 6350916 8190772 8190266 3250877 8190765 10220857 6350700 1361023 9350765 3250857 6760700 6760601 6760877 8190765 9350959 6760693 8190765 8190829 9350114 6761023 8190765 6350765 6760601 8190687 9350114 8190296 8190829 6760942 8190765 6760765 8190877 8190765 6350601 6350765 9350700 8190229 6760601 3730829 8190424 6760700 9671023 8190859 8190877 6760646 9350564 9350765 9350765 6760646 6760519 8790857 8790200 5370877 8790652 3730430 8190877 2760765 8190877 8190765 6760564 8190765 6760601 6350404 8190765 3730137 6760564 8790857 8190937 6760859 8790891 6760857 8190942 8790857 6350177 6350404 8190765 6350601 9350700 8790857 6350646 3730404 9671023 3680973 2370973 7310419 6760752 8190829 6760601 3730601 8790200 8190877 8790200 9350700 8190765 7310430 6760601 8190877 3250129 5370877 3250857 3730765 6760928 7310651 6770404 9350765 7310601 3250857 9350114 6760601 7310564 7980973 7310161 7310114 6351023 7980601 6760236 7310651 1030700 4880973 7310161 1030282 7310891 7310601 3730981 1030282 3730177 7310564 3730229 7310959 3730974 6760229 3730241 3730043 3730404 3731023 3730241 6350177 6760857 7310891 3730601 3730601 7310651 1030877 3730404 3730177 3730969 7980973 3730177 6760857 3731023 9350114 6760857 7310282 7311010 7310969 7310404 6760877 4990765 7980973 7310829 6760481 6350419 6350765 6760877 7310227 9350114 3730229 7310580 7311007 7310282 7980114 7310993 7310700 4990857 7310601 7310765 4990601 7310571 7310669 7310969 6760601 5370200 7980973 4990857 3730241 7310829 7310765 4610857 5110282 7310419 7310765 7310214 7310282 7310404 9350974 7310969 7310928 7310765 7310747 7310282 5370829 7310877 4990857 7310841 4990404 7310959 7310877 7310941 5110004 7310829 5110004 7310920 8330857 7310114 7310729 4990404 7310765 7310841 6350891 7310877 6760857 7310928 9070282 9350700 6350646 9350700 8790857 5370877 3730114 7310161 6760785 3730200 4330601 6761023 1030282 3730177 3730519 3730200 1030404 7310601 6760564 8190835 4571023 8790200 6760564 9350102 7310214 4990700 4990363 9350571 9350114 6760646 1940973 1940973 7310363 1940973 5110646 7310266 7310857 7310404 7310877 1940973 5110812 4610857 9400973 5111023 5110004 7310601 7310877 6760481 5110601 7310114 7310282 7310765 7310404 1030282 7310229 7310601 7310564 3730241 7310564 6770601 6760481 7310564 7310519 3730898 9350700 6760891 6350177 6760601 6760102 7311007 7310404 5370829 6760841 1940973 3730177 1940973 9350580 7980973 9350870 7980601 6760266 8790652 7310227 3730820 6760226 3730580 9350114 3250857 8190877 6760266 3730765 8190765 3730519 6760601 3730114 1030601 6760700 7310765 9400973 380004 380638 7310891 1030829 7310519 1030404 6770601 2370973 7310161 7310765 5370877 6760601 3730937 3730177 7310114 8190829
3730994 7310227 3730894 3730829 6760973 3730229 3730296 8190877 6350891 7310292 1940973 7310829 7310292 6760481 7310601 6760973 6350601 6760928 9350700 7310229 3730419 6350877 3730229 6350177 7310942 8190266 6760942 8790857 7310693 7310829 7310857 7080973 1940973 7311010 7310700 6350404 7310765 5370877 8190829 9350700 8190371 6760877 8190877 3730177 8190765 8190877 8190829 4910200 8190765 8190765 8790857 8190877 8790835 5370877 9791002 1940973 1940973 7310829 5110004 1940973 7310571 7310829 7310700 7310993 7980973 6350916 9350700 8790857 7980209 8190877 6760891 8190564 9350765 8190829 9350646 6350404 7310177 6760857 9350765 5111023 7310857 7980973 7310564 3730229 5370829 3730877 9400973 7940973 1940973 1940973 7310829 1940973 5110161 7310729 7310571 7310404 9350571 6760601 6760693 6350652 3730877 3730981 8190765 6760646 8790652 8790200 7310601 6350114 7310161 1940973 7310984 5110601 5110872 5110549 7310363 7310765 7310430 7310564 7310229 7310961 7310404 7310961 7310877 10110857 7310564 5110004 1940973 5110370 5110370 5110004 1940973 7310829 7310829 1940973 7310772 7310829 5110646 5110004 7310282 7310404 7310601 7980765 7310601 7310404 5110004 1940993 7310114 6350601 7310404 3230857 3730877 7310404 7310765 7310877 7310601 7310404 4090973 7310765 6760296 9350700 6760765 6760765 6350601 7310877 7310765 7310580 6270652 7310419 7310984 9070984 9350964 4571023 6760700 6760857 7310601 6761002 7310841 7310601 7310404 7310928 7310483 7310835 7310937 9350177 7310877 7310404 9350419 7310601 9350765 6350937 6350877 7770857 6350829 9350415 4610857 7310829 7310942 7310752 7310829 4610857 7310102 7310564 1940973 6760877 7310959 9350043 6760229 7310700 6760942 4990765 7310601 7310564 6760857 7310916 7310601 7310404 7310404 7310601 5370964 6350829 9350700 3250857 7310993 7310601 7310700 7980973 7310765 7980601 7310564 7310700 7310835 6350601 7770942 8190859 6760646 9350765 6760961 8190829 8790200 6760646 3730981 8790200 6760877 8190752 8790200 6350877 8190877 9350687 6350114 7530161 8190913 9671023 8790857 6350765 8190877 8190877 8190765 8190765 4910200 4630877 8190942 8190829 9760200 8190829 8190877 9760200 6990481 8190564 6990481 8190937 8190877 2760877 8190877 3250857 9350765 3251023 8790857 3730765 3730296 8190765 8190829 4910200 8190765 9760481 8790857 4910200 4910200 6760693 4910200 3250363 3730765 8790891 4910200 8190942 8190564 4910481 8190765 8190430 9350430 6990481 8190829 3250857 8790857 8790177 8790891 8190296 7530161 6990481 8790857 8190877 8190564 8790857 8190877 8190859 8190877 8190765 9350765 4720404 9350765 4910200 8790857 8190877 8190765 8190942 8190765 4910200 8190891 8790891 9350700 4910200 8190765 6760916 8190829 9671023 8790161 8190741 6760601 3251023 8790857 7530161 8790544 8190877 8790857 8790974 8191002 9760129 4910481 8190765 3730296 8190564 8790857 3250200 8190564 4910481 6990481 6990481 8190564 6990481 8190877 8790857 8190942 4910481 6990481 3730004 8190877 8190877 6990857 4880973 8790857
5370877 4630229 8190765 8190419 7770601 3730596 3730137 8790857 4910200 4910200 3250857 6350765 3251023 6990481 8190877 8790835 5370564 3250363 4910481 8190564 6990481 8190765 6760564 9671023 5370564 6990481 8190877 5370877 8190419 8190942 5370877 7310404 6760177 7310693 4990765 6760430 9350765 7310564 9350765 4910200 7310564 8790857 3730981 9350564 8190229 8190829 6350891 7310693 8190765 8190765 7310601 7310916 7311007 9400973 7310102 7310519 3730419 7310404 1940973 1030877 7310129 7310043 7310404 5110765 1940973 7310266 7310415 5110004 5110812 5110430 7310404 7310952 6350646 8190765 8790857 7790857 8790857 4910857 8190942 4910200 3730177 6990481 8190765 8190942 4910200 9350564 8190229 8790177 6760928 5370829 6990481 3730177 5370564 3730765 9350765 6760601 7530161 8190859 8190765 8190765 7530200 6760765 3730137 6350765 10111023 9350765 8790974 3730137 6760693 6350916 5370564 4330857 8190829 6760564 9350891 6760994 5370877 6760229 8190942 6760177 5370877 7310601 7310891 7310571 7310161 7310835 7310829 7980973 7310877 7310916 7310405 6760481 9350114 9350765 9350765 9350700 6350765 3730137 3730114 2760877 6760601 3730765 8190765 8190877 6760601 5370741 9350114 5110129 7310601 7310857 7310229 7310161 7310415 7310601 1940973 7940973 5490973 5110129 1940973 7310937 7310841 7310049 7310969 7980765 7310564 4880857 7310765 7980973 3730229 7310601 7310404 7980973 7980973 7310266 7310829 7310363 7310601 6350404 3731007 7310877 7310404 7310419 7310404 7310765 7310700 7310765 7310419 7980973 7310161 7310601 5110549 7310292 7310765 7310601 7310812 7310669 7310266 7310765 6760829 7310266 7310765 7310993 7310928 7310404 7310765 7310601 7310888 7310601 7310700 6350419 7310129 7310829 6761007 7310765 6760857 3730229 7310969 7770765 7310430 7310891 7310829 7310877 1940973 7310877 6350404 7310829 7310859 7310601 7310004 6760969 7980973 7310430 7310601 7310404 7310430 4990363 6760765 7310430 7310937 6350928 6760601 9350765 7310363 7980177 3730296 7310405 7310877 6760877 3730981 10111023 8190419 9350765 4330601 9350765 6760207 6760765 7310651 5370877 6761007 6350114 6760601 9350700 10110646 8790857 8190942 6350916 5370564 6350829 3730241 9350564 8190687 6350601 6350404 5370829 3730241 8190829 5370877 6760228 8190829 5370877 6990481 8190829 8790177 3730765 6760601 6760102 3730993 8190877 8190266 9350765 8190296 7310227 9350177 6761023 8190877 5370266 8790857 1030404 9350765 6760700 6350765 6760207 8790857 6760601 5370266 6760765 8190296 3730981 6350891 3730877 10110404 3730241 6760942 7310229 7310601 3250857 8190829 9350700 8190765 8190829 8190564 6350404 4910200 9350700 6760601 8190829 3730877 8190765 5370829 3730137 4330404 4910200 3731002 8790891 6760601 8190646 8190829 2760857 8190765 8190765 8190765 5370877 5370877 4330404 8190891 5370877 3730765 8190765 8190877 8190942 8790200 6760601 10111023 9350765 6350601 6760564 8790857 5370829 9350564 4330601 6760177 8190877 8190829 6760564 6990857 5370829 6760700 4910200 6760646 6350177 9350700 5370877 8190877 3730772 6760877 4330765 8190296 9671023 5370877 8790857 6760928 6760646 6350765 1361023 6760601 2760404 4910481 6760481 6760765 8790857 10111023 8190942 6760765 8190942 6350765 6760942 8190859
8790809 9350859 6350959 3250363 3250857 7531023 9350937 8790857 6760973 6760652 6760993 910841 9040350 6350646 9350959 5370870 6761002 9350891 7980973 5370835 3730460 3730877 1030292 7310669 1030638 1030857 7311021 3730043 7310857 3730870 7311021 3730282 6350870 8190571 8190969 8190960 8790857 8190937 9040785 8790200 7530177 6760646 6760942 5370870 4920973 3250371 5110004 7310371 9831023 8870560 6350857 8190937 7310229 5370266 5370371 6760993 10140560 9350870 7310373 7770857 6760942 3730363 6350937 6350404 7980973 4720363 7530859 4910200 7310571 6350942 6991002 4720942 6760859 9350937 7530226 9350859 7530859 3250363 8750928 7310049 3700923 6760363 6760700 3250006 7530859 7530920 3250363 9040229 3250880 7530483 8190859 7311021 2760841 3250200 3250363 7530859 6770993 730937 6040580 2760928 8790580 8870580 6760114
7310693 5370201 3730430 8190973 8190891 8190973 3730765 8190877 3730596 3730137 1030404 3730137 1030948 5370829 3730700 5370200 1760973 4630877 3730596 3730877 3730404 3730974 4630829 3730430 1760973 9350177 7310601 3730200 4330857 5370829 3730519 1030419 1030114 7310177 3731002 7310114 4880973 1030292 7310296 7310564 5370419 6760973 4330765 3730601 4330404 3730404 3730601 3730266 4630928 3730241 3730114 1030829 3730942 5370419 5370266 8190829 3730877 4630404 8190877 4630877 380004 4880973 4880973 1030580 2370973 1030829 1030404 1030829 3730941 3730404 7980177 5370200 380004 4880973 1030877 3730519 3730601 3730404 3730419 3730404 8190765 3730564 8190829 3730430 8190877 8190765 8190571 5370877 3731002 3730829 3730981 6350829 3730961 3730700 8190765 9350161 7980973 3730296 3730404 3730765 1030765 7310601 4880973 4880973 4880973 1030857 7310891 1030829 7310129 7980973 7310669 3730981 9350765 3730241 9350114 3730765 7310601 3730765 6760646 3730404 8190765 3730200 3730928 8190942 3730228 3730993 4630829 5370877 3730601 3730185 3730993 8190409 3730993 3730601 8190564 8190266 8190829 6760601 3730419 4630516 3730404 8190942 3730993 3730765 4630516 8190877 9350564 3730241 9350114 6350916 3730228 3730200 3730829 4630200 3730241 4330601 2370973 1030404 5370877 3730404 1030282 1030829 6760973 6760177 8190877 6760916 8190765 4960973 1030282 4880973 4880973 4880973 4880973 7310564 3730765 7310729 1030266 7310004 9350802 4630229 7640857 7310809 6760877 6760481 7310516 6760770 7310937 3730765 7310888 7980973 9400973 7310466 4880973 7310207 4880973 2370973 7310941 7310891 7310669 7310941 6760419 3730765 6760601 6760363 6350916 6760601 9350161 9350765 6350829 3730942 3731002 8190877 4630928 8190571 8790857 3730765 8190937 3730765 4630877 8190571 8190942 3730870 8190266 4630282 3730519 6760601 6350959 3730891 6350601 4630928 3730404 4630928 3730700 3730363 3730993 3730700 8190765 3730765 9350700 3730404 4630419 8190419 8190071 3730942 8190483 9350114 8190859 8190942 3730765 3730841 3730937 8190266 4910857 4630877 8190765 4630200 8190571 8190765 3730928 3730993 8190765 3730241 3730841 8190877 3730993 8190891 8190687 3730114 3730937 6761023 6760924 6760481 3730646 8190687 6760857 4630371 3731002 8190942 8790857 9350891 8190829 8190765 8190371 3730646 8190765 8190942 8190571 6760601 8790857 6760928 8190942 7310601 7310564 3730282 8190942 3730241 8190829 3731002 4910200 3730404 6761002 3730430 8190937 3730601 8190571 6760601 4630942 3730829 3730404 9350571 7310161 9350669 8790857 9350161 3730994 6350891 6760430 3730601 3730404 8190864 8190942 9350176 9350177 7310959 9350765 6350928 3730687 6760430 3730974 3730601 3730981 9350859 3730564 3730229 3730941 6350961 6760177 3730601 3730646 3730928 8190765 8190937 3730820 3730646 9350430 9350177 3730993 9350564 3730363 8190419 3730241 8190942 3730404 3730994 3730928 1760973 6761023 3730241 6760872 9350419 3730765 3730241 6760765 3730928 9350859 6760942 6760687 6760872 3730928 4990071 8190752 5370266 6760430 3730241 9350765 3730700 3730765 6760177 9350765 4630200 8190419 8190371 3730891 8190765 8190765 9350896 3730646 3730765 5370877 3730404 8190765 9350896 3730765 6760765 3730646 8190266 8190765 3730363 9350114 8190765 6760857 3730928 3730859 9350114 8190877 3730941 8190891 3730363 3730959 6760601 3730928 7310483 6760414 6760601 3730386 6760857 7310693 9350161 9350700 6760765 8190896 3730993 3731002 6760942 9350894 3730700 3730519 7310809 6350646 3730993 7310984 3730928 9350700 3730765 3731002 3730137 8190877 3730937 3730601 3730404 6760646 3730961 3730928 3730994 3730891 3730928
7531023 7530870 5110560 9710928 2750043 3930812 910928 7240969 9040969 7530564 3250363 8790880 910841 7770601 3230836 10110043 2760894 730687 730833 7310049 2750212 3700857 8790888 8190888 520687 4720961 3950282 9350700 910687 3730765 8190571 3250200 7310984 910114 6760564 8190687 4910200 6350687 3700896 9350430 8790519 9350700 9350894 10140496 7640857 8710891 8870419 3250504 7530859 6350916 6350928 6351021 3730941 8190419 4720942 910700 9350646 8870282 7790228
4920973 8720857 7530200 7310969 4991007 9350419 910796 9350859 9350646 9350580 8190961 7310941 9350419 9350516 7770857 7310928 1940973 7640857 6760363 7770857 8790729 9350924 1940973 9350859 7980973 9710200 9350114 6770924 9350687 8190896 7790580 7310765 3250987 3230928 7980973 7310880 7310571 7310419 6760200 7310841 7940973 7310752 7310924 1940973 7310282 7310571 7310880 7640857 7310571 7311007 7311007 9350043 7770857 730741 2750872 9350924 8870924 6770741 5370741 8870424 6660350 3700741 9710414 3700923 3470924 8190741 8870872 910928 4630930 5370772 3700350 3391007 7310292 9400973 4920973 7640857 9350752 910857 7530200 9350859 7310571 3730228 3250363 8870043 4990928 4990857 3250200 7530560 3700043 7940973 730363 4720841 5110549 4920973 8790652 5370835 5370841 7530880
1030857 3731023 7980973 1031010 1030928 3730200 1030282 3730370 4920973 7311007 7980973 1940973 3730729 7980973 3730700 530004 3730228 1030282 3731007 1030282 3731002 1760973 3731002 1030282 3731002 1030292 1030993 7980973 1760973 1030700 3730200 3731002 3730200 4630200 1030292 3730519 4990752 7311010 7310669 3730299 3730741 7310669 1030638 7980973 3731002 7980973 2370973 1030857 3730729 5370419 1030292 1030928 3730228 3731002 3730200 3731023 5370200 3730200 1760973 7980973 1030282 1030292 1030282 3730519 3730519 3730241 7310161 1030430 3731002 3730004 3730937 1030282 7310483 8720857 3730200 3730531 6760961 3730363 3731023 3730241 3731002 1030266 4630200 1030043 5370419 3730386 1760973 3730700 3730200 1031002 1760973 1030638 3730841 1030419 3731002 1030646 1760973 3730299 1030948 3731007 7980114 3731002 4610857 9400973 7080973 7310430 7310835 3730519 7310835 7311010 9350571 3730941 3730519 3731002 1030993 1030282 3730937 5370841 1031002 3730299 3730200 1030835 6350481 3731023 7310700 3730961 5370200 3731023 3730200 3731002 1760973 3731002 3731002 1760973 7310207 1030282 1030282 3731002 1030841 3730941 6351007 7310266 7311007 7310006 7310228 3730228 4920973 7980973 6760430 7980973 3730870 3730386 7980973 1030913 7980973 3731002 1760973 1760973 7980700 6270857 6350857 6350857 7311007 5110004 7310835 7310560 3731002 7310205 6761007 7310872 7310415 7310937 10140371 4610652 4920973 7310430 7310765 3730241 1030282 3731023 1030841 1760973 3730961 3731002 1030961 1030993 3731023 3731023 7980973 5370841 5110872 3730864 4990752 7310004 7311010 6350371 7310993 7310984 6350961 7980973 7980973 7310841 5110571 4920973 7310519 7310350 7310754 6760519 7310653 9350765 7310560 6760930 3730422 6760560 3731002 6760857 1760973 4630200 7980700 5370841 7980973 5370961 5370266 5370424 1760973 3730200 7311021 6760891 6351023 7980973 7980973 5370200 3730519 3730519 1030937 5370859 3730386 7980973 8190424 7980973 3730386 1030282 5370200 5370835 1030913 3730700 3731002 5370200 7980209 1760973 6761002 5370200 7980973 7980973 1030638 7980973 1030961 5370200 3730814 1030282 7980973 1030282 5370200 4880973 7310492 7980973 7980974 7310729 1030969 7310207 7310363 7980700 5370200 3731002 5370859 5370772 7980973 5370200 1030993 3730974 4880973 1030200 4880973 4880973 4880973 380292 4880973 4880973 4880973 4610857 4880973 4880973 1030200 7980973 7310959 5370859 6760481 5371007 5370859 1760973 5370841 3731002 5370859 6760419 9350516 5370743 6760857 5370961 5370419 5370266 5370961 1760973 5370961 7980973 3730299 6351023 3730814 5370841 3730004 4630200 4630200 4630282 4720200 5370859 8190646 5370518 7770652 9350913 10140812 8190266 6760700 9350937 8790857 8190859 5370841 8190266 8191023 4630282 1760973 1760973 5370292 3730646 3731002 1030646 7980973 3731002 5370961 4630282 250580 8190646 5370729 4630282 5370841 6760226 5370835 5370841 4630200 8190994 8190228
1030928 3250857 9710200 9350114 3730229 9350571 6761023 9350700 9350765 7530859 3730241 4990043 9350415 8190870 2760841 6760928 6760646 4630913 1030928 1031010 1760973 7310693 6350930 9350937 8190870 5370964 6761002 9350176 5370859 250930 2760765 1030363 3730984 3730994 6760481 8790414 7310653 7310560 7310653 7310880 7980973 7310700 6350560 6760363 9350419 7530859 6760928 6760765 3250857 4630571 5370687 5370200 1030282 1030282 1031002 1030638 1030518 7980973 1030292 4880973 1030282 1030282 1030282 1030282 7310960 7310888 7310266 8720857 4990646 9350888 730870 10110371 4990404 9350959 6660560 730743 3950880 3251023 1030282 6760419 3730814 3730299 3731023 3730984 1030638 1760973 6270560 7310282 7530422 9350580 4990857 7310212 7310961 7310993 5370266 9350006 3250857 8190937 6760481 9350043 1030632 8191023 3950364 3950364 4630200 250424 5110266 5110004 7080973 4990857 8060973 1940973 440973 5110829 7310596 7310960 730743 9350896 5650560 6761002 7530544 7310471 5110372 7080973 5110864 7310571 7640857 1940371 6660371 7770857 6660741 9350896 7530371 910363 8871007 4040200 3230646 9040864 910200 4040200 8870228 3950870 4630282 6660006 3930371 5230984 9710741 5231023 8870741 9350859 8871007 7790937 7310466 8871007 3391007
7790282 8190896 5370841 4720363 4720841 4721023 8870228 7790857 7790969 7530580 730841 1031002 1030638 1030292 1030292 1030292 1030292 1030282 7980973 1030292 3731002 5370729 3250043 910700 7790913 4040580 3391007 4040200 6770928 4720363 1030646 1030984 1031002 7790857 4630200 250200 5370841 5370043 1030282 1030292 1030961 5370200 8191023 4630282 1760973 4630282 5370544 7980973 1030638 1030200 4880973 1030292 7310037 4880973 4880973 4880973 1030282 1030292 1030969 7980973 5370481 1760973 5370518 5370518 3700864 3930752 3930043 9711002 730969 7530043 4040043 4040043 2570043 2760700 7310995 6660743 10221023 3250580 1030200 4880973 1030292 4880973 1030200 4880973 4880973 1030292 1450973 1030292 1030638 1030292 1030292 1030984 1031002 8191023 250200 5370200 1030292 1030292 1030292 1030857 1030292 1030857 1030857 1031002
4040200 1030829 250894 5370894 250870 4300580 250580 250896 3950870 3950870 250993 3950870 4750870 250993 4630969 250364 3950364 5370870 7980973 3730241 3950364 5370870 2080870 3950870 4630870 7790930 1030994 6350916 7530870 7530870 2080894 7530870 530004 3730896 3730896 8190176
3700519 9350765 9350752 9350114 9350765 9350880 3700519 9350564 9350373 6660666 6660752 7310373 8710386 6660952 6660752 10110767 6660752 10110770 5490973 10110770 3930770 3930519 6660373 10110770 3930519 10140930 10110770 3930952 10110952 3930519 10110952 6660373 3700877 10110880 10110770 1760973 6660872 6760870 9760481 2760870 7530043 7530580 9350043 6350928 3250857 7310404 9791002 6660920 2760071 6350687 6350580 4721002 5370961 8600646 3470924 8790043 9760930 7310928 3730870 9350870 2080870 8870870 250870 8870870 250894 3390870 6760870 3730870 8190870 3730870 5370870 8190765 8190870 3950897 9040580 3950870 4750870 8550870 4880973 4721023
7790743 7790961 7790043 1030292 5370492 4040200 7790870 4750870 910729 910386 5370043 5371002 7790841 3230466 2081002 7980973 3730200 3731023 1030292 4630857 4630200 4630913 7310870 8190870 2080870 6040857 6040857 9350959 9350460 7310460 7790371 2760870 7310870 7310870 6760071 6660870 3250870 3250877 3700870 6660460 2370973 6760363
3950870 250870 7790870 250571 250896 3950870 7790870 3950870 7790870 4750870 9350646 9760857 8190959 4630200 2760964 6770930 7790857 3930752 9350602 730857 5370888 2081007 4630913 4720969 4630043 4630870
4630282 4720544 9040969 7790913 4721023 3390961 3700896 8871007 4040580 2760754 7790519 7790969 8870772 6760870 3390870 250144 3390870 4750870 4750870 520687 6760870 2760243 4720870 8870870 5370292 3391007 4630913 1030994 3391007
5370870 4750870 4750870 8870037 4630200 4630930 4720516 4720857 4720942 8551007 8341007 8600466 8190176 4720765 4300857 4750870 7310228 3731023 8190870 8550519 5490973 6350870 2760857 4630364 5370770 2761007 4720519 7790841 2760857 9040974 8550857 5370492 250729 10190961 3730043 4630200
4991002 730984 4040200 4040200 3390961 3390961 10190961 300996 9040961 4630928 5370961 1940973 910857 4040857 4720560 4720560 4630404 5490973 7310292 5110812 7980973 4990646 5370961 5370961 1030282 5370961 5370961 1030961 5370961 250961 1030282 2760200 250364 7310984 250961 4880973 7310492 1030638 440973 7310466 7310560 7310632 3731023 7980973 4630200 4630200 4630961 5370961 3390961 4630518 4630200 4630200 381010 1030282 1030160 4630200
8190870 250870 3390870 7790841 7790937 7790772 5370870 8190894 8190519 8190870 8190571 8190419 2760765 5490973 9400973 6350870 3730870 3390580 3950870 9710872 4040601 4720544 7790144 7310870 3730687 8190460 3470144 250687 3950870 7790937 8190964 4040601
8900466 8600772 4880973 5370492 5371007 4720961 4721023 4721023 4880973 1450973 250519 4040200 4040200 4990114 6760700 7790752 3730984 3950282 10220857 9710802 3250043 8190071 7790841 8870419 8870043 4720729 4570364 3930496 8710729 730492 5370729
10221023 8190571 4630404 8710043 7530859 4630404 4630928 4630857 4040859 6040857 4630765 4630200 3730898 1030282 5370266 7310228 9350544 7310161 5370419 5370200 8190765 8190266 5370200 4630877 3730700 5370877 6040857 8871007
4630200 1030408 250518 4630200 4630518 5371023 8190765 7310984 4990519 5370200 5370829 3730841 3730891 1030700 4630200 4630419 4630580 9350937 5370560 5371023 5370200 1030646 3950772 4631007 7310765 4630200 4630043 1030829 1030292 1030292 3730898 1760973 4630200 5370518 250200 1940973 8190888 8190969 4630282 5370200 1030993 5371023 4630518 4630200 4630200 5370841 7310984 5370729 5371023 5370518 250518 250200 4630200 250200 1030841 250424 7790841 1030969 1030282 5370729 7790841 4630200 1030282 250200 7310765 5371023 4630200 5370200 1030292 3950043 8190969 4040200 910857 8870212 3731002 8190913 4630200 5370772 5370772 5370518 250969 9350937 1760973 3731023 1030292 1030638 1030292 4630200 5370518 250772 3731002 3730466 3731023 4630043 1760973 4630200 1450973 4630200 3731023 5370544 4630930 4630930 1760973 5370801 250200 5371023 1030282 5370364 4630200 1031010 3950043 4630200 530004 1480973 1030292 1030961 7310177 1030928 1030292 1030292 1031010 4630043 250200 5370841 4630200 1760973 3730898 4630200 4630200 4630200 1760973 7310924 7310741 3730200 9350006 8870812 4630930 4630930 1030282 1760973 1030984 1030292 1030729 1030632 4630200 5370544
