205
null
3250937 8190765 8190409 3390960 4990812 10110969 4920973 4990857 7310564 7770857 5370964 9350419 7310765 10220857 3250877 2750857 9350441 3950960 8190937 7310743 9350176 730894 5650857 5371007 10110857 8790857 4990993 7310229 4990114 6350961 7530544 7530859 3731002 9350544 9350741 730896 7310942 7310959 9350741 8601002 2080743 4990114 6760419 9350894 3680973 8710964 8870571 8710891 9710200 8190964 8190859 5370896 3730964 9350114 3730752 1030292 3730200 3731002 8190071 8190964 3930200 5370841 3250504 9710894 8710414 4990741 9350888 9350894 8190888 3730941 6040857 910544 3250363 9710544 8710767 3470200 8190993 3950282 9710646 7790752 8870424 730364 730364
null
250518 4630200 1030857 4880973 7310632 7310984 1030419 1030282 5370870 250969 4630200 3730481 5370481 250969 1030993 1030320 5371023 5371023 5370200
4630928 4630928 3390961 8190516 8870974 5490973 1030993 5370364 250200 4960973 1030282 5370729 5370770 5370071 250424 250424 1031010 3731002 3731002 4630200 4630200 4630200 4630282 4630200 1031010 3950870 9350646 9350564 6770282 4991002 5370424 4990363 3731023 1030857 1031010 4630969 4720544 4720544 4630200 4630200 1030928 1030282 5370492 1030700 1030282 1030961 1030282 3731002 1030282 3730200 3730200 1030729 1030969 1030282 1030292 1030729 1030969 7980973 1031002 4630200 1030282 1030994 1030282 1030638 7980973 1030292 1030638 1030857 4880973 1030043 4880973 1030282 1030638 1030292 1030282 1030292 1030638 1030282 1030638 1030282 1030969 1030969 1030282 1030292 3731002 7980973 7980973 1030282 1030282 4880973 1030969 5370930 250424 9350114 730765 9400973 9350043 9350646 3700870
null
4041007
null
7310564 9350296 3680973 7310669 7310669 7310419 9350043 10110741 3930297 8870561 3700770 3930896 8790888 9830796 300870 9710870 5230870 8190870 8710857 10110364 8710942 9710987 8710519 3470743 8190071 4630571 4630772 6350928 6350601 230364 230176 5980772 7790571 2760564 2760363 230864 2760580 5650872 230364 230960 230364 230364 8710364 9760200 2760752 7530043 3250043 8190920 3930166 8710969 1550496 9760205 9710729 5230646 3930364 2760404 9710969 910422 910969 910937 3950924 4720544 9760980 6350114 8330006 4570364 730924 730371 5230492 910924 8600350 2760987 7310071 3730205 7310653 4630580 5370743 10110006 4720371 9710043 7790743 7790770 7790888 7790913 7790519 7790754 7790519 4720729 4720729 4720729 4720961 4720961 7790913 7790913 7790772 8550043 8790519 230364 6350043 6351007 6760741 230285 230923 2760765 5230043
9710752 8710961 7790897 3470782 3471007 9041007 4720580 4040580 9040969 9040580 7790913 4720969 2570043 2570580 9710765 3930575 6900205 9710961 8790888 5980414 4570646 4720857 9670364 9710960 9710205 7530580 8710752 3230752 230952 9710782 2760359 2760350 8711023 9760752 3250560 9420952 8710601 8710770 910752 4910200 6991007 4720829 910006 8711007 3230872 3700961 7531007 7790937 7530859 9710829 6760961 8190752 8190687 5370560 9710363 9670646 6990729 6990729 8710560 3730373 6660767 8710924 5230952 9710829 8710864 9710770 5230496 9710770 9710371 9710601 8710864 7530414 7310404 9350006 9350114 7530864 5230496 8710969 9710770 9710519 3470752 8710891 3950960 3950924 4040859 3950729 4630404 911023 3950371 5370961 250961 9760519 9760519 9760580 9760519 9760519 9760752 4300580 9760752 7790687 3950729
4720544 8870228 7790580 4720580 4720544 4720424 8550580 4720544 8551007 4720765 9040872 9041007 9761007 5650872 910114 910114 520969 9710969 910114 4040424 4320969 9040969 7790913 8550519 4720363 3950282 2570580 4750870 7790870 4720282 4720969 4720544 4720765 9041007 9041007 8551007 4720841 2570580 4720282 4720729 4720729 3230969 2760770 5650205 3930857 9760920 8790888 7530371 7790829 8710601 9710888 7530560 3930364 8710739 300872 8710350 9710205 7530350 3930880 2750796 3230404 10110404 8790580 10110770 8790544 10110872 8710601 9760924 9760205 910371 8710864 3470373 3700743 3470743 2760043 2760952 9760752 2760942 7790937
8710960 8710560 8710504 2080770 9710770 8190770 8190888 4320857 8190504 8190364 8190364 9710770 9710928 300006 5650812 9710729 7530560 9710363 9830812 3250371 1550212 6660212 6900504 8190414 9710701 3700212 3930812 9350571 10140653 3470857 8710872 2760995 9710894 9710285 230364 230412 2760205 5980770 3230752 3230770 8710580 8790414 8790741 6350580 2760462 230580 8810496 9710364 9710770 8710969 8710739 300767 3700364 9710496 8710516 8710364 9710770 9710571 910752 8600964 6900969 8600864 9710964 8190071 8190765 6990481
9710864 8710371 9710371 6900519 8710371 5230371 5230453 5230453 5230453 8710414 5230969 6900037 5230969 5650741 3930741 8790414 4720371 3250422 3250212 7240969 5230364 8710891 6990729 9760371 300560 300560 10110872 7530859 9710571 5230519 5230952 5230969 10110364 4570364 5230364 9710364 6350687 230364 9760071 2760687 3250580 9760580 7790894 3470580 9710386 9710205 7530414 4320969 9710363 4040859 4910519 3250363 6040519 300741 5830928
9710285 3700560 9040969 7530872 9710888 7530560 3250363 2280580
520857 9350809 5370829 9350913 10110560 7310436 6760481 6351023 3730241 6350964 6760961 6760743 5370841 2760937 5370770 250896 5370841 5370841 7790841 5370841 250200 5370200 250200 250200 250969 9350646 8870880 6270652 4990800 6040519 910363 4040424 2760114 9760964 2760458 9760772 7530350 10110364 8790364 9711007 9710961 3230285 6900772 1550212 5230772 6900864 5230364
3390994 5370752 3390960 3390888 9711007 9710414 230350 5230422 9710864 3930739 9710872 8710880 9710880 9040575 9040864 2760961 3250371 9710371 8710350 9710782 9710653 3250205 8870772 3470200 3230864 5230205 3230000 5650205 6580560 8710995 6660961 5230364 8190205 3230560 2080961 9760519 250942 2081023 2760458 4720516 3470504 3700896 300864 8790414 8600414 3470894 2760462 2911023 3700870 2760961 6760363 4720519 230959 730888 230364 230963 9710364 230991 2760948 2760071 230412 230770 230414 230924 5230338 9710580 2080285 2760375 7790752 3930812 8710864 7530205 9711023 8710961 8190071 9710857 9040857 5230729 7530371 9710350 300350 8710350 5230729 9710969 2760809 2760741 6660350 7530519 3250363 8710872 910363 7530414 2760687 8710043 3470743 3390752 3390888 5650864 8710864 8710364 9710963 3730371 8190741
8330006 8710995 8710864 6760752 8190960 9710516 910767 3250504 2760952 230596 730864 5230580 9710571 8710995 8710516 8330872 8710857 8710687 8330006 3230872 7530519 5230560 300880 9710571 8790652 8790652 8790652 8790652 9710516 4720571 4720404 230920 230920 2760687 2760504 2760770 2760516 6660872 730285 2760765 8790880 3930371 8710371 7530371 8190888 3930006 300969 7530350 8190006 7790571 4320481 6661007 8790364 8791007 3700961 4020984 6660969 6900969 5230767 8710371 8710560 4320969 8710386 3230960 2760441 2760371 2760580 3470580 6900560 8710364 8790812 8790812 1550037 8710872 910937
7530920 6760857 250772 8190364 7790857 9710363 8810496 230666 2760006 8711002 730920 5230809 8790857 8190765 8790414 10110364 5230739 9760205 3250006 3470812 2570580 3230414 3930364 3930964 3930888 730937 730364 7790364 7530859 9710752 9710923 5230770 7530560 2080430 3230575 8710205 3250006 3950371 5650205 6900969 3930386 3930743 6900920 8710857 7530880 3930872 910363 9710961
3390994 4630896 8710920 7790841 9710952 9710924 9710888 3700071 9710363 3700414 910937 4720519 4720772 6991007 9760987 9710772 7240969 4630114 5230492 520364 5230373 8710872 9710371 9710829 8710729 9710770 3700752 3700770 9710071 8710896 9710924 9710889 910741 910364 9710924 9710006 4720741 910364 4040859 4040859 5370200 6350937 6660752 6991007 9350964 8710987 8710364 2080961 6760888 3730782 8190888 910364 910414 4910961 3230969 8710386 9710071 9710770 9710752 9710729 8190765 8190364 3950364 9710646 3470580 8710437 8790888 2760363 9710829 8710729 8790880 2760114 2760114 230259 2760964 2760942 6660601 3230864 3230752 3230952 3230646 6041007 4720371 4720404 2570580 4300580 10190961 7790961 4040772 7790364 7790580 4720364 4040200 910544 4020872 3230371 3230772 3230646 2760516 2760942 230504 2760942 2760373 9710043 3470200 2760920 2760752 7530859 7530859 2760516 2760841 2760770 8710782 2760359 3470441 4040601 4040601 2760700 10110006 9350114 2760829 2760820 7790859 2081002 911023 5830928 2760363 2760841 2760937 2760829
4300857 4720516 8790741 7530564 8790729 8710770 8790812 7790571 4910200 3730266 3730571 4630765 8190266 4910857 4910200 4910857 4720363 2280857 4040859 6040580 4720363 6900560 6660350 6660350 5230492 6900872 9350350 10110006 5370812 730896 3730133 7310282 7980973 10140924 10040857 3441023 6660205 6660653 9710752 520687 9350114 5650924 10110969 2750836 8710601 8900496 8710404 4630829 3730765 4630829 4990942 4990857 7310405 4990700 5370292 5370894 8190969 5370888 9790961 6760961 4990857 4990857 9350913 9350419 6760481 9350729 9350729 520857 3950729 9760752 3730700 6760564 9350765 8710404 6760296
4570857 9710963 230412 3441023 9760930 10140993 7310986 7310561 6760857 8190973 6350765 9070984 9671023 3250857 6760877 9670857 300575 3730000 6760857 3730993 2080857 5650857 3441023 6760071 8790857 8190212 4320857 7310404 7310960 9350765 9350729 8790835 9350700 7530544 4630516 4630004 4630913 3730877 3730519 4630200 3730564 9350765 3731002 6760924 3700877 300560 8790857 4570646 8790729 6760857 3730266 8190571 7530872 4630765 8190564 4630913 4630928 10110812 6660043 230812 2760043 8790496 7790770 8710228 8790880 8790043 3250363 2080772 2080772 8340987 8600920 910544 910544 3230767 911023 910200 7790969 4040200 4040200 5650880 4910200 3250371 4990741 3930996 8710386 7310395 7310872 10110560 6580560 3930580 10110812 10010857 3250877 8190959 3950282 1920812 6660894 6660687 6660969 7310653 2911023 10140872 8710857 3730164 9830466 4020872 7530870 7531023 730363 9350071 9350114
7530891 3950729 6660741 8330872 6660453 9350687 6350752 230364 2760580 7770942 4990888 2750812 730729 730857 3930228 910857 3950729 6760942 8790857 3730299 3731002 3730241 9710872 9040864 250930 6760481 9670857 3930752 8790496 7310809 4990857 7310872 7310228 4990857 7310984 4990857 7310877 7310984 9350177 5370964 9350859 5370993 250961 7530544 8190424 8750928 9350687 9670857 4990601 7310877 4990071 9350419 1361023 8790729 9350700 9350228 9350729 9350896 3250043 9710772 3700043 3700772 9350880 7310561 4990743 4990160 3930857 9350894 911007 2081007 9040857 5370687 730969 8190969 7310833 8870205 4990752 9350859 4990857 7310419 5650857 7310928 7310404 7310743 7310835 4610652 7311007 4880973 6350857 9350888 8190894 8190765 8870974 8190765 530004 3730646 3730984 4630928 9350913 9350043 5370687 7310430 8060973 7310386 230888 8600743 8600743 8600200 9350743 4610857 1940973 7310877 6350870 6660741 5370964 5981023 9350894 7310580 6270857 4990857 7310741 6270857 4990942 7310960 4990857 9350071 4990363 7310693 3730782 9350161 7310984 7310765 10140205 7310350 7310729 9350974 10140043 7310282 8060973 3230200 6350928 9350937 3730571 9350516 9350937 910544 10140993 5370371 9350646 9350937 7310266 8330872 6760752
4040519 2081023 2080894 6660460 230350 2760043 2760942 230812 2760272 9710772 8190820 7090857 8190896 8191010 7090973 7090973 9350894 2080422 8870580 9710872 910414 9710741 3230646 3230872 9350006 6900872 2760864 9350872 6660995 5650560 2080857 3730673 8790857 8190961 8190043 8190894 3470743 8190920 9350752 3470043 8870920 8711023 8190782 5980043 8710743 8790177 3470458 8600743 2080430 7790877 3250363 3250363 3230812 3930205 1551002 6760371 2760516 3250363 10110770 10110770 7530729 300923 9710462 6350414 6900205 6900880 6660350 8710364 2760404 10110364 6350765 2760714 6991007 8790888 7530767 2760176 2760580 730841 7530371 1920996 6660996 6900422 230812 2760996 2760114 2760371 230560 2760205 9710601 8710404 231007 230872 230259 8790741 6990729 300739 3930741 3250371 8190741 8190942 4720571 8791007 3250006 3950371 5371007 4720857 4720371 4720857 4720544 4040601 3950729 5230872 3470924 3470334 8870812 4720877 4720205 2760928 6660796 6660770 9710071 300414 9710923 8190752 3730752 3730960 4630960 6761023 3730241 7310872 6760371 5370560 8190995 3730519 3730404 3391002 10220942 8790580
9070857 3730571 8190752 8790857 6760857 5981023 2760071 6660767 6350920 6660767 7310772 3730772 1940973 3730422 3730133 9070857 3730833 7311010 3730741 3730114 3730964 4630894 6580466 7310948 3730205 3730928 3731023 3730924 9710752 3230338 2760942 2760894 2760006 9710864 8790580 8710924 9710752 9710071 8330496 6660282 2081023 2760942 6350371 9350765 8870924 3700920 8190071 3950960 8790959 9760200 730580 3250580 9350580 9760580 9350687 5650414 730942 2760741 10101023 3441023 3930741 520857 731023 5650043 230872 2760942 8790519 4911002 7790516 7790571 6990580 4720765 6660580 730741 730857 730166 5230285 3730942 9760857 10101023 3730765 3730601 10110857 3930770 8710920 4630942 3441023 8790580 9070857 3730673 3730896 4630964 3730004 8190964 5650872 3700739 9710575 300560 300560 5230000 6900560 9710653 4910200 9350669 3250129 8190765 4630969 7790752 10110812 3470200 3230580 9710212 10110741 5230364 9790961 4571023 910114 3250371 3250880 2280580 4720363 8710857 6660006 3930701 6660752 7530880 6660770 6660864 6760857 3730767 3730888 3730519 8190071 5110166 10110043 9350924 8710741 8710770 8710920 8710987 9710857
7310635 7310635 7310635 7310652 7310652 7310266 7310652 7310585 3730652 7310635 7310652 7310652 1940993 3680652 7310585 7310652 6270635 6110652 7310652 5590652 5110166 7310652 6270635 6270635 3680652 7310652 5330652 7310652 1940652 7310652 6270652 7310049 7310652 5590652 3680652 7310652 7310049 7310652 7310652 7310877 7310652 7310829 3730266 7310419 7310984 7310571 7310993 7310601 7310282 7310841 7310205 7310114 7310282 7310652 7310049 7310205 7310765 7310404 6110652 7310652 7310877 7310266 7310652 8430652 6270652 7310859 6270652 7310993 7310928 10140205 7310571 5110045 7310877 7310652 7310652 7310652 5590652 7310652 5590652 7310266 5820652 1370652 7310652 5110283 10140652 6270652 5110800 6110652 6270652 7310371 7310652 7310652 7310835 7310928 7310652 7310371 9070652 7310652 7310652 7310652 7310585 8430652 5590652 8430652 6270652 7310835 7310770 7310571 7310835 6270652 7310652 7310652 7310652 7310652 9790652 7310652 7310652 6270652 7310571 7310266 6270652 5730652 7310205 6270652 7310877 4920652 7310652 6270652 8720652 7310833 1370652 7310471 7310652 5590652 7310765 7310652 7310835 7310652 6350652 7310266 7310652 7310693 7310652 7310404 7310652 7310214 7310266 7310652 6270652 7310371 7310652 6270652 7310652 5590652 5590652 7310938 3680652 7310419 7310752 10140652 5590652 7310114 7310889 7310741 7310652 7310652 7310652 3680652 6760652 7310419 7310652 7310652 7310652 7310635 7310635 7310635 7310652 8720652 7310652 7310652 5110931 7310652 7310652 6270635 6270635 7310652 3680652 6270635 7310652 7310635 7310585 6270635 5110993 7310652 7310652 7310652 7310652 7310652 7310652 6270652 1940993 7310652 7310652 7310652 7310652 7310652 7310652 1940652 7310652 7310266 7310652 7310652 7310652 7310652 7310266 7310877 7310652 7310652 7310889 7310652 7310652 7310652 7310652 7310652 7310652 7310114 7310652 10140652 7310205 7310835 7310652 7310635 7310652 8720635 7310635 7310635 5590635 7310652 7310266 6270635 7310585 7310652 7310652 7310282 1370652 7310652 5330652 9790652 7310652 7310877 7310635 7310571 7310635 7310585 7310635 7310635 7310635 7310635 7310635 1940635 7310652 7310652 7310652 6110652 7310652 7310829 7310652 7310652 7310635 7310652 7310635 7310635 7310652 7310652 7310571 7310652 7310652 7310585 7310835 7310419 7310652 5590635 6270635 7310652 6270652 6270652 5590652 8720652 6270635 4610652 7310652 5110880 6270652 7310419 7310938 7310652 8430652 7310652 7310652 1370652 7310652 7310585 5590652 7310652 7310877 7310652 7310652 7310652 9790652 7310652 7310652 7310652 7310419 7310652 7310829 7310635 7310635 5590635 7310635 7310635 5590635 3680652 5110984 7310585 7310635 7310585 7310829 5110652 7310652 5110931 5110652 5110430 6270635 5110564 7310585 5730652 6270652 7310652 5590652 7310652 7310571 7310829 7310652 7310371 7310652 7310635 1940652 7310635 7310635 7310635 7310635 7310635 7310652 7310652 7310652 7310635 7310652 7310652 7310652 7310266 5400652 7310652 7310652 7310585 7310266 7310635 7310652 6270635 5110561 7310652 6270635 6270635 7310585 6270635 6270635 6270635 7310635 7310652 5590635 7310652 6270652 8430652 8430652 7310993 7310652 10140652 7310859 7310829 7310652 7310266 7310877 7310652 7310652 1940993 7310652 7310266 7310835 6270652 7310829 7310404 6270652 7310571 6270652 5590652 8430652 10140652 7310266 9790652 7310652 7310652 7310652 7310942 7310829 7310652 6350652 7770652 10140652 7310928 5330652 7310282 7310635 7310635 7310635 7310635 7310635 7310635 7310635 7310635 7310635 1940652 7310652 7310652 7310652 6270635 9790652 1370652 7310282 7310652 6270635 6270635 6270635 7310371 5110350 6270652 4920652 3680652 6270635 7310652 7310652 4920652 7310652 7310635 7310652 7310652 7310635 8720635 7310652 7310635 7310635 7310635 7310635 7310635 7310635 7310635 7310635 7310635 7310635 7310635 7310635 7310652 7310635 7310652 8720635 7310635 7310635 7310652 1940635 7310652 6270635 7310635 1940652 7310877 7310652 7310652 6110652 4920652 1370652 6270652 6270652 6270652 7310829 7310652 7310652 5110561 8430635 7310635 7310205 3680652 7310652 7310652 7310652 9790652 7310877 7310652 7310652 7310700 8720652 9070652 7310266 7310877 5590652 6270652 7310812 6270652 6270635 6270635 5590635 7310635 6270635 7310635 7310635 5590652 7310652 6270635 7310652 7310652 7310652 7310635 7310635 7310652 7310635 7310635 7310635 7310635 7310635 7310635 7310635 7310635 7310635 7310635 7310652 7310652 7310652 7310652 7310835 7310652 7310652 5590652 7310635 7310835 6270635 7310652 9790652 7310635 7310266 7310419 6270635 7310833 7310652 7310635 7310652 7310652 6270635 8720635 7310652 7310652 7310652 7310652 7310635 3730652 7310652 7310835 3730571 7310635 5590652 9070652 7310652 6270635 9790652 7310652 7310266 6270635 7310652 6270635 1940993 7310652 7310229 8060652 6270635 6270635 5590652 1370652 5590652 6270635 7310635 7310635 5590652 6270635 6270635 5110652 7310635 7310635 6270635 7310635 7310585 7310635 7310635 7310652 7310652 7310652 7310652 7310652 7310652 7310652 7310652 3730652 6270635 7310652 7310266 7310652 7310652 9070652 5330652 7310652 9790652 8720652 7310571 6270652 7310282 6110652 5110004 7310652 5730652 6270635 7310652 6110652 8430652 7310404 6270652 4920652 10140652 7310889 10140422 7310829 7310993
5110652 7310635 7310652 1940652 7310652 1940652 7310652 7310652 7310471 7310652 5330652 5590635 9790652 7310889 9070652 7310652 7310652 7310652 6110652 7310471 7310471 7310652 7310652 7310282 3680652 7310652 5110931 7310652 7310652 6110652 5110560 1370652 6270635 7310652 9160652 6270652 6110652 7310571 5590652 6270652 10140652 7310829 7770652 3270652 7310652 6270652 7310800 7310071 7310993 7310960 7310049 7310829 7310652 10140652 6350652 7310652 7310363 7310571 7310652 7310652 7310652 7310765 10140652 7310652 7310652 7310635 7310652 7310652 7310652 7310652 7310652 7310652 7310652 7310652 7310471 6270635 7310471 10140652 7310859 6270652 7310571 6270652 7310928 7310483 7310877 5590652 10140652 5330652 7310205 7310938 7310652 7310564 7310829 5590652 7310916 8430652 6110652 9070652 7310829 7310652 7310049 7310652 7310652 7310652 7310266 7310652 7310652 7310652 7310652 7310585 7310652 7310916 6270635 7310652 4920652 7310835 7310652 5400652 8430652 6270635 5330652 7310877 6270635 7310877 6270652 7310652 7310652 7310266 7310829 7310652 9070652 7310652 7310471 7310635 6270635 7310635 7310635 7310652 7310635 7310635 7310652 7310471 3680652 7310652 7310652 7310652 7310652 7310635 7310652 7310635 7310635 7310635 7310652 5330652 7310652 7310652 7310419 7310652 6270652 7310266 7310938 7310266 6270652 7310652 7310652 5110652 7310635 5110635 6270635 1940635 7310471 7310635 7310635 7310652 9790652 8720635 7310635 7310652 7310652 7310652 7310652 7310652 7310652 7310635 7310652 7310652 7310652 7310652 7310652 7310635 7310635 7310635 7310635 7310635 7310635 7310635 7310652 7310652 7310635 7310635 7310635 5590635 7310635 7310635 7310635 8720635 6270635 7310741 7310652 4920652 7310282 7310652 6270635 7310835 6270635 7310652 3270635 6270635 9790652 6270635 7310282 7310652 3680652 8720635 5110214 7310652 7310585 7310266 7310635 7310652 7310266 5590635 7310635 7310652 7310635 7310635 5330652 7310652 7310635 7310635 7310635 7310635 7310635 7310635 7310635 7310652 7310652 7310635 7310635 7310635 7310635 7310635 7310635 7310635 7310635 7310635 7310635 7310635 7310635 7310635 7310635 7310635 7310635 7310635 7310652 7310635 7310635 6270635 7310635 5110635 7310635 7310635 7310635 5110560 7310635 7310635 5110635 5110635 5110635 6270635 6270635 7310371 6270635 7310571 6270635 8720652 6270635 7310471 7310652 7310829 7310984 1370652 7310877 7310652 7310652 7310471 7310652 7310404 9070652 7310635 7310652 7310652 7310652 7310652 7310960 7310652 6270635 7310266 7310652 6270652 7310652 6110652 7310652 7310652 6270635 7310652 5590652 5330652 7310652 6270635 1370652 6270635 7310571 7310652 5400652 7310652 7310049 6270652 7310635 7310652 9070652 7310652 7310652 7310652 7310652 7310652 7310652 7310652 7310585 7310635 7310652 7310652 7310652 7310652 7310266 7310652 7310266 9070652 7310652 6270652 7310049 5590652 7310652 1940652 7310938 7310877 7310652 7310049 5110993 5110634 7310635 7310585 7310652 5590635 6270635 6270635 7310585 7310266 1940652 5110984 7310371 7310652 7310652 7310585 7310835 7310652 7310652 9070652 6270652 7310229 1370652 6270652 7310833 5330652 7310266 10140652 7310652 6270652 7770652 7310877 7310282 6270635 6270635 6270635 7310652 6270635 8720652 7310371 6270652 7770652 7310652 7310652 7310652 7310931 7310652 7310652 9790652 9070652 7310652 7310841 7310835 7310652 6270652 7310841 10140205 7310571 6270857 6270652 7310571 5400652 6270652 7310282 9160652 6270652 6110652 1940993 6270652 3270652 6270652 6270652 3270652 6270652 4920652 5110004 5110004 5590652 8720652 6270635 6270635 5590652 6110652 6110652 7310266 7310363 7310829 7310888 7310928 7310938 6270652 8430652 7310942 7310829 7310404 5590652 3680652 7310404 7310652 7310937 7310765 7310196 1940993 7310371 7310942 7310937 7310809 7310601 7310371 7310371 7310114 6270560 7310700 7310419 7310363 7310969 7310266 7310835 7310829 6270196 7770857 10140652 6270652 7310877 5590652 7310652 1370652 5110471 7310635 8430635 7310471 7310471 6270635 7310652 5590652 5590652 6270652 6270652 7310571 6270652 7310835 6110652 7310996 7310859 6270652 7310282 6270652 7310993 7310266 7310937 6350371 7310350 7310877 7310571 7310765 7310700 7310969 10140652 7310916 7310877 10140652 5330652 7310049 6270652 7310363 9070652 7310266 8720652 9350888 7310829 7310841 6350829 3680973 7310984 9070765 7310571 7310601 7310419 7310937 7310700 7310214 7310700 7310049 9070652 7310561 7310841 7310969 7310889 7310993 7310571 6270652 7310419 7310969 7310652 5400652 7310635 7310652 6270635 5590635 7310471 7310571 7310652 10140652 7310652 6270635 7310635 7310652 7310635 7310652 7310652 7310652 7310635 7310635 7310635 7310635 7310652 7310652 7310652 7310635 7310652 7310635 7310652 7310635 7310652 7310585 7310652 3680652 7310652 7310635 7310652 7310652 7310585 7310652 7310652
7310196 5110196 7310196 7310196 7310196 7310196 7310196 7310196 5110872 7310196 7310196 7310196 7310196 7310652 7310652 7310585 1940652 7310585 7310635 7310635 5110635 5110635 5110635 1940635 7310585 5110635 5110635 7310652 5110652 7310635 7310635 7310635 6270635 7310635 7310652 7310585 7310652 7310516 3270652 6270652 7310471 6270652 7310652 6110652 7310652 5110471 7310652 5110635 7310635 7310266 3270635 6270635 5110471 7310635 5590635 5110471 7310266 6270196 6270652 7310652 1940652 7310652 7310585 7310877 7310770 7310652 7310635 1940635 7310635 7310635 7310635 5110635 7310635 7310635 6270635 7310635 5110635 7310635 7310635 7310635 7310635 7310635 7310652 7310635 5110635 1940635 7310635 7310635 7310635 7310635 7310652 7310652 7310419 3270652 7310743 6270652 6110652 7310635 7310635 7310471 7310635 7310471 5330652 6110652 7310266 5590652 7310652 7310471 7310471 7310471 7310635 7310471 7310471 7310471 7310471 6270635 7310635 8430635 5110471 5110471 5110471 7310635 7310635 5110635 7310635 7310635 7310471 7310471 5110471 3680471 5110471 7310471 5110635 5110471 5110471 7310471 6270635 7310471 5110471 7310471 7310635 7310471 7310471 7310471 7310471 5590635 7310471 6270635 7310571 7310942 6270635 7310471 7310652 6270652 5330652 6270635 7310471 7310829 7310471 7310471 7310571 7310471 6270635 5110471 5110471 3270635 5110395 5110395 5110931 7310471 7310652 5110471 6110652 5110635 7310471 6270652 6270652 7310877 7310743 5400652 7310652 7310835 7310652 7310652 5110931 7310652 7310652 1940652 7310635 5110214 5110635 7310635 1940635 5110635 7310471 1940635 5110635 7310635 5110635 7310635 1940652 7310652 7310652 7310652 7310652 7310585 7310652 7310829 7310652 7310049 7310877 7310196 5110880 7310419 1940993 6270196 7310571 7310196 7310196 7310419 1940196 7310504 7310652 5730652 9790652 5330652 6270652 3680652 6270652 3680652 6270652 1370652 7310049 4920652 7310877 7310419 4990652 7310404 1940973 6270652 7310652 7310419 7310652 7310835 7310571 7310829 7310282 1940652 7310571 7310835 7310282 7310877 7310049 4610652 7310071 7310205 6110652 7310419 5110633 6110652 7310800 5590857 7310835 7310937 7310928 9160652 7310196 7310196 6270196 7310196 7310196 7310938 7310601 7310652 1370652 7310585 7310652 7310585 7310652 7310585 7310652 5110984 7310652 7310585 7310652 1940652 10140652 7310652 6270635 7310585 7310652 7310652 1370652 5110561 7310652 7310938 7310829 7310652 7310859 7310114 7310571 7310960 7310282 10140930 7310196 1940196 7310938 7310196 7310196 7310877 5110745 5590652 7310266 5110931 7310419 7310652 5330652 7310282 7310741 7310571 7310266 7310196 1940196 7310049 7310877 7310282 7310829 7310877 7310049 7310877 7310969 10140652 6270652 6270652 7310585 7310585 8720652 5110993 7310652 7310652 1940652 7310282 6270652 7310829 4920652 7310752 1940196 7310770 7310196 1940196 7310196 1940196 7310196 7310196 7310585 5110652 7310652 6270652 5110652 7310635 5110635 5110635 5110635 5110652 7310585 5110635 5110635 7310635 1940635 7310635 7310635 7310635 5110635 5110635 7310635 1940652 7310585 7310652 7310829 7310363 5110483 7310373 7310196 7310196 7310196 7310196 7310196 7310835 7310196 7310196 1940993 7310652 7310652 7310266 7310652 7310652 7310859 7310419 7310652 7310652 7310652 7310652 7310652 7310652 7310652 7310652 7310652 6110652 7310835 7310652 10140652 7310585 3680652 7310652 7310585 7310652 5590652 1940652 7310960 1940652 5110564 7310266 7310652 7310938 6270196 6270196 6270196 5110924 1940196 6270196 1940196 7310371 7310419 7310833 7310196 7310282 7310049 7310196 6270196 6270196 5110564 1940196 6270196 7310196 5110561 7310829 6270652 7310743 7310071 5110993 7310652 8430652 7310585 7310652 7310652 7310652 6110652 7310282 7310652 4920652 6270652 7310880 7310282 7310371 1370652 8430652 1940652 9160652 4920652 7310266 5110984 4920652 6270652 7310829 6270652 7310282 1370652 4920652 6270652 7310652 7310829 6270196 7310363 5110652 7310635 6270635 8720635 7310635 7310652 7310652 7310652 7310585 6270652 6270652 6270635 5590471 7310471 7310652 7310371 7310829 6270652 6270635 7310635 7310635 7310635 7310635 7310635 7310635 7310635 7310471 5590635 7310471 6270635 7310471 7310471 6270471 7310880 6270652 9160652 10140652 7310859 6270471 7310471 6270471 8430652 7310266 7310652 7310471 8430652 10140652 7310471 7310471 6270635 7310471
730969 730969 910006 3230880 9710812 3950924 7790857 8870043 8870043 8870043 8870043 8870560 7790937 3950043 8870043 9350948 730857 730857 4720969 730948 3950282 730561 4720969 7790841 730043 8870282 8870930 730857 8870043 3950371 9350700 5370948 5370580 8870930 730857 8870580 8870930 730646 9350913 5370961 9350043 8870043 730857 730527 5370043 5370043 9350304 8870930 8870580 730857 5370371 4990646 9350930 730857 2750006 1551023 1550037 9350872 730741 730646 730371 8190741 730741 910560 9350930 3731002 3731002 9350930 9350930 5370930 730930 730857 9350043 730857 730363 730857 730857 730687 730942 2761002 9350114 9350160 5370930 9350930 730857 730930 2760930 2760928 8870043 730687 730857 730857 5370282 730646 10141002 9350930 730864 6900857 6901002 9350350 5231002 5231023 730729 8870043 730857 8870422 5370144 730857 7790857 730857 730857 730857 730857 9350460 9350646 4990993 730371 9350752 2750767 3931023 5230930 730496 3930283 730519 730000 730812 730371 730812 9350560 9350160 9710205 7790857 3230043 9710995 9350422 9710371 1551023 3930371 6660872 730924 5230043 8870043 8870580 9350580 3930371 5230872 10110872 8870580 730071 730857 730741 730942 2760580 730516 730371 730414 230809 730414 730285 9350752 2750414 9350561 6660501 9350414 3931023 730800 730633 9350880 3230212 730212 9710796 730800 3230880 730857 730767 9350752 2750496 8710857 730770 730841 730752 3250580 730770 230414 6901002 6900519 3230205 9710205 730996 9830422 8870205 6660000 7310812 3730580 3730304 7980973 8190205 5370580 9350765 730857 9350043 9350580 730857 730857 730857 9350414 5230504 730960 730363 3230952 8710767 910752 8710796 8870422 730770 8870424 3930422 730743 3230996 5230422 9350880 9350527 4990857 7310996 730857 230741 8870741 730857 9711002 730752 3230888 3230752 6660197 8711002 3700580 8870580 6660580 730752 8870580 6660422 730913 8870527 8870580 730205 2760205 2760812 9710739 9350527 730560 6660653 3930796 730812 9710739 6660304 730996 730504 2760782 730812 730841 730496 731007 9350560 730857 9350544 730857 8870930 9350580 9350687 9350894 9350228 9710829 730743 10011023 2081002 730896 8870424 230653 730043 230304 730000 9350894 5370043 730304 7530422 10110880 3730896 7980973 8190930 730857 730414 730857 7790829 730767 8870043 730496 8870043 730857 730770 4021023 9710527 3230527 300422 6660880 8870996 3700205 3230646 2760857 9350996 9350560 730857 730857 730812 730841 8870043 5370371 730857 9350894 3230996 2760371 730527 3230212 730700 8870772 730880 8870580 9711023 730653 7790371 8870560 9350580 5370371 730228 7790580 730857 8870043 5370043 730857 8870043 8870043 730646 8870043 7790580 7790829 7790282 7790282 8870518 8870043 730646 8870043 8870043 8870043 731023 730857 8870043 8870043 8870043 3950043 8870043 7790913 8870424 7790580 8870580 8870580 3950282 8871007 2761002 7790937 8870043 7790580 7790841 3250580 7980973 3730004 7980973 6350741 9350350 4720687 6660212 8190930 3930857 9350071 3930000 3700880 3930880 520964 3930561 3700205 3470334 8870924 9710729 3700924 3470580 3700741 9040961 8710176 3700770 9710350 9710888 300575 9710888 730796 730043 3700043 10110422 7790741 3250350 7790350 8870772 7790841 7790857 8190942 3700043 3700896 9710527 2760043 8600043 3470205 3700297 2080422 8190894 8190880 9710891 730453 8870924 9710961 4720741 4720857 2760942 2760937 7790772 2080772 2760754 7790422 7530772 3470857 4630752 4630772 8190772 7790841 7790937 7790857 7790857 7790857 7790937 7790841 7790857
3950960 5370948 5370948 4720580 730948 4720580 3250580 4720580 4300580 3470580 730580 4720580 3250580 8190872 9710580 730948 730948 4720580 4720580 3250580 4720580 3250580 4720580 7530580 8790580 7530580 4720580 2080580 7530580 9040580 3950560 4720580 8870580 9040580 3250580 4300580 2280580 7090973 8190466 3730580 7310809 9710930 9350930 9710996 9350527 9710857 3700857 3700857 301023 3700560 3700857 3700496 3470857 3700743 8600646 9710646 9711023 9710889 8870205 9710729 9710739 520560 3930770 3930496 3700205 3700812 9710739 9710653 3700205 8710653 3230560 4720205 3230857 3230857 3230857 2080961 9710961 3230560 4720687 4720371 9710006 3470560 4720687 3470200 4720516 9350913 9350043 9350580 3931023 8190961 4720205 7530560 3230646 3700961 8190961 5370560 5370560 5370741 730043 730043 730043 8870043 2760043 3950043 5370043 8870043 7790043 3250043 7790043 730043 7790043 730043 730043 7790043 7790043 9040043 2080043 7790043 7790043 3470043 7790043 7790043 7790888 3470043 2080043 8190043 2080043 7790964 7790964 4720942 4720841 3950422 9350741 8190519 3730241 8190888 8190176 8190043 9041007 9041007 9040961 9041007 9041007 8190176 4720857 4720961 4720857 2080961 4720964 9040961 4720961 4720964 4720964 4720888 4720888 8340580 4720964 4720841 4720964 9350743 2760857 9350560 730857 8190964 9350913 4720371 4720841 4720687 7790913 8340580 4720580 9040580 9040580 9040580 9040580 9040580 4720371 9711023 3470462 3470580 3230923 9350178 5370580 3230580 5370580 6660738 9350580 9350580 9350948 9350948 6350580 3230580 9710580 8790580 8600466 5230176 9710414 9710580 4720580 2080580 3470462 4720424 3470580 6040580 8710812 3230739 3230560 3230166 3230928 3700580 3230166 7530560 3930857 9350580 2750857 8190961 9350212 9350561 8190770 9350996 8190913 8190422 8190765 9350880 3250857 9040580 9711023 3700960 3700770 9710928 9710496 3470752 3700812 3700770 9710653 9710646 3470560 8190770 9710857 9710969 3930767 3930767 910969 910969 910969 910700 520752 520960 910700 910363 520071 9040969 520560 520205 9040969 9040969 9040969 9040969 9040969 2760857 9350304 7790857 9040857 7790857 7790741 7790812 9040043 9040043 9040043 7790913 9040043 7790741 3470200 7790969 7790961 9040961 9040961 9040961 4720363 730466 730466 730466 5370043 7790043 730043 730043 730043 730948 4720580 7790580 4720580 4720580 4720580 7530580 3250043 7790043 7790043 3250043 8870043 7790043 730948 730560 3470043 7790043 7790043 7790043 8870043 7790580 8870043 7790580 7790043 7790043 7530043 7790739 7790560 9040043 8870741 9040580 9040969 7790560 9350937 5370741 7310800 9350422 9350809 9350782 8190913 3470200 8870741 9040580
8790857 9710924 2080872 3950560 9040961 3470894 8550857 4720519 4720859 6041007 3250504 3250504 9040961 910937 9040857 3950960 8190765 7530767 3700071 3471023 3470373 9710176 3950371 9040872 7790841 10170857 4720404 9040969 6040857 4320481 4040857 7240969 2280857
8870282 910422 3930996 3700560 3700422 3930812 3700205 3700297 8870996 9040527 9350422 8190969 8190160 7790937 8550857 3471023 3470752 3470496 2080770 9710767 7530580 730948 3700741 3700580 9040580 7790937 9710646 8870422 8870880 8870580 7790580 9040580 9040857 910544 4720282 4720282 730984 730043 520043 8871007 4720729 520960 3700996 3700560 3700739 4040071 8190560 3390743 520043 4040580 4040424 3931007 520969 7530350 9040969 9040580 9040580 9040580 9710006 9040969 3470809 4720371 3700006 3470924 3470006 7790948 8550580 2570580 3950371 9040580 7790937 8870580 3700996 8870948 2570580 2570580 4720580 4720580 2570580 2570580 4720580 8870812 8870580 7790518 2570580 8870580 8870924 8870580 9040969 8870350 9040580 8870924 8870741 8870741 7790752 910580 7790580 8870741 3700580 730948 8870580 730043 730580 2760371 3700772 5650422 730960 3930043 8870741 3700422 3700964 3700743 8870043 2280580 3950043 8190913 4720371 520741 3930880 910928 3930646 910880 8870741 8870282 9710969 9710304 520964 9040969 8710872 9710304 3470894 2570580 2570580 8870948 520741 9710729 910928 3930809 910928 520743 520371 910928 3930560 7240969 3950371 3390743 8550857 9710544 9041007 9040969 520964 3700580 3230952 3230527 3700422 9040580 8190043 7090973 3390964 3700924 520371 3930924 3930653 520969 3930872 3700623 520580 9710272 910687 9040969 3930580 730948 3230496 730948 910580 730841 7090973 3730004 7090973 4631010 4630282 4630969 4630928 8550414 7790913 7790371 7790913
3950960 7790913 7790857 4720857 7790144 910969 3930969 3930984 910071 3700166 910857 8190969 8191010 7090973 8190969 8190969 4630969 3390960 7790580 3470580 7790580 3470580 2080770 4300580 910422 3230984 3230864 2750006 3700166 3230166 3700739 3700961 3700961 3930836 3700928 3700961 910937 3950560 8870580 4300580 3470580 3470580 9040580 730580 6900466 6900504 3230872 230167 3470006 9711007 8791007 3470144 4720741 8190460 8190870 9350870 9350460 9350460 2761023 7790516 2760205 730796 3470200 2760176 2760948 7790687 7790516 8550580 2080770 3470373 7530043 8710466 3250880 730996 7790422 730880 910700 9710304 6580212 8870812 4020800 3930880 300969 3700741 3700796 3700212 520913 520969 9040857 9040857 3950371 7790228 3470414 8710560 7090973 7090973 7090973 7090973 8190646 7090973 8190646 8190646 8190752 8190913 8190496 8190571 7090973 3250857 2080580 2080422 3470531 9710496 2760414 2760960 2760741 730741 730371 730809 910371 9710519 3930422 9710285 9710205 3700350 5230812 9710880 7790371 2760646 2760809 7790414 8550772 3700414 3930205 3930386 6660304 3930527 3930422 730969 3930205 3700519 910812 8190519 8190969 3930930 9351010 9710857 9350741 8870741 3930144 9710969 8870422 8870741 7790373 9711023 7790913 8191010 8190969 520857 520857 520741 3700285 8870872 9040580 9040969 8190741 8190741 3700857 8870741 3470872 2750924 5230891 9350006 730969 730928 730729 730729 5370993 2750880 6660984 730870 6660561 730896 730282 5370460 9350913 3730282 9350948 8190973 8870282 8190646 8191002 730043 730043 730741 730767 730646 730913 2760741 7790580 7790937 10170857 6660460 9350872 6660996 3700422 3730004 3730928 8190930 9350930 8190930 8190937 9710350 5650924 5230924 5230924 5230924 3700006 730460 730870 730176 2761002 2760872 2760864 2760743 2760544 2760646 2761002 2760772 2761002 731023 730833 730371 9710371 3930872 730872 2760741 8870350 9350350 3950924 8870924 3950729 4040200 3931002 3931023 3700833 3700519 3931002 910924 8870424 8870833 520560 3950993 2080743 9710964 9710920 9040857 8190964 3731002 8190973 8190646 8190646
3950043 7790857 9040857 3470987 9711023 3470872 3230812 3230043 730304 9710043 8870212 9041023 8551007 7790857 7790043 7790857 9710414 9710043 6900872 9710888 8870872 3700580 3470043 8190371 3730350 7090973 7090973 8190772 7790857 3250043 3470752 8710646 9710809 8600414 3470743 3470752 9710212 300729 3700960 300796 3700796 3700701 9710872 9710920 8710580 9710924 8710646 3470743 7090973 7090973 7090973 8190560 5230350 8600924 5230350 9040739 8710653 9040812 3700964 300767 3470743 9040176 9710496 9710687 3700770 3700923 3700952 3700924 3700809 3700414 3700924 3700960 9710969 910841 4720205 3230800 9710212 3700580 3230422 3230924 3470580 3700580 9710796 3470924 9710422 8870924 3470422 9710496 3470422 3470200 3470894 9710646 3930857 3930836 3700836 8190043 10140993 4990580 8870527 3230422 730504 730701 730580 8710580 8190872 8710516 8710857 9710071 3470772 9710772 8711002 230646 730000 9710995 9760960 9710772 3470205 2760942 2760857 6660422 6660460 6660212 730924 9350460 10140043 6581023 10140653 8190371 3930812 3930812 3930043 730800 8870043 6660741 9350801 6760872 6760872 2760857 2760857 9710519 5230519 9710580 5230466 9710466 5230466 9710580 5230422 3470880 9710580 3470580 730071 300527 9710422 3930857 3930767 3930857 910560 3230000 3250422 3930880 3230880 3230422 3700580 4720964 3700743 9040580 3700560 3470212 3930857 3700857 300880 9040212 4720857 8190880 3390580 910857 3930200 4040200 8871007 3700800 9710880 9710422 9040857 3700809 3700752 9040857 4630571 4630913 3700796 300796 3230701 730212 3230297 3700422 3700297 3700527 8550580 4720422 8870422 9710646 730544 8871007 730363 8870282 4720282 3700836 3230646 3701002 3700580 8870424 3700580 9710422 4630638 7090973 4630913 9040857 9040857 8550519 9040836 3700836 3700580 7790580 3390741 8550519 9710519 3700519 9710519 9710888 7790888 3700888 3700006 3700006 9040580 7090973 9350000 6660000 9350166 3230283 2750422 3230646 3230166 4720687 3930560 3930212 9350205 9350996 6660006 9710752 3700422 8710205 9040857 3470857 9040857 9710856 3700043 3230422 2760371 2760928 2760770 8870580 3700770 9040580 8870560 8790812 231023 730930 730801 730560 3230833 3700995 9350071 6660930 730924 6660653 8870350 6660872 8870350 9350952 9350800 3730006 7980973 8190973 9350996 9350043 9350422 6900212 8710864 9711023 9710796 9710043 7790913 9710371 3930560 6660560 8710739 730304 2760924 730964 230948 730743 6660160 4990743 730880 8870043 731023 8870424 730928 8870812 7790937 730857 9350043 9350833 730928 730928 730212 4990928 9350930 9350930 730857 9350043 9350043 9831023 6660560 9710334 730006 8870205 8870560 9710739 3470560 8191002 10141002 9350833 9350460 731023 6661002 730043 8870043 3731002 1030282 7980973 6660872 6660350 6901023 6660350 9350880 730283 6660466 730857 9350872 730857 9350580 730212 8870424 8871007 730928 730857 5370580 8710833 5230527 8710527 730422 2750880 9350006 731023 6660422 8870872 730741 8870924
3700519 8190812 8190653 250743 250993 7790924 3700519 9710422 3700996 3701023 3701023 7790043 9040870 7790913 7790857 8190160 3390741 8190812 8870812 7790857 8870580 8870386 3250560 8870560 3930422 910796 520519 3700741 2761002 2760928 8870144 3700829 8870796 3931023 3930519 9350761 3930519 3700519 3230928 3230212 3230880 3230646 9041007 8190880 4720857 5370043 5370043 8190043 4720580 7090973 8190043 7090973 9040857 3700282 730948 730961 730580 5370741 730646 730913 4720363 5370043 7790043 7790857 5370043 730857 5370924 8190160 8190160 3390741 7090973 8870043 8870043 7790897 7790580 2570580 7790948 9040969 9040969 3930212 910928 3930205 3930996 3700870 910205 3700961 910928 910560 9350043 8870560 2760373 9710496 8870043 8710043 7090973 8190752 8190646 8190504 7090973 3390960 9710006 9350729 5230870 3700527 9710870 730924 6660212 5230996 730422 9710285 3700527 8870205 730924 8870580 730560 8870580 8870144 3700580 9040350 8870518 3250006 3700580 3700006 3950924 9040857 9040857 910043 8871002 730166 730984 3700961 910928 910752 3230800 3230006 8870870 910560 9711007 3230812 910996 8870580 910043 3470422 8190770 8190646 8190646 3950960 8190646 3700282 730948 730285 3230923 8870414 3930923 8870414 730580 3250580 730961 8870580 730928 8870580 9040961 8870043 730729 7790857 8190913 8550857 3700857 9040857 3700857 3700496 3700770 3470200 9710920 3730896 1030160 3730185 1760973 3731023 3730646 1030160 5230037 5230930 9350924 5230930 6900560 9710205 3930739 520857 9830984 9040575 5230205 9830006 9710872 9040575 8710741 3470414 8600770 9710952 5370870 5370043 7790857 7790937 7790913 7790913 7790743 9710414 2760872 5230923 9710414 3470923 9710772 3470414 3470772 9710741 2080414 8790580 2760580 7790743 9350243 3730741 8190894 8190466 250371 2760928 2760043 230560 7790205 7790371 7790870 2760043 7790687 7790870 4720371 3230371 2760371 8870580 8870580 4040580 3931002 730282 2750880 730580 2750228 730228 730580 730729 730729 730580 730928 730729 3930297 730527 6660304 730796 7790772 730880 2760422 7790894 2760743 2080870 9711023 2760729 6660176
9040872 730043 8870460 730043 730870 8870460 2760928 8870043 5370560 4630371 8190973 9040857 3950371 250371 9040870 2760770 2760743 2760167 7790519 8550519 8550519 3950560 3930371 6660371 6660812 6660304 3700741 730560 3931023 3930809 9710833 3700836 8190973 8190739 3390960 3700205 8870741 910741 3930527 910928 730812 3931002 2750212 8870043 730560 8870560 8191002 2761023 8190864 4630913 8190646 8870580 730948 2761002 730767 8710043 730700 8790580 730071 730880 8870741 3250205 5230646 9710205 8710575 8190646 730857 730071 9350422 3730880 3730004 4630638 7090973 4630004 8190516 9350561 9350996 730996 6660006 730371 3930422 3250560 3700580 2760364 8190894 8190364 8190646 730872 9711002 3470580 3950043 8190930 8190519 2760857 2760176 2760897 2760043 7790894 7790888 730371 6901002 2750996 6660527 730996 6660212 1030282 3730527 3730422 3730205 1030993 9350880 2760857 4720519 8190964 8190767 8190176 8190646 7790857 7790364 2760857 7790043 7790894 8190458 7790857 7790857 910519 2750560 2750304 3930836 2750653 3930527 3931023 730633 3930212 520741 9040969 9710928 3470894 8190820 8190767 7790894 7790969 3930496 3930960 3700770 3930770 8870373 520743 520752 910205 3930880 910371 3930422 8870560 9710422 2760304 8190969 8190994 7530371 3700504 3700770 8190519 250144 250930 250930 7790857 8870424 7790913 3931023 910729 730560 8790043 520205 520913 9710422 2750880 3930043 3930043 3930772 3230880 2750212 3930043 910043 910928 9350870 1030993 9350880 7790913 2750212 730741 730212 6660741 6660304 730741 730752 8870527 3950960 7790877 3700205 3930205 3930560 910928 3930283 3930812 3700205 3700212 3930796 9040969 8190969 8190993 3470894 9710987 910285 8870741 8600770 3930923 3700285 9710833 3700414 8870741 3700166 3700205 9040969 8190812 8870424 4040200 4720841 8191023 911023 3701023 910544 7090973 8190973 4631007 3391007 7090973 4631007 3391007 3391007 3391007 3391007 8870043 7790913 8870043 7790969 7790282 2570043 3950043 7790043 3700212 9040969 9040043 3700043 3700043 8870304 8190812 8550043 7790913 3700519 8870424 3730880 3730880 7090973 4630913 7790857 7790857 2760896 230176 2761002 2760519 230458 2760043 2760743 2760743 2760071 7790888 2760071 2760687 7790364 7790770 8190043 3950043 3700923 3930285 3930519 9351010 8190960 8190969 8190969 7790371 9710729 3700519
3950371 4630371 4630371 7790913 4630043 1760973 5370043 5370043 5370043 1760973 5370043 5370924 7530414 8190993 9710930 3950870 2760896 8870812 4720969 3950043 3950960 7790687 7790913 7790913 8870043 7790969 3950043 7790580 2570580 7790924 8870424 7790913 8870864 8190519 8870741 8870580 7790857 8870924 8870518 8870924 8870580 9350924 730857 730857 9350160 9350160 9350937 8190913 9040580 3250857 8190913 3950043 9350924 9710544 8870872 8870580 8870924 8190913 8870741 8870872 8870424 9040580 8870924 8190964 8190833 8190373 9350800 8870580 9350006 8190741 730857 8870864 9350580 8870741 8870580 8190071 9350160 9350043 5370930 9350646 5370518 8190519 9350646 8190896 9711002 7790913 8870580 9710414 9710453 9711023 250580 250741 2760770 3471023 3700770 3470743 3470752 8550043 3700752 3700739 3700422 3700952 3470575 3470996 3470422 3700212 8870741 730144 730928 2760896 8870460 8870870 7790580
9710741 520741 5230037 8710414 4040741 3470414 3470924 8710519 9710754 3470833 8710872 5650560 8710995 8710350 5230350 3470924 520205 300205 5230205 3930560 6660560 3700205 3700205 3930297 300560 9830796 3470422 3700880 9040575 520519 8710924 3470205 8550519 910880 8710996 9710924 910924 9710969 8190969 8190560 8190653 910519 3930796 3930812 3700304 3470996 3470987 7790752 2760754 7790580 7790580 3470782 7790743 7790937 7790913 9710961 9040961 910928 3470212 3700519 3700422 3700519 3700205 3700796 3700880 3700796 9040870 3700812 8870561 3470880 9040527 3470872 3470924 910767 3470285 4040741 9710770 3470920 3390741 3390741 3700575 910833 3930212 3700519 3930880 9040969 910519 910928 910205 3700772 7790812 7790652 3700422 3930166 3931002 3930996 3930796 9710880 3470894 3700964 9040969 3470987 3390888 4300580 4630960 4630752 4630743 3390960 7790913 730928 730870 8870870 730880 8871007 8870212 7790888 3470782 7790770 7790770 7790496 7790888 3471023 2760770 9710014 2760504 2760752 2760770 2760738 7790964 7790964 7790964 7790888 7790888 9710350 3470414 910772 730560 730561 730741 730996 3700772 3700772 4720424 730560 7790205 3470043 3700422 3700772 3700422 910928 7790969 9040527 3470458 9711007 3230924 4720414 9710496 3470043 2080770 8710752 3700297 8710741 3700741 3700996 3700519 3700770 3470812 3700560 8550519 9040872 9040812 7790897 2760964 2080414 3471023 8190894 8190414 2080894 3471023 3470458 9040285 2080743 8900767 3470458 9710622 9710767 3700739 3930739 3930422 3930575 3700833 9710770 7530350 9710770 8710782 9710205 8710519 9710920 8710872 3470987 3700743 910812 3700205 9710297 9040996 910928 9710646 9040739 8550519 3230996 9710422 9710422 8190913 4630928 9710006 9710739 3230880 3470414 3470414 3470560 7790770 2760043 3470987 7790888 9710928 3930772 730371 3930800 3700996 3470006 3700560 2760043 2760114 7790371 7790812 7090973 7090973 4630913 6901023 10140414 6660969 3930212 3930364 300739 9710304 3700006 3700414 9040923 3470924 3470422 3470995 3470414 7790560 7790888 2760373 2760408 7790743 2760043 7790516
3470812 3470560 3390752 3390580 3390580 9760872 3470772 3390743 9040796 3700350 2760043 2760923 2760741 2760043 2760880 2760767 2760752 8710767 3730185 8190801 4630772 8190160 8190772 520371 3700800 8710996 3470422 7790964 8550519 8550519 7090973 2760043 2760924 2760928 2760212 2760350 2760350 7790864 7790743 7790888 9040772 7790969 730961 730166 730043 8870580 8870580 7790422 7790888 7790913 4630913 2760770 2760043 7790857 3700519 9710496 8870422 8710782 9710770 9710770 3470422 520743 4040371 3700996 9710646 7790987 4630743 4630004 250752 8190646 4040888 3730646 7090973 8191010 7090973 7090973 7090973 7090973 9040961 3701002 3700888 3700741 3700741 3700741 3700741 3470414 3950960 7790371 7790812 8190516 9040864 7790857 8190338 9040043 7790964 3731023 5371010 4630580 3730646 4630371 4630371 8190043 8190043 8710646 3470504 3470743 4630752 4630043 8190043 8190043 8190043 3470987 7790652 7790913 3470857 3470652 7790888 8190043 9040857 7790913 7790913 2080430 3470920 9710743 8710580 9710743 3470504 5230560 8600580 9710894 3950897 3470496 7790770 9040043 3470200 9040285 3470006 7790371 8550857 9040857 9040043 250930 7790741 8870741 7790913 7790043 7790043 730043 8870043 4040043 730043 7790969 7790043 7790043 7790043 7790961 4040043 7790043 7790043 7790043 7790961 7790043 7790043 7790043 7790043 7790043 7790043 7790043 7790043 7790043 7790043 7790043 7790043 7790043 7790043 4040043 4040043 7790043 7790969 4040043 4040043 4040043 7790969 7790043 2080043 3250043 3700422 3700772 8870212 300527 300422 3700772 9710414 8710350 8550519 9710371 9040872 9710334 3470995 3470812 7790913 7790752 7790770 7790913
3950870 520870 3950386 4990984 910228 4041007 4720969 4040200 4040200 4040200 730481 5370282 5370580 5370282 4720544 4041007 4720729 4720544 5370580 4720969 4720580 7790228 4720969 4040200 4720969 4040580 5370961 9350043 9350228 5370282 4720200 4720729 4720544 4720200 9710752 3700770 8190973 8190441 9710770 3700496 9711023 3470987 520519 3730646 6660870 3700857 250870 9040870 3700560 9040870 9040812 8190653 4630964 4630928 4630857 4630518 4630004 9760930 2760959 2760930 2760930 7790870 2760741 7790519 7790741 7530920 8600519 7790386 2760897 2760228 4720964 9710580 8600580 9711023 2760580 230857 2760960 7790516 2760770 7790580 7790841 3470857 3930920 8870987 8711002 3470743 3470386 8710580 2760767 2760770 7790743 7790743 9710176 4040371 4040888 4040518 4630857 4630928 4630004 4630913 4630004 4630004 2760963 2760770 3470930 3470043 4630928 250930 250930 2760857 3470496 4720741 2760896 2080580 2080580 3470462 3470920 9760920 7790857 3470580 8190888 4630743 4630743 4630888 4631010 7790964 250743 7790888 3390743 2760948 2760948 2760074 2760560 2760782 7790857 9710519 8190071 7790205 7790519 7790743 9710920 3470043 2760920 3470987 7790743 7790857 8190767 3390888 2760770 9710014 2760770 3470580 3700770 3700422 9711023 230767 3471002 7790580 8190770 8190880 7790857 3390752 4300857 3470987 3230646 3230646 8710872 2760872 2760964 3470043 7790580 7790687 7790964 7790743 2760964 3470870 7790043 2760462 7790964 2760673 7790870 2760743 3470743 3470743 3470743 9760920 9760071 3471023 3470743 2080857 8190888 8190888 7090973 9710743 4720371 7790371 9710896 2080580 2760176 7790897 9710741 9710729 7790743 7790888 250964 2760920 2760920 7790964 2080894 3390752 3390743 7090973 8190913 2760741 3470580 2760580 7790580 9710414 2760872 9710741 9710043 9710872 7790144 7790964 2760743 2760259 3471023 7790743 3390888 3390888 7790888 5981023 7790964 7790743 7790964 3950414 3950960 4631010 7090973 7090973 7090973 520741 3930560 9710880 520913 2760741 2760743 7790364 2760580 3471023 7790580 3390580 8190519 3470496 3470782 3470504 3391007 8190920 7790043 8340987 8190888 4630888 4630743 4630743 3390743 3390743 910920 9711007 4720414 7090973
3930228 8870282 8870422 730741 730924 8870741 8870772 730924 8870741 8190645 4630580 8190645 4630004 4040857 910857 910580 730178 3470043 3250496 8710437 8550772 7790770 9040043 8870741 2080414 8870772 8870741 730114 8870741 8870948 910544 8870282 8871007 3700770 3470285 9710741 3700414 3470809 9710741 3470809 3390741 3390960 730178 8870880 3250422 9710580 9040872 9040043 730414 9040580 9040580 8190646 4720544 3230646 4720282 3230350 5230466 3470580 8870006 4720371 7790371 7790888 7790888 7790888 3471002 7790743 9040833 3470200 3700285 8870948 8870266 3700770 3700770 3700496 3700770 3700770 9710414 9710741 520741 520969 9040969 9710350 8190646 7790937 7790371 7790754 8550772 730743 7790580 8190422 8190880 4630580 4630580 3390580 4040424 3230743 910580 5230350 9710924 3230414 7790964 3250952 7790371 9710544 7790888 3700580 8870580 7790857 7790364 7790741 3700043 9710527 7790422 8870580 8870580 8870741 3930741 3470923 910043 3471002 9040580 4720924 9710809 3470414 3470809 8550414 9040923 8550414 8550414 7530580 4720964 3700741 7090973 8550857 3950880 8190961 8870580 730857 3230043 730580 8870580 8870580 730812 8870580 730996 8870043 8870580 730228 730363 8871007 3230924 3230646 730928 730282 730560 3230880 730561 8870282 730580 730924 730006 8870424 730371 730741 8871007 730928 730948 730006 730700 8870580 730928 520580 730948 730928 8870282 8870741 730363 8871007 3230872 731007 8870228 8870282 8870580 8870580 8870580 730984 8870282 8870282 730646 8870580 8870282 8870282 7790729 730646 8870580 8870424 730729 8871007 8870282 8870580 8870870 910580 8870282 730646 8870741 730969 730928 8870422 730913 8870580 9350646 730228 3250864 730350 910580 8870741 910580 3700422 8870741 7531007 9350700 8870580 730371 730560 7790937 730729 3230969 3230969 4720424 910544
8550857 8190006 3390752 7790857 3470782 8190458 4300857 3470205 910857 3470200 8550519 8550857 3950924 7790857 2760857 2760857 8190741 8190772 8190772 7790857 8190952 2760857 7790857 2760857 250772 7790516 250071 7790857 910414 3470924 3470414 4040964 4040964 3470462 3470743 7090973 4630857 4631010 7090973 8190952 3470857 3390888 3390752 2760857 2760043 2760043 2760930 2760920 5370580 3470043 3470580 3470043 3470743 7790888 9710888 3700857 910857 3470857 9041007 8550519 4720544 4720961 4720961 8550519 4720961 520560 9040857 9710037 4040071 910752 520857 8190812 520857 910519 9710891 250969 5370752 731007 3230767 2760752 2761007 3471023 2760560 8870422 5370580 730000 2760000 2760580 2760752 3470580 4630752 3470857 3390960 3390580 2760350 2760924 2760924 5370924 2760259 4720580 3470580 2760770 4720942 4720687 3471007 9761007 9710453 8790888 2081023 9711023 3470285 3470085 2080961 9710923 910043 8710496 910043 9710767 520964 8190770 9350800 9350560 731023 8190960 9350580 9350964 9350460 2760996 9350422 3700580 730544 730964 9350948 6660948 2750836 8870580 730743 9350752 9350743 9350964 9350243 9350964 3930519 9350580 8870304 730796 8870518 9350243 3700422 3231023 9350888 9350913 4990646 3230646 3231023 4720200 8870424 3930796 8190888 8870424 8870422 8870424 730928 5370993 5370894 5370282 730928 8870518 8870424 7790961 7790913 8870741 8870741 8870872 8870580 9041007 2570043 5370754 5370043 7790857 3390580 8191002 4720544 4040580 9350560 2760071 9350964 6660006 9350006 8870043 7790518 3950371 4720371 3950729 7790743 9710864 9710371 9710371 9710371 9710285 2760006 8190371 8190964 3950386 5230857 250961 5231023 7790857 8870872 520071 4720961 2760961 7790964 7790743 9040176 7530580 7790964 7790043 2760580 2760544 6660580 6660560 6660580 6661007 8870481 6660961 9350646 6660960 730961 730857 6660228 6660160 7310580 6660160 6660228 9350580 730646 5370993 4720729 8870424 3390888 3390770 7790752 3470200 3471023 7790913
3470924 7790752 3470743 3390580 3390888 7790516 7790894 2760496 7790964 8190176 4630888 4630580 3390580 3390888 3470200 7790770 9710960 7790964 7790964 3470752 7790770 250894 7790516 2760176 2760176 2760673 2080519 7790888 7790857 7090973 1760973 8190176 7790857 7790857 7790687 7790516 7790894 2760458 7790743 7790894 7790043 2760043 2760673 2080743 250580 7790752 4720741 4720519 3470920 4720888 7790770 7790894 3470373 4040752 9040580 4300580 3950924 2080285 3930920 9040969 9710969 7790894 3950772 3390964 3470894 4720888 7790770 7790580 9710422 3470923 4720741 2760948 3230414 8190896 3730004 3730646 3730741 3731010 4630282 8190741 8600857 8870580 2080894 7790894 2080580 8870580 7790516 7090973 9350996 4990948 4990948 4721002 730228 4721002 730984 8870580 8870228 730580 8870580 8870580 5370580 5370743 2760259 250964 250580 7790743 7790519 7790743 7790894 2760920 250743 250894 250964 4750870 2080743 7790888 7790743 7790743 8870043 7790043 7790580 2760043 730952 3230796 2760995 730960 730880 9040961 7790580 3470894 3390743 3390580 3390580 3390580 3390580 3390580 7790516 7790870 9041023 9040580 8340580 7790961 4720516 4720544 4720964 7790897 730952 4720544 7790752 9040580 7790913 7790964 4720519 7790913 7790741 7790880 7790580 7790913 7790913 3470987 7790770 3470043 3470200 520414 3470752 3700741 9710646 9040987 7790964 7790687 7790560 7790743 7790894 7790752 3470580 4720363 3390743 7790964 7790752 9040580 8710580 7790770 9710176 2080752 8601002 7790752 3230422 4720371 4720544 7790964 7790913 4720964 4720363 3471023 2760754 2760071 2760504 2760928 2760948 3250043 8870741 3701002 7790043 8870948 4720424 2761007 8871007 730646 730928 3230006 730006 3230166 4720888 8550580
730176 7790752 4720200 8871007 730964 4720519 4720888 2760964 3230350 2760414 8870741 520741 3470924 910928 730114 9040961 910752 520752 3930812 9040969 910928 3930560 910772 520913 7790516 2080960 7790516 3700496 910006 8870833 730969 8870043 8870043 910043 730857 4720282 3231023 730796 3230006 7790743 4720422 7790743 3390743 8550519 520969 9760519 8870144 2760894 250894 250519 250896 2080519 250687 8600519 3730673 3730820 4630896 4631010 4630964 8190458 3390964 4630964 3390964 250896 250894 250896 2760964 2760176 7790897 9760519 2081023 4630896 7790888 8870741 7790729 7790741 7790741 4630913 3390930 8190888 3700964 3930924 3700285 8870741 7790969 3471002 9760200 2080772 8710796 7790516 2081023 3470894 3470857 3390741 910870 9040870 8870870 911023 7530043 7790743 910519 3930364 9040969 8190969 3950960 2760809 2760741 7790743 7790580 2760580 2760752 3470043 2760841 7790687 8190752 3950043 520857 9040969 9040872 3470743 2760519 4720422 7790422 3700580 8870580 7790580 4720371 2760995 2760006 2761007 3230888 4720516 2761007 9710687
9710743 730767 8710864 2760995 730519 3230144 8710285 910519 9710812 8870580 2760770 2760043 9710414 7790812 3470752 7790913 3470580 3950043 8550043 3950043 9040987 3390743 7790913 8190646 7790937 9040176 7790964 9710653 9710812 300872 2760544 2760414 2760857 8190144 8190460 3470857 7790841 730888 2760580 730964 4720888 730560 4720888 3930870 6660888 8710870 2760924 2760924 2760743 2760414 230924 2760809 2760460 2760338 2760580 2760580 2760414 2760580 3470580 4720580 2760580 250071 2760441 8870580 8710228 250896 2760857 2760580 2760752 230924 730809 3230338 3230422 8870414 730752 3230743 730961 3700519 4720888 730504 2761007 730205 3230646 3230752 730386 2760928 8870386 3700422 3930519 9040364 9040961 1030913 4630200 4630743 3470857 9710809 8870414 9711002 3470743 4720519 4720888 910414 9710923 2760414 910285 2760809 9710414 2760754 9710519 2760414 2760969 2760373 2760373 230496 230496 8711002 2760952 7790752 9710519 2760928 3470980 6660952 2760752 2760969 910519 2760386 6660969 5230646 2760371 2760504 2760371 7790580 7790937 9040864 7790841 2760924 7790924 2760964 2760519 2760754 7790752 2760496 9040772 7790770 2760754 7790770 3470924 5230646 3470006 5230872 9710371 9710961 3230872 3230006 3230880 3230006 4040371 730960 730841 2760176 730364 2760580 730580 2760006 2760580 2760350 7790741 2280580 9710872 3250920 9710809 9040987 3700770 7790913 3470200 7790752 3950371 8870006 3230006 3230701 3230422 730880 3230996 730653 3470580 8870812 3230812 4720560 4720687 9710752 2760687 730928 730770 730770 3700812 7530560 730741 3471007 730948 4720371 4720371 5231002 4720519 7310371 730371 730371 730741 3230924 3230414 730144 730924 3250414 730741 730961 730741 730144 7790969 9710519 3230285 7790741 4720414 2760414 2760178 2760580 230580 2760043 2760043 2760496 230504 2760580
8340043 2570043 8550043 8550043 9040043 9040043 9040969 7531023 7530560 3700560 8870205 9040043 9040043 3470996 3470560 3470422 3470205 3470373 7790752 3470043 7790880 2570043 9040043 4040043 7790913 7790729 7790937 9040043 7790913 3950422 7790841 3950729 730043 730000 6661002 730833 730422 730422 730178 8870580 7790580 7530880 8870560 8190160 3250857 9040857 7790937 7790937 7790913 7790841 9040043 2570772 7790652 8190937 7790770 3251023 7790877
3470920 3390752 8190993 3470857 2760924 2760770 9710373 2760006 7790371 8190504 3470006 3470894 9040969 9710272 9710422 3700304 9710304 3470996 9710144 250144 3950144 5230646 3700752 300924 3700928 3700952 9710205 9040969 3470373 3470996 9040812 8600646 8550519 5230496 9040872 8710504 3470414 2080770 9710991 3470752 8710767 9710770 3470752 9710770 3470441 7790414 9040969 3470441 9710864 9710864 2760741 9710772 8710205 9710772 8190991 3390888 3471023 3390888 9710741 9710646 9040285 7790888 8710504 9710743 9710371 3700960 9710752 3700496 2080770 7790870 2760462 3470743 3470894 8710964 2080894 3470462 3470743 9710960 3930205 8870924 3931023 8870560 6660304 9350304 910205 9350205 2760809 910924 8870422 910212 9710285 8710259 2760743 3950960 7790752 3470200 3950560 8190964 3470205 3700739 3700796 300880 3470205 9710880 5230796 5230560 9711002 3700880 9040969 3700812 9710894 9710996 8710767 9040350 8710350 5230350 2080414 7790516 3470857 3390960 3470872 7790743 7790741 3470043 7790888 9710767 9710496 3470923 9710864 3470924 3470743 8710504 2080770 3950560 6040857 8190964 8550857 8550857 3470006 9710752 8710646 9710371 9710016 3470996 9040212 9710924 3700880 3700924 9710741 3470809 4040371 3470504 8790880 8710414 3470995 9710772 7790937 9710888 7790743 3470285 3470176 9040987 3470894 3470743 3470743 730960 8710752 8710960 7790894 3471007 9710920 9710872 7530414 9710995 5230984 910796 3930304 3700800 9710212 8870800 3930422 3700796 9710969 3700812 9710964 9710371 3470872 5230414 9710741 9710864 3700743 9710414 9710743 9710371 910071 730212 3230560 9711007 730812 2760880 3470085 7790741 8190973 3231023 730960 5230857 5231023 730006 3930006 8710864 3930864 520687 9040969 8710872 9710782 910560 9710646 3470496 8710741 9710371 9710888 9710741 300496 300996 3700071 9710414 8190414 9040857 9040575 8550857 2760404 7790841 2760809 8190458 2760071 9710782 3700987 3700770 3700960 2080414 9710888 8190519 2760857 9760580 2760114 7790812 8190880 8190519 8190519 4630894 8550519 3470200 9710920 7790580 250888 3700350 300924 3700212 300996 3700422 3700996 9710212 300996 9710422 3700880 3700796 7790752 2760960 3470043 7790894 2080770 3470782 5230809 3700770 3700304 3700770
910752 9040739 7790739 2081023 7790373 8711023 3470285 3470043 7790371 9710043 7790687 9760519 7790516 2080519 9710864 9710350 3470006 3470924 3470743 7790964 9710920 9710458 7530880 3700519 3470894 3950560 8710504 9710767 3470987 9710580 2080770 3470772 910544 3930212 2750796 3930996 3930527 910928 3930812 3700996 3700560 9710809 3700414 3700809 7530767 4630928 9040857 9710928 8710809 8710770 9710422 9710812 3700880 9710996 9710527 9710422 3230561 9710701 9710422 9710422 3700996 2760071 2760496 3700964 9710920 9760964 7790894 9711023 9040580 3700414 5230560 9710729 3930527 8870741 3230812 9040580 9040739 3700071 9710923 9710414 3470285 9710961 3930796 8870304 9710701 3700212 300796 520913 4040857 3700961 3700857 9040969 3930857 910857 910812 4040371 910544 3930812 3470006 9710888 9040969 8710580 8870580 8870043 9710580 9710767 9710580 8710043 730178 2080580 2760948 3470580 2080580 7790857 8600466 3730259 4630896 7090973 3730458 4630894 3390964 3390964 2080743 7790687 7790857 8190896 4630964 9710371 3930812 8710864 910205 9830984 3930800 9710995 3700205 910205 910924 9040969 3250006 520752 4630071 4630969 4630913 8190646 9710960 9710205 910739 9710205 6900560 8710205 9040864 9711016 9710864 9710212 9040969 3700205 3700857 9710422 8190913 3470752 9710043 3470504 4630913 4630964 4630752 4630913 3390752 10170857 2080767 8710961 9710952 3470414 3470580 9710770 8190920 4630894 4630071 3390752 9040857 8550857 9710770 3700205 3950870 8190937 5230872 730006 9710930 5230560 9040969 3930796 4040964 9710304 8190741 7090973 4630371 7090973 5230560 2760812 730212 8710205 730653 7790228 3230422 8870580 3230653 4720580 9710580 9710995 3470580 3470580 4720560 9040857 2760653 2760416 2760770 3470923 3470414 7790770 7790857 7790043 7790857 4631010 7090973 4630857 7090973 7090973 7090973 7090973 4630602 1760973 7090973 8190043 7790857 9040580 8190964 8190820 8190888 5981002 8600930 9350743 8710006 9710006 8190371 4631010 3730646 4630913 3730006 7090973 3390888 4630857 4630857 3730646 4630913 3230809 730857 9830996 5230422 8870304 3930996 3700752 3700205 3700560 3470996 7090973 3731010 7090857 3731010 4631010 7090973 7090973 7090973 9710864 910880 9710857 8870924 3700995 3230880 9710414 3471007 2080414 3470857 4630894 4630371 7790043 8190043 4630770 4631010 3731010 7090973 4631010 8190371 5230857 3230212 5230796 4720857 9710796 9710796 9710422 9710646 9710422
730880 8870987 8871002 8870987 910796 9350880 8870043 910422 910928 8870571 8870741 3470200 8870741 7980160 9350930 5370043 730857 730857 8870580 8870043 8870580 730857 5370282 8871007 5371007 4720857 8870006 8870424 8870424 8870043 8870424 8870424 7980160 6660243 5370770 730857 9350930 5370930 8190930 730767 730752 730496 7790580 731023 7790857 8870580 8870043 7790857 7790969 7790937 8870424 7790228 3950371 7790857 730857 7980973 7980973 730857 8870043 8190913 7790580 7790741 5370930 5370729 5370043 5370371 730544 8870772 5370833 10140930 9350930 730857 9350460 730770 730857 9350741 730741 6900519 230350 2760006 6660996 730870 230422 230422 2760857 2760857 730857 6660812 6660043 230960 2760930 231023 6660043 730652 2760829 730652 730652 2760371 8870424 7790043 2760765 230414 230375 5370043 230796 730770 7790580 2760987 2760741 2760752 7790888 2760857 5370930 6770160 2760930 730963 2760580 2760770 230952 7790752 7790519 7790752 7790770 7790519 8190350 3730004 3731010 1760973 3730646 3730004 4630200 7090930 7090973 730963 730920 230963 2760071 730519 230920 230991 730991 2760006 7790987 7790580 2760006 8710772 7790888 6660741 3930144 3930864 3930144 3930519 6660761 3930144 3930144 3930870 730144 9350761 6660761 2760969 730800 2760371 730037 730924 730796 910833 2760739 3930304 9040833 3700527 3700205 3470833 7790969 8870880 3700739 9760924 3470924 3470924 3470043 3470043 9710144 3470580 9040144 3700580 9350304 9040144 9710701 520519 910544 9040969 3470200 7790743 2760560 2760767 2760414 2760338 2760178 4720741 2760952 7790770 7790913 7790754 3470504 8550519 7790770 7790772 3950496 4630160 3470414 9710285 9710414 3470285 8870741 730144 2760406 730422 730144 1920561 2760741 3230801 7790414 3230923 4720519 7790857 8190371 8190880 8190741 3250371 730754 5230772 7790752 910422 3470200 4720772 3250772 8870870 9350460 9350880 8870212 9350872 730960 730924 8710422 5231002 2760924 730924 2760969 730924 730414 8870424 2760969 7790770 3250767 7790770 2760809 7790741 8870518 7790205 9040969 9040772 9040969 3950371 9041023 3950960 4720924 3700924 3470923 8870424 8870561 7790937 3700519 8870872 8870924 8870424 8870424 8870424 730809 730422 730371 7790770 730880 8870870 8870144 8871007 730741 730741 5231002 7790743 730741 8870772 730924 8870741 8870424 8871007 8870580 8870580 8870580 8870580 8870043 8870580 8870580 8870580 730928 730928 730071 730770 8870580 2760952 730913 730880 9040987 8870741 4040424 8870518 7790857 4040580 520743 1920924 6660770 6660166 6660646 730652 5370961 3230646 2760880 7790857 3730386 4630930 5370772 8190772 8710466 2760782 8710466 2760504 7790857 7790441 230504 231007 2760504 231007 2761007 231007 230752 3730422 7310602 1031010 3730519 1031010 3730519 3730519 8190519 8190991 8190519 8190519 8190913 6760872 730857 230809 730857 3700923 9710297 9710422 9040870 9710928 520752 8710205 8710205 730560 730770 9710772 3471002 7790752 7790739 9710809 5230414 9040212 2760350 9710414 9710371 8550870 3950870 9710741 9710285 3470414 9710870 3470870 9040870 8190414 9040857 8190414 3950960 3950960 7790937 7531007 8870772 3470200 9711007 2760371 7790872 7790580 730560 8870422 7790743 2760857 7790043 2760560 730857 2760043 2760043 3470995 730857 7790857 9710006 2760560 2760350 7790580 3250006 7790937 8550857 4630743 4631010 4630857 4630913 4630913 4630743 4630071 3390743 7790894 2081023 2080930 7790770 7790580 7790687 7790913
8870872 7790872 3950371 7790373 9710996 2760800 2760741 8711002 2760800 3700701 2760924 730924 8790422 8870796 2760857 9710519 2760561 3470144 9710739 9710856 7530422 9040580 4720363 7790913 7790770 8870741 7790228 4720544 910880 8870741 5370993 731007 731007 9711002 4720864 8871007 9710422 8870741 9711007 4720741 8870864 7790888 7790924 3470200 3470894 8870422 910043 3700006 8870800 8870424 730880 8870212 7790924 7790752 8870809 3470043 3950729 8870741 4720729 2080414 7790518 6900529 2760741 2760969 2760969 6900350 9710864 910864 2760350 8190350 8190801 4630969 8190519 8190872 2760652 7790857 7790857 2760652 2760754 2760504 2760770 9711023 7790952 9710496 8550519 3950205 8190767 230809 6660761 6660304 6660800 6660761 3930519 5230422 9710996 8870144 520519 3470422 2760729 7790687 2760544 730453 730519 730519 730519 730969 910519 9710519 5230205 2760519 7790969 2760504 9710864 2760350 5230519 9710006 7790812 8190888 4630888 4630160 4630638 4630913 3470857 3470857 8711023 7790857 7790888 2760071 4720741 8550857 3390743 230350 730144 6660801 6660422 1920561 730796 730880 6661002 730212 3230422 2760304 2761007 8870422 7790519 7790969 7790371 7790913 9710872 230872 230371 5230930 2760006 2760406 730772 730043 2760738 5230406 2760741 5231002 3470085 7790894 730414 910519 2760741 6900037 2760969 910833 2760969 3930519 9350560 9710519 9350205 520960 7790894 7790897 2760896 7790043 7790043 7790516 7790913 7790770 3470752 3470414 5230872 3730560 4630071 4630870 1030993 2760741 910857 2760857 9711023 520741 9040812 9710144 8710519 9350144 9710212 9350561 5230796 910796 3930880 9040212 9040969 9710796 8710928 9710872 3700741 3700350 3470812 9710496 3700006 7790857 2760043 2760071 2760414 3470285 2760414 3470285 7790741 7790373 7790770 7790743 7790841 8710043 730371 2760371 2760371 7790519 2760743 2760414 2760071 2760071 7790770 3950870 7790519 8870772 9040772 3470996 3700880 8790422 3470880 9710796 3700205 3250212 9710739 4040519 7790772 7791023 3950772 9040772 8870772 2760889 7790961 4720772 7790913 4720772 9040961 3471007 3950560 7790937 8190414 8190371 8190888 8190741 3950924 8190973 8190765 3470176 9040575 9710653 9040969 9040812 8870812 7790857 8870580 2760741 2760872 7790741 9760872 7790894 3470531 7790414 5231023 7790772 2760743 2760741 2760864 8870870 2760359 3470772 2760504 2760743 7790841 3730960 3730504 3730952 4630752 3730767 4630960 5370743 6351007 2760857 6350920 3731007 3730071 8190071 4720857 8190071 9710772 730754 3230772 3230560 4720772 3250772 3471007 4720404 8190741 6660560
7790371 7790371 7790371 7790770 230496 9710767 7790580 2760580 2760043 2760259 2760259 2760580 2760043 230646 3470743 9710743 7790743 730872 3470285 730178 9710741 8870205 3471002 3470923 5370560 4630960 4630770 4630071 4630752 4630752 4630960 4630913 6350414 5230466 3230414 5230466 10110741 9760371 5230466 3730182 4630580 4630371 4630741 4040200 4720371 7790888 2760176 230673 9710864 230872 5230519 5231002 3230880 730754 730453 6660304 8870772 730969 3930772 730000 8870205 3930519 910519 4040519 9710687 9710754 9040872 9710006 8710006 7790969 9040772 9040772 3470200 7790812 9041007 9710864 3230653 3470462 3250006 9710462 8190920 4630371 8190995 2760560 3950282 5230580 5230772 3250864 730687 5370961 910864 6900995 230350 5370560 5370924 230995 730924 730652 10110969 910741 3930414 10110809 3700519 3930519 910519 730800 8870880 730796 3230833 730580 730888 2760743 2760743 2760071 730071 4720864 4720964 4720964 9710896 8190006 8190772 8190466 7090973 4300857 3950960 7790913 7790371 7790741 3950924 7790841 7790924 5370408 7790741 3950371 7790371 7790282 9350880 3230527 3230504 5230422 3230304 8870996 8190888 3730527 8190422 9350754 730071 730743 730071 730178 6900037 730924 730923 730364 730364 5231002 730414 9710453 2760924 730414 730519 5370833 730221 3231023 9350386 730857 8870741 910285 730414 10110741 7790969 9710772 910772 3950930 3730241 5371010 5370930 9350646 2760857 730414 8870772 8870424 7790857 730772 9710782 730770 730963 730920 730857 730071 9710930 730872 730741 8870043 5370371 9350160 7790930 8870741 730857 8870043 3700930 730948 8870580 5370071 3950930 8870833 8870772 5370930 6770160 9350043 8190772 730857 8870930 5370930 730857 730857 8870043 8191002 8870930 8190043 2760200 8870364 731023 730796 5370993 730928 730561 8870043 7790969 730857 730857 731023 730857 730767 8870741 2760924 5370371 5370993 4990043 9350043 8870043 9350561 9350166 8870571 9350212 730221 9350937 5370544 8870930 730870 730796 730561 730561 730212 2760969 2760969 8870212 5370741 730969 2760364 730212 9350043 9350880 8870205 730812 730880 7790371 6660043 5370560 2760350 4720741 731023 730422 7790969 9350422 8870043 8870364 731023 2760857 2760996 730857 8871002 5370371 5370043 5371002 9350043 5370364 731023 5370408 730364 5370371 5370888 8870772 9350741 8870364 5370364 5370364 8870772 8870364 8870880 8870580 8870422 5370752 8870772 5370043 5370424 5370364 730857 730200 7790364 8870580 8870043 7790857 730646 8870772 5370993 5370043 8870741 5371002 5371002 8870741 730200 9350913 730857 9350880 5370371 5370833 5370993 8870424 730937 8870043 7790857 5371002 730200 730857 7790857 731023 731023 8870741 5370424 730646 8870870 5370772 5370741 5370424 5370364 8870364 9350043 5370043 5370364 2760857 2760857 9350930 9350930 9350043 8871002 7790364 8870364 7790580 5370043 730364 7790969 5370364 9350212 730364 8870364 6770984 2760580 2760544 5370772 730857 2760580 7980973 730857 9350364 8870043 5370741 9350994 730364 730364 9350364 730364 730857 5370364 8870772 730796 8870364 730870 730857 5370993 7980973 5370930 730857 730857 5371010 9350043 5370518 8190043 730857 730928 8870772 730857 730857 731023 730857 5370930 8870580 8871007 5370741 5370424 8870772 8870580 8870043 5371002 730952 5370043 8870580 730741 7790857
3470414 730995 730212 8871007 8870880 730880 730880 8870772 730857 8870772 8870772 3230561 730857 8870580 3700212 730928 730646 8870741 730812 4720200 8871007 4721023 3730228 3730812 3731002 3731007 8191023 3731002 5370888 2760212 8331023 6660221 730633 730961 910519 9350743 730880 3230212 3230212 8870144 7530772 3700701 730741 9350460 8870144 8870414 730924 8870350 8870043 4630282 3730984 3730646 3730880 8190973 3731002 5370043 230176 730964 730561 3230796 6660800 730880 3700144 6660561 730964 910144 3930212 910996 300304 910996 8870560 9710880 3470200 2760752 4750870 4720371 4720969 7790969 4720544 3950043 4720841 8870741 8871002 730913 2570580 7790969 8870424 730741 8870741 8870741 910928 730166 4720969 8870800 8871007 4720969 3230800 8870373 8870812 910580 4720969 730928 8870741 4720544 8870518 3701002 8870228 5370930 230043 3230527 730422 3230930 730880 730652 730857 730928 6660800 8870144 730928 730561 8870144 3700205 8871007 3250772 2760580 7790894 230857 730812 730580 730212 3230527 4020466 8870212 730212 9760964 7790894 8600519 2080531 8870897 2760741 2760371 2760371 3700864 9710350 3470833 7790924 7790371 9350864 6660969 3930144 9350144 730144 6660969 730801 730144 8870144 730857 730833 730857 9350754 730857 8871007 8190833 3730646 3730984 4630371 4630638 8191010 8190646 3950729 3950043 9710371 9710371 10110969 5650872 2760969 2760969 730969 3930519 8870833 730560 7790987 730772 730888 3930043 730371 730872 7790969 730880 7790864 2761002 2760995 230767 230228 2760371 230371 730006 230872 2760864 730043 730000 7790580 730527 3230422 730812 9710043 9710527 7790841 9710580 7790937 8790496 9710414 5230809 9710741 3470285 9710519 3700770 9710752 5650205 730000 730000 730772 3250560 7530043 7530859 7790371 8190859 3470200 2080531 230496 2760071 5370741 730767 730414 2760923 2760285 2760371 3470200 9710987 3470373 3470743 3470200 910841 3470200 8870796 910422 4040200 910880 3470200 2760114 231002 230371 230006 7790930 730519 230872 230350 2760527 2760422 2760043 2760896 2760371 2760820 231023 3470772 2760857 7790894 7790519 2760516 7790894 2081023 2760896 7790580 2760580 730371 4720772 7790580 7790812 7790937 8550519 7790913 7090973 4630580 4630928 9040580 3950282 8870282 8870948 7790969 8870872 4720404 8870043 730928 730928 8870386 9350460 3230928 730282 8870282 8870205 8871007 7790371 3250363 3230928 730200 8870924 730646 730741 8870870 2760928 730228 730544 730928 730560 730880 8870580 730924 730071 730646 730071 730928 730928 8870580 730857 730857 8870424 730928 730928 4720363 8870424 730996 8870043 8870212 730544 731007 731007 3230561 8870580 3930422 8870422 7790969 910422 8870880 7790969 8870580 8870580 8870772 730857 731023 8870424 8870560 3230205 4720404 8870560 7790518 3230350 4720424 8870350 3250006 4720741 8870812 8870872 9710872 4040580 910200 730872 7790833 8870037 7790969 7790888 730857 3470200 2760414 2760741 230350 230857 230930 230006 730857 2760638 231010 6760772 2760422 7790205 2760820 2760896 7790516 7790894 7790897 8190896 7790857 7790857 7310182 6660561 4990460 2750800 4990880 730896 250961 4990800 4990800 730386 4720544 3230969 9350460 3930930 6660880 6660197 3230304 9350896 3230930 730800 730561 2760880 7790870 910870 910422 3470575 9040969 9040857 2280857 8190560
7790741 2760772 2760496 2760770 7790580 2760770 2760743 7790580 8710519 2760071 2760071 2760987 731007 2760952 730812 730767 7790870 7790752 4040752 9710833 730560 3930422 730812 730000 7790580 7790580 7790772 5370948 3730993 7790857 7790888 2760043 730738 7790741 3470531 7790894 2760960 7790888 3470580 7790687 3470580 7790913 2760741 3230930 9830466 3230739 4720422 730880 4720371 3730560 3730754 3730560 3730653 8190653 8190653 8190000 3950812 3950560 9711023 3470285 730739 910422 2760969 910519 6660304 3930519 6660197 730560 3470575 9040969 4040519 2760666 2760560 3470043 7790841 3390964 7790857 7790888 2760772 2761007 2760872 230167 230350 730350 730414 7790969 7790829 9710741 7790741 730772 3470772 7790741 7790043 4300580 7790913 2080924 9710770 9710870 9710870 730969 730114 730687 3230872 4720205 910560 4630857 1030913 250930 250930 5370043 2761023 730960 2760752 2760205 230334 2760995 9710930 2761007 9710995 5230406 2760560 8710466 2760580 9710772 230350 2760205 3470995 3470422 3471007 7790371 7790516 2760580 2760496 2760071 3470580 7790516 7790687 7790516 9710833 2760371 2760969 7790516 2760371 3470772 3470205 8550519 3950560 7790519 3230880 2761007 3230969 2760422 2760741 5650864 8710350 5230350 5230519 2760371 7790371 730924 730043 730043 730924 5230406 230006 2760371 2760006 2760924 7790516 250371 7790770 3471007 4720516 7790857 7790857 7790518 4631010 4630913 5230492 5230037 230205 5230930 730754 730560 2080772 7790371 5370580 4720414 730741 230741 230741 730422 730796 230304 4720519 730754 2760406 3471007 2760371 9040772 7790857 3730519 3731023 3730646 1030857 1030646 5370964 2760857 230930 730006 730575 730896 730857 730836 730754 730772 7790752 730770 2760516 2760754 3470772 7790770 7790770 7790857 8190888 7790741 5370371 230560 730952 230000 2760996 2760930 6660580 730880 3230422 2761007 2761007 2761007 3230772 3230857 3730519 3730422 8190560 4720857 2080857 2760809 2760371 730833 910205 730772 4040519 8711002 7790833 2080519 7790969 7790560 2760894 7790897 2760772 7790964 8190820 3730673 4630516 4630894 4630772 8190961 7790770 2760770 2760741 2760872 8550519 4630638 4630888 8190880 3230796 730961 730422 730304 730772 730560 2760754 730754 2760560 730857 2760930 730560 9711002 2760754 7790687 2760363 2760071 3470857 3730006 3730754 4630888 4630518 4630743 4630961 4630913 7090973 9710857 2761007 2760560 6660453 910516 730071 2760872 9710519 8710767 9710144 3470386 2760071 2760942 2760864 2760406 231007 231007 230560 730870 2760961 730991 2760782 7790580 3470995 9710043 7790560 7790964 7790913 4040424 8870560 910043 2760043 230870 730653 2761007 730006 2761007 2760580 730519 2761007 2761007 730519 730928 3230754 3230754 910519 9710544 4720371 2760857 9040772 9040961 7790969 7790969 4720969 4040580 4630282 4630928 4630282 4630282 9350752 6660952 6660864 6660205 2760205 6660761 2760371 6660761 6660653 5230386 7790519 6660519 2760741 230350 2760406 7790205 2761007 4630930 3730754 4630857 3730414 4630857 4630857 4631007 230809 230414 730212 230422 4020212 3230561 230796 730996 7790422 7790519 2760212 8190930 5370043 5370754 230496 231023 230920 230920 7790371 2760857 230872 230924 230809 230414 2761002 230809 730414 230228 230560 4720741 7790964 7790519 7790752 7790937 9710928 9710870 8600872 8710864 2760969 2760144 3470144 6660880 5230205 2760144 6660144 3930144 3700575 2760560 9710144 2760872 2760741 230812 2761002 231002 230350 9710772 2760458 2760043 2760176 7790864 7790888 7790043 230646 231023 2760930 230870 2760043 730043
7790371 2760176 2760738 2760338 2760580 2760646 2760741 2760085 2760960 3470923 2760754 2760894 7790841 4630743 9710371 9710371 5230872 1551002 730212 730212 910212 730212 3930519 3930006 730212 3470833 910924 4040519 910371 9040833 3930043 730363 910580 910580 4630857 4630930 5230200 3230285 910519 730796 730519 730800 8870741 2760969 2761002 6660812 910519 9040580 3470580 2760896 2760176 2760897 2760043 7790043 7790894 7790580 2760896 2760894 6660006 5230930 2760772 230006 2760006 2760754 6660653 2760743 2760272 5231023 7790739 910519 910205 910519 7790205 3470205 2760987 730350 730653 8871007 730560 2760560 230560 8871007 7790743 2760205 4720519 9040575 7790414 9710923 2760872 730371 2761002 8600864 5230037 5230406 2760006 730178 2760741 730872 3470930 3730182 3730363 4630752 3730496 2080857 3470857 8190519 9710923 2760770 7790987 2760738 7790964 3470924 2080924 3470743 9710006 230653 2760754 2760646 9711007 3470987 3470200 5231023 7790913 9710043 3470880 9710996 3470772 7790937 7790752 9710646 3470006 910371 3470560 4750870 8870560 7790812 7790043 7790913 7790371 3470200 8870580 8870580 7790743 4720544 7790743 3700212 3700796 7790937 8870741 7790964 8870350 4040424 4040424 9040864 910772 3930772 6660754 6660880 6660800 6660880 3230212 5230772 9710496 8870414 3471007 9710414 7790371 9040772 8190993 9350964 6660666 2760729 6660047 3700575 3700796 520519 9710729 520071 3470422 3700043 9710729 8710646 3470743 3470743 3470743 9711023 2760924 2760741 6900529 3470144 3470144 6900529 3470144 9710144 5230414 9040144 7790144 2760646 3470870 9350752 3930205 3930575 730575 730754 910519 2760205 730519 730767 8190888 3730182 3730205 3730812 3730812 3730812 3470652 9710414 5230492 9710496 730739 910519 2760969 2760741 910519 910205 3930560 9710386 9040144 3470144 2080205 8190739 9710857 8190653 4720544 3950960 4720729 8870741 8550043 9710350 2760857 230350 5230930 3230930 9350212 6660880 730519 6660245 730995 730519 730519 230880 5231023 2760580 5370993 4720560 4720519 7790857 8550519 3730646 4630857 3730920 8190228 8190422 9710857 8710743 9350743 3470285 3470386 8600767 3470952 9710414 5230809 2760144 8870144 9350144 2760809 6660144 9710801 2760796 6660800 6660880 6660212 6660144 6660809 6660796 300701 3700833 9710422 6660304 2760653 3930796 910833 3470833 9710371 910212 9710969 4720969 3230646 3230560 4040518 910841 3470560 8551007
3950960 4720580 4720544 4720544 2570580 4720580 4720580 4720544 9041007 9760920 3471023 3730888 4630518 4630928 4630282 250071 5370371 4720519 9711007 3730414 4630913 4630896 3390964 3950043 7790516 2760516 7790857 7790964 2760043 7790519 9710741 3470580 8550580 7790888 7790371 5230969 9040833 8711002 7790888 5230959 910043 7790350 910580 8710872 3470580 730350 3470580 3470872 7790770 7790519 2760959 2760772 7790770 4720519 8190767 4630960 7090973 7090857 4630752 7790857 7790857 7790519 2760580 230924 730924 2760071 5230043 230006 2760371 7790864 4630772 8190920 3470857 8190687 2760770 3470772 2080770 7790888 2760920 2760741 3470772 3470772 7790770 8710872 9710864 2760880 9040870 9710754 9710037 4040741 4040580 9710646 7790913 7790937 4040071 7790913 7790518 3950960 8870741 7790937 8340580 2760414 2760960 6660561 730519 6660453 2760527 5230422 2760741 730212 3230801 230047 2760857 2760580 8870212 5370560 7790857 7790913 3930560 9831023 9710422 3470205 8190996 8190422 3730880 4630960 4630770 4630913 8190653 8190043 3930519 6660969 6660560 6660560 1920560 3230422 3230422 3230422 730888 2761007 2760700 8870560 2760441 730560 730969 5230371 2760371 7790371 230375 4720741 8870741 7790857 8190371 7790857 7790371 9710176 9710969 5230037 9350212 3930872 730144 730212 730037 231007 5230453 4720519 910880 3471007 7790964 7090857 7790741 4720888 4720741 4720519 8551007 2080414 7790741 7790422 9041007 9710422 4720519 9710205 9710205 2760466 230228 2760414 230561 9710995 9710995 9710857 8190920 9040580 4630043 4630913 7790857 2760857 730178 8870772 7790888 7790516 7790888 9710833 9710144 8870350 8710782 6900037 7790350 7790144 9710043 8190043 7790857 9710466 730767 2760371 2760371 730453 2760924 2760809 3470043 8190071 3950772 3470743 4630364 4630857 4630364 4630200 4630870 4630160 2760043 2760043 7790894 2760673 7790894 2760043 7790894 2760458 7790964 7790043 2080743 4630364 250519 250743 2760043 2760043 7790964 2760743 2760176 2760462 7790894 2760043 2760673 2760458 7790964 7790964 9710739 9710304 3930880 9710422 3470880 3470560 3470809 3700870 3930144 6660144 2760144 3930870 8870386 6660984 910364 6660969 6660984 730519 730836 730205 730743 2760006 9710580 3730004 3730812 3730653 5370896 8190519 4630770 8190809 4630516 3471023 7790754 7790743 7790580 2760043 2760043
3700796 3700924 5230772 5230870 5230212 6660205 730870 730371 730960 730043 3470930 730770 8190952 910857 9711023 730960 6660408 730772 730772 730212 230920 5370408 730772 2760996 730560 730739 730422 730304 7790969 2760969 7790770 8870772 3230987 730812 2760969 730743 3230888 9350964 5230006 9710371 3950924 9710872 9710200 910519 730995 230872 2760872 230872 2760995 3730653 5370812 8190872 8190560 7790743 8190888 7790964 3470200 3470857 3950560 8600350 730350 230350 2760800 730453 730952 730743 910496 9710037 7790969 7790969 2760741 730964 730870 2760741 230167 9710872 9710772 910144 910519 730561 730701 7790519 2760304 2760422 8870880 730561 910519 5370961 9710996 3230560 4720857 4720857 8550519 4040200 8871002 730969 730928 731023 730800 730386 730364 6660969 6660969 9350687 5650924 3930364 5230371 9710872 9040864 4040200 3930888 910739 8870205 9350800 8790519 730212 8870212 2760047 3470200 9710880 7790857 8190961 7790857 8550519 7790743 2760043 2760741 2760864 2760872 7790894 7790580 7790580 3950960 7790964 7090973 4630752 7790652 910200 3230701 2760880 2761002 730000 3230996 2760304 4720544 7790770 8550519 8790043 730043 730043 2760043 7790894 7790894 7790870 7790687 7790930 7790043 7790580 7790580 7790770 730770 730767 3470043 8710504 2760770 7790870 3470752 3470580 8550580 9710519 730738 230872 730809 2760371 7790422 7790519 7790371 2760371 7790371 8870772 8870833 730913 730212 230928 730560 230422 3471002 7790913 3470200 7790857 2080414 2760043 2760414 7790930 2760043 230996 7790560 2760646 7790043 7790841 2760043 7790519 2760043 7790043 2760920 3470772 7790687 7790888 7790741 7790857 3471023 3470580 8870422 2760812 2760580 230880 2760580 2760880 2760212 3230561 4720519 7790560 7790937 8550519 7790841 7790913 7790516 7790752 3470496 7790516 8550043 2080770 9710770 2760496 9710930 2760995 2760924 2760924 7790580 7790964 7790770 7790888 7790741 4720888 3470857 3470857 7090973 7090973 4631010 4630741 8190646 8190350 9350880 9350043 910414 3930575 9040969 730809 7790741 910043 7790741 8870560 730880 8870422 730519 730519 730422 730212 230212 730796 730833 730283 730924 730772 730754 730928 730371 8870754 730560 8870772 3731002 3731002 3731002 3730004 8190160 8190441 730857 8870414 5231002 8870414 2760857 730519 730414 8870924 730809 2760738 730924 730928 730544 730928 730414 8870373 730371 730364 8870809 730928 2760928 730228 8870518 3250200 730544 730544 730928 730729 730770 8870424 730857 730928 8871007 730928 8870772 730928 8871007 6660984 9350646 8870924 730741 8870424 8870424 730741 3931023 730741 8870424 8870424 910928 8871007 8871007 8870424 8871007 730872 8870518 4720519 8870870 8870424 910200 730071 730386 730857 5370993 8870424 730969 8870043 910969 7790969 8870424 4720544 8870880 8871007 4720544 8870580 730833 730043 8870043 3470782 730770 230071 231007 2760930 230930 231002 2761007 230228 230496 3730185 3730772 3730782 9710857 2760371 5230930 730285 730043 5230037 6900037 2760561 8870304 7790969 730964 6660969 6660561 6660800 2760969 2760212 6660761 2760653 2760043 2760913 2760857 2760043 2760043 7790580 7790857 4630857 4630857 4630857 4630857 4630518 4630857 4630913 8190872 7790770 9710809 8711002 730738 730519 730519 730466 730580 230812 2760043 2760422 2760043 2760560 230646 2760952 2760767 7790752 2760767 2760772 2760687 2760408 7790687 9040872 7790743 9040580 2760406
7790371 7790857 3730754 4630071 7790964 231007 2760782 7530772 2760960 9710037 7790969 7790924 7790964 3470924 7790770 7790857 7790519 4720519 4720519 2761007 2761007 6660304 2760996 730422 2760924 2760924 4720924 3730754 4630638 8190687 9760857 8710414 8710519 730739 910205 2760000 9710422 910519 910767 2760304 8190969 3950560 3471023 9040575 3730006 8190000 7790516 2760964 230259 2760504 2760767 730414 3470772 7790414 7790743 7530414 230144 2760738 230872 230872 6900529 9710864 6900529 8710872 9710519 730453 2760969 7790969 2760741 730453 2761007 3230801 730772 2760743 2760371 2760928 8870772 2760071 2760782 9710870 2760772 9711023 4720964 8870422 730928 730071 730872 730071 730770 730928 3230228 9350560 8870580 730770 730212 8870424 8870043 6660880 8870560 8870424 8870580 730212 8870424 7530200 8870424 8871007 8871007 9710422 730880 8870422 8870880 8710601 2760371 8870924 7790741 9710453 5230560 730205 231007 730371 730864 2760995 9710575 7790864 9710205 7790516 2760857 230767 7790770 3470782 7790580 2760043 7790652 2760960 2760741 230414 730767 8190772 3730414 4630772 4630752 4630960 8190772 6660924 5230386 2760666 9710386 910739 2760304 730178 231002 2760085 230375 2760496 2760580 8710770 2760741 7790752 2760809 3250205 2760205 2760770 2760741 2760969 9710386 9710924 910812 4040519 9040864 9040857 2760770 2761007 2761007 230350 8710995 7790924 4720772 3471007 7790924 7790913 7790913 7790741 4720741 7790743 9040580 3950870 8550870 3950924 7790829 730857 730800 730801 5370833 4990880 730652 730519 230006 230924 230995 6770560 3730580 8190519 8870741 8190772 730350 730205 730580 8190519 2760942 3731007 5370364 4720519 4720964 250894 3730176 3730185 5370772 3230857 6900037 730772 730772 730772 910371 730205 6660930 730114 730872 7791002 2760959 7790371 2760913 2760371 730414 231023 230741 230466 2760043 5370772 1760973 3731023 3730185 3730185 7090973 4630772 3230414 231023 730930 6660212 730796 2761002 730701 9710772 2760560 9710441 2760987 2760833 230212 730504 730043 2760043 730043 730043 4720519 7790770 7790441 9710037 8710037 9710544 3700006 9350761 8870144 730519 730144 730144 3230801 8190519 3730004 3730812 8190560 7090973 3390930 7790964 9710754 9710519 3700519 6660371 6660761 230996 230304 730961 230561 9711002 730888 730960 730653 730504 730752 730701 230212 2760741 730772 730880 730422 7790205 2760996 730422 7790857 5370043 231023 2760987 2760580 8870580 4720580 2760406 2761007 2760743 2760812 2760743 3470782 7790743 3470580 7790743 4720371 4720205 4630743 3390580 4630071 5370743 230176 2760857 5370896 2760580 730043 730952 3471023 7790894 7790752 3470504 7790857 2760043 230872 2760371 2760406 2760006 7790888 7790519 7790964 7790741 9760580 9040923 8550519 2760741 730144 730453 730519 8870527 9710801 8190812 9040857 3390741 3950371 2280519 9040857 8550857 9040772 9040772 8870880 9040969 8550519
9040969 7790913 8870872 9040580 3700519 8870496 7790752 4720519 4720424 8870741 8870741 8870870 910422 4720544 8870518 8870924 730212 8870580 8870580 7530580 8870580 8870741 8870205 8870580 3950282 8870424 730741 7790969 9040580 2570580 7790518 7790969 8871007 4720363 7790937 7790969 7790518 7790937 7790961 7790969 5370741 7790913 7790913 8870518 4040964 4040424 7790518 4630282 4630857 4630282 4630282 8190888 1920212 230422 230767 230948 230414 230560 231023 2760687 2760516 231023 8190772 4630942 8190772 7790857 8190772 3230801 230872 5230923 2760414 730414 2760178 8870741 2760772 9710987 7790888 2760666 6660952 6660809 2760212 9350880 6660880 2760880 9350144 8870144 3930561 3700519 8550519 4630857 3230414 230414 6660212 730561 6660800 2760212 7790772 2760144 910519 2760373 2760304 3930205 9710833 2761002 730870 730519 230006 2760043 230872 230560 7790560 2760043 3470334 7790772 2760772 230646 2761007 2760741 2760754 3471023 230924 8710995 230350 230995 2761007 2760519 2761007 2760212 7790841 3470200 2760422 2760961 730857 730880 730836 730739 730812 9350304 3931023 520833 3701023 3700519 910519 3931023 8190160 2760857 5370741 730770 2760772 730969 5230037 9710772 910752 9710772 230872 9710872 520071 3700987 7790888 730743 2760969 730371 2760371 2760741 4720772 2760741 2760045 3470085 7790754 2760770 7790864 2760952 7790913 3471023 7790743 2760959 230496 2760043 7790743 9710770 2760043 3470772 7790687 7790741 2760741 2760741 230872 230653 2760527 730754 9710527 9710422 2760006 7790752 2760304 2760960 7790580 2080770 7790857 3470414 5230809 5230833 9710414 8710285 9710496 8870414 8550519 3930350 6660304 6660350 6660761 6660761 2760422 730037 9350304 2760800 730701 4021023 6660880 8870741 6660167 730809 7790580 2760363 7790518 2760043 230741 2760741 2760043 2760960 230741 7790043 2760408 7790857 9710014 7790043 3470743 3470772 7790770 7790913 3470043 3470414 230350 2760350 2760857 2760580 8790422 2760580 9710580 9710580 3470924 2080580 3470580 8550580 9710371 3930952 730285 730504 9710414 730952 730646 730752 7790752 3470772 9710772 4720772 7790964 8550772 8190071 1030160 250930 2760741 2760770 5370809 230920 5230406 5230519 4720519 4720371 7790743 8190519 7790857 7790687 2760516 910772 2760741 3250560 910422 2760304 9040772 7790969 7790961 9040961 7790961 7790371 2760043 7790888 7790687 7790888 3470414 3230371 3230754 230872 3230371 2760872 7790519 2760504 3250767 2760359 3470743 3470743 9710071 3700144 6660872 6660800 3930212 9710754 9710144 8710304 520519 8550519 9711023 730741 9350833 910880 730754 730833 730754 730772 230422 730754 2760406 7790580 8190772 4630638 4630638 4630638 4630928 4630913 8190754 5230406 2760857 2760741 3230801
2760897 3470930 3470422 9710205 7790205 5370752 9350801 2760422 8710043 3470782 8600743 3950924 250071 7790894 9710897 2760516 5980043 2760043 2760414 8710923 2760414 2760416 8600772 9710772 2760913 2760743 2760964 2081023 8601023 2080894 8190894 3730420 2370973 3730420 3730176 8190964 9350924 3700770 8190043 9710531 8710422 8870741 3230960 2750414 3930519 3230752 730752 5230212 8870833 9710961 9710961 8600969 730752 4020504 5230812 9710772 9830561 3230205 3230701 910212 520205 9350800 3470205 3700743 3470200 730466 730930 730580 2750422 730560 9830872 730880 730741 730575 910772 8870205 730560 5230575 7790894 730752 730801 730580 2760770 730071 730350 5230987 2760441 10110880 3230422 730964 8710812 730996 3230422 8710414 8710560 9710441 2370973 3730071 1760973 3730646 3730364 1760973 8190770 8190964 3470496 3470504 6350920 2760178 2760071 230964 5980466 230991 230414 230888 2080043 8600043 10011023 3730458 3730176 3730964 8190820 8190820 8190896 8190894 3471023 5980043 2760071 8710888 8710772 3470743 3470743 7790888 8190930 230920 2760371 230259 230176 2760964 230666 2760071 230458 230952 7790864 8710767 2760350 8600043 3471002 9710924 8190964 8710729 9710037 8710371 3930371 5230872 3930653 9711023 3700964 910285 10140006 3730888 9350743 6760888 8790888 9710743 5980519 9710991 9710519 2080960 2760924 2760741 2760880 2760741 3470930 8710782 2760743 2760043 730167 3470743 2760350 2760743 2760964 8600519 2760743 5981023 2760924 3470580 3470833 3470894 3700519 9710729 9350964 8710386 8190516 9710888 2080743 8600071 8600743 9710963 3470441 2080430 2760952 9760964 2760741 8711023 9710729 3470752 3470752 3470809 3470987 2080743 2760897 8600043 9710752 730496 7790964 9350888 3730870 3730870 3730602 3730870 1031010 3731007 9351010 8190896 8710782 9350743 8600071 3930796 910071 9710422 8870924 8870424 910205 8870282 730371 910772 910519 3470772 4040752 3470880 9710646 3470752 3470880 9710646 9710646 3470752 9710767 3470752 8710646 9710952 9710952 9710767 9710496 3470752 2080770 9710646 9710646 9710767 9710496 3470752 3470373 9710646 8710809 2080952 9710176 9710646 3470752 3470752 8710646 3700770 8600770 9710897 9710964 2080743 8600880 8600504 5980504 8710896 8900496 8710782 8600782 9710770 730888 8601023 8601023 3470200 9710544 3470743 9710544 3470200 9710743 3250920 8790888 8710646 3470743 3470200 3470987 9710743 9710580 9710752 8710767 8710496 8710504 8710770 2080770 9710952 9710646 9710767 9710752 8710767 8710765 8710770 9710414 9710373 3470752 3470752 8711023 3470752 3470752 3470373 9710544 3470752 3470987 3470504 2080770 9710770 9710952 9710767 9710752 3470752 8710504 2080770 9710414 9710496 3470752 3470743 8710770 9710770 9710176 3470894 3470923 9710646 3470176 3470923 9040285 9710646 3470809 3470414
9710770 3470422 7790888 8710864 9710864 8710741 910896 8710741 3470924 3700767 9710812 300739 300422 3700560 3470752 5230880 3470527 9710888 9710888 3470205 3470995 7790752 3470772 3470772 9760772 3470043 7790772 3470772 8190897 8190596 3950560 9710741 3230770 8710037 3470205 5230796 3930371 730952 4020984 2750561 2750561 5230205 5230037 3930212 3230812 9040796 9040969 4040371 3471023 4040888 9040872 3471023 3470743 9710952 8710752 5230952 5230071 5230350 8710924 3470872 8710872 3470924 9710414 5230880 9710741 9710297 9710960 9040864 9040739 9710767 9710752 9040739 9710544 8711023 3930285 3930969 6580212 300205 3930796 5230350 3930653 3700739 3700739 3700812 9040739 3470560 3250422 8710560 9710796 9710739 3470414 5231023 8190765 9710857 8190770 8190888 9350743 9710743 3470200 3470782 3950371 3250937 8711023 8190496 3470200 3390960 3950371 3470923 9710371 910700 3700496 9710741 3700864 3700519 3930741 3700924 300414 3700205 9710071 9710960 3470952 3470743 9040285 3470200 3700924 2080770 8710741 3470894 9710212 3470872 9040350 3700414 9710729 3930205 910741 910212 910516 910205 3230560 9710743 3470560 3470872 4720964 3470043 7790841 7790888 7790687 3470772 7790888 3470043 2760043 8600772 2760338 7790888 8710519 3470414 3470772 8550519 3950960 3700350 3700205 9710350 3700205 3700796 9710006 3470872 8710872 3470743 8711023 9710920 5980646 8190043 8190043 7790743 9760580 8710580 7790687 3390580 4300857 8790496 3470743 3470743 3470894 9760200 9710687 9710176 9710071 5980888 3700964 3470857 3470560 8600743 9710371 9710996 9710334 3470560 3470575 9710872 3930350 9710924 8710969 8190006 8190767 4630896 3230414 3230297 6900466 3230872 730741 730371 230000 3470043 8710466 230920 8710466 2760924 2080743 7790516 7790743 9710891 8710741 8600285 9711023 9710857 8710422 3470987 8710422 3470743 7790741 300414 3930924 5230575 300864 3700205 300872 6900872 9710350 9760205 8710560 5230995 9710743 8600466 8600071 9711023 3470782 730942 8600782 9710043 8600920 9710920 7790913 3250920 9710888 8710176 8710176 7310560 230414 5230504 730738 8710043 5370964 8600770 9710770 7790373 9710752 2080752 8710920 5370894 7790770 8190964 2760894 8711023 3470743 7790888 8710767 3470200 9710071 2760920 3470987 7790964 2080772 9711023 3470205 7790371 7790880 7790937 3470006 8550519 9040987 9710006 3470880 9040864 3470952 3470894 3470200 9710422 9710880 9710334 9710422 9710864 9710350 9710924 3950880 9710891 9711023 9710371 3470560 5370894 3950371 9710496 9040812 3930071 910516 910006 910071 8710743 9710770 9710653 9710334 9710739 910752 3470200
3470924 3470422 4020996 4020304 3700896 9710880 9040739 8710924 3470920 8710653 7790743 7790770 3470743 9710991 7790516 2760178 9710441 8710952 8710888 2080580 9710888 9710888 7790888 3470872 8710516 3470752 9710770 3470496 3470560 3470200 910880 9710205 2080285 9710176 5981002 9710969 9710772 3470894 9710987 5980920 9710987 3470987 7790964 8190772 8190964 7790857 9710285 9710741 3470414 3470980 8901023 3470743 9710743 9710960 3250560 9710969 9710969 3930560 3930334 3700812 3700414 300205 3700205 3930796 8710422 8710928 520071 9710924 3700739 3470205 9710924 9710285 9710043 2760770 3470414 7790888 3470743 7790743 8870043 8870741 4720205 8870212 3470580 9350560 910796 3930741 9710969 3700796 3700880 9040739 9040812 3950880 9710963 9710772 910741 3250371 3230205 3250580 8600043 9710043 3470580 8790414 3470894 9710205 9040739 3470006 9710285 9710205 9040701 5230984 910422 3930812 9040969 9040969 9710856 3700741 6900880 5230812 9710924 3470796 3470812 3470872 8870741 8190560 9350422 9830984 9710996 9710575 730000 7790043 7790205 2760741 230350 7790888 2760422 7790888 7790913 7790414 9040043 3700960 9830561 3930739 3470422 9710969 300996 3470205 9710575 9040996 8190961 8190961 8190371 3930653 3930575 3930996 3930304 4020000 520741 3700205 3700205 3930212 9710812 9710205 3470422 3700560 9040969 8190969 9350930 9350037 6760969 8600930 8600930 9710796 8710043 9710701 730880 8710212 9710422 9710796 9710212 9710743 3730880 3730422 10110857 730857 730894 7790857 7790872 9760964 8190596 2080531 8600857 8600920 2080894 8600857 2080857 7790857 2080872 3470462 3470458 3950371 6040857 7790371 9760964 3730458 3730531 5370200 10140872 8190422 730176 3950205 9040872 2081023 2080961 8190504 3470200 910896 4040752 4040964 3730673 8190504 9760964 3470462 8600646 7790888 4720964 3730942 3730519 3390888 8601023 2080531 2081023 2080894 5370964 2760071 3950897 7790741 7790924 3730071 8190991 3470531 8190071 3470987 3470987 3470043 3470870 3730928 9350930 8190752 8710930 8711023 7790743 7790888 3471002 3950043 8190596 7790964 3730894 5371007 3230212 3230987 3230212 3230796 3230800 9350880 3230212 2081007 2080864 3731007 3731002 7980973 730857 8190422 5370964 7790841 8190961 4990857 5650212 10010857 5650880 9710212 910796 3470772 910880 910212 910516 3700800 9710880 9710212 9710796 8600857 9760964 2080743 8190176 7310741 6901023 6900924 8710414
7790857 8190741 3950960 9040923 8870952 8870741 7790770 7790741 3950371 8190687 8190829 8870741 730741 5370741 6660995 2760006 8710580 3230796 9710770 9711002 8870424 9710653 9040350 3950960 3470386 2760560 8870741 7790580 7790580 7790580 8870812 5370924 9040857 8870870 8870809 8870741 7790888 2760071 8710782 9710782 3250006 3470580 8870952 3230000 3230404 3230212 9710996 9710961 910414 8870996 9711023 3470200 7530560 7790770 7790752 9710285 9710205 9710205 8190205 8870924 730006 2760071 730812 9711002 9710872 8710653 3470995 9350872 2760857 8710114 910205 6900466 10110872 230996 730952 2760880 230167 8870043 3470200 7790743 9710200 8870741 3470200 3700864 9710496 9710880 3470422 9710646 7790770 2760767 2760504 2760743 2760043 230373 6660338 730809 9830496 8870414 2760800 2760371 7790741 7790205 7790743 3700575 7790924 9040969 7790518 8870496 7790913 9040580 3950560 7790888 7790741 7790752 7790752 8340580 8190913 8870006 7790371 3950924 4720924 3950924 4720544 910796 8870800 7790964 8870812 8190812 3471023 9040043 8870924 9040043 7790913 9040864 7790857 9040043 9040043 7790857 3950043 8870560 3950560 7790913 4040424 9040969 3250560 9710741 9710969 8190414 1030969 4630364 3730974 250888 9350043 2760043 3471023 250743 3471023 7790743 3230872 3230923 4720864 3230422 2081007 2760176 230888 2760960 3470043 2080770 3471002 7790371 230872 2760920 5981023 8790888 8710466 4630752 3730888 3730133 3730133 4631007 4630071 4630004 4630888 4630364 4631007 3950364 2760043 8710043 2080519 2760414 5230920 9710920 9040580 7790770 7790913 7790741 2760857 6900043 230923 2760414 230809 9710043 9710414 2760338 2760043 9710752 3470580 2760809 2760960 2760338 7790770 2760952 9710646 9710350 3470496 3950960 3700071 3700285 3700888 3700770 9710960 3700741 3700770 3700770 3930646 9710752
730754 7791023 7790580 2760516 2760580 8870414 3950924 4720371 730519 731007 8871002 730812 8870580 2760646 2760580 2760896 7790371 3950924 7090973 3390580 3950371 7790913 7790770 4720363 7790516 4040580 4720363 7790770 7790373 7790752 4040071 9040043 7790741 7790913 9040043 3700880 9040580 3470580 3470872 7790371 3930812 8710812 8710176 8710006 3230560 4720888 8710743 3470743 3470782 9710646 9710920 8601023 5980920 8330496 8711023 8710580 8710043 2760857 9710519 2760752 3471023 2760928 2760770 2760800 2760752 3470987 9710770 2760969 6660952 230752 230212 730772 730304 6660422 730770 6660800 2750880 730752 8710752 8710228 4990960 3930386 3931016 3930796 3700960 10140212 8190952 8870496 3700527 8710969 520071 8710304 9710071 8710504 8710857 9710739 3730504 3730963 3731010 3730963 4630638 4630857 8190996 3730580 9350580 2750212 2750496 3230770 9310422 8710228 8190071 8190043 8190812 2760043 7790743 7790964 2760071 9710920 7790913 300496 9310504 5230809 5230870 8710924 9350930 3730870 3730268 1030004 1030993 5370888 2760896 2761023 2760653 9040350 520519 8190043 8711023 910560 3470200 9710743 9710071 910752 5980770 3700888 9710646 9710414 9710285 910114 8710414 5650414 3470752 8710767 3470504 7090857 7090973 9710466 3730504 4630752 4630004 4630638 4630371 8190888 4630752 8190812 9040857 8190043 3930205 9830812 3930560 9710969 9040864 3470575 4630969 3730653 4630857 4630638 8190043 8190741 8870043 5230466 7790373 9040043 8190006 8190964 8190767 2760920 7790743 8710176 9710888 9040969 7790772 7790772 9040772 7790964 7790964 3470987 3730496 4630960 3730754 4630770 4630857 3730754 4630913 4630857 7090973 6900646 5650350 910741 5230646 5230984 3930006 910928 3930371 3230864 3230812 2760969 230820 2760560 3730924 3730602 3730496 3730754 4630371 8190801 4630004 8710930 8190952 8711002 9710963 3470743 3470743 7790770 3470200 4630752 3730071 3730920 4630857 7090973 4630857 4630638 7090973 7790964 3470782 3390743 3730924 4631010 3731010 3730004 4630638 7090973 250896 8190519 2760991 9710920 250896 2760176 7790888 2760880 7790888 8600646 3470743 9040462 8550519 7790743 7790741 9710920 3470872 4631010 3731010 3731010 3730004 4630857 3730984 4630638 8190770 8190752 2760373 9710414 7790371 3470414 2760741 3470006 3250205 7790872 9711023 3950414 9710864 910205 9710752 8710770 3930304 3700888 3930770 8900767 2760743 3470782 8870043 9710872 8710519 7790964 3471023 2760205 2760872 2760006 9710043 9711023 730560 2760441 230767 230987 8710772 230212 2760960 2760928 230770 2760952 2760767 3730752 4630071 8190960 7790857 8190920 3731010 8190071 8190952 8190006 2760928 2760414 5230519 5230519 5230414 7790741 9710285 3730414 2760741 9760857 2760687 730114 3700580 3930580 3930580 910928 8790741 3930743 8710752 2760504 2760872 2760144 2760646 2080531 8600414 9710519 2760894 8550870 7790516 7790833 2760741 3930870 730071 3230212 3930561 730928 3930961 8341007 4040741 5231023 9710205 300205 3930205 730228 230496 730960 730560 730770 730519 2760930 230496 2760414 2760930 2760687 2760767 5370801 5370896 2760930 1031010 8190519 730888 230984 730743 7790743 730560 2760767 2760942 2760646 8710519 2760205 6660653 6660812 3700144 6660754 2760304 3930519 3930422 7790969 8870144 8190913 4630928 4630928 4630913
4631010 4630371 7090973 4630371 7090973 3391007 7790913 8190071 9710043 2760857 8710622 2760560 9830767 5230527 8710880 2760583 5650880 8600212 5981023 8190460 3250422 9710422 3730812 8190995 5230857 5230646 300006 3700812 9710812 5650560 3730460 3731010 3730144 8190350 8710575 9830996 9830996 9350800 10140212 3930575 9710144 6580984 3700857 9350809 8190960 3730004 3730004 3731010 3730004 3731002 8190466 7090930 8190466 3950930 2760243 5230872 5230959 3230414 9350741 3700864 9710857 8190006 8190371 8190872 3471007 9710741 8190809 8190043 3470200 9350913 3930283 300880 300212 9710767 8190888 5230767 8710212 3730071 3730004 3731010 3730004 8191010 8190560 7090973 8190920 8190991 7790770 3470752 2080770 7790857 9710014 8710422 8710987 3470441 3230996 3700752 3230857 9350071 3930857 3230996 3730004 3730004 7090857 7090973 8191010 7090973 3471023 8190496 3230924 3230743 3230812 9040462 3700560 8870043 3730004 3730004 3731010 7090973 7090857 7090973 7090973 8190071 2080770 7790857 3470857 9710071 8710752 9310422 8710812 3470743 9711023 3470743 4630913 7090973 3950870 5370043 3470200 2760948 8870043 3700770 3950422 8870043 3950371 3390580 8190646 8190602 9710496 10010414 8710952 5230809 9710371 5230006 9710371 8600071 3950371 9710350 5230006 3390752 9710350 3470857 3950560 8190913 9710544 9040961 9040043 3730004 3730004 7090973 7090973 7090973 7090973 9760964 7090973 3730673 1760973 7090973 7090973 7090973 3390743 7090973 9040857 9710285 9710496 9710414 3470580 9040580 8710767 9710920 3470580 8190422 9710872 3470894 8190964 8600466 3730006 7090973 7090973 7090973 7090857 3730004 7090973 7090973 7090973 3470743 6040857 3471023 8710888 8710743 8710743 3470743 8600767 9711023 9710575 8710888 9710872 8710857 9710856 8190043 3701023 8710996 3470422 9040580 3470560 8190560 3470857 8190414 8710924 3470176 8190741 7090857 3730924 7090973 7090857 3731010 7090973 7090973 7090973 9711023 3470857 3470422 9710996 2080872 9040857 9710422 910414 3700414 3930924 3930741 9710205 8710205 3730984 3731010 3730004 3731010 8191010 8190560 3390960 8190752 8710212 9710770 8710560 3470782 8710043 9710071 5230646 3470006 9710872 3470006 4300857 4630960 7090973 8190646 3700857 3230496 9710646 3700880 3470880 3390743 8600743 9710043 8600043 9710043 8710996 8710796 5230920 9710687 8190942 3731010 7090973 3730004 7090973 7090973 7090973 7090973 7090973 3390888 3390770 9710857 9710888 9710872 8600212 9711016 3470752 9710996 730228 730228 730752 3230228 9350800 730969 8710176 9710462 3700857 9710527 3700880 8710920 8190767 9710414 8190741 8710924 9710373 3470880 8710560 8190952 7090973 7090973 9710043 8710857 8190561 3470200 3470414 2080043 8190560 7090857 3730646 4631010 7090973 7090973 8190770
9710414 8600864 9710350 3471023 7790752 250888 3470857 7790857 7791023 7790743 7790743 9040462 3470782 3470782 520964 8600071 7790888 7790964 8190964 2760991 3470743 3470743 8190752 7790857 2760857 7790741 3470200 3730924 8190991 9710414 8710560 9710350 3470857 4040519 3470285 9710176 3470809 520071 8710924 2760178 9710496 9710414 9710872 9710770 9710743 9710864 3471023 5231007 9350880 3930812 3700770 3700422 9710880 9040796 8190560 8190960 8190560 3700739 3470752 3470652 3730770 8190920 9710205 3470872 2080952 2080430 9710920 8710872 9710371 8710872 8600743 8190770 8710205 9710580 3471023 8710920 2760743 2760519 8710519 2760743 8600767 4630960 3730602 3730920 3730560 3730004 8190496 3390960 9040857 3700743 3930770 3930496 3930519 3700739 910928 910371 2760350 730043 2760371 7790770 2760960 7790741 7790894 9710646 7790752 2760754 2760924 7790519 9710519 2760872 8190071 3730952 3730071 7090930 3730767 3730004 4630960 7090973 8190071 9350653 3230880 8870043 2760996 2760924 7790371 8710205 9711023 7790770 3470812 3950496 3470857 730857 730653 730857 730304 3950729 8870424 8191023 7790857 3230144 730371 8710519 9710350 8710414 2760350 9710782 3230924 9710646 8870741 9040923 3470580 9040864 8190920 4630741 4630752 4630913 4630960 4630770 8190913 3390741 3470923 8550414 3470880 3700739 3700560 3470743 3470743 3470924 9710888 9710880 9710544 910741 910752 8710969 9710969 3730560 4631010 3730812 3730872 4630638 4630518 7090973 3470857 9040857 3390743 3470894 8190767 7090857 3730646 7090973 4630638 7090973 3730004 4630243 4630243 7090973 7090973 7090973 3470285 9710896 3470857 9710960 8550414 3470872 9040285 3470857 2760924 2760414 9710964 2760371 9710987 8600519 8710743 3470743 8600371 8190560 8190770 3470963 3470743 5230071 3470074 9710872 6900872 9710043 9710872 9710285 8601023 9710414 9710872 9040043 2080743 3470857 3470857 3470074 8190872 730991 8191023 8190991 8190560 3470006 3390580 3470857 9710743 3470414 3390770 7090857 7090973 7090973 8710880 300701 3230796 3930752 3930770 3930283 9710809 9710414 3700414 3470880 3701016 3470857 9040857 9710496 9710006 9710006 9710006 3700770 9710960 9710414 3470894 8190205 4040857 8190993 9710646 3470987 9710071 8710920 3470752 8710924 8710414 3470006 8190371 8710371 5230000 9710071 9710872 9710458 5230350 9710995 3731010 3730653 3731010 3730006 7090973 7090973 8190653 8550857 8550857 9710516 5230560 9710006 2080770 5230350 9040701 3470205 9711023 9710743 2760504 5230212 3471023 9710920 8190560 7090973 8190560 3390743 3470212 7530872 3930796 3700701 9710880 8710809 3700770 2080205 7090973 8190560 9710350 9710414
9040857 9040580 3700767 9041023 9041023 9710770 3470857 9040872 3470414 9040872 9710969 3930561 9710969 3700006 3700205 3700496 9040872 8190560 3700560 9710575 9710812 8191010 3730004 8190560 8190006 8190006 3700741 9710371 3700212 9710796 9710414 9710743 3730458 8190894 9040872 9710741 9710864 6900872 9710872 9710969 9710285 9710350 9710519 2760212 2761010 2760896 2760741 8900466 5980466 9710995 5230920 8600920 8190006 2080864 9710991 8190812 2080872 5230212 3470872 9710414 3700580 5231023 5230414 3730006 3730964 3731010 3730004 3730004 3730741 7090857 8190964 8190560 8190006 7090973 7090973 7090973 3470857 5980920 3230812 3230987 3700924 9350924 4720371 3230888 9710422 3470782 3470872 9040857 3950144 3950144 250144 8190160 7790857 5230872 9710729 3700995 5230767 3930560 9710889 9710297 5230350 3470575 3731010 3730004 3731010 3730004 3730004 3730004 7090973 7090973 7090973 7090973 7090973 3950870 8550870 910872 9710285 9710580 300212 300212 300422 3230880 300212 300796 3230880 4720422 3230880 3700857 9040857 3700752 3731010 7090973 3470857 8550857 3470857 3470373 9710006 3390743 910857 3930741 3930212 3930212 8600212 9710414 3930496 5230304 5230880 9710924 3700960 9710653 8190896 3470580 8550580 8550580 3700422 2080580 3470857 3470880 3470796 3470176 520743 8190646 7090973 7090857 4631010 7090973 3730004 7090973 7090973 7090973 4630004 7090973 9710739 6660071 6660243 3230952 8330996 6580212 730000 3230920 3700212 9710770 8190741 9711023 3700212 3470752 3470212 3731010 3730984 9710857 9350178 9710212 3230743 9310422 4020000 3930496 3700422 8190071 3470373 5230920 9711023 3470531 9710176 9710770 9710770 8710888 9710422 8710770 9710006 5230767 5230952 5230767 3700741 9040923 5230646 8190653 3730767 4630371 8190000 8190560 3470200 9710741 230622 230809 9710519 8710285 9710772 8870880 2760772 9710772 7790752 9710043 7790205 230920 5980043 5980504 3470743 3470782 9710920 8711023 3470205 8190812 8190964 8190071 8190687 8190913 8190993 9710739 8710560 9711023 3700205 8710880 9711023 6900880 9710872 9710770 9350924 9040857 3950371 8190518 8190687 8711023 9710043 8711023 2760857 3470857 8870741 8190519 7790913 3950993 3950043 7790880 7790913 5230646 6900924 3730770 5230575 9830996 9830796 9710205 3730000 9040575 9040870 9710205 9710812 3470812 9710928 6900767 6900809 300653 9830561 300856 9040575 3470414 910796 6900422 3700996 3470422 730796 2760212 6660856 230857 6900466 6900880 6900995 2760350 5650043 5230959 9710006 1550872 9710414 9710334 8710995 9711023 8190770 6350560 2760857 8190071 250964 8190560 3470334 3471023 9711023 9710872 3700071 300872 3700739 9710964 5980920 9710920 9710006 3470812 9710653 5230920 9710888 910371 9710371 9710371 730880 9350741 730741 9710864 7790371 2760857 730857 2760212 9710462 9710897 5980872 8710891 3230371 3230872 3230864 3700580 9350743 3700701 9710856 3730561 3730752 3731010 3730646 7090857 8190000 9040857 7090973 9710205 3470743 9710016 8190920 3731010 7090857 3730004 8190920 7090857 7090973 3230812 8190371
8600371 3700924 3700923 3700924 7790414 3471002 4720741 8870741 8870872 5231023 5230285 9710961 8601002 9710496 7790752 8870424 8870043 4040200 7790969 4040580 2570580 3950993 7790969 2570043 7790969 3950993 4040200 7790752 4040200 4040580 8870518 2570772 7790518 4040200 7790969 3950993 8870037 4040519 7790969 4040200 7790729 2570772 8870772 8870754 7790969 8870754 4040200 7790969 3930888 8710928 8600743 9710920 9710782 9710071 3700888 9711023 8711023 9710071 8710752 9710770 8710765 8710037 9710073 3470987 3950043 9350544 8190888 8710741 9350560 3930575 3701023 9350006 9830812 9710575 9710334 3250205 4990228 2750205 730350 9350243 3230560 730928 300872 3700995 4720200 8190995 8190006 3730004 2760200 6760872 7790857 2760833 910422 8870422 3470441 9710285 7790371 9710414 9710770 9711002 9710496 3470752 8870496 730770 8870373 9710802 3441023 2760969 9760200 2760894 8190896 2760857 8870144 9350561 2760894 3470144 2760894 7790743 7790743 9710897 9711023 8710575 9710414 6900560 8710205 3470285 9711002 6900560 3471002 7790739 5650872 6770460 2760243 230870 230870 230569 230924 5231023 5231023 7530371 730043 8870571 7530772 3470772 9710350 8870560 7790205 3250006 5650872 3230995 3230006 3230350 5230995 3470006 8871002 5230205 9710653 8870741 8870350 910205 8870205 7790961 8870422 8870422 7790913 7790969 8190071 10011023 9760964 9710880 9350996 300729 6660176 300205 2081023 3700864 8870560 8190006 8191002 9350741 3931023 3930796 9710969 9710701 3470752 8710504 7790373 6660767 8710504 2760770 2760767 8330560 9710770 8710037 9420952 8710496 9711002 520752 9710729 7790496 8870987 730770 9710073 8330560 3230812 6580212 9830767 730960 910043 3230920 8710888 9710743 8190812 8710739 9710071 5980920 5980466 3730991 3730987 3730888 8190930 8190888 8190973 8191002 8190422 3950371 9350924 3470422 8870924 5230422 6660800 730212 7790741 730006 8870741 8870518 7790894 8870560 7790371 300996 6660047 3930701 9710304 3930575 910560 8870422 730894 8190923 4630371 3730004 3730741 4630371 9710923 6350741 3250857 8870414 7790371 3471002 9711002 9040580 3471002 9710782 3470743 3470782 3930920 8600350 8870350 3700422 5981002 8710928 4720964 730924 7790894 9350894 9040969 2760964 7790964 7790519 5980888 3950414 8190969 8190969 8190969 3730743 8190964 8190646 4040741 7790913 7790969 3950371 7790937 9040969 4040424 8190913 8190422 3471023 9710200 3470987 3470987 3470743 9040872 9040969 3470200 3700796 9420809 9710414 10110422 230870 230739 6660801 6660996 2760243 2760897 2760205 2760897 2760673 2760646 6660527 6660560 730212 6660228 730228 3930043 2750228 730282 9350741 730228 3470200 3470414 9710891 8870741 8870924 9710285 9710880 5230960 3470752 3700770 300212 8710880 8190894 8190894 8600422
3230653 9710006 9710880 3730304 3730527 3730560 7090973 8190560 7090857 8190516 2080857 3471023 2080414 231010 1550006 1550006 9710371 5230729 2080560 9710739 9710422 3700701 9830561 300304 3930796 300304 9040739 8600371 9710812 9710920 3470334 8710767 3470857 9710770 8710437 3470414 9710752 9710414 3470857 3470752 9710414 3470414 3470743 9710071 9710043 8710565 7790205 8710772 9710071 8710991 9710752 8710560 9710739 8710422 3470880 9710767 9710071 3470987 9710701 3700212 3930796 300880 9710880 9710414 5230809 3470752 3731010 3730952 3730561 7090973 3470857 3470212 9710622 3470422 9710770 3470496 9710920 8710996 8790504 8710743 8600743 8600071 9710071 3700071 3470205 9710964 8710888 3730996 3730004 8710857 8190888 9710770 3470857 3470963 8710767 3470752 9710770 8710741 8710872 9710414 5230414 3470872 8710350 5230920 9710334 8190350 3471007 9710334 2080205 9710205 9710880 520964 9710880 8600924 7090973 7090973 9040857 2080743 9710888 3470872 3470872 9710888 3470580 7090857 7090857 7090857 1600973 7090973 7090973 7090973 7090973 7090973 9710729 9710272 3700350 8600212 9710371 3700996 9710422 9710880 5231023 5230857 9710857 8190741 3470857 8190212 730560 3700527 730952 6660996 9710422 3700880 300212 9711016 3470752 8711023 3730770 3731010 3731010 3730004 3731010 3730004 7090930 7090973 3471023 9711016 9710857 3470422 3470880 3390960 9710963 2080414 3470752 7090973 8190960 3390770 7090973 9040857 9710969 3930496 3930812 2080952 8710752 300996 9710770 2080952 9710963 8190920 9710334 8710888 9710016 3390741 5230857 8190071 5230212 9710212 9711023 3950371 5980646 8600872 3470743 8190888 7090857 1600973 3731010 7090973 7090857 7090973 7090973 7090973 8190071 3470857 8600350 2080743 8600646 8600646 2080872 9760964 8190896 3730259 3730964 3730743 1600973 7090857 4630743 4631010 4630913 7090973 3390964 3390752 7090973 7090973 4631010 4631010 4631010 7090973 4630004 7090973 7090973 8710770 9710782 8190561 3470782 8190952 5230923 8190338 2760414 8190338 3470930 9710414 8870812 9710043 9040857 9710043 9040527 3470857 8190812 8190770 7090973 7090973 7090973 3950422 8870043 7790741 7790857 3950371 7790857 8710743 730743 5230995 3230371 9710334 9710462 9710334 9710205 9710575 8190071 8710466 5230995 6760006 9710462 5230872 9710864 5980920 5981023 5981023 5980888 8710176 9040857 230653 8710754 8710006 2760045 8190772 5980857 5980857 3730888 3730006 3730812 3730371 3730812 3730888 8190770 3470074 4630638 8190350 8710259 8190888 2760350 8900466 3730782 3730638 3730004 3730043 3730004 3730004 8190160 6760560 6760560 8710575 9710466 8710580 9710071 3730000 3730000 3730000 3730205 3730812 3730560 8190920 9710601 3470857 9350924 5980888 3470006 3470872 9710872 8190043 8190960 3470200 2080414 5230466 8190741 3470200 6900466 5980872 9710864 3470743 8710414 3470857 9710924 8600071 8600519 9710071 9710920 8600920 7090857 3730004 3731010 3731010 7090973 3730414 9710930 2910466 8190864 8600872 3730004 7090930 3730006 7090973 7090973 7090973 7090973 7090973 7090973 8190350 3950924 8190071 9711023 9710920 5980920 5980920 5981023 5981023 8710796 2760960 6660809 9710752 8870043 730812 730880 3470200 5230422 9710071 3470580 3470743 9040872 7090857 7090857 7090857 7090973 4631010 4630857 7090973 7090973 7090973 8190414 8600857 9710414 8190896
9040857 3730812 8190560 9710006 3470414 9710622 9710200 3470857 3470857 9710964 9710857 9710743 8711023 9710991 3390964 8190006 9710872 8190071 8190872 8190920 3390960 8190504 9710924 3700743 3700205 300006 3470743 3730560 3730924 3730653 7090973 7090973 3470857 3730653 9040857 7090973 8190006 8190888 300422 3230996 8810466 300996 9710422 3700796 6900952 9710285 5230959 9710006 3470924 9710212 9040857 9040580 9710920 9710920 9710920 9710920 9710920 9710920 8190371 3930964 3930371 9711016 3700796 9710701 3700888 3700812 3700796 9710857 7090973 7090973 8550857 3470414 9710880 3470743 3470752 3470796 9710812 3470924 3470752 9040864 3471023 3390743 3390770 7090973 3470414 9710350 9710864 9710872 9710646 9710350 9710872 3730809 8190770 9710646 2080560 3470963 4630770 3730666 8190646 9040857 3390743 8550857 9040857 9710006 3700796 3471023 2080743 9710920 9040857 9040857 3390743 9710176 3470458 9711023 9710920 8710920 8190964 8190770 9710920 4720741 9710741 2080924 3470872 7090857 8190809 3390743 8190516 3950880 8870580 3700422 9710796 3470580 9710496 9710920 3470880 9710920 7090857 7090973 7090973 3470857 3470074 7090857 1600973 7090857 7090973 7090973 7090973 7090973 9710996 3230561 300996 9040739 520857 8190767 9350212 8190496 8190995 3950560 8190560 9710285 7790371 8190071 3700519 3950772 3470772 3470857 3470504 250741 7790857 2760857 3470074 9710920 7790964 3471023 7790743 8600504 9710894 2080414 9710857 9710414 2080770 3470857 8190741 8190043 8190894 9040923 3390580 3390741 7090973 7090973 3470200 9710527 6660561 730178 3700701 4020212 9710772 9710796 2080772 9710350 5231023 7790371 3470872 8550519 8190414 3950496 2080752 3470200 8710527 730960 3930770 3230422 3230767 8870422 8710920 3950371 9710414 3950960 3730741 3731010 3731010 7090857 3730004 7090930 7090973 7090973 7090857 1600973 7090857 7090857 7090973 7090973 7090973 7090973 3470857 8550857 3950924 910969 3930880 3700212 3700796 8710880 9711016 9710796 9710752 9710701 8710960 3230422 9710920 9040857 7090973 7090857 7090857 7090973 7090973 7090973 8190646 4300857 8190767 3390770 8190645 7090973 7090857 7090973 9040857 9040857 3470414 8550857 9040857 4720571 2760371 9760371 4720371 9710872 9710350 2760857 2761007 3230006 9710872 2081002 730961 6660961 730739 6660422 730422 10140422 3730527 3730653 3730560 3730653 4630638 8190653 8190000 8190653 4630913 4630913 8190741 3930144 4990800 3930964 2080531 5370743 3470144 7790894 7790144 5370460 8870144 7790144 4720964 3700964 9760920 3470458 3390964
3470560 3950043 9040969 4040424 9040772 7790888 7790772 2760000 2760770 2760896 3470205 2080767 7790205 3471023 3470531 7790560 3230996 9830466 6660006 230006 230872 2760441 230741 2760285 2760801 8190006 9710801 7790857 3930371 10140371 4990371 730652 9350006 7790144 6660872 5650205 8870741 730205 3230560 8870006 2760923 4990801 6660809 4990800 730652 3230880 6660422 3230801 730880 8870580 9710422 4720424 8871007 9040961 9041007 8551007 9040969 9040969 7790580 730422 4990304 2750304 3930560 3930743 910560 9040969 3950560 9711023 6660741 300796 3700880 300212 300796 3700812 3700297 9040212 3700741 3470880 8550857 9040739 3950812 9040857 8550857 3930739 3930969 3930200 6660304 9350800 6660800 910928 910928 8870924 2760043 230350 230930 230304 6660743 2760964 230560 7790870 2760371 7790894 7790870 2760653 730560 2750560 2750205 2750006 6660653 5230350 9710006 8870043 3700006 4720371 3470872 7790913 3470772 9710987 8190071 3700166 5980888 5980888 9710880 3470200 6901023 6660304 6660197 3230575 9350560 6660304 9710864 8190350 8190205 910857 8190812 3730006 3390961 8190653 9040857 8190653 9040857 3950560 3950924 4040200 9040961 9040961 3950993 910880 9040872 9710200 1920996 6660212 2750212 730575 9350205 9350205 3730519 730857 10110812 9350304 300304 9830996 5230754 730924 730373 730770 230809 2760071 730960 230987 730560 2760743 2760043 2760043 2760043 230071 2760782 2760304 230870 730743 2760560 730880 7790752 730894 9040969 9711023 2080519 7790964 4040043 7790741 7790888 2080772 300880 8600857 730071 8600422 300422 5980646 2080743 8600560 7790913 2760043 230809 9710772 2760043 6350560 3730772 3730185 3730414 8190741 6760580 2760872 3730580 3730580 3730741 3730350 3730043 4630371 4630580 9350560 9350560 3930575 3700575 9710653 2080205 3470812 3470575 9710739 9040857 3470205 3470872 8340043 9710462 2080894 3470043 8600964 2080743 9040969 4040424 4040200 910928 3931023 3930422 9350212 730371 9350653 8190043 730000 230872 2760969 2760371 8870880 9040969 7790969 7790741 4630160 4630752 8190006 5230466 3230285 8870386 6660047 9350796 3930836 3931016 9350800 3930304 9040969 910006 3470580 730796 230006 2760205 730212 2760924 7790741 7790964 7790913 910864 2750575 6660969 2750836 730527 730519 2760371 9710414 9040772 5230646 4720560 5370812 9831023 730969 9710653 9040575 3470575 9710304 8710575 9710144 300575 9710144 3700350 5230646 3700812 9710812
7790752 9040043 9040043 3471023 7790752 2760864 230741 2760782 9350071 9760920 9350920 8710386 9350743 5370043 6770043 5370964 7790752 8190964 3730527 6760043 3730888 8190043 8710930 8190782 8190770 3470870 3470857 5370144 2760770 2760770 9710212 9710796 2760752 6660212 8710930 6660767 8190160 3730496 8190930 3730833 6760160 9350752 2760857 5370741 2760285 2760923 6660767 6660952 2760770 6660453 6660767 2760373 6660504 2760285 2760752 2760519 2760519 2760960 2760752 2761023 2760504 2760652 2760071 6660924 2760071 2760801 230653 2760928 8870414 2760743 8710519 5230006 9350646 5230575 5370371 730872 9710864 3730350 3730924 3730924 3730006 3730872 8190741 8190350 3230304 2750996 2750996 2750422 6661002 730928 730580 8870144 8870580 3700144 9710580 2760496 9350460 3730460 3730504 3730928 1030948 4630928 3730241 3730646 3730241 2760043 230872 2760043 9710519 9710371 9710864 9710864 8711023 2760350 2760924 9710006 8600560 5370743 3730888 3730888 3730004 3730006 8190741 9350304 9710987 9710857 3700864 3700739 3930924 3930964 3930386 3230969 3930228 3930870 3230646 3700870 8870870 730812 8870560 9040987 8710767 8870205 2760812 2760043 2760739 2760043 2760560 9710801 7790964 2760043 9040987 3471023 8190071 6660460 6660043 6660772 6770460 2760043 2760743 2760205 2760560 6660812 2760928 2760928 2760880 2760212 9040870 8711023 3471023 7790770 3700952 3470923 8190071 9040857 8190767 7790829 8190516 2081023 7790516 9710544 8601023 9710894 7790770 9711023 2080743 2080205 9040987 2080531 9710646 3470176 7790897 3471023 2080531 9710770 3470043 8190920 8710767 8190071 8190888 9350888 8870424 3231023 9350304 730928 6660560 6660176 3730441 3730812 3731010 3730004 8190560 3731002 3730993 6660996 6660243 730857 6660422 9350870 730580 2750043 6660460 2760272 230653 2760580 3470043 2760000 2760741 2760205 2760043 730964 5230920 2760205 730870 5230812 5230872 3950371 2760167 7790743 7790964 8550857 9711023 3470872 9710872 9710544 9711002 7790743 9350920 730961 910729 730729 730408 3930964 730872 9710969 9710200 730371 730872 730872 7790371 3930772 9350741 8190772 4990880 730743 730741 9711002 8190741 730857 5370580 730857 5370580 730857 9350408 5370924 730857 5370888 730857 730772 730857 9350888 5370371 8190782 730857 730964 730888 3230580 730772 730741 730964 730857 5370071 7790580 8870006 2760924 2760857 9350743 9350602 7980160 5370602 5370870 2760580 7790857 730646 910961 910772 8870772 230872 3230920 3470995 3230924 5231002 5230006 9710872 3931002 3930772 4990071 7980973 9350364 5231023 6770160 2760857 2760364 2760371 8870741 7790519 7790652 730006 8870952 2760782 2760961 7790386 730144 3930870 3930646 3930996 3930560 520371 520870 520371 9710646 520743 9040043 300560 3700857 3700924 3700071 3700880 9710371 9710371 300422 3700880 3700350 3700205 9040575 9710729 9040350 8190888 8190371 9350561 8190460 730857 9350930 2760527 5370408 8190772 6760422 9350043 9350930 8190371 9710930 9350930 3470930 8190930 730796 8870560 9040796 7790913 7790350 7790969 3470422 9710006 910371 9040872 7530872 3470872 8870741 7790964 3470200 730071 7790371 2760741 8870350 9710987 3470043 7790888 9710772 9710772 9710772 9710864 9710580 730167 2760741 2760942 2760114 9760772 2080580 8711023 9710200 2760913 9350872 730167 9710880 10110646 2760880 3250772 2760880 8710114 8790504 3470772 3470987 9350743 9040987 3470200 3470772 9710891 2760741 3470772 7790857 2080772 7790857 7790743 7790888 7790741 9040772 7790741 7790857 7790857 7790857
3930285 3930767 8870741 9711023 9350414 8190160 8190414 9040857 9040857 7790580 730896 3470200 7790743 3470422 7790964 2760560 3470200 5370371 7790864 7790371 3950930 2760857 9350930 2760857 9350924 9710205 9710897 9350687 9710085 9710752 3471002 3470200 5230880 3700924 300414 2080960 3700741 300741 3700812 7790752 3700924 8190920 8190373 8190504 8190752 9350896 3230285 3230414 5230923 3230414 5370371 5230772 6900767 5370743 730285 8330466 9350414 7310924 3730004 9350872 9350006 9711023 8190864 9350888 2760743 8790857 8870424 5370071 8190770 5370741 8870580 2760857 3230857 6350371 5370894 7790857 5370809 5370043 230560 730071 730872 5981002 730964 5370043 6660006 5370741 5650872 730006 2750924 6660560 9830496 3700144 3930422 3930297 730833 6660761 730422 730833 230422 730812 730880 730496 8870580 2760770 7790741 7790371 8870373 2080580 2760991 8190888 3950930 5370741 9350666 3931023 3930701 9350364 3930364 3930880 3930422 3930767 3700896 3700767 3470894 7790969 5370752 2760178 6760767 9350414 5370743 8710453 5370743 2760857 2760770 2760767 3470462 7790964 7790518 7790913 7790857 7790913 7790770 730212 7790752 8870422 7790969 8870772 230580 6660504 6660422 3230422 730812 3230996 7790888 7790560 7790913 3930741 300504 300767 300350 8710350 3470205 3700414 3700857 6660167 300864 3930924 730006 9710987 5650350 8870880 9350888 5370371 230006 730560 230963 230228 730496 5370993 230228 730167 230673 9710995 8710767 230006 7790857 2760466 8190350 5370770 7790857 5370752 3470373 3470987 3930212 9710969 520741 8870560 8870518 2760741 730285 730738 730743 730741 6660924 730739 2750812 6660738 730770 230047 730176 7790741 730575 730653 2760580 7790580 8870741 8790888 7790857 7790857 8190519 3950930 8190880 7790888 7790857 7790770 7790857 7790857 7790857 7790857 8190741 7790857 7790371 9040857 7790857 2760857 7790857 3470930 7790857 7790857 8870560 5370043 5370043 8190043 9350984 3931023 3931023 9350729 6660948 6660767 8870870 2760923 2760580 5370580 9350580 6660646 3230200 730752 730870 5370870 6660043 2760928 2760580 2760928 9350580 8790422 2760948 9040580 6660996 3230560 5230422 8870228 9350560 3930653 6660653 2760043 7790043 2760071 9710920 2760987 8710801 3730920 8190888 3730782 4630371 4630580 9350043 9350071 3730371 3730872 3730872 3731002 9350924 8190414 7790857 8870741 3470200 3700743 3930743 3930836 4990872 9350864 5371007 2750924 5230228 3700864 5230646 2760006 2760043 9710285 9710006 9710872 2760872 9710864 7790870 2760864 6660350 9350964 2760071 8190460 6660948 301023 2760743 6660948 9350460 2760743 3700580 2760743 3470743 3471023 3470872 4040200 3930422 910205 730812 3231023 730144 4720200 730422 8870580 8870580 3470205 8190043 2760652 2760043 7790870 9350560 3470652 3470043 9040872 7790652 8190043 3730004 3731010 3730646 3730646 4630913 4630857 4630371 4630857 4630913 4630930 4630043 6660282 3231002 6661007 6660245 3230144 730812 8871007 6660006 9350743 3700964 8190006 8190006 3730004 8190043 3730646 7090857 3950422 8870930 2760870 730870 6660460 2760043 6660460 2760006 2760872 6660872 730741 9710580 8190350 6660924 6660948 6660460 730928 3230414 8190913 2760371 8870870 8870741 3950924 2760857 8190646 3950371 8190888 7790857 7790888 8550043 7790043 2760928 8870870 8870043 730043 2760043 9350043 3700896 9040870 9040043 4630928 4630160 4630160 3930857 3930857 3930857 9350743 730870 910870 6660809 6660961 730870 3230870 730870 3230386 3230870 3700386 8870897 3700964 8870880 9350560 3930414 3930519 9710796 3700796 5230872 9710414 9710796 8870924 2760414 9350894 8600414 9350212 3230796 730880 8190894 8190422 8190043 4630160 3730646
3700743 2760653 3700166 3700350 3950924 8190496 9350006 8190872 3470930 730560 730560 730928 3230422 730928 4720424 3700598 3700212 9710928 520071 3930739 3930836 730928 910870 910924 3930870 3700166 3700386 3700166 3930864 910796 7790913 7790937 7790913 7790743 2760043 8870043 3470043 3470462 3470043 8600043 2080864 9710872 9710864 9710350 3700743 300350 5230350 3470205 3700924 5230006 9710872 9710872 730560 730043 6660043 6660580 3700580 9710580 3230872 5650872 9710350 9710995 8870580 8870043 8870144 730043 6660460 6660460 8870460 730928 730006 8870580 730928 8191010 8190516 8190371 9710880 3230561 2760304 2760996 6660767 2760996 9830422 730812 2760646 6660297 9710527 2760857 2760560 7790857 8870741 7790414 8190071 8190741 8190518 8190964 7790741 9350071 8190880 3730212 4630200 3730809 8190371 3950371 1551023 9710371 1551023 3930371 3930864 6660350 3230166 730228 8871007 3730969 7090973 8190741 8190872 9710969 6660371 730952 730167 7530422 3470200 9710527 6660969 8870870 9350414 730144 9710453 2760414 3230414 9710414 2760504 3230767 3470752 9040772 3470212 7790373 3250371 2760375 730371 6660646 6660043 6660738 6660338 7790864 6660496 2760872 9711023 2760924 8190752 8190741 8190741 7790857 8190043 9761007 6900872 6900504 730741 6900043 5230920 8870872 8710864 3470772 7790739 8190071 2760560 8190504 3470441 7790743 2760767 2760752 730743 4720544 3230888 9710864 6900995 5230350 5230350 5230924 5230006 9710006 8190371 3950930 8190964 8190913 8190006 8191010 7090973 8190772 3950924 3950371 3950371 3250043 3250937 730404 3230580 731007 730422 730928 8330560 8710560 3230560 5650560 9710071 4020504 9830767 3230212 2750996 3230422 730000 731023 730071 8790580 3700386 6660984 9350888 9350560 8190969 7090973 8191010 8190350 3470200 9710782 2760071 2760071 9710987 8710987 3930496 9710729 520960 3700923 9710414 9710496 3700739 520371 3700739 7790969 9710334 9040812 910924 9350560 9350205 3930833 3930519 2760928 3930833 3930371 8870144 6660561 730741 730969 910580 730924 730350 9350894 8870897 9711002 9711002 7790741 8870864 8190414 7790964 3471023 7790371 7790857 7790560 910872 9040961 7790961 7790961 7790743 8870809 7790371 2080531 7790752 3470200 3470144 7790924 6660738 730071 730006 730920 230995 230006 5231002 2760045 230653 7790580 2760864 2760205 2760897 2760924 231002 730043 730752 3230995 3470995 5231023 3470043 9710006 7790961 9710350 7790913 7790857 3950897 7790741 730350 8190964 7790770 5370743 730743 1920000 6660043 730772 730812 5370560 3730580 3730182 3730460 8190964 3730527 910930 8710782 3250920 5650560 9710772 9760924 2760857 3730924 3730772 9350964 730880 9350964 2760071 5370371 730964 3730782 8190930 9350516 9350930 6760924 9350687 6760516 8190422 8190765 8190560 8190741 730880 8870043 9350743 9350043 8190920 8190160 9350646 6660856 6660801 6660422 6660772 6660422 6660304 730000 2760646 3930422 730812 3930896 9830831 8710422 2760422 3930772 9350364 9350364 8870364 8870364 8870580 6660043 2760561 730796 2760043 2760646 2760880 2760673 250743 250930 7790857 8190772 2760812 250896 3950772 250200 2760857 250519 9350743 5370371 8190371 9350796 8190371 9350212 8190519 3730596 3730241 8190519 3730241 8190519 8190519 8190519 250930 8190519 8190870 8190519 8190519 250519 250580 250580 7790857 8190741 5370964 8190752 4990580 6660580 730519 6660228 3230544 731007 8870580 8870580 3700519 730894 8600964 910857 8710729 9710739 520857 5980504 520857 8190964 8190653 7790888 230504 9710782 7790987 7790833 9710037 5980504 7790964 2760205 730519 730580 730283 730752 730560
731023 8870422 8870422 5370560 8870043 7791023 2760006 5370812 8190519 8190212 5370422 7790857 8190880 8190913 2760857 8190071 2760857 8711023 9711023 8810496 2760752 8190930 8190930 2761010 8870741 3470930 6660767 6660880 6660561 2760304 2760527 2760880 2760422 2760071 2760422 2760928 8870364 6660880 6660767 730870 2760960 2760741 2760414 2760043 7790752 2760414 2760646 2760741 7791023 7791023 3730004 8190772 8190864 2760741 5370371 9350414 2760857 730857 7790857 2760857 730071 230767 2760043 5370043 230770 7790857 2760414 2760752 230496 2760772 2761023 2760504 7790857 2760741 2760857 2760741 7790857 7790371 7790969 7790857 7790913 6660646 9350800 2760047 9710701 8870422 9350304 8870560 7790969 2760800 7790857 7790857 8190772 8190930 8190519 8190519 8190518 8190930 8191010 7980160 6661010 3230166 3230836 730166 730646 730386 730729 9350870 730796 7790043 6660930 6660043 2760561 2760857 730043 3230880 730043 2760880 8190560 2760212 8191002 8191023 6660043 230043 3230796 2760043 6660996 2760580 730996 5370422 6660043 2760580 2760580 2760580 7790580 6660561 2760350 2760205 8870560 8870422 7790518 730561 8870043 8870560 8870772 2760857 8190913 250969 2760857 2760857 730857 2760928 2760205 730857 2760924 2760969 2760741 8790519 6660772 730857 731007 730212 730580 730857 730496 9350646 9350580 8870930 3230422 730200 730880 9350071 730857 9350646 4990646 730857 730857 910200 6660812 730212 730646 9350913 9350560 730857 8870864 730969 730880 4990993 8870870 730200 731023 6660422 8870386 730492 730646 731023 730928 730857 6660836 9350836 8870870 730928 730857 8870580 730961 910200 730166 8870870 8870870 8871007 9350166 8870580 5370282 8870424 8870870 730870 8870424 8871007 730212 8870796 730880 730880 5370993 730561 8870580 8870518 8870424 8870741 910200 8870518 2760880 730212 4720544 730796 8870870 8870424 8871007 730809 4720969 910544 910544 8870043 910544 2760969 731023 730969 8870580 7790422 8871002 4720969 8870386 2760928 8870870 3471002 7790371 8870580 2760350 9040870 7790870 8870872 8870424 2760304 8870741 3700560 8870560 8870043 7790964 7790770 3470200 8870796 730000 2760857 8870422 8870422 8870880 7790770 7790888 9710796 8870880 730544 3930519 6660047 6660166 910796 9350304 2760047 730880 730560 730212 2760741 7790560 2760948 3730812 3730004 8190930 7790857 2760924 730414 3230422 3231023 3230812 6660304 730796 3230796 8870364 300880 9711002 730800 3950772 8190880 4630071 3730646 9040857 3470200 9710646 2760809 2760770 8190772 3731002 8190930 3950930 8190930 3950870 8190646 730996 3230422 3230297 3230422 3230297 3230527 730422 3230580 8870304 3700580 7790937 730836 3470782 3700043 3470880 3470580 3470580 3470580 5370460 2760085 2760043 230872 2760043 2760371 9710212 2760043 3470043 2760561 2760646 2760812 2760205 2760205 2760043 2760996 9710212 9710422 8190894 4630896 4630928 3390960 5370770 8190772 8710043 9040580 2080580 9040812 9040996 3470580 7790560 2080770 730796 9710371 730371 5230872 730006 3230996 730212 9710527 3230527 8870812 730743 7790580 730920 8710580 730948 9040580 9710580 3471023 8190872 7090973 7790857 9710928 300527 3700422 2760812 9710414 3700770 9710833 8870414 8870560 3471002 7790741 9711023 8870800 3470205 9040969 9710872 3470205 5230646 9710006 9040872 3390960 8790043 7530043 2760043 2760043 2760894 2760752 8710995 3470580 2760770 9711007 3471023 8600504 9711023 9710924 7090973 3390580 3950924 8870422 730043 230920 2760880 7790371 3470043 730504 9711002 3470200 9710646 8870812 9710752 910371 9710770 9710646 3470414 3470043 7790743 2760338 7790371 7790752 9710458 7790414 3470580 2760741 9711023 3470580 9710580 9040580 3470924 8550580 9040580 3390580
8550857 2760801 2760754 7790857 7790857 300969 3930796 3700743 3700560 520964 3700739 3930422 520560 520560 520560 7790857 8550519 7790857 7790857 8190687 8190772 8190772 3730772 3730185 3730772 3730004 3730772 3730004 8190801 3730772 3730441 2760930 231010 2760857 9760930 2760741 7790580 7790924 3230496 3230952 5371007 9711007 5370801 5370754 5370812 7790857 3950772 7790516 3931023 3930646 3930880 910896 5370371 730466 8190894 7790897 4720964 7790964 7790571 8190043 7790857 8190894 9710496 8711023 3730952 4630888 4630580 4630371 3731023 4630580 4630043 4630043 8190772 3391007 9040857 9040857 3390888 3470422 9041007 9040580 7790964 9040961 8870741 8870212 9040864 3470200 7790964 250772 1030772 6770460 5370043 730205 730928 730282 8870386 8870043 8870741 8870560 910969 8870754 8870880 9040969 8190930 8190801 8190043 2760857 2761023 5370801 3730888 3730466 3731023 3730176 3731010 8191023 4630004 4630741 3700796 3700857 9040857 3390960 4630371 7090973 7790043 8190043 6760371 4720371 3231023 9710872 9040864 7790812 3700924 5230729 5230857 5230729 3930006 3930371 3930371 3930741 7310182 4990801 9350178 5370580 9040857 8190422 3731002 3730646 4630580 4630833 5370043 7790743 9710857 8190741 3230857 4720857 7790857 5370371 231023 730043 2760738 2760043 8870796 7790857 3730924 3730561 3730801 3730560 4630857 4630371 4630638 4630928 4631010 4631010 4630857 4630371 9350580 9350580 2760857 3700930 7790857 7790741 9040772 9040043 3700205 300924 3700212 8550857 3730880 3730004 3730984 8190752 3730646 8190801 8190772 8190646 4630870 4630870 4630930 4630772 3730801 4630580 8190687 8190864 3950371 3950371 8550857 910741 9350516 8190942 8190765 8190765 8340580 730928 8870580 7790857 8870460 7790857 8870772 8870772 4630960 4630857 3731010 4630857 4630765 4630857 4630580 3700857 3700857 9040857 9040857 3700857 300924 3700857 9710646 3470796 7790652 250930 6771010 9350638 2760930 6760160 9710930 8190772 2760752 8190754 6760772 3730772 3730601 4630200 3730646 3730754 4630765
730560 4720205 7790770 4720205 910812 9710006 3470560 9040872 9040350 8550857 9710864 910519 3700212 910006 9710006 9040872 9710350 9040857 3390964 8190006 3950960 7790752 7790741 7790857 8190913 8190205 8190741 3950414 9350560 8190864 8190422 3950043 8190646 8190504 7790371 7790741 8870580 7790987 2760857 7790969 7790969 9040043 9040969 8550043 7790913 7790969 7790969 7790913 7790913 7790969 7790913 7790937 7790894 7790969 7790969 7790518 7790913 7790964 7790913 4040752 4040071 7790913 7790913 4040424 7790743 7790913 7790743 7790770 7790888 7790969 7790969 910422 7790969 8870043 8870424 7790518 7790913 7790964 7790969 7790964 7790687 4720857 7790743 7790969 7790969 8870772 7790743 7790969 7790518 7790969 7790969 7790741 7790913 7790518 5370752 9350930 5370752 5370071 8190920 5370770 7790964 7790888 3470200 7790969 7790913 7790969 7790913 7790969 7790857 3950043 7790969 7790913 7790913 7790913 7790772 3470857 9710796 8870043 730880 8870043 730561 730880 230948 730652 730652 730880 230952 9710466 9710772 9710441 3230496 730504 730770 910043 7790741 3930285 3930043 910043 910043 910205 910006 910560 8870812 3950205 9350006 9350930 7310924 5370924 5370888 9350924 8190006 3950371 8870518 7790518 4630913 4630518 4630580 4630004 3390580 7790857 730043 230350 730894 730350 730350 730767 7790371 5370770 4630580 3730888 8190519 250519 8190754 4630004 5370043 5370896 7790888 8190888 7790743 7790516 7790894 230984 730924 730738 730752 4720969 230580 2760770 8190952 8190752 250930 8190496 8191023 5370770 8190071 9710519 2760071 8710772 2760782 910772 8870864 3230350 3230350 910772 910371 910371 9040969 9040857 7790913 4040752 910969 730961 911002 730800 910928 730652 730652 730652 8871007 730928 4720424 7790580 8870518 910371 730961 4720519 730741 8871007 2760857 5370770 5370812 7790857 7790652 4040580 9710888 3470743 3700743 8710767 520743 8710228 9350408 520969 3930519 8870833 3930519 8870741 520752 520969 3950560 3950729 3950371 7790743 7790969 7790687 2080531 7790964 7790043 7790043 2760948 3470043 7790888 3390960 4630357 4630004 3470652 3470987 250752 3950870 3950772 5370752 5370071 5370888 8870496 520741 3931023 910043 730741 910928 910924 910371 910043 3700043 520043 8870924 520043 910043 7790969 730373 730646 730880 730809 8870741
3950560 9710422 8600212 9040870 9040796 9040870 7090930 9350930 6770043 730043 730646 730496 2760969 7790870 7790969 2760969 250776 250993 8600646 4040071 3470987 2760782 2760504 9710987 3700414 9710767 4040752 3470809 8550414 9040923 7790924 3390960 4040424 7790371 7790754 7790752 7790770 7790752 7790913 730114 730560 730772 2761002 730653 730000 7791002 730560 730006 730560 3470995 7790350 7790924 3470772 7790872 3390580 3390580 9040969 730928 8870424 3700741 9040836 3391007 4630913 9040857 8550857 2760930 2760772 6770460 2760043 230071 2760920 2760071 7790870 7790857 730920 8870580 730496 730504 910580 7790752 3700743 4040424 3470205 3471002 7790969 7790913 7790913 7790371 7790913 7790913 7790913 7790924 3950371 7790913 3250422 8870812 3470043 7790913 9041023 3470200 9040772 3950371 7790969 7790969 7790752 7790741 8870772 7790371 8870952 7790741 7790741 2760772 7790741 2760772 730809 230924 230006 730942 730687 230809 730414 9710923 730043 730043 7790969 2760043 7790969 2760006 7790371 8870741 7790857 4630371 4630969 8190646 8190043 8190646 3950772 7790913 3950205 9040969 7790371 7790913 7790741 7790969 7790812 8870812 8870872 9040772 7790518 8870772 7790913 7790371 7790371 7790741 3950422 7790913 8870741 7790880 8870924 2570043 7790371 7790952 7790913 8870741 7790741 7790924 7790913 7790913 8870741 7790560 7790969 7790841 7790518 7790913 7790518 7790969 7790913 7790770 7790743 7790518 7790770 7790741 7790741 7790888 7790741 7790913 7790371 7790371 7790741 9711023 7790371 8870560 7790870 730144 6660880 6660460 8870580 6660460 2760772 6660772 2760772 8870772 9040870 8870772 6661007 6660460 6660043 8870460 8870870 8870043 8190888 8190782 910772 910772 910772 910043 910857 4040857 300422 3700964 3700812 3700304 3470772 9710519 230996 2760772 250772 2760561 7790770 7790857 3950870 3470422 730000 9710304 7790961
7791023 8870741 3471023 7790913 8870006 7790913 7790913 7790964 7790913 7790969 3471023 4720371 7790743 3950371 7790913 7790888 3230560 3230560 8600743 9710872 7790741 9710414 3470995 3470414 8190071 3470504 3471007 7790969 7790350 7790857 7790580 8870580 9040772 7790872 7790741 3470580 3470006 7790371 7790969 7790518 5231007 3230996 5230466 730176 10110006 7790752 2760441 9040350 3471002 7790580 7790560 3230856 8330996 9830996 9830422 8870422 730646 9710580 3700575 9710920 730888 3230527 9830996 3230560 3230560 3230856 9710297 3470575 9710575 8550580 4720205 3470205 7790888 2760114 3470504 7790752 3470987 7790743 2760741 230596 7790752 9710458 7790496 3950205 7790857 8550772 7790913 7790894 7790741 7790913 7790371 4040200 7790969 9040969 910896 9040969 4040371 8710441 8710519 9710071 3470462 9710071 9710920 910857 8600782 8870897 8600964 2081002 3470833 520964 9760964 5370043 8870580 7790888 7790743 7790580 7790729 7790741 7790580 7790857 7790857 7790857 7790969 730037 730857 4720544 8870037 8870772 5370424 730930 730857 730754 9350924 9350754 7790729 8870741 8870518 3930496 3930888 520043 3930924 520043 520043 3700496 9040872 4040424 7790580 8550580 7790913 7790913 3950043 7790888 2760043 730071 8711023 2760071 5980504 7790888 3470987 7790043 7790913 7790687 7790752 7790894
8710646 3470752 9710952 3470752 9040864 3470752 5370282 730857 5370043 8870043 910857 9350924 5370948 8191002 9350422 9350888 9350043 8190560 3470930 8190422 9710930 8600864 9350414 9710414 9710995 9040462 3470006 3470043 3470205 9040043 9040872 6770930 230292 730527 2760071 730857 2760652 2760857 2080531 8600752 9350460 9710770 7790652 9710603 2760809 2760770 9710144 9350144 9710144 3470414 8600743 3470743 8600285 3470872 3470205 2760544 7790743 1030994 3731002 5370930 3731002 9350037 730969 3930200 730304 730283 730969 730984 730212 3700772 730770 8190964 8190969 8190969 3230880 8190205 3230544 911023 910772 911023 6660896 9350741 6901023 6660872 9710462 8600864 2080743 5981023 9350964 2760857 3470462 7790864 7791023 7790964 8190801 3950772 5370200 3730241 5370770 5370071 8190350 2760857 8190043 9760371 2081023 7790043 230984 730496 7790888 2760071 7790964 7790371 6760071 8190960 9710928 3700519 3700833 6660414 2760969 3930364 8870741 8870924 3700741 8870364 7790964 9710200 7790516 2081023 7790687 3470752 9710371 9710872 8710872 8870741 3930864 5231023 8711023 8870872 3470857 8190176 250071 5370071 250942 6350920 3730441 8190872 2760987 5370743 5370741 3471023 520687 9710729 3470176 8190504 3950897 3390752 3950043 7790913 7790964 3700212 3700796 3470924 9710414 2080285 3470043 8870741 3700880 3470212 9040772 7790969 8710767 3471023 9710646 8710767 4720864 3230772 6660924 5231002 5231002 730880 3470043 2760743 2760743 2760144 5370801 2760930 2761023 5370743 7790857 2760964 2760960 2760770 9710043 7790752 8870422 3700996 7790652 3390752 7790518 7790964 7790913 7790964 8870580 4720741 9710772 9350964 3930200 4990993 9350144 3930519 8870282 3700519 520371 3930812 3700812 300729 520414 3700809 3700560 9040701 8190880 8190212 8550857 3471023 2080770 5370043 730043 730888 2760071 730995 730928 6660245 2760782 8710772 8870580 3700205 9710772 3470580 2760812 8190812 3470872 8710729 3700071 3700772 9710928 9710014 8870560 3700205 8190371 8190602 1760973 8190864 1760973 2760969 8190496 9710200 8711023 9710043 8710466 5230466 230006 730857 5370371 5370880 230796 8870304 2760857 2760857 2760996 730880 8711023 9710422 3470580 2760071 730071 910752 3250422 9710297 9710961 3230212 8871007 3230422 731007 3230422 4720772 730880 3230422 7790422 3230646 7790964 7790913 7790743 7790888 7790964 910285 3471002 910285 9710987 9710071 520071 9710969 3470809 9710969 730752 730646 8870772 7790580 230561 8870772 7790373 3470833 7790518 7790371 7790894 9041023 4630743 4630930 250743 3950772 7790741 8190519 5650872 300872 8710741 8710350 9710924 8710924 9710071 8710006 9710043 8710043 8870772 8711002 7790441 7790743 8190772 250371 8190888
3230996 3230422 8870880 730561 730857 4020984 730880 3230796 9710212 730996 3230930 3700772 3700212 730857 730857 910857 9350880 3700422 8870422 4720857 9350422 8870212 5370460 7790924 4040424 7790913 8190993 3730646 4630969 8190519 8190752 8710872 8811023 9711023 9710961 9710752 3470752 8710496 3470504 5370770 5370043 5370894 2760930 2760894 2760930 2760458 2760913 7790519 2760820 2760896 7790743 2760646 2760743 6770741 730453 730414 2760969 5230969 8600414 8600414 9710987 5230037 5230772 5230037 730646 5230043 730741 230809 8870414 9710923 7790741 3470462 3470414 3470580 9040285 3950371 8190741 2760259 5370964 5981023 2760920 7790964 5370964 730964 4990969 3930864 730205 9710969 8710872 3470772 9710995 3470200 5231023 5230504 5230767 5230772 9040772 9710872 730205 7090973 3390930 7790870 3950993 3700960 9710729 730646 730338 730930 5230930 6660160 730414 5370460 730960 730930 730930 730414 8190043 730857 730414 2760741 250371 3950414 7790741 7790913 7790741 2760178 7790580 730338 730948 730948 8870948 8870948 3700580 8870948 2570043 3391002 3950043 3950043 3950043 7790857 9350043 7790857 9350888 5370741 9350741 9350930 9350646 9350160 8870772 730857 730930 9350872 6660772 9350752 4991023 4990772 9350071 5370930 8331023 9350560 230292 730920 9350504 9350422 6660453 9350782 730200 730857 730371 9350924 730743 730857 6660666 730924 9350422 8870205 2760371 8870496 7790857 730729 4990646 730969 9350924 8870037 730809 730729 730969 730646 730928 8870518 730857 3930422 8870282 8870037 730633 9350913 8870422 3931023 7790969 3950729 8870424 9350646 8870772 7790739 7790741 8870043 8870741 8870772 730741 7790770 5370741 7790894 2760006 8870924 2760857 730924 3950371 730560 8870043 9350913 2760857 8870518 9350560 5370924 8870424 9350043 2760652 9350743 8190205 9711002 2760857 2760741 730561 9350560 730752 7790652 7790652 7790652 3470200 8190960 3470200 9711023 9350752 8870872 9711023 8870872 3471023 8870373 7790857 9711002 8870772 8870006 8870043 7790371 9040043 7790913 7790741 8870924 3950371 7790969 7790752 8870741 7790741 3950043 8870741 3950960 7790969 7790371 3950205 7790913 9041023 7790969 7790752 8870518 9040043 7790741 4040752 8870560 8870741 2570580 9040969 8870518 8870518 7790913 8870741 8870424 8870741 7790969 7790741 4040424 7790043 3950993 3950371 9040580 7790913 9041023 7790913
4630160 8190043 3950560 3731023 7980973 7980973 3731002 7980973 8190888 5370888 8191023 8190930 8190043 8190646 8191002 8191023 3950930 8191002 3730519 3730043 3731002 8190930 8190424 5370930 8190812 3950930 7790857 8191002 7790969 7790741 3730930 7980973 8190930 9350687 8190071 8190930 8190930 7790857 8190424 8190872 3950422 8190043 8190043 7790857 730812 7790857 8870880 8870880 7790043 3700212 2760800 3950422 8870996 9040043 8190212 8190043 8190930 8190422 7790969 7790857 3950772 4040200 3730496 3731002 3730964 8190930 8190987 730942 9710930 3730164 5980930 9350964 8190987 8190987 7790857 8710930 2760857 3930200 300350 6660560 7310928 8710930 2760857 730857 9350752 9350964 9350924 3700833 9350729 8190560 9350924 3700880 8190729 8190371 250741 250364 3950364 7790364 8190519 8191023 8190043 3950043 7790969 910496 3471023 9710969 9710772 7790987 7790833 7790772 8190772 3730114 8190920 5370772 7790964 5981002 7790964 7790964 910920 4990924 730364 730371 3230212 730741 3230996 730560 3230924 6660047 9350304 6660304 2760371 730371 8190996 8190752 8190772 8190765 8190964 8190646 8190920 8870833 300952 9350752 3930283 300496 9350504 9040857 301016 520857 4630364 8190364 8190364 8190364 3950364 3950364 3930200 3930833 3930833 3931023 910833 8870833 3930519 3700519 3930969 3700212 910928 8190646 8190969 520857 9040857 9711023 910043 910043 9040872 4040752 7790913 8190872 3390741 3950371 3950924 7790924 8550857 730924 3930414 9350809 3930414 9710772 520960 520741 3700964 3950924 10110741 3930772 9350205 3930297 9350833 9350924 9350833 3930767 3930560 3700833 520043 9040043 3950897 8190646 8190913 3950812 3950560 2760646 2760043 2760743 2760496 4630743 4630770 3730519 4630071 250424 5370518 5370896 2760519 2760894 7790897 8600920 7790772 7790752 7790516 7790894 8190772 8190772 8870809 3930833 3930833 3931002 3930200 9350833 3930833 3930043 910833 3931002 3930212 3930212 3701023 4040857 910928 910857 910544 3250767 8190765 8190071 8190772 3390888 3390743 3250043 910043 3470782 5370888 2080930 7790894 8190964 7790964 7790857 3950772 7790961 9710772 910772 910772 8790504 910772 910741 9350741 9350561 3930796 9350809 910857 3930212 520752 520371 9040043 7790913 7790770 3950205 730741 230864 3230772 730466 730772 730770 5370888 8710466 730743 730741 3930772 3931023 9350809 9350414 9350560 9350924 520857 7790857 8190993 9040857 520969 8190364 910200 4990984 730969 3931023 3930519 3931023 8190969 910857 9040857 300496 3700924 3700414 9040812 4990924 6660800 9350754 3931002 731007 730371 3230772 730752 8870772 3470200 730857 4720544 8870741 910857 3390964 3390743 4720544 5370993 4720205 4041007 4040200 7790857 2081007 7790687 8190516 8191023 1760973 7090973 7791023 8191002 3930414 5650880 9830984 3930560 9710575 3930000 9710729 8710205 3470857 8190812 9040739 3470560 520687 3470752 3470857 911023 7790961 7790961 910043 730646 730561 3230754 730920 730920 730857 2760930 730741 230646 2760043 230422 2760043 730466 730560 230560 730560 4721002 3230422 9710880 730176 4720969 8870741 2760205 8710961 8710812 9041007 4720560 9041007 3930701 3930772 3930212 9710422 730961 911002 911023 4720969 8870924 520743 910544 4040200 8190043 8190646 8190043 2750796
8190930 3730872 10140872 6660767 5370924 9350504 5370071 3730185 730741 5370638 230809 730043 230074 5370043 730043 7790930 5370043 9350930 730043 7790930 9350752 8190930 7790857 8190043 7790857 8190518 8190888 9350043 9350646 8191002 8190880 3390752 3730043 9350043 5370743 5370371 7790857 5370812 2760961 7790857 2760544 2760857 250741 2760519 7790414 2760765 5370043 5370043 730857 9350930 2760872 7790770 2760857 2761023 2760872 2760200 7790560 7790422 5370812 2760205 250772 250772 7790743 7790857 7790772 5370964 7310924 7310754 5370071 2760857 2760857 7790913 7790913 4630913 4630043 2760923 230414 5370043 5370371 5370924 2760741 2760043 2760043 9350414 2760043 7790414 2760043 730043 9350930 6770160 7310460 8190422 8190896 3700580 9350924 3230371 8871007 8870741 3700043 9350741 9350544 3730004 3731002 9350350 8190043 9350043 5370371 5370560 2761007 2760924 7790043 2760043 5370043 6770741 8190880 5370752 7310924 7310959 6760006 6770928 6660812 2760422 8190880 2760969 2760857 5370560 9350913 2760205 7790930 5370560 5370812 5370772 3730812 5370560 2760857 2760371 2760422 2760857 7790580 7790580 7790857 2760043 2760646 7790519 2760913 7790772 2760560 5370752 7980043 6760930 3730772 8190519 8190930 5370888 5370770 5370043 2760772 5370043 5370560 5370812 5370043 5370772 5370560 5370560 2761023 5370772 5370888 3730833 5370772 7790857 8190205 5370772 5370772 5370560 2760560 2760560 5370812 7790857 8190772 250772 7790857 5370770 9350930 9350752 9350930 5370371 250964 2760857 7790857 4040200 730646 5370930 730857 5370560 8190930 8190646 8190516 8190913 8190458 5370729 3930920 8190964 730870 730772 731023 2760870 730646 2760928 8870870 8870996 3950144 730857 3730536 3730043 8190519 3730772 2760752 8711023 5370743 3231023 2760857 8871007 9350836 3470200 9350646 3950364 9350212 3700422 730652 230930 3730043 9350561 8190504 8190441 7790770 8190752 7790857 3470200 3471023 8601023 8870772 8870424 3471002 7790964 7790857 5370752 7310043 7310516 7310754 3730772 7980973 5370833 2760864 2760857 5370518 5370371 7790752 730371 2760969 911023 2760743 730304 7790743 7790857 3730560 7980973 730743 9350743 2760371 5371007 9350729 730729 5370364 9350037 5370924 8870772 3700364 730969 5370754 3730833 730857 5370560 9350880 9350527 9350422 5370544 730739 9350880 8870560 9350043 9711002 8870560 8190772 6761002 3730371 5370741 6660560 9350653 9350796 2760212 8190996 2760212 2760652 2760414 8870812 2760371 250752 7790519 5370560 7310114 3730782 7980973 10140930 8190896 2760930 9350924 250969 2760371 3950560 8190006 7790560 7790969 7790739 730857 4720200 5370422 6660880 5370754 5370422 9350212 9350646 9350924 8190960 3700422 4630928 5370743 9350176 730652 9350880 9350920 9350304 3730772 8190422 9710350 8190350 8190205 8190414 8190872 3950371 3950560 9350729 3931016 9350800 9350880 9350646 9350043 8190422 9350752 9350924 9350924 3471023 8190371 3950371 8190371 8190872 7090973 3700043 9350833 5370754 9350761 2760857 9350996 4990924 7310687 7980973 7980973 2760857 6770560 5370371 5370560 5370772 5370752 7790371 8190772 5370424 7790857 2760544 2760857 2760857 9350782 9350743 9350796 8870364 5370408 5370772 2760969 8870560 5370772 8190205 1760973 5370560 730969 7790969 5370896 2760969 5370772 6350930 9350930 8190930 2760857 5370770 731007 5371007 2760422 5370888 5370772 7790519 5370424 2760857 9350872 2760371 7790371 5370741 230857 3730185 8190930 8190752 6770408 8190441 9350930 9350743 2760441 9350666 2760739 2760741 8190772 8190930 1760973 8190930 4090973 2760857 7310993 6660212 250969 6660969 250969 520969 250071 4040519 910857 910741 8190872 910371 910872 10140350 3730969 8190960 8190752 9350743 8190741 3950924 4630602 8190987 8190770 8711023 9710920 9350408 9350422 9350422 5370930 9350754 8190969 8190960 9350754 8190646 3470200 3470212 8790888
7790857 3390743 3390752 2761023 2760801 2760801 2760801 7790043 2760422 2760043 2760796 2760304 7790422 7790913 7790519 7790580 910519 9040961 7790857 7790913 3950371 7790857 7790857 8870812 730812 3250205 2760924 8870560 8871007 8871007 7790754 4720864 8870350 9041007 7790772 7790772 7790969 3950772 7790772 7790772 7790772 7790772 7790857 7790772 7790729 7790739 3950560 3950043 3950043 7790857 7790729 7790857 7790969 7790913 7790560 7790969 7790969 7790913 7790741 7790969 7790969 4040424 4040580 8550580 7790969 7790913 7790913 3950560 520580 7790969 3470930 2760964 3471002 3470200 520580 910741 910880 910422 730796 730646 731023 8870833 8870043 730408 5370043 8870580 730996 730560 8870580 7791002 730924 730560 7791002 730857 730857 730996 730969 730920 8871002 730969 8871002 730646 8871002 7790969 4040200 7790913 7790857 730857 730408 730857 7790969 4040200 910043 4720969 911023 4040200 4040857 7790969 4040857 9040857 8190913 9350913 9350560 5370043 730037 7790043 3950043 7790969 910043 8870043 8870043 7790386 8870144 8871002 7790857 520519 7790729 5370961 8870043 7790857 7790857 7790857 3950772 8870833 8871002 7790961 730928 8870414 9350646 8870754 7790969 7790969 8870424 910772 8870772 7790969 8870772 731007 4720282 4720969 4720772 730646 8871007 8870872 8871002 9040043 7790371 7790371 7790857 8871007 730969 9350872 730872 8870741 7790282 4040200 8870741 4040200 7790518 4720857 8870560 7790969 730212 8871007 7790969 4720969 8871007 4040200 4040424 4040424 7790961 731007 730646 4720772 8870205 3950930 910857 4720857 4720200 4720857 7790743 7790857 7790857 7790857 730544 8870043 910043 7790969 730646 4040424 730924 7790969 7790924 7790414 7790913 520772 3950772 8190519 7790857 8870870 2760646 730560 730646 5370993 8870043 8870043 730969 520969 8870870 910071 4040200 8870870 3950870 7790969 5370743 8870043 5371002 4040200 7790961 4040200 4041007 7790913 7790913 7790913 4040424 7790913 4750870 8870424 910519 8870772 2760928 3700772 7790516 731023 2760212 2760857 9710930 730857 8870880 2760857 7790770 8870772 2760880 8870880 4720519 8871007 8870424 8870880 8870880 9041023 7790961 8190880 3730560 3730304 9040857 9710969 3700006 3930006 910880 9710969 3470772 9710924 3930772 520833 3700888 3930987 3930888 520205 520743 8190969 3730812 4630833 8190812 8190519 8190560 3390960 8190770 3470743 4630743 7790857 8190071 910071 910772 730991 3471002 3700772 8870880 3230561 3250772 3930880 910212 8870772 3470833 8870880 8870422 3471002 7790857 7790857 3931023 910833 730408 3700772 8870043 730408 730800 3700580 7790864 730913 730741 730924 3931002 8870282 730984 910928 9040969 4040424 3700743 910928 9760071 3470743 3470743 520772 910371 910872 3930872 9040772 520741 910741 4040772 7790961 9040772 4040772 8550772 3470458 4040888
3950043 4320857 9040857 3471023 9040857 3471023 9040857 3390743 7790857 8190071 3470880 8550857 3390752 3390960 3390752 3390960 3390960 3390770 3390770 3950496 7790857 3950043 7790857 3950043 9040857 3950043 3390960 7790743 8870580 9040857 9040857 3950960 8550857 7790888 3950960 9040796 9041023 8870424 8190422 9040857 9710212 3470880 9040580 3950960 7790770 7790518 8870212 9041023 8870952 8190212 3700580 9350212 7790857 8190880 7790580 7790857 8870580 8870212 8870880 8870422 8870422 8870422 8190913 8190422 8870796 8190741 7790580 8190741 8870741 7790580 8870043 8190880 8870924 8870422 3701023 8870796 9040580 9040996 3950043 8550414 3390930 9350408 9350984 3700857 3700857 910928 4040857 910928 8870282 3930961 3700996 3730996 3730212 6760422 8190741 8190880 8190212 5370888 8190973 8190973
7790857 9040857 7790857 8550519 5370071 5370896 5370071 5370888 250964 7790857 3950371 3471023 8190812 4630518 5370930 9350930 5370071 5370071 7790857 7790857 9040857 3950043 9040857 8190812 3950043 9040043 9040857 3950729 9710741 9710741 3470414 3470995 7790924 7790741 7790857 9710872 2760580 730043 8710580 8710741 8710864 2760350 2760350 7790371 2760458 2760741 7790580 7790964 8871007 9350800 9711016 9040796 9040701 8190212 7090973 7790987 5370772 3230212 3230212 3230996 3470422 3230646 4720857 9041007 8190422 7790857 9350043 5370930 9350646 8190930 8870930 5370924 8870422 5370043 2760857 7790857 5370043 7790857 8190913 2760857 9350043 8190043 5370560 8190646 8190646 7790857 8190646 7790857 7790857 9040857 7790857 9040857 8190043 7790857 7790964 8190646 7980973 7980973 5370930 8190930 8190422 9350160 9350043 730857 2760857 8870880 7790894 7790913 7790857 3390960 8190646 8190646 8190371 8190043 8190043 8190880 7790857 3950043 7790857 7790857 7790857 7790857 7790371 7090973 7090973 3950930 2761023 7790857 7790857 7790913 7790857 7790913 7790857 7790857 3950560 7790857 7790913 7790857 7790857 7790743 4040200 4720772 8871007 8870422 5370752 7790857 7790857 3470200 7790770 7790857 2760857 3950043 8190212 3471023 7790857 3950560 8190646 8190913 5370371 5370560 5370071 5370964 8190043 2760857 7790580 8190888 7790857 3950205 9710872 9710872 9710872 9710872 4720864 3230561 9710995 7790371 4720371 7790913 3950880 8190772 7790913 7790741 8190952 8191010 8190043 2760212 9710422 8190872 8190812 3731002 5371010 8190969 8190741 7790857 8190812 8190920 9040857 5370930 2760043 8710772 7790857 7790752 7790857 7790913 7790857 7790857 7790857 8191002 8871007 8871007 8871007 7790888 7790857 9040969 7790969 7790913 3950043 8870772 8190043 520371 4040371 7790969 7790913 7790969 5370841 7790857 7790964 8870580 8870580 8870580 9040969 9040580 520743 910560 8190071 3700043 8190969 8190160 9350043 8190729 7790729 9040969 3700205 8550857 7790422 7790560 9040043 520969 520969 520519 520071 3700920 3700920 9040969 7790857 7790913 9040580 910969 520580 520580 520857 7790969 4040200 4040200 7790752 2760043 2760646 5370741 3470772 7790937 9040580 9040772 3390888 3950422 9040857 7790969 4040424 8870880 2760739 2760857 8870772 7790964 7790560 8870422 7790743 7790857 7790857 8190772 7790857 3390743 8190043 8190930 5370993 8190913 7790205 7790518 7790518 7790857 8190646 8190071 9040857 8190071 7790857 7790857 7790857 3950043 3390743 7790913 7790857 8190646 3470857 3470043 7790969 8870880 7790857 3950496 7790770 3730666 8190071 8190920 2760200 2760987 5370964 2760964 8190964 7790964 2760991 7790888 7790857 7790857
3470422 9710006 9710864 9710527 9710880 9710334 8710350 3470995 730880 3470995 3470212 2760996 3470006 9710006 9040872 3950960 5230414 8710653 3470575 9710205 3470796 9710880 5230952 9710205 9710334 3730812 3730653 8190812 8190006 8190560 8190991 8190043 8710743 8710043 10011023 5980920 3700205 9710752 9710205 8710996 9760205 9710422 3230373 8710864 4720687 730942 730812 8710580 9710043 8710872 2760646 3470870 2760043 230666 2760043 2760043 2760043 9710043 3470752 7790043 8710872 9710071 9710580 5230580 3230006 3230880 5230527 5230304 9710272 9710856 8710872 3470334 4040071 3470575 7790913 7790043 8710961 8710995 9710212 1550212 9710575 8710864 2080772 9710006 9710864 3470987 9710653 3470462 9710334 2080414 8710006 9710496 8600414 3470205 9710575 8710891 5230923 9710205 3230646 7790841 8190071 8190812 3230960 9711023 3730952 3730952 8190767 3470652 3470857 3700414 8710285 9710996 5230952 5230796 9710880 5230000 300304 8710996 9710888 8710812 9710812 8710812 3470205 9710371 9710856 9710205 3930812 3930297 9830984 9710969 2750560 3230212 3230560 3230422 3230560 8710961 3230646 3470752 3470205 9710205 5230304 300996 3930527 5230560 5230809 6580212 9710297 3470285 9710496 2080752 9710414 8710285 9710741 9710531 3230560 730516 730560 3230000 730496 6760006 3730872 3730653 3730812 4630371 8190205 9710466 2080205 8190952 2760894 2080043 8710857 8190422 4630770 9710857 5230961 910857 9710796 9710304 9760200 9710952 3470752 4630743 3730872 8190812 8190043 2760516 9710603 3470894 8550043 7790741 7790913 7790913 5230872 3930297 3930422 9830561 730304 2750212 8870561 5650741 9710864 9710743 9710920 7790770 2760741 9830767 8811023 6900996 6900872 5230350 5981023 3730006 3470894 910043 8710006 8710259 8710259 3470743 2080414 9710414 5230212 9710996 8600422 3700796 6900924 8600864 9710924 2760462 9311023 3470462 9040872 3470560 3470743 2760580 230560 8870212 230414 230000 9710297 8710996 2760527 7790964 5230304 9710205 3470205 9710205 9710812 9710205 9710812 3470812 9040812 3470560 3470924 3470894 9710872 3470575 3470205 9040812 3470560 8710812 5230519 1550006 9710371 9710864 8190888 8710350 5231023 8710891 2080864 9710687 9710176 8710767 2760960 2760896 2760964 2760770 7790752 2760897 7790741 7790516 9760920 8600043 2760043 8710872 10110872 730350 8710441 3470743 8710782 9310560 3700770 8190770 8190913 9710857 8190653 3470857 9710920 5980888 8710037 8710743 8710259 8710259 3470987 8710646 2760782 2760043 2760987 230259 9710782 3470441 8710043 7790752 8711023 7790496 8710504 9710920 9710920 3700422 730812 7790888 9710422 3470176 3470422 7790888 730560 730880 5230527 5230043 9710422 9710580 6900560 230350 5230527 5230880 5230422 6900560 6900880 3470796 6580212 9710297 3470580 7790580 2760996 2760560 230653 230527 230414 8600043 2760071 9710043 9710043 5230000 7790857 8190000 9710812 8190920 5230466 3470043 5230772 6900422 730560 6580560 9710272 9710969 8710739 9710996 5230496 3700880 8710880 3470414 5230176 5230037 8710006 5230729 9710071 8600071 9710920 3470575 3950812 3470334 9710920 3470920 3950960 3950560
9040969 7790043 730043 731023 7790857 7790841 730754 730166 730928 730924 730880 3700772 3700772 7790580 9710422 7790752 3470043 3470043 7790857 5370460 2760752 8710043 7790043 9710770 8550857 3470752 520969 9710833 3930772 3930772 730754 8710969 730646 3230920 3230754 910857 4040772 9041007 9041007 7790741 7790894 8870741 730880 3230580 9711007 4720924 9711002 3230422 3470200 3470996 4720544 7790770 9040872 4720741 3471023 2760770 2760767 3470580 3470987 3950371 3471002 3950371 3470527 8190006 9041023 3950371 520833 3950364 7090973 730114 910519 730350 8870560 730924 730006 7790961 7790371 7790969 4720741 730924 9710741 730924 9710741 2760414 8870880 8870212 3470752 3700770 3470422 2080770 9711007 4720519 8550519 3471023 5371010 3950043 3470441 730812 230880 730796 2760071 3700212 3470796 8870212 7790857 3950043 8190561 7790913 8190772 7790687 7790857 7790857 7790739 9040580 7790857 7790870 7790870 2760920 7790519 7790770 7790913 4040888 910969 910422 3930996 3700772 910772 9710422 910880 3250952 3701002 9040812 9710880 3470527 9040772 7790371 8870527 3950043 7790812 7790913 7790969 910928 3930653 8870518 8870772 3700043 4720741 7790560 7790560 4720888 910414 9710037 3470560 3471023 3950414 8550857 3950812 3950043 3950043 8190043 3950043 7790857 7790913 7790857 7790913 7790913 7790913 7790913 4720424 2760960 3250772 4720580 7790580 8870424 730857 7790580 7790857 7790857 2760772 7790857 7790652 7790857 8870518 8870772 910857 8870560 4720969 4040580 730963 5370770 5370071 2760496 2760920 2760948 2760920 2760920 2760948 8870580 8870580 8870580 4720580 9040580 4720422 7790880 7790913 4720580 8870561 8870561 3700580 9040580 910880 4040424 4040200 3390930 730796 730880 5370422 3950812 9040870 2760043 5370043 2760043 2760857 7790894 7790870 7790930 7790870 2760212 2760996 3700422 2760880 7790422 2760304 2760996 7790422 2760812 7790580 7790580 3700580 8870880 3700527 8870812 8870422 7790228 4720580 730948 730000 9040580 8870560 3950422 7790739 7790519 8870580 2760000 2760000 7090973 7090973 8190560 9350212 3700796 3230800 7790961 8870212 520519 7790519 2760880 2760043 2760043 2760043 2760043 2760043 730880 7790857 7790043 730304 3700880 9040969 910043 910043 8870796 3230880 3700212 3700880 9040527 9710422 9040043 910544 7790969 9040870 3700836 3700920 9040857 730754 7790961 4720516 910961 911023 8190969 9040212 910212 9040969 7790043 4720580 8870796 2761007 7790894 2760880 4720964 4720519 2760646 2760043 2760176 7790519 7790519 7790913 7790913 7790894 7790516 8870205 9350800 3700422 3930422 9710304 3470560 3470560 9040580 5370754 2760176 3470743 9040176 7790857 2760043
7790857 2760414 8190414 8870880 730006 5370043 5371010 5370043 8870043 3950043 520857 9350948 9350948 8870043 8870043 5370043 8870043 3950043 8870043 9040857 9040857 8190043 9040857 8190212 7790857 8190043 4630043 8190043 8190880 3950043 9350043 3470043 9350504 8190364 8190645 9350580 8870043 731007 9350043 8190212 3700043 8790857 8870282 9350948 9350043 9350043 3700043 9350160 8870043 9350043 9350043 8870043 8870043 8870043 8870948 8870580 7790857 8870580 8870043 9350948 9350948 8190043 8190961 4720969 730857 5370043 910043 9350043 5370043 910043 910857 8190969 3950043 8190913 520043 910857 9350646 9350043 8870043 9040043 910880 8870561 9040043 9040043 9040043 2570043 520969 520969 520969 4040424 4720969 4720969 911007 8551007 520969 4041007 4040424 4041007 4041007 910961 4040043 2570043 910928 8870560 730646 730646 8871002 4720969 8871002 7791002 7790580 8870580 7790752 7790987 7790752 7790770 7790937 8710466 3471023 8710504 4040752 9710767 3390743 4720200 4720772 730963 4720580 3390752 7790741 9040857 9040857 9040857 3470857 9041023 3950043 8340043 7790741 3950043 7790741 8340580 7790924 7790913 3390580 7090973 910857 910741 4720741 910114 910924 910872 9040872 910924 910924 910006 910872 9040872 910741 9040864 9040350 4040371 3950371 7790857 3950496 5370888 250930 5370888 7790857 7790496 7790913 8190496 8870800 9040961 4040964 910857 9040857 9040969 3470857 9040923 9040857 7090973 7090973 7090973 7090973 7790888 7790964 9040043 7790743 9040812 3950371 8870560 3950371 7790741 7790741 7790913 7790913 9040580 9040857 3700880 9040212 9040796 7790857 4720942 7790829 7790371 4720741 8870043 7790741 7790969 3471007 4720969 3471002 910414 4040371 4040741 7090973 3390743 3390752 3390964 7790770 5370930 250888 3470200 3470857 4040071 9040043 9040857 3950812 3950371 4720964 3950371 3950282 4720371 8870205 4720857 4040200 9041007 7790913 8870043 7790857 8190752 3470857 4300857 3950772 9710920 7790964 7790857 7790770 3471023 7790964 3471023 3471023 7790857 3471023 7790743 7790770 9040575 7790857 7790888 7790913 3471023 3471023 7790496 7790560 3950560 7790888 7790770 7790857 7790913 7090973 7090973 3390930 5370801 2760857 7790913 7790743
3470504 9711016 8710560 3700212 3700212 301016 5230796 3470880 300212 3470796 3470205 3470743 9040864 3470812 9040969 7790913 8340987 3700961 3700422 730561 5230560 5230422 5230996 8710414 9710888 5230527 8710466 3470743 3470894 8340043 8550043 8550043 9040969 3470422 3700304 9040996 3470560 9710304 3470560 9040575 9710864 730561 910772 8870560 8870880 3950772 9350872 3470995 7790857 8190812 8190560 7790857 7790857 7791023 7790205 8710864 8190812 730770 9710205 8190338 3730371 3730653 3730812 3730560 3730924 8190371 5650857 2080930 9710770 9711023 9710043 8710995 8870741 9710996 3470422 9710297 2080205 6770930 6770646 7790870 8190371 2760496 7790516 7790770 9710458 9040575 9040812 3470880 9710006 9710006 3470205 3470796 9710872 9710856 9040996 8710812 3470996 3470924 3470894 9710739 9710739 3470560 9040575 8190653 3470857 8190560 3730653 6770646 5370888 3470200 3471023 8550043 7790043 7790752 2080872 7790752 7790350 7790924 7790913 8340043 3470176 3470043 3470043 7790770 3250006 9710924 3470006 7790841 8550043 8550043 7790964 8190741 9760857 9040857 9710212 9710796 9040701 3470880 3470857 9040857 9040857 3470200 9040043 2081007 3950560
7790857 7790741 7790857 3950924 7790857 3950371 8870872 7790371 8870043 7790857 8190969 7980973 9350930 730857 730371 9350964 730809 8870304 8870772 7790969 3950371 7790913 7790969 7790518 9350741 5370560 9040864 7790422 8550580 7790857 7790560 3950371 8190646 3950043 7790857 8870006 7790969 7790964 7790518 8870741 8190043 8190752 8870772 7790518 7790969 7790969 7790969 8870772 7790913 7790969 7790913 7790518 7790969 3950371 7790857 7790964 7790741 3950043 7790969 8870560 7790913 8870518 7790969 7790518 7790913 9350006 730857 3930857 8711023 9711023 9710782 3470743 7790371 3250864 8870350 7790964 2760964 2760987 3471002 7790743 3470200 3471023 5370071 7790964 7790888 5370071 731023 8870560 7790580 7790857 7790857 7790518 7790913 4720969 7790969 7790913 7790913 7790969 7790969 7790741 7790518 7790496 7790913 7790518 2080414 3470085 3470920 9710924 8870741 7090973 8190973 3950043 9710441 9040462 7790857 8190872 7790857 4040424 7790913 7790969 4630160 7790857 7790857 8870424 7790913 3950043 8190913 9710920 8870920 8710646 8190357 7090973 7790913 4630638 3730004 3730872 1760973 1760973 8190880 8190880 8190741 7790857 3950371 7790913 7790913 4040043 7790969 9040969 9710006 3470924 3230872 730857 730857 730801 730580 730857 5370144 730857 3230205 8870580 7791002 730801 730653 7790857 730930 730857 730880 7790857 6660000 8190560 7790857 2760043 9040043 7790741 3470200 9040043 8550043 8190357 4630638 7090973 7090973 4630969 8191023 8190646 9350422 8190930 2760857 9350930 5370371 8190894 8190930 8190930 8191023 3390930 3731002 8190371 9350560 9710422 8190913 8191002 8190969 9040969 4040857 9040969 7790913 730928 9710888 7790964 730043 7790888 7790913 7790752 3950371 7980973 4990857 7310880 8190772 8190071 8190772 7790857 8190930 7090930 3950371 8191023 250200 250930 250930 3390930 3950772 3950144 250930 250930 2761023 250930 250930 7790144 5370602 5370043 8190460 250930 7790857 3390930 250930 8190930 8191023 7090973 3950144 8191023 7090973 3950870 3950870 3950870 8190646 3950930 250772 250772 3950993 7790752 7790580 3470580 2760770 730071 2760580 6660422 3230496 6660504 3230646 3230836 2760948 3700043 730872 730043 5370993 730812 3230006 7790961 4720371 3231023 730653 8871007 730646 8870580 8870580
3470006 911023 3931023 520857 910857 3700857 3700422 9040857 9040961 3230228 4721002 910580 4040580 9040969 910422 4040200 4040741 520205 9040969 3470200 5230043 2760924 5230043 5230772 7790752 3470930 2760006 7790872 7790964 9040864 3470872 3470924 7790371 3470580 9040580 8870422 730752 730996 730527 8870414 730527 3470580 7790043 3470580 7790580 7790872 3470043 7790913 9040739 910924 7790371 2760560 7790414 2760996 3470422 3470285 3470772 7790894 8550772 7790894 9040772 9040772 910864 910864 910205 4040200 3230836 730633 8870864 9040580 8870043 9040043 7790913 7790913 9710006 910924 5230037 910285 3700212 3930006 3930212 910741 9710422 8710037 7790888 7790743 2080772 910772 3470872 3470857 3390964 3700770 3700212 9710519 3930560 3700739 520772 3930796 8550772 910996 8550772 8190205 3950560 3470043 7790741 7790743 2080770 7790964 9040043 7790371 7790913 7790752 8550772 7790913 7790741 8550043 8550043 3950043 7790913 7790913 7790913 7790961 7790913 9040043 8550043 8550043 3700350 3230212 3230166 3700995 3700598 7790580 7790282 3700205 2570580 3470580 3470205 8870560 4040200 3230560 300212 3700575 520560 3700880 9040212 9040969 3700961 3700880 9710350 9710872 3470872 3950960 9710006 3700205 3700575 3701016 3470857 3700888 3470963 520071 3700701 8870304 3700743 8190560 9040857 9711002 730812 7790371 7790741 7790350 8870996 9710653 9710205 7790560 9710043 8190000 8550519 7790371 9710772 2760006 7790371 7790924 9710414 2760167 7790772 7790772 3470772 730772 730872 910864 3230772 8870924 4040371 9040872 730422 3700800 3230422 3700996 9710422 3230561 3230304 3470575 4720544 4720414 4720741 4720924 9040812 8551007 8551007 9040043
7790930 8870930 7790924 7790857 7790371 7790441 7790371 7791002 5370752 5370043 5370071 8190646 8190071 3470857 9710741 3950960 3700960 9040870 9040870 9040870 9040870 9040857 911023 8870037 8870037 520857 9040857 8190913 7090973 7790857 4720857 7790772 7790772 7790772 7791023 7790913 7790772 8190043 9040872 8190741 7790371 7790857 7790371 7790864 7790741 7790371 7790857 5370518 7310037 5370930 8190930 5370770 3470930 7790770 8870741 5370580 9350948 7790857 3700857 9350994 910580 4040200 4040200 3950930 8870037 8870043 8870518 9040857 9710872 3950729 3950371 5370144 7790857 5370371 2760948 7791023 3390580 4630071 7090930 4630043 8191023 3390930 3470923 7790857 520519 8870350 7790741 7790961 4721023 7790857 8870580 8870580 2760580 7790857 5370424 5370043 8190518 8190441 7790857 3390743 3390930 4630043 7790857 7790857 7790857 2760414 7790043 230741 7790371 8870580 7790857 8870043 2570580 7790228 7790913 8190993 2760857 7790752 8871007 3470414 7790519 5370043 7790371 7790519 7790857 7790580 2760772 7790752 7790969 8190870 7790857 8190646 8190646 7790857 7790752 2760071 3470200 2760857 7790519 8870043 7790930 7790043 7790043 7790857 730646 2760772 5370752 5370772 8190960 5370770 7790857 8190371 3950414 8870741 8870741 2570580 7790770 8870741 7790043 8870212 9040857 9040857 9040857 4720544 4040857 4720857 4041007 8870424 5370687 2760857 8870043 731023 8870043 8870580 7790580 5371002 7790580 7790857 7790857 7790857 4721023 7790580 7790518 7790580 7790743 7790857 5370043 5370518 5370888 5370930 8190913 7790888 2760504 7790857 7790961 8870741 3950043 8870424 3950043 7790857 7790580 7790857 8190519 2761002 8870043 4720200 4720580 7790580 7790888 7790857 2760350 8190913 8190646 3950414 2760872 7790913 2760646 7790043 7790857 7790961 8870580 2761002 7790580 7791023 7790580 7790772 7790961 7790857 5370741 8190496 8190350 2760350 8870741 3950144 910741 8870350 8870924 9040961 2760928 8190687 3950371 9040961 3470870 3470422 3700960 3700422 3700770 9040870 9040870 7790870 2760653 7790913 7790518 7790888 7790741 7790872 8711023 2760259 3470743 2760259 3470743 7790371 7790772 2760496 2760071 9711023 8870741 9710888 2760560 9040870 3470006 7790560 7790371 7790560 2760560 2760772 2760646 8190071 7790741 7790371 7790964 7790371 7790560 7790743 7790888 7790743 2760458 2760782 3470782 9760920 7790888 7790752 7790964 7790770 9040987 4720870 3470200 3470043 9040144 7790144 9040350 730166 9040833 9040836 8870560 7790205 7790872 4720544 7790964 4750870 7790857 3950729 520743 730743 8710782 2760743 9040833 4040200 910833 3701023 3930422 8870560 8870422 3930304 8870996 3700996 9710782 9710422 9710991 2570772 7790752 9710920 7790913 7790964 7790857 7790857 7790964 7790857 7790888 7790888 7790754 7790964 7790770 8190991 8190991
7790496 8870741 8870833 8870833 9040833 3700833 3700888 3700743 7790743 8600743 3470560 7790743 7790743 7790969 9040772 7790913 8550772 7790741 8870560 8870560 3230560 730743 8870580 8870422 7790371 8870796 7790772 8550043 7790888 7790857 7790496 8870741 7790969 7790913 8870205 3950371 3731002 8190519 8190913 2760006 7790144 3230371 2760006 910371 8870872 9710864 8870741 3950924 5370924 2760857 7790857 2760969 7790580 7790913 5370924 7790371 8190864 4630580 4630371 4630043 8190043 7790741 7790961 7790371 3470200 5370741 5370043 8190993 2760924 2760924 7790414 250424 8870006 3700796 7790857 4040857 4040857 7790857 3950043 4720961 9710414 3700504 4720741 3950414 910006 3950043 8190371 8190864 3950924 8190371 7790371 8190414 5370961 5370961 3231023 8871007 8870924 7790518 8870870 8870772 7790772 8870772 7790961 3950772 7790857 8870772 8190741 2760422 7790414 4720371 7790961 4720371 3950422 5370880 7790519 8870043 2760857 8870772 5370580 5370930 7790857 7790857 2760857 5370770 7790857 520741 520741 520741 520741 4720924 8190496 9040996 8550870 4630913 4630913 4630913 4630913 3390870 3391007 3950870 7790857 8190741 8870741 8870422 8870304 9350408 3950729 2761002 4720729 8870872 7790741 7790371 8190144 8190872 8190872 7790864 8870741 7790518 3730006 4630371 7790652 250518 730872 5370371 5370043 5370371 7790857 7790857 7790741 7790857 7790371 8190864 7790857 7790371 9040857 3950924 3700870 9040350 3700006 9040870 3950729 7790857 5370930 2760043 3470923 8190741 7790770 2760864 8870043 3950414 8870924 9350872 3950729 7790729 7790857 3950772 8870228 5370371 7790580 7790772 7790743 3950043 5370743 3950371 3950043 2760646 7790729 7790741 7790729 5370729 8190043 8190741 7790414 3470200 7790752 730801 5370930 5370930 8190519 8190801 7790857 7790205 3470924 7790870 3470870 7790560 3470924 3470872 7790414 4630888 4630071 4630964 8190782 9040987 3470752 3471023 8190006 8190729 8190872 730741 3470006 3950144 9710872 7790872 7791023 7790741 3471023 3470414 8190741 3390930 3950772 3950930 250930 7791023 8190767 7790961 730492 8870518 8190993 7790888 5370424 5370888 7790857 7790580 2760872 4720741 7790371 5370770 2760741 8871007 8870424 8870043 3950371 7790857 8871007 4720857 4720857 8190414 3950386 7790857 7790519 7790580 7790857 7790580 7790857 4630243 7090857 8190913 9040857 8190371 7790414 7790961 7790961 3470923 7791023 730453 7790519 7790857 7790580 5370580 7790580 7790580 7790580 7790580 8870496 3470200 8190960 7790857 8190952 7790857 7790961 8871002 8190994 5370888 3950870 3950371 2760857 730991 730504 8870580 4720580 4720200 3950924 3950960 8190872 3390888 8190043 7790857 9041023 5370948 9350741 8870414 8870350 4720200 4720857 7790652 7790371 2760930 8870414 730857 8190960 910857 3950930 8870043 4040200 520969 8871002 2760924 8870741 7790518 5370752 5370043 5370770 8190920 7790964 250772 3950772 2760741 8710037 2760969 8870205 2760928 8190913 9040857 9040857
5370894 7790857 3390888 4040200 910969 3930043 3930772 910928 9040969 3700772 3700772 3470833 3700006 3950144 8550519 3471023 7790729 7790964 7790580 2760580 7790888 8710043 2760043 7790743 7790743 3470772 3470772 7790913 7790741 520772 520969 910833 9040043 8870043 910043 4040043 9040961 9040043 8550043 8550043 9040043 9040043 9040580 5370071 2760987 7790752 3390888 3471023 2080770 3470043 7790770 7790770 9710770 3470752 3470504 250776 7790364 7790770 7790969 7790964 910924 730000 3230812 730000 8870496 8870812 3470334 9040176 3470833 520772 4040772 8870772 7790969 8870772 911002 730880 3230969 910772 8870772 2760043 7790652 9040857 7790913 7790857 3390743 8711023 9711023 8711023 3470285 3471002 520205 910544 910772 8870424 3470580 3470043 7790743 730857 2760043 3230920 3230969 730924 8870772 7790770 2760924 3471023 8870580 3470772 7790913 3470504 2080770 8550580 7790580 7790770 8550043 8870948 9040580 8550772 3470496 7790496 7790743 3470496 4040071 7790770 910767 910496 4040424 4720560 250071 3390752 4720364 8341007 3470496 2080770 3470752 8711007 5370888 9711023 3470200 3471007 4040071 4720888 8551007 4040043 910924 7530772 3470200 3470200 4720422 9710422 7790741 7790580 8710043 3470422 520743 520969 520833 3700772 8870741 520743 910772 9040043 3470043 7790913 7790205 4040200 3470043 7790913 5370752 5370964 3230496 4721023 5980504 9710888 9710987 3700350 8710812 9710920 3950364 250364 3950364 250364 3700414 3700924 9040772 9040043 8870772 910043 910812 7790969 7790961 7790043 7790752 3470043 8550043 7790043 7790741 7790964 7790964 7790964 7790964 7790888 7790888 4040888 9710767 8710504 9710646 3470772 2760504 3470462 3470920 3950364 250752 3950364 910896 730969 910772 730754 730560 3230772 3230969 3230880 910212 3470285 5231023 4720924 4720961 4720969 910872 4720519 7790371 2760964 7790580 4720964 2760991 7790964 250144 8190888 7790964 7790857 2760043 7790373 2761007 3470176 2760560 4720888 4720888 4720888 3230580 4720888 4721023 8870580 4720580 730580 7790580 7790043 3470043 7790743 3470995 3470995 3470205 8190006 8190872 910872 910741 910796 910796 4720864 4720741
3950043 3470743 3950043 7790888 3950422 3470200 3950371 3950371 3470200 7790894 3470414 2760375 230809 7790741 2760770 2760371 2760006 5231023 3470857 8190160 3730350 8190896 910857 4040857 910857 910857 3700739 3930496 9710414 9710864 9710575 3700575 3700996 3470796 9710812 8190812 8190767 8190414 9760960 3470580 730114 3230000 9710496 3230952 3470995 9710960 5230961 7790516 3470995 3470414 8710350 5230492 730924 2760754 9710519 9710519 2080870 2080519 2760924 9710687 2760560 9710519 9710782 9710752 8710767 9710085 9310872 9710864 8710872 9710920 8710496 2760924 8710741 9710071 8710519 9710920 3470987 3470782 8190960 3730767 8190770 8190752 8190770 3730666 3730504 8190752 8711023 9710857 3930752 3930743 910969 910870 8870920 3230969 3230969 730960 2760996 2760880 730071 8710527 7790894 7790743 9710043 8870496 8710767 9710920 9710782 2760770 2760924 9760519 8600519 8601023 8600857 3730894 8600857 2080930 8190458 2081023 9760964 2080743 3470043 3230872 730687 5230350 3470924 3470006 7790739 9710371 7790371 8870741 9711023 7790741 4020996 6660561 4020996 5230422 9710856 9040527 8190371 2760857 2760006 3470857 9350894 8870205 910857 910422 8190961 4630371 4630371 3730004 3730004 4630638 8190371 6760560 8190516 9710996 7790894 8870205 8870205 7790687 7790857 2760406 230741 3230527 9830831 9830831 910896 910516 8790006 3230870 4720363 3230504 7090973 4630638 7090857 7090857 4630371 7090973 8190913 8190646 3471023 3950924 7790964 7790913 7790841 910006 9710006 9710527 9710212 9710829 8870812 300496 520687 910928 3930006 9710924 8190969 3730729 3730984 4631010 4630638 4630638 8191010 8190913 910741 910114 8190969 8191010 7090973 3730004 7090973 7090973 7090973 7090973 7090930 8190646 7090973 4630004 5230959 230924 5230772 9710371 2760371 5230930 9710519 5370752 6900767 8710414 8710809 910071 8710770 9711023 3470373 3950960 7790913 3950371 910560 9040969 7790913 7790888 3470200 7790519 2760646 2760964 3470200 3470422 5230519 3470924 9710386 8190896 8190913 3930304 730960 730743 8710519 730964 2760006 4720964 7790937 910857 8870741 3250857 3230836 3230984 3230928 3230373 3230969 3930961 3930961 3930961 3230870 3930924 9710006 3250857 9350006 3730872 3730114 3730006 3730872 3730350 8190961 910857 910857 910516 3470857 9760857 8190653 3730004 10140350 5230961 910371 910872 3930864 3470205 8190006 9710200 3230304 9710544 730857 910071 3230371 3230653 730386 730386 5230969 9710496 910212 5230414 9710205 9711023 2760006 3930285 910752 910857 910363 910519 3930796 3930923 9710969 8710969 5230809 9710496 9710414 8190969 8190741 3950422 5370894 8190752 8190913 8190930 3471023 8190964 3470200 7790857 8190458 730646 3230880 3230969 3230969 910519 3230801 3230144 2760961 3470144 8870560 8790006 3470987 9710176 7790743 5230812 2080864 2760371 7790864 2760872 9711023 9710741 3470285 7790964 9710646 3470200 7790894 7790743 8190888 9710857 3730993 3730872 3730964 3730673 3730259 3730924 2080857 8190964 8190888 8190964 3470772 3470200 8870560 7790752 7790857 8870741 2760928 9710544 9711023 8711023 9710920 9711023 8870897 9710200 3470930 8710767 9710920 8711002 9710987 3470772 2080772 9710829 3470772 3470373 8711023 9711023 8710646 3470772 2760770 9710772 8710772 8710796 9710176 2760408 9710896 8710891 2760964 8600043 9710176 8601023 2080743 5980772 8600772 5981023 8600043 2080772 8600772 5980772 3470772
3470458 9710888 3470462 3470743 2080772 8790888 3470743 9710765 730952 9710496 2760752 3470200 9710043 2760960 9710043 8710646 9710772 9710462 8600504 9760987 9710458 8710176 9710462 8601002 2080772 9710964 8600772 9710964 8600743 9710897 5981023 9710462 3470772 9710176 8600496 3470200 8710928 9710765 2760583 9710964 8600071 8710646 9710544 8600504 2080743 8600519 9710531 3930043 8600741 8601002 9711002 8710833 730928 2760272 730796 730743 910544 8790043 8870205 730964 3700441 730880 9350071 3930422 9710176 8870872 2760371 730071 730894 5231023 3931023 730371 730880 730888 730743 9710772 730894 5230496 5231002 5231002 9710729 2750560 3930772 8870741 730741 730350 730350 730924 9350006 3930809 730741 3930864 9350560 730741 3930043 730350 730924 730408 730006 520371 3930872 6660408 730741 3930864 730741 8870741 2750796 730880 9350422 730371 730872 2760741 730880 6660880 730741 8710772 2760880 730212 730964 730071 730350 730350 730796 730071 8870880 9350212 8870212 5230386 730371 9711002 730371 730560 9711002 730729 9350888 8870772 3930422 2760800 3230371 730371 730071 2760928 8710371 3930212 9350561 730796 9350880 6660646 6660561 3930752 730743 6660212 9350561 730796 730071 8600212 730796 3930496 730880 730212 3930422 3930796 6660560 9710833 730741 6660561 2760800 730880 730741 8870772 6900496 730729 730071 9350964 730741 9350964 6660504 3930043 730071 9350560 730350 730841 9350560 730114 730924 730743 8870772 3930930 9350561 9350516 6660896 4990772 6660561 730350 9710864 9350880 9350743 730960 9350071 730880 8870772 8870796 9350880 730743 6660408 730924 3930414 730924 9350006 9350561 6660006 9350872 730880 2761002 730743 730743 7530043 3250371 9710872 730741 730741 8870741 730560 730729 8870987 730880 9710371 9710006 7530371 3250371 730371 3930772 9350408 3930006 9710833 2760371 3930561 730796 730880 3700772 3700772 3700386 730700 2760729 9710729 9711002 9350561 730809 8870880 2760872 9711002 730796 730371 2760371 730371 7790371 7530772 9350212 730371 520371 730872 3700772 520741 9350741 6900857 10140653 8710371 8710809 8600743 8870897 9710531 8190043 9350176 8600496 9710920 3250043 3700071 5980043 8710752 1550466 8710580 5230338 9350952 7310373 3730741 3730752 6760770 7980973 8190043 8190043 8190043 5370948 9710580 8870414 2760948 2760948 730000 5230560 2760948 9710995 8710580 8870460 2760964 5981023 8710519 7790422 8710580 9710960 2760770 3700888 3470200 9710741 9711002 9710386 2760770 730743 230960 230373 9711002 9710752 2760960 8710422 9710519 2760996 7530422 3700580 2760752 8190071 8190752 3730357 3730752 8190770 8190752 8190894 3470200 8190770 8600519 8790880 2080770 7530880 3230888 2760857 9710930 730880 4720687 3730422 3730928 4630200 3730422 3730200 3730646 3730646 8191023 8190741 8190880 8190880 9350212 9350796 8190880 8870212 730496 8870424 8870212 8711002 3470580 8870772 8600782 9710782 3470880 8870212 3700772 8870741 9040772 3470772 3250880 7790414 9711007 3230796 3470205 7790752 3230796 8190880 8871007 2760422 3230544 8871007 3230880 7531007 3470200 3230772 5980646 9350743 8710006 9710006 2760770 8190897 8190888 3470857 8190006 8190006 9040857 7790857 4720964 3230212 3230297 730888 3230527 6581023 2760964 9710782 3230880 8900767 6991002 8790880 9760920 9710782 9711002 2760373 730767 9710441 3470752 3470772 8711023 8710043 8710770 2080770 9710544 2080767 9710496 8710496 8190646 3730993 4630829 4630770 3730646 3730004 8190350 8190043 8190880 3700964 3930646 3930422 3700598 3230800 730872 730646 3230422 2760673 730770 7790964 9711002 2080743 3470462 8190896 8190964 7790964 2760991 7790924 8710743 8710743 7790743 8600743 2760176 2760930 6660948 730924 3230880 730920 8710880 4720870 9711007 4720371 3470872 8870872 8190894 250424 2760857 2760602 3470772 2760964 2080772 2760896 9760772 2080894 3250496 7790897 9710531 7790872 8600043 2080043 7790888 2760928
730460 8870144 910857 3950422 9350913 8190006 8190561 9350741 8870561 910544 910363 8870518 8870741 8870800 910043 4720969 910205 9040969 7790913 4040424 8870924 7790894 910043 3470462 7790894 5980646 7790961 730896 8870897 3470462 520969 910043 3250043 730964 7790969 910043 910924 910043 8870043 9710071 910767 3470752 3470743 910896 9040969 3470373 910752 3470987 8790496 3950897 8710767 520071 8870043 910896 8870496 3950282 7530767 9350800 9710422 9710304 9710996 9711023 3930996 9350212 7790282 730796 9040580 4040200 9710212 8790496 3700205 8710996 9710739 3470200 9710212 3230996 9710796 3700701 8870880 3700422 9711002 8710996 9710527 9350422 9711002 8870880 3470212 8870304 8870741 8870043 7790043 730920 730371 8870043 730043 7790371 730043 3470043 7530205 730894 8870560 8870043 8870560 7790371 910928 730043 8600043 730043 8870043 730043 7790961 520772 3950729 7790729 3700833 3700833 8870754 5370772 730373 910930 9040772 8711002 3470200 4720519 730770 8870424 3470200 7790770 8870772 2760952 8870987 8870580 730913 8870043 7790580 8600043 7790897 3250043 8870897 3700043 2080043 2760516 3470212 730964 8870880 730743 9710772 730800 910896 9760200 8600772 3930441 730741 3930833 3930809 3930964 8710037 8710833 9710441 9710782 730964 730987 2750414 2750767 230350 3470043 9350964 730896 2080743 8600964 7310634 231010 230964 230930 230739 4990304 7310560 6660043 730857 6660894 230047 1920561 230071 730923 9350930 7980973 9350386 10140930 7311010 10140767 8710987 9350752 10140872 10140767 10140872 3730371 7980973 9350872 5650857 9350741 8190422 9350741 8870741 8711002 9710519 2760441 9711002 9350872 2760071 8870424 8711002 7790752 5231002 7790770 9710350 8870414 8870741 7790969 9710200 8870741 8870414 3470200 8711023 8870741 910544 7790741 8870809 8870741 7790913 7790913 3950371 7790913 7790913 3470857 3470200 9710176 9040987 8190006 4630741 4630741 4631010 4630357 4630357 4630004 4630741 8190071 2760687 2760896 7790371 8600920 7790687 7790964 7791023 250752 7790913 2080743 7790516 3470462 9710767 9710422 8710880 10010414 9760964 9710924 2080430 8600646 2080743 9760964 3470743 3950043 3700964 3700212 3930422 730888 730752 730653 730653 730071 7790888 3470987 3471002 2080743 7790371 8710920 9420560 8710441 8710969 9710969 8710991 3470743 8710743 7790888 8710037 3470782 8710888 3470782 9710782 9710963 8710437 9710782 8710504 9710043 8710987 9710782 9710285 3700923 9760960 8710920 520071 3700770 7790964 7790964 7790964 7790888 7790969 8550580 7790894 2760987 5981023 2760176 2760964 4630888 8190896 4630964 4630969 8190973 3470857 3470176 3730646 5371023 3950144 7790743 7790743 3471023 7790857 8190646 8190646 8191002 3950772 7790752 8870920 520964 3930996 3930560 3470422 9040969
3470580 3730006 3730653 8190160 3730754 4630833 3730652 4630043 4630043 4630833 9710928 3700414 8710812 9040833 9710043 7790924 9040772 2760754 7790969 730414 3470987 9710043 7790371 9710037 3470833 8870560 3700833 9710371 3700043 3700752 9040833 3730993 4630960 3730560 3730006 8190560 9040857 9040857 8550857 7790857 3390888 7790043 7790857 250930 250776 7790870 7790870 7790371 2760948 2760741 730741 910864 910043 910752 910371 910043 730754 730371 730414 2760754 2760741 4720772 9710864 8710864 5230350 3470924 5230995 3470924 4720924 8870560 3470200 7790741 3470200 7790913 5370043 2760043 250870 7790870 250772 7790870 7790870 7790870 3950870 7790652 7790652 3471023 2760770 9710920 2760952 7790964 910741 4040200 8790414 910205 3930205 730800 910772 5231002 9710772 2761002 230872 9710772 730888 5230959 9710043 8710891 9710772 910071 910114 7790205 3700743 3700205 9040739 8190812 3470200 3471007 3470504 9710770 9710952 9710872 9710864 9710350 8710350 9040580 7790571 3470373 8870741 3230864 730167 230741 9710864 730350 5230580 5231002 5230754 9710872 9040872 9040864 9040772 3470995 3730430 3390960 8190646 7790857 7790754 7790754 7790518 2760043 7790043 8870043 9710952 3470752 3470752 8710043 7790770 7790741 2760969 7790857 7790144 8190519 7790144 7790144 7790741 4040519 3950043 2760754 2760754 7790754 7790754 7790518 7790043 7790043 7790043 7790913 7790043 7790043 7790043 7790857 3950043 5370772 2760754 7790833 7790930 7790043 7790043 7790043 7790857 7790371 7790043 7790043 7790043 7790043 7790043 7790043 7790043 7790043 7790043 7790043 7790043 7790043 7790043 7790043 7790043 7790043 7790043 7790043 7790913 7790913 7790913 8550043 8550043 7790913 8550043 2760870 7790870 9040870 250870 9040870 7790870 4750870 3950870 8340043 3390870 4750870 8550870 7790857 5370801 9350801 4990930 730930 6660408 730930 730930 730930 730930 730930 730930 730930 730930 730930 730930 730930 730930 730772 731023 5370772 731023 730913 5370772 730857 730870 730857 2760930 730560 2760857 7790930 8870772 2760928 8870772 8870424 8870772 8870424 7790969 8870518 9350801 5370930 2760930 5370772 730043 7790930 730772 5370772 7790772 2760408 5370772 7790772 5370408 7790772 7790772 7790772 7790772 7790772 7790043 7790772 7790652 7790772 7790772 7790043 7790772 7790772 7790772 7790772 7790772 2760408 7790772 2760408 7790772 7790772 7790772 7790772 730772 7790772 8870772 7790772 7790772 7790877 7790772 7790772 7790772 7790772 7790043 7790772 7790772 7790772 7790772 7790772 7790772 7790913 7790961 5370754 7790754 7790754 7790754 7790969 7790969 7790969 7790518 7790969 7790870 5370870 3950870 4720870 4720870 4720870 7790857 7790580 3950870 3950870 4720870 3950870 3950870 4720870 7790870 4720870 4040580 4040518 4040580 5370924 5370424 730754 8870754 2760754 2760754 5370754 7790754 3950772 3950772 8870754 3950772 7790961 7790754 7790754 7790961 7790754 7790754 7790043 7790043 7790043 7790282 7790043 7790043 7790841 7790043 7790043 3950043 5370043 5370043 250776 250776 5370870 5370043 5370043 7790870 7790870 7790870 7790870 7790870 7790870 8870043 730928 730924 730809 9710043 730952 3470043 3470923 9710043 730952 2760375 3470923 730767 3250414 9711002 8870414 3470441 730687 7790964 3470200 7790373 7790743 3470043 7790741 3470504 3470043 9040043 7790741 7790888 7790913 3470200 3470782 9711007 3470995 9710964 8190371 3470995 9710085 9830466 3230414 6900560 9710350 5230920 5230857 9710864 8190071 9710741 8710924 3470462 9710857 3730414 3730285 3730960 3731010 8190809 9710857 3950960
4720363 3470414 2760414 7790770 3470924 9040580 3470580 3470580 9040872 9040872 8710770 9710741 3470924 5230996 5230646 9710924 9710770 9710741 3700741 910741 910205 4990304 3930304 3930996 3930812 3700304 911023 910969 910519 4040518 9040969 7790913 2760857 230923 6660414 9710864 730006 6660924 6660560 3230888 8710176 8710872 3470812 9710995 730000 2760560 230000 2760043 2760043 2760043 8600767 7790205 7790371 2760920 7790964 7790043 2760043 2760496 2760770 7790888 2760952 7790888 7790580 8710752 4630743 4630743 3730430 7090973 7090973 3390960 910205 910857 910880 4040741 910812 9040961 8190071 7090973 8190741 8190043 5230995 730386 1920000 3230575 4020800 6660422 3230006 3230422 4720282 3230812 4720560 3230812 9710920 5980646 8710812 9711023 5230043 2760809 5370043 9350043 5370930 5370772 5370043 8190460 7790043 8190872 7790741 9711023 8870043 8870864 730857 730752 9710414 730414 7790580 3700864 7790496 8870741 3950371 8191010 3730984 4630638 4631007 3950930 9040857 7790969 730043 230176 730772 8710441 7790441 8710743 3470743 7790743 2760782 2760743 2760896 2760894 730964 6660800 2911023 3230888 6660969 3930964 5230969 9710144 730144 3930205 6660761 2760006 3930888 3230995 3930006 730928 910043 8710782 9710872 730575 2760243 2760580 6770460 2760920 730043 230952 3470752 2760770 2760752 7790519 730770 230767 730770 7790043 9710037 7790741 8710767 8710987 7790560 2750414 9350880 9710930 730371 9710864 5650864 6900504 9350888 910371 8600782 8600071 9710071 3700043 9350896 5370870 4990870 9350516 3730969 3730357 3730357 3730043 3730560 1760973 4630888 7790857 7090973 3950371 5230870 230870 2760371 230371 230872 8710864 2760864 2760414 5230801 3730536 2760770 230963 230995 5230872 9710752 8710812 5230920 2760527 2760043 8710043 7790371 8710043 8710466 8190770 9710622 9710857 8190767 8190496 8190812 3950960 3390770 3950560 9710414 6900872 9710371 9710371 5230422 8710414 9710872 7790937 2760809 7790857 8190772 8190960 3390741 4630741 9710961 910872 3230928 3700952 3230924 3700560 3230560 9040739 8870809 3230880 3700580 3700580 7790580 6660880 730880 730283 730880 3700212 9350212 3930812 910205 2750561 3930422 3230969 3230969 910200 3230560 730653 9710575 9710205 3230205 3230205 3230812 9830831 9710334 3230653 4720371 3230006 730560 730928 8870580 3230575 3230995 8870212 730812 5230422 3700006 9710872 9710864 9040864 8710995 5230812
5370386 8190859 9350930 8190937 1030282 250969 3950772 7790857 5370430 4720363
null
null
null
7790969 3950729 3950729 3950729 3950729
10170857
10170857 3950729
4040424 9040969
3950870
250961 4040200 5370481 5370424 4990228 7790859 3950870 7790729 3730898 7310228 5370729 8191023 4040200 5370859 7240969
null
3390994 250200 3950729 1030408 1030984 1030984 1030292 1030994 1030984 4630870 250930 250200
3391002 4991002 5370144 4720841 5371023 7310228 5370564 4720857 3950870 3950729 9350646 5370829 3950729 4720729 5370282 4720729 7790961 5370200 5370729 250969 250729 4630200 3390580 3730930 4630282 5370144 5370386 7790841 8870228 5370386 8870037 5370841 250282 5370518 5370841 3950729 730857 5370580 4990993 5370282 5370729 7790841 3950729 2570580 3950043 4990144 5370071 7790888 8870496 3950043 3950282 5370961 3950870 3950282 8870282 1030729 5370518 5370424 5370961 5370841 250969 3391007 5370386 7790913
3950729 3950282 7790937 1030282 4990857 910200 8870424 5370961 6770984 5370961 7790841 9350984 250961 5370841 5370386 5370386 5370364 7790386 4630877 3391002 5371023 3950043 4991002 4990928 9350071 3950729 3950729 9350729 9350114 5370282 5371002 7790961 250969
4991002 5370829 250961 4750870 5371023 5370492 250200 3950043 3950043
null
3390961 7790913
null
null
3950772
7530729
5371023 1030984 250200 1030430 1030984 4631007 250200 250200 5370859 5371023 250200 250519
null
null
5111023 7310948 7310161 7310959 3950043
null
null
null
5370729 5370729 3950772 5370282
9350930 3390930 3950043 3391007 250282 5370419 250282 5371002 5370729 5370729 5370729 4040601 250969 8870481 4040200 9350386 5370859 7790937 250961 3731002 250930 3950870
1031010 4880973 4630200 4630200 7790857 731023 8870772 3950772 8870754
null
7791023 730930 7790937 250282 3390961 7790969 250424 4040200 4040859
null
null
null
1031002 250200 5371023 5371023 250200 250518 7791023 4040200 3950772
null
null
null
null
3950729 3230928 6770160 9350544 5370743 730519 8190913 250424 730481 5371002 7790937 3950371 8190973 1030638 1030518 250961 3950772 9350729 8190973
null
3950729 4720544 5370841 5370729 3950729 5370729
null
3731002 7310984
null
null
5370481 250282 7791023 1030928 5371002 5371002 7790937 7790859 7791023 3391002 7790841 7790969 3950772 5370961 3950729 7791023 7790857 5370961 3950729 3731002 3950930 4990228 9350700 9350228 3950386 5370841 5370729 5370729 3950772 7790969 5370961
250969
2080857 3250987 6350770 6350765 7530920 7790897 5370829 7790829 250772 5371023 5370544 3950772 3950993 3250363 7531023 8870424 7530200 4630961 8190518 4630229 4630200 1030646 5371023 1030282 1030984 1031002 250200 250200 730646 4720544
9710496
null
null
null
null
7791023
null
7310282
730928 8870741
6770928 8870481 8870872 7790841 7790969 7790913 9350544 730404 1030984 1030638 4630200 3730481 4630200 1030857 1030984 1031010 1031010 1760973 1030638 1030292 1480973 1030580 1030292 1031010 1030994 1760973 1030984 1030961 5371023 250200 9350646 3730928 8190519 250200 1030646 1030984 250200
null
5370961 3950772 250424
5370282 8870043
null
null
null
null
8870282 4880973 7310492 1030292 5370481 4630200 3950043 3441023 8870897 3250580 5370930 7310043 2760930 730857 8870043 8870580 4040200 7790913 2570580 2080770 8190937 6760770 3731002 3731023 1031010 1030292 1030857 1030857 7310870 4880973 4880973 3730200 1030282 1030282 5370841 4630200 1760973 4630200 4630200 5370888 4571023 10221023 9350419 7530200
7790961 3391007 250961 3950282 3950772
null
7790937 8190071 2080857 7310928 4630200 5371023 1030993 5370729 5370200 5371023 7980973 1760973 5370200 7310984 5371023 5370961 250200 8870571 3700880
9040212 3700961 4040200 3391002 9040969
3730994 1030292 1030292 3731002 3730200 3730481 3730877 7310959 3730601 2370973 1030829 1030928 7311010 1030292 1030282 7310404 7310835 7310937 7310404 3730200 3730200 7310266 7310601 7311021 2370973 7310941 7310601 3730481 7310891 3730386 4880973 7310891 10140857 3730241 7310802 7311021 3730200 7310841 7310404 7310161 1030282 1030114 2370973 3730200 7310601 3730700 4880973 7310601 3730200 3730419 7310404 3730200 1030829 7310564 3730898 3730236 7310937 7310161 2370973 7310700 7310857 3731002 7310466 7310363 3730200 7310292 7310669 3730580 1030266 3730296 3730200 7310214 3730200 7310492 7980857 3730974 2370973 7310430 3730200 3730200 7980700 3730200 1030829 2370973 7310483 9790973 7310841 7310857 7310129 7310942 2370973 3731023 3730422 3730200 7310959 2370973 2370404 4330857 3731023 3730200 3730200 7310404 3730200 2370973 6270652 7310571 2370973 3730200 1030419 7310857 7310765 2370973 3730891 7310161 7980114 2370973 3730200 3730200 7310207 7310564 3730200 3730200 3730200 3730363 1030282 7310765 3730200 7310404 7980973 3730200 2370973 7310492 7310829 7310404 7310802 7310700 7310765 6760200 3730200 7980974 7310564 7980974 7310177 3730898 7310857 7310765 2370973 7980973 7310161 3730481 7310404 2370973 7310841 7310891 2370973 7310841 7310669 7310841 7310669 2370973 3730177 7310564 7980857 7310601 7310564 7310492 7310747 1030829 7310564 7980857 2370973 7310564 3731023 7310564 3730229 7310564 2370973 1030266 3730200 7310363 6760857 7310841 6760857 7310841 3730974 7310363 7311010 7310601 7310404 1030292 7310937 3730200 7310841 2370973 3730200 3730200 2370973 7310601 3730200 7980404 3730200 2370973 3730200 3730877 1030282 2370973 3730386 3730266 1030282 2370973 7310404 3730200 7310363 7310404 1940973 2370973 7310872 7310802 3730419 3730266 7310891 7310363 2370973 7310177 2370973 7310404 7310765 1030292 7310404 7980973 2370973 3730200 3730974 7310564 7310177 3730200 3730200 7310729 3730829 2370973 7310114 7310601 7310841 7310207 7310404 7310859 7310747 7310564 7310601 3730266 7080973 7310601 7310938 7310601 7310564 3730229 7310952 3730898 2370973 7980973 3731023 7310959 7311021 3730200 7310564 7980973 7310835 2370973 7310841 7310580 7310877 7310859 7310266 7310363 7310841 7311021 3730969 3731023 7310114 1030430 7310564 7310601 3731023 3730404 3730177 4330857 7310891 3730765 3730236 3730200 3730200 7310564 1030571 7980973 7980973 3730200 1030829 3730942 7310404 3730177 3730200 1030638 7310859 6350571 7310363 7310404 7310560 7310466 7310841 7310564 7310859 7310114 3730785 1030282 7310601 1030601 7310404 3730200 7310601 2370973 3730386 3730200 7310937 7310857 3730898 7310161 7310765 2370973 2370973 7310571 2370973 7980973 7310891 7310161 2370973 7310857 7310937 2370973 7310601 7310049 7310161 7310857 2370973 2370601 7310404 7310404 3730519 7310129 7310466 2370973 7310564 7310857 1030877 7310747 7310161 7310857 7310829 3730200 7310161 3730765 7310492 7310404 3730200 3730296 3730891 3730296 7310937 7310651 2370973 3730200 2370973 7310693 7310601 7310404 2370601 7980974 2370973 7310564 7310601 7980857 4880973 3731002 7310700 3730200 7310177 7310404 1030282 7310601 7310857 1030419 7310601 7310765 7980857 7310404 1030829 7310564 3730200 7310942 7310161 7310161 2370973 7310601 7310937 2370404 7310959 3730785 7980973 3730177 7980404 7310430 7310207 7980857 7310859 2370973 3730829 3730200 3730200 7310765 7310292 3730829 7310492 7310436 6350857 7310404 7310669 7310765 2370973 7311010 7310942 1030829 4880973 2370973 7310207 7310161 4880973 2370973 2370973 2370973 7310747 7310161 3730200 7310129 7311010 7310161 7310129 4880973 2370973 7310765 2370973 2370973 7310492 7310857 2370973 7310765 7310891 2370973 4880973 3730200 7310601 2370973 3730386 1030877 4880973 7310415 7310601 2370973 3730386 4880973 7310404 3730200 4880973 7310700 3730200 7310601 7310564 7310129 7310161 7310835 7311021 7310363 7310937 7310102 7310765 2370973 2370404 7310404 7310129 7311010 7310161 7310161 7310161 7310877 7310841 7310765 7310601 3730941 3730841 7310564 3730266 7310601 7310404 3730200 7310564 1030948 7310669 3730419 2370973 3730200 7980974 7310404 7311010 3730200 2370973 7310765 7310700 3731023 7310829 2370973 7310601 7980601 7310404 3730200 7310129 3730531 7310601 7310651 7310747 7310161 7310114 4920973 7310571 7310835 7310571 7310700 7310560 4880973 7310227 2370973 3730200 7310363 7310492 4880973 3730200 7310363 1030857 2370973 7310161 7310292 7310492 4880857 7310747 7310891 2370973 7310415 2370973 4880973 7310161 7310857 7310948 7310404 2370973 2370973 7310601 7310669 2370973 3731002 7310669 3730200 3730571 7310765 7310700 1030419 7310601 3730700 7310229 3730200 3730785 7310916
3730994 7310466 7310891 3730296 3730481 3730898 3730296 3730200 7310700 3730980 2370973 1030404 2370973 5490973 2370973 2370973 3730544 2370973 3730200 1030292 7310161 3730571 1030282 7310924 3730229 7310004 1030292 9790973 3730200 7310564 3730241 7310700 1030835 3730829 3730236 4330857 4880973 7310961 7310177 7310564 3730229 3730200 3730200 7980857 3730296 7310765 7310161 1030282 7310601 7980404 3730891 3730236 7310802 3730877 3730200 7310601 7310161 3730241 7310177 3730200 7310961 7310961 2370973 7310841 7310752 7311007 4880973 7310430 7311021 1030877 7310601 7980973 3730571 3730898 7310765 2370973 7980973 7310669 7310430 3730785 7310564 2370404 4330857 1030877 7310889 7310891 7310877 3730386 7310829 7311021 6760200 3730200 7310864 7310114 7310765 7310942 1030282 7310114 7310700 3730519 7980973 7310601 4330404 7310161 3730200 7310877 3730229 3730299 3730200 7310601 2370973 7310404 7310601 7310841 3730519 7310177 3731002 1030292 7310765 7311010 7980973 3730829 7310601 3730200 3730200 7980973 1030829 7310161 1030404 7310765 3730363 7310404 7980974 6760857 3730200 7310765 2370973 3730236 3730241 7310700 7310765 7310669 1030282 7311021 7310430 1030700 2370973 3730877 7980973 2370973 7310601 7310404 2370601 6760481 7311010 3730785 7980857 7310404 3730481 7310765 7980700 7310601 1030877 7310891 3730200 7310161 7310102 3731023 7980973 7310161 3730519 7310363 1030829 7310564 7310114 3730928 7310564 7980857 3730700 7310404 7980601 3731007 7310928 7310959 1030114 7310363 3730829 6760857 7310765 7310363 3730266 6761023 7310693 3730419 7980857 7310404 7310483 7310114 3730974 3730877 1030282 7310564 1030282 7310564 7310228 7310700 7310891 3730296 3730229 7310829 7310404 7310937 2370973 7310765 7310747 7311010 3730200 7310700 2370404 3730961 7980857 7310404 7310841 3730519 6760266 7310466 7310765 2370973 3730200 7310601 3730200 7310564 7311010 1030765 7310404 7310765 7310436 3730296 1030266 7310292 7980973 1940973 7310924 7310601 7310700 7310765 7980857 7311007 7310114 1030829 7310404 7980857 7980973 7310564 7310114 7980857 7310564 3730765 7980973 7980857 3730829 7980601 1030404 7310492 7310601 3730785 7310765 3730601 7310415 7980765 7980973 7310937 7980973 1030829 7310404 3730241 7310601 7310129 7310765 3730137 7310564 3730229 3730961 1030404 7310601 3730519 3730980 7980601 2370973 3730980 7310601 7310564 7310669 7310601 1030571 7980857 3730942 7310404 7980973 7310564 3730229 3730200 7310161 7311021 2370973 1760973 3730829 7310129 3730829 7310492 7310669 7310564 7980857 7980765 7310161 7310942 7310765 3730785 7310829 7310161 7310601 3730974 7310404 3730299 3730877 7310404 3730601 7310937 2370973 3730571 3730386 7980973 7310916 3730296 7980973 7310601 3730200 7980973 3730419 7310700 7310765 7310227 7980974 7310601 7310404 1030282 2370973 6761023 7980765 3730898 3730200 7310363 7310161 3730571 7310419 7310483 7310404 3730241 2370601 3730200 7310564 7310765 9070857 7310006 7310516 7310841 3730974 7310765 3730371 2370973 7310693 3730942 2370973 7310601 3731002 3731002 7310601 3730898 3730544 1030829 6760200 3730765 7310669 3731007 7310765 3730386 7310564 1030404 7310669 1030282 3730961 7310651 3730200 3730296 1030282 7980601 3730404 7310669 3730200 3730829 3730519 3730241 7310841 6761023 3730229 7310533 3730229 7310891 7310601 3730700 6760102 7310177 3730877 3730229 1030419 7310601 3730841 7310177 7980700 7310404 7310669 3730519 3730891 7310405 6760481 7980973 7310765 7310161 1030829 3730296 7980404 7310765 3730266 7980700 1030404 7310765 7310693 2370973 6760200 7310700 7980177 3730974 3730981 3730241 7310857 1030282 7980973 7310601 3730891 3730829 1760973 3730241 7310601 3730404 7310765 3730241 6760236 3730519 7980700 3730386 7310601 1030404 7310669 3731002 2370601 3730974 7310114 7980973 3730519 7980404 7980404 3730177 7310891 6760266 3730241 7310492 3730877 7310765 7310129 7310601 4630200 7310601 7310857 1030829 7310564 2370973 7980973 7310564 7310765 7980973 3731002 7310404 7310601 7310363 2370404 7310669 7980973 3730200 3730829 6760481 1030282 7310430 1030937 3730404 2370973 7310564 7310129 7310601 3730299 7310841 7980857 3730519 2370404 7310928 7310877 7980114 7310669 7310404 3730200 7310700 3730928 1030419 6760857 7310404 5370829 2370973 7310404 3730519 7310404 7980601 1030857 6760481 7980857 3731002 7310651 7980973 2370404 1030829 7980601 7310129 3730829 2370973 3730974 7310564 7310765 7310560 1030282 6760296 1030282 3731023 7310404 3730974 7980601 7310700 7310177 7310948 3730580 7310404 3730296 3730519 1030928 7310601 7310891 3730974 3730299 7310942 7310161 7310651 3731002 6760857 3730419 3730241 7310765 3730371 3731002 7310564 7310651 3730833 7310693 1760973 7310564 6760829 3730765 3730419 3730266 3730200 7310961 3730544 7310841 7310564 3730200 7980973 3730419 7980973 1030961 7310765 7310564 3730519 7310841 7310564 7980973 3730241 3730404 7310601 7310129 7310227 2370601 3730241 3730200 7310564 7980973 3730177 7310601 3730898 3730898 7310601 3730241 7980601 1030371
7530564 4910200 4720841 520741 4910481 6990481 9040974 9040229 6990481 1030829 9040785 380638 8190765 8790891 8870974 3700519 9040229 6990729 6990481 9040785 7530483 8790812 4720942
8190891 5370430 8190942 7310129 6350371 5370371 6760924 6350857 6760973 6350177 8190937 9350859 6760973 8190765 6760363 5370841 6760916 5370841 8190266 4630765 3730765 3730386 6760226 5370877 9350765 8190266 5370752 8190877 5370835 3730829 8190765 3730229 6760601 3730404 3730363 9350765 8190942 9350114 6760857 9350891 8190961 6350646 5370877 3730404 6350646 6760207 9350765 2760404 8190829 8190942 8190266 8790857 9350765 6350916 8190519 2760765 9350765 6771010 5370419 5370829 6760857 8190765 8190973 10111023 9350161 5370859 6760266 8190829 3730993 8790857 9350161 7310114 3730700 8190765 8190829 6760177 8790857 6760693 4630282 5370829 6760601 8190870 3730404 8190765 9350700 9350700 3730765 730404 8190519 8190859 6760646 6760942 5370419 8190877 2760857 9350114 8190829 6760693 2760857 8790857 6760177 9350296 3730241 8190877 5370829 8190419 5370829 9350516 7980973 5370877 9350571 6760564 3730877 3730993 8190741 3730601 6760601 5370419 8790652 9350114 3730363 9350765 1030282 8190266 9350859 6760646 9350765 5370877 3730404 8190829 6760942 2760404 5370829 3730422 9350937 6350765 9350177 6760114 2760857 5370877 3730266 6760877 9350896 6760842 9350937 6760859 3730404 6760516 7310952 6760765 3250857 8190571 9350687 9350161 7980973 6350601 6760228 3730363 9350564 7980973 3730601 3730241 7310938 6350266 7770857 10220857 9350700 6350646 9350765 5370841 6761023 3730137 5370835 3730601 8190519 8190519 6350114 6760646 6760835 6760859 9350564 6760835 6760857 6350937 3730404 6350601 7310687 6760859 6350930 7310669 9350700 6760973 3730993 8190829 9350114 6350646 3730564 6760601 3730601 5370859 8190419 9350700 8190765 6761002 5370829 6350916 3731002 7310959 1030877 7770857 9350700 6350916 10110857 6350857 6760516 8190829 6760857 6760601 9350564 6760859 8190266 6760481 6760228 3730571 6350928 6350571 6760646 9350765 5370877 3730241 8190518 6350700 3730969 3730993 7310404 9350700 7980601 4920973 6350700 6350857 6760857 6350877 8190894 6350891 6760177 9350102 9350177 9350765 9350564 3731002 6350891 9350161 8190687 6760693 3730299 6350646 3730363 6350891 4990363 6351023 6760646 7980601 7310829 7640857 3731007 6760859 3730571 6350700 6761023 7310765 8190266 6760296 8190942 9350419 5370829 8190877 6350857 6350404 6760371 8190891 7310601 3730700 6760646 6350404 6760580 5370580 5370580 6350601 6761023 9350580 6760228 8190687 6760177 8190519 9350114 6760765 3730519 9350894 6350646 8190266 5370859 6761007 5370877 5370877 8190571 6760942 5370266 8190419 8190419 3730177 5370200 5370564 3730229 6760646 6351023 3730891 6350857 6760973 6350937 3730266 6760835 3730841 6761023 7310669 7310363 6350942 9350114 6760296 5370770 7310952 6350916 6350266 6350129 6760859 3730519 6760481 3730571 6760765 6350765 9350114 7640857 6760829 7310700 6760363 9350888 6760765 3731002 8190942 7980973 6760601 6760700 8720857 6660043 7310870 7310043 6760102
1030829 7310601 1030200 3730980 1030638 7310669 7310560 7310560 7310601 5370829 3730981 7310114 7980177 7310564 7310765 7310601 7310651 1030580 9350422 1030829 7980973 7310601 6761023 6660466 6350857 7310564 7310004 3731002 6350404 7310161 3731023 7310601 7980973 7310601 7980700 5370200 7980973 1030877 3730571 1030829 7310161 7310207 7310601 5370200 7310765 1030877 5370200 7310765 6761023 7310519 7310841 6760877 7980973 3730519 7310580 1030404 7310829 7310812 7980177 3730296 1030993 9070646 7980700 7980601 4330765 6770601 6760969 7310601 3730229 6761007 7310560 9350864 6761023 7310891 7310404 7980601 6350560 3731002 7310564 7310601 6761002 9350114 7310601 4990404 6770601 6770404 7980601 7310564 1030229 7980973 7310404 7310601 6760857 4630877 4990857 3730829 6760601 7310404 7980973 6760102 7980973 7310006 3730765 9350700 7310765 6350877 7310601 7310227 7310560 7310227 7980114 6760969 7310765 1030282 6760102 6660601 7980973 7980601 7310564 6351023 7310564 7980973 7310564 7310651 6760872 7310772 7310765 6760601 7310916 7310601 7310564 7980973 6760930 1030632 7310601 6760601 6350916 7310601 7310765 3730296 7310924 7980973 7980973 7310601 5370200 7980601 6760200 3730765 7310601 7310601 1030601 7310693 5370829 7310430 7980973 7980973 7770857 6760481 6350481 7310601 7310601 7980404 1030829 7310693 7310601 6760200 3730765 7980043 7980973 6350652 7310560 3730519 7310601 3730765 7310430 7310693 7980601 7310564 7310693 6350857 7310601 3730229 7980973 7310564 5370687 7310601 7310829 7980973 7980601 7310700 7980404 7310601 6760994 7310601 7980973 7310405 7980973 6350404 7310700 3731002 1030877 6350580 3730877 7980114 7310942 5370829 3731002 7310006 7310006 6350404 3730981 7980765 7310564 6350652 7980700 7310959 7980404 7310006 3730829 7310564 9350765 7980973 6761002 7310765 6760200 7980973 7310765 6760200 6760961 7310177 7310700 5370200 7310601 3730700 7980765 7980973 6760481 7310363 4990646 7310765 6760700 7310560 5370200 7310651 7310404 7310872 7310765 6760481 7980404 7310693 7310177 9350872 7310564 6760930 3731007 6760296 7310560 7310601 7310404 7980973 7310404 5370200 7310812 6760177 7310404 3731002 6760601 7980973 10110857 3730422 7310519 6760765 7310601 3730864 7310601 7310564 7310114 3730601 6760200 6760601 6771010 7310651 7310601 7310114 7310004 3730229 7310601 7980973 7980973 7310601 7310693 7310601 6760942 5370266 7980700 5370200 7310430 7980700 3730961 7310564 7980765 1030877 7310404 7310653 3730765 6770404 3730765 7310601 3730969 7310601 4990857 7980973 6760974 6350765 6760841 3730580 7310601 7310227 7980601 3730422 7980973 7310564 7980765 7310601 3731002 6760829 7310006 6350601 6350404 3730241 7980973 6760236 7310601 7980973 7980973 3730299 3730241 7310404 7310829 7310996 6760857 6351023 7770857 7310430 6350942 3730877 3730241 6760601 7310601 7310564 7310114 6761007 9350560 7310114 3730296 7980404 7310430 5370200 9350205 6760177 6760942 7310601 7310880 4330857 7310533 7310601 7310404 2370973 7310937 7310564 7310601 5370266 7310765 6760296 7980404 7310765 7310601 6760961 6350891 7310601 7310564 7310765 7980973 7310601 7310560 5370200 7310601 7310560 7980765 7980973 7310765 4330857 7980973 6350419 6760942 7310841 6760942 6760772 7310560 7980973 6350129 7310601 7310765 5370371 7310560 7980700 3730864 7310601 7310404 6760177 7310653 7310986 7310405 7310765 3730422 6770404 6350857 9350687 7310043 6760974 6760371 7310969 7310363 7310841 7310114 7310404 7310564 7310765 7310942 4990765 7310880 7310404 3730898 7310404 7980973 7310841 7310404 4880857 7310959 7310466 3730296 7310857 7311021 7980857 7310564 3730241 7311021 6771010 3730229 7310601 7980700 7310601 3730700 7980404 3730516 7310601 7980973 7310772 6760601 6760841 7980114 7310177 7310601 6760601 7310533 6760765 7310942 5110004 5110370 9400973 7310864 7310969 7310519 7310700 7310564 7310800 7310601 6760961 5370870 4990857 7310765 7310560 7310765 3730772 7770942 5370200 7310942 6350177 3730829 9350700 7310765 7310371 7980973 7310601 7310841 7310812 6350891 7310601 6350765 7980973 5370266 7310601 1030961 7310765 3730942 7310430
7310430 3730981 3730229 8190877 5370829 7310800 3730961 6760700 5370841 6350700 7310519 7310729 7310693 9350296 6760973 3730993 5370371 5370829 6760700 6760601 3731007 3730229 7310651 7310942 8190266 9350765 7310564 6350177 3730137 6760646 9350765 3730404 3730765 6760693 3730765 6760646 5370741 6760765 3731002 9350114 6760601 3730282 6760942 10111023 6760942 8190571 9350796 10110857 9350177 6760942 8190765 6760942 2760857 7310436 8190266 6760601 5370200 6760942 6350177 6350857 6760928 6760994 6350857 6760177 3730829 9350700 7310669 2760857 5370200 3730386 8191023 6761007 6350765 6760961 8190864 5370829 7310430 9350571 6760236 6761023 6760228 9350765 7310404 3730137 5370894 5370266 6760601 9350700 6350114 6761007 6760765 6350114 6760857 9350114 3730601 5370564 3730519 9350177 6760700 3730404 3730993 3730241 9350802 6350177 3730205 8790200 6761023 6350891 6760857 7310405 6350765 9350700 6350765 6760601 6350404 6760601 8190266 5370877 6761023 10110857 5370877 6760942 6350765 6760601 3730993 3730601 7310404 9350114 6760942 9350114 6760266 6760700 6350857 6350404 6760601 6351023 9350765 3730693 6350700 6760419 6350765 7770857 6350419 7310560 7310931 6760920 5370743 6760765 6350601 6760236 6761007 2760857 3730241 5370829 6761007 3730560 3730137 7980404 6760723 9350765 6760723 7980973 8790857 6760785 3730114 3731002 3730519 7310601 7980973 3730241 7980700 3730928 8190877 10220857 3730114 6760177 3731007 3730601 6350891 9350700 7310430 8190785 3730829 6760961 6350857 4330765 6760942 3730241 7310430 3730564 3730229 6760519 3730928 6760928 7980973 7310560 6760857 1030993 7310601 3730404 6350942 6760841 6760765 3730870 6760601 8190765 3730877 8190422 7310765 6350404 3730877 6350404 7310880 6760700 7310651 9350765 6760601 6350601 3730829 3730700 3730765 3730241 2760857 7310961 3730993 3730981 9350765 3730841 7310880 6350700 3730974 7980700 7310651 9350700 3730404 3730419 3730404 5370371 6760994 3730829 7310560 3731002 3730700 3730993 7980973 6760916 3730829 7980973 3730981 9350177 9350700 7310880 3731002 6350857 8190829 4330857 6760857 9350765 9350700 9350765 6760601 9350937 6760177 6760829 9670857 7770857 10110857 6350937 6760363 7310916 3731002 7980404 6350404 6760266 6350700 5370859 9350765 7310404 3730601 7310880 6760765 3730765 6760700 7310596 7310560 7980973 7980973 6350404 9350765 6760857 6760693 5370829 3730177 6760296 8190765 3730404 6350114 6760481 9350765 6350601 8190785 3730765 6760601 7310601 7310841 1030282 7310114 6350404 6760601 8790857 6351023 6760700 5370877 8790200 6350601 6760841 3731007 7770857 6350765 6760942 2760857 6350916 6350601 6760994 6760723 6350177 8190765 7310765 9350937 4330857 6760266 9350765 1030282 6760646 7310601 1030993 6350928 8190835 6350877 3730765 9350114 9350177 3730716 3731002 9350564 8190942 8790857 5370687 8790200 6760961 7980973 6760928 3730241 6760601 8790857 6760877 3730422 9790961 6760961 8190571 6350891 5370419 6760700 3730137 6350404 9350741 3730981 6760973 8190266 6760601 6760177 3730872 1940973 7310948 7770652 7310266 10220857 8190829 5370835 6350601 6760700 6350765 3730419 7310993 3730716 4330601 6350114 6760961 6760829 5370829 6760961 9350765 9350687 7310363 4960973 3730942 3730829 3730961 6350765 7980973 6350961 6760693 6351007 6760516 6350404 6760961 3730961 7770765 5370841
5110564 7310941 7310419 9790993 9070114 6350973 9791002 9790973 7640857 7310924 10110857 10110857 3730941 5590765 7310942 7310765 9070765 10080857 9790961 7770857 7310363 10110857 9070765 4990371 9790973 7310993 9070984 7640857 9070765 10110857 7310916 9070765 7310651 9070282 9350296 7770942 9071002 3730877 7310405 9070829 10080857 9070857 7310404 9070282 7310765 7310601 7310404 7310114 7310436 7310571 7310601 9070765 7310404 10110857 9071002 10080857 6350857 6350687 7310114 4990404 9070984 6660961 7310419 4990601 7310419 10220857 7310405 7310516 6350928 6660872 7310430 7310596 7310430 10220857 7310765 9070857 10140006 6350564 7310687 10220857 10220942 9070114 6350419 5650864 9791002 5590601 7310687 7310601 6761007 9070993 7310687 7310371 9070993 7310404 7310161 10110371 10080857 9070829 3680973 9070961 9070282 7310601 9070829 7310938 9070857 9070646 7310266 7310601 7310931 10080857 5590765 7640857 9070282 6350419 9070993 4990114 7310937 6760942 7310700 9350765 10220857 4571023 9790646 7310741 9070765 4990857 10110930 7310687 7310601 9070993 6350404 10220857 6350857 9070857 7310516 10040857 4990212 7310959 10080857 7310564 9070984 7310601 6760857 6760961 7310993 10110857 9071002 9070114 4990363 9070829 4990942 7310928 4990700 6660924 9790961 9791002 9071002 10110857 7310114 7770942 10110404 7310564 10080857 7310928 7310404 9070282 9791002 7310942 9070282 7310924 10220942 7310350 10220942 9070857 10220857 10110404 7310405 9070282 6350404 7310419 9350373 10080857 5590857 6350741 10221023 4990928 9070984 7640857 7310872 10080857 9070114 9790993 7310229 7770942 9070984 7770857 7310942 9070282 9790993 7980973 5590765 7310928 9790961 7310404 9070961 6350177
4320857 3730877 3730404 9350177 6760973 3730229 8190973 6760601 9350201 3730981 8190201 3730981 6760877 3730228 3730419 6350877 9350201 7310601 9350765 6760877 7310214 9350161 8190829 3730404 7310651 4910200 7310651 6760700 9350765 6760646 6350891 6760601 3730229 9350129 9350765 6760687 8190829 6761023 4330765 3730829 6350857 8190937 3730241 6760236 9350891 6760601 5370877 10110857 7310483 3730891 7770601 8190564 3730229 3730601 6760700 9350700 6350916 9350700 6760481 6350177 6350177 6760857 3730404 7770765 8190877 6350404 6760877 9350114 6760228 3730959 6760880 3730241 6760601 9350129 8190765 5370877 8190765 5370877 9350129 6760601 3730993 6760601 6350266 6760891 8790857 6760765 8190877 9350564 6760877 8190518 9350765 9350296 6350891 4571023 3730981 9350891 6350601 6760942 6760700 9350765 3730241 5370877 10110404 9350700 6350114 6760177 9350700 9350102 6760601 6760973 8790857 9350700 6350857 6350404 9350114 10220857 3730404 3730404 9350177 8190877 8190765 5370829 3730601 6760942 9350102 8190419 9070646 8190266 3730386 8190877 6760266 9350765 5370877 6760916 3730969 6760646 3730419 6760601 5370877 3730404 7310404 8190765 9350859 9350201 6760765 3730137 3730941 6350891 4910200 3730404 6350646 6760700 8190765 6760741 7980601 8790857 9350177 2760857 9350564 6760516 3730829 6760700 6350916 6760226 7310601 9350564 6350419 9350564 6350177 3730564 6350571 6760564 3730404 3730829 9350177 6760693 9350177 8190564 8790857 7310765 6760296 9350646 9350114 9350765 3730877 5370266 9350201 6761007 3730829 6760601 6760646 6350765 3730137 6760177 6350404 9350891 6350601 3730765 6760481 6350891 5370877 3730296 8190942 6760229 6760765 3730601 9350114 9350765 8190829 6760564 8190829 3730993 3730404 6760601 8190765 7310564 4990404 5370877 7310371 9350483 3730829 8190877 6760693 6760228 3730601 6350404 3250857 10110857 6350564 3730829 6760877 3730200 3730765 6760601 8190765 6760601 6760857 3730765 5370877 8190765 6760877 6760601 3730404 6760601 3730765 6760266 9350201 9350161 9350765 3730829 6760646 9350765 4630229 6350601 3730928 3730601 9350201 6760266 9350765 6760564 6350891 4910200 5370877 9350114 6760857 3730700 4570857 6760700 8190765 6761002 9350765 5370371 6350916 3730700 8190829 8190829 3730564 6760765 3730137 3730765 10110404 9350894 6760877 8190571 6350765 6760969 6760693 8190765 6760601 8790857 6760601 9350177 3730981 8190765 6760601 6760785 3730765 6350937 6760857 6350765 3730994 9350765 3730137 7310693 8190765 6760266 9350765 6760994 9350765 8190877 6350765 3730137 6350891 7770601 9350859 8190937 6760601 6761023 8190765 6760765 6760700 8190229 6760601 3730765 3730564 6350404 6350601 8790177 6760877 8190229 6760877 3730993 9350177 6990481 9350765 5370877 9350700 7310404 3730765 6760877 3730765 3730829 9350161 6350404 9350177 6760829 8790857 3730700 3730229 4330765 3730877 3730241 8790200 6760601 10110857 6760564 6350916 9350700 6760601 6350765 2760857 6760765 6350601 9760129 6760829 9350765 8190564 9350564 6350601 8190829 9350765 6760646 6760601 6760646 6350916 6350404 8190829 6760102 4910481 9350646 9350669 6760646 3730765 6760646 3730829 6760973 9350102 8790857 9350765 6350857 8790200 9350564 9350102 9350765 6760601 3730404 8790857 6350601 7310916 9350646 8190877 6760177 5370877 6350765 6350765 6350765 6760601 5370829 6760519 9350765 6350601 6760857 10111023 6760928 10110404 3730601 6350404 6760829 3730981 9350765 5370841 6760765 6760973 8190829 9350564 6350404 7770857 9350700 6760177 5370877 8190765 6760841 8190765 6760942 2760857 5370877 8190266 6760601 8190942 3730404 8790857 8190877 3730404 5370877 8790200 6760877 3730877 6350404 9350177 5370161 6760266 8790857 3730877 10111023 9350296 9350765 4910200 6760266 6760601
10220857 7310601 10080857 9790993 9350752 7310601 9070829 7310043 9070282 7310430 10110857 9071002 9350752 10220857 7310404 9070114 9071002 9791002 9070282 4990741 7770765 10080857 4990363 4990857 9071002 9350571 10111023 9791002 7310942 5590601 4990942 9350114 9790961 9790961 4990363 4990700 7310829 7310993 7310961 9070829 4990601 7310942 10110857 9070765 9070114 4990371 6660729 6760969 10080857 4990601 4990363 10110857 10220857 9070993 9790961 7310687 10140864 9070993 10080857 4571023 4990114 7640857 9071002 10080857 4570857 9790993 10080857 10110371 7310765 7310601 9070282 9350802 6760785 9350071 6350687 9070829 9790993 10110404 7310996 9070114 9791002 9070114 10110741 9070765 9790993 9070984 7310765 5590765 10110857 9070984 9070646 7770601 10040857 10220857 9790961 9070114 9071002 6350371 6760961 6660601 9791002 4990700 7310404 7310350 4990700 5590765 7310984 4990857 9071002 10110404 9070765 9790961 7310483 10110741 7310596 9070993 7310564 4990404 9070993 10080857 6760266 10140864 9070961 6350404 10080857 9070993 10220857 9070961 10220857 10080857 8720857 9070961 10080857 4990700 7310483 10110857 4990857 4990363 7310601 6761002 10110857 10040857 10220857 9071002 9790993 10220857 10080857 10080857 10080857 7310601 9790993 10110857 7770765 7311021 10080857 7310601 6350829 5590765 4990601 10220857 9070961 10110857 9070961 6350829 4990404 9070114 7770765 9070829 9070829 6350829 9070765 7310961 10080857 9070829 9070765 4990765 9071002 9790993 9070646 4990942 10220857 9070961 9791002 7310928 9791002 10110857 7310928 10040857 10110404 10220857 9070984 7310404 4990942 6350770 10110857 9071002
4300857 3731023 3730891 3730646 3730430 4910481 9040857 8870880 9760872 7530767 4910200 7530483 3730228 8190993 3731002 3950371 6991002 4630200 3730419 3730891 3730942 3730829 9760857 8790161 7530177 8790741 6760700 6350937 7530891 520687 8790891 8790891 8790891 8870564 8790809 1760973 8190519 3250857 3700857 8790857 3731002 3700829 8790974 8190765 8190942 8190419 3731023 3730241 3730241 8190765 9760857 7530859 8190942 2080752 7530564 9350571 9350896 9350948 9350071 440973 10220857 8790519 4880973 4880973 4880973 4880973 4880973 4880973 4880973 4880973 4880973 4880973 7310492 1030601 7310601 5370841 5370419 8190516 8190877 3730891 2760877 1030282 4880973 1030200 381010 1030877 1030993 2760857 6760296 8190765 1760973 8190942 8190765 7310466 3731007 5370200 1030580 1030580 6760177 3730941 1030841 3730137 8190765 8190877 1030114 6770601 1030638 1030266 7310765 1030638 2370973 7980973 4880973 1030200 7310765 7310207 3730419 1030937 6761023 3730765 8190765 8190371 9350646 4910481 8190877 8190228 8190571 8190913
3730137 10220857 9790973 6760994 440973 440973 440973 7310371 4090973 9791002 5370894 7310386 9350937 9350930 8790200 9350729 6760961 7310729 6660729 4990601 7310266 10110404 3250200 7940973 7310877 6270560 2760841 7530544 2760687 6350114 6660646 9350974 7530859 4720687 7530891 1030292 1030292 1030043 1030282 4630833 1760973 5370161 1030282 1030282 1030282 1030282 3930006 3931007 9350959 7531007 4720969 4720841 9350937 3250363 7530200 3250857 7530205 250200 1030043 1030646 1030984 1030913 1030043 1030993 1030646 1030993 8190765 5371023 4630961 4630518 5370419 8870772 8870741 1030984 3250937 7530226 4330930 7310177 381010 380004 380292 4880973 380292 7940973 4880973 4610857 4880973 7980973 5370200 5370835 250969 4630870 1030430 250200 250200 5370518 4990700 4630580 4630829 4630404 4630969 9350687 3730241 7310571 1030857 3730519 1030282 1760973 3730177 1030282 1030282 3731023 3730928 1030961 1760973 5370200 3731023 3731002 3731002 1030266 7310037 1030282 4880973 2370973 4880973 4880973 4880973 4880973 7310802 1030292 1030200 7080973 2370973 2370973 4880973 7310596 1030282 7310492 7310207 1030282 5370829 7980973 8190942 4880973 3730228 730928 7310371 7310205
4720829 3250006 8790891 4910200 7530483 10110857 8790496 520687 8870741 8870741 7310891 4880973 6760973 3730229 6760436 8190942 7530891 8790857 3700564 3250937 8190646 6350765 6041002 4720571 7310161 3730177 8190571 8790741 8790857 8190765 6990729 3730266 8190571 3730646 7530864 2280857 8190765 8190765 9350483 6760891 4630571 7980973 8190765 7310373 7310419 7310404 9350859 9350564 9350646 9350646 3470200 8870571 4630419 6350937 6770948 9350580 9760580 6760669 3730229 3730981 4720765 3730299 5370877 3730266 7310993 6350870 2760743 8790496 4910481 3250937 8190942 6990729 7530226 7530564 7530729 3250916 8870924 9350870 9350430 7530859 3950371 7310752 7770765 6760835 3250877 8190859 3730266 3730981 9350859 6760700 7530891 10220857 7640857 7530864 7530177 8190687 8790891 8870809 9040229 3730765 8190973 6350829 6351021 8190973 9040785 3730994 3730241 2370973 7310049 7310460 5370266 6761023 7790829 6991002 8870741 520687
910519 730872 8790544 8790880 8190877 3730877 3730241 3730241 4630829 1030282 1030282 3730981 3730241 3730137 4720765 8060973 10220857 7530200 8190829 8190829 9350646 7310877 3680973 7310752 4990857 7310266 9350687 3250767 8190430 4990993 9710770 9350765 3250877 730741 6760857 3250857 5370071 9350937 3250857 6760419 3250857 8190571 3730519 3730296 1030571 7310651 1030857 3730519 1030841 6760930 1030404 3730700 1030571 5370835 8190424 7530872 4720829 4910200 6760880 6760669 6350937 1361023 250870 8870870 3250877 9350937 6760580 6770948 3250870 3250580 3700870 7530580 9350414 9350937 6350043 7310765 1030835 3250870 8190043 8870974 8790891 8190571 8790857 3250857 6760043 6350930 2760877 8190870 6760973 7980209 3730419 9350114 9350765 8790891 8190516 5370043 8870580 8790741 8190877 8790652 7310669 9350859 5370580 3250043 7530043 6350646 9350870 7790877 4910200 7530891 7530544 9350564 3730241 3730241 7310049 6350870 5370948 6041002 9350419 3730241 9350870 5370894 9350937 9350043 8190266 7311021 9350937 7310941 9350870 2760969 9350859 7530729 3700564 3250363 3250937 8190859 9350564
6040857 9350102 8790857 6990857 8190483 6990481 8190829 4910857 8190829 8190877 8790857 8190765 3250857 8190937 4910481 6350765 10110857 8190894 6760601 9350564 8790835 6760942 3250857 6350601 8790857 8190765 8190877 8790857 8190829 6990481 8190829 7530564 9671023 8190877 6990481 8790891 4910481 6990481 4910481 8190835 8790857 8190765 8790857 4570857 9350765 8190829 4910481 6990481 6990481 8190829 8190564 6990481 6990857 8790857 8190877 8190765 6990481 9350859 8790857 7310601 5370835 7310941 7310114 9350296 10110646 8190571 4910200 9350114 8190942 4910200 4910857 8190765 4910481 8190942 6990481 6760859 8190835 4320857 8790857 1361023 8190483 6990481 9350700 8790857 3250857 8790857 8190877 8190765 8790857 8190877 6990481 8190835 7770601 6350646 3251023 8790891 3250857 4990363 4990580 10221023 7530200 4910200 8190564 2080857 4910200 4910200 6040857 3250857 9671023 6990481 6990481 6350646 6760226 8190835 4990812 730404 7530772 8870043 3250937 8190687 8790857 8190687 8790857 8190741 8790835 4910200 3250857 6990857 8190564 6350959 6760560 7310436 7310765 4990765 9671023 4910481 8790857 4910857 8190765 4910481 6760700 8790857 8190835 6990481 8190942 6350857 7310282 9350114 7530177 7530859 3250877 6990481 8190765 8190877 6990857 8190765 8790857 4910200 4910200 520857 6760226 8790835 9350937 8790857 8190419 8190201 8790857 8190571 6760829 3250857 8190765 8790857 6350404 5370829 4571023 9350114 6990481 8790857 6990857 8190829 5370877 7310177 7310564 7310228 7310877 6761002 10221023 6990857 8790857 6350404 8790835 9760857 8190765 4910200 6351021 3250857 8190859 7530483 8790857 6760601 8190765 3250857 8790857 8190877 8190229 6990857 4910481 8190765 8190765 3250877 8190687 7530177 9350177 8190829 3730177 8190765 8190687 3250857 8190942 6990857 8190765 8790857 8790857 4720877 8190859 3250857 7310859 4990652 6760296 9350564 7980973 6350601 6760961 4910200 8190896 3250937 8190829 3250857 3730419 6760835 3730937 7310835 6770928 6760829 9350564 2760404 6760877 3250363 8790857 8190266
3730765 3730765 3730137 3730404 3730601 3730693 3730177 6760952 3730404 6350857 3730941 3730114 3730877 6760973 6350891 3730601 3730404 6350857 6760430 3730981 8790857 3730981 3730993 3730137 3730564 8790857 3730601 3730877 3730937 6760857 3730700 3730601 6760266 6350114 3730829 3730981 3730601 6760942 3730404 6350564 3730404 3730601 3730177 6760942 3730404 6760700 3730419 3730877 3730177 3730877 7640857 4990114 6760857 6350891 3730961 3730693 7310405 8190942 3250200 3730765 3730877 8190942 6760857 3730430 6760942 3730241 6760601 3730981 6760765 3730601 6760857 6760857 3730765 9070646 3730564 8190229 3730601 3730942 3730404 7310430 3730564 3730765 3730430 3730564 3730229 3730601 9350564 3730404 3730829 3730564 8190266 6760601 1030857 6350765 3730441 7770942 6760859 7770857 3730571 3730942 6760363 3730404 9350419 3730700 3730937 4330765 3730241 3730961 3730177 6760296 3730404 3730765 3730137 7310227 6350687 3730937 6760857 3730891 7310765 7310601 6350916 6760942 3730829 8190960 3730177 3730241 6760942 7310765 8190973 6760942 3730765 7310601 3730114 6760601 3730765 6760646 3730928 3730601 3730700 1030765 3730601 6760857 3730571 7310601 5370266 9790646 6350601 3730941 2370973 6350857 3730404 3730829 3730700 3730404 3730877 3730829 6760646 6350404 3730601 3730646 3730829 6760741 3730404 3730942 3730241 3730928 6760765 6350857 3730877 6350404 3730765 6760857 6350404 3730419 3730241 6760723 6760741 3730877 6760857 3730877 6760504 3730864 6760266 6760601 6760857 10110857 3730601 3730571 6760741 6760693 6760829 7310888 3730404 3730700 7310765 6350266 3730994 3730266 3730765 6350601 4910200 6760646 3730229 7770857 6350937 8190571 9350765 6760942 6350857 3730841 6760857 3730693 6760516 3730266 3730601 6760601 3730829 3730765 6760646 6350765 3730877 6760114 3730877 3730765 9350752 6760601 3730877 9350129 3730765 3730544 6350404 9350765 6760601 3730404 9350765 3730877 3730981 3730765 9070646 3730941 8190765 3730241 3730266 8190765 3730601 6761023 9350765 3730601 3730241 8790857 3730829 8190785 3730765 3730601 6760942 3730841 3730877 6350700 7770857 3730841 3730829 3730928 7310601 8190937 6760891 3730601 6760857 8190229 7310669 8190942 6350404 3730430 6760601 3730404 9350177 8190877 3730404 6350601 3730937 6760835 3730571 3730564 6350857 3730114 6760877 3731002 3730601 3730404 3730114 8190770 3730601 6760693 3730765 8190877 6760924 8190835 4910200 6760891 3730646 4910200 3730993 9790961 10140952 6350564 7310436 6350601 6760765 8190829 6350404 3730601 3730993 3730137 6760646 10110857 4630829 8190942 3730404 6350928 3730404 6350857 6760601 6760942 6760687 6350114 5370161 3730266 3730829 6760857 6350404 4571023 3730700 3730894 3730404 8190877 3730404 8190960 3730877 3730765 6760601 3730404 3730993 3730601 8190960 6760601 6760928 3730765 3730601 3730765 6760601 7310404 3730137 3730266 8790857 7310533 6760857 3730114 6760723 3730981 6350942 9350765 3730942 6350114 6350404 6760765 8190765 4630896 6760857 3730229 10220857 6760969 6760969 3730371 6350114 7310752 6760964 3730993 8190835 3730177 6760891 3730601 6760601 3730404 8190419 6350404 8190829 8190937 3730700 8790857 3730564 3730404 7310669 6350129 6760226 3730404 6760765 3730841 6760765 6350877 9350765 3730185 3730114 3730700 6760765 3730993 3730404 8190765 6350752 8190765 3730877 3730981 10110857 3730942 3730770 6350601 6760481 6350114 6760857 7310693 5370200 6350601 6760646 6350601 6760564 6760857 8190571 6760646 8190266 3730829 3730700 8190752 6350601 6760942 3730404 8190829 6760880 3730601 3730700 6760177 6760646 4910200 3730829 3730363 6350114 6760601 6350601 3730981 3730752 3730993 3730765 6350765 6760601 6350114 3730404 3730114 6760877 9350765 3730137 8790857 8190752 8190564 8790857 3730404 6760504 3730993 6760723 8190571 3730993 6760829 9350952 3730601 9350752 8190960 3730993 8190942 8190765 3730765 3730241 6760916 3730829 3730993 6350646 6350601 8190483 8190829 6760652 3730765 9790646 8190765 6350877 3730430 6760266 8190937 9350765 6760891 3730496 6760601 6350765 8190765 6350601 3730765 6760601 6760266 3730114 6760226 3730993 3730114 3730601 9350765 3730601 6760924 3730765 3730700 9350114 6760770 3730266 3730137 6761023 6350404 8190419 6760564 6350114 8190071 3730700
4880973 3730870 6760973 6760436 2370973 6350973 1030292 9350669 3730200 5370161 6760859 7310669 6350481 1030419 4880973 3731002 3730870 5370961 1030282 3730363 1030282 9350700 4880973 6760973 3730296 1760973 8190765 8190765 9350700 3730241 3730877 3730229 2370973 6990857 9350114 5370841 7980930 3730765 6760564 6350857 7530200 6350404 8190228 3730928 3730266 3730829 8190564 1940973 3730729 3731002 1030857 7310129 1450973 3730200 7980973 9350483 3730177 3730993 8190765 3731023 8190266 7310102 6761023 3730228 8190419 8190571 3730430 3730765 6760481 3730601 7980974 7310772 6760924 4630571 6760693 1030282 4910200 3730228 3730877 6760942 9760200 3730564 3730564 3730785 6760942 7310227 7310404 6760560 6760928 2370973 7310404 8190765 7310931 6760942 3730928 7310214 7310214 3730829 6760481 3730177 10110857 1030292 3250857 4910200 6350601 3730601 3730299 6350601 8190564 9350177 3730228 7310857 7310207 3730266 8190765 5370266 3730419 1030580 8790835 8790891 4330857 4960973 1030857 6760857 8190266 7310669 3730765 1030292 9350765 3730994 3730241 6760693 7310870 3730228 9350937 9350765 3250857 8190571 8190835 8190571 8190942 1030266 8190765 9350483 3730928 3730200 9350544 3730200 8190994 4720877 3730765 8190646 3730877 5370419 3730404 8190765 6350765 8190266 4630114 8190419 8190266 3730177 6760481 9350564 4320857 8190942 8790857 1030877 4910481 7980974 8190829 8190564 2760857 9350114 9350870 380004 1030601 5370371 8190266 8190765 8190859 8790857 1030601 3731023 6350916 9350564 7310129 3730601 8790857 3730241 8790857 3730700 1030928 1030638 7310564 9400973 3731023 1030877 6760857 3730241 3730404 9350765 3730841 3730700 9350430 3730601 3730993 7310891 8190877 3730993 3730993 8190937 8190741 3730114 3730420 9350765 4880973 4630282 3730266 3730765 3730700 4630419 2370973 4880973 3730404 3730700 3730241 3730601 8190419 7310177 1760973 3731007 5370841 7310102 3730430 8190859 8190877 381010 3730004 9350564 3730229 8190518 6760924 3730870 8190870 3250857 3730200 3730430 7310266 3730200 6760857 9350700 8190419 3730200 7310700 9350687 5370870 3730229 1030004 4880857 2370973 7980973 3730891 3730386 8190877 1030993 3731002 3730974 8190829 2370973 3730177 3730646 8190765 3730700 3730877 9350177 381010 6760857 8190765 7310161 7310891 4330857 3730601 3730481 7980765 3731002 3730241 5370829 5370841 8190829 3730601 4630765 4330601 3730700 3730564 3730241 9350564 3730765 4880973 8190571 6761023 4880973 1030266 6760177 8790857 8190424 6760646 1030765 8190942 7310129 6760601 8790857 3730519 8190765 4880973 8190266 6760177 1030877 1030282 8190419 6760857 8190812 4960973 8190419 7530177 6760942 8790857 381010 3730404 8190571 8190859 4880973 8190266 8190765 8190877 2370973 7310466 3730177 1030877 7310404 9350177 9350741 6760669 3730993 6760646 4630829 8190859 2370973 3730200 381010 3731007 8190424 4880973 7310177 1030266 7310436 6350571 3730386 9400973 3730969 3730200 7310857 7310601 7311021 7310114 7310942 4880973 4960973 7310404 4880973 8790200 6760646 3731002 7310700 1030984 6350891 2370973 3730928 7310177 3730765 1030877 3730404 7940973 3731007 1030928 8190229 7310870 3730571 6760266 6760835 6760564 8190765 2370973 7310601 3730937 8190571 6350404 1030857 4880973 1030969 1030371 7980973 2370973 1030829 3730177 3731023 3730829 6760857 6760419 2370973 8190942 3730891 7940973 3730404 3730601
3730829 7311010 8190409 3730928 3730870 3730404 3730177 3730404 3730241 8190877 3730404 4630765 6760102 3730765 6761023 3730765 3730974 8190765 3730241 3730404 3730877 8190765 7310601 3730981 3730229 3730993 3730404 6760601 4630928 3730419 3730601 8190942 3730765 4630829 6760266 3730601 9350564 3730765 4630829 3730981 3730137 3730601 3730700 8190765 3730601 3730941 6350891 3730241 3730404 3730981 3730404 3730601 6760928 3730601 3730114 9350177 3730928 3730404 3730430 3730404 8190877 3730741 8190765 3730981 4630200 1030829 8190296 4630229 4630829 3730700 3730419 3730765 3730877 3730481 8190829 6760857 3730404 3730877 4630877 3730765 3730241 8190201 3730700 3730404 5370877 3730974 3730137 3730404 9350765 3730700 3730941 3730974 3730928 8190765 6760481 3730404 3730974 3730241 3730601 3730981 8790857 4630877 3730765 6760601 3730765 3730241 6350114 4630829 3730363 8190942 3730765 4630282 3730601 3730928 8190891 3730981 3730228 4630765 3730241 6760646 8190765 3730601 3730404 3730601 3730601 1030928 3730177 6760857 3730114 3730564 4630571 3730177 8190564 3730404 3730601 3730519 3730974 8190877 3730241 6760857 3730404 4630371 6760564 7980404 3730419 4630371 3730404 3730177 3730928 3730564 9350891 3730241 3730241 3730877 9350177 6760928 3730404 6350765 6760857 3730363 3730984 6760646 4630200 7310651 3730404 3730114 3730137 8190942 8190973 3730601 8190266 8191023 4330857 6760700 3730765 8190785 3730571 3730137 3730928 3730404 6760601 3730404 4630229 6760564 3730241 3730928 6350646 3730241 3730404 6760601 3730601 3730765 3730700 3730765 3730700 6760928 3730829 3730700 3730601 8190201 3730177 8190835 3730241 4630877 3730877 3730928 3730404 3730601 3730404 3730430 6760942 8191023 3730829 6761023 3730993 3730765 3730004 3730114 1030877 3730928 3730430 6760646 6350601 1760973 3730700 8790857 3730937 1030877 8190829 6760601 3730928 6760266 6760481 3730765 3730601 8190937 3730700 8190422 8190266 3730137 3730241 3730601 3730981 8190765 3730241 6761023 8790652 3730937 250571 3730601 3730981 3730404 3730601 6760880 3730765 3730981 3730700 3730928 8190409 4630765 3730430 8190266 6761023 1030571 3730241 6760700 4630877 6350857 6760928 3730004 8190829 3730981 3730700 8190765 3730564 6760601 3730564 4630371 6760829 3730928 8190891 9350201 3730993 8790857 6760857 3730596 7980601 6350916 4630877 1030282 8790857 3730601 9350974 3730177 6760601 3730974 3730993 3730601 3730829 1030928 3730765 3730114 6760973 4630829 3730601 3730404 8190829 3730700 8190765 4630419 3730700 8790857 3730137 3730974 1030765 6760723 6760723 3730981 3730241 3730981 4330601 3730700 8790857 3730942 8190765 3730601 4630829 3730601 3730241 3730765 8190942 3730601 6760646 3730829 4330765 3730241 3730981 6760601 6760765 8190942 6350916 3730430 3730363 3730601 3730981 8190765 3730177 3730942 9350114 3730601 3730241 3730891 1030877 8190829 1030993 3730993 3730765 8190870 3730241 3730829 6761023 3730404 1030601 6350404 1760973 3730177 6350765 4630877 3730241 8190409 1030404 3730177 3730266 3730241 4630877 8190266 3730870 3730993 3730404 7310161 3730765 6760601 8190870 6350114 7310177 3730981 9350177 9350765 8190877 3730765 8190877 6350129 3730765 1760973 4330857 3730646 3730765 3730564 3730646 3730414 3730430 4630829 8190409 3730765 3730601 4630942 3730765 3730137 3730229 6760765 3730601 3730404 3730765 6761023 8190765 3730601 3730241 3730765 8190942 8190266 6760601 8190419 3730993 6760700 3730864 3730941 9350564 3730765 8190285 3730241 4330404 5370829 3730981 1030993 3730601 1030993 5110370 7310492 7310161 7310404 7310404 3730177 3730829 3730765 8190877 3730371 8190829 4630419 3730859 9350765 8190870 3730993 3730241 3730404 6350571 6760601 3730959 6760177 8190877 3730981 3730601 8190201 3730137 3730241 3730765 3730601 6760296 1030266 1030829 7310931 3730299 7310765 1030829 7310891 7310114 1030601 9400973 7310651 7310177 7310129 7310229 1030829 1030282 7310229 6350959 6760481 4630404 7310601 9350765 3730829 6760870 6761023 2760857 7310102 1030877 3730241 1030371 4880973 7310229 4880973 7310693 7310700 6760177 8190942
3730959 9350687 8190877 8190829 1030928 1030292 5370481 3730700 4630404 4630829 3730404 3730765 3730700 7531023 3730700 7310228 4880973 7310292 1030632 1030266 3730241 3730241 4330857 8190419 3731023 7530564 7310519 5370266 6761007 3731002 9350765 4630829 7980974 4990687 4990601 5370859 8190516 8190483 8190371 5110161 9400973 7310857 4880973 9400973 1030200 1030829 7310601 5370877 3730765 3730519 3730765 2370973 3730296 2760829 8190961 3730646 4880973 4880973 1030857 2370973 1030857 1030829 2370973 1030580 250200 3731002 4330765 9350114 6770282 2760765 3230404 8190571 3730241 3730959 3730700 3730519 3730519 3730942 3730404 1030518 3730519 3730870 1030961 3730898 1030829 1030282 7980973 1030877 4880973 4880973 4880973 4880973 380638 4880973 4880973 380004 4880973 4880973 4880973 4880973 7310891 7310161 1030877 2370973 7310601 7310564 1030404 8870880 8790857 3250937 8870571 8710928 3700623 5650205 5230646 9710363 4910200 8190859 9710920 7531023 6660729 9350386 3250371 7530560 3250363 1030292 7310161 7310363 2370973 4880973 7310669 7311021 5370266 8190942 8190877 8870564 730765 2760404 3250916 3250916 7531023 8190942 6770160 2760857 2760228 730942 7790829 9711023 4720942 520687 3470980
3730601 6040857 3730601 3250857 3730809 8190877 10110857 8190564 6760924 4910200 8190942 3730404 8190829 9350700 8790857 3730942 8790857 8190877 6350916 8190687 8190285 9670857 8790857 8190409 6760646 8790741 8190414 8190419 3730993 3730993 6760857 8190419 8790857 8190877 6760752 3730877 3730114 6760646 3730200 6760973 8790857 3730872 3730496 6350765 8190877 9350114 4910200 8790857 4910200 9350700 8190923 6760601 8190877 3730241 8190419 3730942 8190829 6760646 8190937 3730993 6760700 3730829 8190942 6760857 6760877 7770765 8190296 3730765 6760601 3730993 3730877 3730765 6760601 6760928 3730601 9350006 8790857 8790857 6760646 8790857 8190071 3730700 6990857 6760829 3730114 3730601 6761007 8790857 7770601 8190571 3730829 6760942 3730404 8190829 6760942 9760200 8790857 8190859 7310214 6760646 8790857 6760646 3730877 9350177 6760765 3730371 6990857 6760601 8190877 6990857 9350177 6760601 3730993 4910200 8190765 6760177 8190960 8190942 6350765 8190942 1361023 8190770 8790857 6760601 8790857 3250857 3730229 6760752 8190646 6760942 6760601 3730942 6760765 3730430 9350952 3730993 6760765 6760942 3730114 3730296 9671023 9350741 6760266 6760829 7310986 8190877 6990481 6350765 8190765 6760857 8190765 6350601 6350857 9790646 8190765 8190877 8790857 6760564 3730114 8190752 8190877 9710857 6350601 6760857 8790857 6760601 6760872 6350916 7310601 3730993 6350916 8190877 3730266 6760924 3730516 6760236 3730564 8790857 6760646 6350404 3730646 6760700 8790857 7530177 3730829 10220857 8790857 3730371 9760200 3730404 8190765 8190829 9790646 7310533 6760177 6760752 8790857 3250857 8190765 3730004 8790857 6990481 6760942 8190765 3730993 9350114 8790857 3730877 3730993 8190872 8790857 10220942 8190765 3730137 8790891 6760942 6350601 3730404 6350857 8190419 6350601 8790857 6760564 6350177 6760942 6990857 3730993 8190419 8190942 8790857 8790857 6760942 8190296 9671023 3730993 8190942 8790857 8190752 6350752 8190877 8190687 3730430 9350765 8190896 8790857 8190829 3730981 8790974 3730601 8190937 6350114 8190942 8790857 3730993 6350564 2080857 3730601 6350765 6760700 6990481 8190942 6990857 3730601 4570857 9350700 8190752 4910200 8190877 6760952 9670857 9790993 8190765 4330857 3730404 8790200 9350888 6350114 6760646 8790857 8190371 6350916 8190285 4570857 8190765 8190942 3730765 6350560 4910200 8190571 6760601 4910857 6760942 8790857 6760006 6350765 8190741 3730564 3730114 8790857 3730200 3730765 6760942 6760481 6760752 3730601 6760700 6350601 7770601 8790857 8190829 6760857 6350114 3730942 6350765 6760646 8190765 8190960 6760266 3730877 3730004 3730770 6760693 8190752 6760857 8790857 3730741 8190201 3730137 6760942 8790857 3730877 6760723 3730993 8190942 6760266 8190765 6760601 6760841 8790857 3730993 6990857 8190285 6350601 6760942 3730993 7310601 6760414 8190942 8190829 8190829 7310430 3730564 8190752 6350829 6760564 3730177 8190296 6350752 6760767 3730700 6760857 6350942 6760916 6350765 3730942 9350765 6760942 7310129 7310601 7310533 1030829 1030282 7310564 7310765 7310601 1030282 7310765 4330857 3730228 9070646 6350891 6760601 6760765 3730942 8790857 3730765 8190960 3730404 6760601 7310564 1030835 3730864 2370973 3730177 3730700 3730765 7310601 3730200 2370973 1030829 7310564 4880973 9400973 1030829 6761023 3730404 8190829 6760700 3730829 8190877 3730404 4910200 6760601 3730993 9350700 6760580 6350419 5370877 8190994 6760601 8190419 6350601 6350765 6760785 8190765 6760857 6350765 3730877 3730404 6350177 3730981 1030928 3730601 7310227 3730841 3730241 4330765 1030877
1030419 3250857 8190419 6760857 3730268 6760564 5370877 4910200 4910481 8190229 7530564 8190419 8190877 8190564 8190829 8790857 3250129 8191023 7310765 7310564 1030266 1030829 1030877 7311021 5370829 7310207 4880973 7310161 4880973 4920973 7310571 6350646 4910200 6350646 6760601 8790891 8790857 8190877 8190891 6760601 7530564 9350765 6760942 1030601 7310564 3730519 1030700 7310519 1030419 1030877 3730241 6760765 8190942 6350114 3730941 8190829 1030638 7310669 7310161 1030292 7310404 7310177 4880973 1030266 7310177 4880973 1030266 7310765 1030404 7310177 7310161 7310404 7310404 8190419 5370877 6350765 3730266 3730177 6761023 8190942 3730114 1030857 3730519 3730137 8190419 6760266 8190765 6760601 8790891 6770404 4960973 380004 7310466 7310177 4330765 2760942 6350765 4630877 1940973 7980973 6760857 4990765 7310601 7310564 7310564 7310177 7310928 7310102 7310404 7310564 7310877 7310841 7310669 7310877 7310177 9350765 4990765 7310931 9350765 7310533 7980973 4990601 8190266 9350765 6760601 3730981 7311010 7980209 7310669 9350765 7310969 8790200 4910481 4910481 7310404 8790891 3730236 7310765 7770857 10110857 7310580 7310114 9350071 6761007 6760857 9350114 6760969 9350765 6760564 6760229 7310765 7980973 7310969 7310601 6760877 7980973 7310228 7310404 7310601 7310404 7980765 1030877 7310114 7310214 7310564 1030282 7310829 7310877 7310227 7310386 10221023 3730296 7310404 4990857 3731002 6760765 9350937 6760114 6760859 9350669 6350177 6760942 6350765 3730646 3730404 6350765 4990043 6350891 5370419 7530564 8790200 6760646 6760564 8790857 4910200 8190942 8190765 6760519 5370829 6760564 3730229 3730137 3730241 3730519 6350404 4630829 7310564 3730994 1030877 380004 380004 4880973 1030829 2370973 2370973 7310177 1030282 1030829 7310765 1030200 4880973 7310669 5370200 3730404 6760829 3730414 6760646 8790857 6760942 8790200 3730765 6760601 5370877 3730137 6760765 3730601 7310404 7310765 1030877 6760994 3730993 3730877 6760560 1030994 7310891 1030829 2370973 7310296 7980973 6350177 5370266 9350765 7530161 7530177 9760129 8190765 8190937 6760942 6760942 6350891 8790177 3730241 8190877 6760430 7530544 8190765 9760481 8190687 8790857 8190942 9671023 8190829 8190877 8790857 8190877 6760646 8790857 7530161 8190942 8190765 4910200 8190765 7531023 8190765 8190877 7770765 6350404 6760942 7530161 4910200 6760841 8790857 8790857 1361023 3250857 8790161 8190937 3250857 8790161 9350765 7640857 9350114 6350114 6760601 8190765 3250877 9350129 8190765 6760601 9350765 8790857 9350114 6760564 8190765 8790835 8190646 9671023 4330601 1030984 9350891 8190829 9350700 9350564 6760961 8790857 6760877 8190829 6760226 8190829 8190942 9670646 9350700 8190829 3730937 8190877 4630829 3250857 8190809 8190877 8790857 8190942 8790891 8190877 9350646 8190765 8190877 9350564 3730137 9350564 4910200 8190564 8790857 6760646 6760601 8190829 6760841 4910200 9350646 4910200 3250857 8190765 9350802 8790891 8190877
8190973 2280857 3950043 8190043 3950043 3950043 4990363 8190043 8190043 9350754 8190519 9350880 250961 3950043 4040857 3950043 3950043 8190969 3950043 3950772 4630870 250200 1030993 8190205 9040857 8190994 3950043 8190646 5370043 3731002 6760419 8190859 8190364 8190973 8190937 250200 4630200 3730646 8190560 8190765 3950897 3950897 5370841 5370859 9040974 250282 5370841 3390870 2760652 3950043 5370841 3950043 5370841 5370043 8190937 5370841 8790857 7770857 3250857 1030646 1030282 3731002 4630200 4630200 1030292 1030857 4880973 4880857 1030200 1031002 1030646 1030994 1450973 1030292 1030282 1030984 9350177 1030282 4880973 4880973 4880973 4880973 4880973 4880973 4880973 7310492 4880973 4880973 1030292 7980973 2370973 5370200 5370200 7790877 6660870 10110043 9350166 7530043 4990043 250571 4630200 1031010 1030292 1030632 1030282 250961 1030638 1031002 8191023 4990700 7770857 4990857 7310859 7310835 3250987 9710363
7310071 8790519 1030993 4630200 1031002 1030928 1030646 250518 250580 7310519 2370973 1030292 4880973 4880973 4880973 7980973 4880973 1030282 5370518 250200 250518 1030363 4630571 3730700 7310601 7310571 7310571 6351023 7770857 6760841 5490973 2370973 7310266 7310560 6760888 3730363 8190812 7531023 9350872 8790504 3250857 3390752 4040857 3390580 910961 730888 9350071 7790888 3700743 9040857 4320857 520741 9041023 8190937 3950729 4040424 3390961 9710575 9710739 9710653 3470812 9710575 3230350 9710812 9710334 5230891 2080580 2080560 3470575 380292 7940973 910205 910739 5230406 910560 8060973 10110857 3230857 6350752 1760973 1030857 1030638 1030857 1030638 1030857 4880973 1030292 1030292 1030969 4630772 5371023 1760973 1030913 1030292 4630200 250200 1030282 1030200 4880973 1030292 1031002 1030729 2760857 7310043 7310596 7310877 7310504 9350752 5370894 9350114 8190961 4630200 4880973 6660646 730765 730205 8870974 1030043 3950364 4630114 5370492 4630961 6660228 9350743
8190973 8190973 4630752 4630829 8190973 4990071 10140973 10140812 6270560 5110004 7770765 7640857 9350687 8190937 8190937 8191023 8190937 4320857 7310006 6350857 4990948 9350700 9350114 9350205 6760859 6760560 6350700 8190937 5370859 7770857 8190859 4990519 4990646 7770857 8060973 10140872 7980973 10140872 6760928 9350415 5370419 8190859 8190645 3730937 4630282 8190646 4631007 6350961 6350888 9350888 9350888 6350743 6760646 9350743 9350419 8190942 8190859 8190571 8191023 250282 5370859 5371010 10220857 4990857 6350770 6350752 8190571 6760687 9350700 8190894 8190266 8190859 8190765 5650857 6350114 9350071 5370687 8190896 3730687 8190937 5370841 5370841 8190687 4630894 8190891 7310984 9350205 5370812 4631007 8191002 5370752 8190560 8190228 250200 8191023 5370424 5371010 4631007 4631007 5370424 8190518 5370829 5370424 8190973 9350700 8190765 5370560 8190961 7310571 7310571 7640857 10220857 7310571 8720857 5650857 3250857 3730601 8190877 5370859 8790200 5370266 9350729 9350580 6350646 8190765 10141002 8720857 7640857 10141002 6351007 5230857 9350741 9350071 10140993 6350928 4990960 3930857 7640857 4990996 4990752 10220857 6351023 6760928 6760896 9350880 6760841 9350114 4990928 7640857 9350765 6760669 9350419 6760228 6350646 9350700 5370841 6350646 9350974 4990857 250200 2750836 6660836 4990800 10140560 5650857 6660856 6350928 6350700 6350829 9350571 8190518 8790857
1030646 6760891 3730942 3730601 8190687 3470980 7530519 9350564 7310422 3730200 7310292 7310228 4880973 1030772 1030282 1030200 1030961 4880973 4880973 4880973 1030292 4880973 4880973 4880973 4880973 4880973 4880973 1030292 4880973 5371023 1030984 4631007 1030993 6040857 6040857 4320857 4300857 6350646 6040857 8190964 2280857 250200 4630928 250424 5370043 5370859 1030638 4880973 1030961 1030638 4880973 1030292 1030292 4880973 4880973 4880973 1030292 7310492 4880973 1030638 1030292 7980973 1030292 1030282 250200 4630928 8190835 4630419 3250857 4320857 2280857 250571 250571 2280857 250571 250200
3390994 1031010 4630282 4631007 4630200 1030930 1031002 4630200 1030969 1030638 1030043 1030841 1030282 1030292 1030632 1030282 1030984 1030580 1030913 1031002 1030043 1030518 1030829 4880973 1030282 1030282 4880973 1030580 1030913 4880973 1030282 1030282 4630419 3730646 4630200 4630200 1030320 3730386 3731023 1030292 3730200 1030829 1030984 1030993 3730200 1030969 1031010 1760973 3731002 4630200 1760973 8190961 1760973 1030961 1030292 1030961 1031002 1030961 1031002 4880973 1030928 1030200 4880973 4880973 1030200 1030200 1030292 4880973 1031010 1030282 1030292 7980973 5370292 8190504 8191023 8190646 8191023 8190646 250200 1760973 4630961 8190973 8190571 4630200 1760973 3730241 6760363 6760859 6760857 3730519 1760973 3731023 1031002 1030282 3730974 1030961 7980973 1760973 1030913 1030282 3730228 5370200 1030282 1030765 1760973 1760973 1760973 1030829 1760973 3731002 3731002 7980973 4630200 3730386 1030282 1030984 3731002 1030993 1760973 1030282 1760973 4630200 4630200 3730814 3731002 4630200 5370492 1760973 7980973 5370492 1030114 1030646 5370829 4630200 1030282 1030969 1030646 4630200 1760973 1030993 1030114 3731023 1030928 1030913 3731002 3731002 4630200 1760973 4630282 3731002 1031010 3730898 3730898 1030638 1030913 4630200 7980973 4630200 7980973 7980973 4630200 1031010 1030282 3731023 5370544 1031010 1030994 3730519 1030292 4630200 3731002 3731002 1030282 4630200 3731002 3730994 4630200 3731002 3730200 3731002 3730386 7980973 3731002 3730646 5370200 3730241 1760973 1030984 3731002 3731002 1760973 1760973 3730241 3731002 7980973 7980973 3730969 3731002 1030969 1030282 1030282 4630200 4630200 3731002 3731023 1030969 1030994 3731002 3731002 1760973 4630200 7980973 4630571 3730646 4630200 4920973 7310560 7310266 7310483 3730422 4330857 3730241 3730765 3731002 3731023 4630200 7980209 1031010 5370200 4630200 3731002 1760973 1030571 1760973 4630200 3730228 1760973 1030320 5370518 1760973 1031010 4630200 3730870 1760973 1030646 1030282 3730928 3730928 7310880 1030700 3731002 3730941 3730386 1760973 3731023 7980973 1030282 4630200 7980973 7980973 3730228 1760973 1030282 3731002 3730898 3730200 9350364 1030282 3730386 3730928 3730241 3731023 1030984 7980973 4630200 3731002 3731002 1760973 5370424 3730961 3731002 1760973 3730519 3731023 3731002 8191023 4630200 1760973 3731023 1030282 4630200 1030282 1030984 4630580 3730898 1760973 5370544 3731002 1030292 5371023 3730200 1760973 5371023 1030984 1030518 1030857 1030969 1030282 4630969 3731002 4630200 1760973 5371023 8190419 7980857 1030282 1030004 1030282 3730974 3731002 3730004 1030282 7980973 1760973 3731023 4630200 1030282 6760859 10140652 7310937 6760928 7310841 3730371 7311021 3730519 3730571 3730200 3730841 3730937 1760973 6760481 3730241 7980209 8720857 7640857 7311010 7310928 9350741 3730200 3730928 3730200 1760973 1030984 3731002 8720857 7310959 3730969 6760516 7310363 7310872 3730770 6351023 7770857 6760419 7310859 7980973 6760857 7310596 7310161 6350937 7310941 7980973 9350516 6761023 5370200 1760973 9350516 3730580 1030993 1760973 1030984 1030700 5370841 3731002 3730646 3730363 5370841 3730814 1030993 7310835 8720857 7310571 7980973 3730729 9350571 3730241 3730241 4990857 9350415 7310961 3730961 3730386 4630969 1030580 1760973 1030282 4630969 1760973 4630282 5370200 1030292 4630200 3731002 1030580 1030580 3730228 3731002 3731002 5370544 3730228 9350729 5370729 8190969 5370364
3950386 5370492 5370481 1030646 1030292 1030282 3730481 1030857 1030994 1030646 4630580 7790894 5370961 4040200 4040424 3390580 10190961 7790870 4040200 2570772 3950870 250772 250424 1030930 5370930 5370930 7790857 250518 7790857 7790870 8190994 3250857 7790743
4750870 3731002 7310870 380638 7310857 6770160 5370961 5370870 5370870 250424 250282 250993 250282 6350652 9350430 9350700 3230285 8790891 7530872 4630200 4630913 730894 8871007 5370282 5370282 4720969 4720961 4041007 4720729 4720961 4720961 910857 910961 9040961 4040424 4040518 4040518 4041007 4041007 4720969 8870481 8870282 2750414 3930646 3930228 3700964 5370729 3950729 10190961 4040200 4720404
4040601 8601023 4720870 4300580 8340580 6771010 8190870 250894 3390870 520969
3390994 250580 250772 7790857 5370930 4880973 5370602 5370602 7090973 4750870 7790857 3390870 3390870 1030419 3730870 3730870 5370743 3390580 2570580 4040200 730516 4720404 9040870 1760973 1030994 4630857 910200 5370602 250969 3950870 4750870
3391007 4720888 8190571 4720571 3391002 8870974 8190994 9350994 8870424 8870266 8790959 7790729 8190913 4630765 8191023 3230857 8791007 4720516 1760973 5370801 4720687 4630913 4630282 5370993 7790228 5370801 3391007 7530564
9790973 6760226 7310888 2760857 8190888 7790144 4300857 8550519 4630913 6760973 4720969 3250877 1030004 250571 440973 7310519 3730519 5370896 2760857 4630969 4630969 4720857 6990857 7310102 7310857 5370841 5370729 7310492 3731007 250961 4720200 3950729 3730229 3730241 8190969 2760870 6770043 5370043 5370924 7311021 7310920 5370729 9350974 250200 5370729 250772 2760729 5370200 250772 4040200
250200 250200 250961 5370043 7790144 1361023 1480973 1030292 1030282 5370481 5370364 250894 5370544 3730716 3390960 7310102 7310560 8190765 7790857 7790857 7790857 7790741 7790857 8190645 250071 7790841
6350961 4880973 6760973 5370687 4720404 910519 910200 9350913 3950960 9350937 910519 7530872 3950729 2760930 5370894 8190519 250200 5370200 8550519 8190888 5370424 2760857 2760959 6040857 7791023 4880973 250942 4630004 8870974 3391007 7790857
4040857 4720363 4720363 7310037 4720687 4720571 8791007 7790937 8791007 4720765 6350964 6350564 6760870 8190973 2760963 8190894 1030930 4991023 5370961
