208
8190942 5370743 9040857 8190687 8190071 5370743 3950896
8190913 5370200 5370404 8190371 9350560 2760071 3250857 4911023 1031002 1031002 5371023 7790857 6770857 5371023 3731002 7790424 1031002 1031002 1031002 6770857 1031002 1030282 1031002 7790200 5371023 5370841 5371023 5370404 7790857 5370200 5370772 5370772 5371023 6770857 1030292 1031002 1030282 4880973 1030638 4880973 4880973 1030857 1030292 5371023 8190519 1030282 6770857 1030282 5371023 250200 7980973 4630200 250200 5371023 4630200 250200 5370043 5370200 5371023 1031002 1030292 4880973 1030638 1030292 1030282 1030282 1030292 4880973 1030292 4880973 4880973 1030292 1030292 7310161 1030282 1031010 1030292 1030292 1030282 1031002 5371023 1031002 1030993 1030993 5370519 5371023 250200 250200 7310646 5370404 7790200
6760942 7310404 4630200 7310371 1031010 1030857 5370043 5371023 5371023 1030993 250200 4630200 5370404 8190687 4880973 4880973 4880973 4880973 4880973 1030857 7310669 7980973 7980973 4630200 8191023 8191023 4630200 1031002 250200 1030282 1030292 4630200 3730700 2370973 1030877 4880973 4880973 1030282 7980973 7980973 7980973 7310877 7310700 1030292 7310564 1030292 5371023 5370877 250200 4630200 1030857 1030282 1031002 1031002 1031002 1030282 1030638 4880973 4880973 4880973 4880973 4880973 4880973 1030857 4880973 4880973 4880973 4880973 1031002 5370519 250200 250200 4880973 4880973 4880973 4880973 4880973 250200 5370841 1030993 4630200 8190646 4880973 4880973 4880973 1030292 4880973 7310200 7310200 1030282 4880973 5370200 4630200 4630580 1760973 4630200 1030857 4880973 1030292 1030292 1030993 250200
250200 5371023 1030282 4630200 4630200 1031010 1031010 4630200 8190857 2760772 7790200 4630200 730928 250200 3730928 2370973 4630200 3730519 5371023 4630200 4630200 5370043 4880973 1030292 4880973 1030857 1030292 1030282 4630200 4630580 8191023 250200 4630200 5370404 3731002 1760973 4630200 7310765 1030282 1030282 1760973 8191023 4880973 1030282 3730241 8190519 5370200 4630200 8190646 3730200 4880973 4880973 4880973 4880973 4880973 4880973 1030292 4880973 3731002 250200
1030638 5371023 1031002 1031002 5371023 5370772 1760973 1030292 1030292 1030292 4880973 4880973 4880973 4880973 1030282 4880973 1030282 1030282 250200 4630200 1760973 1031010 1760973 5371023 5371023 4880973 2370973 1030292 4880973 1030282 7980973 1030292 5371023 7790200 5371023 5371023 5371023 7310601 4880973 4880973 7310404 5370743 7790200 5370519 1030857 1031010 5371023 7980973 1030857 1030857 250200 5371023 1030857 1030282 1031002 5370200 2370973 1030282 1030993 4630200 4630200 4880973 4880973 1031010 1030282 1030282 3731002 4630200 1030292 4630200 7310200 6770857 6770857 5370743 1030282 4990857 7310646 3731002 4630580 9350519 7980973 4880973 3731002 7310200 1030282 7310200 1030292 1030282 1030993 1030993 250200 4630200 4880973 1030292 4880973 1031010 1030638 1030282 1030282 7980973 5370200 250200 1031002 1030282 1031002 5370200 1760973 4630200 250200 1760973 1030857 1030857 1030857 1031010 1030292 1030857 1030292 7310646 6350857 8190404 6760857 7530857 8190419 5371023 5370519 250200 250200 1030292 1030292 1030993 4630200
8190071 9710752 3700741 8870969 9040857 520969
3700205 2760770 8710752 2760770 2761007 8190646 3230519
9040772 9040580
2760894 8190371 7980973 4911023 3730580 3730580 3730700 4630913 9710920 7790741 2760969 730519 8190942 6350404 9350601 8190942 8190770 8190700 8190404 3730993 8190857 8190913 250200 4630200 3951002 5370841 7790937 3950888 7310669
8190687 5231023 6760857 6350765 7530857 910857 8870580 8190942 3950960 9710071 4630913 9710864 7310669 3230205 730200 4630580 8190404
10110857 5370371 6350404 6990200 8190700 1030993 5370930 7980973 7790857 4720200 8190700 9710371 5370071 4720857
8190896 7790937 8710752 9710519 6770857 6990200 3730877 3730646 3730993 8190404 7530857 3730601 7790857 7790770 8190770 8711023 2370973 8710857
8190700 3731023 6770857 2370973 3731002 8190519 2080770 3230205 9710864 9710371
8710857 730519 8190772 10140652 10140652 3700969 5370841 5370071 7310371 3230205 5370772 3471007 6760646 9710006 9710864 5370841 4720200 8190961
9710071 8190857 3730241 8190700 8190857 8190770 9350924 9710752 910857 8190580 7790964 2760580 2760964 8190964 9350601 6770857 5370404 1030282
8190857 9350371 7980973 3250857 3730404 8711023 7980973 9350752 730071 5370841 4040200 7530857 2760743 8710752 3230519 2760580 3470580
7530857 8190770 3250857 9350741 9350741 3930519 3930519 3470422 8190652 5370841 3730700 8190877 9350601 9710752 3250857 5370829 8190752 1030829 5370829 5370200 5370404 5370571 9350601 8190700 8190652 3731002 2370973 3730114 7310669 7310200 3730993 7980973 7530857 7310371 3730877 3730765 8190652 5370200 1030282 5370200 1760973
7790752 9710205 9710743 3471007 9710580 9710743 2760422 3470043 8190969 730071 9350371 4911023 9710371 4720200 3730993 4911023 8190752 8190371 8190652
7790857 730928 3730241 5370371 9350519 8190404 9710496 730924 8870043 8870772 5370741 5370743 5370404 4720857 5370772 7790424 2760646 7790888 2760741 9350519 7310877 7310266 8190404 7790200 8870942 9350564 8870942 6990481 230857 8190857 3950896 9710864 5370571 2760743 2760580 8190071 5370741
8190894 3730241 4630200 1031010 3731002 3730200 4630200 1030292 1760973 1030282 1760973 1760973 1760973 3731023 4630200 1760973 4630200 4630200 1760973 1030282 1760973 1030282 1760973 1760973 5370200 1760973 8190404 3730646 8190404 4630857 8190652 9710371 2760888 730870 8870772 8870772 7790772 2760772 7790772 7790772 7790772 7790772 7790772 4630913
8190829 3730928 3730928 3730928 4630200 8190519 3730241 3730519 5370519 7790857 7790857 3700770 8190071 3230560 9040857 9040857 4911023 3700741 6760646 5371023 5371023 3730004 9710006 8710752
6760857 9710782 9710414 9710752 2760071 5370519 9710205 6990200 9350880 9350942 8870942 6350601 730961 9350601 6350857 7980973
6990481 230857 9350930 6760601 9710741 9710205 9710205 7790896 8190961 8190177 3700741 6350857 7310669 6760857 8710752 6350857 6350857 9350743 6350857 6770857 6760857
9710969 9350928 9710371 8190519 7790519 4630580 8190857 9710071 8190877 1031010 4040200 8711023 1760973 1760973 4630200 3731002 1760973 1760973 7980973 3731002 5371023 1760973 7310601 8190700 7530857 9350601 5370877 3250857 8190896 8711023 8870772 9710969 8190652 8190071 8190519 8190519 8190519 7790857 7790937
7310635 5110635 7310635 7310652 7310652 7310652 1940652 6270652 6270652 7310200 10140652 7310404 7310266 7310404 1940652 7310829 6270652 6270652 7310652 7310652 6270652 6270652 6270652 7310877 7310652 7310652 1940652 7310829 6270652 7310652 1940652 7310652 5110635 7310652 5110560 7310266 7310635 5110635 7310635 7310635 7310652 7310635 7310652 7310635 7310652 7310652 6270652 7310652 7310652 1940652 5110560 6270652 7310652 6270652 6270652 6270652 6270652 7310652 7310371 7310877 7310652 7310652 6270652 7310829 6270652 7310635 7310635 7310635 6270652 7310652 7310652 6270652 6270652 7310652 7310652 1940652 7310652 1940652 7310652 7310652 7310652 5110560 6270652 1940652 5110652 1940652 7310652 7310652 7310635 7310652 7310652 7310652 7310652 5110635 7310652 5110652 7310652 7310635 7310652 7310652 7310652 7310635 7310652 7310635 7310635 6270652 1940652 7310652 6270652 6270652 6270652 7310652 7310652 7310652 7310652 7310652 7310635 7310635 7310652 5110652 7310371 5110652 5110635 7310635 7310652 7310652 7310877 7310635 7310635 7310652 1940652 7310652 7310652 7310652 7310652 7310635 7310652 7310652 7310652 6270652 1940652 7310652 7310652 7310877 7310652 7310652 7310877 7310652 7310635 7310652 5110560 6270652 5110560 7310371 6270652 7310652 7310635 6270652 7310652 6270652 6270652 6270652 1940652 6270652 7310877 6270652 7310371 7310877 7310404 7310829 7310266 5110560 6270652 7310652 6270652 7310371 7310652 7310371 7310652 7310652 6270652 6270652 7310266 7310652 7310652 1940652 7310652 7310652 7310652 6270652 7310652 1940652 7310635 7310829 6270652 6270652 1940652 6270652 1940652 7310652 7310404 6270652 7310652 7310652 7310652 7310652 7310635 7310652 7310635 7310635 7310652 7310266 7310371 6270652 7310652 7310635 7310652 7310652 7310652 7310652 10140652 7310700 7310601 7310371 7310471 7310652 7310652 6270652 6270652 10140652
7310635 5110635 7310635 7310652 7310635 7310652 7310652 7310652 7310652 7310652 7310652 7310652 7310652 7310652 7310652 7310652 7310635 7310652 7310652 7310635 7310635 7310652 7310652 7310635 7310635 7310652 7310652 7310635 7310652 7310635 7310652 7310652 7310652 7310635 7310635 7310652 7310652 7310652 7310652 7310652 7310652 7310652 7310652 1940652 7310652 7310652 7310652 7310652 7310652 7310652 7310829 7310652 7310652 6270652 7310266 7310652 7310635 7310652 7310635 7310652 7310652 10140652 7310652 7310266 7310652 7310652 7310652 7310652 7310652 7310877 7310652 7310652 7310652 7310635 7310635 7310635 7310652 7310652 7310652 7310652 7310652 7310829 10140652 7310877 7310829 7310404 7310266 7310652 7310652 7310829 7310652 7310877 7310652 7310765 7310652 10140652 7310652 7310700 7310700 6270652 7310601 7310652 10140652 6270652 7310371 7310652 6270652 7310652 7310652 7310652 7310652 7310266 7310652 10140652 7310371 7310404 6270652 7310652 7310200 7310371 7310266 7310652 7310669 7310635 7310652 7310635 7310652 7310652 7310652 7310652 7310652 7310652 7310652 10140652 7310877 7310652 7310652 7310652 7310652 7310635 7310652 7310652 7310652 7310652 7310652 7310652 7310652 7310371 7310652 7310652 7310652 7310371 7310652 7310652 7310652 7310371 7310652 7310652 7310652 7310652 7310652 7310371 7310652 7310652 7310652 10140652 7310371 7310877 7310652 10140652 7310652 7310471 7310652 7310652 7310829 7310371 10140652 7310829 7310652 7310829 7310652 7310652 7310652 7310652 7310635 7310652 7310635 7310635 7310652 7310266 7310635 7310635 7310635 7310635 7310371 7310635 7310635 10140652 7310371 7310652 7310652 5110635 7310635 7310635 7310635 7310635 7310635 7310652 7310652 7310652 10140652 7310652 7310635 7310635 7310652 7310471 7310635 7310635 7310635 7310635 7310652 7310635 7310471 7310652 7310471 7310652 7310652 7310471 7310652 7310652 7310635 7310652 7310635 7310652 7310652 10140652 7310652 7310635 7310652 7310652 7310652 7310652 10140652 7310652 7310652 7310652 7310652 7310652 7310652 7310652 7310652 7310652 7310652 7310652 7310652 7310652 10140652 7310471 7310652 7310652 7310652 7310652 7310652 7310652 7310652 7310652 7310652 7310652 7310652 7310652 7310652 7310652 7310652 7310652 7310652 10140652 7310652 7310652 7310652 7310652 7310652 7310652 7310652 7310652 7310652 7310652 10140652 7310652 7310652 7310652 10140652 7310652 6270652 7310652 6270652 7310652 1940652 1940652 6270652 10140652 6270652 7310652 7310652 7310652 7310652 6270652 6270652 6270652 6270652 7310404 10140652 7310266 7310829 10140652 10140652 10140652 7310700 7310765 7310700 10140652 7310877 7310652 7310700 7310652 7310877 7310700 6270652 10140652 10140652 10140652 10140652 7310371 7310765 7310765 7310371 10140652 7310829 7310652 7310652 6270652 7310652 6270652 6760857 7310371 7310700 6350857 7310646 7310371 7310371 6660857 7310371 7310371 3730700 6270652 6270652 6350857 7310601 10140652 7310829 7310601 7310266 7310371
4880973 7310200 7310200 5110560 5110560 5110652 5110560 5110652 7310371 5110560 5110560 5110560 5110560 5110560 7310829 7310371 6270652 5110471 6270652 5110560 7310371 5110560 5110560 6270652 7310266 1940652 7310200
7310635 5110635 5110635 5110635 5110635 5110635 5110652 5110652 1940652 5110652 5110560 1940652 5110635 5110635 5110652 5110652 5110652 5110652 5110652 5110652 5110652 5110635 1940652 1940652 1940652 5110635 7310635 5110635 5110635 5110635 5110635 5110635 5110635 5110635 5110635 5110635 5110635 5110652 5110635 5110635 5110635 5110635 5110635 5110635 5110635 5110635 5110635 5110635 5110635 5110635 5110635 5110635 5110635 5110635 5110635 5110635 5110635 5110635 5110635 5110635 5110635 5110635 5110635 5110635 5110635 5110635 5110471 5110635 5110635 5110635 5110635 5110635 5110635 5110635 5110635 5110635 5110635 5110635 5110635 5110635 5110635 5110635 5110635 5110635 5110635 5110635 5110635 5110635 5110635 5110635 5110635 5110635 5110471 5110635 5110635 5110652 5110471 7310635 5110635 5110471 5110635 5110635 5110471 5110652 5110635 5110635 5110652 5110471 5110635 5110635 5110635 5110635 5110635 5110635 5110471 7310635 5110635 5110635 5110635 5110635 5110635 5110635 5110635 5110635 5110471 5110635 5110635 5110635 5110652 5110635 5110635 5110635 5110635 5110635 5110635 5110635 5110635 5110635 5110635 5110635 5110635 5110635 5110635 5110635 5110635 5110635 5110635 5110635 5110635 5110635 5110635 7310635 5110635 5110635 5110635 7310635 5110471 5110635 5110635 7310635 5110635 5110635 5110635 5110635 5110635 7310652 5110635 1940652 1940652 5110652 1940652 1940652 5110635 1940652 5110635 1940652 5110635 5110635 5110635 5110652 5110635 5110635 5110635 5110635 5110635 5110635 5110471 5110635 5110652 5110652 5110635 5110635 5110635 1940652 5110652 5110635 5110471 5110652 5110652 1940652 7310652 5110635 5110635 5110635 5110635 5110471 5110635 5110635 5110635 5110635 7310635 7310635 5110471 5110635 7310471 7310635 5110635 7310635 5110471 7310652 5110471 7310371 7310471 5110471 7310635 7310471 5110635 7310635 5110471 5110471 7310471 7310471 7310877 5110471 7310471 7310471 5110471 5110471 5110471 7310471 7310471 5110471 6270652 7310652 7310471 5110471 7310471 7310471 7310471 5110471 7310471 7310471 5110471 5110471 7310471 7310471 5110471 7310635 7310471 5110471 5110471 7310471 5110471 7310471 5110471 7310471 5110471 7310471 7310471 5110471 5110471 5110471 5110471 5110471 5110471 5110471 5110471 5110471 7310471 5110471 5110471 5110471 7310635 5110471 5110471 7310471 5110471 7310471 5110471 7310471 7310471 7310471 7310471 7310471 5110471 5110471 7310471 5110471 7310471 5110471 5110471 5110471 7310471 5110471 5110471 5110471 7310471 5110635 5110471 7310471 7310471 5110471 5110471 7310635 7310471 5110471 5110471 7310471 5110471 5110471 5110471 7310471 7310471 5110471 7310471 5110471 7310471 7310471 5110471 7310471 7310471 7310471 5110471 5110471 7310266 7310471 7310471 7310371 7310371 7310877 7310829 7310371 6270652 7310700 7310371 7310371 6270652 6270652 7310200 6270652 7310266 6270652 6270652 5110471 5110471 5110471 5110471 5110635 5110471 5110471 5110471 5110471 5110652 5110471 1940652 5110471 7310471 5110471 5110471 5110471 5110471 5110560 5110471 5110471 1940652 5110471 5110471 5110471 5110471 7310471 5110471 5110635 5110471 5110471 5110635 5110635 1940652 5110471 5110635
9350880 9710371 9710864 8711023 9710580 8190687 8190741 8190371 8190646 9710857 8190961 8190913 8191007 2760752 8870580 3700580 4720371 8870580 8190857 8190580 730743 7790424 3470043 9710422 9710205 9710071 3700741 3470857 3700743 9040857 9710969 3700969 3700422 9710969 9710969 3700969 730812 730969 3700519 3930519 7790896 7790894 9710772 7790964 9040772 8190942 2760743 2760888 730880 730071 9710205 9710496 730560 9710205 9710422 7090973 7090973 730772 730812 9710371 9710857 9710969 9710920 3731010 3731010 3700969 3930857 8190857 3730928 8190652 8190652 9040857 3250857 8870772 8870969 8190646 9710857 3930857 8190519 5370071 2760772 2760772 2760924 9350880 4720371 3700200 3700857 9040857 2761007 8190646 7790888 3471023 9710920
5370930 5370930 7980973 9350930 7980973 5370930 9350930 730212 7980973 730857 4990857 7980973 4990857 7980973 730857 730857 730857 730857 4990857 9350930 4990857 7980973 5370930 5370930 7980973 9350930 7980973 9350930 730857 9350930 9350930 5370930 730857 730857 730043 9350772 4990857 9350930 5370930 730200 9350930 730857 9350930 9350930 9350371 6660857 7980973 730857 730857 6660930 730857 730200 6660930 8190930 6660857 9350930 730857 9350928 5370743 730857 730857 730857 5370371 730857 730857 8190969 9350519 9350371 730857 730857 730857 730646 730857 5370043 8870580 730857 8870580 8870043 7790200 8870043 8870969 7790200 7790424 7790371 7790371 7790741 7790857 7790969 4720200 7790424 3951002 7790857 7790857 7790741 7790969 7790857 8870743 9350770 730924 9350752 5231023 5231023 8190964 5370743 3730004 7980973 8190857 3700969 8870743 730857 5370741 5370741 8190857 9710371 7980973 730888 730857 3730200 3730993 3731002 3730519 3250857 8711023 7790857 8190772 5231023 2760770 7790752 730071 730071 9710864 9710864 9710864 7090973 5370200 730888 2760752 2760743 5370741 9350880 7790964 3731023 8870942 9710741 7980973 7980973 1760973 3230205 7790371 2760741 7530857 8190371 8190741 7790424 7790857 2760743 2760043 7790200 7790200 5370743 8870424 9710414
7790964 730371 9710857 8870580 8870043 2760043 2760071 2760924 2760371 2760043 2760043 2760043 2760071 2760071 2760888 2760743 730964 2760043 2760043 2760043 2760043 2760043 2760371 7790772 2760888 7790894 9710043 2760371 4720371 9710414 5231023 9710422 4720969 4720969 9350928 2760960 7790752 2760960 2760894 4720371 4720371 7790964 7790961 2760580 8870772 4040200 7790857
3470772 7790894 8870422 8190752 5370743 3470857 9040857 3470857 3730004 8190857 8550857 7790741 7790772 730043 730560 730752 2760422 3230560 4720772 3470422 3470422 2760371 2760743 2760743 9350888 5370741 3700205 3470043 8190652 8190964 4040200 2760560 2760560 730200 730880 8870969 8870043 9040580 7790741 8870580 8870580 730870 8870580 2760043 5231023 2760560 2760422 7790741 2760006 2760580 2760930 2760422 730560 9040580 2761007 9710580 9710743 3700770 3700741 2760414 2760560 2760422 9040580 2760422 2760741 7790894 2760646 2760896 2760752 3470772 7790741 9710741 2760924 730870 2760371 2760580 2760580 7790371 7790870 3470580 7790870 2760043 2760006 2760924 1760973 1760973 250200 7090973 7790894 2760580 9040580 9040580 7790937 7790371 2760371 7790888 7790870 7790741 9710969 8190560 8190857 4630857 9040857 8190741 3700857 8870969 910857 2760896 2760741 2760371 2760560 9710864 2760043 2760896 2760928 8870942 9710969 8870888 9710414 9710969 2760924 9710071 3470580 7790371 730371 7790371 7790964 3470043 9710920 7790964 7790371 9040580 2760928 2760928 8870422 8870043 7090973 7090973 7090973 7090973 7090973 3471023 3470857 2760371 7790371 3700741
730857 8190772 9040857 9350772 8190913 8870043 5370772 7790371 8870560 7790770 9710930 730857 9350519 7790519 8190580 3700519 7790857 8190857 8190857 8190857 6660857 2760414 3700969 4720857 8190371 5231023 8190404 7980973 8870580 730870 730870 7790371 730924 2760422 7790888 7790857 9710422 5370741 2760741 8870043 5370371 2760371 8870580 8870580 9350560 910857 910857 910857 910857 5370043 8870043 8870043 7790200 8870043 7790937 9350888 3730580 8190896 8190913 7790371 7790741 5370841 2760043 9350772 9350560 5370071 2760770 7790770 2760371 2760928 8190770 5370043 7790371 7790371 7790424 5370743 9350770 8190580 7790961 7790200 7790371 7790371 8870924 8870924 7790371 5370741 9350371 5370371 9350371 5370772 2760888 3731002 8190519 8190519 8190560 8870743 7790424 7790857 8190913 7790770 7790857 8190646 3730004 6660857 9350371 3470772 5231023 9710371 9350741 8870772 3470772 7790969 7790969 9350924 250200 9710422 8190371 8190560 9710205 730857 7790857 3230422 7790857 8870969 9710422 8870772 9710422 9710772 5370772 9350772 8190772 5370043 6760857 2760043 8190772 8190770 2760043 9350880 5370772 2760743 5370772 2760964 2760071 2760772 2760743 2760930 8190071 2760964 2760888 2760888 3470772 9040772 7790424 4720772 3730580 3730114 8190772 8190772 2760422 7790857 8870888 8870888 6660857 2760743 7790424 7790964 2760772 8870772 8190772 8190371 8190741 9710930 8190772 7790371 8190913 8190560 7790857 7790857 8190741 8190560 8190857 8190913 8190857 7090973 730043 2760043 2760043 2760043 230857 7790870 8870043 2760043 5370043 8190857 7530857 7790857 3250857 9710071 7980973 9350928 8191007 2760928 5370071
8870969 2760930 9350930 8190404 8190969 8190969 8190519 5370841 8190700 8190646 2760580 3470580 8870560 3700969 9710422 8870043 2760969 2760969 2760924 7090973 7090973 730812 730857 8870770 9710043 9710422 9040580 9710205 7790896 8870043 9710422 9710414 7790937 3700519 8870560 730969 730928 730928 7790969 8870969 520969 3700969 8870969 3700200 8710752 8190752 3950960 7790371 2760560 730043 3470580 9710580 3470580 2760580 3470580 9710519 9710519 9710580 3470422 2760741 7790888 3470422 2760741 7790964 2760743 2760894 8190964 2760896 2760894 2760924 730870 730580 3700580 3700969 910857 910857 3700770 9710496 5370071 2760043 7790200 2760772 2760743 2760964 3470987 7790937 7790937 4630580 3730646 8190964 7790772 2760743 7790870 7790770 3470987 7790770 2760371 2760741 9710920 3950888 2760741 8710519 7790519 2760646 2760071 3700205 730812 7790371 2760770 2760770 9350371 9710371 6660930 2760930 2760770 2760741 2760752 7790857 8190519 7790200 9710043 730812 7790519 730741 730580 730741 2761007 9040580 2760580 730580 2760422 730928 730580 730071 730371
7790870 7790857 8190964 8870743 8870888 7790964 2760770 3470422 3470772 7790964 7790964 7790371 3950960 7790752 8870743 7790371 9710043 8870942 9711002 3700741 9711002 8870969 8870770 9710930 7790857 9710519 8870743 9710414 2760896 9350743 9350371 2760928 9710930 730888 730770 730857 9350741 730964 9350752 5370743 730857 9350772 730371 730857 730857 730857 730857 6660857 9350930 9350930 9350930 730857 9350930 9350741 9350741 9350888 9350772 9350930 730752 6660857 730857 5370743 9350741 730857 6660857 730857 2760928 730857 730770 730743 730212 730857 6660857 9350752 9350371 730770 730519 9350741 9350519 730560 9350371 8870422 730071 5370741 9350741 730752 730857 9710043 730752 2760414 2760741 2760580 730857 8870770 8870743 730770 8870942 9350741 9350924 8870580 730580 9350371 730770 730580 2760043 2760043 2760924 2760741 3470422 7790770 7790770 8870424 730519 730857 730961 8870942 3700519 3700200 8870969 731007 731007 731007 731007 4720772 3471007 3930519 3930519 7790969 3700969 730961 4720969 8870969 730212 3230212 3470580 3470580 730743 7791007 7790770 7790964 3700422 730961 730212 9710422 9040772 4720772 2760772 7790772 7790200 7790961 2760646 730961 7790424 2760043 2760580 730043 730519 2760969 730519 730880 2760422 2760043 2760560 7790424 2760006 7790424 2760371 9710772 3470772 9350930 9350743 730857 8190857 7980973 9350930 8190857 8190930 9710930 8190071 8190930 7790857 8190969 7790857 7790857 8870969 9350770 9350752 9350752 2760770 730857 3230212 730928 3700200 4040200 9040857 3731002 7790857 2760741 7790200 8870770 8190560 8190913 7790857 7790964 9350741 9350930 5370930 9350930 9350930 9350371
9040857 8190700 4720772 7790857 9040857 8870969 3950888 4720857 9040857 9040857 4720857 7790857 8191007 8190857 8710857 3250857 4720857 4990857 5370930 730857 3700200 730857 5370371 730043 4720772 3470043 8190560 9040857 7090973 8190857 3730580 4630580 8190857 730857 9350371 730857 9040857 2760006 7790752 9710580 7790770 4630200 8191023 7790969 3700857 9040857 7790857 730961 730857 730928 9350930 910857 3930519 8190961 8190969 8190646 9040857 9710864 3230519 3230422 4720371 5370741 730857 5370741 2760930 2760414 2760770 2760006 9350888 730857 730880 4720772 9040857 8190646 9710205 730741 3470772 7790371 7790772 9710043 7790371 7790770 730741 730888 7791007 3700200 8870942 3230212 3950888 7090973 4630913 8190857 7090973 7090973 7090973 7090973 8190857 7090973 7090973 7090973 7090973 7090973 8190071 3230205 9710969 7090973 7090973 7090973 7090973 7090973 7090973 7090973 8190857 8190857
3731023 8190857 7980973 9350752 9350752 730743 9710782 9710969 9710519 8190964 5370371 3731023 3730004 8190071 6660857 3700422 9710857 730857 9710205 730743 730743 4720969 8711023 3700580 8870969 8710519 5370071 7790964 5370071 2760924 9710772 9350770 3930519 2760969 8190519 8190857 9350770 8190964 3730519 8190519 3730519 9350888 8190964 8190519 2760071 8190930 8190930 9350743 8190772 2760071 2760964 730743 7790888 3730993 9350924 9350371 9350371 8190741 9350741 8191007 8190371 5370371 8190857 8190741 8190857 8190964 8190896 8190894 8190857 9350924 910857 3700200 8190770 8870580 8870888 8190071 730969 730857 7790772 9350772 8190580 3470857 8190894 3470857 3700857 8190964 5370071 4720857 8870743 8870888 9350888 2760928 8870888 8190896 8710857 8190752 8190930 8190646 8190930 8190964 8190857 8190646 8190857 8190930 8190913 8190857 8190857 8190371 8870942 8870942 4720857 8190857 8190857 3730004 3730993 8190857 730580 8190857 8190741 9350888 2760969 5370772 8190560 9350371 9350772 8710857 730043 730880 6660857 8190519 8190741 8190741 2760930 2760580 9350519 9350880 9710857 9350770 8190071 3731002 2760071 8190519 9350743 9710782 730043 730752 9350770 9350560 9350888 3731002 9350770 8190930 3731002 8190857 8190772 9350930 1760973 3730004 3731002 9350772 9350930 9350930 6660857 9350770 9350519 9350924 5370519 2760743 7790888 7790969 8870743 2760752 9710969 8190857 3730004 8710857 3930519 9350930 3230560 730888 4720371 230857 730857 5231023 910857 3930857 3730241 5231023 5370930 1760973 5370371 8190964 3730993 8190071 3700857 3700580 730371
9350880 3700422 9710496 730880 7790770 2760928 2760770 2760741 2760043 730560 3700580 8870770 8190857 8190857 8190857 4630580 9040857 2760580 3700741 7790857 2760743 7790961 910857 730969 910857 3700205 8190969 730857 230857 7790857 8190772 7790894 730928 730969 730928 730928 730928 730928 730857 8870580 3700580 2760896 9710864 7790857 8190741 2760741 730580 730880 4720200 9710422 9040580 9040580 3700580 9040580 730646 9710422 9711002 3700205 3700422 8190857 8190857 8190857 8190857 9040857 8190741 3700770 9710414 9350371 7790857 3470772 7790857 9710422 8190741 9040857 8190071 7790870 9040580 8190560 8190646 8190646 9350560 9350880 9710205 3700969 9710969 9710006 3700741 3230880 3700422 3230880 9710496 2760772 7790200 2760371 730924 7790371 730560 9710864 9710864 8870424 9350880 3700969 7790741 2760414 2760928 2760580 2760580 730924 2760741 8870942 8870888 8870942 3700519 2760743 9710422 2760422 8870580 9710580 9040580 3700580 3700580 9040580 9040580 9040580 8190646 9040857 2760414 9710414
730924 3470987 2760743 8870043 3470580 7790964 7790964 7790896 9350880 3700741 3700741 3700969 3700969 9710580 4720371 7790937 7790371 9710741 3470857 9710205 2080770 9711002 7790961 3700772 8870924 8870580 3230880 3470580 9710006 3470422 7790752 7790894 3471023 3470580 7790888 2760071 3470043 2760071 2760896 7790741 730857 7790857 730743 8870770 8190071 8870942 2080770 9710920 2760371 2760043 8190857 7090973 7090973 7090973 3230212 9710371 8190071 8190857 8190857 7090973 7090973 3470857 8870580 2760924 3470580 8190580 7090973 3700200 8870969 7790888 3470580 7790770 9710422 7790964 7790964 7790857 3470580 9710969 7790969 8870580 730560 8870580 730870 3230880 3230880 4720857 3470857 9710857 9040857 730741 730888 9350928 8870424 3700770 9040857 9040857 3700857 9710580 730812 730371 730857 3700580 8870422 8870580 8870580 4720200 9350743 3700857 3700857 9040857 8190560 5370930 3470043 7790741 7790888 9350741 730870 730928 7790741 7790770 730741 910857 730741 2760741 2760414 7790752 7790961 8870888 3230519 8870888 7790896 7790752 7790519 2760646 7790857 7790741 9710580 7790752 8190580 8190857 8190857 8190913 910857 8870888 7090973 7090973 8190857 8190646 8190752 3470857 5231023 2760924 2760924 8870422 9710422 3470580 7790937 3470580 9040580 7790888 9040580 8870770 4630580 4630580 4630580 4630580 4630580 4630580 7090973 4630913 4630580 8190646 5231023 3700969
8870969 730519 8870580 730519 4720969 7791007 5370043 730043 7790519 7791007 731007 730519 4040200 8870969 8870969 8870969 730646 731007 730519 730580 7790870 2760580 7790772 7790870 7790772 7790519 7790772 7790969 730870 730870 4720772 4720772 4720969 7790870 2760043 7790870 4720772 730870 7790870 730772 730870 4720969 7790424 8870580 8870580 4040200 7790969 8870969 4720969 8870969 8870969 7790937 730519 730646 731007 730519 730519 730519 730519 731007 730646 730961 730646 730961 731007 731007 730646 730519 730961 730519 730043 730646 730961 8870969 4040200 4720200 730646 730646 730646 730646 8870772 730646 730646 730961 520969 8870969 520969 7790961 7790961 7790424 7790200 2760414 730519 730646 8870580 3951002 4040200 4720969 4720969 9350924 4720200 4720200 730870 730924 730646 4720969 3230560 8870424 9040580 8870580 730646 6660857 10110857 8870743 7790200 5370519 7790969 7791007 4720200 730519 730646 731007 7791007 4720200 730646 730646 7791007 7790961 7791007 7791007 731007 731007 7790961 7790200 730560 2760422 7790519 7790772 7790424 7790424 7790424 730519 730519 730519 730519 730519
3470857 9040857 3700743 3700741 9040857 9040857 9040857 3470857 3470857 3470580 8870888 7790894 9710071 9710071 9710414 250200 3700205 3700969 4630857 8190772 8190772 9350741 9710422 9710371 9040857 8190857 4630857 8870770 9040857 3700857 9040857 8190371 3471007 7790752 8870770 7790770 3950888 7090973 8190857 8190646 9040857 9040857 8190752 3470857 2760969 8870770 9710422 3470580 8870043 8870743 9040580 8870743 7790424 8870560 8870770 8870560 8870043 3731010 7090973 3730004 7090973 7090973 7090973 7090973 9040857 3470857 3470857 3470857 7090973 8550857 9040857 8870580 3950896 3470580 9040580 8870580 520969 8870580 7790424 3950888 7790857 8550857 7790894 7790741 2760560 9040580 8711023 8870770 7790857 7790857 7790857 7790200 3700969 8870969 730857 9040857 8190519 8190071 7790857 7790896 8190772 8190913 7790857 9040857 8550857 3471023 3950960 3471023 3950960 3471023 3950888 7090973 7090973 7090973 7090973 7090973 7090973 230857 9710930 9710930 9710857 2760964 8190071 8190772 3470772 7790857 7790857 3471023 9040857 9040857
730812 730519 2761007 2761007 910857 9710864 2760896 9710864 9040580 730772 7790752 4720857 3230422 730812 731007 8870772 3700772 730371 730961 730772 4720772 7790857 9040857 8550857 9710371 730580 730770 730812 3470580 9710864 4720200 730371 730560 5370043 730880 730752 3470043 7790752 3950960 730772 9710043 9710205
7790741 9350743 5370741 7790741 3470422 9040857 7790857 2760888 8710519 2760964 7790741 3470772 2080770 7790857 3731023 3730580 3730004 7090973 8190700 8190857 2760964 5370043 7790857 7790964 8190770 3700200 3230880 730812 3230880 3470422 3700200 4720371 9710371 3731002 3731023 1760973 3731023 7090973 8190857 8190857 8190646 8190896 8190857 8190857 8190930 8190930 9350743 9710920 9710857 7790969 8190857 9710743 2760560 2760752 3731002 5370043 7790857 7790770 7790888 3470987 3470772 7790964 7790770 7790741 8870043 8870580 7790200 3700770 7790937 7790969 3700205 7790888 7790857 5370043 7790857 5370043 4630200 8190964 730880 9710414 9710920 9710920 9710782 8711023 3700741 8190371 3730004 3730928 8190857 8190857 3950888 8190857 3700857 9710752 2080770 9710496 8870043 7790857 9710205 8870743 8870422 7790857 7790857 8550857 3950888 3471023 3730580 8190857 8191007 9710857 3700743 9710864
9350924 9350924 9040857 9040857 8191023 7310646 3730580 3730519 3730580 7980973 3731002 8190857 8190857 8190652 3730993 8190752 3730004 8190652 8190071 8190752 8190652 9350752 8190652 8190652 9040857 3730004 8190857 8190857 8190560 8190652 8190652 8190652 8190652 8190652 8190652 8190652 8190652 9040857 9040857 3700857 3700580 8870770 3470857 9350560 8190770 9350880 3730241 3730200 3730004 7980973 9350930 8190857 8190580 8190857 8190930 8190857 9040857 9040857 9040857 9040857 9040857 9040857 8550857 3730928 9350924 8190071 3730993 8190741 8190741 3700857 3470857 3700741 9040857 3700857 3730200 7980973 9350752 9350743 8190857 8190652 8190652 8190770 8190071 6660857 8190741 3730004 8190752 8190770 3730993 9040857 8190652 9040857 9350743 8190857 8190652 3730004 8190652 8190857 8190857 8190930 8190652 8190652 8190652 8190652 8190652 3730993 9350928 9350928 3700580 3700857 6660857 8190752 3700200 8190560 3730519 3730928 3731002 8190930 8190857 8190857 8190857 8190371 8190371 9040857 9040857 2760752 730772 730772 2760071 2760772 2760928 3230519 730964 730560 730580 730580 2760770 2760752 3470580 2760770 7790888 7790770 3731010 3730004 4630857 4630857 4630913 8190646 730741 730043 730371 2760580 8870580 7791007 7090973 3730004 3730646 4630913 910857 730580 2760422 730043 2760422 730880 2760422 2760422 2760960 2760071 2760560 2760043 3470043 3470043 2760646 2760371 8190371 8870942 8190752 3470857 7790752 3470772 730870 730200 3470043 2760770 7790200 3730646 7090973 7090973 7090973 3700857 9350741 9710741 730961 730928 730870 731007 2760414 2760770 7790741 3470580 7790870 3470043 4630857 4630913 4630913 7790772 7790752
8870772 7790969 7790200 7790969 7790857 8870772 7791007 8870969 7790857 7791007 8190969 3951002 8870580 8870580 8870770 8870043 7790752 7790752 8190700 1030292 3470857 3950888 9710969 7790857 7790857 2760752 4990857 7090973 7090973 7090973 4630913 730888 730857 730071 3731002 8190857 8190857 8190687 8190646 8870969 7090973 3730877 3730404 8190857 3730004 6760601 8190404 3950888 7790371 7791007 8870424 2760371 8870043 8870422 730646 8870424 5370741 8870888 7790888 8870560 8870888 730888 8870888 730646 8870424 8870580 7790961 730646 730646 8870424 730964 8870888 8870770 4720200 4720969 4720969 8870969 4720969 8870888 4720969 4040200 8870580 2760924 7790371 7790857 7790857 7790200 4720857 7790870 7790969 7790964 7790964 8190857 4720857 8190857 3731010 3731023 6770857 4990857 9350560 4720857 7790741 9710864 8870942 8870772 730961 910857 730857 2760043 9711002 8190913 4720857 4720857 3930857 3930857 3470987 8190857 730857 730857 730857 3731010 8190857 4630857 4630580
3951002 8190930 7790857 5231023 9350519 8870772 7790200 9350772 9350772 730200 2760772 2760930 730857 9350519 730924 9350924 8190857 730857 9350928 9350772 9350924 730200 9350930 730969 730969 730857 730857 730857 9350928 8190580 9350519 730857 9350772 730857 8870424 730928 9350928 9350519 4720857 5370043 9350930 9350930 8190930 730857 9350930 5370371 5370772 5370772 730772 2760772 730772 8870888 8870580 8870772 7790969 9710743 9710371 9710969 3930519 9350928 9350741 3700857 4720371 9710414 9710422 9710580 3700422 730560 8870969 730743 730772 730964 3700205 9350741 7790371 2760964 2760743 2760006 2760924 8870924 730646 3230519 730964 730888 3700743 3700519 520969 9710969 8870969 9710741 9710920 3700519 2760924 3700519 3700519 7790200 5370772 7790772 7790969 7790200 8870043 8870043 7790964 7790200 730646 8870888 8870770 730743 7790371 9350741 3250857 8870770 8870743 730888 9710580 3470580 3470043 3730004 8190371 9710371 9710519 2760006 2760006 2760560 9350772 2760741 2760422 2760772 2760741 2760741 2760422 2760646 7790519 7790371 2760888 2760371 8870560 730772 2760964 9710920 9710920 7790964 8190752 8190857 9040772 2760422 9710422 3470422 7790770 3470043 7790371 2760071 2760741 2760894 2760894 3471023 730770 8870580 2761007 2760928 730812 7790770 8870770 9710743 731007 730071 731007 730743 3700743 3470857 910857 2760888 7790857 8711023 2760964 3471007 7790964 4720857 4630913 730924 7790371 7790857
8870770 730560 4720772 7790961 730857 3951002 8870969 3700200 3930519 730071 730071 730519 2760896 2760964 7790894 7790894 8870969 8870969 8870969 730964 730964 2760743 730519 730743 2760743 2760371 2760743 9710864 9710864 2760580 2760772 730772 2760772 2760964 9040772 2760964 2760896 7790896 730857 730580 2760770 730519 4720857 3730004 3730004 7090973 7090973 8190752 3470857 7790519 2760743 9710043 8870888 730888 4720969 7790200 8870580 7791007 5370071 5370371 730888 730888 730743 730964 2761007 730964 7790200 8870580 7790424 7790424 7790424 3471007 8870969 4720371 8870969 730812 3230519 3470422 8191007 8190857 4720772 5231023 8190896 7790770 730857 9710782 9040857 730580 3230560 4720857 3230560 730560 9710782 9350741 9350924 9350741 2760560 4630580 7790200 2760924 2760743 2760964 2760894 7790741 3470580 7090973 3730004 7090973 8190857 3230422 4720857 3230880 3230519 4720857 910857 3230519 910857 8710857 9710857 8190741 8190752 3470857 8190961 4720857 8710857 9710857 8550857 8550857 7790519 3230422 730743 730743 8190071 8191007 4720857 3950896 3470857 9710580 2760580 730580 2760964 2760894 3470987 3471023 2080770 730770 9350888 4720969 3471007 4720969 4720969 7790894 730928 8710519 2760752 7790857 8190964 730888 730646 730743 9710743 730964 730519 3230519 7790969 730857 730212 730580 3230519 730880 730560 3230560 8870969 910857 8190560 3230205 3730004 7090973 8190071 9710519 9040580
7790894 9710743 7790371 7790200 2760414 2760414 7790741 7790741 8870043 2760071 3471007 3470422 8870770 3470987 8870580 2080770 9710857 3930519 3700519 8870560 9710519 7790519 2760071 7790770 2760752 7790894 2760964 2760964 3950888 2760770 7790519 7790752 7790888 2080770 730580 730580 2760770 9710580 2760043 7790964 7790894 2760580 730580 3470580 3470580 2760743 730519 9710864 730969 9710071 8870888 7790964 7790894 3700741 2760071 7790770 9711002 730741 8870770 8870888 3700200 4720969 7090973 8190894 8710752 3700770 9710496 4040200 1760973 3730993 4720200 9350928 3700200 8870424 8870043 8870424 730741 7790969 7790424 8870743 8870772 8870772 8870772 8870772 730880 8870969 8870888 8870969 730928 8870969 8870580 730770 730888 730580 8870888 8870580 8870424 730928 8870422 8870888 730928 9350743 2760928 8870942 730212 8870043 730071 2760770 2760043 9710414 2760969 2760371 3700580 730560 8870770 730812 730371 2760043 730924 730924 9710969 730969 730043 8870888 9350880 730071 730857 730964 4720200 2760888 2760964 7790772 2760006 2760743 9710580 9710743 730857 8190770 9710857 8190857 3470857 3470580 9040580 2760071 2760071 2760888 8710519 2760964 7790964 3470772 7790741 730772 2760043 4720772 4720772 7790894 4720857 4720857 9710414 3700519 3930519 3700969 3700519 3700519 7790894 7790894 7790741 7790896 3470772 2760752 9710920 2760924 2760924 730371 4720857 4720857 2760743 2760646 2760071
9710496 3470772 3700422 8870580 3470580 3700770 3470580 9710371 9710071 9710969 9710864 3470043 9710414 8190964 3730004 8190964 3950896 910857 8190752 3470987 9710496 9710071 3700969 730857 5370071 730857 9350519 9711002 9350743 8870770 9710071 9710071 9710071 8870888 8190770 3730519 3730519 8190964 8190560 3470043 9710920 8870743 3700200 8870770 9710071 9710741 9710414 7790770 8190770 3700857 9710752 9710496 7790888 2760752 910857 8190857 3700857 3700857 9710741 9710752 3700772 7790772 9710920 7790888 8190071 2760770 2760414 9350924 7090973 8190969 9710071 9710864 5231023 2760924 2760414 2760741 9710741 7790752 9710743 3700969 3700770 8190913 8190371 3700969 3700743 4630857 7090973 4630913 8870969 9710752 9710496 8190930 3700857 8870888 2760743 2760743 7790741 9710743 9350741 2760743 730857 730071 730857 8870888 9350888 9350930 730857
9350741 9350880 9350772 6660857 9350888 9350888 730888 730888 3731002 7980973 910857 730857 5370071 730969 730969 5370743 730857 8870772 730969 730772 730772 8870772 730770 8870969 9350924 9350770 5231023 9710422 730880 8870043 7790969 7790200 3470043 7790371 9710006 8190071 8190071 8710857 3700205 3700422 8190560 9040857 3930519 3930519 730928 730928 730928 3230519 3230212 730857 9710930 730880 3700422 730752 2760960 3700857 9710371 7790857 2760043 7790371 3230212 2760924 3700519 8190646 7090973 7090973 8870743 8870888 2760924 7790741 8190857 8190930 8190930 9350930 9350930 9350741 8190969 8190930 9350752 2760964 9711002 730888 9350888 9350770 8711023 8711023 9350741 8191007 8190930 9350888 8190519 8190896 9350942 6660857 5231023 9710371 9350371 9350752 8711023 2760071 5370743 9350752 9350741 9350741 8190770 730857 5370743 9350743 9710782 8190371 9350770 5370743 9350772 9350743 8190857 3730004 730857 730857 9350888 2760071 6660857 9350741 9350888 8190964 9350743 9350888 8190969 8190741 9350752 9710752 9710496 5231023 2760928 9350924 9350741 5370371 8190071 9350930 8190857 9710930 9350880 3700857 2760741 9350741 8190580 8190580 8190930 910857 730857 8870969 8870969 8870969 730857 8870969 730857 8870969 8870969 730857 3700969 910857 7790741 9710071 3470987 5370741 2760371 9350880 8870580 7790752 9710752 9710741 9710414 9710752 8870770 730741 9710864 2760371 2760741 9350924 7790371 7790200 8190772 8870888
3470580 3470987 9710580 7790770 7790752 2080770 4040200 520969 3950888 3471023 7790857 9040580 730560 2760752 2760770 9710772 3470987 9710752 8190560 7090973 8190857 8190752 9711002 9710422 3700422 3470857 3950960 8870770 9710743 8711023 8870888 3470987 9710422 8711023 8870888 730212 8550857 2080770 9710920 3470987 7090973 9040580 4040200 3700200 8870888 8870043 7790870 7090973 8550857 8550857 7790894 2760422 8870422 2760422 9040857 3700857 730928 4720857 3700205 3700205 9040857 9710864 9710864 9710371 3700519 3700519 3700519 9710414 2760770 3471023 3700205 9040857 9040857 8190896 8870580 730880 3700519 7790519 9710422
230857 5370743 2760743 5370043 9350371 9710006 9710205 9710920 9710920 4630580 4630580 4630580 8190580 730857 3230560 9710071 9710920 9710006 9710920 9710752 3470987 9350880 9710752 9710752 8710857 6660857 9710920 3700857 3730580 3730580 8190964 3730580 5370930 230857 2760930 230857 2760924 8710857 2760969 3700743 9710071 9710920 2760894 8190857 3730004 8190071 9710969 3700519 3700743 4630857 4630580 9710580 730812 3700580 9710422 3700857 3470580 2760743 3470772 7790964 8190071 8190964 5231023 3470580 9040580 7790857 8190741 3470857 2760924 9040857 3700422 9040580 8870580 9040857 4630580 4630200 4630200 4630200 4630857 4630200 4630913 9710743 9710782 7790752 7790964 7790964 7790964 7790888 9350924 9350930 5231023 9710930 9710580 3470580 9040580
9711002 8870770 3700580 8870422 8870770 8870924 5231023 7790371 9710371 3700422 3700200 3700580 7790752 8870560 3470857 3700743 2760743 9710920 8190857 9710743 9710864 3700772 2760371 9711002 2760371 9710371 2760371 3700741 9710414 9710071 9710371 8191007 8190752 8190857 8870888 3950888 3470857 3700743 9710741 9710752 3950960 8190857 7090973 3700969 3700205 3700205 9710743 7790888 3470987 8870580 9710006 9040580 7790888 9710864 3700422 3700205 3700205 9710752 8190770 7090973 4630857 8190857 8190942 8190894 8190930 9040857 8190857 8870043 730772 730772 2760422 2760772 9710371 9710371 9710371 7790741 3700205 9710371 9710580 3230880 3230880 3700969 9040857 9040857 3700857 9710741 3731010 3730004 8190857 7090973 8190857 9710205 8190857 9710857 3470580 8870743 3470422 2760743 2760371 3730004 8190857 8190752 3700205 3700519 9710006 9710006 9710371 7090973 3470857 8190770 3230880 3230880 3230212 8870424 8191007 7790857 8870424 8870043 8870924 2760741 9710864 2760741 7790519 3700857 3700422 9710422 8870580 8870422 730812 2760560 3230212 9710580 8870580 3700580 8870580 8870743 8870424 8870743 3471023 9710519 730580 9710580 9710422 730560 730812 8870560 9710371 2760770 3230422 3230212 3730004 8190857 8190857 9710857 8710857 9710930 3700857
3470772 7790937 230857 730857 730857 9350743 9350560 9350888 2760414 9710930 2760930 9350880 2760930 8870770 730743 9710930 730580 730646 730857 730560 8870743 9710864 9710969 730646 730560 8190857 8190071 8190071 8190752 8190652 8190652 8190652 3470857 8190770 3700857 730741 730888 9040580 3470043 9040857 8870743 2760580 7790894 7790894 7790964 8190930 3730928 8190857 8190930 8190857 8190857 8190857 7090973 9040857 3950888 8190519 2760964 2760772 2760969 2760964 8190519 1030993 9710422 730770 730752 730043 230857 9710782 2760422 2760371 2760071 2760741 2760006 7790964 9711002 2760896 7790961 2760043
7790857 8190519 9350930 2760928 9710772 2760414 2760414 9710741 7790371 3950888 7790964 730772 730772 730924 730964 8870888 2760414 2760560 2760422 2760560 2760969 7790870 730646 8190071 8190560 3470857 7790741 7790937 5231023 8190772 9710422 7790964 9710496 8710857 9040857 9040857 7090973 3470857 8190857 7090973 7090973 7090973 7090973 7790857 730200 730924 8870580 7790770 7790770 3470043 3471023 7790937 7790857 2760743 3250857 910857 8190371 9710782 4630200 4630200 730812 730812 730519 8190752 8190580 7790770 3950960 9350770 2760752 2760752 4630580 1030993 6770857 9710414 9710414 7790519 7790519 2760646 8190519 3470043 7790770 7790888 8870770 8190071 3730004 3730004 3730004 3730004 3730004 8190857 8190857 3730004 3730004 3730004 3730004 3730004 7090973 3730004 8190857 8190580 730857 7790894 730812 730928 5231023 9710414 2760924 2760741 8711023 2760371 730857 3700741 8190752 3700857 9710930 3700772 8711023 730857 5231023 7790752 3950960 9710930 8190560 3700205 8190071 3700200 8870969 9710864 3700580 3470772 9710741 9350880 3930519 3700200 8870924 3230880 3230422 730752 8190371 8190857 8190857 8190857 8190857 8190857 8190857 7790424 8870924 2760770 2760560 730857 8870424 8870770 8870888 730888 8870743 7790424 9711002 8870743 2760894 7790200 7790519 7790424 7790964 7790741 7790371 7790888 7790969 7790969 7790896 7790969 7790888 730580 730743 730560 9710071 8190857 2760888 5370743 730580 730969 730969 3230205 730964 730888 730743 2760743 2760071 730071 730812 730812
730071 2760752 230857 230857 8190930 8190964 2760770 9710752 7790969 730752 2760960 2760770 8870770 250200 5370519 3700770 5231023 730743 9710969 8190404 3730004 8190857 9040857 7090973 9040857 3470857 9040857 7790857 5370043 5370043 7790200 7790200 7790200 2760646 7790519 2760043 7790424 2760043 7790770 7790424 9710752 8870422 3700770 8870043 8870942 9710043 2760770 2760770 2760752 2760071 2760924 7790200 730741 8870743 9710743 7790371 6660857 7790857 5370743 8190857 8190857 8190857 8190857 8190071 2760741 9710920 730870 3700743 2760743 2760743 730743 9710920 7790741 3700580 9710864 730743 730743 8870743 8870888 7790888 8870560 730580 730043 730772 2760928 2760888 7790888 7790888 8870043 7790857 7790964 3930519 3700969 8870424 6660930 5370930 5370930 730743 730646 730752 730924 2760043 5370519 5370043 7790200 2760043 7790200 2760646 8870043 2760928 8870770 2760646 8870043 7790200 7790964 7790969 730928 2760896 3730004 3730004 3730004 8190930 8190580 5370930 5370930 3730004 8190857 3700741 8870743 2760743 3731023 1760973 8190857 8190857 8190646 730857 2760371 9710772 2760646 2760043 3730004 3730004 8190857 8190857 8870743 5370743 3731023 3731002 3730646 4630857 3731002 230857 730857 9710414 9710205 2760894 2760894 2760896 7790894 2760646 7790894 2760888 2760071 2760371 2760371 2760371 7790752 2760371 7790888 2760560 7790888 7790371 8190857 8190857 3730004 4630857 3731010 3730004 3730646 3730993 8190961 8190930 7790857 7790961 7790961 7790752 7790857 7790937 7790857 7790937 7790857 2760006 8190371 2760924 730924 5370772 8870743 7790857 730857 730924 730857 8870743 8190519 8190560 8870969 7790857 7790969 8190560 7530857 8870770 8190913 3470857 7790894 9040857 8190942 8870969 7790200 3470857 730880 730646 8190942 6350857 8190930 730857 6660930 7980973 7790857 9350888 7790857 2760928 730071 9710043 9711002 8711023 2760752 2760770 730770 9350888 730071 730071 730888 730770 2760770 9710920 2760071 730071 9350770 9710782 2760770
3470422 7790752 8870743 3471023 4040200 8870888 7790969 7790937 7790752 7790371 8870743 7790937 7790424 8190519 7790857 7791007 7790424 4720857 7790857 9710071 7790888 8870743 2760071 2760071 2760071 9710006 9710371 7790888 5370371 5370371 9711002 7790371 7790200 3470580 9711002 3700969 8710752 2080770 9710920 9710920 7790888 7790200 2760888 2760006 9710371 7790894 3950896 7790894 730812 7790770 9710782 9710772 3470772 7790888 7790964 7790964 8710519 9710782 8870770 8710752 3700770 3230212 3230880 3230422 2080770 7790896 7790937 7790937 8870580 7790964 8870580 7790969 7790969 7790937 4040200 9040580 7790424 7790937 8870580 8870580 8870743 7790888 7790424 7790937 8870580 7790969 7790969 7790969 7790964 7790937 7790937 7790969 9040580 8190580 2760964 9710422 8710752 8870422 2760888 9710782 2760770 2080770 7790888 7790888 3471023 9710519 2760960 9710496 5370071 8190646 7790770 2760043 9710043 9710743 9350560 8870743 9350743 5370743 5370071 9710006 9710371 9710920 7790964 7790371 8870743 8870743 8870743 3950888 7790969 7790937
4630857 3230205 730741 730812 8870770 9710930 9710422 730743 730924 730928 3230560 3230422 730371 730212 9710752 2760043 2760964 2760371 2760741 2760888 230857 2760743 2760894 2760770 2760043 3470043 7790770 7790371 7790894 2760770 8190857 8190857 8190857 7790371 7790896 2760896 2760894 7790964 9710920 2080770 8870772 9711002 9710864 9710422 9350880 910857 3471023 8870770 9710743 9710580 2760043 9710772 7790964 7790857 7790752 7790896 9710772 9710496 3470772 3470772 2080770 3470772 7790964 7790741 7790857 7790200 9710782 3470857 6660857 9710519 9710864 730964 730560 7790770 8190964 9710741 3700969 3700969 3700969 9710006 9040857 8190741 8190857 8190964 9040857 3470580 9040580 9710414 3470857 9710857 3700770 3700969 3700969 3700969 9711002 730371 3470043 7790888 8191007 4630580 8190894 8191007 8191007 910857 7790857 7790857 8190700 7790770 7790894 3700857 8190560 9710969 9710969 9710741 3700770 9710969 9710071 9710414 3470987 3731010 3730519 3730519 7790964 9710071 7790857 3470857 9040857 3700422 9040857 9040857
2760964 3230205 3700519 3230560 8870580 7790741 3700741 8190964 9710782 7980973 3730241 8190371 8190770 3950896 2760580 3470580 9710580 3470580 730371 730741 3470987 9710205 7790937 9040857 9710772 8190857 3730519 3730519 8190519 3730580 8190894 8190580 7790857 7790857 3470857 3700770 9710006 2080770 9040857 8190071 3730765 2760646 9710580 9710857 7790200 9350601 9350371 9710371 8190652 8190652 3730993 8710752 5370743 730772 3700772 910857 8870560 3700519 9710205 9040772 3700205 9710969 3470422 3700772 8190741 8190896 8190857 2760888 7790964 7790888 7790770 8190857 3731010 8190652 3250857 3700205 3700205 9710205 9710772 7790964 8190964 3731002 4630857 3730646 3230205 9710371 9710743 9710371 9710519 3930519 730964 3700200 2760752 3700200 9710743 9710920 9350741 8190896 3731002 5370743 8190519 9350930 730928 3230560
5370930 5370043 5370371 7790857 730969 730741 9710864 3470580 8190580 7980973 7310371 2370973 3730241 7790894 9710772 8190894 8190519 8711023 9710864 9710930 730752 730964 4990857 5370930 730580 730519 730857 3470580 9710969 3730580 230857 6760857 230857 6770857 730857 730857 9350371 9710857 3470772 7980973 6760857 7980973 6770857 3730580 10110857 730924 730741 9350752 730580 9350888 3471023 2760770 2760888 3730519 9710782 730741 7980973 2760770 9710864 5231023 9710422 730560 9710864 9711002 9710580 9040580 730857 9350924 8190969 7980973 730888 230857 3930519
9711002 9710496 8870770 9350371 9350560 8711023 8870743 8870888 7790752 5370743 9350770 730560 9350752 9710782 9710414 9350924 730743 730743 9350752 5231023 730880 2760071 2760752 2760371 7790888 8870743 2760371 9350519 2760770 9350519 2760743 9350888 730743 2760888 3470580 2760770 8870888 8190894 8190894 2760371 9350888 730969 730857 730743 7790752 730743 730071 2760071 9350519 730857 730200 730924 730743 730743 730812 2760888 730743 730812 730580 730880 9350924 9350752 730888 730752 730752 2760770 730371 730646 9710752 2760969 730888 730928 3731002 5231023 730924 730924 9710930 8870043 9710371 9350880 730743 9350741 9350880 9350928 3730200 730857 9350924 730752 730071 730560 730743 7530857 9710422 730924 730924 730880 730071 2760743 2760071 2760969 8870743 9350743 9350743 9710743 730743 730743 730743 730752 9710580 730741 730741 2760371 9350371 5231023 730924 2760969 8870942 9710864 5231023 7790371 730741 2760371 2760006 8870969 2760743 2760894 2760371 2760896 8870770 2080770 2760924 9350519 2760752 2760071 9350770 9350924 9350770 8711023 9350770 730646 9710580 8710519 2760743 730964 9710519 8870580 8870888 9040580 8870743 6660857 730212 3730993 730964 9710580 2760743 730924 5370071 8190964 9710920 8870924 2760071 9710782 8870743 8190913 9350743 8190580 730888 9710422 9350752 8190741 8190969 8190580 3730580 9350880 8190580 8870580 9711002 8870888 8870424 3700200 3700770 9350880 7790741 3700741 3700200 7790894 3700770 9710752 9710006 8190752 9350741 8190752 8711023 2760770 2760646
9350741 3470857 8190071 7790894 9710752 7790770 3470422 7790896 7790896 3700741 9710743 2760371 2760894 8190857 9710422 3700743 3700772 5231023 3700580 9350880 8190857 8190071 8190741 9710743 2760752 2760770 7790770 9710743 7790937 9710772 9710743 7790371 9710743 9710519 9710496 9710414 3470580 9710580 7790741 2760752 3471023 3470772 9710752 9710920 8710752 8190857 7090973 8190857 9710496 3950960 9350880 8190896 3470422 9040857 2760964 2761007 730743 730743 3230880 730212
7790200 7790857 8870772 7790857 7790772 7790857 7790964 7790964 3470772 8190913 3730004 8190930 8190857 8190964 3230880 8190741 8190896 3730004 8870743 9710371 9710743 8190560 3730646 3731023 4630200 4630200 4630200 4630200 3731023 3730004 4630200 3950888 3950960 9040772 9350924 9710371 9710071 3470857 8190964 8190857 8190071 9710752 7090973 7090973 8190857 9710969 9710071 1030282 3730580 8190071 8190857 7790857 3700200 2760770 2760743 9710920 7790888 7790888 7790937 5370772 2760924 9710422 9710414 9710864 7790937 9710580 3470580 7790937 7790519 2760580 1760973 730371 730580 730888 730580 9710580 3470580 7790896 9040580 3700770 9710752 9710743 9710857 9710864 3950888 3471023 8190857 2760414 2760896 2760741 3700969 9710857 9710741 9710519 1031010 3730519 3730004 8190857 910857 9710782 730770 9710371 9710414 9710782 8190741 8190071 8550857 7090973 7090973 4630857 4630580
8190964 7790969 4720200 2760043 3470772 9710580 730580 9710752 9710422 3470043 3470422 730741 3230422 3230212 8870580 2760414 3700519 8870770 8870580 3700580 9710422 9710043 3470043 9710519 8710519 2760743 9710782 3471007 9350741 2760414 730071 730071 730964 3230205 730743 8870888 3471007 9710071 9710422 2760743 9710006 2760580 730371 2760560 3470043 3230560 8711023 730964 2760071 9710920 8190964 2760560 5370519 2760371 2760743 9710772 8870772 5231023 7790741 7790888 3731002 3731002 5370930 8190930 7790857 250200 3950888 730772 9350930 9350930 5370772 9350519 8870772 7790937 9040580 7790371 4720371 9710496 3230212 730924 2760960 9710422 9710519 7790964 2760414 9710414 2760772 7790772 2760772
8190857 8711023 3700770 9710414 9710043 8710857 9710414 2760770 9710741 7790741 9710371 8870888 730071 9710371 9710496 7790741 3950888 8190964 7790857 9710414 2760888 9710920 8870770 3950888 8190857 8870770 9710414 9710371 3700770 8710752 3950896 3950960 3950888 3950888 8710752 9710071 8710857 9710741 9710414 3730993 3700205 8190857 9710857 8190770 9710752 8710752 3700770 9710752 7790894 7790888 9710920 8190770 2760743 9710496 7790896 9710782 9710205 8190857 8190646
8190857 8190652 8190896 9710414 9710864 9711002 9710519 7790741 9710496 2760071 2760743 7790870 5370743 9710782 9710969 9710752 3700743 9710920 9710743 3470422 8190964 7790424 7790752 7790200 8870743 7790937 9710414 9710772 7790888 9710371 2760743 5231023 3730993 8190752 8190857 8190071 8190770 8190770 8190857 8190741 3230422 9710414 8190752 8190752 3950888 9710752 9710864 8190371 9710752 2760960 9710519 7790894 8190580 8190857 8190964 8190687 3470987 9710519 2760414 7790964 9040857 9710422 9710422 2760560 2760888 2760743 9710422 3470422 2760770 2760422 2760894 3470987 9710414 2760743 2760743 9710741 9710930 7790371 2760560 7790896 9710422 2760371 7790964 2760894 8710752 9710205 8710752 2760006 2760414 2760896 9710422 2760896 2760894 9710496 9710205 9710205 3471023 3950960 730752 2760006 2760560 9710864 8870888
3471023 7980973 3731002 3470857 7790857 3731002 8190772 7790857 3471023 7980973 7790857 7790969 3950896 8870888 3700770 3930857 9710496 3250857 3930857 3730241 3731002 8190930 8190687 7790964 7790741 8190741 7980973 5370371 3950888 8190687 7790741 7980973 7980973 8190969 7790896 9040857 8190913 8190071 7790857 7790200 5370930 8190857 8190969 3470857 8190071 9040857 8870743 7790857 3470857 3471023 3950960 3730241 3730993 7310646 3730519 3250857 9711002 7790741 9710772 7790741 8870969 8190942 2760414 3730241 7980973 2760741 8190687 3470422 8190770 8190741 7790857 8190404 3730241 8190741 8190772 7790857 7790741 230857 730964 8870772 8870942 3731002 9350930 8190752 3700770
9710772 3470987 8190857 9710371 8190857 9710741 8190646 7790857 7790857 7790857 7790857 5370841 7790857 7790857 7790857 7790857 730371 6660857 7980973 7980973 9710371 730857 9710371 730857 730857 9710741 8870770 3700770 3700743 9710414 730770 9710205 3470987 730964 9710580 730880 8710857 8190857 730772 3230560 8190857 8190857 8190646 8190964 7090973 7090973 3730004 3731010 7090973 3730004 3950896 7790424 7090973 2760414 9710580 9710864 7790752 3730004 7090973 7090973 9710772 9710205 9710414 9710414 9710414 3730004 8190857 8190770 3700205 9710752 9710071 9710857 4720857 8870743 730880 9710496 8190896 8190371 2760414 3471007 2760964 2760888 8190772 8190772 3730004 3730004 3731010 3731010 3730004 3730646 8190857 9710772 8190857 9710071 9710752 3470987 7090973 3730004 7090973 8190942 9350924 9710414 9710857 8190857 730964 3731010 3731010 7090973 8190964 3950888 8190913 7790857 7791007 7790857 730964 2760371 2760560 8711023 9710782
7790857 8710519 9710920 3470772 7790741 9710205 730741 3230205 9710772 3730004 7790857 7790857 7790857 7790857 9710580 730743 9710371 7790964 3470580 3950888 3730004 3731010 3731010 3731010 3731010 3730004 730857 2760960 730857 730857 730857 730371 3930519 3930857 3700200 9710371 9710496 3470857 8190857 8190071 3730004 3730004 8190857 8190560 9710741 9710043 9710422 9710752 3730004 8190857 3470857 8711023 3470772 3470772 8190770 7790894 2760580 9710205 8190857 7090973 3930857 9710920 3730004 8190857 8190371 8190894 9711002 9710969 3470857 8190741 9710743 3731010 4630200 3730004 8190770 9710743 5231023 9710920 8190857 8870770 9710864 7790888 8870772 8870743 8190071 9710857 3730004 3731010 3730004 7090973 8550857 8190857 3731010 3731023 3731010 3730004 3731010 8190857 8190969 8190071 8190964 9710772 8710752 730371 4990857 910857 4720857 8190371 9710752 9710741 8190964 7790752 3950960 8191023 8190894 9710752 3700857 8710857 8190857 8190857 8190857 9040857 8190857 8190857 7090973 4630913 8190857 8710857 9710071 9710930 8190770 3230205 9710205 9710864 2760741 8190930
2760422 9710752 9710414 3730004 3471023 8870969 8190371 3230422 9710752 2760888 3230560 8870924 7790888 3730004 4630200 8191023 8190857 730772 8870888 9710772 9710205 9711002 730560 3470772 8190857 3471023 730770 3470772 8190857 3470857 3730004 7090973 3731010 3730004 3730004 730560 4720772 9710772 3730004 3470857 9710857 8710857 3470772 3470857 8190071 3731010 3731010 8190857 730770 8190371 3731010 8190857 8870743 5370371 7790200 7790857 2760580 5370371 8190857 730752 8870770 3230422 910857 4720969 9710864 9710741 8710752 9710752 9710752 3730004 8190964 8190580 7790752 7790752 9710496 9710496 3731010 3730004 4630580 3730004 9350772 9710772 8710752 4720772 8190857 3470580 2760580 7790371 7790371 9710519 2760741 3730004 3731010 3731010 3731010 3731010 3731010 3731010 3731010 3731010 3731010 3731002 8190913 8190857 8190071 7790200 9710772 9710071 7790964 7790964 9710071 7090973 3731010 8190857 7090973 9710414 730924 9710920 8190772 3700772 3700857 8190969 9710969 9710071 8190857
730857 7790857 8870422 3730004 3731023 3730928 3730928 8190857 5370743 3470987 3700422 2761007 2761007 2760770 9710519 2761007 2761007 2760422 2760752 2760743 730371 730071 730743 730964 8190580 2760371 730743 2760894 2760896 730964 730969 730857 730857 730964 8870969 730646 8870969 5370772 5370404 9350519 730969 2760969 9350519 2760969 8190930 3230560 730743 7790896 8190894 2760896 7790969 8190930 3730004 8190969 8190930 8190930 8190969 8190969 8190519 9350560 3700857 730741 730741 730560 730961 3230880 2761007 5370071 2760969 730870 7790870 730043 2760422 730519 730924 6660857 9350741 730857 730857 5370829 5370043 5370043 730857 2760930 730071 2760043 730043 7790857 7790200 5370930 5370043 5370930 730770 2760770 4720200 7791007 8870924 7790961 7790424 7790857 8190930 8190741 8191007 8190772 8190741 8190580 8190646 5370743 9040857 8190772 5370772 8190772 7980973 5370930 5370930 8190752 8190700 8190913 4720857 8870580 8190580 7980973 3730241 3731002 9350371 5370371 3470580 8190580 8870580 7790371 9040580 7790741 8870743 9350888 7980973 730752 5370071 730857 9350743 6660857 730857 730857 6770857 730857 4990857 730857 9350888 9350924 730071 730741 730371 9350930 730888 6660857 9710006 9710371 730580 730580 730857 730580 730580 730888 730371 10110857 9710422 730928 730770 3230212 9350519 730857 730857 9350930 230857 730857 730857 730857 730770 730743 730924 730752 9710580 730770 730560 2760924 9710580 2760580 730371 8870743 3700200 730580 730964 9350942 9350601 9350371
3470580 2760928 8870580 3470580 9040580 3700422 3470857 7790371 3950960 3950960 3930857 3700969 910857 520969 7090973 7090973 7090973 3700969 520969 3700969 2080770 8190580 9710580 5231023 7790857 7790857 9710969 730880 3730580 2760071 3730580 2760960 230857 2760071 8190752 3950888 3230205 3471007 8190857 730212 730770 3230422 7790741 2760888 3470772 2760743 2760743 730743 8710752 2080770 3950888 8870888 730560 730880 8870422 2760743 2760964 2760043 2760964 2760071 2760560 8190894 9710006 2760071 7790770 8190857 3700205 9710969 5370043 2760043 2760752 2760770 2760043 8190770 7790857 2760770 2760770 9710580 7790964 730043 7790964 3470043 3470043 7790894 730646 9710580 9710422 8190560 7790888 9710496 3471023 2760770 730880 3230212 5231023 9710580 9710864 4720371 9710864 3471007 3470580 8190857 2760930 2760772 2760772 2760772 2760772 2760772 2760772 2760772 2760772 2760772 2760772 2760772 2760772 2760960 2760964 2760964 730580
8190687 5370930 3730580 9710857 910857 9350880 3730004 8190687 1760973 1760973 9350880 9350560 9350924 9350371 5370743 9350880 9710205 9710580 3230422 8870560 3730993 7980973 8190371 9350741 9710205 8190857 9710969 9710205 8550857 4630580 8190857 8190580 8190964 9710864 9710580 9710580 9710043 9710782 9350371 8190752 8190894 9710422 3700200 7790752 9040857 8190687 3250857 8190741 8710857 6660857 8190560 8190741 7790937 8190519 8190519 7790857 7790752 730580 2760414 3700580 9040580 3700205 3700743 9710422 8870580 3731010 3731010 7090973 4630913 7090973 8190857 3230422 3700580 9710580 8870743 3700580 9040580 3730004 8190857 5370043 730752 730870 3700741 9710205 3700422
7090973 3730004 9710782 3230205 9710752 9710741 3730004 9710920 3471007 8190741 8190857 8190942 9710414 1760973 3730004 2080770 2760414 9710414 5231023 2760371 9710772 2760894 2760894 2760924 1760973 8190857 7790888 8190770 8190770 3700857 8190071 9710496 7790857 7790964 7790371 7790857 7790870 7790969 3700969 9710920 9710752 9710864 730770 8190752 8870743 730741 7980973 3730004 4630200 8190857 3730004 230857 9350772 8190741 3470857 9710782 730741 9710205 9710371 2760752 730752 9710743 2760770 9710857 1760973 7090973 9710920 9710930 3731010 3731010 8190857 9350560 9040857 9040857 7790857 7790888 7790937 9710741 8190857 3731010 9710930 9710752 9710864 7790371 8190560 9710414 3470987 8710857 9710371 8190741 8870942 8191007 8191007 8711023 9350770 3230880 3230560 8190961 3230212 8190829 3930857 9710857 3730004 3730004 3730004 9040857 9040857 9710741 9710741 9710414 8190741 3700772 9710857 8190752 8190741 8190071 9710741 8190857 9710864
520969 3700200 3700743 9710371 3700422 3700969 8870942 7790857 3950896 7790857 7790857 8190772 5370043 5370772 5370772 5370772 5370772 7790857 5370772 7790200 7790200 7790772 7790857 7790937 230857 8190071 2760772 8190404 3731010 3730519 3730004 3730993 9350741 230857 230857 230857 9350772 9350772 9710857 8710857 8190071 8190894 8190896 9040857 8190942 1760973 3731002 4630580 4630580 4630580 8190646 7090973 730772 730969 730969 3730241 1030282 3731023 7980973 6660857 9350930 3700519 7790896 3470857 8190942 8190857 3731010 4630857 4630857 7090973 7090973 7090973 8870043 8870580 3700580 8870043 8190969 3700200 9040857 3731010 3731023 1760973 3730004 1760973 3730004 3731023 8190857 3730004 8190857 8190857 8190646 6660857
9710414 3700770 9710752 3700743 3700743 3700743 3700741 3700743 3700743 3700770 9040580 7790937 7790857 7980973 7980973 8190961 9350741 8190752 3700857 8190857 4630200 1760973 3731023 3731002 3731002 1760973 3731023 1760973 8190646 7790857 8190772 7790857 7790857 3700743 9710741 9710741 9710741 9710741 3700741 9710741 9710741 9710864 9710741 9710006 9710006 9710006 9710969 9710920 8190071 8190071 8190071 8190071 8190071 8190071 8190519 8190519 8870888 9350770 3700580 9350930 9350519 6660857 9350772 3930857 3930857 3700772 3700772 3470987 9710743 3700770 9710743 8711023 9350752 9710422 7790894 8191023 3730519 3730519 8190519 3730928 3730646 3730928 8870969 8870969 9710741 3700770 9710422 910857 910857 730857 5370930
9350880 5370043 230857 8190894 8190857 8190894 7790371 2760896 2760896 9350752 9710071 520969 1760973 2760896 5370071 5370829 1760973 7980973 2760752 7790896 7790857 8190913 3950960 8190071 7790964 3730114 2760580 6660857 9350371 9350519 9350888 7790857 9040857 7790857 8190687 8190646 8191023 8190913 8190646 1760973 8190646 8190913 8190646 3471023 8870770 9710741 8870924 9040857 8870770 8190071 8190519 3700200 9710752 9710414 9350743 9350770 8190930 7790857 3731010 2760964 8190930 8190519 8870969 9710071 3471023 3950888 8550857 9710920 8190071 3730928 4990857 7980973 7980973 7980973 2760580 9350743 9710414 8870580 9350880 4990857 3730580 7980973 8190857 9350888 8190969 8190964 2760888 2760888 2760414 9350743 3700422 730857 230857 5370371 8190371 5231023 8190857 2760580 4720772 8190071 8190071 9710920 3700772 8190896 8190770 8190652 8190741 3470857 9350741 3230560 6760857
4720969 4720969 4720969 4720969 4720969 4720969 4720969 4720969 4720969 8190857 4720857 4720857 4720969 4720969 4720969 4720969 4630857 3731010 3731010 3731010 3731010 3730004 3731002 3730004 3731002 3730004 3730004 3700741 3730646 4630857 8190857 8190857 9710741 9710205 8190371 3700770 9710371 9710743 9710864 8870043 3700770 3731010 3731023 3731023 7090973 8190857 8870580 9710857 3730004 9710857 3731010 4630857 4630857 4630857 8190857 8190371 3930857 8190741 910857 3730928 8190857 8190646 8710857 2760928 5370930 2760930 230857 2760930 8870580 8710752 2760770 2760743 2760770 9710741 9710414 3700519 8190913 8710752 9350371 9710414 8190857 7790896 9710414 9350770 9710920 3470857 3700743 3930857 2760924 8711023 8190857 3731010 3731010 3730004 8190741 6660930 7790857 9710741 3470857 8190857 9040857 2760414 2760743
7790741 3730519 1030993 2760741 2760414 2760964 8190857 8190857 8190964 8190652 8870770 8190894 3730646 3731010 3730928 3731023 8190894 8190857 2760770 9710519 7790770 2760894 2760894 8190857 9350743 3730004 3730004 9350924 3700857 9710496 1760973 7980973 8870743 8870888 2760580 730580 5231023 3730004 9710496 3731010 3731010 3731010 3731010 3730646 3730646 9710741 9710414 3470580 7790964 2760580 9710496 2760928 7790969 3950960 8870424 5370071 730924 8870580 8870924 7790741 7790969 8710519 8190752 730857 3730200 2370973 3730004 8190857 3731023 3731023 3731023 3730646 8190752 3950960 8190964 8190772 9710772 8190519 9710414 3230560 3230422 9710371 4990857 8711023 1030857 2370973 3730646 1760973 1031010 8190857 1760973 8190652 3730993 9710857 2760924 250200 1030993 1760973 3470857 3731010 3731002 3731002 8190857 8190857 8190857 8190646 8190652 7790770 7790371 730928 730888 9350743 730752 730743 8870743 730580 730580 730580 730580 730580 730580 2761007 5370772 730580 730580 730580 2760580 230857 730580 730580 730772 2760580 2760580 2760772 2760772 730772 730772 2760043 8870580 2760071 9710580 730888 730772 730772 2760888 2760969 8190964 730743 731007
7790770 9710414 3950960 7790857 7790937 3470772 9710920 7790371 9710371 7790371 9710920 3470580 9710580 3700580 2760580 2760006 8870580 9710071 3470987 3470580 730880 7790371 8870772 8870422 3470772 9040772 7790964 3700741 9710864 9710864 730741 730741 730812 7790200 9350772 730212 8870772 8870043 9040580 9710864 5370741 8190857 4630580 2760743 9710772 9710071 3470987 9710782 8190857 7090973 8190071 7090973 7090973 3470857 9710043 6660930 730812 8870888 8870743 9710043 730071 3700205 3471007 3470043 7790964 7790964 8190772 7790857 2760071 3700969 9710071 9710920 8870770 3731010 5231023 9710930 7790857 730772 730772 730212 2760741 2760646 9710772 7790741 8190772 8870772 730043 8870043 3470857 9040857 3730004 3730004 7090973 7090973 8190741 2760752 3730004 8190857 8190857 8710857 9710422 3700205 9710864 730741 3700200 730071 8190942 8190687 2760560 7790200 9710920 3950960 9710930 7790752 3731002 8870969 3700969 3700969 9710496 730770 4720857 3471023 9710920 3470857 3930857 3470857 8870888 2760888 9710519 730371 730212 3230880 730371 8870560 9710743 7790371 8870743 3471023 2760071 7790964 5231023 9710071 3470043
3470580 3950960 9710930 9710772 3470857 8190857 230857 6660857 9710930 2760752 8190857 2760741 2760930 2760930 2760930 5231023 2760964 5231023 2760888 8870743 7790937 3470857 9350752 7310371 3230205 9350560 8190857 8190857 8190652 3950960 730371 2760752 2760580 2760743 7090973 3730004 9710752 9710752 3230560 9710006 2760741 7790741 2760741 8710857 8190857 8190857 3730519 8190857 3730004 1760973 1760973 3730646 3730519 3730004 3730928 8190930 2760896 2760930 230857 9710071 9710519 8870888 8190857 3730646 3731023 3731023 3730519 1760973 8190519 8190519 8190519 2760930 2760580 9710772 7790200 9350519 2760560 9350924 3930857 3700770 9710414 8190930 2760894 230857 9710371 8190071 5370930 9710496 730964 2760894 9350752 9711002 730071 2760960 9710857 3700205 8870743 9710071 9710743 9710743 6660857 8190741 3700422 9040580 8190646 9040580 8870424
730924 8870580 730880 3230212 730212 730741 730580 730580 730880 730212 730857 730752 8870424 8870424 730857 730580 8870580 3700580 730212 730880 8870424 8870580 8870772 730770 8190371 8190857 8870580 7980973 730924 8711023 3730004 3730580 8190964 730770 9350741 8710857 8190857 8190857 3700743 3930857 9710920 3700770 7790752 8870743 7790937 3470987 9711002 8870560 9040580 8190913 8190687 9350930 9710930 9710930 3930519 9710006 3730928 3730004 9710857 8190560 7790857 9350928 9710857 9710006 730969 3700205 3700743 8870560 8710857 9710857 9350888 9710741 9710371 8870888 8190964 9710864 7790969 9040580 9040580 8870888 5231023 9710580 9710371 9710580 9710580 3470857 730741 8190580 9350371 8190371 5231023 9350741 9710371 9710006 730519 9710743 8870743 8870969 3700205 7790937 3470422 9711002 730741 3470580 3470580 8870770 8190857 5370930 2760930 2760894 2760930 6660930 730969 3700770 9710752 2760960 8190770 9710205 9710519 9710969
3470422 9710857 3730004 9350741 3730004 9350560 9710006 9040857 8870888 730857 9350888 5370071 9710857 9710782 9710071 8190371 8190371 9710857 8710857 8190857 9350743 8190071 5370071 8710519 3230519 9710071 2760371 2760371 2760969 730857 730371 730371 730812 2760752 730071 5231023 8710519 8710519 3930519 9350741 9350770 9710580 2760752 8190857 8190519 8190896 8190580 9710519 9710741 3230560 9710205 730560 9710371 3950888 9350924 8711023 8870770 3700205 9350752 2760894 2760741 3950888 5370371 3230422 3230560 9710205 9710205 9710205 3700770 8870770 5231023 7790894 2760741 3730519 2760743 2760741 2760930 8190894 730752 8190857 8190942 730560 8710752 8190770 3730580 8190371 8190857 3470857 8190580 9710743 5370071 9710857 9710857 3731023 4630200 3730004 3730646 8190942 10110857 9710580 7790741 9710741 9710969 3930519 9710071 3950896 9710205 8190857
9040857 9350924 730857 730857 8190371 9350888 8870743 9710580 3930857 9350371 9710371 730924 8870424 9350743 9350741 8870580 8870580 8870424 730741 8870424 730857 9350601 730857 8870888 8870888 8870580 8870580 9710741 5231023 8190741 9350772 730752 9710772 730812 3470580 9350560 910857 8870424 730752 730857 8870580 730924 8870888 8870770 9710422 8870424 9350560 730857 3700200 9350743 8870424 3700200 7790857 8870424 730646 8870580 730212 8870424 9350752 730580 8710752 9350371 8190894 3730928 9710930 730770 9350741 730969 9710752 8190894 730741 5370043 730071 9710205 8710752 8870888 8870743 8870422 8870424 8870969 730880 8190580 8870580 8870580 730043 8870772 8190857 3731002 3730004 3470987 9350743 9710969 8870743 730071 9710071 8711023 730770 9710414 730924 9350924 8870969 8870743 3250857 8870424 9350880 2761007 8710519 8870772 9710857 730857 8870424 730857 8870580 3250857 8870969 9350880 8870424 8870424 5370404 730560 8190580 730928 8870424 8870424 8190942 730857 8870424 3700200 8870580 9350880 8870424 9350371 730812 9350880 8870424 730857 910857 3700580 9350924 9350770 730888 9350930 2760071 2760930 8190371 730857 730857 730857 9350888 8870424 730857 910857 730857 730857 730857 8191007 9350770 8190930 8190857 9350928 730888 9350770 8870424 9350772 8870580 8870424 3700200 9350880 9350560 730857 730857 730857 8870969 3930857 8190857 8870580 9350741 9350743 3731002 8190772 8870424 9350770 8190741 3731002 3730004 8190913 8190969 9350772 8190857 8190071 8190969
9350880 8190560 3700743 3700743 9710071 3700770 2760741 2760371 2760414 9710772 9710930 731007 3700580 8870580 8870580 3700580 9710371 9710371 9710071 2760422 9710205 8711023 8190772 8190857 7790371 9710496 8190857 3470857 2760772 3700772 2760772 8870043 9710580 5231023 9710752 3470043 520969 3230422 3230880 3230560 7790857 3930857 9710752 8190071 4630857 4630857 3730646 4630580 7090973 3471023 7790857 2760888 3230422 3700422 8190964 8191007 8190857 8190857 4630913 3230880 3230880 4720969 3700969 9710580 9711002 9040580 3470580 7790741 3730004 7090973 4630913 8190857 8190913 9040857 4720857 4720857 3230560 3230880 7791007 3700743 4720857 3230205 730928 8870743 9710006 8190371 9710920 9710422 4630857 3730004 7090973 7090973 7090973 8190857 8190580 9710422 9040857 9710043 9710371 7790964 7790964 7790964 730371 8870043 7790371 3230880 730646 8870580 9710864 7790741 7790741 8190857 7090973 7090973 7090973 9040857 3470857 9040857 8870560 8190770 3470857 8870580 8870772 730212 8870772 8870043 2760422 7790964 9040580 7790888 2760560 8190857 3700422 8190961 730928 730964 8190772 3730004 3730004 3730004 7090973 7090973 3700200 8870580 5231023 9710930 9710414 3470772 8870580 8870580 3700580 8870772 9710371 7090973 7090973 7090973 7090973 7090973
7790857 7790857 3730004 3731002 8190857 9350752 9350880 8870043 8190687 8190930 8190580 8190580 9350930 3730004 2760930 7790857 3730580 3730241 3730519 8190580 8190913 5370071 8190580 8870580 7790857 4720371 8190857 3950960 9040857 8190896 9710864 8190071 3950888 6660930 5370930 8190857 3730004 3730004 3700857 9710920 9710496 3730004 8190752 9710414 8190772 9710857 9710752 9710930 3700580 8190857 3730004 8190857 3700857 8710752 9710071 2760928 8711023 9710772 730928 730928 8870580 8190580 8870772 8190930 8190930 7090973 1760973 7090973 7090973 8190646 3470857 9710857 730071 730752 730812 9710752 9040857 3730646 8190857 8550857 730519 9040857 9350880 3730993 8190857 4720857 10110857 9350752 3470857 730857 3930857 6770857 5370519 730741 3230880 7980973 9350930 8190930 8190930 3730004 3730004 8190857 8190930 3730004 8190371 8190857 8710857 8190770 8710857 8190071 8190752 3470857 8710519 3470857 2080770 8190560 8190857 8190857 8710857 3731010 8190857 3731002 8190857 6660930 3700580 8870942 8190857 8190857 8190857 9040857 9040857 7310404 8190964 8870422 9350888 3230422 8190930 9710752 8711023 8870772 2760770 8190687 6760646 8190857 8190741 8710857 8710857 3250857
8190857 9710857 8190969 3730004 3730004 7090973 4720969 8190071 5370043 7790857 5370741 7790888 7790857 7790888 9350752 730857 7790752 7790857 1760973 3730004 3730004 8190772 9710414 7790857 7790857 7790200 7790857 7790857 4630913 8191023 8870043 7790857 7790857 7790857 7790371 7790857 7790857 7790741 3730241 730857 9350930 8190930 7790894 8870888 8190894 8190752 4720857 8190857 8190942 8191007 3731002 9710930 730212 8190560 3730993 3470857 8190770 5370371 8710857 9710857 9710371 9710371 2760896 2760371 8190371 8190857 8190857 8190580 7090973 8190857 3730004 8190404 8190857 6660930 6660930 6660930 730743 9350930 2760772 7790896 7790200 7790896 8190857 8870580 730371 2760772 3730004 8190857 7090973 3730004 8190857 3470772 9710772 9040772 7790896 8190652 2760924 3700422 8191023 8190404 8190371 8190770 3730004 2760743 2760772 5370772 2760772 8870772 2760772 8870770 9710580 8190770 730752 8190857 3730004 8190857 8190857 3730993 8190857 8190964 730857 9350924 3470857 8190857 8190071 4720857 8190964 8190857 8190371 8190857 7980973 7980973 7980973 9350930 3731002 7980973 7980973 7980973 7980973 7980973 4990857 7980973 7980973 8190930 8190930 8190857 8190857 8190857 3730928 9040857 3730928
9710930 2760371 3731010 3730004 7090973 7090973 730870 730752 2080770 2760896 9710519 9710414 7790371 9710371 9710371 5231023 9710741 7790894 3730004 3730004 3731010 3730004 3730004 7090973 8190741 7090973 3470857 730741 3230422 3731010 9040580 9040580 8190772 8191023 5370043 7790857 8870580 7790870 8190930 7790200 5370841 7790857 7790857 7790857 7790200 7790857 7790424 7790857 7790200 7790857 7790857 8190857 3730004 9710857 3730004 1760973 8190857 8190857 3731010 3730004 8190857 8190519 2760770 3731010 3730004 3730004 1760973 1760973 1760973 9710857 9710857 8190896 3730004 3700857 2760894 730752 3230560 3731010 8190857 9710772 9710422 8190741 3730004 3730004 8190857 8190071 9710496 8190752 8190896 3730004 3730004 3730004 8190857 3730004 3730004 8190930 3730004 1760973 8190371 9710743 9710772 2760772 2760770 2760071 2760580 2760580 8190741 8190894 2080770 8710519 2080770 9710071 1760973 8190519 8190857 8190752 730857 3470772 7790770 8190770 7790371 9710580 5231023 2760752 2760894 3730004 3730004 7090973 8190969 3700857 9710043 9710071 8710519 9710752 9710864 9710864 9710920 9710864 9710864 9710864 8711023 7790770 8190770 9710006 3730004 7790888 8190071 3930519 3930519
730812 9710371 3230519 2760888 3700422 3230880 7790964 7790371 8870888 730812 8190857 3730004 3730004 8190857 8190857 8190857 10110857 3731002 3730580 3730580 7790894 7790857 7790896 7790964 9040772 9040772 2760894 4911023 9710371 3700519 730880 9710772 8190857 8190857 3700857 8190857 8190913 3950960 3470857 3950896 9710422 9711002 3700519 5231023 9710414 2760924 9710741 9710205 7790741 3930519 8870422 3700205 9710422 730888 730880 730741 3700519 9710422 3930519 3700519 3700772 3700519 3700580 9710422 3700422 8870888 9710422 2761007 3700422 3700422 3700422 3700205 9710422 3700580 3700422 3700580 3700770 3700422 3700580 3230560 3700580 3700422 8870743 3700422 3700580 3700580 3700580 3700580 8870580 8870770 9040580 9040580 8870770 3700770 9040580 9710969 3700743 3700205 3700772 3470580 3470987 9040580
3470772 9710782 7790969 3700857 9710205 9710496 9710371 9710496 5231023 9710371 3950888 9710969 2760752 7790371 9710857 8190770 3470580 8710857 9350752 9710414 3950960 9040772 7790770 7790772 3470772 9040772 3470772 7790770 7790770 8870888 7790752 7790894 3700969 9710496 9710422 8190071 3470857 8190894 8190772 7790857 8190741 9710857 8711023 8710752 9710496 9710422 9710743 3950888 910857 8190857 9040857 3730004 3730004 3730004 3730004 3730004 3730004 8190752 8190519 9710752 8190770 1760973 1760973 7090973 9710857 9710857 9710071 8190560 9710414 8711023 9710920 8190964 8710857 9710930 8711023 8870743 8870743 9710752 8710519 9710422 8870770 910857 730857 8870888 730857 9350770 8870743 3700857 4040200 8190942 3470857
3930857 5231023 9710930 9710741 8190687 3700857 8710519 3470580 2760888 2760964 9710422 9710071 9710920 2760964 2760964 2760888 2760752 2760928 4720200 3470857 9710920 7790964 3950888 7790888 3470857 5370772 8711023 5231023 8550857 8190857 3730928 2760006 8190371 8190371 5231023 8190964 2760772 2760560 8190772 8190772 9710772 3230205 3230880 7790888 2760752 9710371 9710422 730964 3230212 3470987 3230519 730071 9710782 3700772 2760888 9710414 7790770 2760741 2760646 7790519 5370519 2760964 9710519 9710519 9710864 8870888 5231023 9710864 9710205 2760896 2760371
9710071 9710782 9710920 8710519 7790770 3731010 8190857 9710371 9350560 2760560 8870924 7790770 2760964 730770 9710969 8870043 3471023 4040200 8870580 5370741 8870743 9710071 4630200 3470580 3470580 8190519 2760741 2760741 9710741 9350601 8190770 9710414 1030857 2760770 9710519 9710752 3470422 8870772 2760888 8190770 8710752 9710920 2760969 2760969 730969 9710920 2760743 2760752 2760960 7790519 8190560 8190071 8190752 7790371 2760743 5370071 3731002 730560 2760894 4630200 2760770 2760888 2760888 3731010 9350371 3700770 2760896 3730200 3731023 9350371 9710205 9710930 2760560 2760896 3470422 3950960 7790896 3930857 9710205 9710864 9710864 7790888 9710371 8711023 4630857 4630200 4630200 8190071 8190857 4630857 4630857 4630857 3950888 8190770 2760752 2760752 9710422 8870580 9710006 7790200 8710752 9710071 1031010 1760973 8190560 2760043 2760743 8190371 7790894 7791007 9350601 2760741 2760414 2760580 9710414
9710006 9710864 2760741 2760371 5231023 2760924 2760924 7790741 2760924 7790741 7790741 7790371 2760924 9710864 9710205 9710205 7790741 8870560 3700205 7790937 8870969 9350560 3730519 6770857 2760752 9710782 2760924 2760371 2760071 7310371 7310371 5370200 9350560 9350888 730888 8870743 730560 8870422 9350741 2760560 2760928 2760928 5370743 2760928 2760560 8870743 2760006 9710205 2760741 2760414 3230880 9350741 9350741 2760371 9710864 9710743 9710006 9710741 2760414 9710864 8190770 2760741 2760888 2760743 9710414 9710969 2760752 2760752 730928 3700205 5370772 2760371 7790200 7790371 7790857 2760924 7790741 7790741 9710006 9710371 9710371 9710371 9710006
9350924 2760743 8870422 730880 9350741 9710496 9710414 3700770 8190857 3730004 3730004 3730004 3730646 3730004 9350743 3730114 3730519 3730004 8190964 3730004 5370930 2080770 730741 730212 3230560 2760741 8870743 9350924 3700741 3700200 8190857 8190857 8190857 7090973 2760772 2760888 730964 8190772 730741 9710741 7790894 7790371 730880 1760973 3731023 3731023 3731023 8190857 8190896 8190857 3230205 8190857 8190969 9710741 2760371 2760743 2760741 2760371 2760960 2760896 2760896 5231023 5231023 3471007 3470772 2760772 2760371 2760772 2760741 3471023 8190652 8190857 8190930 2760741 7790888 7790857 3731010 8190857 8190857 8190857 9710857 3470857 8190371 730371 2760752 2080770 9710414 7790964 9710414 7790741 3470043 4630913 5231023 730880 9350770 8711023 9710752 7790770 8550857 9710371 3470772 8710857 9350560 9040857 8190404 8190969 9350924 3930857 8190857 8190857 730880 8190519 7790857 2760646 8190580 730857 3700857 8190519 9710414 9710741
3700741 2760371 8870770 730371 8870770 2760928 8870924 2760006 8870770 2760928 9711002 9350924 730646 730741 2760770 2760894 730371 730741 730812 730880 730071 2760928 730924 730743 3700200 730752 9350371 8870942 730924 9350888 9711002 9350924 8870743 8870424 7790888 730924 730752 8870424 2760371 8870942 730752 730371 8870424 8870969 8870770 8870770 730371 8870770 730071 8870942 730924 730371 2760888 8870424 3700200 2760888 8870560 3700422 8870772 8870743 8870743 8870772 7791007 730888 3470422 9350371 8870770 7790424 8870772 8870942 8870424 2760770 2760969 7790371 2760560 730770 7790741 8870770 8870424 730560 730560 8870969 730880 8870424 9711002 7790770 2760071 8870422 8870424 8870424 730752 7790424 3700205 8870770 7790752 8870424 7790969 7790969 3700200 730560 7790969 8870969 8870770 2760928 2760371 2760928 8870422 8870969 3700519 730964 3700741 730560 8870743 7790969 2760969 8870888 8870043 8870743 8870772 8870422 8870743 8870580 8870424 7790752 8870422 8711023 8870424 8870560 8870560 3700200 8870772 7790371 8870424 730646 7790964 730770 8870770 730928 7790424 7790969 9350741 5370743 6660857 5370519 7310646 6660857 9350930 6770857 9350930 9350772 5370772 9350772 6660857 9350371 9350519 9350519 9350924 730560 730743 730969 730646 8870424 730646 2760928 730646 2760969 730646 8870424 730071 2760371 730812 730519 730519 2760930 730964 730519 730200 730646 9350519 2760930 730519 2760928 5370519 5370071 2760924 730371 2760371 730870 730519 730043 730870 730928 730580 731007 730646 730772 730857 9350560 730580 730200 730200 730580 730519 730870 730200 730772 730857 730770 730857 730043 730071 2760928 730646 2760043 730371 730580 730519 730200 730071 2760071 730752 8870942 730200 730212 730071 730752 730646 2760741 730924 9350888 9350519 2760960 2760928 2760560 9710519 7790424 9711002 2760560 9350924 8190964 2760924 3470580 8870580 8870888 7790964 8870770 8870743 8870888 3950888 2760969 2760969 2760371 2760071
9040580 9040580 9350770 5370930 8190894 730741 2760743 8870924 5231023 9710519 2760752 730888 8190071 730888 2760071 5231023 2760071 2760888 2760960 730371 9710920 8190857 8190857 8190560 8190071 2760928 7790519 2760741 2760646 2760371 7790424 8870560 7790371 7790894 2760071 5370519 2760928 2760964 2760743 2760894 2760896 7790894 7790424 3730519 2760964 9040580 8870580 8870580 8870580 7790424 7790424 9040580 8870580 9040580 9040580 8870924 9710371 2760752 3730519 730857 730924 730857 5370741 8870770 7790857 7790741 3950960 7790770 7790752 7790371 7790894 8870580 7790894 7790894 8870560 8870888 730928 9350371 7790896 9710205 9710496 3470772 730580 5231023 730770 730928 3230560 9040580 8870770 8870888 9710414 2760580 2760752 3730580 730770 730371 7790969 7790969 7790894 7790969 7790969 8870560 7790969 7790969 7790894 7790896 3470580 9040580 7790894 7790969 7790896 9040580 3470580 7790896 7790424 7790894 3470580 9710205 7790894 2760560 7790969 730371 9710969 7790752 7790371 9710006 7790894
3950896 2760741 8711023 9710857 730741 2760741 730560 4630857 8550857 9710864 8190071 8190857 7790371 2760043 2760043 2760371 2760414 2760896 7790371 2760006 2760580 2760580 2760580 7790888 2760960 7790371 9710519 7790752 7790371 8870743 9710741 8870743 8190687 7790969 520969 8190857 8190857 3730004 7090973 8190857 8190071 8190857 8190857 8190857 3730646 8190857 8190857 8190964 8190741 9710414 7790752 9710006 3471023 7790894 7790894 9710496 730752 2760770 9710782 9710920 7790964 2760888 2760896 6660930 2760043 3730004 3730580 8190857 8190687 3470580 9710857 8190964 5231023 3730004 4630913 8190741 2760414 2760770 2760752 2760743 2760071 3470772 730560 3700519 8190857 8190741 9710741 8190580 8190857 7790741 730770 8870580 7790964 9710519 2760960 2760743 8190752 3950896 9710414 7790857 2760752 2760930 7790772 7790964 2760960 7790770 9710782 9710920 7090973 7090973 4630913 3730004 7090973 8190857 7090973 8190857 9710741 8870969 3700857 3730646 3700519 9710519 9710743 9710857 8190741 9710414 2760924 2760772 2760888
9710930 2760371 2760772 2760924 3700519 8870772 9710772 2760560 8870888 2760772 2760371 730371 8870422 730772 8870772 730888 730888 8870743 9710006 2760371 8870743 2760772 8870422 9710414 2760560 8870422 9710580 8870560 8870888 730770 2760770 2760741 730812 2760928 9710752 9350741 9710071 2760071 3730004 6660930 730772 8870888 9710930 730071 730964 730743 8870560 730880 730924 730812 5231023 5231023 730770 8870043 3730004 7980973 2760743 2760071 2760752 2760422 2760770 730770 730560 730880 3700205 3700519 730560 8870888 7790741 2760741 2760580 8190752 730371 730969 730969 8870969 730924 8870969 8870888 730924 3470422 2760071 9711002 8870770 9350519 730741 2760422 2760752 2760580 9710414 8870743 5231023 8870888 5231023 730880 8870942 3700519 8870422 8870580 3700519 3700205 9711002 8870924 5231023 2760924 8870422 8870924 3470987 8870560 3700743 730880 9040580 8870888 9710414 9350743 8710752 3230519 9350743 9350752 730924 9350924 9710741 3230880 8190964 3230212 8870942 3930519 730924 730964 9710414 9710422 9710205 9710371 2760960
9710920 7790752 2760770 2760752 730519 2761007 7790200 2760888 2760770 7790964 2760006 2760371 2760888 7790752 3470987 9710414 9710741 2760924 9350371 7790896 2760071 7790964 2760752 8710519 9710414 9710743 8190071 2760960 2760071 8711023 3950960 2760770 8710752 9710772 2760888 3470772 2760580 2760770 2760752 2760743 2760414 2760743 2760752 2760414 9710743 7790896 2760894 2760888 7790752 9710071 3471023 9710371 9710371 8870770 730646 730371 2760752 2760371 7790961 9710422 3230880 3470422 7790424 2760580 2760580 2760960 2760960 2760770 2760964 9710741 2760888 2760741 3470422 7790888
3951002 4040200 4720200 7790961 3951002 5370043 7790937 7790961 3951002 7790961 1030282 7791007 250200 730519 5370200 8190519 7790961 5371023 5370519
null
null
8190894 6990481 8190404
null
null
5371023 1030292 1031010 4630200 1030993 1031010
null
null
null
null
4630200 4630200 4630200 4630200 4630200 4630200 4630200 4630200 4630200 4630200 1030282 5371023 4630200 1030282 1030292 4630200 4630200 4630200 4630200 4630200 3731023 3731023 7310646 1030993 4630200
730928 4630200 5371023 5371023 5371023 1030993 5371023 4630200 4630200 3731023 1030292 2370973 3731023 1030857 3730200 3731002 1030292 1030282 1030993 1030282 1030282 7980973 7310646 7980973 1030282 1030292 1030857 1030292 1030292 7310200 4880973 1030282 4630200 4630200 4630200 3731023 4630200 4880973 5370200 5370043 8190646
7790857
5370841 1030282 5371023 5370519 7790857
null
3951002
null
null
null
null
null
5371023 3951002 7790937 7310646 8870743 1030993 7790937 1030282
null
1031002 7790200 3951002 250200
null
7791007
5370519
null
4040200 7790870 7790961
5371023 5371023 5371023 5370200 1030282 5371023 250200
7790752 730857 5370071 7790200 4630200 4630200 4630200 4630200 4630200 4630200 5371023 5370519
1031002
null
null
1030993 4630200 4630200 5371023
5370877 7790896
null
5370519 7790200 7790969 3951002
null
null
7790200 7790200 7790961 5370043 7790200 7790857 1030282 8870969 4630200
7790857 9350930 5370404 5370200 9350928
null
250200
250200 3951002 5370519
null
null
null
4040200 3951002
8190969 3730646 8190877 6990481 8190404 3950960 8870743
null
7790200 1031002 5371023 5370877 1030292 3731002 1030282 5370043 7790857 5370841 5370519
null
3950888
4630200 4630200 4630200 4630200 4630200 1760973 4630200 4630200 1760973 5371023 250200
null
1031002
null
7790961 5370519
null
1031002
3951002 5371023 3951002
null
null
730928 4040200
null
null
7790937
null
7790200 3950888 5371023 7790200 3951002
5371023 250200 8190857 1760973 4630200 4630200 3731002 730857 7790857 7791007 730200 730212 4040200 5370519 8870424 8870424 7790770 8870743 8870424 7790961 7790937 730857 4720969 7790969
1030993 3730177 5370404 3730114 1030877 3730765 8190404 5370200 8190404 8190741 3730981 8190857 6761023 3730519 8190404 9350601 5370404 5370841 9350519 8190177 8190404 1030993 4880973 4880973 1030638 1030829 3730700 5370404 8190700 8190404 8190877 8190404 3730177 1760973 3731023 3731023 3730200 1030857 1031010 3730200 1030282 1030877 9350564 8190404 8190404 4911023 3730601 7310601 1030282 7980973 1760973 3730241 5370877 3731002 3730981 5370829 3730241 1030877 3730229 8190942 3730580 3730177 1030282 5370877 8190877 5370877 3250857 9350601 5370404 1030638 7980973 7310669 2370973 7310765 3730519 9350564 8190580 8190877 1030877 5370404 7980973 3730200 2370973 7980973 3731002 3730981 1030829 6761023 8190404 7310646 7310646 7310161 4880973 4880973 4880973 7310601 8190404 8190942 8190404 5370829 6761023 8190404 9350942 6760942 6760942 9350601 5370877 8190404 5370404 8190877 8190877 8190700 8190877 10110857 9350770 6350601 3730981 8190877 8190419 3730765 3730981 8190857 8190857 3730765 6350404 8190829 3250857 8190687 8190829 6990481 8190419 8190404 8190404 3250857 8190404 8190177 8190877 8190700 3730404 3730229 5370877 5370877 5370877 8190404 3730993 8190404 3730981 8190687 6990200 5370571 3730700
4911023 8870924 4911023 8870942 6990481 6990200 4911023 6990481 4911023 4911023 4911023 4911023 6990481
8870772 8870942 6990200 6350765 3730404 5370404 9350601 8190942 8190857 8190877 8190857 4911023 6760601 8190404 7530857 6760765 6760601 9350601 8870942 5370877 4911023 6990200 5370877 6990481 6990200 8190404 6990481 8190829 8190857 6990200 8190560 6760765 3250857 8190942 6990481 3250857
4880973 4880973 4880973 4880973 4880973 4880973 4880973 4880973 4880973 1030292 4880973 3730829 1030993 5370404 8190404 3730200 1030282 2370973 3731023 1030282 3730177 7310564 3731002 3731002 8190700 1030292 7310200 4880973 1030292 1030877 1030282 1030282 7310161 1030282 7310564 1030282 6760646 8190857 8190913 4880973 7310200 7310700 4720857 8870743 8190404 8190700 3731023 3730404 3730993 8190404 4630580 3731002 4880973 4880973 4880973 7310200 2370973 7310646 8190877 8190404 3730241 4880973 4880973 4880973 1030857 4880973 5370200 7310564 8190961 8190404 8190371 9350601 3730177 3730700 5370571 8190404 8190404 8190857 8190942 8190857 8190687 3730646 8190857 8190857 8190560 6990481 8190857 9040857 8190404 8190857 8190857 3730993 3250857 9350560 8190857 3950888 8870560 9040857
8870942 7310161 6350765 9350601 6990200 6990200 4911023 6990200 6990481 4911023 9350752 3730229 6760942 3730229 6760601 6760601 7310471 3730829 4911023 8190580 3730519 730870 3730928 3730580 9040580 7310471 2760580 3730580 5370571 9350601 6760765 2370973 7310765 7310564 1760973 1030877 7310765 7310404 3730877 3730241 4911023 9350601 6990200 6990200 8190877 3730200 3730229 1030638 7310177 1030829 4880973 4880973 2370973 7310200 1030638 6760601 5370404 8190700 5370841
9350601 6350765 1030877 9350601 6760857 6760942 3250857 3730200 6350404 3731023 7310646 1031002 7310177 4880973 4880973 4880973 7310200 9350601 6350601 6761023 6760857 3730765 8190942 6760601 5370877 4880973 2370973 7310601 7310564 6770857 6760646 9350601 8190404 8190877 3730404 8190404 8190942 6990200 8190404 7310200 1030877 7980973 8190404 8190877 8190404 8190877 3730519 5370829 1030877 6350857 4880973 4880973 7310601 5370200 9350601 3730700 7310601 1030877 7310564 3730241 6660857 9350942 8190404 9350601 9350601 6350404 6350404 8190700 8190404 9350928 8190177 8190829 8190700 6760646 5231023 9350601 9350564 5370877 3730981 9350601 7310564 9350601 7310404 7310404 9350564 3730981 8190942 9040857 8190700 8190829 9350564 9350942 7310765 3730601 9350942 9350564 6990200 7530857 8190404 8190829 8190857 8190404 8190700 8190404 9350601 5370404 8190404 8190877 8190404 8190404 3730981 8190857 8190700 3250857 8190419 9350564 8190404 8190829 8190404 8190404 9350601 6990481 3730829 3730404 8190877 8190419 8190404 10110857 8190404 8190371 3730981 6350765 6760601 4990857 8190404 5370877 7310646 7310700 7310765 9350601 7310564 8190419 7980973 7310877 7310564 3730601 7980973 7310601 3730580 7310765 7310646 6350404 7310877 7980973 3730981 8190857 9350601 9350601 8190877 8190404 3730404 3730601 3730700 3730601 3250857 3730993 3250857 7310765 6760765 8190942 8190404
8190700 3250857 8190419 8190687 8190942 7310669 3730229 7980973 8190877 5370829 3250857 6990481 8190700 6760601 9350942 8190942 7530857 3730981 3730829 1030282 4880973 4880973 4880973 4880973 4880973 4880973 7310200 7310601 5370200 3730601 9350942 4880973 4880973 7310646 6990200 9350564 8190877 3731002 8190829 8190877 8190404 4880973 4880973 4880973 7310404 3730177 7310564 8190404 8190877 3730404 3730765 5370404 3731002 9350601 8190857 3730700 3730404 7980973 3730200 2370973 6770857 1030877 6761023 1030282 7310161 7310177 7310177 7310601 3730241 7310646 6350601 3730981 5370200 7310564 1030829 7310564 4880973 2370973 7310177 4880973 7310177 1030877 3730229 9350601 9350564 3731002 6760765 7310601 8190772 8190404 6990481 4911023 5370404 8190419 5370404 6990200 4911023 8190404 8190404 3730765 3730114 3730601 6761023 3731002 8190419 8190404 1030282 5370404 3730404 8190829 8190404 7980973 6770857 8190877 4880973 5370877 5370404 8190877 3250857 4911023 8190404 6770857 1030877 5370404 7310601 3730765 5370829 6990481 8190700 3730601 6760857 3730519 3730601 3730519 3731002 2370973 7310601 4880973 4880973 7310161 7310765 7980973 3730229 5370829 6990481 8190942 4990857 6990481 8190404 8190829 8190404 8190404 3730241 8190404 8190404 3730177 3730404 3730114 8190404 8190857
8190404 8190829 8190652 8190419 1030993 3730829 7980973 3730765 7980973 7310646 3730993 7310601 7980973 7980973 7310765 6350857 9350601 2370973 8190829 6350601 7980973 1030829 7310765 7310646 7310646 5370877 8190652 3730928 3730877 8190404 8190857 6350857 3730404 3730601 7980973 3730877 4880973 6270652 6660857 9350942 8190969 9350942 5370404 1760973 8190877 9350564 3730993 8190177 9350601 3731002 3731002 6760601 5370200 7980973 7980973 3730829 3730877 7980973 4880973 7980973 7310646 7980973 6770857 7310646 3731002 6350857 5370404 5370404 8190829 5370404 8870969 8190877 3730004 3730993 8190969 5370200 6760765 5370829 9350601 7310646 7980973 7980973 3730829 7310404 8190404 7310669 7980973 6760646 5370772 5370404 3730993 8190687 3730004 8190942 8190404 3730241 8190877 8190404 1030857 8190404 5370404 3730765 8190913 8190857 8190857 3730928 9350942 730857 4990857 1940652 1940652 3730404 8190700 8190687 8190652 8190942 8190404 8190652 8190404 8190961 9350601 8190580 2370973 7310646 2370973 2370973 3730829 2370973 7310646 2370973 7310646 8190652 1030292 7310652 2370973 7980973 1030282 7310765 4880973 3730200 3730241 6761023 3730229 2370973 7310404 7310646 2370973 7310765 3730601 3730404 7310646 7310652 3730877 6350404 2370973 7310601 1031010 7980973 3730981 7310765 2370973 1030877 4880973 1030857 3730200 3730829 7310646 7310471 1030282 6350765 1030829 3731002 7310652 3730580 8190404 3730229 7310564 3731002 6760601
3950888 8870942 9350601 7310564 8870888 8190942 5370519 5370071 3730241 7310564 4911023 7310177 4880973 5370404 7790937 8870942 8190404 7530857 4911023 8870942 8870942 8870924
8190652 3731002 1030829 7980973 1030282 7310829 1030282 7310161 7310404 3730519 4880973 1030282 3731002 7310177 6350857 8190829 8190942 8190700 8190404 3250857 8190829 3731002 3730241 8190519 6760646 8190652 8190404 6990481 4630913 8190942 4911023 8190700 6350857 8190404 6760646 1030638 1030638 7980973 1030638 4880973 2370973 1030638 7310200 4880973 2370973 7310177 1030282 3730601 1760973 3730601 8190652 8190857 3730519 3730700 3730177 1760973 3731023 3730177 3730241 2370973 2370973 3730981 8190177 8190829 8190752 1760973 7310161 3730200 4880973 4880973 4880973 4880973 4880973 1030292 4880973 4880973 4880973 4880973 4880973 1030282 4880973 4880973 8190404 5370404 5370829 8190652 8870942 4911023 7310161 9350601 5370743 6760646 6350765 7980973 6760646 8190404 3730241 3731002 7310404 1031010 1030292 3730404 7310564 3730928 8190857 3730404 3730200 5370404 8190857 5370829 3730646 3731002 3730981 7980973 7980973 5370404 8190404 8870942 9350942 3730229 1030292 4880973 1030282 1030292 4880973 7980973 3731002 7310646 5370404 8190652
8190894 8190700 9350601 8870942 7310646 5370404 1030292 4880973 3730519 3730241 3730241 8190404 8190404 7310765 5370829 1030993 6761023 8190857 5370371 3730241 5370829 8190404 8190519 1030993 6770857 9350519 6760942 5370519 8190519 3730177 1030638 1030638 6760857 3730601 5370877 8870942 6990481 4911023 8870942 5370877 5370877 8870969 8870942 7530857 9350601 5370841 7530857 8870942 5370829 3730700 8190646 9350601 8870924 1030857 3250857
8190419 8190177 3930857 3730229 1031010 4880973 7310646 2370973 1030829 8870942 5370877 1030993 8190519 5370519 7310765 8190652 8190700 8190177 8190404 6760646 8190857 8190071 8190857 8190857 3731023 1760973 3250857 3730177 4880973 7310200 1030829 3730241 5370841 5370829 8190930 7310669 8190687 8190700 7310404 5370200 7310161 4880973 2370973 1030857 6760857 8190877 8190404 8870942 3950960 8190752 7310161 1030282 1030292 1030292 7310161 1030282 5370200 8190877 3730765 3730700 8870942 4630200 8870942 9350601 3731002 3730177 3730580 5370200 5370043 1030877 1030993 1030282 1030829 7980973 1030877 3730519 5370571 4880973 4880973 4880973 4880973 7310646 1030993 3731002 7980973 3730519 1760973 7980973 3730241 3730241 1030993 7980973 3731002 3730765 1760973 7980973 1030282 5370829 5370404 6770857 3730200 9350564 8190687 8190071 8190646 8190877 8190942 3730601 8190857 7310601 7980973 4880973 4880973 7980973 6770857 3730580 5370841 8190700 6350857 6760857 9350519 6350857 6770857
5370877 8190877 4911023 3950888 4911023 8870924 8190404 8190404 9350601 5370371 8190877 9350601 3730404 4911023 6990481 8190741 6990481 8870942 4911023
4911023 8870942 3950888 7790937 8870942 1030829 3730519 1030829 3730241 1030292 7310177 4880973 4880973 4880973 7310646 8190687 8870924 9350371 8190700 5370404 9350601 1030638 4880973 4880973 4880973 7310200 4880973 5370200 9350601 3730765 3730646 3730700 5370071 8190560 8190646 4911023 9040857 8190741
3730229 3731023 7310646 7310161 3731002 3730200 7980973 3730829 7310564 7980973 5370200 7980973 7980973 7980973 7310564 1760973 7310564 3730519 1760973 7310161 7980973 7980973 7980973 7980973 7310646 3730200 7980973 3730404 7310646 3730981 3730200 6760857 1760973 6761023 7310669 3730200 7310404 7980973 7310646 3730765 3730200 3731023 7980973 7310601 7310646 3730700 3731023 3730981 3731002 3730200 7980973 3730200 2370973 7310646 3730601 7980973 5370829 1760973 7310404 3730200 7980973 1760973 3730200 3730519 7310601 3730877 3731002 7310601 3731002 7310404 7310646 3730601 7310646 7980973 3730200 3730765 3730877 3730241 1760973 3730829 3730177 5370404 7310601 3730241 3731002 7310646 7310564 7310646 7310646 3730519 7310404 3731002 3731002 6761023 3730004 1030829 6761023 7310646 3730241 7310601 6760857 3731002 7310646 3731002 1030282 7310601 3730241 7980973 3730241 7310564 3730519 7310404 7310646 1760973 7310646 7980973 7980973 3730877 3730241 3730241 7310646 1760973 3731023 7310646 3731002 7310564 7310646 3730829 3731002 6760857 3730229 7980973 7310700 3730241 7310646 3731002 3730200 1030829 3731023 7980973 3730404 1760973 6770857 7310601 3731002 7310601 1030282 3730241 6760942 6760857 3730519 3730829 7980973 7310646 3730241 1030877 3730928 3731002 6760857 1030282 1030993 7310646 3731002 3730241 1760973 7310564 3731002 3730241 7310646 3730241 6760857 3730177 3730241 1760973 7310601 1030638 7310564 7310765 3731002 7980973 3731002 3730177 3730519 3730404 7980973 6761023 7310646 3731002 7980973 7310646 3730241 3730241 3730241 7980973 3731023 7310646 7310646 3730700 3730519 6350404 3730241 1030282 6761023 7310161 3730404 3730241 3730200 3731002 7310646 3730404 3730241 3730200 3731002 3730241 1030282 3730229 3730241 3730241 3730200 3730241 5370877 3730177 1760973 7310700 3731002 3730601 7310646 3731002 5370877 3730765 3730177 7310177 3730700 7980973 5370829 3730765 7310646 1030282 7310646 3730404 3730404 3730519 3730241 2370973 5370200 3730765 3730700 7980973 3731023 3730700 1760973 7310601 3730241 3730601 7310646 1760973 3730519 3731002 7310765 3730177 7980973 5370404 1030829 7310564 7310669 5370877 3730519 7980973 7980973 3730404 7310601 1031010 7980973 1030993 3730241 3730700 3730519 3730241 7310601 3730241 1030282 3730829 3731002 6760857 3730646 7310646 3730241 3730877 7980973 7980973 1030877 7310646 3730241 7980973 1030993 7310646 3730200 3730700 3731002 3730229 7310564 7980973 1030638 3730601 3730241 3730241 7310646 7310177 3730200 3730241 6760942 3730241 3730200 3730601 6760857 3730200 1030829 7980973 3730404 3730241 3730241 7310646 7310601 3730241 3731023 3731002 6761023 3730519 7310700 3730241 7310646 6760857 7310404 3730200 1030282 1030829 3730765 1030282 7310646 3731002 3730829 3730829 7980973 3730700 6760601 3730229 3730241 3730519 3730601 6760857 3730177 1030282 3730241 6760601 3730765 1030282 7980973 3730829 7310646 3730404 3730519 5370404 3730519 3731002 6350404 3730646 7980973 3730241 3731023 3730241 3730877 7310564 7980973 8190857 7310646 1760973 3730404 3730241 3730241 3730200 3730829 3730700 3730404 3731002 7310601 1760973 6760765 3730519 7310646 1030993 3730404 6760601 3730404 7310646 3730877 6761023 3730241 3730877 6760601 7310646 6760857 3730114 8190857 3730519 6760601 3730765 7310646 3730241 3730404 7310601 3730241 3730241 7980973 3731002 7310646 7980973 3730765 3730200 3730829 3730241 3730519 1030282 3731023 3730928 7980973 3730519 8190404
3731002 6760857 3730700 3731002 6350857 8190857 8190419 3730114 8190942 3730601 3730404 3730601 3730519 6760646 8190177 3730928 3730114 6760765 3730241 8190404 1760973 3730404 8190700 3730928 8190942 6760857 3730829 1760973 3730993 6760857 6350404 3730601 3730928 9350601 8190700 3730700 8190857 3730765 8190700 5370404 8190404 3730114 3730241 8190942 3730765 9350601 8190829 3730981 8190404 6760601 8190857 6760765 9350942 8190857 8190942 9350770 3730993 8190700 8190942 6760601 3730241 8190877 3730404 8190404 8190419 8190404 9350564 8190177 8190404 8190829 8190700 3730646 8190419 8190404 8190829 6760857 8190177 8190404 8190829 3730993 8190404 8190877 8190404 8190404 3730928 3730700 6760601 8190857 8190687 8190877 3730114 8190857 8190687 8190404 8190700 8190857 8190700 3730229 3730404 3730829 8190857 8190942 3730114 8190942 8190942 8190419 8190857 3730646 3730765 8190857 8190700 8190404 8190942 8190419 8190652 8190829 3730646 3250857 8190404 8190700 3730404 8190371 8190419 8190404 8190857 8190700 3730601 3730829 8190404 8190404 8190700 8190404 8190942 8190857 3730829 8190700 6760646 8190404 8190404 8190829 6760601 8190404 3731002 8190700 8190877 8190560 3730765 8190857 6760601 5370404 8190857 8190404 8190857 8190752 3730981 9350601 8190646 6760646 9350601 8190371 8190857 6760601 8190404 3730765 8190942 3730765 9350601 8190404 8190829 8190942 8190829 8190942 8190942 8190942 3730993 8190857 8190877 9350601 8190857 3730993 8190829 8190857 8190404 8190700 8190857 8190829 3730404 8190371 8190646 6350857 8190942 8190942 8190700 8190404 8190857 8190877 8190404 8190877 6760942 3730114 8190857 8190942 8190700 8190646 8190857 8190741 3730241 8190700 6760646 3730765 8190652 8190877 6760646 8190404 8190404 8190857 3730765 8190700 8190961 8190404 8190857 8190942 8190857 8190404 8190877 6760646 8190404 8190829 8190857 8190404 8190961 6760601 8190404 3730981 8190829 8190652 6760646 8190700 8190700 8190404 8190942 9350942 8190857 8190857 8190404 8190829 8190700 8190404 8190404 8190877 8190404 8190857 8190942 8190700 8190404 8190700 6760646 8190857 6990481 8190404 6350404 8190741 8190700 6760765 8190964 9350741 9350942 3730829 3250857 8190404 8190687 8190700 8190404 8190829 8190877 8190404 8190700 8190700 8190942 6760942 8190942 8190646 8190404 3730700 8190700 8190829 8190857 8190829 9350942 3730404 8190877 6350765 8190857 8190857 3730404 5370200 3730519 9350601 6770857 9350601 7980973 5370404 1030282 6770857 5370200 7310646 3730700 8190857 7310564 8190857 6350404 8190857 3250857 7530857 3730765 8190829 8190700 8190419 8190857 9350564 8190942 3730928 6760942 6760646 6660857 7980973 4880973 4880973 1030877 2370973 4880973 7310601 7980973 3730981 8190829 8190829 8190404 8190829 3730601 3950960
8190857 8190700 3730928 9350601 6760646 8190857 3730928 3730765 9350601 3730928 5370841 6760601 6760765 3730829 3730004 8190829 8190857 8190942 8190687 8190829 8190857 8190404 9350601 8190404 3730765 8190942 3730700 3730765 3730700 3730404 1760973 3730241 3730404 3730646 3730928 3730700 3730877 8190857 6760942 6760601 8190646 8190857 8190646 3730601 9350564 8190857 3730829 3730765 3730877 8190404 3730241 3730700 8190857 6760646 8190829 8190829 8190857 6350601 6760942 3730004 6760942 8190404 8190857 8190404 3730519 8190404 8190857 8190942 8190857 3730601 8190942 3730765 3730928 8190942 3730241 1760973 8190857 3730646 3730700 8190857 8190700 3730928 8190857 8190857 4630913 3730765 3730229 3730993 3730601 3730928 8190857 3730829 8190829 3730241 8190857 3730404 8190652 8190877 8190404 8190942 6760857 3730519 8190404 9350601 3730646 9350564 6760857 8190404 8190877 3730404 8190857 9350601 3730765 8190404 8190877 8190942 3730241 8190177 8190404 8190700 3730646 8190857 3730700 8190404 5370571 8190404 8190404 6760857 3730829 8190700 5370571 6760646 8190857 3730404 8190404 5370841 8190877 8190646 3730404 8190560 3250857 6760601 3730114 3730700 3730404 9350601 8190857 8190857 6760857 8190700 3730404 8190857 3730981 8190857 8190419 3730765 3730114 8190857 6760601 8190404 8190877 8190687 8190177 8190700 9350601 8190404 3730877 8190404 6350404 8190877 8190857 8190857 9350601 6760857 8190700 8190700 6760765 3730404 6760601 8190857 3730993 8190419 8190857 8190857 8190829 9350888 8190942 8190371 8190700 3730241 6760942 8190404 8190829 8190404 8190829 8190857 8190404 8190829 6760942 8190857 3730601 3730404 8190857 8190177 3730404 8190829 8190877 3730993 8190652 8190404 8190877 8190857 6760942 8190687 8190877 8190942 8190829 8190829 8190404 8190961 3730646 9350601 8190404 3730993 7530857 8190404 6760601 6350404 8190646 8190404 8190652 8190419 8190857 8190857 8190857 8190877 8190877 3250857 8190700 3250857 8190942 8190829 8190700 7530857 8190741 8190404 9350601 8190857 8190404 8190700 8190829 8190877 8190857 8190942 8190404 8190404 8190646 7530857 6760765 8190700 8190857 8190877 3250857 8190829 8190700 8190404 5370877 8190404 8190877 3730114 6760601 8190404 8190700 8190857 8190687 3250857 8190371 8190404 6760601 8190404 8191023 8190942 8190857 3730993 8190857 3731002 8190404 8190700 6760646 8190857 3730765 8190404 9350601 8190857 3730114 8190419 8190942 8190404 8190700 3730241 8190700 8191023 8190969 9350601 8190857 8190913 8190857 8190700 8190652 3730700 8190404 8190829 7530857 6350857 3730114 6760646 3730646 9350601 3730177 8190404 8190942 8190857 6990481 8190700 8190404 3250857 6760601 6760765 8190942 9350601 8190752 8190942 3730993 8190857 9350601 8190404 7310564 8190857 8190404 7530857
8190969 8190741 8190857 3250857 8190700 8190829 8190700 9350601 8190700 6990200 8190404 8190700 8190857 8190829 8190741 8190404 7530857 8190404 7530857 8190404 8190829 3730981 8190646 8190404 8190857 6990481 9350601 6760942 6760601 8190700 3250857 3250857 3250857 3730928 8190942 9350942 8190942 8190404 8190404 8190419 8190071 6760646 8190942 6990481 3250857 8190700 9350564 8190404 8190404 8190829 9350564 3250857 8190877 730857 9350564 5370404 9350601 8190404 8190404 8190687 8190419 8190404 8190700 8190404 8190404 4911023 8190419 8190700 8190942 6760942 8190700 8190741 8190942 8190829 3730993 4911023 8190646 8190942 8190942 3250857 6761023 8190700 8190404 3730004 8190419 8190700 8190404 6990200 8190857 8190877 3250857 8870942 8190404 8190741 8190404 8190404 7530857 8190404 8190404 8190419 3730241 8190942 8190741 8190700 3250857 3250857 8190404 8190404 8190877 6350404 8190942 7530857 8190700 9350601 9350942 3250857 5370404 3730829 8190700 9350752 8190877 8190942 8190652 8190700 8190419 8190404 8190687 3731002 8190857 6760601 5370829 8190829 8190942 8190700 8190857 8190404 9350601 8190877 8190404 8190404 8190700 8190829 8190857 8190404 9350601 8190700 9350601 8190404 8190404 8190687 9350942 9350601 8190857 8190700 9350601 8190913 9350519 9350772 1030292 1030829 7310765 3730200 7310646 3730229 7310564 5370200 3730241 9350564 8190687 7530857 6990481 3250857 6990200 8190700 8190404 8190700 8190877 8190404 8190857 8190752 8190404 3250857 5370404 8190829 7530857 8190404 6990200 8190177 8190700 5370404 5370829 5370200 1030993 7310646 9350601 8190687 5370829 6760646 1030282 7310669 3730241 7310404 1030282 3731023 2370973 7310161 1030292 2370973 7310161 4880973 4880973 4880973 4880973 1030829 7310200 4880973 1030829 4880973 1030282 3730241 8190580 3730404 5370829 1760973 3730177 4880973 7310700 3730404 3730241 250200 8190877 7530857 8190829 8190942 8190404 6990200 8190700 8190700 3730404 3730877 5370404 3730241 5370829 5370404 1030282 6760942 3250857 3250857 8190700 8190404 8190829 9350601 6760646 8190404 9350601 3250857
8870743 8870942 3950960 8870942 3700741 8870942 8870924 8870942
3731002 4630200 1031010 1030638 1030292 4880973 1760973 1030282 3731002 6760601 4630200 7310700 10110857 8190770 9350601 1031010 4630200 1031002 1031002 5370200 5371023 5370772 5370519 5370930 5370930 6770857 5370519 250200 4880973 4880973 7310200 6770857 5370200 5370071 7310404 4880973 4880973 4880973 4880973 1030638 4880973 1030292 1030292 7310646 4630200 4630200 1030638 1030638 1030282 4880973 4880973 4880973 4880973 7980973 1030638 4880973 1031002 5370200 6770857 1031002 4630580 1760973 4630580 1760973 1031010 4630200 1760973 1031010 1030292 1031010 1760973 1030638 3731023 1030638 1030638 1031010 1031010 1030292 1030638 1030292 1030292 1030638 4880973 1030638 7980973 1030282 4630200 1031010 7310200 4880973 3730200 7980973 8191023 4880973 8190700 1760973 1760973
1760973 5371023 7980973 1030638 1030857 7980973 1030638 1030638 1760973 1030857 1030857 7530857 1030282 1030292 7980973 1030282 1030638 1030857 7310646 5370571 4880973 1760973 1030829 7980973 7980973 1030292 4880973 4880973 4880973 1030282 5370200 7310646 9350519 5370930 7790857 1030638 4630200 7980973 1760973 8191023 1030292 1030292 3731002 1030638 1030282 1030292 5370200 4880973 7980973 1030638 1030282 4880973 4880973 4880973 4880973 4880973 7980973 4630200 4880973 4880973 1030292 1031010 5370200 7980973 1030993 9040580 9710752 9350880 1030993 5370841 7790857 4630913 4630200 1030638 1030292 1760973 1031002 250200 5371023 5371023 5370930 5370200
7980973 8190519 3731002 1030282 5370404 8190646 3731002 7980973 4880973 7310200 1030857 4880973 1030282 1030292 5370200 4990857 7980973 7980973 8191007 8190857 1030282 1030638 1030292 4880973 6770857 4880973 7310200 4880973 7310200 4880973 5370519 6770857 1030282 9350772 3730241 5370200 1030282 7980973 5370200 8190961 5370841 8190961 5370043 250200 250200 1030282 2370973 4880973 3731002 7980973 3730580 7310700 5370404 8190700 8190700 7980973 3731002 250200 5370930 5370841 5370571 5370841 7980973 7310877 7310646 3731002 5370404 9350519 7980973 7090973 250200 1030282 1760973 1030857 5371023 250200 3731002 3731002 1030857 3731002 1760973 8191023 1030292 1030282 1030292 3731023 4880973 4880973 4880973 4880973 1030282 1030282 3731002 1030292 4880973 1030638 1030638 250200 1030993 5370519 250200 5370404 1030993 1030993 3731002 8190700 8190700 8190652 5370841 4630200 8190652 250200 8190969 8190646 5370200
5370930 7980973 1030993 5370930 4630200 3730241 1030638 9350930 8190857 3731023 7980973 1760973 8190519 3730241 5370519 5370200 3730241 3730241 5370841 4630200 5370841 8190857 3731002 1760973 3730700 8190857 3730241 3731002 5370772 8190857 8190857 8190857 5370841 8190857 8191023 8190857 8190961 8190857 8190961 5370841 9350772 3731002 8190857 8190857 8190857 5370571 7310371 6350857 8190896 8190857 8190700 3731002 8190857 3731002 8191023 6350857 8190894 6760857 3731002 3731002 3730765 8190857 8190857 3731002 8190772 8190857 8190857 8190857 8190857 8190857 8190857 3730646 8190857 4630580 3730700 8190857 8190857 8191023 8190857 3731002 5370841 8190857 8190857 8190857 8191023 8191023 8191023 3731002 8190857 8190961 1760973 7980973 1030282 4880973 1030282 1030638 4880973 1030282 3730200 1030282 1031002 1030829 4880973 1030282 5370200 7310646 8190857 5370841 8190857 8190857 8190857 3731002 8190857 1760973 7980973 3731002 1030282 7980973 1030638 1030993 7980973 5370841 1030282 7980973 5370200 8191007 8190913 3730646 8190857 8190857 8190857 8190700 3731002 3731002 1030282 1030292 1030638 1030282 1030292 1030282 1030282 1031010 3730241 3731002 8190857 7310200 7310404 7310646 7310646 5370200 3730519 3731002 7310646 7980973 7980973 6770857 7310200 7310200 4880973 7310266 7310266 7310200 7310371 7310200 7310877 6760765 6660857 8190857 8190969 3730700 3730004 3731002 6350857 6760942 7980973 7310646 7310877
3730981 2760928 7310200 7310669 5110560 230857 5370741 2760969 2370973 4990857 9350928 8191007 8190419 4630200 3951002 7310669 8190519 8870969 3950960
8190700 4990857 10110857 4990857 8190857 1030282 1031002 250200 1030282 4630200 1030993 1760973 250200 5370841 8190913 8190652 8190961 5370841 4630200 1030292 1030638 4880973 1030292 1030292 4880973 1030292 4880973 4880973 4880973 4880973 4880973 1030282 1030993 3731023 1030993 1030993 1030292 7980973 1031002 1030857 1030282 1030282 5370200 5370200 8190700 5370519 4630200 6770857 1030993 1030638 1030292 1030857 4880973 1030292 5370200 1760973 3731023 8190857 4630857 4630200 8191023 4630580 8190857 8190913 250200 4630580 4630200 7090973 4630580 4630913 4630580 8190857 8190913 4630200 4630580 1760973 8190857 8190652 4630580 4630580 8190857 4630200 3731002 4630200 8190857 8190857 4630580 8190857 8190857 4630200 8191023 4630580 4630857 3731023 1760973 3731002 3250857 4630580 8191023 4630200 8190857 8190857 4630580 8190857 8190857 8190652 4630200 4630580 4630857 4630580 4630200 8191023 4630580 4630200 1760973 3731002 3730646 1760973 1760973 5370200 5370200 5370841 4630580 8190652 1760973 3731002 8190857 8190857 8190857 1760973 1030993 1030282 3731002 1760973 8190652 4630200 3730004 8190652 8190646 4630200 8190700 4630200 8190652 8190961 8190580 8190580 8190857 8191023 6350404 4630200 8190857 4630580 8190646 4630200 4630200 4630200 4630580 8190913 4630200 8190857 3730646 4630580 4630200 8190857 4630200 8190652 8190857 8190857 4630580 4630200
4040200 4630857 5370404 8190877
7790964 8870888 8190071 8870772 7790894 4720969 8190071 4720857 250200 3731002
6990200 4630200 730646
8190894 1760973 3950896 8550857 3730646 8190857 8190969 7790857 3730241 5370519 8190961 2760772 9350519 8870772
910857 8190969 4630200 7090973 8870969 7790969 9350601 8190652 10110857 3700857 730964 8190700 6990200 8190942 7790857
9040857 4040200 8190894 3950896 5231023 1760973 4630200 4630200 1030993 7310161 7310700 6760601 7790937 1030292 9350601 3950896
4630857 7790870 7310471 8870772
7790969 3951002 910857 8870969 3951002 8870969 7790857 7790519 8870969 5370200 1030282 8190519 1031002 4040200 8870969 8190700 8190700 8870969 1760973 7791007 8870969 5371023 8190404 8191007 6770857 7090973 4040200 8191007 7090973 4630913
3731023 3730928 1030993 3731010 4630200 7790519
null
null
8190913
