210
3731002 7790857 8190973 7980973 5370200 4630200 3950043 250200 9350700 9711023 730857 1030292 1030282 5371023 250200 4630200 1030646 7310601 7980973 3731002 7980973 7310161 5370841 7980973 8190646 8190913 7310161 7980973 5370841 8190687 7980973 5370200 7980973 7310161 5370200 9350765 4880973 3731002 7980973 9350700 4880973 8190646 1030993 6760481 7980973 1030282 2370973 1031010 3731023 1030292 1030282 1030282 5371023 5371023
1030292 1030638 1030292 1030282 1030282 1030993 5370841 250200 250200 250200 4630200 5370930 1030646 4880973 5370200 4880973 4880973 4880973 4880973 1030857 1030292 1030200 1031010 1030282 5371023 4630928 4630200 4880973 5370200 1030282 250200 1760973 1030857 1031010 1030857 1030292 1030292 1030292 1030282 1030292 1031010 1030282 1030282 1030282 1030993 1030638 1030282 250200 1030646 5370772 5371023 5371023 250200 5371023 1030282 1030282 5371023 1030638 1030200 4880973 4880973 1030292 1030292 4880973 1030200 1030646 1760973 4880973 250200 3731023 1030292 4880973 1030292 1030292 4880973 4880973 4880973 1030282 4880973 1030282 4630200 3731023 1760973 4630928 8190973 1760973 4630857 4630200 1031010 1030292 1030993 4630200 3950043 1030282 5370829 5370200 1030638 4880973 1031010 1031010 250200 250200 250200 1030200 7980973 1030282 1760973 3731002 7790857 250200 250200 250200 1030646 4880973 1030638
null
null
7790752 8190765 5371023 5371023 9350646 3731002 5370729 5371023 5370200 4880973 5370200 3950729 1030282 5370729 5370930 7980973 250200 1030282 1760973 3950960 4630200 3731002 7980973 8190646 1030292 5370729 7790969 7790841 8190765 6760481 9350888 8190877
4630200 1030857 1030282 1030292 1030646 1030646 1030646 5371023 1030292 5370729 1030282 1030857 7980973 4630200 1030638 1030857 5371023 5370729 5371023 5370829 8190969 4630200 1030857 1030857 7980973 4630200 4630580 4880973 4880973 1030200 1030200 7980973 1030857 5370829 3731002 1030282 1030646 1030857 7980973 3731002 3731023 4630200 1030282 1030282 7980973 4880973 1030282 4630928 1031010 1030292 1030857 1030857 1030857 1030638 1030646 1030646 1030282 1030292 1760973 3731023 1030638 1030638 1030282 1030282 1030282 5370200 5370200 4910200 8190937 5370877 9350741 9350580 9350752 7980973 5370071 9350646 8190646 4630928 1760973 1030292 4630200 5371023 4630928 4630200 4630200 4630928 4630200 1030646 1031010 1030646 1030857 1031010 1031010 1030857 1030857 1031010 1030292 9350741 730857 9350930 4990857 7310700 1030829 1030646 1030282 250200 1031010 1030282 1030200 5370200 1030282 7980973 1030282 1030646 1030993 1030282 250200 250200 250200 4630928 1030282 7980973 7980973 7310700 8871007
3950729 7790857 7790519 7790913 8190765 8190877 9350700 8870741 3730177 7980973 7980973 3731002 3730993 9350765 9350743 9350646 5370877 9350043 7310829 9350071 6350404 7310700 7310700 9350700 9350765 730743 8190829 4910200 5371023 9350646 3470200 8870741 9350700 8190765 7790841 730857 4990857 9350700 3250857 9350114 3950960
7790857 9350564 3470200 8190896 9040969 4720544 3471023 8190829 7790969 7310404 9711002 9710043 9710071 2760770 9710580 5370580 9350580 9350580 9350580 9350580 8870580 9350580 2760969 2760928 8870580 1030282 4880973 1940973 1940973 7310404 7310564 1940973 7310877 9350700 9350114 9350646 7980973 7980973 7980973 5370877 7310601 3731002 7980973 5370200 7310601 7980973 1030282 7310669 3730241 6760481 5370841 4990857 9350114 7980973 3950043 5370841 250200 7310877 7310669 1030993 1760973 1760973 1760973 1030646 1030993 1030200 4880973 1030292 1031010 8190973 5370841 8190519 1030292 1030200 5370200 1030993
910519 7790894 5370841 9350580 5370580 8871007 8870580 3730646 3730928 9710741 3700770 4630928 9350752 3731002 5370371 9350071 3470743 3730646 3730993 8190741 2760872 3730829 6990481 4910200 8190829 5231023 8190519 8190519 2760857 9710969 8710770 9710200 9710519 9710371
9710864 3700770 9710743 8711023 9710752 3471023 7790371 8710770 7790743 9710770 3470987 9710743 9710770 3470414 9710646 3470752 9710770 3470924 8710770 9710371 9710864 9710752 3470752 9710969 8190973 8190937 2760752 7790770 7790937 7790913 7790913 8871007 7790580 8190937 9350700 910857 8190071 8870580 4720200 731007 4720544 4720544
9710414 2760752 2760770 9350560 6990481 3730993 2760580 2760646 7790888 7790937 6990481 8790857 3700205 3950960 3730700 6760857 8190770 8190071 2760580 9040580 3470422
null
9040969 9710205 9710857 9710857 3700205 2760857 6760646 5370841 8190519 4630928 8190829 4990857 9350114 9350700 8190969 8190942
4720544 4040200 4040200 4720544 8871007 7790913 7790371 3950729 4040200 3950729 8190969 5370729 3470200 9710006 7790913 3950729 4040200 9040969 5371023 250200 5371023 4630200 7790857 4720857 8191023 1030993 5370200 7790913 7790913
3950960 8190937 2760741 3470743 4040200 4040200
9710969 9710782 9040969 9710969 9710969
6990481 8190877 8190371 8190560 3950729 3950729 8190877 8790857 8190752 2080770 9350700 3730200 7310404 3730993 8190765 9710414 8790857 8190877 8790857 3730700 3730646 3730004 3730646 8190765 3730646 250200 9350071 3250857 910857 9350646 8190973 3950371 8710770 9350765
4630200 9350114 1030292 3731023 3731023 3731023 3731023 3250857 7310404 2760857 3950043 8190043 2760857 2760857 9710782 7310765 3930519 9350743 9350743 3470743 3470743 3470752 8190071 3470857 9350114 8190960 8190888 250200 9040969 9710371 3930519 9040857 3731002 8190371 8190687 6350404 5370877 3730877 8191023 5370841 6761023 5370841 8190973 8190770 1760973 4630200 1760973 3730519 6760601 9350880 8190964 9350646 4630580 4910200 5370841 2760969 9710200 9710071 9710071
6990481 9040857 9710205 3950371 9710422 9710857 7790894 9710371 8190765 8190765 8190371 8190973 9350646 3730993 3731002 5370371 3730993 8190973 3730928 8190969 8190937
7310829 3730765 8190913 3731002 3700770 9710200 3730601 2760928 9710864 4630928 3731002 9710920 3470752 9710770 9710752 8711023 5370071 9350114 3930961 9711023 3730404 8190765 3700770 3700857 9710770 3700422 8710770 9710071 9710071 3730993 9040857 8190765 9710772 8190765 8190043 8190043 8190560 3730177 3730700 8190960
6350601 5370829 9350580
9710043 8870741 7790580
3470894 8190913 3470580 3471023 9710752 9710422 2760580 9710580 8190942 9710414 3470752 9710741 9710006 3470752 9710071
5110004 5110004 1940973 7310700 1940973 5110004 5110004 5110004 1940652 1940652 1940652 1940652 5110004 1940973 7310266 5110471 7310652 5110004 5110004 5110471 5110560 5110560 1940652 5110471 5110004 1940973 5110004 1940973 5110004 5110004 5110560 1940973 5110004 5110560 7310471 5110471 6270652 5110560 6270652 7310471 5110471 7310471 7310471 7310266 7310471 5110471 5110471 5110471 1940652 5110471 5110471 5110004 5110471 5110004 5110471 1940973 1940652 5110471 5110471 5110652 1940973 6270652 6270652 5110560 7310471 6270652 7310877 5110004 6270652 7310404 6270652 5110004 5110471 7310371 7310471 1940973 7310471 5110471 7310471 5110471 5110471 7310471 7310471 7310471 7310471 7310471 7310471 7310471
5110635 7310471 7310471 7310471 7310471 7310471 7310471 7310471 7310471 7310471 7310471 7310471 7310471 7310471 7310471 7310471 7310471 7310471 7310471 7310471 7310471 7310471 7310471 7310471 7310471 7310471 7310471 7310471 7310471 7310471 7310471 7310471 7310471 7310471 7310471 7310471 7310471 7310471 7310471 7310471 7310471 7310471 7310471 7310471 7310471 7310471 7310471 6270652 7310471 7310471 7310471 7310471 7310471 7310471 7310471 7310471 7310471 7310471 7310471 7310471 7310471 7310471 7310471 7310471 7310471 7310829 6270652 7310371 7310371 7310471 7310471 7310471 7310471 7310471 7310471 7310471 7310471 7310471 7310471 7310471 7310471 7310471 7310471 7310471 7310635 7310471 7310471 7310471 7310471 7310471 7310471 7310471 7310471 7310471 7310471 7310471 7310471 7310471 7310471 7310471 7310471 7310471 7310471 7310471 7310471 7310471 7310471 7310471 7310471 7310471 7310471 7310471 7310471 7310471 7310471 7310471 7310471 7310471 7310471 7310471 7310471 7310471 7310471 7310471 7310471 7310471 7310471 7310471 7310471 7310471 7310471 7310471 7310471 7310471 7310471 7310471 7310471 7310471 7310471 6270652 7310471 7310471 7310471 7310471 6270652 6270652 6270652 7310471 7310471 7310877 7310266 7310471 7310471 7310471 7310266 7310471 6270652 7310471 7310471 7310471 7310471 7310471 7310471 7310471 7310471 7310471 7310471 7310471 7310471 7310877 7310404 7310471 7310471 7310471 7310471 7310652 7310266 7310652 7310471 7310471 7310652 6270652 6270652 6270652 7310371 7310877 7310652 7310652 7310652 7310652 7310652 7310266 7310652 7310652 7310669 7310652 7310652 7310652 7310877 7310471 7310635 7310652 7310471 7310829 7310652 6270652 7310471 7310829 7310652 6270652 7310635 7310652 7310652 7310471 7310652 7310652 7310652 7310652 7310700 7310877 7310652 7310652 7310601 7310266 7310652 7310652 7310652 7310471 7310652 7310652 7310652 7310652 7310652 7310471 7310471 7310652 7310829 7310404 7310404 7310765 7310765 6270652 7310652 7310652 7310471 7310765 7310652 7310652 7310652 6270652 7310471 7310266 7310404 7310877 7310652 7310877 7310652 6270652 7310266 6270652 6270652 6270652 6270652 7310652 7310652 7310652 7310652 7310652 7310652 7310652 7310652 1940652 7310635 7310652 6270652 7310877 7310877 7310877 7310829 7310266 7310829 7310765 7310266 6270652 7310877 7310765 7310266 7310652 7310652 7310652 7310635 7310635 7310652 7310652 7310877 7310652 7310652 7310652 7310652 7310371 7310652 7310652 6270652 7310652 7310652 7310652 7310652 7310652 7310266 7310652 1940652 6270652 6270652 7310266 7310877 7310877 7310404 7310829 7310652 7310765 7310601 7310829 7310266 7310765 7310266 7310877 7310700 6270652 7310601 7310877 7310652 6270652 7310652 7310652 7310652 7310652 7310652 7310652 7310877 7310652 7310652 7310371 1940652 6270652 6270652 7310652
3730981 7310652 7310652 7310652 7310652 7310652 7310652 7310652 7310652 7310652 7310652 7310877 7310652 7310652 7310652 7310652 7310471 7310471 7310652 7310652 7310471 7310471 7310471 7310471 7310266 7310471 7310471 7310471 7310471 7310471 7310471 7310471 7310471 7310471 7310471 7310471 7310471 7310471 7310471 7310471 7310471 7310471 7310471 7310471 7310471 7310471 7310471 7310471 7310471 6270652 7310471 7310471 7310471 7310471 6270652 7310471 6270652 7310471 7310471 7310471 7310471 7310471 7310471 7310471 6270652 7310471 7310471 7310471 7310471 7310471 7310471 7310471 7310471 7310471 7310471 7310471 7310471 7310471 7310471 7310471 7310471 7310471 7310471 7310371 7310471 7310471 7310471 7310471 7310471 7310471 7310471 7310471 7310471 7310471 7310471 7310471 7310471 7310471 7310471 7310471 7310471 6270652 7310471 7310471 7310471 7310471 7310471 6270652 7310471 7310471 7310371 7310471 7310471 7310371 7310471 7310471 7310371 7310471 7310371 6270652 7310471 7310471 7310471 7310471 7310471 7310471 7310471 7310471 6270652 7310471 7310471 7310471 7310471 7310471 7310471 6270652 6270652 7310471 7310471 7310471 6270652 7310371 7310471 7310471 7310471 7310471 7310471 6270652 7310471 6270652 7310371 6270652 7310765 6270652 6270652 6270652 7310471 6270652 7310877 7310471 7310471 7310471 7310371 7310471 7310471 7310471 7310471 7310471 6270652 7310471 7310371 7310471 7310471 6270652 7310471 7310371 7310471 6270652 6270652 7310471 7310471 7310471 7310471 6270652 7310371 7310471 7310471 6270652 7310471 7310471 7310877 6270652 7310371 7310471 7310371 6270652 7310471 7310471 7310471 7310877 7310471 7310471 7310471 7310471 6270652 6270652 7310471 7310471 7310471 6270652 7310471 7310471 7310471 7310471 7310471 7310471 7310471 7310471 7310471 6270652 6270652 7310471 6270652 7310471 7310471 7310471 7310471 7310471 7310471 7310471 7310829 7310471 6270652 6270652 7310371 6270652 7310471 7310471 7310471 7310471 6270652 7310471 7310471 7310471 6270652 7310471 6270652 7310471 7310471 6270652 7310471 7310471 6270652 7310471 7310471 6270652 7310471 7310471 7310471 7310471 7310471 7310471 7310471 7310471 7310471 7310471 7310471 7310471 7310471 7310471 7310471 7310471 7310471 7310471
1940652 5110560 1940973 1940973 1940652 1940973 1940652 5110560 5110652 5110652 5110652 1940652 7310652 5110560 5110560 7310266 7310877 7310877 5110560 5110004 1940973 1940973 1940652 1940652 5110004 6270652 7310652 1940652 1940652 7310652 1940652 7310371 1940652 1940652 6270652 7310652 5110004 5110560 6270652 5110560 7310652 1940652 1940652 7310829 5110560 7310829 7310371 1940652 5110004 6270652 1940652 5110004 6270652 5110004 7310652 5110004 5110560 5110560 5110004 6270652 1940652 1940652 7310371 7310877 5110004 7310471 7310471 7310652 5110652 1940652 1940652 7310371 1940652 5110560
3730646 9710857 9710770 9710770 9710772 6760857 8190646 9710200 9710772 9710772 3470752 3470772 3470772 3730519 5370743 3470857 3700422 8190888 8190646 3471023 2760580 2760924 3470752 7790516 2760770 2760371 3700519 730880 730741 3230422 9710422 3700857 3700857 9710741 9710422 9711002 9710422 7790894 2761007 2760043 7790770 9710923 3470043 5231023 2760964 3470043 8190894 8190519 9710930 9710371 9710770 8710857 8190071 9350560 7790770 730752 3700770 3470752 7790741 8190043 7790857 2760741 730888 9710414 3470580 8870741 730772 7790752 5370772 3730043 3731023 3730646 3730646 3730993 8190043 8190888 8710857 5370043 3470043 5370043 7790857 7790580 3470043 3730646 4630580 3950043 3730646 3730646 3700741 9710371 9710743 9710864 9710043 7790770 7790888 3731023 3731023 1760973 4630200 4630200 4630580 2760857 8190937 9710422 9710205 7790937 7790841 7790937 7790841 3470205 9710772 730770 9710371 7790741 9710864 7790888 7790857 2760006 230872 3470752 2760770 4630580 3730004 4630200 3731010 7790841 7980973 2760857 2760857 8710857 3470752 730422 9710741 730741
7790857 3470987 9710857 9710857 9710782 8190071 2370973 1031010 1031010 1760973 730880 9040580 2760964 2760857 1760973 1760973 1760973 250200 8190964 3731010 3731010 3730004 9350741 9350560 8710770 9710752 8190960 9710770 3470743 9710969 730071 8711023 5370371 7790857 3470894 8190741 3470200 8190560 7790743 7790580 7790913 7790937 7790937 9710422 3470200 9710496 2760960 3730519 3730519 3730241 3731002 5370741 2760770 3730519 3731010 3730646 5231023 9710200 7790580 3470043 7790857 3470857 7790841 9040857 9040580 3470987 3470580 8190752 3950960 3950960 9040580 7790752 3471023 7790770 3471023 9040580 8870741 9040580 3950960 8870580 7790580 7790580 7790857 7790937 7790580 7790580 7790580 9040857 8190913 7790857 9040857 4880973 5370071 730857 2760857 7790580 8190770 7790752 3471023 5370930 8190519 8190960 8190752 8190960 3470200 8870580 8190752 9040580 8190960 8190770 7790770 9710580 7790580 8870741 8190371 3730928 7980973 3730928 2760770 9710743 3470580 7790841 8190913 8190043 3470200 9710770 3470200 9710752 7790752 3470200 8190960 8190770 7790857 3470857 5370071 9711023 3470200 8190888 3950043 8190937 8190772 7790937 8190930 8190888 8190937 9350888 9040857 3470200 9710200 8190687 3700857 8190752 7790371 8190519 8190888 9040857 8190913 8190646 8190071 9040857 8190043 8190770 8190942 3250857 8190043 9350741 9710930 2760924 8870043 8870741 3700770 3470200 9710200 1760973 1031010 1760973 3730519 8190937 730857 9711002 3730004 1760973 1760973 1760973 8190752 8190888 8190071 8190964 7790857 2760964 7790857 9040857 8190894 8190894 3731002 1760973 1760973 8191023 8191023 2760580 7790894 2760580 5370580 5370580 8190519 5370580 8870580 7790857 9350580 8190752 730752 730888 2760857 3730519 8190896 8190519 8190646 8190894 8190913 3470857 4720857 9040857 7790857
8190519 5370930 5370930 5370580 8190519 5370580 7790580 8190519 8190973 8870580 8190519 7790857 2760580 7790857 7790519 2760646 8190519 4630580 1760973 3731002 7790857 8190913 8190519 8190973 3950043 8190519 3730043 8190930 4630928 8190646 7790857 8870580 7790580 7790857 7790857 7790580 7790857 7790857 8190913 7790857 7790857 7790870 5370930 8191023 8190519 8190913 8190043 3950043 8191023 8190519 8190519 7790857 7790857 5370580 8190519 7790857 8190519 8190519 8190519 7790580 5370580 8870580 7790870 5370580 8190519 2760857 3250857 8190942 3730004 3731002 3731023 9711023 3470200 7790371 5370743 7980973 3731002 3730004 3730004 3250857 8190960 3700857 8190752 9040043 3950043 8190913 8190071 9710043 8190770 8190888 8190888 7790857 7790888 7790743 7790857 7790857 7790857 8190043 8190888 7790913 7790743 7790857 7790964 7790964 8190964 8190043 4630928 8190646 3470857 3950960 7790857 7790913 7790913 3470743 8190071 7790937 7790841 7790752 3471023 9711002 9710864 9710414 9710743 9710580 9710743 9710414 3470580 3700741 9710414 2760741 2760371 2760770 730371 2760857 2760743 9710872 9710580 9710371 3470894 9710414 730371 730770 8190896 730964 730741 730964 8190913 4720200 7790894 7790841 7790772 7790772 7790913 7790913 9710200 9710371 9710519 3470743 3470987 9710782 9710743 3470200 8190071 7090973 8190752 2760770 2080770 9710770 9710043 3470743 9710496 9710496 9710770 1760973 3730646 3730241 8190973
9710496 7790937 2760928 2760770 9710770 9710864 8190752 2760857 2760857 5370071 8190964 2760857 3470200 9711023 4040200 9710741 2760770 9710414 2760580 3730004 2760857 8190894 2761007 2761007 9710770 2760770 3470200 7790743 7790371 9710741 9710580 9710872 9710043 9710371 9710519 3470205 8190519 3700519 9350560 2760930 5370930 9710923 8870580 9710923 910857 3470987 9711023 3470200 3950960 9040857 9040857 8190741 3471023 3471023 7790857 7790857 8190043 8190913 8190770 8190752 9040857 8190960 8190560 8190969 9040857 8190741 2760857 9711023 9350043 9350741 2760857 9350043 9710864 2760857 2760857 2760857 2760857 2760414 2760743 2760857 5370043 9711023 8190371 8190043 8190741 3950960 7790857 8190937 9040857 8190560 3950371 9040857 8190741 9350043 8190043 9350880 8190752 3470857 3250857 9710857 3700857 9350741 8190752 3470200 8190894 8190043 3470200 8190043 8190043 9710857 3470857 8190894 9350043 9040857 3470200 8190043 8190043 8190937 3470857 8190646 8190741 3250857 9350043 8190741 8190888 8190741 8190560 2760857 8190741 8190913 8190937 9040857 8190560 8190913 8190913 8190560 8190560 9040857 8190896 8190646 8190894 8190741 2760857 1030638 2370973 3730004 3730004 3730004 3730004 9710872 9711023 3730004 3730004 8190371 9710043 730371 3470857 9711023 9040857 3470857 8190560 8190741 9710414 9710741 8790857 8870560 3700770 9710770 2760770 730964 730752 3470200 2760894 2760960 3950371 3470200 7790857 7790857 4720200 4720544 7790857 3950043 7790580 7790857 7790857 8870043 7790937 3470200 3950043 2760964 8711023 2760071 9710741 8711023 3470200 9710920 1031010 3730004 3730004 8190741 9710205 7790741 9710496 8870741 8870560 3470205 8190770 9711023 3470200 8190752 8190071 9710770 9710519 2760894 8870924 9710519 9710519 9710752 3470580 8870560
8870580 730580 730741 2760770 2760857 1760973 7090973 8190964 8190888 3470752 9710496 3470043 9710646 730043 730071 9710741 2760928 8870580 9710770 8710770 8710857 9710743 8190071 8190071 8190964 9710857 9710864 2760872 2760371 7790857 9040772 2760894 9710857 8190741 7790894 9040857 2760857 8190519 7790770 5370930 1760973 5370071 8711023 730071 9710770 8190960 9350743 9710857 8190964 9710071 8190770 4630857 4630928 9710920 5370580 730857 9710200 8870741 730071 3470200 9040969 3470752 3700580 2760043 7790841 7790937 8711023 9710071 9710930 9350880 9710770 9710205 9710969 7790741 9710872 3470205 2760560 3470205 3470205 3700422 9710930 4720857 3731010 3730004 7090973 9040580 9040580 7790371 7790857 8190913 8190043 8190930 8190973 8190741 2760741 5370741 5370741 2760924 2760006 2760872 8190371 7790371 7790857 7790857 7790857 3950371 7790371 7790857 7790371 8190371 7790937 7790857 7790741 7790580 7790937
2760371 2760857 2760857 2760857 2760741 2760894 7790519 2760924 7790964 2760414 2760960 2760928 7790743 8870870 2760928 8871007 2760741 730646 8870870 2760928 8870870 2760928 8870870 3700519 2760928 2760928 9350888 2760960 8870741 2760770 2760752 8870741 2760928 9710519 2760960 2760857 2760928 8710770 2760770 9710519 9710496 8870741 2760930 1030993 2760930 2760741 2760371 2760770 2760770 2760969 2760969 2760928 2760969 2760770 2760743 2760371 2760857 2760857 2760894 2760857 3470200 7790894 5370741 2760857 2760741 8190741 5370371 2760857 9350741 8870870 2760646 2760646 2760960 2760770 8190752 2760752 3700519 5370743 5370741 2760752 730870 730857 730964 2760928 9350741 9350752 730752 6660930 730870 730071 2760741 730519 2760371 730519 9710496 730560 9350741 9710923 2760857 2760969 2760857 5231023 1760973 3730004 3731002 3730993 9350924 2760857 4990857 8711023 9350930 2760857 7980973 730857 230857 9350880 9350888 730752 730812 2760580 2760752 2760772 2760894 2760894 2760752 2760752 730770 730924 730969 2760964 2760580 2760857 2760371 2760580 2760414 730770 2760741 2760924 9350741 2760743 9350741 230872 2760006 9350071 2760071 2760071 9350752 2760752 730870 5370841 730870 2760930 2760857 2760071 9350888 2760741 2760969 5231023 2760580 2760770 2760857 9350071 2760752 730200 2760422 2760928 2760741 730371 2760969 2760969 2760928 9350888 9350580 2760580 2760741 6660043 6660043 730580 2760580 730212 2760741 2760770 5370071 9350888 9350580 730580 2760580 2760857 2760580 2760580 2760580 730857 730519 2760964 2760894 9711002 5231023 3470772 8710857
7790770 7790770 5370071 9710496 2760770 9711023 3470200 3730043 3730043 8190772 8191023 8190752 2760857 8870580 9710752 2760930 2760752 9350580 6660930 2760043 2760043 9350043 9350043 5370741 9350043 730580 9350930 9350752 9350560 2760928 2760580 2760857 2760857 730752 2760960 2760928 8190960 8190071 730752 730043 2760960 2760770 6660043 730752 730930 730770 2760930 730772 6660043 730743 730043 730752 2760960 730580 730770 2760770 9710043 9350752 3730004 3730004 3730004 730560 730870 730580 730580 730964 730580 730964 730743 730857 8871007 730770 730752 730770 2760071 9710743 2760928 2760928 3730004 730580 9350580 9710580 9350580 9350043 730770 730969 2760752 7980973 5370043 9350043 5370580 9350043 730200 730200 2760752 2760960 2760928 8190519 2760857 6760857 8190741 2760857 2760930 2760857 6660043 2760741 9350043 9350043 3730043 3730004 6350857 3730004 3730004 8190964 8190888 9350071 9350580 9350924 2760741 730580 730580 2760928 9350043 6660043 9350043 6660043 2760857 3730004 3730004 3730004 3730241 8190960 730930 731007 5370741 730770 730043 730969 730964 730743 9350043 9350741 9350752 6660043 730043 6660043 9350043 730857 9350043 9350114 2760930 2760930 9350930 9350043 9350043 9350560 8190770 7980973 9350700 2760857 2760960 730964 9710200 9710496 9711002 9350888 2760741 5370200 9350700 9350043 9350071 2760857 9350560 5231023 2760969 2760857 730743 9350741 5370743 9710200 2760969 9350043 8190772 9350880 230857 2760371 2760857 2760857 2760930 2760857 8190894 8190964 3250857 2760772 2760741 2760741 5370930 8190930 5370841 8190071 8190071 8711023 3950960 8190043 8190964 6760857 2760752 2760414 2760930 9710371 2760371 2760770 9350752 9350930 9350071 9350580 3730004 6760857
9710782 230872 7790752 5231023 2760071 8190960 3730004 1760973 730924 730770 730888 2760964 2760043 2760580 2760752 8190960 8190969 8190969 730200 730969 730741 5370071 8190913 5231023 2760043 230872 2760857 2760857 2760924 7790752 2760371 7790770 7790964 8190888 7790841 7790969 730580 730964 730964 2760580 2760964 7790043 7790743 2760580 2760894 8711023 730519 9040969 9350071 3730004 8190973 8190371 9350741 730924 9710519 9711023 8190969 9710864 9350752 9710752 9350880 3700519 730422 8870043 8190519 9710782 8190752 8190371 9710923 3930519 8190770 8190969 8190752 9350924 730964 3470422 730560 5370841 8190888 3470200 2760857 9710422 2760741 5231023 2760414 7790741 9710770 3470580 7790841 730371 2760872 7790580 7790741 8190937 8190687 8870741 7790857 7790937 7790371 3950371 3950043 730924 8190960 8190043 8190071 8870424 7980973 8190752 8190960 730857 230872 2760071 2760414 730371 8870424 5370741 730043 730741 9710200 7790371 7790937 8870741 8190741 730880 8870580 9350114 730743 9350043 730371 730928 8870870 730071 730928 2760580 730371 2760580 730646 730212 730880 730580 8870580 9350580 9350580 9350580 730071 730857 730770 9350071 9350071 9350071 730560 2760043 730857 5370071 2760928 2760422 730646 731007 2761007 3470200 730928 730741 730770 3470200 2760371 8870043 4720200 2761007 730741 2760872 2760371 7790687 8870424 7790857 730741 2760969 2760924 730924 2760924 730924 9350930 730741 2760857 730924 730812 8870580 8190071 2760580
9040969 9710741 8870741 2760646 3730519 2760857 2760930 730770 730752 2760043 2760752 5370743 5370071 3950960 7790937 7790937 3470200 3470200 2760964 730924 2760043 2760422 3730519 3730004 8190752 730770 730560 730071 9710782 9710770 8870870 5370071 2760422 730870 2760857 8190888 2760857 2760752 7790770 9710519 2760928 2760928 9711002 730580 8870043 2760857 6660043 6660043 2760857 1760973 8190888 2760371 730371 730741 730924 730043 8870043 3730043 3730043 3730646 5370043 3230422 2760770 2760043 8190930 8190930 8190960 8190043 8711023 7790857 9710857 3470752 3470200 9040857 2760580 6660043 5370743 8870580 8871007 2760743 9040580 3950960 8870043 3470580 731007 8870870 9040969 3700741 4630580 1030993 8871007 2760857 2760930 2760071 8870741 730812 3470580 2760006 8870580 7790770 3700741 8870560 2760071 2761007 8190829 7790857 9711023 7790770 2080770 7790888 7790913 3950960
7790888 3700519 2760580 7790888 8870043 9350646 9350930 3731002 9350930 730930 730422 2760422 730071 730924 730743 3700422 9710371 9350580 2760928 8870580 3950371 7790913 7790937 9040043 7790913 7790937 7790516 730519 3950043 9710923 2760414 7090973 730741 8870580 9710580 2760960 2760752 2760770 7790841 8190071 2760857 9350071 3700580 8190888 8190071 3470200 3470743 9350646 910857 3470200 8870043 8190770 3730004 730857 730857 730857 730930 5370930 730857 730930 730200 9350930 730200 730371 730071 9350930 730857 730519 2760741 730580 730519 8871007 2760928 8870580 2761007 8870580 2760928 730928 730580 2761007 730560 730812 2760752 730880 8870580 2760928 730928 2761007 730560 5370741 2760580 730560 8870043 8870580 730371 7790841 3950371 7790937 7790687 7790770 7790580 2760964 7790687 7790841 7790743 7790888 7790937 9040580 7790913 7790741 7790770 8870741 7790964 7790857 7790857 7790937 7790913 7790913 5370071 7790857 8870580 7790857 7790857 7790937 7790857 7790857 7790857 7790841 7790841 7790913 7790841 7790913 7790857 730580 730580 730924 9710872 1030993 1030993 1030646 1031010 1030993 1030993 5371023 9350880 9710923 730071 3731002 3731002 2760071 2760741 2760752 2760924 2760646 2760071 7790937 7790937 7790913 7790937 7790841 7790937 7790687 7790913 7790913 7790913 7790841 7790913
8870772 2760043 730371 730857 6660043 730857 730200 730371 730857 9350880 730928 730371 730928 9350924 8870580 9350580 730880 9350580 9350580 9350580 730928 9710200 9350580 6660930 730928 6660930 730752 730770 730857 730928 9350924 730071 730928 2760960 730770 730752 6660043 730200 730928 6660043 730752 730743 9350741 730043 730200 9350752 9350752 730752 6660930 730930 730857 730857 730857 730857 730857 9350580 730857 730857 5370580 730812 9350924 730371 730857 730924 2760580 730580 9350888 730741 730580 8870580 9350580 9350930 730930 730741 9350700 730857 730857 730857 730857 730752 730857 730857 730857 730857 9350752 9350043 9350765 3250857 730857 730580 8870424 730580 730928 8870580 730857 730928 730752 730857 730580 730857 730928 730752 8190930 9350580 2760580 730646 9350752 730857 2760857 9350580 730928 7790857 730560 730071 8190560 5370043 730857 6660043 2760043 730924 730752 730770 730752 2760872 730200 730043 730519 730071 730043 730743 8870043 9350700 8871007 730924 730857 730371 7790580 2760857 2760043 2760857 730741 9350646 730857 8190560 9350043 8190913 4720200 8871007 8870580 2760857 8870043 730043 8870043 8870043 730043 2760964 1031010 8870043 2760741 8190960 3730004 3730004 3730004 3730004 7090973 3730004 3730004 3730004 3730004 3730004 3730004 3730004 730857 730770 8870580 7980973 730770 730928 730857 730964 2760560 7790841 8190752 3730200 1760973 5370580 8190071 8790857 9710782 5370580 5370580 730857 730743 9710930 730888 3250857 4720200 8870424 8871007 730812 730812 7980973 7980973 2370973 3731023 3731023 3730004 3730004 3730004 2760752 3470205 2760930 730870 2760071 2760071 9710772 3731023 3730004 6760857 8710857 9710422 2760071 3730004 3730004 3730646 3730004 3730004 7090973 3950043 8190942 230872 2760071 2760071 2760071 2760560 2760928 2760743 2760928 2760928 5231023 2760006 9710519 7790870 9040857 7790894 730580 8870580 5370580
2760071 7090973 2760646 730212 9040043 3470743 2760741 7790741 730928 730580 730928 8870580 3700580 8870580 3470857 9710646 730752 9710519 7790894 5370043 8870580 7790580 3700205 3700205 3700205 3230422 3700580 3700205 3470422 3700422 730580 730580 730580 7790580 7790687 7790964 7790894 730880 730880 8870580 7790580 730928 730880 730928 730928 9350741 8190560 7790857 7790894 9710741 9710872 731007 730422 8870772 2760043 2760043 2760580 7790580 7790841 7790964 7790964 7790841 7790741 9710741 3470580 9710006 9710414 9710414 3930519 3930519 3930519 3930519 730371 730752 730870 730741 9350741 2760969 730200 730870 730928 3230422 3230422 730741 730870 730857 730752 730580 730580 2760928 730969 730928 730646 730580 8870043 8870580 8870424 8870580 9040580 9710205 3470200 3470200 8870043 730560 7790857 8190560 2760741 2760743 3470414 9710414 3470414 730964 731007 730519 730200 8190930 2760964 9710519 7790888 3470987
9040969 7790371 7790580 7790371 8870560 7790741 7790371 7790371 8870741 910519 730071 730969 3470580 9710969 3470580 3470422 3700205 8870560 6660043 2760960 9710770 9710422 8870560 730812 3470205 8870741 9710422 9040043 3470894 9040580 8870580 9040580 8870741 3700741 8870741 8870560 9040969 3950371 8190043 8870741 9710864 8190973 9040969 8870741 8870560 7790741 9040043 7790937 7790969 7790969 9040580 7790841 7790969 7790913 7790841 9040580 9040580 3950043 7790964 2760770 730880 3930961 730560 730422 730928 730519 730928 2760560 730519 3700519 9710752 730646 730580 730560 730519 2760043 2760371 2760930 2760924 3230422 730870 8870422 730580 7790841 3470200 2760422 3700422 9710422 9710006 9710371 9040580 9710422 8870580 2760560 8870580 9710580 2760743 2760741 2760770 2760752 7790752 3470987 7790937 2760043 7790516 8190894 9710422 9710741 8711023 3730004 8190960 9350071 5231023 2761007 4720200 2760960 9710920 9040580 3731002 250200 2760857 2760743 2760071 2760071 2760071 2760924 7790770 7790937 7790888 7790888 7790937 9040580 8870580 7790937 8870580 730928 910928 730928 7790841 730741 730752 230872 230872 2760930 2760857 2760741 8870560 3700580 9710422 730857 730580 730857 730857 8870580 8870580 8870580 7790580 8870043 8870043 8870580 4720857 730857 3230422 730870 2761007 8710770 730043
9710752 9710496 3470200 9710770 9710752 8710770 9710743 3470200 9350888 9710371 7790743 9710205 8190937 8190930 8870580 8870870 7790371 9040580 8870741 7790743 7790888 730519 2760741 2760960 8190960 9710857 8190960 8870741 7790857 7790580 730752 730969 2760371 2760371 7790687 8870424 7790841 7790841 8870741 8870043 730880 8870043 8870424 8870424 7790741 8870424 2760071 9710782 9350930 3250857 8190930 9350743 8870560 8870580 2760928 9710770 8870580 9710422 9710422 3470200 8190752 3730993 2760857 730071 730928 3700205 9350071 3250857 8190894 9350880 3250857 9711023 8870043 7790937 8870560 8870424 7790770 7790841 7790888 7790857 2760857 7790752 2760752 9711023 7790841 2760969 7790371 9711023 7790913 8190752 7790857 7790937 9040043 7790841 8190913 8190519 7790857 3700857 8870741 8870870 8870870 7790841 8190894 8870560 8870560 8870560 3700205 8870424 3470414 8870560 8870424 3470200 8870560 7790841 8870560 2760857 9040857 8190560 9040857 9040580 3700205 8870741 730924 2760741 8870741 8870043 9710043 730371 8870870 730560 8190371 2760560 8870924 730560 8870741 8870741 8870741 8870924 8870741 8870741 9350114 8190888 2760928 2760741 2760560 3470422 8870741 9040043 3470200 8870741 8190043 8870560 8870924 8870741 3470422 5370877 5370043 8190741 8870741 7790969
5370071 730422 9350752 6660043 730752 2760071 6660930 730930 6660930 4990857 9350930 8190371 9350646 7790841 7790841 7790937 8870580 8870422 2760422 730646 8870580 6660043 730212 730422 730928 730870 6660043 730200 6660043 9350580 730422 9350580 730422 9350580 9350580 730200 730580 730928 730371 730519 5370071 730580 9350580 2760960 730580 730870 731007 6660043 730928 2760580 8870424 8870580 8870424 2760770 730870 730857 730857 4990857 9350924 9350888 9350580 9350580 5370580 8870580 8870424 2761007 7790580 2761007 2760741 731007 9710519 9710496 7790743 2760743 2760414 2760894 2760071 2760071 2760964 3700519 2760371 2760930 2760741 2760924 7790913 2760560 730371 730580 2760371 2760580 2760580 2760741 7790743 7790580 2760872 7790841 7790937 2760857 8870580 730580 7790580 2760646 2760928 8870580 7790841 5370580 7790580 730371 730743 7790857 7790857 7790937 2760646 730969 730741 3930519 3930519 4040200 730857 730857 9711002 2761007 9710519 730857 730212 9350580 730422 730857 6660930 6660930 730580 730200 730200 9350930 730969 730969 2760580 9350043 2760969 730580 2760928 730870 730519 730371 2761007 730371 2760969 730200 2760924 730580
6660930 730928 2760928 730928 2761007 3230422 730200 2760928 8870580 8870580 8870580 5370371 2760741 9350743 9350888 2760857 2760772 2760857 730422 730580 730422 730560 2760422 730560 8711023 730888 730969 730743 730743 730857 730924 4720857 8190894 7790857 2760930 2760857 2760857 5231023 9350741 9710930 3470857 9711002 9710043 3470580 2760772 5370043 7790519 730212 730770 730961 8870580 7090973 7090973 8190973 3950371 7790937 2760857 8190519 8190687 3730004 7090973 9710864 3731010 3731010 3731010 3730646 7090973 7090973 7790857 3471023 7790770 7790752 2760960 7790580 7790752 730928 7790913 2760770 7790741 2760414 2760960 2760414 2760857 2760857 2760857 2760857 9710519 2760071 2760857 7790857 7790888 7090973 730043 2760752 2760560 2760960 2760741 2760741 9710646 730043 730580 730071 730770 9711002 730043 730519 730646 2760857 2760071 9710519 7790743 9040043 7790770 7790743 7790888 3471023 9040857 7090973 7090973 7090973 7090973 7090973 7090973 7090973 730752 7090973 1030993 2760857 2760743 7790580 730964 730772 730772 7790743 7790687 2760964 1030993 2760772 5370580 730772 8870580 7790857 7790857 7790857 7790857 730043 2760772 2760646 7790519 7790519 2760924 730043 2760006 730580 5370729 730961 3930961 3470422 8870741 730580 2760772 730646 5370743 5370580 250200 1030993 2760964 2760964 8190964 2760964 6660930 9350930 730580 730580 7790580 7790580 7790743 2760071 8190071 730928
2760560 3470422 3731002 2760857 2760857 2760964 7790743 7790964 7790888 7790741 2760646 2760043 730741 2760928 2760928 2760371 7980973 230857 730888 730857 230857 7980973 8190752 2760930 2760857 8190964 8190772 8190519 4630580 7090973 7090973 8190964 2760043 730071 730580 731007 3230422 730880 3230422 3230422 3470772 9710043 3730004 3731010 7090973 7090973 3470857 3700741 3700205 730371 730212 7790043 9710043 2760043 2760043 2760770 2760043 3470043 7790894 9040043 8870043 9710043 730212 2760071 2760857 9350930 9350930 2760770 3730004 8190930 3730004 8870043 6660043 730200 730422 2760580 8870580 2760646 4630580 4630200 4630928 8190770 7790857 2760857 7790857 230872 230872 9710864 9710519 2760006 2760043 7790743 730752 7790580 2760964 7790580 2760964 2760964 7790894 2760924 3470414 9710923 3700519 8870043 7790741 3731002 8190930 7790841 3930961 910928 910928 910928 910928 9040969 9040857 8870924 8870043 730043 7790913 8870580 9040580 8870741 8870043 730857 5370580 730857 9350043 730857 730371 6660930 730930 730857 730580 730212 730580 6660043 730560 6660930 730200 730580 6660043 730580 2760580 2760857 9350580 9350580 730560 8870580 730741 9710200 9350743 730888 9350888 8870043 8190043 7790580 7790841 7790841 8871007 7790937 2760741 730857 730928 730770 9710580 730812 7790964 9710043 7790964 3700857 3700770 910857
2760743 2760930 2760928 2760928 7790371 2760646 730969 730857 8711023 3730043 3730043 3730004 1030993 2760043 2760930 2760043 2760414 2760371 2760924 2760872 7790743 7790888 3230422 2760043 6660043 8870580 3470580 8190913 8190960 9711023 3470894 3470924 7790841 7790841 7790857 7790857 4990857 7790870 2760043 730519 730812 3230422 730560 730928 730857 8190973 9710857 9710371 2760969 730071 7980973 230857 2760924 3730004 1760973 4630200 8190043 3470205 2760371 2760770 9040043 7790841 7790752 2760752 2760422 2760071 2760371 2760928 6660043 9350580 2760043 2760006 7790841 8190770 8190646 7790580 9350114 9710414 730741 9350580 730043 730212 730924 730371 730212 730880 730212 2761007 2760580 8871007 2760580 8870422 2760580 2760006 2760857 9350043 8190043 5370043 5370741 8190519 7790857 2760857 2760741 2760043 3731010 3730004 730930 730580 2760580 2760422 2760580 2760743 8190772 3930519 2760043 2760414 2760741 230872 2760371 2761007 7790743 5370930 730646 2760414 2760741 2761007 2760960 2760960 2760960 2760960 2760960 2760960 2760928 2760770 2760928 3470752 3470752 2760743 3730043 9350880 730888 730519 730888 2760580 2760743 2760743 7790371 3930519 3930519 730969 730519 2760043 730519 2760422 3250857 9350924 9710857 9040857 230872 2760043 2760560 2760422 2760741 7790371 7790743 7790937 5370043 5370841 730212 730212 730880 2760741 2760960 2760928 2760043 2760752 7790841 3471023 8190071 3950960 2760741 7790371 7790964 2760560 2760924 2760924 7790937 8870741 3700580 8870741 8190371
2760752 7790857 9350888 9350560 9350071 2760071 9710200 2760770 8190770 8190888 3470580 9350043 3700580 9350741 2760969 5370743 2760857 2760857 7790857 730071 8870580 8870422 7790580 2760580 7790580 2760964 7980973 2760422 8190888 2760857 7790857 2760857 5370200 5370200 8870580 9350930 6660930 2760928 7790841 9350743 7790857 730924 7790969 7790937 7790913 9710006 9710872 7790937 730930 9350043 8870580 8870580 3470200 9350580 730580 2760371 2760371 730870 4990857 730930 730580 6660930 730422 9350930 730857 6660930 2760741 9350880 9350580 8870580 3250857 2760924 9350580 3700857 7790937 8190043 3470752 2080770 3470752 9710920 9710646 8711023 3470987 5370071 8190371 9710205 7790888 3470205 8190043 8190371 3470200 3470043 8190888 6660930 2760928 2760772 2760930 230872 9711002 8870580 2760371 8870580 5231023 9710200 2760371 2760741 7790371 9040043 7790937
9710857 9350880 8190973 9350752 2760043 3470924 2760560 730422 9350743 7790888 2760772 2760964 730071 3470743 9710071 2760043 3470743 9710782 7790964 9710043 8190770 730770 9710864 8190752 8190371 8190071 4630928 8190560 7790857 7790841 7790913 9710920 9710770 3470752 3470752 730888 9710043 9710752 9710770 9350888 2761007 3730241 8190964 8190894 2760414 9040857 7090973 3470743 730560 8710857 9710782 3470580 9710071 9710743 9710414 8190894 8190772 8190772 8190772 8190752 7090973 7090973 8190071 9040580 3700857 3700770 8190519 8190894 9710422 7790752 2760743 2760930 8711023 3470743 7790743 2760071 3470043 8190894 3470043 2760043 9710920 2760043 8190043 8190043 8190964 3950043 8190043 3470857 3470857 9710414 9710422 7790913
8870422 730928 730422 730371 730928 730580 730857 730857 730200 730857 9350580 730870 730200 730422 730870 5370580 730870 730857 730928 5370741 730743 8871007 2760646 8870424 7790743 7790841 8190043 730870 730200 2760969 730043 7790969 9040043 8870580 8870580 8870580 730870 2760969 8870741 7790580 7790516 8870580 2760580 2760580 730580 730580 8870580 8870580 9710580 9710857 9710857 2760741 2760741 2760043 5370580 6660043 730928 2760580 2760043 8870580 2760043 8870043 2760071 7790752 8190519 8190770 7090973 4630857 8190646 730043 2760928 730741 730580 2761007 731007 730870 2760043 2760043 230872 2760872 9710043 7790743 7790752 8190896 9710864 2760422 6660043 730646 9040580 7790752 730743 2080770 3470752 7790913 3470580 730212 2760422 5370580 2760580 2760770 9711023 2760752 3470752 2760857 3471023 7790770 7790043 8870043 9350741 6660043 9350646 730857 6660043 730928 730580 730964 6660043 6660043 730580 6660043 730580 730930 730928 730580 730880 730043 730200 730812 2760857 8870424 730870 8871007 9350560 9350580 8870580 8870580 8870580 8870580 8870580 8870580 730928 2760928 9350580 2760857 2760580 730770 730924 1030993 9350043 8870580 7790870 3700519 7790937 7790857 8190930 8190519 7790857 9040580 9040969 9040969 7090973 3730004 2760930 9350924 2760560 2760741 8190964 4630580 3470857 2760043 2760006 2760560 730646
7790857 3470200 8870741 8870741 8870043 3950043 7790937 7090973 7090973 2760772 2760752 9710864 230872 2760071 6660043 6660043 2760071 2760560 2760071 8190519 3730004 3731010 8190772 8190560 8190560 2760560 2760857 2760857 2760857 7790519 3731010 3731010 8190371 8190371 3470580 2760646 2760872 7790770 5370043 2760894 7790752 7790913 7790841 7790741 9710930 3700205 8870870 9710205 8190888 6660930 730924 6660043 730200 730857 730580 730371 730857 730200 730857 730043 730857 730857 730043 730043 730857 9350741 9350071 730212 730741 730969 9350580 6660043 6660930 730200 730752 730043 730200 730880 3230422 730580 730770 730422 2760752 5370741 2760741 7980973 9350752 5370580 7790580 7790937 9040580 7790937 7790937 7790937 7790937 7790913 730043 2760741 3470414 2760770 2760770 2760857 1031010 1031010 1030993 2760857 2760560 2760422 730812 2760770 8190772 8190894 7790964 7790964 3470743 9710006 9710872 8190071 8190964 3950371 8870741 7790741 2760930 3470043 3700422 6660930 6660930 2760894 5370043 2760928 730212 730646 730928 730969 8870580 730560 9350580 5370829 730857 8870870 730519 8190964 8190519 3700857 9350560 730560 730928 8870741 8190913 7090973 730043 730752 3730004 2760928 7790580 8190930 2760857 3730928 8190646 8871007 730870 3470580 7790888 730212 730212 730857 730580 730870 3700580 7790841 9040580
7790519 7790752 9710414 730741 6660930 2760772 2760741 2760741 2760928 2760928 2760928 9040043 5370043 9710923 4630580 730043 7790772 7790964 6660043 2760422 2760043 2760043 7790964 7790043 7790937 730043 730043 7790772 730043 730961 9040857 8190043 730770 731007 2761007 2760857 4630580 8870422 731007 730969 3700580 3700205 7090973 4630928 4630928 4630928 4630928 7090973 730212 3700422 3700741 3470205 2760857 2760857 2760646 2760646 7790937 2760580 2760646 7790770 7790580 7790841 5370043 7790580 7790580 7790841 7790857 2760930 8711023 2760770 3730004 1940973 7980973 9350043 2760930 2760930 9710205 2760646 2760071 2760743 3700205 3230422 8870580 8870741 7790937 7790937 7790371 7790841 7790937 3470205 9710969 9710741 3731010 3470205 2760580 2760371 730580 2760741 730928 730371 9350560 730071 7980973 3730004 3730004 8190973 3730200 3731010 3731010 3731010 6760857 6660930 7790580 9710864 7790371 9350043 8870924 730646 730371 8871007 3730646 8190043 9350043 9350646 9350043 5370043 9350580 6660930 730741 730857 7980973 6660930 730200 730200 730371 5370580 6660043 5370043 730928 730812 730741 730580 730200 730857 730812 730422 730560 730560 730928 9350580 730071 730924 730741 8870580 8871007 9350580 9350646 8871007 8871007 730646 3700580 9350743 730812 8870870 3700580 8870580 8870580 8870424 8870580 8870580 9040580 8870580 7790752 8870560 3470200 9040580 7790937 9040580 2760043 730857 2760580 5370580 8870580 3731002 3731002
2760743 9710519 9040580 2760872 2760872 2760371 7790964 2760006 3470772 7790841 7790937 8190371 8711023 9710857 2080770 3470743 4040200 9710371 9710043 2760560 9350560 5370580 5370841 5231023 730857 6660043 730857 6660930 6660930 2761007 6660930 730580 730857 730200 5370930 730857 730200 730969 5370580 9350580 730870 730580 9350580 730200 730928 5370580 730580 9350580 730857 730422 9350752 9350043 5370580 730580 730580 730928 730200 6660043 730969 730043 8870424 8870043 730043 9350560 730969 730857 9710043 9350924 730772 2760772 2760560 2760857 2760646 2760857 9350560 9710519 8870422 3470043 3470580 7790937 9040580 8870580 8870580 8870580 9350924 5370580 8870580 730200 730857 730580 730200 730857 730857 730200 730857 8870424 730857 730580 730857 730930 730043 730857 730200 5370930 730200 730857 9350930 730422 730200 730857 5370930 730200 730857 730870 730857 730930 730870 730200 730200 730857 730580 2760580 730200 730200 9350580 9350752 6660930 5370743 9350071 7980973 7980973 4990857 7980973 7980973 4990857 9350580 9350043 730857 9350043 730857 730857 9710200 2760043 730043 6660043 2760741 6660043 6660043 730743 8190964 5370371 9710006 6660043 730880 730560 730043 9350043 9350930 9350043 730043 8870422 8870580 730212 8870924 8870424 2760580 2760422 2760422 2760422 2760772 8870741 9710200 8190519 8870580 2760857 9040043 9350646 730580 9350580 2760857 3230422 730580 730200 8870580 730857 730930 730200 730741 730857 6660930 730200 730857 730928 730928 730928 730200 6660043 731007 730580 730857 730928 4990857 730857 9350580 730857 730857 730928 730580 730880 730580 2760928 730580 730422 2760928 2760580 730857 8870580 8870424 8870580 4720544 730924 730880 8870424 4880973 2760857 2760741 8870741 8870560 2760857 8190560 9040580 8870424 9040043 7790580 7790937
7090973 2760752 3470752 8870580 7790519 7790841 2760894 8190646 7090973 7090973 7090973 4630928 7090973 7090973 7090973 7790857 7790043 7790741 7790741 7790741 7790741 730961 730580 730857 3730004 8190519 8190888 8711023 910928 9350646 2760743 2760857 8191023 8190964 7790964 730071 8190969 8190969 3470743 730772 730772 730772 9710782 9710920 8711023 2760071 8711023 3470743 2760043 8190519 7790741 730961 730043 730770 8870043 9710580 9040043 2760422 2760371 9710205 3700580 3700205 7090973 7090973 7090973 7090973 7090973 7090973 7090973 1760973 3730004 8190770 9350043 9350043 730880 6660043 2760006 730741 730580 730857 6660043 730043 6660043 6660043 6660043 6660043 730870 6660930 730870 730200 4990857 730371 9350888 730580 730752 730928 730200 2761007 730743 6660043 730870 730646 7790752 2761007 8870580 5370043 910928 7790841 7790841 8870560 8870580 8870043 8190913 8190960 7790580 3470580 3470743 3730004 8190888 3730646 8190888 5370743 2760857 2760743 3470200 8190896 3730004 3730004 3730004 7090973 8190896 8190894 3950043 730928 730646 730969 730969 730969 730961 730752 3700770 9710414 7790913 7790937 7790857 7790857 8870580 730928 8870043 730857 730857 730857 8870580 9350741 9350580 6660043 730371 730200 730200 730071 730371 730200 730200 730741 730770 730928 731007 730880 730928 730880 730812 730928 8870772 730928 8870772 730812 3470200 3470200
7790857 7790964 3950960 7790770 7790772 8870772 7790772 2760930 5370930 5370930 2760857 2760857 2760857 2760043 2760857 9710930 2760371 7790371 2760857 8871007 730519 730371 7790371 3731023 3730200 3731002 5370043 9350752 2760043 2760071 5370043 2760043 3730519 4630200 1031010 1760973 1760973 8190043 7790741 5370371 2760580 730928 8190888 9711002 9350888 2760928 1030638 1030993 7980973 2761007 4720200 1030638 7790580 8190519 7790857 5370743 730752 730964 7790752 5370743 5370772 5370371 3730519 3731023 4630857 1760973 3731023 4630200 3731023 8190519 2760857 9710580 7790580 4720857 2760580 2760741 8190964 8190964 8190894 8190896 3700857 8190964 8190894 1031010 1031010 1031010 2761007 8711023 2760894 3470043 7790857 1031010 8190519 8190930 2760857 2760752 2760857 2760071 8190519 8190888 8190960 730200 2760422 7790770 3470200 7790741 2760560 2760741 2761007 2761007 8711023 2760646 1030638 1030638 2760857 8190930 2760928 2760969 7790894 8870924 7790841 7790969 5370043 5370043 7790580 7790580 6660930 730930 6660930 6660930 730857 7980973 5370071 7980973 8190770 2760071 2760960 3730004 1760973 2760857 2760930 4630580 8870043 730969 5370043 9710872 3470924 8870924 9710006 2760857 1030993 2760857 2760857 2760770 2760857 9710930 2760752 3730004 1760973 3730004 3730004 3730043 9350043 9350930 730870 730580 2760857 8190519 3731023 3730004 9350924 3700857 3730043 5370043 9350930 2760930 2760930 9350930 2760857 2760646 8190519 3730646 4630200 4630200 8190772 7790870 8190519 250200 5370043 3730241 1760973 2760930 2760857 9350580 8190519 2760857 7790743 8870043 7790687 3730004 3731023 8190896 8190913 5370043 2760371 9710205 8190752 2760752 8190043 3730004 3730004 8190772 2760857 7790772 9040772 7790937 730200 3731002 3731002 2760580 2760580 2760580 7790937 7790580 8190071 2760930 8790857 730930 730580 8870422 8871007 8190913 9040857 9710422 8870741 9350924
7790371 730560 3470043 7790743 7790580 2760560 7790888 7790888 7790888 7790888 7790857 7790857 7790519 7790743 7790841 7790516 2760743 730752 730752 3730241 2760857 9350114 3470580 2761007 5370741 3470414 9710743 730560 7790770 7790741 7790937 7790741 3470205 7790371 7790937 4720857 9710422 730930 730857 3730004 8190973 9710496 9350646 8190752 8190969 8190969 8710770 8190560 3730004 9710043 730770 4720200 2760857 5370930 5370930 230857 2760371 730743 2760371 3930519 730961 3930519 910519 2760928 6660930 730888 8870580 7790964 2760743 2761007 730560 730928 3470422 7790841 7790937 730928 8870043 9040969 8870741 9040969 9040969 730371 730371 730928 730580 9350930 9350930 9350930 7980973 5370930 730930 7980973 9350930 9350930 5370930 5370930 9350930 5370930 7980973 8190930 9350930
9710930 9710872 8190519 8190772 9710782 8190770 3471023 731007 4720200 9710741 9710741 9710646 3730004 3730004 3730004 8190894 2760857 7790894 8190741 8191023 8190913 8190071 8190894 7790857 9710930 3470752 7790894 9350880 9710414 9711023 8190519 3950960 8190894 8190896 1760973 7090973 1760973 7090973 8190973 8190930 1760973 8190930 1760973 1760973 8190930 2760930 8190043 2761007 7790894 7790964 3470857 8190770 9710930 3470743 8870580 8190071 9040857 3470580 9040580 2760964 2760580 2760872 7790371 8190937 8190888 5370743 8190969 4720200 8870870 5370741 8190960
7790741 730857 2760770 9711002 8870043 7790752 7790894 7790841 8870741 2760043 2760560 9710969 9710969 9040969 9040043 8710770 9710930 9350752 9711023 3470752 8870741 5370580 9350880 5370580 9350580 9350930 730857 9350580 8870424 730646 730752 8711023 9710580 7790964 2760043 2760371 9350043 9350560 7790841 2760371 10110857 2760371 9710519 9710519 7790888 2760930 230857 730371 2760741 7790743 9710741 9710969 9710920 8190896 7790857 3470580 7790841 9350752 9350924 9710770 9710857 3700205 3730928 8190973 9710857 910519 2760964 3930519 9710969 8190770 8190888 7790743 8190770 2080770 3470743 9710205 9710752 9710646 8710857 730969 230872 7790888 730422 3470580 9710580 2760580 9710580 3730004 3730646 4630857 4630580 730519 730043 730580 7980973 730200 730200 730519 730870 8190687 6350857 8190969 8190969 910857 8190752 8190960 2760743 2760580 2760071 7790580 7790888 2760741 7790743 7790857 7790857 4040200 730071 730043 730422 4720857 8190519 2760857 3470987 2760960 7790841 9350880 8190071 3730993 730930 9350888 9350930 4990857 8870580 7790964 730212 730857 730560 730812 2760006
7090973 730857 730969 730930 730043 730930 7790857 8190043 8190043 7090973 7090973 2760930 2760930 7790937 7790770 7090973 2760857 9710770 7790752 2760560 4040200 9710205 3700741 3700205 9040969 9040969 2760414 2760960 7790519 2760872 7790519 9710519 6660930 730772 730519 730928 7790841 7790937 9040969 9040969 2760743 3471023 2760964 6660930 2760422 730880 9710772 7790687 2760964 2760930 2760371 2760043 3470205 2760646 7790841 2760743 7790743 7790743 7790580 2760646 2760646 7790937 7790841 8190969 8870560 9710646 3470752 730961 730519 7790894 7790894 2760924 2760414 6660043 730928 8870424 7790841 6660043 730930 9350930 3731002 9040772 8190071 8190960 2760580 730519 730646 7790969 4040200 9710864 9040969 9040969 6660930 6660930 6660930 730930 730930 9710930 2760928 8190770 8190969 9710414 9710969 2760646 2760772 2760928 2760928 730870 8870580 8190646 2760930 730519 730200 730969 730519 5370580 3730004 1760973 1760973 7090973 8190043 8190071 2760043 2760422 2760580 2760646 2760646 7790870 7790888 7790888 9040969 730646 730646 730646 7790580 7790857 7790519 730200 730371 9350580 730969 8870580 2760741 730870 730870 730646 6660043 2760371 2760646 7790870 3730004 9350880 8190930 8190519 7790752 7790857 8870741 730928 730928
8870580 730812 8870580 3700580 3700580 730770 8870580 8870580 9711002 3700580 3700580 8870580 2760857 2760857 2760857 2760857 730857 730857 8870043 5370743 2760422 5370043 2760857 2760928 2760857 2760741 8190371 9350114 2760772 2760930 730857 730646 3250857 2761007 7980973 8190772 8870772 2760772 2760857 8190772 4720857 7790580 8870772 5370071 8870772 3700580 8870424 8870580 8870580 730646 8870580 730928 730870 730071 730371 8870580 8870741 730870 8870870 9040580 9711002 730743 730741 8870741 8870870 9350114 730928 730772 730928 3700580 730371 8870870 8870870 8870870 2760969 730857 730560 9350646 3730993 2760371 9350071 9350752 730857 5370741 730857 9350741 730857 730857 5370743 3730993 730371 730071 730857 3700770 3470200 3470043 3470200 9710200 9711023 9350043 9350071 9350888 6660930 9350580 9350580 9350043 6660043 9350741 9350930 9350752 730857 730772 9710864 2760752 730646 3700580 730924 9350752 9350924 9350580 730857 9350580 9350741 730857 9350043 9350043 9350043 9350752 5370043 9350043 9350043 9350043 2760043 9350043 9350752 730930 6660043 9350043 9350043 9350043 2760043 730071 9710580 8190960 3730004 9350043 9350930 6660930 2760930 730857 2760928 9350043 9350043 730770 730857 2760043 2760752 730752 730770 9710930 9350043 9350043 9350043 9350043 5370043 9350043 9350043 2760857 9350043 5370043 5370043 9350646 9350043 9350043 9350071 5370043 2760071 9350043 2760043 2760770 7980973 9350043 2760857 2760969 730770 730857 730857 7790371 9710414 9710741 2760580 9710752 2760928 8870580 9710580 2760646 3470580 730770 9350700 9350752 9350043 6660930 9350043 730857 730924 2760743 8870043 2760928 9710580 9710006 9350043 9350043 7980973 2760857 8190752
5370371 730371 5370930 5370741 8190741 8190371 730212 9710930 8190741 9710043 3470857 7790857 9040857 2760043 730043 5370043 2760043 2760043 730043 2760969 2760043 2760969 2760580 2760969 2760930 5370580 5370580 5370580 5370841 5370729 5370729 9710743 730043 730519 730964 5370829 2760857 9710857 7090973 8190770 730519 5370841 8190741 7790969 8190770 3731010 3731010 8190770 8190071 4630857 2760930 8190888 8190930 8190888 8190964 2760743 730743 2760743 2760772 7790743 7790964 3730004 7090973 7790894 1030993 7090973 7090973 8190646 9710422 730969 7790969 1760973 3730004 8190969 3730004 3730004 8190969 8190969 4990857 7790969 7090973 8190969 3470857 3470857 3470924 8190519 730071 730969
3731002 9710857 4720857 910857 730857 730043 730857 7790841 4040200 4630857 8790857 8190043 8190519 9710741 3470580 9710770 7790752 730969 5370930 5370371 730043 9710422 8190560 7790969 3950043 3730928 2760646 8190560 6660930 2760930 6660930 730930 2760928 2760422 3470772 7790743 2760772 730870 9350700 730870 2761007 5370841 2760857 8190519 3730519 8190519 8190519 8190519 7790857 9040857 7790841 8190913 7790857 7790857 5370741 2760857 9710371 7790741 9710770 3470752 3470987 7790969 2760560 8711023 2760960 3700770 3250857 8190752 8190770 8190772 2760857 730857 2760857 730857 2760930 730857 2760930 730880 2760752 910519 2760969 8190371 8190741 2760772 6660930 5370729 2760646 6660043 2760930 6660043 9350043 2760422 2760857 3731002 8190741 7790580 9710422 9350043 8190937 5231023 9710422 9711023 3700422 3700857 3731002 2760857 3250857 2760969 2760580 8190519 7980973 7980973 9350765 7790841 730043 730043 8870043 2760043 2760930 7790969 2760928 2760043 730969 730519 9350043 9350765 730870 2760969 2760646 2760560 2760646 2760422 910857 8870043 8871007 4720544
2760006 2761007 2760924 2760006 2760006 2761007 2760741 7790870 7790743 7790741 2760741 9350752 730857 730857 730857 730752 9711002 730752 7790687 7790841 730969 8870043 5370043 7980973 5370930 5370772 730857 730969 8190969 3730004 7090973 8870043 730857 3731010 3730004 7090973 3730004 7090973 9350043 730043 9710043 730371 3730646 3730646 9350043 5370043 5370071 3731010 3730646 3730646 8190772 730857 8870772 730646 730857 7790894 9040772 7790687 7790841 7790043 3470772 5370043 731007 3950043 4630857 3730646 4630200 4630857 9040857 730928 730928 730043 8870772 2760043 2760741 7790913 9040043 7790913 7790913 2760741 2760043 2760560 730646 9040772 7790969 9350114 8190071 8190942 730924 5231023 9350043 730857 9710200 8711023 8711023 9710920 3470043 3470043 2760960 7790741 9710646 7790894 3730004 3730993 3730928 4630200 3731010 4630857 3730004 8191023 730857 3250857 8190071 9040857 9350043 9040969 9040772 9350560 8190687 8190043 730043 8870043 3731010 3730043 3730646 3730004 4630857 7090973 7790857 7790857 7980973 9350888 9350888 8190964 730071 730071 2760743 9350743 730743 730888 730071 730071 730888 730857 9350743 2760928 730888 5370743 9350043 230857 2760857
8870741 3730646 4630928 8190043 8190964 3470857 3470857 2760743 9710519 9710580 3470580 7790894 7790857 3470743 3470580 3470894 7790516 3731002 7790857 7790964 4630200 4630200 3731002 7790857 8870580 8870741 9711023 7790752 3470752 3700770 3700770 7790752 2760752 2760770 3470752 9350930 5370930 730857 5370729 7790969 8870741 7790969 7790937 9350930 9711002 9710752 3470752 2760960 7790770 2760857 3470752 3470772 3470772 4990857 5370930 730857 5370930 8870870 2760772 4630200 1030857 3730241 9350752 7790752 9710782 2760071 2760928 5370743 9350930 2760752 730930 730770 9710752 9350752 2760857 2760857 3470580 3470772 7790857 7790894 230857 6660043 730930 6660930 8190752 2760752 2760857 6761023 10110857 9350580 9350043 2760857 730857 3470743 3730241 3730519 9710930 2760857 2760857 3731010 3730004 3731023 3730004 8190770 2760964 8190741 8190371 8190646 3730004 8190772 9710857 8190752 2760857 3470752 5370772 730857
9710422 3730004 8190043 8190043 730560 7790857 8190371 6660043 9710422 2760930 8870043 9710920 9710071 9710422 9350880 2760969 7790857 7790519 7790841 9350924 9350741 8870424 8870924 9040857 3470414 9711002 9710200 8870741 9711023 7790888 7310371 9350888 9350743 730857 8870580 8870580 8870580 8870580 8870580 9710741 9710872 7790741 7790741 5370741 5370743 8870870 9350752 8870043 8190969 3731002 8190043 9040969 8870741 6760857 9350741 8870772 8190913 4990857 9350743 8870741 8870741 7790913 9040772 8870741 8870741 8870741 7790770 7790741 7790741 8870741 7790770 8870741 9710646 9710006 9040580 7790371 3470200 8870924 8870924 8870924 8870741 7790964 7790937 9040043 9710371 9710371 9710006 2760371 730371 2760371 8870424
4040200 4040200 730741 9710741 9710920 2760560 3470200 8190772 7090973 7790857 7790857 7790371 2760872 9710371 7790741 7790371 9710872 9710864 9710864 9710006 9710872 7790937 7790857 5370043 5370043 7790580 8870043 7790841 730969 730741 730924 730371 730371 9710864 3470924 3950371 9710923 2760560 730880 730770 3700770 9710200 731007 9710043 8870043 730812 9710043 730646 2760772 2760928 2760772 8190930 8190560 9040857 2760043 9710371 2760772 9710519 7790741 3470043 7790371 7790937 7790741 7790752 2760043 7790913 730212 9710864 9710923 9040580 7790371 9710414 9710496 7790770 7790743 7790841 7790937 7790937 3470200 9710770 9710752 9710920 7790888 7790741 7790743 7790969 7790969 7090973 7090973 7090973 3470857 7790743 5370743 3470743 3470200 8190937 3730241 5370743 8190969 8190913 8190896 7790857 7790857 9350930 730519 730924 7790841 7790519 9040580 7090973 7980973 730880 9350580 730200 2761007 730519 2760580 2760646 2760928 2760752 2760857 730969 730200 730043 730200 2760969 2760924 2760960 2760741 9710200 7790580 2760960 2760752 7790857 2760872
730212 7790043 2760414 730741 730752 7790964 9040580 3470857 2760924 730371 730969 4720544 3470894 7790519 7790519 7790519 730928 3700422 9710422 3700580 7090973 9040580 4630928 7790841 9710519
9710205 2760071 9711002 2760770 2760857 9350888 3230422 730743 9350043 8190913 3730004 3731002 5370741 2760969 2760969 9711023 7790841 7790937 7790969 7790969 7790772 2760872 2760872 7790371 8190043 8190930 8190772 3950043 7790857 7790857 7790894 8870870 7790964 7790870 7790870 7790752 2760646 2760772 7790772 7790894 1760973 5370741 2760857 2760752 2760857 2760924 2760580 2760580 2760580 2760646 2760646 2760743 8190930 2760752 9350930 9350888 2760741 9350741 2760560 2760857 2760580 2761007 8190519 2760371 2760752 2760772 2760857 7980973 7980973 7980973 8870772 7790857 3731023 2760752 730857 5370371 2760960 2760857 730743 730071 6660930 2760770 9710414 9710043 7790752 7790752 7790913 8870772 2760930 2760857 2760930 2760857 2760752 2760743 2760960 2760857 2760857 8190960 6660930 2760371 7790371 3470200 7790857 2760857 730857 7980973 1031010 1760973 3730004 1760973 1760973 1760973 3730241 3730004 2760743 730743 9350580 9710371 2760872 2760752 2761007 2760646 2760930 9350924 2760752 9710864 2760960 9350924 2760071 2760071 1760973 5370930 5370580 8870580 8870580 2760560 7790969 7790770 9350930 3730004 7790857 7790857 7790841 8870422 8190519 5231023 3730043 5370930 5370930 5370930 5370580 2760580 2760924 2760872 9350560 9710920 3730004 8190741 8190913 2760857 2760422 2760969 2760743 2370973 2370973 3730519 3730519 8190772 8190772 7790772 730969 3230422 730422 730880 5370371 8870424 5370371 3730646 4630200 7790857 7790857 7790857 7790857 7790519 7790519 7790857 9350930 5370580 5370580 1031010 1760973 3730043 2760857 8711023 2760857 9710414 9710743 2760752 3470752 8711023 2760857 8190519 8190888 9350752 2760857 9350930 9710414 2760857 730519 910519 5370930 2760857 1031010 3730646 5370580 730857 5370371 3730043 2760752
730930 2760928 9350930 2760857 2760857 2760857 5370930 8190937 5370580 9350580 9350930 7980973 730857 8870043 5370743 8190960 2760969 5370841 5370580 8190560 2760857 2760857 2760857 2760928 2760857 2760857 2760770 8190770 730857 730770 730560 9710864 9350888 3470580 9710371 2760930 730857 8790857 2760752 9350880 230857 2760741 230872 730580 2760043 2760043 2760646 730212 230857 9350580 9710519 9710200 730519 2760752 2760743 730071 2760930 2760930 7790752 2760930 2760894 3731002 3730004 3730004 3730004 1760973 3730004 8190973 8190969 3730004 8190043 8190930 3730004 3731002 3731002 3731002 8190770 5370841 8190519 7790857 7790937 7790857 7790841 7790741 7790857 7790913 9350071 2760743 5370071 9350752 8190964 7090973 730969 730969 8871007 5370841 5370043 5370043 5370580 5370043 7790519 7790580 7790580 7790580 7790580 7790580 7790841 7790580 7790913 7790841 7790580 7790841 7790937 7790969 7790969 7790580 7790580 7790580 7790913 7790752 7790913 7790580 1760973 1760973 1760973 7090973 2760969 9711023 2760580 7790580 7790969 7790969 7790752 7090973 3731010 7090973 7090973 8190973 7090973 7790857 7790857 8190964 7790888 7790857 9710414 7790743 9710414 7790894 2080770 7790937 3950960 7790043 5370930 7790841 7790043 7790913 7790937 7790043 7790519 7790519 7790519 7790870 7790870 2760646 7790870 7790870 7790519 2760043 7790741 2760071 2760928 3730241 7980973 3731002 9350930 9350930 7980973 2760930 9350043 7980973 1030993 2760043 9350646 8870560 7790937 8870741 9710872 4720857 7790937 7790913 7790741 9350880 7790841 7790913 2760857 7790741 8190960 7790937 2760857 2760857 2760857 5370043 5370580 730857 731007 2760071 7790888 730741 4990857 730870 730870 730870 730870 730857 7980973 9350930 9350043 730928 6660930 6660930 6660930 6660930
730741 8870424 730812 730812 4720200 730043 7790043 7790371 3471023 3470772 7790743 2760857 8190930 8190930 7790857 7790516 7790857 3930519 2760964 3470414 7790043 7790043 7790770 9710422 9710519 3470043 7790894 7790371 730212 2760924 2760371 7790752 7790888 7790894 730928 730560 8870043 7790969 3950043 7790687 4630857 7790857 3230422 3700580 7790857 2760741 7790371 8190960 7790888 7790937 2760857 7790743 3470200 8190071 7090973 2760646 7790888 7790937 7790870 7790857 7790870 7790870 7790913 730812 730812 730812 8711023 730770 9710580 7790752 5370930 730964 8870580 730930 730200 730857 9350930 7790857 3950043 3950043 7790870 730772 730964 730519 730580 730969 730969 730969 730969 730580 730580 8190930 8190930 3730004 8190969 8190560 7790580 9710872 7790580 9710864 7790741 2760857 2760743 2760964 6660043 2760043 7790371 3470043 7790937 6660930 9710371 2760371 2760371 2760741 8870772 9040857
9350930 8870772 8870772 6660930 2760857 7790937 6660043 730043 8870043 730880 3731002 9350580 8190964 2760857 8190560 7790857 9040857 9040857 730043 730422 730880 7790371 8870422 9040580 8870043 9040043 9040043 2760770 8190741 9710864 730043 9710043 9040043 7790043 2760043 6660930 5370930 9350930 8190930 8190519 8190646 6660930 7790857 8870043 8870043 3950729 9350924 9040043 3700857 3950043 7790857 3950729 3950960 8870043 8190043 8190519 8190519 9350646 9350071 9350930 2760960 3700857 8870580 6660930 8190772 8870772 7790772 9040772 9350043 8190043 3731002 9350930 9350741 8190772 9040772 7790857 9350930 8190772 8870772 3700857 8190519 6660930 9350930 8870772 9040772 9040772 7790937 9350043 6660043 730043 6660043 9350043 9350043 9350043 8870043 9040043 5370580 8190560 8190560 7790857 9350930 730043 6660043 9350880 8870043 8870043 8870043 8870043 8870043 9710857 4720857 5370043 9710043 3470043 7790043 9350580 8190071 3730043 7980973 7790857 9040043 8870924 4990857 3700580 8870580 9710930 9350043 5370043 6660930 4990857 4990857 9350888 9350043 3700857 8190772 6660930 9350930 6660930 8190519 8870741 7790857 7790857 7790857 9350752 8711023 2760770 8870741 9710770 8190071 9350071 9710371 9710006 9350924 9710200 9710043 9710496 8870741 3700770 3700580 3700857 3730519 2760752 9710371 9350071 9710496 9710743 7790964 3470772 2760770 3730993 9350924 9710371 8711023 3470200 9710371 9710770 2760894 2760743 2760071 9710580 730770 8870580
730580 730519 7790969 730969 730969 9710043 7790841 730043 730371 2760772 730043 8870580 3730004 3930519 3250857 910857 3700519 9710043 3730765 3250857 8190043 3250857 6760857 730043 2760580 2760960 2760960 2760770
730928 8870772 730646 7790937 3930519 8190969 9710519 3470205 2760741 730071 730560 730752 8190560 3470200 8190964 7090973 8190646 3470422 9710770 9710071 3700770 9710071 4720857 4720544 7790964 8190888 9710770 3470743 7790937 7790894 9710743 3470987 9040857 910857 3700857 9040857 7790687 2760646 8190942 730857 730200 3950960 9710782 7790770 7790964 3230422 3700580 8871007 2760741 730964 730743 5370930 8190973 730071 7790741 2760894 9710770 2760741 7790743 2760741 730043 730930 730857 6660930 5370930 8870870 1760973 8190969 7790894 2760960 7790687 6660930 8870580 8870580 9710646 7790752 7790043 730930 230872 2760930 2760930
2760894 2760772 3730004 6660043 730888 8190973 7790857 8190937 8190964 7790894 7790752 2760043 9710770 8190765 9710770 9710857 9350043 730743 730752 2760857 3470752 9710920 2760930 730646 9710770 730212 2760560 730770 2760743 730930 730870 730519 730930 730888 730964 730888 2760043 9350743 3470043 730580 5370371 8790857 7790741 2760043 8190894 9350743 8870580 730043 9710923 3930961 3930961 3470200 3470752 7790043 9710770 7790770 8190646 8190071 3471023 2760560 8790857 7790937 7790841 7790687 7790841 730043 730870 8870580 8870043 2760414 8870741
730812 730812 9710580 7790894 2760924 730743 730371 730371 9710872 9350043 730741 730857 730741 730857 730422 730200 9350580 730200 6660043 730870 6660043 730857 2760752 730752 730200 730212 9350741 730770 730857 9710422 9350752 2760741 730422 730870 730200 730200 730646 730200 730857 730857 730752 2760928 9710752 730752 8711023 3700770 8870424 8870580 8870043 7790043 8870580 3470200 8870870 5370841 4040200 4720544 7790580 7790937 8870422 8190964 8870580 730580 7790741 9040580 9040043 3470043 8870043 8870043 9040580 7790937 9040043 7790937 9040043 8190894 8190896 6660930 2760770 2760930 9710772 2760924 2760964 2760964 2760743 2760894 5231023 2760371 5231023 9710414 730741 9710580 2760872 2760071 2760752 9710496 3470580 2760924 9710043 3470043 8870043 7790894 2760741 7790894 7790937 7790894 7790841 7790913 730519 730519 8870043 2760928 8870580 8870580 8870580 8870043 7790580 7790937 8870580 7790580 2080770
3731002 5370930 4630928 3730646 4630857 4630857 4630857 2760857 8190519 8190519 8190752 4630857 1030993 4630928 4630857 4630928 4630857 3470752 8190930 8190913 8191023 8191023 7980973 8190969 8190969 8190969 4720200 5370580 3950043 8870043 5370743 7790580 8870580 8870580 7790580 7790580 7790580 7090973 6660043 8870870 9710205 9710205 2760960 2760894 7790964 730422 730928 8870560 8190913 2760930 7790857 8190969 3731023 3731023 1760973 8190646 5370043 7790937 7790937 4630857 9040969 8870043 7790857 7790516 2760646 2760371 2760969 4040200 3950729 2760928 2760043 2760930 3230422 730422 7790371 7790857 3950043 4630857 4630857 3730646
7790580 8871007 8870580 9711023 9710071 9710920 730580 730812 8870580 8870580 3470580 8190043 8190071 3950043 2760960 2760772 3470580 730071 3730928 8190071 3470200 8190071 3731010 7090973 8190964 9350043 6660043 8870043 3470743 3470043 3700580 9040580 9040580 9040580 3731010 7090973 8190519 7790888 2760560 2760560 8870580 9710422 3470580 8870043 8870043 910857 4630928 9040969 9350888 910928 9040969 9040969 5370772 2760969 2760772 3731023 4630200 3730043 1760973 3730004 4630200 4630200 3731002 8191023 8190646 9350043 2760071 2760857 8190772 7790857 5370772 5370071 3731023 8190969 8190043 8190960 2760646 7790841 8190519 9710043 7090973 3471023 2760743 9350071 9350741 2760752 7790519 2760646 2760071 7980973 9350580 9350043 8870741 3470743 3470743 2760646 2760043 2760043 2760422 8190896 8190964 8790857 230872 8870870 2760743
6660043 6660043 7790516 7790857 2760857 2760964 2760857 9710519 2760894 2760422 7790857 8190964 2760930 2760772 230872 8190930 3730004 7090973 7090973 1030646 1030646 2760930 2760930 5370772 3731023 3731023 4630857 3730646 4630857 4630857 4630857 4630857 9040857 3470043 2760043 730741 3700741 8190071 3700422 2760928 7790516 7790937 9710864 5231023 3470205 8870741 9711023 9711023 3950960 7790894 3950960 9710782 7790969 7790888 6660930 730741 9710043 7790937 9710752 7790743 7790857 3950043 7790741 8190964 3470743 9710857 8190960 230857 3730004 3730004 3470857 9040857 9710872 3700741 9710006 9710857 2760371 2760928
7790857 3471023 7790043 7790516 3730004 7090973 3730646 7090973 8190371 9710752 9710752 8190560 4630928 8190043 9040857 7790743 3470894 3471023 7790857 7790741 9710205 9710422 9710422 7790841 7790841 1760973 7090973 7090973 7090973 2760043 730870 2760560 730741 9710006 3471023 9710770 2760924 7790770 5370071 7790857 7790752 3471023 9710006 2760964 8190772 1760973 1760973 2760857 2760752 8190519 5231023 7790888 8190770 8190896 2760741 730857 730857 730857 8190937 8870741 3700770 9710752 730741 730924 9710741 2760924 9710071 9710519 8190519 8190770 8711023 9350071 730924 730770 9710043 7790580 9710006 7790937 7790913 7790857 1760973 3730004 3730004 1760973 8190043 2760930 8190043 2760752 9710770 9710923 9710414 8190770 8190371 9710205 8711023 7790770 7790516 8711023 9710580 2760960 3470752 2760770 9710770 2760743 3470200 5370071 5370071 8870580 3470580 7790964 2760752 7790964 3930961 3930519 9710205 3470752 3470743 9710043 3470205 3470200 5231023 5370043 3700857 8190043 2760770 2760752 7790857 730743 2760371 8190964 3730004 7090973 8190770
2760422 9710857 3730993 3730519 2760414 2760857 8190930 3950371 9710920 8190043 8190371 4720857 7090973 7090973 2760930 8190772 2760560 3471023 2760857 9710580 9711002 3950960 8190741 3470987 7790888 7790888 3470752 3470752 7790743 7790841 3700770 2760770 9710071 2760857 2760043 3950371 8190964 8190930 8190930 7790937 8190519 2760646 8190043 2760857 2760857 5370841 4720544 7790937 7790841 8870043 7790741 2760924 7790580 7790841 3470580 3471023 8190741 8190371 9040857 1031010 1031010 1031010 1760973 1760973 1760973 2760414 7790741 3470924 3470772 3470422 7790516 2760894 3470580 7790841 9710923 3470043 9710864 3470043 2760924 230872 3730004 2760043 7790894 9040043 730560 9710752 9710752
3470743 7790888 8190741 9350930 9350930 9350930 7980973 7980973 7980973 1760973 1760973 3730004 7980973 1760973 7980973 7980973 7980973 7980973 7790857 8190519 8190519 2760857 2760960 2760857 1030282 5370772 3930961 8190687 8190560 8190752 7090973 8190043 8190964 3470743 9710071 7790964 9710920 8190960 8190770 8190687 8190752 7090973 3730004 9710857 8190770 8190960 9710496 2760043 2760770 7790870 2080770 3470414 9710770 3470752 9710371 3470743 8790857 9710006 9710741 8190969 9710205 9710519 2760770 730770 9710857 8190964 8190964 8190888 2760964 2760772 8870043 9710969 9710864 4630928 9711023 9710200 730857 910857 8870741 730964 3730646 9710071 9710920 3730928 8710857 9710770 9710782 9350071 2760894 9710741 9710496 3731010 8190770 8190964 9710422 3700741 8870741
8190973 5370930 3730004 5370930 8190770 9350752 730857 8190930 8190896 5370043 8190930 8190071 9350043 8190969 9350741 8190930 8190930 8190687 7980973 3731002 3731002 9350930 5370829 9350071 8190888 5370743 8190942 8190829 9710857 2760857 2760071 8190043 8190896 9710930 5370371 7980973 2760741 3731002 8190071 8190071 8190071 5370741 8190770 5370071 8190071 5370772 1030993 3730241 3730519 8190519 8190770 5370741 8190964 8190930 8190646 2760857 8190071 9350071 9710930 8190894 8190519 8190752 9350888 9350743 1760973 7980973 3730004 3730004 3730004 8190043 9350043 8190770 8190687 8190930 8190752 2760857 9350580 730857 5370043 9350930 5370930 7980973 8190519 5370071 8190752 5370743 2760857 8190964 8190964 2760857 2760857 3471023 8190894 8190043 2760857 3731002 3731002 5370371 2760872 730741 5231023 730924 3470200 3700422 3730200 3730928 3730200 3731023 9350930 9350930 8190930 8190960 8190888 8870580 3700580 8190071 3730043 3730200 3731023 3730928 9350752 4630580 8190770 9350741 8190942 8190964 8190043 8190930 7980973 7980973 3730993 730770 730371 3730928 8710857 730857 8870043 8190964 8190937 8190913 8190043 3700857 3700857 5370930 5370930 5370371 9350580 9350743 5370071 9350043 9350924 8870772 9350043 8870580 8870580 8870580 9040857 8870580 8870580 7790743 8870580 3700857 8870580 3700580 8870580 3700580 3700580 3700580 3700857 3700580 3700580 3700580 3700580 3700580 3700580 9040580 3470580 3700857 8870580 3700580 8870580 10110857 730964 9710580 7790752 9710752 8710857 9710857 9710371 9710580 3700741 3700580 3700580 3700580 3470580 8870580 2760371 9350580 6660043 9710920 9040580 2760928 730857 730071 2760043 730580 8870580 8870580 8190519 2760928 2760928 3700770 9710414 3700580 9710743 3700580 9040580 3700580 8870580 8870741 8871007 8870741 3700580 9710752 9710857 2760743 2760924 2760857 3731023
9710422 2760857 9710864 7790894 7790888 8191023 4630857 3731023 3731023 3731010 3730043 1760973 8190930 8190772 8190646 3730004 3730004 3730004 7090973 4630580 8190930 8190973 8190960 3470857 3471023 8190560 7790857 1760973 1760973 3730004 2760857 9710371 3700205 9710422 730924 9350930 3731023 3731023 3730004 4630857 4630857 4630200 1760973 3730043 8190371 3950371 7790752 7790841 8190930 7090973 8190043 3470043 9710043 7790770 7790743 9040043 7790913 7790741 7790857 7790841 7790519 7790937 8190043 3950043 9350043 9040857 5231023 2760924 3470200 2760006 3950043 8190913 3700205 2760969 9710006 7790894 9710772 8190371 7980973 8190043 8190043 2760857 7790964 8190519 3470743 8190964 9350924 3470857 9350043 9040857 8190741 8190071 8190071 2760770 9710752 7790752 1760973 1760973 7090973 8190888 8190043 7090973 7090973 9710422 9350580
3470743 9040857 9710857 9040857 9040857 9040857 8190071 3470857 9040857 9710414 8870741 7790857 3470200 7790371 3470857 3470857 3471023 8190964 3950371 9040857 9040857 9040857 730857 7980973 7790888 7790743 3470414 3470752 3470987 3470857 8190646 8190960 3470205 9040857 9040857 9040857 9040857 7790857 9350043 3731002 9350930 9710200 5370741 3731002 8710857 3700857 3700857 8190960 8190741 8190888 3470857 3950960 7790937 3950960 3700857 8190687 2760857 2760857 2760857 7790857 8190519 7790857 8190772 1760973 3731023 3730004 3731023 3730646 8190519 2760857 2760857 2760928 6660930 2760930 2760928 2760930 7790857 2760928 2760857 8190960 2760857 8190770 8190043 2760857 2760857 8190043 8190646 7790857 8190071 8190888 7790743 8190770 8190519 8190071 2760857 9710857 8190770 7790857 8190888 8190964 2760857 8190930 3730004 3731010 3730004 8190772 2760857 2760043 730043 8190043 7790857 9710200 9350880 9350752 8190942 3250857 5370743 2760857 3471023 8190560 8190560 8190894 3950371 8191023 4630200 3730646 2760857 2760857 8190519 3731023 8710857 9350888 3730646 3731023 9350071 8190829 7980973 7980973 7980973 3731002 3731002 3731002 8190930 8190687 8190371 9350043 730857 8190071 3730004 8790857 2760930 3700422 7790841 8190937 1030282 5370043 2760857 730071 730646 730928 730857 9350646 8190560 7790857 7790857 8190071 3470857 8190964 8190519 2760857 9710857 2760422 9711023 9710496 9350880 9710930 9710930 3700857 730964 9710770 8870422 8190770
9040857 3471023 3950960 8190964 9040857 8190071 9040857 9040857 9040857 3950960 8190888 8190964 8190071 3470857 8190888 8190964 9040857 9040857 8190913 3470857 3470857 3470857 8190964 8190071 9040857 9040857 9040857 8190888 9040857 9040857 9040857 9040857 9040857 8190043 8190888 8190888 8190770 8190888 9710920 3470743 3470857 4630928 8190888 8190770 3470752 8190894 8190888 8190964 8190071 3470857 9040857 9040857 9040857 2760646 8190888 2760857 8190770 9710857 9040857 3950960 3470752 3470752 3471023 3950960 3470857 3470857 9040857 3950960 3950960 9040857 9040857 4630580 3730043 8190741 8190043 9710857 8190071 8190071 3470857 9710920 9710857 3471023 3471023 3470857 9040857 3470857 9040857 7790888 8870580 7790888 9040857 9040857 9040857 9040857 9040857 9040857 9040857 4630928 1760973 3731023 1030638 1760973 7090973
730741 730870 5370580 5370580 8871007 4720544 3700857 9710043 3470743 910857 7090973 8190071 9710741 9710414 9711023 7790772 3470772 3470772 9710741 3470894 4720544 3470422 1760973 8190043 6350857 9710923 8711023 3731023 2760580 9350930 3700857 6660043 730857 9711023 2760071 2760857 3470857 9710752 730857 730212 3700580 8190071 8190973 3700741 9350043 3930961 730969 9710772 2760969 9710920 7790371 5231023 731007 730928 7790894 8190772 8190646 2760414 2760928 9710930 4630928 730857 2760924 8190071 9350924 3700205 4630928 9710371 8190969 3470752 9710414 230857 730212 7790857 8870772 9710646 3470772 9710043 3731010 3730646 8190964 8190043 3470857 8870924 2760928 2760857 7790964 8190964 3700857 730043 730043 9710772 3950043 1760973 730580 2760741 8190772 8190770 8190752 3700422 730770 9710496 9710969 9710930 7790857 730928 730928 730043 730928 7790580 9710646 2760741 3470580 9710496
3470743 2760857 8190741 8190964 7090973 8190829 3470743 3700205 9710006 3470743 3470752 9710205 3470205 3470205 8871007 3470743 3470414 8190888 3700205 3700205 3470205 910928 9040969 3470772 3470743 3470772 7790964 7790888 3470752 9710743 9710006 3470894 9710371 8870772 2760580 2760422 9350880 2760969 730743 2760969 2760414 730812 730560 230857 7980973 3731002 9710930 3730004 3730004 5370930 5370743 5370580 2760930 9710770 3470752 4630200 8190888 8190896 4630857 8190371 8190964 8190646 8190371 9350741 9710371 730371 2760964 2760924 730043 3230422 3470422 7790741 3730004 7090973 8190896 8190646 7790894 9040772 9040772 3470894 8190964 8190519 8710770 2760414 3730004 3730646 9350560 3470987 3470743 730743 7790580 7790743 9350114 9710743 3470743 3470743 3470752 9710371 8190646 3700857 4630928 8190071
9710071 3700741 730741 7790888 7790752 3470043 7790841 910519 3700741 9040969 4720544 9710920 9710071 3470924 8870924 730964 3470580 3470894 9710923 730928 730646 9710872 8870580 7790743 9710743 9710920 9710920 9710371 9710414 9040969 3470743 3470857 9710414 9710743 9040969 3470200 3470924 7790888 9710772 3470414 7790752 7790752 9710496 2760924 2760560 7790741 7790894 7790752 7790580 3470043 7790870 9710741 730741 730964 730880 730888 2760043 2760043 2760894 2760770 9710580 9710580 9710371 3470924 7790913 7790519 7790964 2760043 2760043 730888 2760960 3470580 7790580 3470043 7790743 7790964 3470200 7790969 9710772 7790371 730770 5370043 3470043 8870422 7790580 7790752 9710580 9710006 7790741 9710580 3470580 9710580 7790741 3470743 730043 9710864 9710422 9710580 2760071 7790772 3470772 7790741 730741 2760960 2760006 8711023 230872 3230422 7790741 7790741 7790888
3470200 3230422 730880 730752 8870422 9710743 2760752 2760043 7790857 3950043 7790857 7790857 2760743 730770 8190770 4630580 4630580 9710920 9710043 2760752 2760743 7790857 3950043 3950043 7790770 9710782 7790371 7790371 8190071 7980973 8190371 9710857 9350924 8190741 3730004 8190930 8190888 3470857 8190071 8710857 8711023 9710743 8190888 8190888 7790964 7790743 730888 730969 3700205 3730004 8190964 8190071 2760770 9350752 9710743 8711023 3470200 3730004 8190043 3470857 3470857 8190937 1760973 7790743 7790913 2760371 2760743 3730646 3731023 8190960 730961 730857 9350880 7790857 9040580 2760857 230857 2760857 3731002 3731002 3470043 3470043 7790964 8190772 730743 8870741 730752 7980973 9350071 3731023 3730646 3730993 7790752 2760857 3731023 8710857 9710043 2760960 9710422 7790752 8190964 5370071 3930961 7790894 7790857 2760371 3230422 7790580 9350880 3470894 8190371 9040857 9040043 730772 7790913 9710782 9710414 9710770 3470894 3470924 3700857 9350580 5231023 730924 3730004 4630200 8190071 3700741 3470414 3700580 3230422 9350924 8190770 2080770
3470414 7790894 9710969 7790770 3950960 7790371 7790752 9710371 9040857 3470422 7790841 7790516 8870741 730560 9710646 8870043 7790964 8870772 730772 8870772 8870772 8870772 7790772 7790841 9040043 730888 730043 910857 8190973 8190888 8190752 9350752 730930 5370930 9350930 8870772 7790857 8190772 7790857 8870772 8870043 2760857 2760743 2760857 7790937 730043 730043 730043 2760043 730857 730043 730519 2760772 7790888 7790969 7790969 2760414 2760752 5370043 8870772 8870772 7790772 730857 8870772 2760043 8870043 730043 8870043 8870870 8870043 7790870 8870043 7790580 730961 730071 730857 8870772 8870772 8870772 8870772 7090973 3700422 3700422 7790741 7790969 7790937 7790857 7790580 9350924 7090973 7090973 7090973 7090973 3950043 2760371 230872 2760371 2760872 2760043 730043 2760043 730043 2760741 7790043 7790913 7790743 3700422 9710752 8870422 730646 8870580 8190646 7790857 7790857 7790857 3470200 7090973 730212 730422 7790043 7790580 7790516 2760043 7790937 7790772 7790937 7790913 7790857 730880 730880 7790580 7790937 7790913 7090973 4040200 730857 2760043 7790371 7790741 7790913 730741 730580 5370043 8870580 730928 7790580 7790857 7790888
4040200 4040200 5370729 4040200 7790371 8190741 730857 8190973 8190969 8190969 5370743 8190969 4040200 8190969 7790969 3950043 3950043 3950043 5370043 3950371 730646 5370741 8190741 8190646 8190560 8190770 8190519 8190043 7090973 7090973 9350930 9350930 9350741 730969 8190969 9350560 5370043 8870043 8190969 7790857 730857 8190969 9350930 9350043 730857 8190772 9350743 8190071 9350646 8190519 2760857 8190964 8190741 2760857 8190894 8190964 7790857 2760857 9350043 9350043 730857 5370371 9350888 8190043 9350043 8190043 9350560 5370071 8190969 9350930 9350888 2760857 9350560 8190071 2760741 8190071 8190969 5370043 730857 8190043 9350043 9350880 730888 9350560 9350043 5370071 9350924 9350743 5370043 9350888 8190043 5370741 9350741 5370071 730580 5370580 730043 730043 5370043 8870043 9350743 8190371 7790857 7790857 7790043 8870043 8870580 8870580 5370043 7790969 8870741 8870043 7790857 8190772 7790770 2760743 8191023 8190071 8870741 7790969 7790964 8190969 2760857 7790770 7790371 8190969 5370043 730857 5370371 5370741 2760857 7790857 2760371 730371 730812 7790371 7790913 7790969 730646 7790969 7790969 9040969 730646 3950371 3950729 8870043 9350043 5370729 5370729 3950729 7790969 7790913 8870741 7790913 3950043 3950729 3731002 3950043 5370580 5370580 5370580 730646 7790969 7790043 7790371 7790870 4040200 7790969 7790580 8190969 9350043 730857 730857 730857 9350741 5370741 730857 9350580
3470743 2760414 8870580 4630580 4630928 9040857 8870560 9710422 9040580 9040580 7790580 8870043 3470422 9710043 8190043 7790857 8190964 2760043 7790964 7090973 8190888 730743 3470772 730212 910928 3470414 3470894 8870422 4630580 8190043 9040580 7790894 7790964 3471023 7790857 8190043 2760071 8190371 7090973 3470043 9710782 8190960 8190969 3700205 8870560 9040969 9040043 7790857 8190043 3730043 3700580 8870772 9040772 7090973 7790857 7790043 8190772 2760772 9710043 7790857 3470857 8190741 730888 730928 730928 730812 730928 730646 3700770 3471023 7790857 7790964 7090973 2760743 9710043 3470580 9710580 3470200 4630857 730857 730812 730422 730888 3470580 7790743 7790743 2760071 7790580 7790752 7790743 3470580 7790580 3470752 7790741 8870043 8870924 2760772 7790371 7790772 7790913 7790913 7090973 9710043 8190071 2760043 2760960 3470422 3470894 7790743 3470857 7790857 7790772 9710772 7790772 3470772 2760071 2760071 7790841 9710772 7790770 2760857 2760071 7790752 9040772 2760964 3470772 2760772 2760422 2760772 2760752 8190752 9710770 3470043 4630857 4630857 1760973 230857 230857 7790752 730964 7790371 8870580 730560 3700205 9040969 9040969 8870560 2761007 9350560 3700205 8870741 3700741 7790857 9710743 8190371 8190964 8190894 8190896
7790580 2760560 7790964 7090973 910519 910519 3470743 3471023 3470987 731007 730743 5370071 8870422 4720544 3930519 9350924 730580 8870580 8870772 8870560 7790043 7790580 7790580 7790743 7790043 7790857 8870741 3470043 7790743 7790964 7790741 7790969 7790741 7790894 7790770 7790770 7790741 7790937 730519 730880 4720857 4720857 7090973 2760894 730422 2760772 2760043 2760006 2760560 7790371 7790752 730857 730772 730422 730422 730928 7790371 7790969 8870043 7790687 7790516 2760743 3700422 8870772 730741 730519 7790043 5370772 5370772 8870580 8870772 8870772 8870580 7790580 7790580 8870772 730580 8870580 910519 9710743 9040969 2760930 2760371 230872 230872 9710864 2760580 7790580 7790371 2760772 8870772 730928 730772 730772 8870580 730560 9040043 7790857 7790772 730043 5370071 730043 730888 3700580 7790043 8870043 8870043 730772 8870043 8870043 730772 8870772 8870772 9040969 7790964 7790964 5370071 2761007 2760924 2760043 7790687 7790371 7790580 5370741 2760043 7790043 7790043 7790741 7790913 7790043 7790043 7790043 7790043 7790043 2760770 2760580 2760928 9710519 3700770 9040969 7790770 7790043 7790888 7790580 7790043 7790913 2080770 730071 3470043 730071 730422 730043 7790770 7790043 730770 7790580 730422 7790580 2760580 2760580 3470043 8190964 7090973 7090973 7090973 7090973 7790857 7790969 4040200 730752 8870772
730772 730772 730772 730772 730772 8870772 730646 730772 730928 730043 730772 730928 8870580 730646 730646 8870580 8870580 8870580 7790580 8870580 7790580 8870580 7790580 5370580 730200 730969 730772 730371 730741 7790969 7790519 730772 730371 730857 7790770 5370043 7790770 7790752 3470043 7790580 7790770 3470743 7790888 8190964 730519 2761007 8191023 7980973 9350930 7980973 7980973 9350930 4990857 9350743 9350071 9350646 9710930 8870772 8870043 9350043 730200 9350043 5370930 5370371 5370043 730743 9710923 9710371 9710772 3470205 7790964 7790969 7980973 7980973 4990857 730857 730857 5370743 8190772 8190071 8190043 8190930 5370829 7790043 7790043 7790888 8190888 3730043 7980973 8190043 8190913 7790913 3730004 8870741 7790857 7790857 4720857 3731002 8190043 8190043 730857 8190888 3730043 8190894 3731002 8190772 8190043 2760857 9350043 9350888 8190896 3470200 7790894 7790857 3470857 7790857 8190969 8190043 8190894 7790888 8870741 7790516 7790857 2760857 2760857 7790743 3470200 9040772 8190942 7790913 9040772 7090973 5370043 9040857 8190772 8190896 2760857 8190896 9350043 7790857 8190752 2760043 3470772 7790741 3950371 7790371 7790888 7790857 3470200 3731002 7790857 9040772 7790913 8190930 9350043 6760942 9350114 9350043 2760857 8190071 9350752 9350743 730857 8190770 9350743 8190043 730857 5370371 9350888 8190752 8190071 730857 7790964 8190930 8190741 7790857 8190741 7790857 3950960 7090973 8190071 2760857 7790857 7790857 7790857 8190071 2760857 8190043 2760043 2760071 8190043 2760071 2760857 2760857 730857 9350930 9350043 730924 5370071 730857 5370930 730857 9350888 730857 9350930 9350930 730857 730928 730857 9350930 730743 7790913 9350930 9350930 7790857 9350888
2760043 8870741 2760560 2760857 730930 730928 8870580 4720857 8870580 8870580 9350880 6660930 9350930 7790371 9040043 9040043 8870043 730857 730928 8870043 9350741 730964 3700422 5370743 730043 730043 5370043 5370772 5370043 730580 730043 7790043 730043 5370043 5370043 5370043 5370043 5370043 7790043 730772 731007 910857 9350880 4720857 4040200 5370043 5370772 5370772 9350043 7790969 7790969 9350043 5370043 7790969 7790969 9350880 8870870 730043 7790969 730930 5370043 5370729 730043 730646 731007 730043 730646 7790913 4040200 910857 910857 8870580 8870043 8870580 730928 730880 910857 8190913 9350580 9350580 9710200 3470857 9710752 3470857 9350071 9710580 8870580 7790964 2760646 7090973 7090973 8190043 2760964 7790888 7790894 7090973
9710770 3700770 2760969 3930519 7090973 3470924 7790741 3470422 730812 3470200 3471023 3470043 7790888 2760964 3470743 7790888 9040969 9040969 9040969 9040969 9040969 9040969 7790969 9040969 7790913 7790752 9040969 9040969 9040969 9040772 9040969 9040969 4040200 7790770 9040969 7790969 9040772 4040200 9040580 9040772 9040772 9040772 9040772 9040772 9040580 9040772 7790937 7790937 7790888 7790752 7790913 7790752 7790743 9040772 3700519 3700519 7790741 7790964 7790752 7790770 3471023 3470772 9040772 9040772 3470772 7790888 7790770 7790894 3470043 8870043 9710043 9710043 9710770 9710006 9711023 7790770 730857 9350930 9350930 730371 730930 9350924 8870422 3470580 9040580 3470043 3470422 3730004 1760973 1760973
9040857 7790857 9040580 3470580 7790580 7790857 9040580 2760741 2760371 2760043 3950043 9040580 9040580 9710043 7790687 7790516 3470894 2760894 9710422 7790516 730928 730928 730928 730560 730812 3700580 8870580 2760580 3700205 8870580 3471023 9710519 8190896 9711023 8190043 3470857 9040857 3470200 8870422 4720857 9710043 9710205 3470205 7790857 9710743 8190960 8190770 7790857 3470414 7790752 3950960 3470743 9710371 3470924 9710923 8190752 8190752 8190770 7090973 8190646 7090973 7790913 7790752 8870870 730560 5370043 7790841 3470043 9710043 3470414 9710414 2760371 730200 730870 730870 730071 730880 730646 730043 730857 9350043 9710422 9040969 2760924 730043 2760928 9350043 8190071 730752 730770 4720857 8190770 5370841 3950371 8870580 9350043 8870043 9040969 9710770 3731010 3731010 3731010 7090973 9040857 8790857 7790857 4720857 7790371 7790741 7790743 730371 8870043 8870580 8871007 3700422 9040580 3470772 2760071 6660043 3950960 3470422 9040580 8870580 2760560 730071 9350743 8870741 6660930 7980973 3731002 9350043 7790894
730812 2760928 2760043 7790741 7790741 3470205 9711023 8190964 8190888 3470857 3730004 3470743 3470743 9710920 9711023 7790857 7790888 3950043 3730004 2760043 9710772 3470205 8711023 730888 2760772 2760071 9710071 9710414 2760414 8870772 3470857 8190930 3730004 8190043 8190043 8190043 8190071 3470414 2760371 9710772 9710772 2080770 9710646 8190043 9711023 730772 730043 730870 9710772 9710872 3700205 8190888 8870924 3950371 2760043 2760928 2760371 7790371 7790743 7090973 7090973 9710857 730928 730043 730928 730043 2760741 9710864 9710371 2760371 8870424 9710969 9040969 5370043 2760043 2760928 2760043 9710920 6660043 8870580 2760043 8870043 8870580 7790043 8870741 9710864 2760928 3700205 8870560 7790857 9710496 8870741 9710422 3470422 8711023 730043 730043 730043 730924 8870043 7790743 3470580 3470743 730888 730928 730043 730870 730880 8870422 2760371 9710006 8870772 730560 9040580 9710496 8870580 8870580 7790580 9040580 7090973 7090973 7090973 7090973 2080770 7790857 2760043 9710920 730964 3470414 3470743 7790964 3470743 2760006 8190964 8190043 8190043 3950043 3950043 7790857 2760894 2760964 2760752 9710414 8870924 7790964 7790743 7790743 3470743 730043 8870043 7790741 2760872 9710043 3470043 8870580 9710646 7790913 7790964 3470043 3470205 9710422 8190560 8190687 730422 3700519 7090973 7090973 2760071 3470752 8190770 7790857 8190043 8190043 3470043 2760371 2760371 7790371 7790857 7790519 7790519 9040969 7090973
3730519 230857 2760930 9710782 9710743 3470200 9710969 9710200 7980973 9710782 3470043 3230422 230872 7790743 2760924 730857 2760894 230857 3731010 8790857 5370043 730857 8190043 3731023 3730646 1760973 8190964 1760973 3730004 4630857 7090973 5231023 3470580 3470580 3470580 7090973 3731010 3731002 3731023 3731002 3730646 1760973 230857 9350880 7790770 9350043 7090973 8190913 7790371 7790913 2760857 3230422 5370071 5370772 5370772 5370772 3470857 7790772 5370043 5370043 730930 9350930 9350043 730857 3731010 3731010 3470857 8190772 8190741 730857 4720857 3470857 9710857 3730004 3730043 2760772 2760772 3470772 7790964 7790743 8190888 8190896 3700857 3731002 3730043 3730043 3730993 5370043 5370580 9040043 9040580 9040580 3700857 3700422 730930 730212 5231023 9350043 9350560 2760964 3731023 3730646 8190772 9350043 9350043 3730043 3730043 8190043 5370043 5370043 9711023 3730004 9350743 8190888 5231023 3700857 9710857 9710920 9710872 9710496 9710770 2760772 2760741 1760973 3730043 3470857 7790857 7790770 7790913 7790857 7790857 5370043 230857 9710414 9710923 9710920 2760743 3470772 7790743 3471023 3230422 4720200 2760857 9350043 9710006 7790371 8870043 9710496 7790371 8710857 9710864 230872 8190772 6760857 3470772 7790913
3470043 9710043 2760857 7790857 2760422 2760924 3471023 8190969 9710969 3950043 8190969 910857 9040969 4990857 730646 8190371 9040969 2760857 9350071 8190969 910857 9710857 3730004 7980973 4720200 910928 5370043 7790857 7790857 7790857 7790937 8870043 730422 8870043 730928 3230422 730422 730043 3470743 3470200 1760973 4630580 1760973 7790857 5370043 9710422 730071 8870043 3470200 8190071 9710969 9350880 5370043 2760071 3730004 3730043 3730993 8190043 2760857 9710770 9350752 3230422 2760422 2760857 7790888 3471023 9710782 1030638 5370043 8190043 2760894 7790857 7090973 4630200 7090973 1760973 3730004 9350071 9350743 5370743 2760043 9350930 2760857 2760857 2760857 2760772 731007 730969 9710782 4720857 9040043 9710496 2760857 3731023 3731010 3730646 4630857 7090973 2760743 8190964 8190071 3730928 8710857 8190043 5370371 730857 5370071 730812 3730004 4630580 730043 730071 3470200 9040043 9040043 3470743 3470857 9710920 8190646 7790857 2760772 2760071 3470743 7790964 7790743 7790743 7790913 3700741 9710741 3470580 3470580 7790043 7790580 730880 8870741 8870741 9040580 3470200 9710923 9710414 9711023 2760414 9710923 2760414 7790772 7790770 9710205 8870043 8870043 3470422 8190071 5370743 5370043 9350043 730857
3700580 8870580 3730004 9040857 9040857 9040857 3700770 9710920 3730004 9350888 3470205 9040857 8190043 8190071 3470743 8870580 3700580 8870043 1760973 3730004 8190969 8190646 8190969 9040857 9040857 9710770 9710920 7790888 730928 8870043 2760006 9710043 9710043 3730004 8190973 3700857 3700857 8190646 9040857 3470743 3470743 9710071 3700741 3470743 3470743 3470043 3470743 3470200 2760928 9710422 3470752 8190043 7790894 9040857 3470200 3700770 8190770 8190646 9040857 8190752 730857 3700580 7790752 730212 730580 9710422 3470752 9040580 9350646 7790752 7090973 7090973 7090973 5370043 8870741 9040580 3470743 3950043 5370043 8870580 9710422 2760043 3700580 7090973 3700580 1760973 1760973 1760973 7090973 730212 4630580 4630580 7090973 7090973 3470924 8870924 2760371 3730004 4630928 8190888 9710872 9040580 9710741 3470414 4720857 3950043 4630857 3730200 3730004 7980973 8190741 3700857 9711023 9710200 3730004 3730004 3731010 3730004 3730004 8190969 3950960
9350888 9350888 730857 9350700 730857 8870741 730770 8871007 8190960 2760964 730812 8870424 8870741 9350752 9350580 730928 730560 2760928 8870741 3700519 9350743 730371 730071 730071 730880 9710772 9710864 2760928 3230422 730212 730770 9710519 9710872 3700741 730741 3470043 8870043 2760928 2760743 8870741 2761007 9710772 3470205 9710200 9710920 730560 730770 730043 730519 6660043 8870924 9710371 9710782 9350560 9350743 9710200 9710864 2760006 2760741 9350560 9350880 9710772 9710772 3470200 730772 7790772 730964 8870772 8711023 8870741 9710969 3470422 8870422 9710772 3470200 6760646 8190752 3950960 2760857 7790741 7790969 9710205 9710205 3470200 2760071 5370071 9711023 3470422 3470422 3470200 9711023 3470580 2760414 2760770 3470580 5370071 7790888 8190741 8711023 7790580 9710414
8190646 2760741 2760422 8710857 7790857 3930519 3930519 3930519 3930519 8190969 3700857 9040857 730928 2761007 9710519 9710920 5370071 2760414 230872 730043 2760071 730743 2760371 730212 7790741 7790743 3470772 8190964 2760371 2760071 5231023 2760580 3470200 3470743 3230422 3470200 9710371 9711002 8190560 7790741 9710371 9710772 9710864 9710496 2760960 2760580 2760580 2760580 7790770 7790770 7790580 2760580 7790857 8190960 3700857 3470987 910519 3700422 9710422 9710519 9710371 3470200 9710864 9710422 3470743 3470414 9710646 3470924 9710496 9710519 3470200 8870422 9710205 2760743 730812 9711002 730880 2760741 2760964 3470205 7790743 730928 730880 2760422 7790770 3470422 3471023 3470752 2760371 2760743 7790519 9710872 7790964 2760006 7790752 9710920 7790857 2760964 7790894 7790741 2760894 7790894 4630580 9350743 730880 730212 730043 9710043 8870580 9040580 3470205 9710741 9710205 2761007 7790772 7790580 7790770 2760743 9710864 3470772 2760743 7790516 2760741 9710772 2760646 2760646 3470772 2760560 8190772 3700205 3700205 3700205 7790687 2760043 2760043 2760043 2760043 9710741 7790371 7790913 7790687 3700741 9710772 7790894 9710772 2760043 2760960 7790371 2760872 2760872 9710006 7790743 9710969
null
5370729 5370729 3950729 731007 7790841 5370729 7790841 5370841 5370841 7790937 4040200 7790969 3950729 7790841 7790969 5370841 7790937
5370829 5370877 7790937 5370841 4720857 4040200 5370877 9350114 5370729 7790516 5370841 7790937 7790841
null
8190973 10110857 7310700 7310877 7310829 7310700 5370841 1030282 5370200 1760973 250200 5370841 8190969 8190752 4990857 8190913 4990857 9350765 8190969 7090973 8190913 8191023 1030993 5371023 1030877 7310564 7310404 7310404 7310601 7310765 7310266 7980973 4990857 8190942 5370829 7790857 1030282 7980973 3730241 5370841 5371023 5371023 3731002 5370729 3950043 7790841 3950729
null
null
7790841 5371023 5371023 5371023 1030646 1030282 1030292 1030282 250200 4630200 1030638 4630200 1030292 4630200 730752 250200
null
null
7790841 1030282 4630928
null
1030282 1030282 3731002 5370729 3950729
null
null
null
9040857
3950729 3950729 3950729 7790969 3950729
8190913 8190964 3950960 1030857 1030282 1760973 4630928 4630580
5370729 3950729 1030282 7980973 3950729 5370043 3950729 3950729 3950729 3950729 8190646 8190913 3950729 7980973 730857 730857 8870424 10110857 9350752 3250857 2760422 730880 3950960
null
7790969
null
null
7790969 730857 7790841 4040200 3730993 3950729 8871007
5370200 9350700 5370200 5371023 4040200 3950729 8871007 9350646 7980973
7980973 730928 5370729 5370741 730857 730928
null
null
9350765 250200 5371023 5371023 250200 4630200 5371023 5371023 6760481 5370877 8190519
730857 730928 7310829 2370973 7310669 1030993 1030646 1030282 1030282 1030638 1030200 4880973 4880973 1030200 1030200 1030282 1030638 1030857 4630200 1030282 1030292 4630200 4630200 4630200 4630200 4630200 1760973 4630200 4630200 9350646 4630200 3730241 9350700 9350765 7310700 3731002 1030638 4880973 1030200 1030200 1030282 1031010 5371023 4630200 1030646 1030646 1030282 1030292 1030857 1030646 5371023 250200
3950960 5371023 1030638 4880973 4880973 7980973 1030282 1030292 1030282 1030282 1030282 1030282 1030282 1030282 1030646 250200 250200 4630200 1030282 1031010 1031010 1030857 1030638 1031010 4630200 1760973 1030638 4630200 1030638 1030292 1030282 1030282 1030282 5370200 1030282 1030282 1030282 1030282 7980973 1030282 1030282 5370200 7980973 1030282 5370200 250200
null
null
3950729 3950729 3950729 3950729 3950729 3950729 3950729 4040200 3950729 3950729 3950729 3950729 3950729 3950729
3950729 5371023 5370930 5370841 9350700 9350646
null
250200 4630200 4630200 1030282 1030857 1030282 4630200 3730200 1030292 1030857 1030638 1030292 1030292 7980973 1030638 1030292 1030292 1030282 1030292 7980973 7980973 7980973 1030646 1030857 1030282 1030282 1030282 1030646 1030292 5370200 1030282 7790857 250200 9350646 9350043 3950043 250200 1030282 3731002 1030638 3731023 1031010 1760973 4630200 1760973
null
5370043
7790841
7790870
9040969
730928 9040969 4720544 9040969 3950729
3950729
null
3950729
4880973 1030292 1030282 5371023
null
null
null
null
null
null
3950729 3950729 5370741 5370729 1030638 5370729 4630928 7790857 4630580 1030282 5370729 4040200 3950729 7790857 5370930 3950043 5370200
5370729 5370729 3950729
1031010 1030638 1030292 1030292 1030282 4630200 4630200 4630200 4630200 4630200 1030646 5370841 3950960 730888 730969 8870424 8870424 4720544 3950371 4720544 730741 730928 4720544 4720544 7790969 4040200 7790969 9350646 8871007 3731002 730969 4040200 4630200 4630200 3731023 1030646 1030646 1031010 1030646 250200 250200 7790937 4630200 4630200
null
null
null
null
8191023 9350646 1030282
null
null
250200 5370200
null
null
4040200 3950729 3950729 4040200 4040200 3950729 3950729 3950729 3950729 3950729
null
null
null
null
9350071 8790857 8190896 6350601 6760646 5370877 9350765 6760601 3250857 6760646 8790857 9350700 5370841 6350601 9350564 9350765 6760601 6760601 6350857 9350752 8190829 8190765 6350601 9350564 6350404 9350765 5370741 10110857 6760601 10110857 9350564 8190937 5370829 9350741 9350765 7310765 8190896 5370200 6760601 9350765 5370877 6761023 6350404 6760942 9350888 9350700 5370841 8190877 5370371 9350765 8190942 9350114 3730241 6350765 9350765 6350765 8190937 9350043 8190877 8190942 6760942 6760601 6760481 9350700 6350765 6350857 6350601 6760646 6350857 6760601 3730993 6760601 9350765 8190877 9350564 6760601 8191023 6760601 9350765 6760646 6350404 8191023 8190829 6760601 8190937 5370877 8190765 6350404 9350765 250200 8190765 5370829 9350700 5370829 5370877 9350765 10110857 8190765 8190877 3730601 9350580 10110857 5370877 9350700 5370829 3730519 3730765 6760646
3730241 8190973 9350700 5370829 9350564 8190765 6760481 10110857 6350765 8190969 9350564 5370741 8790857 8190942 8190877 9350114 3730700 9350114 9350114 8190829 5370877 8790857 2760857 8190829 8790857 9350765 8790857 7310161 7310765 7310266 7310877 7980973 7310601 7310564 3730877 7310700 7310765 7310765 3730043 7980973 7980973 3730241 1940973 2370973 7310765 7310564 7310601 7310404 6760646 3730601 7310601 4880973 5370877 7980973 7980973 7310829 7310404 6350765 5370200 3730877 5370741 6350765 7310601 3730241 8190765 9350114 9350765 6760601 6760942 3731002 5370829 6760481 8190765 9350646 9350564 9350700 10110857 9350765 9350114 9350114 3730646 6760942 8790857 9350564 9350765 6760601 8190687 5370877 3730981 8190829 8190913 8190765 9350700 8790857 5370829 8190765 8190765 9350114 3250857 9350765 6760857 8190765 5370877 9350114 3730700 6350601 3730993 6350765 1760973 3730404 8190942 9350765 3730241 3730241 5370829 9350765 8190765 6760942 8190765 5370829 3730241 8190877 8190765 6350601 3730114 6761023 7310765 5370841 8790857 8190829 9350700 7310564 9350564 6350765 9350564 3730829 9350564 7310266 3730177 2370973 7980973 7310404 7980973 7980973 7310765 7310564 1940973 7310601 7980973 7310601 7310765 7980973 6761023 7310765 4990857 7310601 1760973 7310564 7310601 7980973 7310601 7310601 2370973 7980973 6350601 3250857 6350857 9350071 5370829 6350601 7310404 8190765 5370829 6760601 8190765 8790857 8190829 5370877 6350765 8190829 9350564 8190829 8190877 9350700 5370877 8190765 9350765 8190829 3250857 9350765 8190765 9350646 6350404 8190896
9350564 8190829 5370841 2760857 8190765 8190765 6760942 8190829 6760481 9350765 9350564 9350114 5370841 8190765 9350700 6350765 8190519 5370877 6350404 4910481 8190829 6760646 8190765 8790857 8190829 9350765 6760942 3250857 8790857 5370371 8190937 9350564 9350700 9350700 8190687 9350114 5370829 6350765 8190877 8190765 9350765 9350114 8190765 8190942 5370877 6760646 6350765 6760942 9350765 6760646 5370071 5370829 6760646 6760601 6350765 8190942 6350765 5370877 3250857 6760601 8190765 9350700 3730765 2760857 4910481 6760646 8190765 6760601 9350765 5370829 4630580 5370877 2760857 3730241 5370829 8190765 6350404 5370877 9350114 6760601 9350765 5370877 9350700 8790857 5370841 5370829 8190519 5370829 8790857 8190765 6350601 6350601 8190765 8790857 6760601 8790857 6350601 5370877 6760646 9350765 5370877 9350114 9350700 5370829 3730404 9350765 6350404 6761023 3730241 9350700 6760601 5370841 6760942 6760942 8190877 9350765 3730241 10110857 6760601 3250857 5370841 5370877 6760601 9350114 9350700 9350765 5370877 5370877 2760857 6760646 8190829 2760857 9350765 8790857 6350765 5370841 6760942 6350601 8190829 5370877 6760942 8790857 2760857 8190519 5370841 8190765 10110857 8190519 5370371 6350765 7310601 9350564 8790857 5370841 9350765 6350404 8790857 4630928 6760646 6350404 5370877 3730981 6760942 9350114 8790857 9350700 8790857 5370877 8190942 6760942 8790857 2760857 9350765 9350765 8790857 5370877 6350601 9350765 3730765 7310765 2760857 3250857 5370829 6760601 9350765 6760601 9350765 6760601 6760942 1030993 6760646 5370877 3730981 8790857 8190829 9350564 3730404 6350765 9350564 2760857 3730829 6350765 5370877 9350700 3730114 4910200
3730177 1030993 5370877 3730404 5370200 1030282 5370877 3730241 3730177 1030282 5370877 5370877 3730981 3730519 6760601 5370200 3730241 3730765 5370829 3730241 3730981 3730241 5370829 7310404 3730404 5370829 7310601 3731002 1030877 5370829 6760481 6760601 1030877 5370877 6760481 7310601 3730241 6761023 6350765 9350114 5370829 6350404 5370877 3730404 6760942 6760646 3730114 7310601 7980973 5370877 9350765 6760481 3730241 6350857 6760857 1030282 7980973 3730241 7980973 6350404 3730404 6760646 7310404 6761023 3730601 3730519 5370877 3730519 6350765 3731002 1760973 7980973 7310700 6760601 3730229 2760857 3730404 3730601 6760481 3730114 5370877 3730241 2760857 1030282 8190519 5370829 5370877 3730241 8190829 3730829 5370829 7310877 1030282 1030877 3731002 6760942 3730241 3730404 3730765 1030282 3730981 8190765 3730981 3730241 3730241 5370829 6761023 1030993 3730765 1030282 9350114 7980973 3730241 6760857 3730519 3731002 6760942 6760481 3730241 6350857 7310601 6760601 3730404 5370741 6760481 1760973 3730241 3730404 6760601 7310765 3730241 5370829 7310765 3730601 5370829 6760601 3730241 5370877 3730229 3731002 3730229 8790857 5370877 3730601 3730241 6760942 3730765 3730229 5370877 6760481 1030282 6760601 6761023 7310564 6760942 9350765 3730601 7310601 6350601 4990857 3730241 1030282 6760601 5370877 1030282 7310564 9350765 6760481 7310564 5370877 9350765 3730241 6760601 3730519 3730177 7980973 6761023 9350114 1030282 5370829 9350114 3730177 3730241 6760481 3730241 6761023 5370829 7310161 5370200 6760646 3730229 6760481 9350564 5370829 5370877 1030638 3730765 6350765 1030877 6760601 6350404 3730177 3730765 5370877 5370829 7310765 7310765 6350601 6760857 9350765 5370877 3731002 3730981 6760481 3730601 3730241 5370200 6350857 5370841 6350601 3731002 6350765 1760973 2760857 3730241 5370877 3731002 1030993 6760942 3730241 5370200 7310161 6350765 3730241 1030993 5370829 3730229 6760942 3730981 5370200 3730700 3730229 5370829 6761023 6350404 3730981 3730877 3730241 6350404 7310700 5370743 9350765 6760601 5370829 5370877 5370877 9350765 7310601 6760857 6760601 6761023 9350765 5370829
3730229 7310564 9350765 3730700 3730981 6760857 1030877 7310765 6760601 7980973 6350404 1760973 7310877 5370829 6760857 3730765 1760973 8790857 3730981 5370877 8190765 6760857 9350765 1760973 9350700 3730241 7310564 6760601 6761023 5370877 8790857 8190942 2370973 3730993 8190877 3730241 3730981 5370829 3730241 1030877 9350114 5370877 3730519 6350404 5370877 3730765 250200 3730765 3730241 6760646 7980973 9350765 7310564 6760481 3730519 1760973 5370877 8190829 9350765 1030877 1030282 1030877 9350700 9350765 9350765 3730241 3730519 3730241 5370877 5370200 7310404 10110857 3730241 9350765 3730114 6350404 7310765 5370829 8790857 6760942 3730765 5370200 5370877 6350601 2370973 6350765 8190765 6760601 8190829 6761023 3730601 6761023 5370829 8790857 6760601 5370877 6760601 9350114 7310669 1030282 8790857 3730519 3730241 6760857 9350765 6760942 3730404 7980973 3730200 4630200 3730829 1030282 6760601 3730404 5370829 2370973 3730241 1030282 4880973 7980973 7310404 3730765 7310765 6350765 3730404 6350601 6760942 7980973 7980973 8190765 6760942 6350857 6760942 9350564 8190765 9350564 6761023 6350601 6760646 3730404 7310601 3730601 9350765 5370877 7310700 1030877 1030829 6760601 1030829 8190765 5370877 6350765 6350765 3730829 3730981 6760601 9350765 3730114 1030282 3730229 3730829 3730404 6760857 3730177 3730404 3730177 6760481 6760601 6760601 8190519 6350765 7310601 6760601 9350765 1030993 6350404 8190519 6760857 5370200 6760942 1030646 7310601 6350601 6350404 6350404 3730177 8190877 7980973 6760481 5370877 1030877 3730241 7310404 7310601 3730765 3730765 3250857 6760601 3730601 3730229 2760857 9350114 5370200 3730765 3730601 8790857 3730177 1030282 3730601 6350857 3730229 3730993 9350765 6760646 10110857 1030993 5370877 7980973 3731023 1030877 2760857
3730981 8190829 8190765 8790857 4910481 9350564 8790857 6760646 8190829 8190829 5370877 8790857 8190877 8190829 8190877 8190829 8190765 8190765 8790857 3730404 6760601 8190765 3730404 3730177 8190942 8790857 8190765 8190687 3730765 8190829 8190877 6990481 3730601 6990481 3730765 8790857 6990481 8790857 3730981 3730765 5370829 8190877 8790857 8190765 8190877 3730765 8190765 8190765 8190829 3730981 3730601 8790857 8190765 9350564 3730241 8790857 8190937 4910200 8190765 8190765 8190937 8790857 8790857 8190646 3731023 6760601 8190765 6350601 8190877 10110857 8190877 9350114 8790857 6350765 2760857 9350114 3730404 8790857 9350765 8190765 8190829 3730241 3730993 9350564 3730404 6760857 8190765 6350601 6760942 8790857 6350404 9350765 8190765 8190877 4910200 8190765 8190937 9350765 3730404 8190877 9350114 4910200 8790857 3250857 1760973 7310404 3730829 3730981 8790857 8190942 3730404 8190829 6990481 4910200 8190937 8790857 3730877 8190829 8190829 6760646 8190765 8190937 3730928 6350765 9350564 6990481 6760601 8190765 8190877 8190765 8190765 8190371 4910200 8790857 9350114 3730404 6760601 6990481 6760646 6350404 5370877 8190829 9350564 9350114 3730877 8190765 6760601 8190765 6761023 5370877 9350646 8790857 6760601 3730404 8190765 9350646 8790857 8190877 3730404 8190829 8190765 3730601 8190877 9350114 3730200 8190829 8190877 6760646 8190942 9350765 8190942 4910200 3730646 8190765 8190829 8790857 8190877 9350646 3730601 6760857 2760857 8190765 8790857 5370877 1030993 8190877 2370973 8190765 6350765 8190942 8190942 8790857 8190765 4910481 8190765 6350765 3730601 6760646 3730765 3730241 3730404 6760601 8190829 3730829 8190877 3730404 8790857 3730004 6990481 3250857 8190765 8790857 8190877 2760857 8190829 3250857 6760601 3730877 4910481 9350765 8790857 3730829 8190765 8190765 3730700 3730993 9350564 8190829 3730993 8190829 9350765 3730404 8190829 8190829 8190765 9350765 8190765 8190942 8190765 1030638 7310601
1030877 3731002 3730981 5370829 1030200 7980973 1030829 3730229 3730241 3730700 3730404 1030282 3730200 7310669 6761023 5370200 5370829 6760481 3730519 3731002 3730765 7310564 1030638 6350857 6760857 4880973 7980973 6760481 7980973 1760973 3730765 3730519 6350765 3730877 3730601 6761023 1031010 3730601 7310404 1030829 6760481 3730601 7310564 3730241 7310601 3730241 6350857 3730519 1030829 1030829 7310564 7980973 9350765 1030877 1030829 7310564 3730765 3731002 7980973 8190765 7310161 6350857 3730765 3730877 3731002 2760857 1030282 1030829 7310404 3730829 7310404 6760857 7310601 3730229 7980973 4990857 7310601 7310564 7310601 5370200 7310669 3730241 3730829 6760857 7310700 1030282 7980973 7310564 3730829 3730700 3730177 3730700 6760857 7310765 7980973 1030282 3730229 1030282 6760857 6760601 3731002 3730981 3730114 1030282 9350700 3730765 6350857 6760481 3730700 3730404 3730241 3730519 6760601 3731002 3730829 1030282 7980973 3730981 6760857 6350601 3730229 6760601 9350700 6350404 5370877 7310700 7310266 7310161 7310601 7980973 1030877 7980973 7310601 3730877 7310404 7310404 7310601 6760857 7980973 7980973 7310404 7310601 7310404 7310564 3730241 7310404 9350765 5370829 7310564 7310765 7310564 7310765 3730601 9350564 6760481 7310765 3731002 6350404 1030292 7310404 7310669 3731002 1030877 7310404 5370829 7310161 7310669 7310161 7980973 7310404 4880973 7980973 3730241 7310601 7310564 7310404 3730765 7310765 7310765 7310601 7310564 7310601 3730177 7980973 7310601 7310877 7310669 6761023 1030829 9350700 3730404 1030877 7310601 3730241 7310601 3730829 7310601 7310601 5370877 3730241 1030829 3730519 6761023 5370200 6760601 3730601 3730229 7310404 7980973 7310877 7310601 6760857 7310669 7980973 1030282 5370877 7310601 2370973 7310877 7310669 7310404 3730200 7310404 3730519 5370877 6761023 7310669 3730981 7310765 7310601 3730981 7310700 3730981 3730229 7310601 7310669 3730981 2370973 6760857 7310404 7980973 3730829 7310564 3730765 3730519 3730241 7310601 2370973 7980973 7980973 4990857 3731002 7980973 3730829 7980973 3731002 7310161 7310601 7310404 1030282 7310404 7980973 2370973 3730877 6761023 1030282 7310601 3730981 3730241 1030877 7310601 3730519 3730829 3731002 3730601 5370200 3730114 7310564 7310564 7310404 2370973 1030857 7310404 1030829 7310564 3731023 6760481 2370973 7310601 7310404 7310765 7310700 7310601 3730700 3730829 6760601 3730200 7310601 3730765 6760857 6760601 4990857
3730404 8190829 8190877 4880973 2370973 1030829 3730981 8790857 8190877 8190765 8190877 4910200 8190877 4910200 8790857 8190829 8790857 4910200 6990481 4910200 4910481 3250857 4910200 4910200 8190829 4910200 3250857 6350404 8190829 8190877 6350404 3250857 5370829 6760601 8790857 4910200 6350765 8790857 3250857 6760601 2760857 3730114 8790857 8190877 3250857 4910200 8190829 1030829 6760942 8190942 3730404 1760973 9350700 8190829 3250857 8190765 9350564 8190877 8190765 8190765 8190765 3730981 7310669 6760942 8790857 3730404 3730601 4880973 7310669 8190930 8190942 3250857 8190829 6760942 8790857 8790857 8190877 8190829 3250857 8790857 6760601 8790857 8190877 8790857 6990481 8790857 4910481 8790857 6760646 4910200 8190877 6990481 8190829 6760942 8190942 6350404 7310601 3730993 3730601 8190877 8190877 3730601 8190942 3730981 3730765 7310564 1030877 1030829 1030877 7310404 3730877 8190687 8190942 6350404 6350765 3250857 8190942 3730114 9350114 3730404 4910200 7310601 9350765 8190829 8190877 8190829 8790857 8190829 8190877 8190829 6760646 8790857 8790857 8190877 8190877 6350404 8190937 6760601 8190765 8190942 8790857 8190877 8790857 8190877 8190942 9350114 4910481 4910200 9350646 8190765 6760601 8790857 4910200 4910200 3250857 4910200 6990481 8190877 4910200 4910200 8190942 8790857 8190877 6990481 6990481 8190765 8190942 8790857 6990481 1030857 3250857 8790857 9350765 3250857 8190829 8190942 6990481 8190942 6760942 4910200 8190687 8190829 8790857 8190829 6990481 8790857 8190877 8190829 4910481 9350564 4910200 4910200 3730114 3730981 10110857 8190942 8190687 8190942 9350700 8790857 8190829 8190829 8190646 6760601 8190877 4910200 8190937 3730829 6350404 8190937 8790857 3250857 8190765 4910200 8190765 8190877 3250857 3250857 6760601 8790857 9350564 8790857 4910200 4910200 4910200 9350564 4910200 4910200 3250857 9350765 8790857
8190765 8190877 6990481 8790857 8190877 4910200 8790857 8790857 8790857 8190877 8190687 8190829 8790857 6990481 8190829 4910481 6990481 8190877 6990481 8190829 8190877 8190765 8190877 6990481 8190829 6990481 8790857 6990481 8790857 8190765 1030877 8190765 8190765 6760646 8790857 8790857 8190765 8190765 4910481 6990481 4910200 8190942 3250857 8790857 3250857 8190765 6990481 8190829 2760857 8790857 4910200 8190765 3250857 8190877 8790857 4910200 8190765 8790857 4910481 8790857 4910200 8190765 4910200 3250857 8190829 4910200 3250857 8190877 4910481 3250857 4910200 8190942 9350700 4910481 6990481 8190877 8190877 4910200 6990481 8190765 8790857 8190877 8790857 8790857 8790857 8790857 8790857 4910200 3250857 8190765 3250857 8190829 4910200 4910200 9040857 8190942 6990481 8190687 6990481 8190942 6990481 8790857 4910481 8190877 6990481 8790857 8190765 6760601 8190765 4910200 8190765 8190765 8190877 4910481 9350765 6760646 4910481 8190896 8190942 8190937 3250857 4910481 8190687 6990481 4910481 8190877 8190937 8190765 8190877 6990481 8190877 6990481 8190877 8790857 8190877 4910200 6990481 8190877 8790857 8790857 4910481 8190877 8190877 8190765 8190765 4910200 4910200 8790857 6990481 8190829 8790857 6990481 8790857 8790857 9350646 8190765 8190741 4910481 8790857 8190765 4910200 8190765 4910481 8190765 8190877 6990481 4910200 3250857 8790857 4910481 4910481 3730229 8190877 8190765 8190877 8790857 8190765 8190877 6990481 4910481 6990481 8790857 8190765 8190765 4910481 8190765 8190877 8790857 6990481 8190877 4910200 8790857 8790857 4910481 4910200 8190942 8190741 8790857 8790857 6990481 6990481 4910200 4720857
4910200 4910481 4910200 4910481 4910200 4910481 4910200 4910481 4910481 4910481 6990481 6990481 6990481 4910481 4910200 8790857 4910481 4910200 4910481 4910200 4910481 4910200 6990481 6990481 8190942 6990481 8190877 4910481 4910200 6990481 6990481 4910200 6990481 6990481 4910200 8190877 4910200 4910200 4910200 4910200 4910200 4910200 4910481 4910200 4910200 8190877 8190829 4910200 6990481 6990481 8190877 4910200 8190765 4910481 8790857 8190829 6990481 6990481 4910481 6990481 4910481 6990481 4910200 6990481 8190877 3250857 4910481 4910481 4910200
7790841 7790841 3950371 3950729 3950729 1940973 9350700 1940973 7980973 9350560 8190942 1940973 1940973 4720200 9350646 4720544 5370729 9350765 5110004 1940973 5110004 1940973 9350646 8190913 8871007 8871007 4990857 7310829 5110004 7310700 9350752 5370371 4880973 7090973
3250857 8190765 3250857 8190765 8190765 8190877 3730993 8790857 8190942 6760646 8190765 8190765 3730700 8190942 3730765 9350700 8190877 8190765 8190829 8190765 8190765 3730200 7980973 8190973 8190942 1030829 8190913 8790857 3730404 3730993 8190687 8190942 8790857 8190765 8190765 8190765 8190765 8190829 8190894 8190765 9350646 8190765 8190829 8190765 6760646 8190942 9350114 3731002 8190829 9350765 3731023 3730404 8190687 4910481 8190646 8190765 8190765 6350404 8190765 3730877 3730404 3730993 8190877 8190829 8190765 8190937 8190877 9350114 3250857 8190765 3950371 8190765 8190896 4910481 8190765 8190877 8190937 4630928 8790857 8190942 3250857 8190942 8790857 8190765 3730241 8190829 9350564 4630928 8190937 7790894 8190687 8190765 8190877 9350114 8190877 8190765 8190877 8190877 8190765 8190877 8190765 8190765 8190765 8790857 4910481 3730114 3730601 8790857 6990481 8190829 6760601 8190765 6990481 8190765 9350564 8190765 8190942 8190765 9040857 8790857 8790857 8190765 8790857 6990481 8190765 8190765 8190942 8190687 8190765 4910481 8190877 8190877 8790857 8190877 3950371 8190829 8190765 8190942 7980973 9350700 8190829 8190829 3730981 3730601 8190765 8190829 3250857 6990481 4910481 8190765 3950371 8190942 4910481 4910481 3250857 8190942 6990481 3250857 6990481 6990481 8190877 8190646 8190877 3700857 8190765 6990481 8190913 8190829 8190765 8190942 8790857
3731002 3730519 3731002 7310564 7980973 1760973 3730200 3730177 3730177 7980973 3730043 3730404 3730829 6760481 7310765 3730981 3730177 7980973 4990857 5370200 7980973 3730601 3730829 5370829 7310564 3731002 7310564 3730229 6350857 3730241 6350857 6760481 3731002 3730241 7310601 6761023 7310404 3730981 3730519 7310700 1030282 4630200 3731002 7310564 3730241 3730829 3730404 3730241 7980973 3730700 3730519 3731002 3730241 6760857 6760601 3730601 3730177 3730601 3730200 5370877 7310765 3730981 3731002 6760481 3730229 3730200 6350765 7310601 3730765 1760973 3730404 6760646 5370829 7980973 3731002 3730601 3730700 3731002 3730601 7310564 3730404 7310564 3731002 3730519 9350114 7980973 6760481 6760857 9350765 3731002 3730404 9350765 3730877 3730404 5370200 7310601 3730241 6760857 3731002 9350765 3730229 3730241 6350601 3730700 3730519 7310601 3730404 3730114 7980973 3730241 6760942 3731002 3730241 3730241 7980973 7980973 3731002 7310765 7310404 3730765 3730404 3730601 7310601 6761023 3730241 6350765 3730519 6760601 7980973 3730200 3730981 3730877 3731002 7310765 6760481 3730765 3730700 3730241 7980973 3730981 5370829 3730765 7980973 6760857 3730765 7980973 7310404 3730519 3730981 3730928 3730981 3730404 3730241 5370200 3731002 3731002 6760942 3731002 3730241 3730229 7980973 6760942 7310404 3730229 3730601 5370200 3730981 3730177 3730404 9350765 3730877 7980973 7980973 3730765 3730877 3730981 3731002 3731002 3730981 7310669 1760973 7310404 3730765 3730601 3730519 6760942 3730200 6760857 7310601 3730229 6760857 7980973 3730519 7980973 6760481 3730114 3731002 6350857 7310601 6761023 6761023 3730229 3730177 9350700 5370200 7980973 5370200 7310669 3730004 7980973 3730241 7310404 3730229 7980973 5370829 3730601 3730928 7980973 3730241 3731002 3730241 7310404 3730229 5370200 3730519 3730241 5370200 6761023 7310601 8190765 3730877 6350765 3730519 3731002 3730993 6350601 5370200 3731002 6761023 7980973 6760857 3731002 7310601 6350404 7310404 3730404 6760601 3730404 3731002 3731002 9350765 6760857 3730404 3730229 7310564 3730829 3730765 3730601 3730601 9350580 7980973 3730765 3731002 6350857 6350404 3730829 7980973 6760942 5370829 6760857 7310601 3730241 3730241 7980973 3730241 5370877 3731002 7310669 3730993 3730700 3730229 7310601 7310404 7980973 3731002 3730404 3731002 6350765 6760481 3730404 3730241 3730519 3730404 9350765 3730404 3730114 6760601 3730981 7980973 7310765 7310564 6350765 9350114 3730241 6760857 3731002 3730601 3731002 7310765 5370877 3730519 7980973 3730241 3731002 3730601 6760857 6350765 3731002 7980973 3730404 6761023 3730404 3730404 6350601 1030993 3730241 6760857 3730229 3730519 7310564 3731002 3730241 3730877 9350114 3730404 6350765 9350114 3731002 5370200 3730877 7980973 3731002 5370829 3730981 9350765 7980973 3731002 2370973 7310601 7310161 3730229 5370841 3730765 3730241 7310601 6761023 3730177 6350601 3730229 6761023 3730241 7310669 3731002 3730241 7310669 1760973 6760857 3730241 6760942 3730404 3730829 3730177 6760942 3731002 6350404 6350765 3731002 6350404 7980973 9350700 7310765 6760857 3730229 5370877 3730519 7980973 3731002 7310601 3730601 7310564 9350765 3730601 7980973 3730765 7310404 5370829 7980973 3730601
3730177 6760942 3730177 3730241 3730877 3731002 3730993 7980973 3730829 9350700 5370877 3730829 6760601 3730404 5370829 3730765 3730404 9350765 5370829 1760973 8190829 3730519 3730229 5370877 3730981 3730404 6760601 3730928 6760601 9350765 3731002 5370877 3731002 3730981 3730229 3730004 3730993 3730981 3730241 3730700 3730404 3731002 3730829 9350700 3731002 3730829 3730829 5370877 3730765 7980973 6760942 1760973 7310700 6760601 6350765 3730829 3730981 3730241 8190829 5370829 3730404 7310700 6760857 6350404 3730177 3731002 1030877 3730229 7310564 3730404 7980973 3731002 3730601 3730700 3730241 9350765 3730601 3730404 9350043 7310765 6760857 6350601 6350601 3730404 3730646 3730981 9350700 9350765 6350857 3730241 3730114 5370877 3730241 7310564 6760481 3730177 3730700 3730241 3730981 8190829 3730241 5370371 3730241 8190877 3730177 5370829 7980973 9350564 3730241 3730765 1030993 6760481 3730241 7310765 6761023 6760601 3730601 3730404 8190519 7980973 6760646 3730877 3730114 9350564 6760481 5370829 5370877 3730829 3730765 6760857 3730765 3731002 3730519 7980973 3730829 7980973 5370829 6350765 6350765 6760601 3730404 6350601 9350114 6350404 3730829 3730981 3730928 6760601 3731002 9350700 3730229 3730601 9350114 9350564 3730241 3730114 5370877 3730177 3730981 6760857 6350601 7980973 3730981 3730177 3731002 7980973 6350765 3730877 3730241 6760857 7310765 6760481 3730241 6760601 3730928 3730765 1030993 6350765 7980973 10110857 6760857 9350765 3731002 3730114 7980973 9350114 6760646 7310601 6350601 8190519 6350601 3730241 3730829 3730829 7980973 7980973 3730601 5370200 6350765 3730765 6761023 7310669 6350857 6760601 6761023 3730519 6350601 6350765 7980973 3730241 6761023 6350765 6760601 3730241 3730229 3730601 3730700 3731002 6760646 7310601 3730765 3730229 5370877 1030829 6760942 3730404 3730241 3731002 3730404 6350765 3731002 3730829 5370877 3730404 7980973 7310404 5370877 3730601 3730700 6350765 3731002 6350765 6760601 9350114 7980973 3730829 3731002 5370877 6760481 6350601 3730981 6350765 3730601 3730601 5370829 9350700 3730829 6760857 8190765 3730404 7980973 3730404 6350601 3730877 3730829 3731002 7310601 3730765 7310564 6350404 6760601 3730829 3730241 9350765 3730765 3730241 1760973 3730229 6760857 3730519 3730700 6760857 3730765 3730241 3731002 3730601 3730404 3730601 3730700 6760942 3730877 3730601 3730981 8190877 3731002 3730981 3730765 6350765 3730601 3730404 9350765 3730519 7310765 3730404 3730981 3730601 3730765 7310404 5370877 3730241 7310404 3730601 6760646 3731002
3730829 3730981 5370829 5370829 3730241 7310404 3730177 3730765 5370877 3730229 6760601 7310669 7980973 3730241 3730601 6760857 5370829 7980973 6760601 6760857 3730114 3730601 7980973 3250857 3730877 3731002 3730829 6760857 6350404 5370829 3730928 3730601 3731002 1760973 6350765 3730981 8190765 6760857 9350765 3730829 9350765 3730601 3730601 7980973 3730404 3730601 6760942 3730981 3730177 3730404 3730601 9350700 3730829 9350564 3730601 3730241 6760646 9350114 3730519 3730601 3731002 3730241 3730646 7980973 3730981 6760646 7310765 3731002 5370877 6760601 6760601 3730981 6760601 7980973 7980973 3730700 3730877 5370829 8190942 3730241 3730519 6760942 3730646 7980973 5370829 6760601 3731002 3730928 7980973 6760857 8190519 7980973 3730601 3730404 5370829 5370877 6761023 5370877 3730765 5370877 3730404 6350857 3730601 7310765 6350765 3730877 5370877 3730241 5370829 8790857 7980973 7310601 6760857 7310601 6350857 5370829 3730700 3731002 3730829 3730241 3730877 4630200 6760646 8190829 9350700 3730601 5370877 3730700 3730829 5370829 3731002 6760857 6760601 3730241 8190765 7310601 3730981 9350765 7980973 6350601 3731002 6350601 3731002 8790857 6350601 6760857 7310601 3731002 6350601 3730829 9350765 3730601 1030993 6760942 3731002 6350857 5370829 3730981 3730765 5370877 6350765 6350857 8190877 3730981 7980973 6760601 3730519 9350765 3730700 3730114 6760481 3730765 8190969 3730765 6760857 3730229 6760857 1030993 9350700 5370877 3730404 5370829 8190877 3730981 6350601 2760857 6761023 6760857 6760857 3730114 3730519 6760601 3730404 3731002 7980973 7310404 8790857 3730229 7980973 3730981 3730765 6350765 3730601 6760481 3730004 6760857 4630200 5370829 7310601 3730114 3730241 3730404 6350601 3730404 5370829 3730519 9350765 3730519 3730765 3731002 3730877 6350404 3731002 6761023 3730765 6350857 3730765 7310601 5370877 3730519 3730700 7980973 8190765 3730177 3730114 3731002 3730700 3730177 5370877 3730229 3730829 3730877 7310601 3730177 8190942 6350765 7980973 6990481 3730229 6760481 3730241 3730404 6760942 3730829 3730177 5370877 6760942 6761023 6350765 3730601 3730404 6350765 7310765 3730829 6760857 3730229 9350765 3730114 9350700 2760857 9350700 3730241 3730114 3731002 3730981 8190765 6760481 3730241 8190829 8190765 3731002 7310404 3730601 3730765 6760601 3730241 3730241 5370829 8190765 3730229 7310564 5370841 6760857 3730765 3730700 9350700 3730114 5370829 3730241 5370877 3731002 3731002 3730601 3730765 3730877
8870741 8190765 6990481 8190942 8190687 3950371 4910200 6990481 4720544 4910481 3730404 8190913
4630200 8190687 3950371 3950371 8190942 3730519 1030282 7980973 1030829 1030993 7980973 3730700 7980973 5370829 2760857 10110857 9350043 7310601 9350924 8190942 3730241 3731002 5370877 9350700 1030829 4880973 1030638 7310700 5370371 9350646 8190942 5370829 1030829 1030282 7980973 5370371 8190829 9350564
7310652 4910200 7980973 9040580 8190942 9350114 8190765 5370930 9350580 8870580 8190829 7980973 5370580 8870580 9040580 7310601 5370877 9350580 5370580 2760580 8870741 9350560 8190937 8190877 8190765 4910200 8190765 3950371 8190646 9350765 5370071 7310601 6760942 2760928
3730981 3730993 3730519 8190829 6760601 3250857 8190765 3730241 5370877 7980973 9350765 3730829 8190765 9350700 8190765 5370841 5370841 8190765 3730241 6760942 8190765 3730993 8190765 6350601 3730829 9350700 3730601 8190765 8190765 3730993 6350601 8190043 6760601 3730601 3730993 3730700 3730993 3730177 3730765 3730404 9350700 6760942 6760601 8190937 6760646 2760857 3730404 8190519 8190877 8190765 8190877 8190765 5370829 3730993 2760857 9350765 9350765 8190765 2760857 3730993 3250857 8190765 3730601 6760646 8190829 6760601 8190973 4910200 3730519 8190519 8190877 3730829 8190877 6760646 3730765 8190765 3730700 8190765 6760601 8190829 8190829 8190765 8190877 3730981 9350765 9350765 6760481 8790857 8190687 8190765 8190942 3730404 8190937 3730981 3730241 8190942 6350857 8190765 8190942 9350765 9350700 8190765 8190942 8190765 9350114 5370877 8790857 3730404 8190829 8190765 8190765 8190829 5370841 3730993 9350924 8190765 9350700 5370829 8190765 8190969 8190877 3730877 3730601 8190765 3730601 3730993 8190765 8190829 3730700 8190942 8190942 8790857 8190969 6350601 3730241 3250857 6350601 4630580 8190829 8190942 3250857 3730993 6760646 9350765 8190829 3730765 6760857 3730993 8190877 3730877 9350765 2760857 9350765 3730993 3730993 9350564 8790857 8190765 3730241 8190877 6760646 6760601 3730765 3730404 6990481 3730241 8190942 3250857 3730601 3730700 3730404 8190829 2760857 9350700 2760857 8790857 3730993 8790857 8190765 8190765 3730241 8190829 3730404 3250857 8190877 8190765 9350700 8190942 3730404 8190519 9350765 3730981 6760646 1030282 8190772 3730601 8190765 3730404 8190765 8190829 8190687 5370741 3730829 8190765 8190829 8190765 3730114 8190942 8190519 3730700 9350765 6760857 8190877 8190687 5370829 8190371 9350700 3730404 6350765 8190765 8190877
3730646 8190973 3730229 3730993 3730646 8190829 8190829 3730765 3730981 3730993 8190765 3730700 3730646 3730765 1760973 8190829 3730700 3730765 3730700 8190765 3730114 3730765 3730700 8190765 3730241 8190765 9350700 3730601 8190942 3730829 8190765 5370829 5370877 3731002 3730241 9350114 3730601 3730829 6760942 8191023 3730241 3730177 8190765 4630928 8190765 3731002 8190877 3730877 3730765 9350114 8190877 8191023 3730114 3730981 8191023 3730114 9350564 3730404 3730981 6760601 8190942 8190765 3731002 8190942 3730993 9350765 8190877 8190877 8190877 6760646 8790857 8190741 8190765 3730981 5370741 6760601 3730993 8190765 8190829 8190765 3731002 3730981 8190942 6760646 3731002 6760857 3730601 3730981 9350700 8190829 4630928 8190942 5370841 8190687 8790857 8190765 3730404 8190765 6760601 3730700 3730765 8190765 6760481 8190687 6760601 8190765 3730993 9350700 3730646 9350765 8190519 3730241 8790857 3730241 2760857 3730993 3730981 3730928 9350700 3730829 4630928 5370877 3730404 9350765 8190646 9350765 3730928 8190877 8190877 3730404 5370829 3730241 8190765 3730241 8190877 9350765 8190829 8790857 3730981 3730877 3730241 8190942 8190765 8190829 3730404 3730241 8190765 5370371 8190877 3730993 3730519 8190877 3730700 2760857 3731002 8190877 8190765 3730404 8190829 3730404 3730981 9350114 6760857 3730765 3730981 3730981 6760601 3730241 8190765 8190942 8190877 3730700 2760857 6760646 6760646 3730404 8190877 6760857 8190765 4630928 3730700 3730700 3730114 3730981 9350700 6350765 3730404 8190765 3730241 8190937 3730404 6350601 6760942 3730404 3730700 9350765 9350765 3730241 8190765 3730993 3730700 3731002 3730601 8190765 3730177 9350765 1030829 3730829 6760942 3730765 3730601 3730404 6760481 3730829 6760646 3730829 6760601 7310601 3730765 3730241 8190937 3731002 6760646 3730765 3730981 3730241 9350560 3730601 3730114 3730404 3730241 1030829 3730177 8190942 3730829 3730765 3730601 8190765 3730928 1030993 3730993 6760942 3730241 3730229 3730241 3730601 3730404 3730601 3730981 6760942 3730601 8190877 7980973 3730993 3730404 3730241 8190765 3730981 8190829 6760857 3730241 4630928 3730646 3730700
8190687 9350765
8190071 3470894 2760857 8190519
1030292 4880973 4880973 1030292 4880973 4880973 7980973 2370973 7310161 5370841 2370973 4880973 4880973 4880973 1030282 5370841 3250857 7790841 4880973 4880973 1760973 1030200 1940973 1940973 4880973 4880973 4880973 4880973 4880973 4880973 1030282 1030282 5371023 5371023 5371023 250200 1030646 1030857 1760973 1030292 1760973 1030646 1030993 4630928 1030282 1760973 1030857 7980973 1030857 1030282 1760973 1030646 1030857 1031010 1030292 5370200 8871007 4990857 8190772 1030993 5370729 7980973 7980973 8190646 9350560 8190371 9350741 9350560 9350700 9350743 2760969 8870870 4880973 9350700 1030282 1030282 1030646 4630580 250200 5371023 5370200 1030282 1760973 1030282 4630200 1030646 5371023 1030646 1030646 1030646 1030646 1030282 1030857 1030282 1030638 1030282 5370200 1030282 7980973 1030282
1030292 5371023 4630200 250200 250200 250200 1030200 1030282 1030282 1030200 1030282 1030638 1030292 1030282 1030282 1030857 1030292 1030292 4880973 4880973 4880973 1940973 4880973 7310161 3730200 1940973 7980973 7310829 9350752 3950729 7310266 9710071 4630928
1760973 3731002 3731002 7980973 7980973 1030282 3731002 1760973 4630200 1760973 3730928 3731002 3730928 3730700 3730700 7980973 1030857 7980973 3731023 6761023 3731002 7980973 3730241 1760973 4630200 3730700 3730200 4630200 3730241 8190519 3731023 1030282 1760973 8191023 1760973 1760973 3731002 3731023 3731023 3730241 4630200 3731002 7980973 1030282 1760973 3731002 7980973 3731002 4630200 1760973 3731002 3731023 1760973 3730200 1760973 8190937 6350857 3731023 3731002 3731023 7980973 4630200 1760973 3731002 6760857 7980973 3730646 4630200 3731002 1760973 7980973 3731023 1760973 5370200 1760973 1030282 3730004 1030292 3731002 3731002 4630200 3731023 1030993 4630200 7980973 4630200 3731002 1030292 1760973 3730200 3731002 4630200 1760973 3731023 3731002 1760973 3731023 3731002 4630200 4630200 4630200 3731023 3731002 7980973 3731002 3731002 5370829 3730928 3730241 1030857 1760973 3731023 3730241 3731002 1760973 1030282 1030638 1030200 1030282 1030282 4880973 1030292 4880973 1030200 4880973 2370973 2370973 4880973 4880973 4880973 4880973 1030282 1030282 3730200 3730519 3731002 1030857 4880973 4880973 4880973 4880973 4880973 4880973 4880973 4880973 1030292 1030282 3731002 3730200 1760973 1030993 1760973 3730700 3731023 4630200 3731023 3730200 4630200 3731002 3731023 4630200 3730519 4630200 3730646 4630200 3731002 3731023 4630200 4630200 3730646 3731023 4630200 3731023 3730004 3731002 4630200 7980973 3730646 3731023 3730928 7980973 2370973 1760973 1030282 4880973 7980973 7980973 7980973 3731002 4630200 4630200 7980973 4630200 1030993 1031010 1030282 1030292 1030282 3731023 1030282 1030282 1030292 5370200 3731002 3730646 3731023 1030282 3730519 3730200 3731002 1030292 4880973 4880973 4880973 4880973 4880973 4880973 4880973 4880973 4880973 4880973 1030282 7980973 1030993 3731002 3731002 1030292 6761023 7980973 1760973 6760646 1030993 7980973 3730519 7980973 3731023 1760973 3730200 1030282 1030292 7980973 1030200 3731023 3730241 3730519 4630200 3730200 1760973 3731002 3731023 1760973 3730200 7980973 1030282 1030282 3730200 3730200 1030282 5370841 3730200 3731023 3731023 7980973 7980973 3730519 3730700 3730700 2370973 4630200 7310669 7980973 7310669 7310765 7980973 2370973 3730200 3730519 3730519 3730200 1030282 3730200 3730200 7980973 3730200 3730200 6760481 1030292 7980973 1030638 7980973 3730200 1030282 3731023 1030282 4630200 7980973 3730200 1030638 1030282 2370973 2370973 2370973 1030857 2370973 7310161 7980973 1760973 1030282 5370200 3731023 1030292 1030282 3730519 3730200 4880973 4880973 4880973 1030282 7980973 1030282 1030282 3730200 3731023 3731023 3730200 1030857 1760973 2370973 7980973 1030282 3731023 3731002 3730200 3730200 1030638 3730241 3730200 1030292 4880973 4880973 1940973 2370973 4880973 1030829 3731002 2370973 4880973 3731002 1030292
4880973 1030292 1030282 3731023 4630200 5370200 1030282 7980973 3730004 1030282 3730241 3731002 1030282 1760973 3731023 3731002 5370200 7980973 3731002 3731002 3731023 1030282 1030282 3731002 1030282 7980973 4630200 3731023 1030857 3730519 4630580 7980973 7980973 1030282 3731002 1760973 5370200 1760973 3731002 1030282 3731002 1030292 3731023 3730241 4630200 1030292 4630200 3731002 1760973 3731002 3730700 3730200 1760973 7980973 1760973 3730241 1030292 3730646 1760973 4630200 7980973 1031010 5370200 3730601 7980973 1760973 3731002 3730004 3731002 1760973 3730200 3731023 3731002 3730700 3730200 7310700 7980973 1760973 6760481 3730519 3730646 7980973 3730646 7980973 3731023 3731002 3731002 3731023 3731023 2370973 1030282 4630200 7980973 3731002 6761023 4630200 4630200 3731002 1760973 3731023 3731002 3731002 1030282 9350700 3731002 3731002 3731023 3730241 3731023 3731002 1760973 7980973 3730646 1030857 4630200 7980973 3730241 5370841 3730200 3730519 7980973 7980973 1760973 1030282 3731002 3730241 2370973 7980973 3730200 5370200 3731023 7980973 1760973 3730700 3730200 3731023 1030282 4630200 7980973 3731002 3730004 3730646 1760973 3731002 3731002 1760973 7980973 6761023 3731023 7980973 5370841 3731002 3730646 3730646 1760973 1760973 6760857 3731002 3730241 3731002 3730200 3731002 1030282 7980973 1760973 7980973 1030282 3730519 3731023 3731002 3731002 3731002 7980973 3730519 3730200 7980973 3731002 7310161 7980973 3730200 4630200 7980973 7980973 3730200 3731002 1760973 1760973 1030282 3730700 4630200 3731023 7980973 4630200 1760973 3731002 1760973 3730519 3730200 4630200 3730200 5370200 3731023 3731002 3731002 3730200 1030282 3731002 1030646 7980973 1760973 3731023 4630200 7980973 3730241 4630200 7980973 1030292 3731002 1760973 1760973 3730200 7980973 3730519 3731023 1030282 1760973 3731002 7980973 3730200 1030282 7980973 3731002 1030282 3730200 3730200 1030282 4630200 2370973 3731002 2370973 1030282 1030282 4630200 7980973 1030292 3730200 1760973 7980973 3731002 7980973 1030282 1760973 1760973 3731002 3731023 3731023 7980973 1030646 3730200 3730519 3731002 3731002 3731002 1030638 3730200 3730200 3731023 7980973 3730200 3731002 7980973 3731002 3730200 7980973 3731002 1760973 3730646 1760973 3731002 7980973 3730004 3730200 3730200 1030282 4630200 1760973 7980973 4630200 1030829 7980973 4630200 7980973 3731002 3730200 1760973 3731002 3731002 3731023 3730241
6760601 1030646 3950043 5371023 250200 250200 1030282 1030292 5371023 4630580 4880973 7310669 1030292 4880973 3730877 7310669 7310669 4880973 2370973 5370200 1030292 7980973 5370877 8190765 7310266 7310877 6350601 7310266 7310877
7790870 7790580 7790580 7790580 3950043 730519 7790969 1760973 3950043 7790580 7790870 3950043 7790870 7790870 8870043 7790580
1030282 4040200 8870580 7790937 8870580 4630200 5370841 730646 9350580 730741 730071 8870741 730928 5370371 5370371 730930 5370580 8870043 730646 730519 7790752
4040200 9350743 9350888 9350752 9350646 9350071 9350743 9350888 9350743 3730200 3950371 3731002 8190770 8190969 3950960 8190913 8190913 9350043 9350700 9350043 9350700 9350043 7790857 7790516 2760857 2760857 2760857 7790964
4720544 5370071 8190765 3730928 8790857 3700519 8190770 5370729 3930519 9350114 910857 8870424 4040200 9350114 1030638 4990857 3950729 1030200
8190829 3730928 8870772 8190896 5370200 1030282 4880973 1030200 1030282 4880973 4880973 4880973 1030292 4880973 4880973 4880973 4880973 4880973 4880973 4880973 4880973 4880973 4880973 1030200 4880973 1030200 1030292 4880973 1030292 7980973 4880973 1030200 7980973 1030282 1030292 7980973 1030292 1030292 1030282 1031010 3731002
2760743 7790841 3470043 3470580 4040200 7790516 8190071
3730519 1030292 4880973 1030292 1760973 1760973 4630200 4630200 1760973 1030282 4630200 5370200 3730200 1030857 3731002 1030993 9350560 7980973 9710519 8870580 4720857 9350700 3700580 8190829
4910200 8870043 7790969 7790913 3731002 8190942 4630857
7310266 9350888 7310601 9350580 4990857 9350700 8870424 8190969 9350560 3470205 8190519 3700205 9350924 2760560 8870424 8190646 7980973 3731023 1940973 1940973 3730928 9350888 8190960 8190741 6760646
7310700 7980973 3731002 7980973 7980973 1030292 1030857 1031010 1030200 1760973 5371023 2370973 1030993 4990857 7980973 7980973 4630200 9040969 7310877 4880973 2370973 2370973 2370973 1030292 1030292 1030282 3731002 1760973 4630928 1031010 1030857 3730200 1030282 3730177 1760973 3731002 8190043 3731002 4630200 1031010 1030292 1030292 1030200 1030857 3730928 4630200 8190646 8190043 3950371 1030292 3731023 1760973 1031010 3731023 1031010 1030638 1030292 1030857 1030638 1030638 7980973 1030857 1030638 1030638 1030638 250200 250200 5370729 1031010 7980973 1031010 250200 5371023 1030646 5370729 5370200 4630200 1760973 4630200 4630200 1760973 5370841 9350765 5370930 5370200 1030292 3731023 1030292 7980973 3731002 1030282 1030993 250200 4630200 250200 7980973 3731023 1030292 4880973 4880973 5371023 1030292 1030292 4880973 5370200 5370200 1030638 4630200 4880973 1030829 7980973 1030200 1030282 4880973 5371023 1760973 1030857 7980973 3731002 1760973 1030282 1030282 1030282 1030638 1030282 5370200 1030200 1030292 4880973 1030292 1030292 4880973 1030292 3730200 3731002
