204
null
null
8190560 3730993 8190646 3730928 7310200 1030292 7980973 3731002 4630200 4630200 1030282 3730241 9350770 8190894 6760601 7310601 3730993 3250857 8870770 3930519 8190404 8190961 4990857 5370841 8870969 9350772 7790200 4720200 7790969
8190687 3471023 3731002 3731023 8870770 3730241 7980973 7980973 7790937 9350772 8870942 730969 730519 8870969 4880973 1030292 1030282 5371023 5370841 3471023
4040200 5370519 5370200 5371023 5370200 5370519 7310646 250200 5371023 8190857 3731002 3731023 1030292 1031002 1030638 1030292 1030857 4880973 1030292 1030292 1030292 1030857 1031002 1030993 1030282 1031010 1030282 7980973 1030993 5371023 8190700 8190177 250200 250200 4630580 8190913 1030857 7310601 4720857 5370200 1030857 1030292 4880973 1030282 1030282 5371023 9350942 4630200 1030857 1031010 1030857 1760973 3731023 7310200 1030282 7310177 1030282 7310646 1030993 4630200 7310200 5370571 1760973 7980973 7790424 7310371 7310200 7980973 7310700 4630200 7980973 1030282 7980973 5370200 5370841 5370200 3730241 4880973 4880973 3730200 7310200 3731002 7980973
null
1031002 5371023 1030993 4630200 250200 5371023 4880973 7310765 1030282 1030282 1030282 5370404 1031002
4630200 1030292 5371023 5370404 3700205 8190942
3700969 9710205 9710743 6990481 3700969 9710969 3700770 9710743 2760580 4720969 4040200 4720200 9710752 9350564 9350564
3230560 9710752 1030292 1030292 1030292 1030857 1030292 5371023 4040200 7790961 7790961
6350765 6350857 9350942 2760580 4911023 7790741 7310601 1030993 1030282 7310829 6760942 2760964 8710519 3700741 3700969 3700969 5371023 1030993 5370200 5370841 5371023 5370200 250200 2760964 9350371 8190519 6760601 7310646 5371023 8190942 9040580 8870580 8870043 8710519 9710580 9710071 10110857 5370829 3700200
9710205 9710969 9710969 9710864 8710519 3700743 3700205 3700205 7790741 9710205 2760770 9710864 9710920 9350560 3700857 9040857 9040857 3470422 9710969 9710071 9710969 9710205
7790894 2760770 7790888 6990200 9710864 9710519 8190404 9710414 3230560 9710752 2760964 7790896 8190942 8190770 7790894 4720200 3700743 2760741
9710864 2760741 9710371 4911023 4911023 9710496 2080770 3700741 2760894 4911023 8870969 4040200
3230560 730371 730741 9710371 9710741 9710864 3950896 3700580 8870580 2760770 6660930 2760772 730924 7090973 9040857 2760964 6350404 8190942
730928 3700200 7530857 2760894 2760743 2760928 9710920 3700580 3730700 3730004 9350560 3250857 8190829 6990200 7980973 7980973 6990200 3230205 8190857 8190857 5231023 8190857 8190857 8190857 7530857 8870560 8190646 4911023 3730765 3950960 8190770
4630580 2760043 9710071 5231023 8190942 8190969 8190969 8190371 9040857 9350928 8190404 3700969 4040200 7530857 9350752 3230519 3470043 9710772 9710414 3700770 8190857 4630857 8190560 3700857 9710006
4630580 9710782 8190700 3951002 9710857 9710857 6760942 7310404 7530857 5371023 5371023 5370841 3471023 8190857 2760894 2760896 2760743 3730928 3950888 7980973 3700422 3700205 9350519 3731002 4630200 2760560 2760964 7090973 7090973 3471023 8710752 9710496 3730241 2760772 9350772 7790896 5370519 2760894
9710969 9350770 9710752 7980973 3730241 9350741 3730829 4630580 3230560 7980973 7310177 4630200 5370404 3730241 8190700 6760601 3730700 4630200 8190857 3730981 8190700 3731002 3731023 3730241 3731023 3731023 1760973 8190646 3730404 8190646 8190857 8190857 8190646 8190857 4911023 7980973 8190404 9350601 3730580 8190752 6350601 2760770 1030829 1030829 3731002 6350601 3730829 3730004 8190857 6760765 230857 9350743 5370071 1030282 6760857 8190700 5370841 8190177 8190913 5370200 6990200 7310877 6350601 6760601 6350601 3930857 8190829 3730004 3730646 3730993 9710371 9710371
730560 3700770 3700969 3730519 3730519 5370841 8190646 3470043 9040772 4911023 9710496 9710752 3731002 8190177 8190857 3730519 7310404 3730928 3730404 6350765 8710519 730560 2370973 7310371 6350601 9350930 3730580 3730241 3730601 3730114 5370741 6760857 3730993 6990200 1030993 7310646 3730928 4630200 8191023 9710864 3700743 3230560
8190942 9350924 9350741 3730993 8190404 9350770 8190560 2760752 8870580 8190580 7310646 730200 7310404 7310266 7310700 7310700 7310700 7310266 7980973 9350519 8190772 3700580 9350942 9350743 9350880 2760896 6350857 8190857 3731023 7980973 7310601 9350928 6760857 2760888 8190687 8190770 5370371 7310700 7310601 5370841 8190969 250200 7310700 7310646 5370200 6760765 5370200 5370829 5370200 7980973 5370829 5370404 7310646 7310646 6660857 7310829 3730928 6760601 9350888 6660857 7310700 8190700 8190913 8190913 3950960 9350601 250200 8190404 7530857 8190913 3930857 4990857 4990857 4990857 7310646 7310601 7310700
4630913 2760928 8190913 4630913 3230880 2760006 7530857 9710006 7790894 8190894 3950888 9710752 8870424 9710752 7790752 7790770 8190687 8870942 4040200 8190646
9710205 9040580 7790894 7790371 2760414 9350942 3730114 8710519 4911023 9710519 2760924 2760743 9710752 3470857 8870580 8190071 3700580 9710205 3730877 3731002 8190652 3930519 9040772 7790752 7310669 7310669 5370571 9350601 5370877 4990857 8190772 6350857 9350741 5370404 2760894 2760772 5370841 8190404 3730877 3470580 4040200 9350741 3700969
9350560 8190700 8190964 9350601 8190894 8190896 8190964 9710071 3700743 8190700 7530857 8190857 3700200 8870969 6760857 4720371 6760942 3730993 7310669 2370973 7310765 6350857 10110857 6760942 8190071 6760601 9350743 3730765 9350752 7980973 4630200 9710414 9710741
5110560 5110560 5110560 5110560 5110560 5110560 5110560 5110560 5110560 5110560 5110560 5110560 5110560 5110560 5110560 5110560 5110560 5110560 5110560 5110560 5110560 5110560 5110560 5110560 5110560 6270652 5110560 7310829 5110560 7310829 6270652 7310266 7310829 7310200 7310829 7310877 7310829 7310371 5110560 5110560 5110560 5110560 5110560 5110560
7310471 7310471 7310471 7310471 7310471 7310471 7310635 7310471 7310471 7310471 7310471 6270652 7310652 7310471 7310471 7310471 7310471 7310471 7310471 7310471 7310471 7310471 7310471 7310471 7310471 7310471 7310471 7310471 7310471 7310471 7310471 7310471 6270652 7310471 7310471 7310471 7310829 7310471 7310471 7310471 7310471 7310471 7310471 7310829 7310371 7310652 6270652 7310652 7310371 7310371 7310371 6270652 7310877 7310829 7310371 7310471 7310471 7310471 7310471 7310471 7310471 7310471 7310471 7310471 7310471 7310652 7310371 7310877 7310200 7310652 7310652 7310471 7310471 7310471 7310471 7310652 7310471 7310471 7310652 7310652 7310652 5110652 7310652 7310635 7310652 7310635 7310652 7310635 7310635 7310635 7310652 7310652 7310652 7310652 1940652 7310652 7310652 6270652 7310266 10140652 10140652 7310404 7310371 7310652 7310652 7310652 7310652 6270652 7310652 7310829 7310652 7310652 7310652 7310652 7310652 7310371 6270652 6270652 7310829 1940652 6270652 6270652 6270652 7310877 7310652 7310652 7310371 6270652 7310877 7310266 6270652 7310371 7310266 7310652 6270652 7310765 7310371 6270652 6270652 7310371 6270652 7310652 7310371 7310652 1940652 7310652 7310652 7310652 7310877 7310652 10140652 7310652 6270652 7310652 7310652 7310371 6270652 7310371 6270652 6270652 6270652 6270652 6270652 7310652 7310371 6270652 10140652 6270652 7310829 7310371 7310652 7310877 6270652 6270652 7310829 6270652 10140652 7310652 10140652 7310371 7310700 7310371 6270652 7310266 7310829 7310371 7310877 6270652 7310652 7310652 7310371 7310765 6270652 7310652 6270652 6270652 6270652 7310652 7310404 6270652 7310371 7310765 6270652 7310371 7310652 7310652 6270652 7310266 6270652 5110560 7310371 7310652 7310652 7310652 7310652 7310652 7310652 7310266 7310652 7310652 7310652 7310652 7310652 7310652 7310652 6270652 7310652 7310371 7310652 7310266 7310371 7310652 7310652 7310652 7310652 7310652 7310877 10140652 7310266 7310652 7310652 1940652 7310652 7310829 6270652 7310266 7310877 7310371 6270652 7310371 7310877 6270652 7310266 7310652 7310652 7310652 7310652 7310371 7310266 7310266 6270652 7310371 7310266 7310652 7310652 7310652 7310652 7310564 7310404 7310266 7310371 7310652 7310652 7310652 7310652 7310652 10140652 7310371 10140652 7310652 10140652
7310635 7310635 7310652 7310635 7310635 7310635 7310652 7310635 7310652 7310635 7310652 7310652 7310652 7310652 7310635 7310635 7310652 7310652 7310652 7310652 7310635 7310635 7310635 7310635 7310635 7310635 7310635 7310652 7310652 7310652 7310635 7310652 7310652 7310652 7310652 7310635 7310652 7310635 7310652 7310652 7310652 7310652 7310652 7310652 7310652 7310635 7310652 7310652 7310652 7310652 7310635 7310635 7310635 7310652 7310652 7310635 7310652 7310635 5110635 7310652 7310635 7310635 7310652 7310635 7310635 7310635 7310652 7310635 7310635 7310635 7310635 7310635 7310635 7310652 7310652 7310635 7310652 7310652 7310829 7310652 10140652 7310652 10140652 6270652 6270652 10140652 10140652 7310652 7310652 7310652 7310652 7310652 7310652 7310635 7310652 7310652 7310652 7310652 7310652 7310652 7310877 7310652 7310652 7310266 7310635 7310635 7310635 7310652 7310652 3730877 7310652 7310765 7310877 10140652 7310652 7310652 7310266 6270652 7310652 7310652 7310652 7310652 7310652 7310652 7310652 7310652 7310652 7310652 3730877 7310652 7310652 10140652 10140652 7310652 7310700 10140652 10140652 10140652 10140652 10140652 10140652 10140652 7310404 10140652 10140652 7310652 7310635 7310635 7310635 7310635 7310652 7310635 7310635 7310471 7310635 7310635 7310635 7310652 10140652 10140652 10140652 10140652 10140652 7310652 7310635 7310471 7310471 7310652 7310652 7310652 7310652 10140652 10140652 10140652 7310652 7310700 10140652 10140652 7310652 7310652 7310652 7310652 7310635 7310652 7310471 7310471 7310471 7310635 7310652 7310652 7310652 7310635 7310652 10140652 10140652 7310471 7310471 7310471 7310471 7310471 10140652 10140652 10140652 10140652 10140652 10140652 10140652 10140652 10140652 7310471 10140652 10140652 10140652 10140652 10140652 10140652 7310471 10140652 10140652 7310652 10140652 10140652 7310471 7310471 7310471 10140652 7310471 7310471 7310471 7310471 7310471 7310471 10140652 7310471 7310652 7310652 10140652 10140652 7310471 10140652 7310471 7310471 10140652 7310471 10140652 10140652 6270652 10140652 10140652 10140652 10140652 10140652 10140652 10140652 7310471 7310652 7310635 7310652 7310652 7310652 7310652 7310652 10140652 10140652 10140652 7310652 7310266 7310635 7310652 7310652 7310652 10140652 7310652 7310652 7310652 10140652 7310652 7310652 10140652 7310652 10140652 7310652 7310652 7310635 10140652 10140652 7310601 7310404 10140652 7310652 7310266 7310652 7310652 7310652 3730877 7310635 7310652 6270652 7310652 10140652 7310652 7310652 7310652 7310652 10140652 7310652 7310404 3730993 7310652 10140652 7310700 10140652 10140652 7310371 10140652 7310652 10140652 7310652 7310829 7310652 7310652 10140652 7310877 3730928 10140652 7310652 10140652 10140652 10140652 10140652 10140652 10140652 7310652 10140652 7310652 7310829 7310371 7310652 7310829 7310652 7310652 10140652 7310652 7310652 7310652 10140652 7310652 3730829 7310652 7310652 10140652 10140652 7310652
7790770 7790772 7790857 7090973 7090973 3950888 7790857 8190942 2760772 7790741 8190741 7790857 2760741 2760414 2760772 7790772 7790741 7790424 7790741 8870772 7790857 8190857 9040857 9040772 8190071 2760888 2760371 3230880 9350880 3230212 3700205 7790888 9710772 7090973 7090973 7090973 7090973 7090973 8190560 7790857 8870043 3230560 9710006 8190857 8711023 9710071 3470043 7790752 3470987 9710782 7790371 9710920 8190964 7090973 8711023 9710519 9710752 7790857 7790200 2760741 7790752 2760043 2760043 7790752 8190772 730969 9710580 7790969 9710969 9710414 7790969 9710414 9710496 9710969 2760894 8190894 8190560 8190646 8190071 2760772 7790888 2760043 7790857 3230212 4720857 3700741 9040857 9040857 9040857 9040857 9040857 9710205 2760043 2760371 7790371 7790741 8870770 2760071 7790969 7790752 9711002 3700422 4720969 3470580 3470580 3470580 9040857 8870770 8870580 8870580 3470580 3700969 7790857 2760924 2760422 2760422 9710043 3470043 7790770 7790752 2760770 2760422 7790937 7790857 8190687 8870580 9040580 3470580 3471023 3230880 8190857 3470580 3700969 9710969 8190857 7090973 7090973 8190857 3471023 7790857 3470043 7790770 8190857 7090973 7090973 5231023 5231023 8190580 7090973 7090973 9710006 7790741 7790857 3230205 7791007 3700422
8870924 3230212 7790857 7790937 3700422 2760422 3230205 3230422 3230880 730870 3230422 730928 8870560 730870 730870 4720200 3700200 7790964 2760888 2760930 2760930 2760752 8710519 7790371 3230560 3230560 3700205 9710205 4720857 4720371 3230560 3700205 3700772 3700422 3470422 7790371 9711002 3470987 7790857 3470772 3470987 7790371 9710752 9710752 9710496 9710864 8870560 9710422 7790770 4630580 9710205 2760924 9040580
9710006 3470857 8190770 3470857 3470857 8190752 3700205 3230560 9040580 7790888 3950888 3950888 3470580 8710519 730743 3700580 9040580 7790770 3471023 520969 8870969 4040200 4040200 8870969 4040200 4040200 4040200 4630913 9710371 8190371 9710371 9710371 3700205 7790741 7790741 4630857 9710741 3950896 3700743 3470987 9710414 3700205 730371 8870580 9710422 8870888 8870560 7790937 730770 9710772 8710519 2760770 2760743 7790770 7790888 8190646 8190404 5231023 9040857 9710006 4880973
9040857 8870770 2760741 9710864 9710857 8190857 8190857 8190857 7790857 7790969 3470043 7790896 9710930 7790857 7790857 8711023 730743 3731002 8190969 8190857 8190519 8710752 3470857 3930519 3930857 3700770 8711023 9710071 7790752 8190519 7790857 7790857 9040857 9040857 7790857 7790857 7790857 4040200 7790519 7790752 3930519 3700741 3700743 3700857 3700200 8190969 8190913 8870424 7790857 7790937 9040857 9350519 7790741 9040857 9040857 3700200 3470987 7790857 7790519 7090973 7790969 7790857 3470580 2760580 3230519 9710422 8870422 7790937 9710371 3700205
7790857 7790857 7790200 2760741 2760741 8870942 8190930 8190519 8190741 8190857 8190857 7090973 8190857 3700857 3700857 9350560 9710864 3700205 2760371 2760371 2760580 730519 7980973 5370371 2760928 2760580 730857 9350519 7790857 3950896 7790894 7790200 7790857 8190857 4630580 8190913 7790857 7790200 4720857 8190857 3731002 3730646 9710422 9710857 3470857 9040857 3730004 730857 2760371 5231023 9710857 5370743 3470987 9040857 7790200 7790857 8870043 2760580 2760422 7790200 7790857 7790857 8190942 9710782 3230205 8711023 9350741 8190969 8190752 8190857 8190857 5370772 3731002 8190857 8190857 8190930 7790857 5370519 730857 9350371 8870942 9040857 2760969 7790770 2760580 2760896 8870924 3700200 3700200 7790937 8870560 8190519 8870772 7790937 7790772 7790424 7790200 8190580 5370743 7790752 7790200 2760646 2760043 7790200 2761007 2760960 730880 8190770 8190560 8190969 8190687 2760964 7790857 7790894 7790772 7790857 8870772 730646 730857 8870424 8870772 8870969 8190969 8190772 8190969 7790857 8190687 8190404 8190942 8870743 8870743 8190646 5370743 2760580 2760043 2760043 2760770 2760043 2760770 7790371 2760928 3700519 2760928 8870422 7790424 7790200 7790857 3700519 8870924 8870424 730969 730770 8870424 7790969 3700200 8870924 9040857 8190969 7790857 7790519 7790894 7790200 7790894 8870043 7790857 7790969 3700772 7790200 7790770 8870743 4720857 7790424 8190913 9040580 7790937 8870772 9350371 2760752 730646 7790371 8870770 8870942 8870424 8190913 8870942 730928 730857 7790964 7790857 3700857
3250857 730580 8870043 730646 730646 8870580 7790937 3700200 730928 730519 730880 8870424 3700519 7790857 2760924 730857 730371 3930519 3700422 9710969 3930519 9710371 8190857 8190857 9710371 9040857 9710743 4630857 7790200 730857 730043 730741 7790770 730857 8190371 9710371 7790894 7790741 7790741 730880 3470580 9710580 3470043 7790857 7090973 1760973 1760973 1760973 730964 730969 8870743 8870969 3950896 8190969 910857 3470857 8190741 8190371 8190969 7790857 7790741 730772 7790371 7790741 7790969 7790772 7790371 7790371 7790371
730646 730071 8870743 730928 8870560 3950960 2760646 730812 730812 3700422 9040580 7790424 7790741 7790770 7790857 7090973 8191007 9710422 9040857 7090973 9040857 9040857 2760043 2760772 2760422 730928 8870422 7790200 730770 8870770 730964 8870580 8870969 7790857 7790937 7790741 8870580 7790741 8870580 730580 9710580 3700580 730741 8870580 5231023 8870580 730924 2760414 2760371 2760928 9350924 9350880 3230212 2760006 730519 8870580 8870580 2760741 730928 730212 3700200 9350752 5231023 9710006 2760371 730212 730043 730043 730043 730043 730043 8870043 8870043 8870043 8870560 730043 730043 730043 8870043 7790888 8870043 730580 730646 730580 730812 8870580 8870580 8870580 8870424 7790371 8870772 3700200 3700743 3700200 3700200 8870924 3730004 8190857 7790964 7790894 7790964 2760646 2760924 2760752 7790770 3470580 9710414 8870969 8870942 3230560 8870580 8870424 3230422 8870942 7790424 9040580 3950888 7790857 7790752 7790894 8190896 8190964 2760969 8870743 3471007 7790770 8870770 7790371 7790752 4040200 8870772 8870969 3700969 9711002 8870743 3950960 9710864 3700200 8190752 8190580 9040857 8190969 7790964 7790894 7790896 7790519 2760371 730371 730560 3700580 8870580 7790964 2760969 4720200 7790969 7790969 8870969 7790969 7790969 7790969 8870043 7790200 8870043 7790969 7790969 7790969 8870043 7790752 8870772 8190857 8190857 730857 9710864 3230560 9350741 730580 2760580 2760741 7790200 8870043
8190894 8710857 2760743 8190964 9710857 8190519 8190741 9350560 8190969 8190969 8190969 8190969 8190857 8190646 8190857 5231023 5370743 8190646 4630913 4630580 4630580 4630913 4630913 8190646 4630913 7090973 7790857 7790857 7790857 7790857 8190519 5370043 7790857 7790200 7790857 7790857 5370043 7790857 7790857 7790857 8191023 5370772 7790200 7790857 7790969 7790857 8550857
7790857 7790200 8870772 5370043 5370043 5370043 5370043 5370043 730770 730857 7790857 7790894 7790896 730646 730580 730580 730519 730519 7790969 8870043 8190857 7090973 8190857 8190857 8190857 7790857 8190857 8190857 8190580 4630580 8190857 4630580 3730646 3470580 7790888 7790888 8870580 8870043 9711002 730752 9711002 3470580 8190877 730928 730928 8870580 730741 8870580 730560 9350560 3700200 8870043 8870580 8870772 8870580 7790896 7790200 7790752 2760928 730770 730888 1760973 1760973 1760973 6350857 730560 7790894 8190519 8190752 7790964 3930519 2760969 8870969 7790896 7790772 8190646 2760071 2760580 2760071 2760043 3470422 7790752 7790741 9040580 3700969 7790371 7790371 8190519 9710371 9710743 2760752 2760043 2760772 9710422 730812 7790752 730560 3700519 3700519 9710864 3230422 3471007 3700205 7790519 2760043 2760894 2760964 2760894 8190894 3950896 7790200 2760896 2760043 2760043 2760896 7790964 2760894 3950888
4720969 9710422 9040580 3470580 8711023 3471023 3470772 7790741 2760924 3470857 3470580 8870043 3470580 7090973 4630580 4040200 9350560 9711002 7790200 7790200 7790200 7790969 8870043 7790772 8870772 7790772 7790969 8870772 8870560 8870560 730928 8870422 8870424 730646 730924 730928 730928 731007 7790200 730200 8870424 8870424 730646 730812 730928 3230560 730888 730969 2760043 730928 8870424 8870424 730928 730969 8870580 730646 8870424 8870580 730928 8870888 8190741 3730004 8870424 3230560 9710422 8870924 8870043 8870560 7790741 9040580 8870580 8870043 8870969 8870580 8870580 8870743 8870969 730580 8870969 731007 8870969 3700422 9710741 3700580 9040580 9040580 4720371 730741 8870043 8870043 9710006 8870424 730646 730928 730880 9350560 730969 730928 730880 730928 730371 730928 730880 730560 730928 730928 730928 730646 730928 730928 730928 730741 9350928 730371 730928 9350928 730646 730928 730928 730924 730519 730371 730928 730928 730200 8870424 730646 730928 730646 8870043 730928 730212 730928 730924 730928 3700200 8870580 8870580 730646 8870424 7790424 8870422 8870580 7790741 7790969 730371 730928 3700772 8870743 3700200 8190857 8190071 9710043
9710969 3930519 730969 8870560 9710205 3470987 2760006 2760741 2760043 2760924 3730580 8190071 2760770 2760741 8190071 8190071 8190857 8190071 9710496 8870580 9040580 3700580 9040580 3700205 3230560 3700205 7790741 2760560 9710920 7790888 730371 730371 3470580 3700422 3700741 7790964 7790964 7790888 730212 8870580 9710519 3470580 9710496 2080770 2760770 2760752 2760770 7790371 9710772 7790371 3471023 3700770 2760896 2760646 7790870 2760646 2760071 2760071 730961 3230519 730580 2760580 4720371 8870422 7790371 8190580 8190857 9040857 3470857 9710006 7790888 7790371 3470580 9040580 9710422 3950960 520969 4040200 9710864 9710864 2760371 3470580 7790741 3470857 3470580 9040580 7790937 7790894 3470043 2760371 7790888 7790888 730071 730770 730752 730928 3230519 2760422 2760422 7790200 9040580 3230880 8550857 9710864 9710414 3470580 730928 730928 2760043 9710043 9710580 9710864 7790741
730857 8870422 2760896 3230519 2760770 7790741 7790894 7790896 4720772 3471007 3700969 3700969 4630580 4630580 7790857 2760741 2760741 2760743 2760928 8870580 3470772 7790888 7790896 3700772 3950896 8190913 8190961 7790752 2760928 8870772 8870969 730741 8870772 4720772 7790964 3470772 7790888 7790964 7790937 4720772 4040200 7790770 8870772 8870772 3700519 3700772 7790519 2760646 2760770 7790870 2760371 2760371 7790519 2760646 7790937 3950960 730961 8870772 3700772 8870772 3230205 2760371 3230519 2760006 2760371 8190580 8190857 8190371 7090973 8190646 3470772 7790888 7790964 9040772 730880 7790969 7790969 7790888 2760743 2760071 5370043 730752 730071 730371 730880 7790969 7790424 7790371 7790371 7790770 9710519 8870580 3230519 8870580 9040580
2760964 7790964 730743 8870743 7790857 7790894 9040772 3700743 9710519 7790894 7790894 3471007 7790752 7790894 2080770 3470772 4720969 7790741 7790770 3470043 2760414 2760960 7790752 7790741 9710519 7790752 730880 8870969 9040772 8870969 8870770 730743 730371 4720772 7790961 9040772 7791007 7790752 7790964 7790894 7790964 9040857 7790519 7790894 3471007 730928 730928 8190857 7790200 8870743 8870888 7790964 8870743 730212 730741 730880 730880 4630857 3730004 7090973 7090973 7790741 7790424 3470043 7790894 8870888
9040580 9710006 9040580 3470422 9710743 3700857 3470043 8870580 730646 3700772 3471023 730812 2760752 2760422 7790741 3470772 7790857 7790371 8870743 8870043 9040580 9040580 7790371 9040580 3700741 8870580 3470580 3700422 3470043 7790752 3471023 8711023 2760924 2760422 730212 3700422 3700580 7790752 9040857 9040857 8870422 3700205 4720857 9040580 8870424 4040200 3700969 8870580 3700580 9040580 7090973 9040857 9040857 9040857 9040857 7090973 9040857 9710371 9710580 9710580 9710580 9040580 9710006 9710006 8870770 9710741 3470772 3470772 9710741 3470772 9040857
8550857 4720857 7090973 4630913 3950888 3470043 7790888 7090973 7790770 7790888 7790770 5370071 7090973 8190857 8870969 3471007 7790894 7790371 3470043 7790894 3470043 730857 7790857 3950960 7790857 9040857 3471023 9040857 7790519 7790857 7790857 7790894 7790519 7790857 7790519 9710496 8190857 7790770 3471023 3950888 3950888 3950896 3950896 7790894 7790896 4720969 8870969 4630857 8190857 7790857 7790857 9040772 7790857 7090973 3470580 9040857 9710920 9040857 7790857 3950888 7090973 7090973 7090973 4630913 7090973 7090973 8190857 7090973 4630913 7090973 7090973 7090973 7790741 3471023 8190857 7090973 9040857 7790964 9040857 7790857 7790937 3950960 3950896 9040857 8190646 7090973 4630857 8190857 8550857 7790857
3700743 3700741 3700743 8870580 8870580 8870580 8870580 8870743 2760924 2760924 8870924 7790894 3950960 3700741 3230422 4720371 4720371 9710371 3471007 9040857 9040580 3700969 3700969 730812 730560 3230422 3230205 8870969 3700580 730646 7790752 8870043 8550857 8870043 730928 8870743 730200 730071 730964 730743 730928 2760743 730928 730071 730371 730741 730770 730741 8870888 730200 730646 730560 730812 731007 730928 730928 730928 9350928 730928 730928 730880 730928 730928 730212 730371 730928 730928 730560 730928 730646 731007 730646 8870580 8870580 8870580 8870580 8870580 8870424 8870424 8870969 8870969 8870580 8870580 8870424 8870043 7790424 8870560 9040580 9040580 7790969 3470422 8870888 8870043 8870043 8870043 9710371 3700205 3700969 730928 3700580 8870580 9040580 7790964 3470772 7790772 7790937 3700969 3950960 8870772 9040772 9040772 3470772 9040580 9040580 3700422 3230880 7790937 3700969 4720969 3700772 9350560 3700741
7790888 7790964 2760924 7790371 7790371 7790741 7790424 7790200 3470043 7790937 730560 8870942 7790969 7790937 7790741 7790894 2760772 7790741 9040772 7790741 8870772 7790894 4040200 7790371
9040857 7090973 8190857 8190857 7790857 7790857 8870969 9711002 8870560 8190857 8190857 3950888 8550857 4720857 4720857 7790857 4720857 7790857 7790961 9710071 7790770 3470987 7790888 3730004 8190857 7090973 7790857 7790857 7790857 7790888 7790857 7790857 3471023 2760043 7790964 7790857 7790857 7790857 7790857 7790894 7790857 7790894 8190896 8190913 7790964 3700969 3700519 9710414 4720772 9710741 7790371 8870969 9040580 8190646 3470043 9710371 9710371 9710371 9710371 8870772 7790371 8870969 7790964 7790937 2760896 7790371 7790857 7790519 2760752 2760043 7790857 3950896 7090973 8190969 8870924 8190857 8190646 8190857 7090973 7090973 7090973 7090973 8190961 7790888 4720969 7790857 3470580 2080770 7790857 7790894 7790896 9710205 9711002 8190894 7790894 8190857 3730646 7090973 8190857 7790857 7790857 7790770 5370371 2760560 3470580 3470043 8190770 8190857 4630580 7090973 8190580 9710930 7790857 7790519 7790888 8870888 7790741 3950888 8190913 8190646 7790857 2760043 2760896 7790857 7790741 9040772 7790894 7790894 3470772 7790964 3470772 3470580 7790964 7790888 7790888
7790770 9710782 7790770 9711002 9710371 9710371 9040580 2080770 3950888 2080770 7790961 8870772 9710043 9710772 8190857 8190857 7090973 9040857 8190857 8190770 9710857 3700741 3700205 8190969 9710006 3700580 9040580 9040580 3700580 3700422 3700580 3700580 3700422 9710071 3700770 7790896 9040580 8190857 3730646 8190857 3470857 8870772 9040772 9040772 9040772 9040772 9710969 8870422 8870770 7790896 2760969 730928 2760928 8870743 9710422 9710920 8190857 4630857 3731010 8870772 2760772 2760006 2760741 9040772 9040772 3700772 7790870 8870772 3230212 3700205 9710422 3470422 3700857 3230880 8870772 8870772 3950896 8190857 2760888 8190741 9710864 8870942 3700205 9710864 8870969 7790969 7790772 3470772 2760770 3700422 3700205 3470857 8190770 3470857 8190770 3470857 3230212 3700422 8870743 2080770 2760743 8870888
4630200 7090973 9040857 3700580 3700580 8870942 9040857 7790964 2760924 8190752 7790371 7790969 7790752 9040580 3470857 9350928 8870560 8190752 7790857 7790964 8190752 7790969 8870888 7790964 7790752 2760894 8190700 730043 2760894 3700857 9350924 9711002 7790894 9710772 7790969 8870942 8190752 8190700 8870770 9350770 7790770 7790770 8870770 8870770 8870888 8190772 8870770 2760741 7790752 7790770 8190894 7530857 8870770 7790200 3730700 8190071
3950888 910857 8870969 9710414 7790200 730928 8870770 9711002 730560 8711023 9710519 9710519 9710519 8870772 7790969 7790969 7790969 7790741 7790969 8870560 7790424 3950896 7790200 7790969 730560 8870424 8870424 2760646 8190770 5370741 2760969 5370071 8870043 2760969 8870043 7790752 6660930 2760928 730888 5370772 8870772 2760960 7790200 7790424 7790752 7790770 7790752 7790770 8870743 730888 730857 730071 9350743 7790200 730770 9350371 730770 730560 5370043 7790770 2760071 7790371 2760928 2760894 8190560 7790969 7790200 8870969 5370371 8870969 730888 7790969 3470772 7790969 8190857
3700969 3700200 3700422 3700422 9710864 9040580 9040580 9710422 9040772 7790964 8190964 7790857 7790424 2760770 2760043 7790752 7790741 9710920 8870580 9710580 7790894 3950960 8190519 7790857 8870969 2760770 8710752 3470987 3230205 3230560 9710743 9710006 3470043 3471023 8710752 3700205 9350888 8190371 8550857 7790964 8190896 3700969 8190969 8190913 3700205 8870043 7790371 4720969 8870969 3700969 3700205 9040772 3471023 3700969 9710071 3470580 7790741 3950896 7790741 7790964 7790741 3700422 4630913
7090973 7090973 4720857 9040580 730646 730772 7790857 7790937 7790741 3700422 8190857 3700857 9040857 9040857 3700519 3700743 4720371 730928 3700857 730857 9350930 5370043 730857 8190580 4720857 7790857 8190913 9710743 7790857 7790857 7790857 7790857 520969 8870924 9040857 3470857 3700422 9040580 8870743 9710006 9040580 2760741 8870942 3700519 8550857 8550857 8870772 2760928 2760924 2760006 2760924 2760894 730772 5370043 2760930 5370772 5370043 7790200 7790200 7790200 7790200 7790200 7790200 7790424 7790870 7790424 7790937 9040580 3950960 7790969 7790969 7790937 7790752 7790961 8870560 8870942 8870043 7790961 8870580 730043 8870043 730857 730928 8870580 8870580 3700580 7790857 7790857 8870969 4040200 8870969 730857 730857 5370043 5370043 8870424 8870580 8870580 7790741 8190857 8190646 8870969 9710371 9710371 8550857 4720857 8870772 7790772 7790961 7790772 7790961 8870772 7790772 7790772 7790772 7790772
7790857 7790857 7790857 7790857 7790857 7790857 7790857 7790857 7790857 8190857 9710930 8190741 7790857 7790857 7790857 7790857 8870942 2760928 9710864 3230560 9710422 3471023 8190560 7790519 8190371 9710519 9040857 9040857 7790896 3950960 7790371 2760646 2760560 3230560 2760646 7790894 7790741 4630913 2760071 9710006 9710371 3230212 4720857 8190646 9040857 3470857 8870560 5231023 9040857 910857 3470857 8550857 7790371 2760969 7790870 3930519 8870969 8190700 9040772 7790857 2760580 9040857 9040857 4720857 3471007 3230560 9040580 4720371 9710006 7790371 8190772 8190371 2760741 2760646 7790752 7790371 8190519 7790857 7790857 3950896 3950888 3700205 3700741 4040200 3470857 9040857 9710519 3700519 8550857 8190646 7790857 2760071 7790857 7790519 7790519 2760043 2760964 2760646 2760371 7790424 8190772 3950960 9040857 3470857 9040857 3950960 8870422 9040857 8550857 8870772 2760928 7790752 7790752 7790870 2760646 7790964 2760646 2760969 9710205 9710496 8190646 7790200 7790424 7790870 7790371 7790888 7790937 7790752 2760741 2760422 7790969 3700969 7790770 2760580 730560 2760580 730212 3230212 3230212 9710422 9040772 4630913 7790519 8870888
7790200 7790857 3230519 2760422 2760772 2760741 2760772 2760743 7790772 7790371 2760414 7790752 8190857 7790857 7790857 7791007 7790752 3470772 3470857 3471023 2760888 730371 9710864 7790888 7790888 9710519 7790964 7790857 7790752 7790741 3470422 9710205 9040772 3471023 3471023 7790937 8711023 8870580 7790424 4720969 7790741 4720969 8870969 8870424 8870924 7790969 8870888 7790424 7790741 8870743 3950888 7790961 8710519 9710519 9710519 730812 3230212 2761007 4720371 730519 3230560 730646 3700519 8870942 7790961 8870560 3950888 7790964 7790888 7790969 7790752 7790741 7790371 730519 3230519 730212 730519 3470772 730519 730519 2760371 7790519 7790519 2760580 2760006 7790857 7790857 7790741 7790857 3230519 3230880 730212 3230212 2760741 3700519 9710422 7790752 8870969 7790519 3470772 7790888 3470580
2760969 3470422 3471023 7790770 8190857 7790371 2760371 7790741 7790741 7790770 7790741 7790741 3700770 8870424 4720200 3470987 730857 8870888 2760743 8870580 730924 8870743 730741 2760741 730928 8870580 2760924 730812 8870888 730212 730560 730741 730560 8870580 8870580 9711002 730880 730857 8870888 8870580 730580 730743 8870580 7790741 2760960 2760741 2760646 8870772 730924 8870942 8870770 730371 3230519 731007 730743 730772 730371 730964 730071 730560 3730646 3730993 730770 730772 2760772 730560 8190772 8190772 8190772 9710205 7790772 9710772 2760772 730752 730752 8710752 2760770 7790519 5370772 2761007 2760964 7790857 7790424 7790857 730071 730772 2760422 730812 2760006 8190371 3700772 730969 7790752 730371 2760371 3930519 730743 730519 9710205 2760743 7791007 7790772 2760580 2760043 2760071 730888 2760888 5370772 7790888 8190772 7790772 7790857 7790857 2760422 3230560 7790888 730870 730964 7790888 7790772 7090973 3230880 3230880 2761007 7790424 7790770 7790894 7790888 7791007 730772 730741 2760964 2760930 7790772 7790857 7790937 7790770 7790857 730857 8870969 8870888 3700200 4720969 9350930 9350930 730857 3731002 8190857 8190857 9710857 3700772 9710772 8190772 730772 2760772 3230519 2761007 7791007 2761007 7790752 7790870 7790424 7791007 730743 730770 7790857 2760770 2760752 2760770 7790937 7790772 4630857 9710930 2761007 3230560 2761007 2760580 7791007 7790371 8870772 4720772 7790424 2760930 2760924 2760646 2760580 2760043 7790200 7790894 7790752 7790741 7790857 9040772 2760752 230857 8870772 2760043 730857 2760772 730752 730743 8870422 730519 2760741 2760743 2760743 730880 8190857 4630580 8190857 8190857 7790888 8190857 3730004 8190857 8190857 8190857 8190371 8870888 2760071 730371 730212 730880 8870422 730880 8870772 730812 4720772 9040772 9711002 8870580 2760741 8870422 8870424 8870580
2760930 2760006 2760422 2760770 730560 2761007 7790961 3230205 3230560 2760770 2760752 2760770 2760770 3700741 730880 2760752 2760770 2760924 3470580 7790371 7790371 8870422 8870888 8870580 8870580 2760580 8870770 8870560 8870580 8870924 730071 8870888 8870422 7790741 8870770 4720371 4720371 8870888 7790371 8870772 730928 9710205 9710772 4630857 4630200 4630913 8190752 3230560 2760371 2760969 2760371 9710422 8870969 9710519 3230519 2761007 2760006 2761007 2761007 2760924 3230560 2760960 2761007 2761007 8711023 8190770 8190646 730772 2761007 2760422 4720772 8191007 8190772 2761007 730519 2760071 8870888 730371 730560 8190961 730519 730741 730212 2760741 3470772 7790896 7790770 7790896 4720772 2760741 3230519 2761007 7790371 2760741 8190741 7790969 2760964 3930519 2760071 4720200 8191007 8190961 3950888 3950896 2760414 2760580 2760043 7790200 2761007 7790772 2760741 7790894 2760896 7790894 7790964 7790937 9710371 2760969 2760414 8710519 3470422 8190857 7530857 4720772 730580 2760580 9710580 2760743 2760752 2760772 7790371 7790200 4720772 7790772 3470772 2760741 3470772 2761007 9710519 2760371 2760752 9710920 9710414 2760924 9710741 7790770 7790741 730772 2761007 2760772 4720772 7791007 8870770 2760969 3700519 7790857 4720772 8550857 9710772 7790772 730371 730560 2760043 2760888 7790888 7790870 730741 2760741 3470772 9710205 9710930 8710519 8190646 3731010 4630857 4630580 9350560 730857 730880 3230422 730772 730928 8870772 7790969 730880 9040580 7790969 3470772 2760371 7790371 3470772 2760560 2760560 7790961 9040772 7790772 7790752 7790741 7790770 3470772 7791007 4720371
4630913 4630913 9710857 9710371 7790371 7790741 9040580 7790741 3470580 4630857 4630913 4630913 3470857 7790200 8870043 8870043 731007 7791007 7790964 7790857 7790857 7790857 8870969 7790752 7790770 7790857 7790857 7790857 3471023 7790371 7790888 8870743 730880 730888 8870888 730928 4720200 8870580 8870580 730741 8870969 8870969 8870969 8870969 730646 730560 7790969 8870743 730969 730928 8870424 8870743 8870580 8870580 8870743 730646 8870969 730646 8870580 730928 8870424 8870580 8870888 8870969 8870743 8870969 8870424 8870424 8870580 8870969 8870743 8870580 8870743 8870424 8870580 4720200 8870424 9040580 8870580 8870580 8870770 8870743 9040580 8870770 8190930 2760043 9710580 9710580 8870770 8870770 4720200 2760772 2760580 730560 730857 9710930 8190752 1031010 1031010 1030993 7790964 7790894 2760894 730519 730519 4720772 7790937 9040772 3470857 7790857 3950888 9710864 9710864 2760741 4720857 7791007 2760646 7790964 7790961 7790964 730560 8870424 730741 2760928 730880 730880 3230212 730646 730880 730743 730770 8870580 5370071 730646 730857 730646 730741 8870580 730646 730880 3700580 730212 730928 8870424 730857 730928 730646 2760928
8870580 2760371 2760930 2760741 2760371 2760646 9710414 2760741 2760414 2760414 2760960 7790896 2760969 2760969 2760969 3700205 730969 2760560 730212 2760414 7791007 7790857 7790752 8870580 3950888 8190857 4630913 8190772 8190071 8190772 3230519 3230519 2760580 3730580 2761007 3730114 8190930 3730993 2760043 7790200 2760043 7790424 2760752 8870772 7790964 7790888 2760743 9710741 2760770 8190646 8190770 7790857 7790857 730857 3700205 2760371 2760888 2760560 7790969 2760741 3470772 7790752 7790896 4630857 7790857 7790888 2760752 2760770 7790857 730857 4720371 730741 7790772 2760071 730880 7791007 3730646 4630857 4630913 4630913 4630913 2760371 730519 7790857 7790857 8870924 730924 730519 730212 730519 730924 9710006 7790969 7790969 2760772 730743 3470772 7790961 7790741 7790969 3930519 2760888 4040200 2760964 730870 7790870 7790896 4630857 730580 8190894 3471023 3230880 3700422 9710422 4720772 2761007 730880 3230519 2760006 7790741 7791007 7791007 8190371 730857 7790857 3730646 4630857 8190857 2760930 2760043 2760894 2760894 8190519 2761007 730969 8870580 9710580 730772 730772 730812 730772 730880 730212 5370772 730560 3700772 730812 730212 730857 730812 8870772 3700969 730743 7790896 2761007 8870942 730857 2761007 730519 2761007 730519 9711002 730964 8870743 8870743 8870743 730928 9350770 8870743 730646 730928 730743 730646 730770 730928 8870424 730071 8870580 730928 730928 8870743 8870969 8870424 8870969 9350928 8190930 9350930 8190857 8190857 8190857 9350930 8190930 8190857 8190857 730752 2760752 2760960 730519 8870770 8870424 4040200 8191007 3730646 7980973 8190857 8190857 5370741 8711023 9350928 730880 2760422 7790770 2760422 2760752 7790969 7790857 7090973 8190560 8190071 3470857 9710969 730071 2760646 8190930 8190857 8190857 9040857
9710519 7790371 730560 2760006 3470772 7790741 9710371 9710371 7790857 3950896 3950960 2760414 2760770 7790519 2760752 2760043 7790200 2760752 2760043 7790752 8190687 3950888 3950960 9710741 7790741 7790964 2760772 5370930 5370519 7790519 2760960 2760071 2760071 9710519 8190519 9710006 3700519 7790519 9710519 8190519 2760414 9710519 9710519 3470857 9040857 9710519 9040772 3470772 9710205 7790857 7791007 2760371 2760071 5370772 730870 7790371 730560 730071 2760414 2760770 730772 730870 2760772 2760772 2760770 2760960 2760770 7790888 3470772 7790770 8190646 8870422 7790741 2760772 3470043 7790770 2760930 9711002 2760752 7790752 2760770 7790770 2760752 7790772 2761007 2760752 7790772 2760770 9710772 9040772 9040772 3730646 2760580 2761007 730212 9710519 3470772 3470772 7790519 3731010 4630913 4630857 3950888 2760770 2760580 730071 730924 9710580 730964 2760071 9710006 9710006 9710414 7790371 9040772 9710422 3471007 5370741 7790371 7791007 3470772 4720772 7790857 9710969 730770 9710205 9350371 730212
7790519 730560 3471007 8190857 9710519 7790519 2760560 9710519 9710519 9710519 9710519 7790519 7790741 9710519 3470857 8190752 2760414 3230519 2760371 730519 3470857 8190371 9040857 3470857 2760924 730870 2760772 3230422 7790741 3470772 3470772 3930519 9710741 9710519 9710519 730519 2760741 3470857 3470857 9040857 8550857 9710006 3471023 2760560 9040772 7790888 7790937 9710782 2760969 7790969 3470772 7790770 7790961 9710414 7790371 7790519 7790519 2760071 7790200 7790371 2760560 7790857 4630913 4630857 4630913 4630913 8190519 3470580 7790770 8190741 2760580 7790519 2761007 2760580 730212 2760580 730580 2760930 2760928 8190857 8190560 8550857 8550857 3470857 8190857 7090973 4630857 4630857 9710857 3930519 730969 2760414 3230560 2760560 7790519 2761007 4720371 3471007 3471007 9710006 7790888 7790371 7790888 8870772 8870772 8870772 730772 730752 730560 8870772 2760741 7790424 7790741 7790371 9040580 9040580 9040580 9040580 9040772 3471023 7790857 8870772 7790371 7790961 3470043 2760743 9710414
3950896 8710752 7790770 9710741 9710414 9710414 3700770 3950888 9710519 3700422 9710006 3230205 9710519 2760928 2760928 3230519 3700519 9710741 2760924 4040200 3700205 3700969 4630913 9710741 9710741 9710414 7790371 8870580 7790857 8190857 8190770 9710969 9710414 9710864 8190371 7790741 2760741 9710864 4720969 4630913 4630913 2760371 730560 7790969 730857 3700205 3950960 7790741 9710414 2760741 730560 8870924 8190857 8190687 9710864 730741 7791007 9040772 9710205 3471007 4720371 2760560 730870 2761007 3470857 730212 2760969 8190964 8190646 9710864 9710414 7790519 8190857 9710741 9710741 2760414 2760580 2760414 730519 2760741 3230519 3230560 3230422 9710205 3700770 8870969 730880 9711002 8870743 7790969 8870969 8870743 8870580 730741 730888 2760580 730770 2760743 9710414 730770 730924 730371 5370371 8870942 8191007 3731002 8190857 730519 8870043 2760928 2760772 2760043 730371 2760580 2760371 730371 7790741 9350560 8190942 8190857 8190857 8190857 8190857 8870969 4720857 8190772 8870743 9350924 3930519 9710371 8870969 3700422 7790969 8870969 4720969 3930519 2760741 2760371 2760969 9710519 730741 2760969 9710741 7790424 730741 730519 7790770 8870770 7790937 8191007
8870422 7790969 7790969 8870424 8870772 7790969 7790969 8870772 9040580 8870924 8870580 8870560 8870580 7790424 730646 7790969 9710920 3470987 7790888 8710519 3470422 8870743 8870888 7790200 7790741 7790371 7790371 8870422 7790964 3950960 7790888 7790894 2760888 3470580 8870743 7790741 3470580 7790961 7790857 3950888 7790937 7790894 7790888 7790752 7790896 7790857 7790857 4720857 7790964 7790770 9040580 2760924 730870 8190770 8190857 8190752 2760752 730857 2760580 7790519 2760580 2760770 9710580 7790888 8190857 3730004 5370043 2760043 2760043 2760646 2760043 2760043 2760043 7790772 730772 2760772 2760043 2760043 2760770 7790519 7790752 3470580 2760646 730580 2760422 730770 2761007 9710043 4720200 7790857 2760960 9710920 7790519 9710920 7790964 7790964 3230519 730812 2760580 2760580 2760071 2760580 2760560 2760580 2760580 2760752 5370071 8710519 2760741 9710864 2761007 730580 2760580 730888 730888 2760580 8710519 9710205 8870743 7790969 8870560 3950960 8870422 8870924 8870424 4720200 730071 730752 730646 730928 8870424 8870424 730928 3700200 730961 731007 8870424 730928 9350741 2760928 730928 3700200 9350928 3230519 8870888 2760928 730857 730519 730646 9350743 910857 8870424 730928 8870969 730928 730928 8870424 730646 730928 730646 730928 8870424 2760928 9350928 9350928 3700200 730928 730371 730857 8870424 730928 3700200 730646 9350924 730646 8870424 8870969 8870580 9350928 8870424 730928 730857 730646 730857 8870043 4720200 8870772 3700772 730880
4720857 7790857 7790857 7790857 7790371 4720857 8870770 4040200 3950888 4720857 7790857 4720857 2760071 730770 8870580 2760888 3730004 7090973 3730646 7090973 8190857 3730004 8190071 7090973 7090973 4630857 8190857 3230422 8190857 8190857 4630913 8190857 3950888 9710752 9350770 2760422 2760422 2760580 2760888 8190580 3950888 2760043 2760930 2760371 9710580 8870580 9040772 7790896 7790752 5231023 2760924 2760043 2760371 2760741 2760422 2760043 2760752 7790888 3470422 7790752 7790969 8870969 730770 8870969 730812 730560 7790770 3230519 3230519 730519 3470772 2761007 7790772 7790424 7790857 4630913 8190772 8190519 8550857 9040857 9710519 3700205 9040772 7790741 7790770 7790752 9040580 8870743 8870580 730880 730741 8870888 9350880 730071 730928 9350752 8870580 731007 730928 730964 730857 730857 9350880 9350924 730857 730857 730964 730928 731007 731007 730857 730857 730857 730857 730928 730857 730857 730857 730857 9350880 3731002 730928 2760928 8870770 8870424 730857 8870424 730857 8870743 730646 730928 3700200 7790857 8870969 8190964 8870969 730857 730857 8870772 5370519 730646 730743 730560 8870424 8870772 8870424 730857 8870888 5370743 8870772 730857 8870772 730928 8870743 9350519 8190930 7790857 8870424 8870743 8190646 730857 730857 8870580 8870580 4720969 7790200 7790741 3700741 8870772 730857 7790857 7790200 7790964 8870888 7790857 8870743 7790200 7790888 730646 8870770 7790371 730646 730857 8870924 5370743 8870969 8870888 4720200 4720857 4720857 4720857 4720857 730928 8870580 8870580 7790200
9710930 3700857 3700857 9350560 8190964 9350371 8710857 9710743 3930857 8710857 8710857 3700969 9350924 5231023 8190071 9350743 8190371 9350743 8710857 8190964 8190894 8190896 9350888 8190071 8710857 9350741 8870969 9710743 2760071 730743 8190964 9350743 5370743 9350743 9350743 9350743 2760964 8870743 5231023 7310371 9350888 730071 8870743 9350772 7980973 2760888 3470422 9350772 9350743 2760964 2760743 2760752 7790741 730857 2760371 730741 730743 230857 730857 9350880 5231023 730964 9350880 3930519 730071 730857 730212 9350560 8711023 730870 2760371 730519 2760371 730071 9710071 9710930 730964 9350772 730371 2760741 6660857 2760414 2760964 2760964 730752 3470987 8870770 9710969 3230519 2760964 9710519 9350743 2760894 2760071 2760964 2760928 9710414 8711023 2760646 730812 7790964 2760560 2760560 2760071 730560 2760743 2760928 2760770 8190964 9350888 3470043 9710519 9710371 2760743 730071 8870942 3250857 8190071 8710857 8190371 8190964 730964 8710519 9711002 2760752 8870942 9350743 9710772 2760743 2760896 8710857 2760743 9710519 2760741 2760896 3700969 9710205 9350743 9710857 8190964 2760371 8710519 730560 8870770 8710519 9710519 2760896 8711023 8190770 2760964 9710422 9710422 8710752 2760969 9710752 9710752 3700422 9710422
8870888 2760371 9710772 2760888 9710743 9710772 9710496 2760752 2760964 8710752 8711023 8710519 5231023 9710205 8710752 9710920 9710920 8711023 2760896 730880 730743 730371 9710519 8710519 8190772 730880 2760964 2760741 8711023 730741 8711023 5231023 2760964 8190969 9710422 2760371 5231023 8870772 2760969 730743 730741 9350770 9710930 3700519 8870743 2760071 3230560 730924 3700770 8711023 2760043 9710205 2760888 2760888 2760770 6350857 8190964 3700519 730964 5231023 8190930 8190772 8711023 730964 2760894 2760770 9710371 2760964 8870743 2760964 2760752 8711023 2760964 8710519 9350560 9350741 9710071 8190896 8711023 9710519 2760964 8711023 5231023 5231023 8710752 9710772 9710422 9350772 2760964 2760969 9350743 9350772 8711023 730964 5231023 2760743 730743 2760560 2760960 9710519 2760422 2760371 730752 3700200 5231023 9710371 3700969 2760770 8710752 9710772 730743 7790969 730924 9710519 8870888 9350924 9710414 2760964 9710205 5231023 9350888 2760964 9350371 730743 2760969 5231023 3700205 3730004 8190964 3730004 3730004 2760371 8870743 2760964 9350743 730071 2760964 2760969 730964 2760969 2760964 2760071
4630913 7090973 520969 8870942 9710857 3700200 9710496 9710741 9040772 7790857 7790857 7790857 7790200 7790371 8870043 7790969 7790200 3230519 2760770 9040857 8190857 2760071 2760006 9710006
3700969 3700969 7790964 7790894 3700205 3700969 3700969 8550857 3700205 8870422 2760422 9710930 730752 9350930 730212 730880 730857 730743 730071 730071 2760928 8870580 7791007 7790888 7790519 7790519 2760772 8870772 2760741 9710519 8190741 8190741 8190519 2760928 2760371 9350741 2760043 2760930 2760560 7790371 2760646 2760371 2760928 2760928 2760414 2760741 7790519 2760770 8870043 7790772 7790200 9350772 7790371 7790857 7790200 9710422 9350880 6660857 9350772 5370371 6660857 9350930 9350930 9350930 9350930 6660930 9350930 6660857 7980973 9350930 9350930 4990857 9350930 9350930 9350930 9350930 2760930 5370200 9350519 6660930 2760930 6660930 5370371 6660930 9350930 7980973 9350930 9350930 9350519 9350930 7980973 7980973 9350930 7980973 4990857 9350930 9350519 6660857 7980973 6660930 9350930 9350930 9350519 6660857 4990857 7980973 5370200 5370043 9350930 9350930 6660857 6660930 6660930 9350770 6660857 6660857 4990857 6660930 730857 9350930 9350770 9350772 6660857 730857 5370743 9350930 9350930 6660930 9350770 730857 9350930 9350930 9350930 7310646 9350930 6660857 9350752 9350519 9350930 9350519 9350930 7310646 6660857 9350519 6660857 6660857 9350930 6660857 6660857 4990857 9350519 7980973 8190964 5370930 9350930 6660930 730371 9350752 6660930 9350371 9350930 6660857 730857 9350924 9350930 9350930 9350930 9350371 9350772 5370371 7980973 730857 6660930 9350930 9350772 9350519 9350930 9350519 6660857 9350930 9350371 9350371 6660857 6660857 7980973 9350930 6660857 730857 730200
3700743 3930857 3700205 9710205 9710519 8190857 8190857 9040857 8550857 9350880 9350880 5231023 8190741 3730004 7090973 9710969 6660857 3230880 8190857 8190560 3470857 3700200 9040857 9710422 3950896 8190519 9040857 9040857 8190646 9710006 9710864 7790964 9710920 9710371 9710741 9710006 9710741 9710496 9710414 8190857 9710969 9350930 3700200 8870043 3700580 8870043 9040580 9040580 9040580 9040580 8870580 8870043 8550857 3470857 8190560 9710741 3700770 9710496 3700741 9710414
8870043 730212 8870043 730928 8870043 730928 730969 8870969 730646 730928 9350924 730857 730969 730928 730043 730200 730928 730969 730928 730928 8870424 9350928 730928 2760043 730200 9350928 9350924 9350880 9350772 9350930 2760928 6660857 9350928 2760930 730857 9350930 9350928 730772 9350928 730928 730857 730928 730928 8870772 730519 9350519 730212 730870 2760928 2760928 2760928 2760930 2760930 730870 2760043 7790857 8190519 3700519 8870924 7090973 7790857 2760414 3470043 7790741 2760770 8870888 8870888 8870924 7790857 7790857 7790519 2760071 7790857 3950960 7790857 8190930 2760930 2760741 2760646 9710422 7790519 2760928 8870888 2760560 8190580 8870422 9350930 730969 9350560 8870560 730857 9350560 730560 5370930 5370930 5370741 730870 730870 730200 730200 730870 9350519 2760371 730200 730200 730212 731007 730870 730200 730969 730969 730200 730928 5370200 730857 5370371 730200 730200 3230519 730519 730200 730200 731007 730212 8870424 730857 730857 8870043 5370043 8870424 7790424 8870770 7790969 2760741 8190741 7790857 2760924 7790857 7790857 7790741 8190519 730857 730212 8870924 8870969 9710371 7790857 8190519 2761007 3230519 5370519 8870560 9350741 3230519 730857 730870 730880 730870 9350371 2760371 730519
7790371 9710043 7790200 7790770 7790888 2760071 2760741 2760772 2760770 7790772 7790888 3470772 7790741 3700772 3700519 3700741 8870772 9710772 3700969 3700741 2760422 2760752 2760960 8870770 8870743 8870942 9350942 730969 5231023 9350371 8190741 9040857 7790857 7530857 3700200 9040580 8870924 3700200 8870942 8870424 3700519 8870969 3700200 730928 8870942 730928 7790964 3470857 3470580 8710857 8710857 4720857 9710857 9040857 2760930 7790857 8190741 2760924 3700519 3700200 3700969 9350770 3230880 3230880 3700200 3471007 3700422 3471007 3730646 7790857 8190646 3700200 9711002 730812 8870743 8870743 9711002 4720969 8870580 8870743 3470987 3700519 9710205 3230422 3230880 3230880 3230880 730212 730888 9350743 730924 8710857 2760071 9350880 8190857 3230212 3230422 8870969 730969 3700205 3230205 9711002 9710006 8190913 2761007 2760741 730770 7790752 2760043 8870743 3700422 3700422 3230880 8870969 8870422 3700422 3230880 8870422 730560 9710071 8870969 3700741 3700770 9710969 730928 3230212 3700200 3230422 3230560 3230422 3230422 3230212 4720772 3230880 730928 730812 730928 730560 730888 3230560 730519 730770 8870969 3700969 4040200 9350880 3700857 8870942 9710782 8710752
7790770 3471023 9710043 3470043 3470043 9710043 2760422 8711023 3470857 8190560 9710414 2760043 2760043 8710519 2760770 9710752 9710414 9710043 3470422 730560 8190580 8190560 9040580 9710772 7790894 7790894 7790894 730880 2761007 730752 730880 2760924 8870580 9710782 2760071 7790752 7790888 8190519 2760888 730964 3230212 3700422 8190071 3730993 9710857 8190652 9710743 9710422 9710414 7790741 3470043 9710414 2760414 9710043 3470043 7790937 9710519 2760928 3700519 3700580 4720200 3230880 730812 3700772 3700741 2760006 3471023 8711023 8190519 7790894 2760422 9710371 9710864 3230422 9710864 3730646 4630857 8190652 9710772 2760964 3470987 3470857 3471023 9710920 8190857 3730646 3730646 7090973 7090973 8190071 8190752 9710920 3471023 8190857 3730004 8190857 8190857 8190894 8190519 8190071 9710864 9040857 3730004 7090973 8190857 7090973 8190770 3470857 9040772 7090973 7090973 8190857
3470857 8190894 3470857 9710969 8190896 8191007 7090973 7090973 3470857 3730004 7090973 4630857 7090973 9710857 9710371 8710857 3470857 8190071 7090973 7090973 7090973 3470857 3470857 3731010 7090973 3730004 7090973 7090973 7090973 9710743 7090973 9040857 3730004 8190857 9710857 3700770 9710752 3730004 7090973 7090973 7090973 7090973 3470857 9710920 3700969 3950896 9710741 8190930 8190646 3471007 3700857 2080770 9710743 7090973 7090973 7090973 7090973 7090973 3700857 9040857 9040857 9040857 9040857 9040857 8550857 7090973 3731010 7090973 7090973 8190857 9710857 3950960 8190857 8190560 3950888 8190857 8190857 7090973 3470857 9040857 9040857 9040857 2760772 2760772 2760043 2760960 2760422 3230880 730964 8190371 9710371 9710920 3700741 3930519 3230212 9710006 9710414 3230880 3230560 2370973 1760973 8190560 8190913 9710371 9710496 9710205 7090973 8190857 4630857 1760973 7090973 8190646 3471007 4630857 3731010 4630913 3730004 7090973 8190371 9710857 8190964 3700422 3230422 9710205 3700422 9710752 2080770 9710519
7090973 8190857 731007 3700580 3700580 9040580 9040580 7790857 8190930 8190772 9710857 9710772 9710006 8550857 7790857 8550857 8550857 7090973 7090973 7090973 7090973 7090973 7090973 7090973 7090973 7090973 7090973 4040200 2760414 2760752 2760752 730741 2760969 2760071 8190560 8190071 8190964 3730993 8190857 8191023 8190857 9710422 2760371 9710782 8870743 2760071 8190964 8190857 2760964 7790770 8711023 2760741 3230422 3230205 3230880 8711023 9710414 2760770 2760888 2760772 2760770 8711023 2760743 2760043 9710920 1760973 1760973 1031010 1760973 2760960 2760924 8190964 9350371 9350741 9710782 3230560 3230205 9710205 8870743 9710752 9710752 3700770 9710071 2760969 8190371 9710496 9710414 730071 730870 2760646 2760580 7790752 3230880 8190857 4630200 250200 1031010 3730928 2760964 5231023 7790896 2760964 9710414 9710496 3950960 2760752 7790770 9040857 3470422 9710519 3230422 730870 8190857 8190071 8190961 9710864 4630200 1760973 8870969 3930519 3700205 730964 730880 3230560 3230880 3470422 3700200 8870888 3700205
3730519 5370519 5370519 9710519 8190857 8190969 8190519 2760770 2760770 2760580 8870422 2760770 2760646 2760752 2760560 2760770 2760006 3950888 7790937 8870969 4720969 7790969 7790969 4040200 9040772 9040772 7790969 730752 730752 730770 730924 730857 9350924 8711023 2760960 2760414 9711002 9350752 3700519 9350770 8190752 9710857 9350772 730519 730812 9710071 8190857 8190857 3230519 3230519 3230560 8190752 3730993 8190857 3470857 9350880 9350752 3230212 3230519 6660857 3230212 5370519 8870043 230857 730857 2760930 8711023 9710205 9710519 8190964 3950960 3950888 8190964 4720969 3230519 3700205 3230560 3950960 9040857 9040857 9040857 8550857 3470580 7790371 7790741 7790752 730812 2760560 9350888 730560 9710864 3700969 4720371 9710741 8870422 9710580 730857
5370741 730880 730371 4720371 8870743 730200 730928 8870580 8870422 8550857 8190913 3470857 730741 3230205 3230519 8870770 3471007 3950960 3700770 9710205 3950960 8870770 3230560 3700205 2760414 2760741 2760414 7790770 9711002 730200 730200 730646 730560 7790424 8870743 2760414 5231023 8870942 2760371 730043 8870422 3700857 9040857 9040857 730928 730924 730880 7980973 3731002 9350928 9710864 7790371 2760741 2760928 2761007 2760560 7790857 9710930 8870560 2760371 7790200 2760924 2760414 3470857 8190857 9350741 8870424 730964 3230212 2760580 730519 2760414 2760414 2760006 7790888 9711002 8190857 3950960 8191007 8870743 9710422 2760888 7790200 8710519 3700422 730580 8870580 8190913 3470857 9350880 3230422 8870770 8870560 730743 9710519 8190741 3471023 7790870 2760743 2760770 2760752 730743 9711002 5370743 5370741 5370743 8190857 8190071 3700857 730969 9350371 730880 3230422 9350942 3700969 730924 730043 730200 730870 2760928 8870772 2760422 4720969 2760741 3470580 730743 8870743 730924 2760371 9710580 9710741 8190371 8190371 8190894 2760924 2760924 7790964 7790896 730928 730928 730043 730743 730043 730043 8870043 8870043 8870888 9040580 8190371 8870888 8190071 8190913 7790741 730928 730870 3700200 3700969 8870969 8870743 7790371 2760646 2760928 7790741 8190896 3950888 730969 730928 8870743 8190371 8190913 3470857 3930519 8190560 3950888 9710205 3470043 3950888 8190071 2760752 730743 8711023
3731023 8870969 8870969 3230205 3230205 730812 730743 730371 8190969 9350924 9350924 730880 7790969 3470422 8870743 8870770 9710772 2761007 7790752 730071 8870770 8870743 9350888 9350743 8710857 9710920 8710752 8190371 4720969 3950960 3950960 3951002 7790896 8870888 7790896 7790894 5370743 7980973 730969 730560 3930519 3730519 8190857 8190857 8190857 3470857 4040200 8190857 5370371 7790371 3470043 7790371 7790857 7790896 8870743 730741 9710414 730924 3230422 2760928 3700422 2760928 2760928 7790371 2760006 2760414 2760371 730928 730880 2760043 730212 7790752 2760071 2760743 2760770 3470772 7790857 2760071 2760930 2760772 8710519 2760888 2760371 2760371 3230560 730880 3700200 8711023 8190857 9350924 9710496 9710496 8710752 2080770 2760960 2760043 2760888 2760071 9350888 9350371 8190371 910857 5231023 730924 9350924 3230880 3230422 9710414 9040857 9350752 3950888 730870 2760928 730772 2760928 2760928 730646 9350928 2760371 8870888 8870743 8870743 3230560 8190741 910857 9350741 730741 730880 7790894 3230422 3230422 8870560 2760743 2760894 2760743 9350924 8190964 3700205 2760924 3470422 2760371 2760928 730560 2760414 9350752 730964 730880 730646 730924 730371 730880 3470043 8190560 8870969 730857 730857 730857 730741 230857 5370741 9350770 8870043 9350924 3471007 730812 730519 3470422 2760371 8870580 7790857 8190580 9710857 4720857 9040857 9040857 3470857 4630913 3470857 9040857 8190071 8190371 3470857 8711023 8710857 3470857 9710857 9040857 9350888 9350770 10110857 730857 730741 3470422 5231023 9710969 3470422 8190071 3471023 7790741 9710920 7790519 7790964 7790888 7790857 7790857 7790857 5370772 8190519 7790857
9040857 8190857 4630857 4630857 4630857 7090973 9040857 9040857 9040857 3470857 9040857 3470857 3470857 4720969 4720857 3700857 910857 910857 8190969 910857 910857 910857 8190942 8190772 4630857 8550857 8550857 8190560 8190772 7790371 7790371 9040772 9040857 7790857 8190913 9040857 3700422 3700205 3700422 8870560 3700519 8870422 8190961 3700857 8870560 9350560 9040857 8870422 8191007 7790857 7790371 4720857 8191007 9350741 9710864 8190741 8190371 8190857 8190371 8190857 3730993 8190857 8190560 8190857 8190857 9040857 3700772 3731010 7790857 4040200 7090973 4630857 4630913 7790857 4720857 8190857 3730993 3470857 9040857 9040857 3950896 8190964 3950896 8870422 9040857 3950888 8190404 8190857 8190560 8190857 9040857 9040857 9040857 8190969 8870969 8190560 4630857 7790857 7790857 7790857 7790857 7790857 8550857 8550857 8550857 3930857 9040857 3700969 910857 910857 910857 8190969 7790857 7790857 8550857 8190519 8190519 7790857 9040857 9040857 8550857 8550857 4720857 4720857 4720969 3470422
3951002 3951002 3700857 7790857 8190857 730857 9350928 3230212 3230560 8190857 9040857 3470857 4720857 4720371 4720371 7790519 8190930 8870422 8870969 9350772 7790857 7790200 7790371 7790857 9350928 9350928 4720857 8870580 9350880 8190580 3230422 4720857 9040857 910857 9040857 7090973 8190646 8550857 8550857 9040772 9040772 5370930 5370071 3700857 7090973 9350880 9040857 4720857 4720857 8190969 9350880 730857 4720857 910857 3700857 4720200 9040857 8190741 3700857 4720857 3700857 4720857 9040857 9350928 8870580 4720857 8191007 9350880 3700200 8191007 3700857 9350880 8190857 3700200 7790857 7790857 9350928 8190560 8190560 5370519 8190857 8870772 7790857 730560 4720772 8870424 8190772 8190930 8190969 9350880 9350519 8190519 9350928 4720857 5370519 7980973 8190961 3951002 5370930 8190857 8190519 8870043 8190371 8190913 5370519 8190741 8190772 5370772 8190772 8190913 5370741 8190857 7790857 7790857 8190371 8191007 7790857 5370371 7790200 8191007 8190772 8190857 8190857 8190772 9350880 7790857 8870422 3230880 8870772 5370371 730857 8190913 9350560 7790857 4720857 8190371 8190857 8190772 2760772 7790857 8190371 8191023 3730646 8190857 8190857 8190560 730857 2760414 5370741 8190930 8190857 5370741 7790857 2760741 2760741 2760770 5370741 3230880 730770 9710496 8190646 9350770 7790857
520969 5231023 5231023 2760770 2760924 7790741 7790857 7790741 8190371 7790857 8190772 8190772 8190772 8190772 9350772 730880 5370741 730772 7790772 7790857 7790857 7790741 3731002 9350888 9350741 730857 730857 4720200 730880 3230212 8191007 730857 731007 5370519 5370043 730741 7790857 8870043 2760414 5370071 8190652 7790857 9350560 8870888 9350743 8190071 8190071 8190772 8190772 8190580 8190913 8190857 8190580 7790857 8190913 7790857 8190857 8190969 9040772 5370371 7790200 9350880 2760741 3730993 8190371 9350560 5370371 4720772 4720371 9350924 3230880 3700200 730371 9350741 3700200 9350928 3230560 730560 7790752 3470580 2760770 7790857 8190580 8190930 8710857 730371 8870969 9710205 3700205 9040857 4720371 4720969 8190741 8190969 730880 7790752 3700857 3700857 8870743 7790857 730071 3700519 9350743 8870743 8870743 7790969 4040200 7790969 3700969 3700743 3700519 4040200 8870888 730888 730519 730752 3700770 520969 9710071 8870969 3700969 9710857 7790857 5370930 7790888 8870580 7790857 8870580 3700422 8870560 9040857 7090973 7790857 7790741 9040857 8870043 8870043 9710205 7790896 7090973 3471023 7090973 7090973 7090973 7090973 9710422 3700205 520969 8190964 9710205 3950888 8550857 8550857 8550857 9040857 7790888
3950888 9040580 8190857 8190741 730212 730880 9710772 3230880 4720857 7790857 7790888 730646 5370772 7790371 9040772 7790424 5370071 7790200 7791007 731007 3700772 3230560 3230560 3230422 8870888 9040772 730880 7790519 2760960 2760770 730812 8870560 3230560 730560 3470580 7790770 7790857 7790857 4720857 3700772 3470857 730519 3230519 3230560 2760371 3700580 4720857 4720371 9710772 9710422 7790961 7790752 3700772 9040772 3950960 7790937 3950960 8870888 730870 731007 8190930 3731002 8190519 2760772 2760772 2760888 7790772 7790888 2760888 2760888 7790870 8870888 5370772 7980973 9350930 8870043 8870743 8870942 3950896 730071 6660930 6660930 9350772 730772 730870 730857 5370043 7790969 7790969 7790857 7790857 7790857 7790200 7790857 7790519 7790772 3951002 7790857 7790961 7790424 7790937 7790857
7790741 7790888 7790896 8190560 4720857 7790200 730857 9350880 8190741 9710857 7790857 8190071 7790519 7790857 2760006 5370519 7790969 7790969 7790424 7790969 7790969 8870888 7790200 8870043 3731023 3730519 3731002 3731002 3731002 8190857 8190519 8190913 730857 730857 730857 4720857 8191007 4720857 4720857 5370371 4720857 8190857 3731002 7980973 3730241 7980973 5370930 7790857 7790857 8870888 7790424 7790969 7790741 8870743 8190519 7790857 7790857 8190772 730519 9350770 6770857 6660857 730770 9350752 7790857 7790857 7790888 7790741 9350772 730741 4720857 3470857 8190857 3731002 8190857 8191023 8190930 3731002 3731002 8190930 8190857 7790857 7790857 8190969 730857 730857 730924 730924 730924 4720200 730857 731007 7790752 8870770 2760752 5370519 6660857 7790371 5370741 730646 730646 4720772 4720200 4720857 4990857 9350560 8870888 8190857 3950896 730646 730969 730857 4720371 4720857 4720857 3230560 8190969 9350741 3470857 7790857 3470422 4990857 730857 730857 730857 3700857 4720857 8870969 8870969 8870743 8870969 8870969 8870942 8190371 8190857 8190913 7790857 8190857 8190857 8191023 8190857 8190857 8190741 8190519 8191007 8190741 3950888 7790424 7790969 9350924 8870424 910857 8870969 7790969 8870743 8870888 7790371 730857 7790200 7790964 7790894 8870422 7790857 7790888 2760560 2760964 8870422 7790200 7790969 7790857 8870772 8870888 7791007 7790969 7790961 7790424 7791007 4720772 7791007 7790371 7791007 7790969 4720969 8870969 7791007 7790964 8870743 7791007 730743 2760071 7790752 4720969 4720969
9350741 3230212 8190071 9040857 2760888 2760071 8190942 7790857 7790857 7790857 9710864 8190371 9350560 9710782 9710920 7090973 8870424 3700772 8870043 8190371 4630580 3730928 3730993 10110857 3731002 7790857 7090973 9710741 3700969 9710071 9710071 7790770 8870772 7790888 3470580 730043 3731002 8190894 8190896 9710741 8190646 8550857 9711002 9040857 8190752 7090973 8190772
7790896 7790961 7790424 7790961 3700969 730880 8870772 3950896 7791007 7791007 7790424 7790937 7790894 7790894 7790896 7790371 7790857 9710864 7790741 9040580 7790519 7790519 7790857 4720371 2760414 2760422 7790741 7790770 4630913 4630580 9710422 2760888 8870969 7790857 3950896 7790894 7790896 7790896 520969 3700772 3700969 7790770 7790894 3471023 5370071 8870743 9350770 8870969 7790969 4040200 8870772 9710205 7791007 4720772 8870560 4720857 7791007 8870969 8870969 3471023 7790888 7790964 7790857 7790857 7790200 2760741 2760741 9710864 3470580 3470580 8870580 7790741 9040580 3950888 9040857 9040857 520969 9040772 9710864 8190560 3700969 3471007
5370071 5370743 2760371 4720857 731007 3230560 4720857 8870772 7790772 4720772 7790371 7790961 7790371 7790857 4720772 8190741 8191007 5370371 5370371 730371 730212 3471023 3471023 4720772 4720200 4720857 7791007 4720857 8870043 9350741 730888 3470772 8870772 7790752 4720857 7790857 4720857 7790857 5370772 4720772 4720772 5370371 4720371 7790961 2761007 8711023 4720200 5370071 7790424 8870888 7790741 4720772 7791007 7791007 2080770 3470772 3471007 7790888 4720857 3470772 4720857 4720857 9040772 3470043 7790969 7790961 7791007 4720857 8190857 8191007 8190560 730857 8870772 4720772 9040772 7790857 7790857 7790857 4720857 8870772 7790857 7790857 7790857 4720857 730857 8190741 7790857 3470043 3471023 7790888 7790961 4720857 7790961 7790961 4720772 7790961 7791007 7790961 7790896 3950888 7791007 3471007 7790857 4720772 7791007 7791007 7791007 4720772 3950960 7791007 7790969 4720772 7790424 4720371 7791007 3470772 3951002 7790964 7790964 7790964 7790752 9710782 2080770 7790857 7790752 3950960 7790857 7790961 7790857 7790857 7790961 7790857 4720857 7790772
7790969 8191007 7790857 7790857 4040200 7790969 8190752 8870772 7790752 7090973 8190752 5370741 8190519 7790200 7790969 4720772 4720200 7790894 4720857 3950896 3470987 5370043 7790857 7790371 7790857 3950960 7790857 8190969 4720857 3950960 5370071 9350519 8190646 4720857 7790424 7790857 4720772 7790969 8870772 7790857 7790857 5370741 3950960 7790424 7790857 7790424 7790857 7790857 5370772 8190772 7790424 7790969 7790969 7790772 7790772 7790969 7790969 7791007 4720200 7790857 7790857 7790857 7790857 7790961 8190969 7790969 8190969 7790857 8190913 7790969 8870770 730857 7790857 8190857 8190857 8190857 7790857 7790857 7790741 7790857 8190772 7790969 7790371 8191023 8190930 3731002 3731002 8190857 3730646 8190857 8190857 7790857 8190857 8190964 8190930 8190519 9350560 8190752 8191007 8190772 8190519 8190857 8190961 730857 7790857 7790857 8190580 8190913 7790857 8190519 8190519 9350560 8190913 8190930 8190930 9350772 7790857 8870772 5370404 8190772 8190857 8190770 9040857 7790857 8190772 8190964 8190913 8190964 8190857 8190857 8190857 8190857 7790857 3950888 7790424 7790770 3471023 8191023 8190913 7790857 8190519 8190519 8190519 8190519 8190519 8191023 8190646 7090973 8190857 8190646 8190646 8190857 8190646 7090973 8190913 8190857 8190913 8190913 8190646 8190913 3950888 8870743 3470857 8191023 9040857 7790857 9350770 7790857 8190752 7790857 7790857 5370071 5370071 8190741 8190930 9040857 3950960 8190646 7790200 9040857 8550857 8550857 8550857 8550857 3950960 8550857 9040857 8550857 8550857 3950888 3950888 8190071 3471023 8190857 9040857 3471023 9040857 9040857 3471023 9040857 3950888 7790857 3950888 3950888 9040857 3950888 3950960 3950960 3950960 3950960 9040857
7790857 7790857 7790964 7790888 7790964 7790741 3950888 7790896 8711023 730743 7790969 3700205 3700205 3700205 3700772 3930519 3930519 7790519 7791007 4720772 4720772 7790857 3950888 7790371 3950888 9040857 3950888 7790857 7790888 8550857 7790200 8190772 9040857 9040857 9040857 9040857 3950888 7790857 8190857 8190857 7790857 7790200 7790894 8190930 8191023 9040772 7790888 3950960 5370071 7980973 8190560 8190857 8190857 9040857 7790857 7790857 8190913 9350880 8190519 9040857 7790857 8550857 8550857 9040857 9040857 9040857 7790857 7790857 4630913 5370043 7790857 7790857 7790200 7790200 3950960 9040772 3950896 8190857 7790200 8190519 7790857 9040857 9040857 7790371 7090973 3950888 8190857 8190772 7790857 8190857 8190857 5370741 3700422 7790857 7790857 7790752 3470857 8190646
9040772 9040857 9040857 9040857 8550857 9710371 9710006 730212 3230560 4720772 7791007 3470772 7790519 7790519 7790752 7790857 7790772 7790741 8870770 4040200 520969 8870888 4040200 3700741 7790741 7790770 2760960 7790741 9710414 7790741 7790857 7790857 7790519 7790770 7790770 9710920 7790894 7790519 7790896 2760924 7790964 7790894 7790964 7790888 7790964 7790964 3230880 3470772 7791007 7791007 3470772 7790770 8870772 520969
8190930 7790857 7790200 7790857 8190646 7790200 8870770 7790200 7790200 7790200 2761007 2761007 4720200 7791007 7790200 2760006 3470772 3471023 7090973 2760924 2760924 2760924 2760371 2760071 2760071 2760888 2760414 3470772 7790896 7790857 7790772 7790519 3950888 9040857 3470857 9040857 8190741 4720857 4630913 8190646 5370743 5370743 2760930 730857 8190857 8190913 7790857 9710205 3700857 3700857 7980973 2760930 730857 730857 5370930 3731002 9350930 9350930 9350930 730857 2760043 8870770 7790969
7790752 7790857 9040580 9040580 9040580 3700422 9710006 9710371 9040857 7791007 4720857 4720857 4720857 4720200 7790888 4720969 8190371 7790857 8190741 7790741 7790857 3470857 8870043 7790857 7790424 7790770 7790752 7790371 2760741 7790770 7790964 7790896 4720200 4720200 9710864 2760741 7790741 8870770 7791007 5370743 4720857 4720371 8190580 3470580 7790741 3470580 3950960 7790200 8870772 7790772 9040772 7790371 9040772 730857 730772 7790772 8870772 3470772 7790772 7790894 9040772 7790896 8190580 3470580 7790894 3470580 9040580 9040580 7790424 2760646 3470043 7790741 3470043 7790894 4720857 4720857 4720200 731007 731007 3230880 2761007 3471007 2761007 3471007 7790896 7790857 7790857 910857 2760928 8870743 7790772 7790964 7790857 7790857 7790371 5370743 5370071 7790969 7790894 7790969 7790969 7790857 7790857 2760646 4720200 4720857 7790857 7790857
7790870 7790772 9040772 7790752 7790969 7790857 7790752 7790888 8870772 7790752 910857 520969 9040857 8190896 7790857 7790857 7790857 7790371 5370043 7790857 4720857 5370043 4720857 9710782 4720371 730961 9710920 9040772 9040772 7790961 7790961 7790772 8870888 8870772 3950896 8870743 9040772 3700969
3700743 730212 730212 730371 8870772 8870969 8870770 2760741 730212 3700969 8190857 8190857 9040857 7790752 2760770 730752 730071 8870770 8870743 520969 3470043 9710743 730519 2760422 2760772 2760043 730212 2760560 2760772 2760043 730519 3470422 7790894 3950896 8550857 730752 8870043 4630580 9040857 730772 730371 2760888 3471023 9710006 9710043 9350741 8190930 7790371 7790371 2760043 2760888 3470772 7790888 7790888 2760772 7790894 3470580 7790964 9040772 7790371 4720969 730969 730888 3230205 8870969 3930519 3930519 8870560 3470772 2760580 2761007 8711023 2760071 2760560 7790888 730888 9710772 3470772 730560 730560 8870043 7790371 7790961
7790857 8870969 7791007 7790741 730212 8870969 8870969 2760371 4720371 7790371 4720969 3700741 3470857 7790964 7790857 3950960 7790857 7791007 9040772 3470772 7790371 8870888 520969 4720371 7790961 9040772 9040772 8870772 7790200 8870888 7790888 8870888 8870743 9710752 9710969 3700741 7791007 2760752 2760071 7790888 3700519 3700205 8870560 3471023 7790741 7790741 2760043 3470043 7790888 7790770 7790741 3950888 8550857 2760071 2760422 2760422 7790752 7790519 7790770 2760924 9710496 8870580 2760580 2760960 3471023 9040772 8711023 7790770 7790961 7790424 2760006 3700969 4630913 4630913 7790894 7790770 3950896 7790741
8870969 9350880 8870770 4720969 2760422 2760928 3700200 7090973 7790424 9710422 2760894 730888 2760964 730743 2760743 7790200 2760580 2760646 7790857 8191023 7790857 3470857 2760752 2760960 7790770 7790770 7790770 731007 5370043 2760422 7790752 8190560 2760371 2760930 730519 730519 731007 730371 3930519 731007 8870580 8870424 2760560 2760560 7790857 7790937 2760560 8190519 8190519 3471023 8190519 7790888 7790857 7790896 730812 910857 4720857 4720857 9040857 8190741 730961 730888 730071 910857 8870969 910857 3930857 8190857 8190857 7090973 8190857 8190646 8190580 9350880 8190560 8190857 8190857 8190857 8550857 730857 730961 910857 730812 520969 730880 730560 9710043 8870043 7790969 7790200 2761007 3700969 3700969 3700969 730961 730969 7790424 7790937 2760043 3700519 3470422 2760646 8870888 9040580 7090973 730519 2760928 7790870 9350880 8870969 2760772 2760772 2760772 2760930 730043 730928 730043 2760928 2760928 8190930 8190857 7090973 7090973 7090973 7090973 7090973 730741 730212 7790741 9040580 8190913 8190969 3950896 7790870 8190772 7790857 7790857 2760560 2760924 2760006 2760414 2760414 8190857 7790857 8190560 7790896 2760772 2760560 2760422 7790964 3470772
9350519 9710071 8711023 9710071 8711023 3700857 3951002 910857 8711023 8191023 7790857 7790857 7790519 8711023 7090973 4720772 2760580 7790894 2760896 730212 4720772 9710006 5370371 730772 2760772 2760930 2760006 7790772 2760560 8870924 4040200 7790371 7790770 7790752 7790870 7790937 7790870 8190580 8870969 4720969 8870924 3470857 8550857 3700741 3700969 9710414 3700741 4720371 4040200 7790200 7790857 7790969 8870969 8870969 730969 7090973 7090973 4720200 7790772 7790964 7090973 730880 730772 730212 2760043 7790888 2760743 730961 730928 8870969 730969 8870424 2760043 7790964 7790741 7790741 9040580 7790888 9350928 3700422 730812 730928 7790937 520969 9710857 8190857 2760930 7790519 2760560 7790519 7790888 7790888 7790519 8870772 8870772 7790772 3700770 3700857 7790741 7790857 7790896 7790964 2760930 2760930 2760646 7790870 7790888 8190560 3950888 2760741 8190770 3470857
520969 520969 520969 520969 520969 520969 520969 8550857 8550857 8550857 8550857 8550857 8550857 8550857 8550857 8550857 8550857 9710422 9710422 3230422 3230880 3230212 3230560 3230880 3700969 3700422 3230880 3230560 3230560 4040200 9710422 7790424 7790896 7790964 7790752 3471023 4720371
9040857 8550857 8550857 4040200 9040857 9040857 9040857 3470857 8190741 9040857 9040857 8550857 4040200 8190857 3730928 8190857 8190652
7791007 3950888 7790857 7790857 7790857 7790857 8870924 7790969 7790371 7791007 910857 8870969 8870560 4720371 8190560 4720969 7790969 8550857 3951002 8870969 730560 8870969 4720969 7791007 7790969 8190560 4720969 4720969 7790969 7790969 7790969 3471007 8870888 730924 7790961 730560 8870969 7790969 7790969 7790888 7790964 7790964 7790969 730969 8870969 7790969 8870560 7790969 7790969 7790969 7790969 7790969 730870 7790969 4720969 4720969 8870743 7790969 7790969 7790888 3471007 730741 7790424 730961 730519 2760006 3700200 8870422 4720371 8870924 8870924 7790969 8870969 4720969 4720969 7790969 7790888 7790964 3471023 8870888 8870969 8870969 8870969 4040200 7790969 7790969 7790969 4040200 7790969 8550857 7791007 4720857 7790964 7790888 3471023 730071 2760422 8870743 8870924 730212 730646 7790969 7790969 4720969 7790888 3471023 7790888 8870969 4720969 7790969 7790969 8550857
7790888 7790770 7790752 2760043 2760770 8711023 3470987 8711023 7090973 9710519 5370043 7790752 2760071 7790770 3730004 7090973 7790857 7790857 7790857 7790888 3950888 2760772 7790857 7790896 7790964 5370043 2760930 3700741 8870888 7790896 8870770 7790752 8870560 730212 7790964 2760043 8870770 3470422 9040772 7790752 8870888 8870560 9710743 7790424 7790770 7790371 8870743 7790741 7790424 7790888 8870969 7790969 7790969 2760741 7790371 8870043 8870043 8870043 730924 8870743 8870043 8870043 8870043 8870043 8870770 8870770 730928 8870770 8870770 8870770 9040580 9040580 9040580 7790888 8870888 7790961 8870888 8870888 8870770 9040580 9040580 7790770 8870580 8870770 9350752 7790770 7790752 8870770 3470043 8870043 7790741 7790424 7790371 7790969 9711002 7790969 7790741 730924 7790741 8870969 8870043 7790969 7790969 8870969 520969 4720969 731007 8870043 7790969 730646 7790896 730888 8870969 7790969 4720772 7790969 7790894 7791007 8870043 8870770 9040857 3470857 8870043 8870043 8870772 8870043 8870924 9040772 7790888 7790752 8870770 9040772 7790894 9710043 7790741 7790752 3470043 7790770 7790371 3470043
8190770 8190071 9710782 3470987 3950888 7790741 9710496 3470043 7790770 7790770 7790752 3470772 7790937 7790752 3470772 3470043 7790371 4630913 3470043 7790752 3700770 8710752 8710752 9710071 9710371 3700741 9710071 9040857 9040857 9710496 3950960 2080770 7790937 7790969 2760743 8710752 2760770 8190913 2080770 3470857 730071 2760930 7790857 3470857 7790888 3471023 9710920 9710857 9710071 3470987 9710743 9710920 8870743 9710864 7790937 3951002 7790519 3950960 3471023 7790888 9040772 9710496 9040772 3470857 5231023 2760414 3471007 910857 3700205 9040857 8870969 2080770 9710969 3700969 8870969 520969 9710969 9710969 9710371 8190770 8190071 8190857 9710857 4720371 9710920 8710752 9710071 9710071 3470857 9710414 7790752 7790741 9350741 9710205 5231023 2760924 2760924 2760924 7790870 7790741 3700743 7790741 8550857 8550857
7790857 7790371 4040200 3930857 910857 8870043 5370371 7790969 7790964 3471023 7790896 7090973 910857 910857 910857 730857 730857 8870772 7790961 7790770 7790752 7790519 9710414 7790200 7790964 2760960 8190770 7790857 7090973 7090973 7090973 7090973 7090973 7090973 7790857 7090973 3470772 7790770 7790741 9710741 3700857 3930857 910857 2760646 2760930 2760930 7090973 4720200 9710741 910857 7790857 2760930 8190930 5370930 7790870 7790857 7790857 7790857 8190519 8190519 2760772 7790772 7790870 8190519 3470857 7790857 7790857 2760930 7790519 7790519 7790857 8190930 8190857 2760888 2760414 9710772 9711002 9710741 3470043 9040857 3471007 7790752 730961 4720772 8870772 2760930 2760930 8190741 3470857 7790371 7790857 8190772 8190580 7790741 7790857 7790200 730857 730969 910857 4040200 9710864 3470857 8190560 7090973 8870580 7790770 7790752 3470772 2760414 7790857 7790857 7790857 3471023 3930857 910857 9350519 8190519 7790857 8870770 3930857 7090973 2760741 5370043 9350930 8190930 5370930 4720200 730928 7090973 7790752 2760770 3470857 3470772 2760888 3950888 7790371 730560 2760043 8870043 7790964 5370519 730212 730857 3700857 8190961 9350888 8191007 5370043 9040857
1031002 5370200
6770857 3951002 3950896
3951002
5370930 5370841 7790857 8870969 4040200
3951002 4040200 4040200 5370200 7790969 7790937 3951002 3731002 8190857 7790200 7790200
5370571 3951002 7790937 5370571 3951002 5370930 5370404 5370404 1030857 9350772 4630200 730519 4040200 4040200
null
null
null
null
8870969 8870969
null
null
null
null
null
null
null
null
7790200
null
3700200
null
null
null
null
5370841 4630200 4630200 4630200 4630200 4630200 4630200 4630200 4630200 1030638 1030292 1030857 1030292 1031010 1030857 1030292 1031010 1030292 1030292 1030857 1030292 1030292 1031010 1030282 3731002 1030282 1030857 1030282 1030993
5371023
5370404 8190519 7790200
7790200
7790857 5370519 7790961
null
null
null
5370200 7310200 7310200 7310200
null
null
5370741 4720772 4630200 250200
1030282 7790857 1030282 5370200
null
null
250200 8870969 6770857 9350942 250200 5370519
null
4880973 4880973 1030282 1031002
5371023
4630200 250200
4630200 5370200 3951002
null
null
null
null
null
null
null
3951002 3951002 8870743
null
3951002 4040200
8870969 4630913 5370519 8870770
730928 3731002 4630200 8190652 1030282 7310646 1030292 4880973 1030857 7980973 250200 9350601 7310646 7980973 7310765 7980973 3731002 8190700 8190857 8191023 8190652 8190652 4630913 4630200 4630200 4630200 4630200 8870560 4630913 1030993 8190646 250200 9350601 5370841 4630200 8870424 4880973 1030282 3731023 6770857 5370200 1030993 1030993 4630200 4630913 5370519 1760973 4630580 4630913 1030857 5370200 1030282 4880973 1031010 1031010 3730200 1031002 1030282 5370404 1030993 250200
8870424 7790200 4630200 3730519 5371023 1030993 3731023 4630913 5370200 1030282 3731002 4630200 7980973 4630200 4630200 4720200 4630200 4630200 1030292 4630200 3731023 5370200 250200 3731002 3731023 4630200 4630200 1031010 3730241 4630200 8191023 250200 4630200 4630200 4630200 4630200 4630200 4880973 1030638 1030857 1030292 1031010 250200 5371023 5371023 5370043 5371023 1030857 1031010 1030857 1030292 4630200 1760973 5370519 4630200 250200 4630200 1031010 1031010 1760973 5371023 5370200 250200 5370571 250200 250200 250200 250200 4630580 1760973 3731002 1030993 4630200 5370200 5370200 5370200
null
1030292 1031002 1031002 1030857 1030282 1030857 1030282 1030638 1030282 3730241 5370200 250200 5371023 250200 5371023 5371023 1031002 4630200 1760973 4040200 4040200 250200 250200 1030993 4040200 3951002 5370519 4040200
8711023
null
5370877 4630200 7790961 4990857 730961 4630200 4720200
1031002 5370200
5371023 3951002
null
5370829 5370404 7790870 1030638 8870969 5370200 5370519 6770857 5370043
null
8870424
4040200 5370519 3951002 7790200 5370519 7790857 1030857 8190177 5370930 250200 9350601 5370404 4040200 3951002 8870969 7790200
5371023 5370200 8870969 8870969 3951002 4040200 7791007
6770857 6770857 3730114 5370841 6350404 8190404 6770857 1030993 6761023 7980973 7310646 1030282 6770857 5370829 1030993 5370404 3730229 3730519 7310564 3731002 4880973 1030877 4880973 7310161 6760765 6350601 8190700 8870942 3731002 3730519 1030857 2370973 1030829 8190700 8190404 8190652 8190942 250200 5370404 3730241 3730700 8190829 8190404 8190857 8870942 3730601 8190404 5370829 8190700 3730404 5370571 5370404 9350601 1030993 3730241 5370404 8190687 8190857 9350564 8870043 3730829 3731023 7310646 1760973 5370404 8190829 8190687 4880973 5370829 6350857 3730646 8190857 8190857 7980973 7980973 7310646 5370404 9710743 10110857 9350888 8190404 8190700 8190829 8190700 8190700 8190829 8190877 8190071 8190404 8190877 8190741 8190942 8190687 8190404 5370841 7530857 8190404 8190687 3731002 3730229 1030292 3730200 1760973 4630200 7310669 1760973 7980973 7310161 6770857 5370829 6770857 1031002 7310177 4880973 1030829 6770857 7310646 6770857 1030282 1030877 2370973 7310200 7310177 7980973 6760857 3730404 7310646 8190519 6760646 5370829 8190942 3730601 6760765 7980973 6770857 1030993 6770857 1030993 3730404 3730519 9350601 3730404 7980973 8190942 8190519 9350601 8190942 8190857 8190700 2370973 4880973 4880973 7310601 7310646 8190519 8190857 8190942 7310601 7980973 5370404 3731002 5370404 8190404 1030282 1030857 7310646 3730829 1030877 5370877 5370519 8190857 7530857
5370571 3731002 6350857 6760601 3730601 6350857 6760857 5370741 3730404 5370404 7980973 3730700 9350601 9350601 3730241 8190857 9350942 3730404 5370200 7980973 5370841 3730993 6760765 5370841 3730700 5370404 3730404 9350371 5370877 9350601 5370571 3730829 8190942 3730765 5370877 9350601 5370404 3730519 3250857 5370404 8190404 5370877 6760942 3730177 3731002 7310765 5370404 9350601 7980973 3730404 9350601 5370404 9350601 3730877 6350857 5370404 6350601 8190857 5370877 3730229 6760857 5370404 7980973 9350601 5370571 6760857 3731002 3730601 5370930 7980973 1031002 6660930 7310765 3730981 7980973 6760601 9350601 3730993 8190877 6761023 3730765 3731002 6760942 3730765 8190829 6760601 9350601 8190580 5370877 1760973 7310646 7980973 5370829 8190829 8190857 6760601 3730404 7310700 9350888 3730700 8190857 6760646 3730993 3730580 3731002 7310765 3731023 5370930 6770857 3730765 1030993 3730981 7310404 6760857 5370877 3731002 6760942 5370741 5370404 7310404 7980973 5370404 9350601 7980973 6760942 1760973 7310765 3730700 3730241 5370829 5370829 3730241 5370829 8190404 5370200 6350857 6350601 6350765 7310646 5370404 6760857 5370404 7980973 5370404 7310646 5370371 5370571 9350601 7980973 1030993 6760942 3730580 7310646 5370877 5370200 7980973 3730241 5370404 3731002 3730404 7980973 5370404 3730765 8190419 7310646 5370877 3731002 8190942 7980973 5370877 7310646 3730241 6760601 6350857 3730241 7980973 3731002 3731002 5370404 4990857 3730241 3730765 3731002 6760765 3730981 3730241 7310564 3730829 3731002 5370571 9350601 3730241 5370404 8190829 6761023 5370877 3731002 7310765 6760601 8190419 5370404 3730700 3731002 9350601 5370404 3731002 1760973 6350601 5370829 3730580 6350601 5370200 6760857 3730981 1760973 5370877 7980973 3730241 7310646 5370571 3731023 5370877 3730580 3731002 7310646 3730580 5370404 3731002 8190857 3730177 8190857 7980973 5370877 7310601 3730829 3730829
8190857 8190877 8190404 8190942 3731023 3730829 3731002 3730404 8190857 7530857 3731023 8190404 8190942 8190857 8190700 8190419 6760646 3730646 8190942 3950896 8870942 8190829 6990481 8190857 3730646 3731002 8190942 8190687 8190857 8190877 3730241 3730646 8190877 8190700 8870888 8190857 3730241 3950896 8190942 3950960 8870942 8190857
5370829 9350564 5370404 9350601 6350601 3730601 6761023 8190961 6760601 7980973 9350601 8190404 3730177 3730241 9350601 6350404 8190857 3730241 3730765 3730114 6760601 5370404 8190877 8190404 6760942 6760646 3730765 7310646 3730404 9350772 3731002 3730229 3730241 7310646 9350601 6350765 6760601 5370404 9350601 6760857 7310646 7980973 6760601 6760765 3730177 7310601 8190857 7310404 7980973 3730829 3730829 7310404 6350857 3730765 8191007 5370829 3730765 3730765 3730114 9350601 3731002 5370877 3730004 6350601 6350601 6760646 5370829 6760942 3731002 9350601 6760942 3730993 3730241 9350942 3730829 5370404 6350601 6350601 7310404 5370829 9350880 6760857 7310646 3730993 5370877 9350601 6350765 3730765 8190857 3730993 3731002 6350765 3730601 5370404 3730765 9350601 6760601 6760601 7310601 9350601 6760857 3730601 6760857 3730241 6350601 9350564 9350601 6760942 8190177 6760942 3730829 5370877 5370404 3730765 3730241 6350765 7310601 3730241 9350601 8190404 3730993 5370829 6760601 7310564 9350942 6350765 3730829 9350519 3730765 5370829 5370829 8190942 3730114 3730241 8190942 6761023 7310601 7310601 5370404 5370877 7310404 3730601 3730765 9350519 6350765 5370877 6760601 5370404 7310601 9350601 3730601 6350404 6350601 8190404 7310765 8190857 7310765 9350601 9350601 9350601 3730981 10110857 6760942 3730765 5370829 6350765 8190857 6350404 6760601 5370200 6350857 3730993 6760942 6350404 6761023 7310646 6350601 7310404 3730601 5370404 9350772 7310646 8190404 3730601 6350857 7310601 5370404 9350601 6761023 3730993 9350560 7310601 3730229 5370404 3730829 9350601 3730877 3730404 9350601 3250857 6761023 6350601 3730241 3730601 3730928 6760857 7310601 3730404 8190404 5370877 8190404 6760601 3731002 5370404 6350765 5370404 6350765 3730877 5370404 6760601 6760765 3730765 7310646 6350765 5370371 8190877 3730981 1030993 6760601 6760765 6350765 6760601 5370404 8190700 3730981 3730229 5370877 6350765 9350601 3730601 3730601 9350601 3730241 5370571 3730241 6760942 3730229 5370571 7310404 8190857 3730981 3730993 5370571 6760942 6760646 6350765 9350601 3730765 7310646 3730241 6350601 8190404 7310601 6760646 6350765 6760857 5370571 3730601 6350404 8190829 7310404 3730928 3730993 3731002 5370829 7310404 8190857 3730993 3730981 6760765 6350765 9350601 3730241 5370404 6350765 6350765 3730404 6760601 7310601 5370404 8190961 3730177 7310404 3730601 8190857 7310601 6350601 6350765 6761023
3730404 3730829 6350857 7980973 1030829 3730241 6350765 6760942 3730229 6760942 3730765 6760601 5370877 5370877 6760601 8190961 3730981 9350601 6760765 10110857 5370200 6760601 8190857 10110857 6760765 3730229 3730114 7980973 9350601 6761023 6760601 3730241 8190177 3730829 9350564 8190829 7310765 8190857 6350601 3730229 1030877 6350404 10110857 5370829 3730404 5370877 3730981 5370571 7310601 6760942 9350601 6760601 9350601 3730177 8190857 6760601 7310601 3731002 8190829 9350942 9350601 6760857 7980973 8190877 6760646 8190700 3730981 5370829 6760646 8190404 5370877 6350857 3730765 8190877 5370404 3730601 5370877 5370404 6350857 6760601 5370371 6760765 3730993 3730241 6760765 6760942 6760601 6760765 5370404 9350601 3730229 6770857 5370404 3730229 6760601 3730114 9350601 8190877 8190404 5370829 3730241 5370877 6350765 8190877 3730177 6760601 9350601 5370877 6350765 3730993 6760601 5370404 5370829 9350601 3730241 3730981 6350765 9350601 6350765 6760601 5370571 9350601 6760942 5370829 6760942 9350564 3730229 6350601 3730601 7310646 3730177 10110857 7980973 7310646 8190177 8190404 5370371 3730404 6350765 8190404 6350765 5370404 3730981 9350601 9350601 5370404 6350765 6760601 6350404 6350765 3730241 6760646 10110857 9350601 5370404 3730765 6760646 9350601 8190404 7310601 6760646 3730993 6760601 6760942 3730829 8190942 3730700 6760646 5370404 3730829 6760942 9350601 8190700 7310601 6760942 3730177 3730877 6350404 8190419 10110857 5370877 6760601 8190857 8190177 9350601 9350601 5370404 6760601 5370404 3730765 6760601 6760601 6760601 8190404 6760765 6760601 3730404 5370404 9350601 8190857 6350601 8190700 6350601 5370829 8190857 9350942 5370404 3730177 5370877 5370404 6760765 7310646 6760857 6350601 5370877 6760765 3730765 6760601 5370404 6760646 6350765 9350601 3730981 6760601 3731002 6350765 6760942 5370404 9350601 6350404 5370877 7980973 8190404 8190857 3731002 5370877 5370200 8190877 9350601 8190404 8190829 7310564 9350601 9350601 5370404 6760765 5370404 3730765 3730700 3730877 5370404 3730114 9350942 5370829 7310646 7310669 8191007 3730981 6760765 6350601 3730981 3730877 6350601 3730981 3730601 6761023 5370829 6760765 6760601 6760601 5370877 9350942 6760765 3730601 3730601 7310601 6350601 6760857 6760601 5370829 9350564 9350924 8190404 8190404 9350942 6350404 3730829 6350601 6760857 6760942 6990200 5370829 9350601 8190404 3730404 6350765 6761023 3730177 6760601 3730404 3730601 8190942 5370877
5370829 3730981 3730829 3730601 6990481 5370877 6350765 5370877 5370404 3730241 5370877 8190404 6760601 8190404 3730177 7310601 3730765 6350765 3730765 6760601 5370404 3250857 8190857 6760765 9350601 8190404 6350765 8190404 10110857 6760601 5370404 3730114 6760942 6350765 6760601 10110857 6760765 6760942 9350564 3731002 6350404 9350601 3730601 5370829 5370571 9350564 3730981 6350404 8190419 8190404 6760601 8190404 6760942 5370829 9350942 6350765 6350765 9350601 5370404 3730601 6350765 3730981 8190857 10110857 6350765 5370404 9350601 8190829 5370829 3730981 3730229 3730241 6760601 6760942 3730114 6760601 7980973 6350765 9350601 6760857 3730993 3730241 9350601 3730877 8190404 7980973 5370404 3730829 5370404 5370571 7310404 8190857 6350857 9350942 3730993 3730241 3730765 3730404 3730241 9350601 7980973 3730404 6760601 5370877 6350404 3730981 6760857 6350765 9350601 6760601 8190857 3730241 7980973 3730829 6760942 6760765 3730981 9350601 3730765 9350601 6760857 6350404 8190857 3730404 6350601 6760857 3730404 6350601 6350404 8190857 10110857 7310564 5370404 6350765 6350404 8190177 3730241 8190404 6350765 5370404 6760601 8190404 6350404 3730765 6760857 6350765 6760857 3730981 9350601 6350765 9350564 6350765 6760601 6760857 9350601 8190404 6350765 8190404 9350601 8190829 6760765 9350601 6760601 8190857 6760765 8190404 6760601 6760601 8190700 3730404 9350601 3730241 8190404 9350601 5370877 6990481 9350601 6990200 9350601 3730177 6760857 5370404 3730241 8190404 9350601 8190177 9350601 5370404 6350857 9350601 6350857 3730981 3730241 6350601 8190857 6760942 3730993 10110857 6760601 3730765 9350601 3730877 3730765 9350601 6350765 6350765 6760601 6760857 3730700 6350765 7310564 8191023 6760942 6350765 6760601 6760646 5370877 3730114 8190829 6760942 8190857 8190829 3730241 6760857 8190404 8190829 5370404 3730404 7980973 6760942 6350404 8190404 6350765 5370404 6350765 9350601 6760601 6350765 6760601 6760601 6760765 6350601 6350601 5370404 7310700 9350601 6761023 9350601 3730601 6350765 6350601 6760646 3730829 3250857 6760601 6760646 8190857 6760942 8190857 6350404 9350601 8190942 3730114 8190857 6760942 3730177 6760942 5370829 3730765 5370877 6350765 6760601 6760857 6350404 6760601 3730981 9350601 9350601 6350765 5370404 8190857 8190829 8190942 3730601 6760942 6760765 9350601 6760601 3731002 6760601 6760942 3730700 8190829 9350601 6760601 6350404 9350601 3731002 3730601 3731002 3730993 3730928 9350601 8190942 7310404 9350601 7310404 8190177 3730765 5370877 10110857 5370404 6760601 5370877 6760857 5370404 6760601 6760601 6760857 9350601 6760857 6350765 6760601 6760942 5370571 8190404 6760601
9350601 9350601 8190404 3730601 8190942 8190772 8190877 5370404 8190829 6350601 6350857 8190404 6760601 8190404 6350601 5370877 3730765 6760601 8190404 6350765 6760601 5370404 9350601 8190829 6350765 6760601 8190404 6760765 6760765 6350765 9350601 6760601 9350564 6760942 5370404 9350601 8190942 6990200 9350601 3730928 6760942 9350601 8190877 6760646 8190404 6760942 8190404 9350601 6760646 5370829 8190404 5370404 9350601 8190419 8190404 6990481 3730877 5370404 9350601 6760765 9350601 6350404 8190877 6350765 8190404 8190877 5370877 6760601 8190404 6350765 8190404 9350601 6760601 8190700 8190700 6760765 9350601 3730601 6760646 8190404 6350601 6990481 5370829 9350564 8190404 6990200 6990200 6760942 8190877 8190700 8190404 6350765 6760601 8190404 6760601 8190404 9350601 6350765 5370877 6350765 7530857 6760601 6350765 9350564 9350601 8190404 9350601 8190404 8190877 8190404 6760601 8190404 8190877 8190404 6350765 6760601 6350765 6760601 3250857 6760646 6760601 6760646 6990200 3250857 10110857 6760601 8190829 6760646 9350564 3250857 3730177 6760646 5370404 6350601 8190404 6350601 6760601 6350404 8190829 8190700 8190877 5370404 8190177 8190829 5370877 3730404 6760942 8190404 6760646 9350601 8190404 9350601 6760601 6350765 4911023 8190857 6760601 8190404 8190829 5370829 6350404 8190700 5370404 3730765 8190371 8190404 8190177 6760765 8190404 9350601 8190177 9350601 6760601 8190404 8190404 6760765 6760601 5370404 3730601 8190942 3250857 6350601 8190942 6350765 9350601 3250857 8190700 6760765 6350601 6760942 5370877 6990200 9350601 8190942 9350564 8190829 8190829 5370877 6990481 9350601 6760942 9350601 8190942 6760942 8190371 8190404 6350765 8190404 5370829 5370877 8190404 5370877 6760601 8190829 8190877 6760765 8190404 6350765 9350601 6760646 8190404 10110857 5370404 9350601 8190404 6760601 9350601 6990200 5370829 9350601 10110857 6760601 6760646 3730229 9350601 9350601 5370877 5370404 8190829 6990200 8190177 9350741 6990200 3250857 6350765 9350564 8190177 5370877 3730829 8190177 8190700 6350765 8190942 5370404 8190404 6760765 4911023 5370404 5370877 5370404 10110857 5370404 6350765 8190877 6350765 8190877 6760942 3730241 8190700 8190700 8190404 6350601 6350601 8190404 6350765 6760942 6760857 6990200 3730601 9350880 6350404 3730700 6760857
3250857 9350601 8190404 3250857 9350601 3250857 3250857 8190829 5370404 3250857 3250857 8190404 9350601 9350942 8190404 9350601 8190942 6990200 9350601 6760646 8190177 8190877 8190961 8190404 8190371 8190877 9350564 8190177 8190961 9350601 8190877 8190404 9350601 3250857 8190687 8190177 8190829 8190942 6990200 6760601 8190404 3250857 5370404 8190404 8190829 6990481 8190829 8190829 8190700 8190404 8190419 3730241 5370404 6760646 9350601 8190404 8190404 6760646 9350601 9350564 9350601 9350564 9350601 8190700 8190829 6760601 9350564 6990200 6760601 3250857 8190404 8190829 9350601 9350601 9350601 8190404 9350601 8190404 6990200 9350601 8190942 6760765 4911023 6760942 9350601 7530857 8190404 2760924 8190829 9350564 6990200 6350601 6990481 8190404 9350564 8190404 6990200 6760601 8190700 8190404 9350601 6990481 8190419 9350601 5370404 8190942 6990481 8190942 8190700 8190829 8190404 6990481 6990200 8190829 6990481 8190404 5370877 3250857 6350765 8190404 9350601 8190700 9350601 7530857 4911023 3250857 8190404 7530857 6350404 8190829 8190404 8190877 8190404 8190404 8190877 6660857 8190877 8190404 4911023 6350404 3250857 8190752 8190700 9350601 8190404 9350564 9350601 8190700 6990200 8190877 8190829 9350942 6990200 8190942 8190404 6350765 7530857 8190404 9350601 9350601 9350942 9350601 8190404 8190404 8190404 9350601 8870942 9350601 3250857 8190404 8190942 4911023 8190404 8190700 3250857 8190404 8190404 9350601 8190404 9350601 9350601 4911023 9350601 9350564 6760601 8190700 3250857 6760601 8190829 5370877 9350601 8190404 9350942 8190829 5370829 9350601 4911023 9350564 9350601 8190404 9350601 8190404 5370877 8190404 8190700
7310404 7310877 7310601 7310601 7310669 7310564 7310601 7310371 7310829 7310404 7310829 7310266 7310371 7310404 7310404 7310601 7310877 7310404 7310829 7310765 7310829 7310700 7310829 10110857 7310161 7310601 6350404 7310371 7310266 7980973 7310404 7310829 7310601 7310877 7310877 10110857 7310404 7310829 7310877 7310646 7310404 7310765 7310266 7310877 7310765 7310877 7310601 10110857 7310700 6350601 7310700 7310765 7310829 7310404 7310404 7310700 7310877 7310404 7310564 7310601 7310371 10110857
9710864 6990481
1030857 1030282 4630200 1030282 4630200 5371023 4630913 3471023 4911023 1031010 5371023 4630200 4630913 1030857 1031010 4630200 1031010 1031002 5370772 1030993 250200 250200 7790857 4630200 4630913 1030993 250200 5370519 250200 4040200 250200 250200 5370519 6770857 5370200 4880973 1031010 1030292 1030857 1030292 1030638 7980973 4630200 8190519 5371023 5371023 4630200 250200 4630200 4880973 1030292 4880973 4880973 4880973 4880973 1030292 4880973 4880973 4880973 1030292 4880973 6770857 1031002 1031002 1030292 7980973 1030282 250200 250200 5371023 1030993 5371023 5371023 5370841
8870942 8190930 8550857 4630200 1031010 1031002 1031002 1031010 1031010 1030292 1030292 1031002 1030292 1030857 1031002 1030292 1031002 1031002 1031010 1030638 1031010 1760973 5371023 5371023 1030282 1030282 4630200 1760973 5371023 1030292 1031002 1031002 4880973 4880973 1030292 1030638 4880973 1030292 1030292 1030292 1030282 5371023 250200 7980973 5370772 7790200 250200 5370519 8190404 8190829 3731023 4630200 1031002 1031002 1031002 1030857 4880973 4880973 1030638 1030292 1030282 4880973 5370200 8190652 250200 4630200 4630200 1760973 4630200 1031002 4880973 2370973 4880973 4880973 1030282 1030282 250200 8190652 7310200 3250857 8870580 2760752 5370071 9350942 6770857 7790937 730870 8190857 6350404 7530857 1030993 1031010 1031010 1760973 4630913 8190652 3730646 3731023 8190646 1030292 4880973 4880973 1030292 4880973 1030282 4880973 4880973 4880973 4880973 4880973 4880973 4880973 4880973 4880973 4880973 1030292 4880973 1030292 4880973 4880973 1030282 1030993 5370519 5370519 250200 250200 1030857 5371023 1030292 1030857 1030292 1030292 4880973 1031002 1030292 1030292 1030282 4880973 7980973 7980973 1031010 4880973 1030638 1030638 1030282 250200 1030993 5370519
8190857 8190829 3731002 5370877 3731002 3731002 8191007 3731002 3730765 8190857 3730601 3730580 3730004 8190419 6350404 6350857 8190857 3730700 3730700 6760857 7980973 5370404 3730765 6760857 5370841 6760601 8190930 3731002 7980973 3730404 8190404 8190404 5370404 3730229 8190652 3731002 8190857 8190857 3730928 7980973 3730114 8190857 3730004 3731002 3730981 3730580 7980973 5370404 8190857 6760765 5370404 8190371 5370404 8190580 8190877 8190419 9350601 8190772 8190857 3250857 9350601 6760646 9350564 3730700 6350601 8190857 5370404 5370571 8190687 8190741 9350601 8190700 8190857 8190404 8190404 3730004 8190857 8190857 9350942 4630200 9350601 3730829 8190829 8190419 3731002 8190857 3250857 9350601 8190829 8190700 8190646 8190857 8190857 8190942 8190404 8190857 5370877 6760601 3730404 8190700 8190857 3730993 8190404 3730765 9350601 5370877 9350601 6350404 8190404 5370404 6760942 6350404 8190857 8190404 3730700 8190404 5370404 8190404 8190942 8190857 8190404 8190961 9350564 3730993 9350564 4630580 6350404 8190404 8190404 5370841 8190580 8190419 9350601 5370404 8190404 8190580 8190942 6760646 8190857 8190404 5370571 8190829 9350601 8190857 9350564 8190404 8190857 3730601 3730700 8190857 8190942 8190877 8190404 8190857 8190829 8190404 8190687 6760601 8190580 5370741 8190404 5370404 8190857 8190942 8190942 8190404 8190961 5370404 8190829 5370829 8190404 5370404 5370404 8190404 9350601 8190700 5370071 8190829 5370877 8190700 9350601 6760646 8190419 3250857 9350942 8190687 5370404 6760765 8190877 8190942 8190772 9350601 8190961 8190419 8190700 8190404 3950888 3730229 1030282 5370404 8190652 1030993 1030993 8190772 8190404 3250857 8190404 8190404 8190560 9350601 7980973 7980973 1030638 2370973 1031010 4880973 1030282 4880973 1030292 1030292 3730200 7980973 9350601 5370404 8870924 6761023 3731002 7980973 3730981 5370877 8190177 8190942 8190404
3250857 8190877 5370404 9350601 8190942 6760601 8190519 4911023 8190404 1030857 1030282 6761023 1030993 8190519 1030993 1030993 1030993 6760601 1030877 1030877 5370571 1030993 8190741 1030877 7310564 6770857 6770857 4880973 4880973 4880973 1030282 2370973 1030993 8190519 8190177 3730241 1760973 5370571 8190700 8190404 3730241 3730241 3731002 5370829 1030857 1030282 1030638 1030638 1030829 3731002 3730177 7310601 5370404 8190404 3731002 3730404 1030877 1031010 3730200 7980973 3730241 1030638 8190177 8190829 8190700 5370404 8190177 9350601 1030993 7980973 8190404 8190687 8190700 8190404 8190404 3730765 4880973 1030829 6770857 3731002 3730519 8190942
3730229 5370877 8190829 8870942 4990857 3730993 9350564 5370043 8190404 8190700 8190700 8190700 9350601 7310601 7980973 6760857 3730928 3730829 7310669 5370743 8870942 8190687 7530857 3950960 8190942 8190652 8190894 8190770 8190404 9350564 6350601 6350601 8190071 7530857 3700857 8190404 8190404 6990200 8190687 8190829 8190700 6990200 8870942 9350564 1030993 7980973 8190419 7530857 7530857 8190371 4880973 1030993 4880973 8190404 8190700 8190404 3730241 8190913 8190700 8190404 8190404 8190404 3250857 8190404 3730700 3250857 8190829 7310564 5370404 2370973 8190404 1030292 9040857 6760646 8190829 8190404 5370829 8190404 8870743 8190877 3250857 8190700 8190404 3250857 8190829 8190942 3250857 7530857 8190857 9350942 3250857 8190877 1030877 3950960 3250857 3250857 8190404 8190404 8190404 7530857 6760646 7310177 8190404 8190404 6760646 7530857 8190877 8190646 5370404 8190942 5370877 8190404 3250857 3730229 1030857 8190404 5370841 7530857 8190942
3730993 3730404 3730877 5370877 3730981 8190857 8190404 8190177 8190404 3730877 6760857 8190687 8190829 6760942 3730829 6760601 3730765 5370404 8190404 8190700 3730601 3730601 6760646 6350404 8190404 8190404 3730765 8190857 3730177 9350942 8190404 8190404 8190857 8190877 6760601 3730241 3250857 3730114 8190877 5370404 7980973 7980973 3730114 7310564 8190829 6760942 8190177 8190942 8190404 9350601 8190877 8190404 8190700 8190877 8190942 7310404 7310646 7310765 9350601 8190877 6760857 5370877 6350601 6760601 6350765 6760601 3730765 6760601 3730765 3730601 3731002 7980973 6760942 3730404 3730601 6761023 5370404 3730404 3730404 6350404 3730519 3730241 6760857 3730601 6350404 8190877 3730877 5370877 4990857 6350404 8190700 6760765 6350601 3730601 5370404 3730700 7310177 3730229 1030292 3730519 7310669 1030877 1030829 1030877 7310177 3730519 6760601 6350404 8190877 6760765 6760601 8190404 3730765 3730877 8190404 6760646 7980973 8190857 3730404 6760601 3730601 6760646 3730765 3730765 3730829 7980973 3730981 1030282 6350404 9350601 8190700 3730765 9350601 3730404 6350765 9350564 6350765 3730993 3730404 3730928 6760601 3730404 3730765 8190877 3730765 8190877 6760601 3730404 5370877 5370829 3730601 9350601 8190404 3730765 8190404 6350601 3730765 3730981 6760601 6760765 3730404 9350601 6761023 3730519 8190404 3730601 3730241 8190770 3730829 6760857 7310829 7310700 7310877 5370404 3731002 7310829 7310200 6760765 6350601 7310765 3730519 3730519 6350601 3730404 9350601 3730765 9350942 3730601 6350601 6760601 8190961 3730404 6760857 3730601 6760765 9350564 8190404 3730993 1030877 7310601 7310200 3730404 3730601 8190404 3730877 6760601 3250857 2370973 2370973 7310601 1030829 3730404 8190404 8190942 8190404 8190700 6760601 8190687 8190700 8190404 6760765 8190404 6760765 6760857 6760765 3730114 5370071 6350404 6760942 3730114 6760601 6350404 8190877 8190829 9350564 8190404 6350404 8190829 8190752 8190419 6350404 8190829 3730700 6990481 6760857 6760765 8190857 8190404 8190877 3730981 3730829 6760601 6350404 8190700 3730404 6760646 6760601 8190857 8190404 3730241 6350601 8190652 3730877 6760857 10110857 9350601 6760942
3730981 3730765 1030292 6761023 3730404 6350857 8190877 4630200 8190829 3730241 5370571 3730519 8190404 3730241 3730404 8190829 8190419 8190942 3730177 8190829 3730241 8190700 6760857 6760857 8190404 6350857 1031010 3730601 5370571 8190829 5370404 3730993 8190404 3730404 9350601 9350601 8190404 7310646 9350601 8190404 6350765 1030282 8190877 8190942 3730229 3730993 8190857 8190857 3730241 5370877 8190404 3730601 8190857 8190404 7310564 3730177 8190700 3730404 8190857 8190877 8190857 3730004 3730829 8190857 3730114 8190177 9350601 3730404 8190829 8190700 8190857 6761023 6760942 8190857 3730241 3730700 5370571 3730404 3730765 8190857 8190404 9350601 8190700 3730519 8190419 3730765 9350601 8190404 8190857 3730241 8190857 6350765 8190857 8190404 8190857 3730981 3730229 8190857 3730981 6760601 8190857 3730700 6760857 7310669 3730229 8190404 6760857 3730404 8190857 3730993 1030993 1030282 3731002 3730241 3730404 8190177 8190404 1030993 3730241 8190829 8190857 3730700 8190404 3730177 5370404 5370829 8190700 3730404 3730993 3730404 8190857 6760857 4630200 8190700 8190857 3730877 3730765 8190857 4880973 3730404 3730601 3730200 1030292 8190700 3730241 8190857 9350601 6350765 6760942 3730177 3730241 3730700 1030829 8190419 1760973 6770857 1030292 5370404 8190857 3730993 6760646 3730765 8190877 3730765 8190700 8190857 3730241 8190177 8190829 3730928 8190829 6761023 3730829 3730404 8190829 3730700 8190942 8190404 4880973 3730601 8190404 8190857 8190942 8190700 1030857 6350404 8190857 8190857 7310765 9350601 4880973 5370404 3730241 3730404 3730241 6350601 8190404 3730765 1030292 1030292 3730114 3730601 3730229 3730765 3730829 3730241 3730765 3730601 8190404 6760601 8190930 3730765 8190700 1760973 7310601 1760973 3730177 8190942 8190700 8190404 8190700 7310404 5370877 5370404 8190419 3730700 3730241 3730993 1030857 3730928 3730241 7980973 3730200 3730928 3730114 3730200 3730200 5370877 3730004 3730765 3730241 3730877 1030638 3730114 8190404 3730200 3730601 3730981 3730601 3730765 3730928 3730229 3730519 3730601 3730404 2370973 3730004 5370404 6350857 3730114 3730993 3730114 1760973 3730114 3731002 8190877 6761023 8190829 8190829 8190519 3730765 6761023 8190404 6760601 8190829 6761023 3730765 7980973 3730404 8190857 8190942 1031010 6760601 3730241 3730114 3730765 4911023 8190857 3730241 3730981 5370829 8190857 3730928 7310161 1030993 6760857 3730700 1031010 6760601 3730928 8190857 3730404 8190942 3730765 8190857 8190829 8190700 3730177 8190857 8190877 1760973 3730928 6761023 8190419 3730646 3730829 9350601 3730404 8190829 3730993 8190404 6350601 6761023 3730993 3730241 3730404 7980973 8190404 8190700 8190857 3730928 8190857 6350601 3730404 7980973 9350601 6760765 8190857 8190404 9350601 6760942 3730646 3730993 8190700 8190700 3730404 8190829
3730981 7310601 7310200 7310877 7310404 7310601 4880973 3730519 9350601 8190700 8190404 8190404 2370973 4880973 3730229 7310564 2370973 2370973 4880973 7310177 7310601 3730981 6760601 8190829 9350942 6350601 6760601 8190877 3730177 7310564 7310829 3730765 3730580 3730404 10110857 6760601 3730601 3730700 3730177 3730877 6761023 6350765 3730877 8190404 3730241 6760601 1760973 8190857 6760601 6350857 7310564 7980973 6760601 3730700 6760765 3730928 6760857 3730404 6350601 3730601 3730700 7310601 6350765 6350404 3730404 8190419 3730601 6350765 3730877 6760646 8190829 7310601 3730404 3730765 8190404 8190404 3730580 7310601 10110857 3730765 6350601 6760857 7310601 6760942 3730404 3730700 3730519 7310601 8190857 6760646 6760765 3730601 6760857 6760857 6350857 3730404 6350601 6760601 3730829 3730877 3730829 7310564 5370404 6760857 4990857 7310404 9350772 3730404 6760942 6350765 6761023 6350404 3730765 6760857 6760601 6350404 6760601 3730765 6760601 3730114 8190700 6760857 6350601 9350601 3730601 6760765 1760973 9350601 8190687 6350857 6760942 7310564 6350601 6350601 9350564 7310601 3730700 6350765 9350601 6760601 3730765 3730601 3730981 6350404 6760601 3730700 3730241 9350601 6760942 9350601 8190741 3730114 8190371 8190829 3730981 6760765 6760857 6760601 6760646 7310669 3730404 6760601 3730877 3730877 3730829 8190829 7310601 3730993 6350765 6350765 8190877 3730404 3730241 6760765 7980973 6760765 9350942 8190857 6760942 6350857 3730114 6760942 3730829 6760857 6760601 6760765 3730601 3730601 6350404 6760857 3730700 3730928 3730700 3731002 6350404 3730241 3730519 3730519 3730993 3730241 6760857 6350601 6990481 6760601 3730601 6760601 6350404 6760765 9350601 3730404 8190877 6760857 6760601 6760765 6760601 8190857 6760601 3730114 8190857 6350765 8190371 6350857 7310877 3730829 3730981 6760857 6350857 9350942 3730404 9350942 3730829 6760646 6760765 3730601 8190877 6350857 3730700 3730993 3730993 3730993 6760601 8190877 3730829 3730601 6350765 8190752 6350404 3730765 6760601 8190404 8190371 6350765 6760601 9350601 3730993 10110857 6760942 6760601 3250857 8190942 6760601 8190700 6350601 2370973 6760942 6350857 8190404 8190752 9350601 6760765 6350404 8190829 9350601 8190404 6760765 3730765 3730404 8190857 6350765 3730601 3730765 9350601 3730601 8190770 6760765 8190829 8190419 3730241 3730601 6350601 3730993 8190752 6350404 6350857 8190404 6760646 8190752 6350601 3730404 9350741 9710857 3730829 8190877 8190829 8190752
7310177 3730877 6760646 8190877 8190404 8190404 8190829 8190857 3730229 3730241 3731002 3730177 7310177 1030292 7310700 3731023 2370973 7980973 7310564 3731002 3730404 6760601 7310669 5370404 3730200 3730519 1030292 7310700 3731002 1030877 3730981 7310669 7310765 7310669 3731002 7980973 4630580 3730829 3730877 6760857 3730241 3730646 5370200 7310601 3731002 3730765 3731023 7310404 1030829 6760646 6760857 3730601 6760857 2370973 7980973 4990857 3730829 6350857 3730177 3730177 3730829 3730241 3730404 6350857 3731023 3730241 3730404 3730404 3731023 5370877 1760973 3730765 3730519 7310646 4630200 5370404 3730177 3730928 3730981 3730765 3730601 3730601 7980973 3730700 3730229 3730765 3730829 6760942 3730519 3730241 7980973 3730519 3730519 3730241 3730700 3730241 3730519 6760601 7310765 1030829 8190404 3731002 3730519 1760973 3730519 3730928 3731002 3730404 1030829 3730877 3730700 3730601 3730177 3730404 1030857 1031010 7310646 7980973 7310646 3730646 7310765 2370973 7310646 7310646 3730601 3730981 1030993 3730200 1030877 7310765 3730200 7980973 7310646 3730229 3730519 7310601 6761023 6350857 7310161 7310404 3730981 3730829 3730829 3730601 7310601 6760857 7310161 7310669 7310669 3730229 7310700 7310161 3730200 3730765 3730829 6760857 3731023 3730241 7310601 6760857 6350857 7310829 7310700 3730519 6350857 7310601 7310669 3730404 3730829 3730404 1760973 7980973 3730877 3730241 3730177 3730519 3730241 7310601 3731002 1030292 8190404 3730241 3730877 7980973 3731002 8190177 7310700 7310564 7310564 7310877 3730519 3730765 7980973 6760857 6760942 1760973 3730177 3731023 6350404 3730404 4630200 3730928 3730829 1760973 1030829 3730404 3730177 3730877 3730519 3730177 8190857 1760973 3730241 3730404 1760973 3730765 3730519 3730114 3730829 1760973 3730519 3731002 7310404 7310669 7980973 3730229 3730519 3730829 3730200 3730404 7310404 6760857 6760857 3730241 1760973 3730404 7310669 7980973 7980973 7980973 3730177 6761023 6760942 3730519 3730601 3730981 3730404 5370571 3730877 3731002 6760601 1760973 6760857 6761023 3730229 3731023 5370404 1760973 3730177 3730700 3730177 3730765 3731002 7980973 3730601 3730177 3730829 3730519 3730177 3730404 3730177 3730241 1760973 6760857 3730700 6760857 6350765 6761023 3730114 6760857 6760857 3730601 4630200 6760601 3730765 8190877 3730700 3730765 3730519 7310601 3730241 1030282 3730601 3731023 3730765 3730241 3731002 3730601 3730229 6760857 6761023 8190829 6761023 3730404 6760857 3730404 6350404 3730519 3730877 3730200 3730404 5370877 3730404 3730601 3730700
8190877 8190877 8190404 3730404 6350765 3730404 3730114 8190857 6760765 3731002 6760601 4911023 6990200 3730601 8190404 8190877 6350765 8190877 8190404 8190857 9350601 8190404 6760601 8190942 6350765 3250857 6350601 8190177 8190404 8190700 8190404 9350601 8190942 8190404 8190877 9350560 6350404 3730877 5370571 4990857 6350857 8190896 8190877 8190404 8190404 8190404 9350601 3730993 9350601 8190404 7980973 6990481 4880973 8190857 8190404 8190857 8190404 3730765 3250857 3730404 3730993 8190877 8190404 8190877 8190404 9350601 6760601 5370404 8190877 9350601 3730241 9350601 6760646 9350601 8190700 8190877 6760942 3730601 8190404 8190700 3730646 3730601 8190829 3730928 6350601 3730519 6990200 8190177 8190404 9350601 6990200 3730241 8190404 8190419 8190404 8190877 8190404 6760601 5370571 3730229 8190877 6760601 8190700 3250857 8190404 7530857 3250857 8190404 8190877 8190404 8190877 8190404 8190942 6760942 8190829 8190942 8190829 3730404 8190857 8190829 7530857 6990481 8190700 8190404 8190404 3730877 8190404 8190877 6990200 7530857 6761023 7530857 8190700 6350765 6760942 8190700 8190857 3730601 8190700 8190829 7530857 6760646 8190404 8190404 8190877 8190404 8190877 8190404 6760601 8190700 8190580 8190857 3730404 7530857 8190700 3730404 8190700 8190877 8190404 8190877 8190877 8190942 8190877 8190404 8190404 3250857 8190700 8190404 8190404 8190404 3250857 8190404 10110857 8190404 3730765 8190404 8190404 8190857 8190829 8190404 8190404 3730765 8190404 8190404 6350857 3730601 8190942 3730241 8190404 8190404 8190700 6990481 6760765 8190404 8190404 6760646 3250857 7310765 7310564 7980973 7310669 7980973 7310177 7310765 1030829 8190877 8190404 3250857 8190877 3730404 8190942 6990481 8190829 3730765 4911023 1030877 6350765 5370877 5370200 7310601 4880973 1030292 4880973 1030282 1030877 5370404 7310601 4880973 4880973 7310564 3730229 3731002 7310646 3730404
9350519 3950896 8190857 8870743 4630200 1030638 1030292 4880973 4880973 1030638 6770857 1030292 1030638 4880973 1030292 8190519 1030292 1030638 4880973 4880973 1031010 1030282
4880973 4880973 4880973 4880973 4880973 4880973 7980973 5371023 730741 3950960 8870580 3700580 8870942 6760857 1030857 5370200 1030857 4630200 1760973 7090973 10110857 1030638 1030292 4880973 1030638 1031002 5371023 5371023 5370841 8190857 7980973 3731002 1030857 1031002 7980973 1030857 4630200 5371023 5371023 5370841 5371023 1030993 5370841 1760973 1030857 1030857 4880973 1030638 3731023 4630200 250200 1030638 7980973 1030282 4630200 4630200 9350770 9350601 7310371 8190770 8190371
8190857 8190857 4630200 1760973 3730241 7980973 3730646 8190857 1760973 1760973 4630580 8190519 8190857 7310646 3731002 1760973 3731002 8190519 3730580 7310669 8190419 5370519 7980973 4630200 4630200 8190519 8190519 8190700 8191023 5370519 5370743 9350601 5370841 1760973 1760973 8190857 3731002 8190857 4630580 5370841 8190857 8190700 8190857 3730646 6350601 3730928 8190700 4630580 8190857 250200 8191023 1760973 3730765 8190857 5370841 8190519 8190857 8190857 250200 8191023 8190857 1760973 4630200 3730646 5370571 8190857 8190857 8191023 4630200 7980973 3731002 5370200 5370371 8190580 5370571 3730241 5370841 5370404 8190857 8191023 4630580 8190519 1760973 6760765 6760646 8190857 250200 9350601 6760857 5370877 9350560 8190857 1760973 5370404 8190857 8190857 6760601 5370571 5370200 3730993 3250857 8190857 10110857 5370404 8190857 9350519 6760765 6760857 6350857 8190700 8190700 8190857 5370571 8190857 6760942 4990857 7310646 8190857 8191007 6350857 3730993 8190857 5370404 9350560 8190857 3730241 7980973 5370841 5370404 5370829
5370841 5370571 8870580 730580 4040200 8190700 2370973 7980973 3730928
3730519 8190896 8190857 4630200 8190700 8190857 1760973 8190857 9350560 3730700 8190646 6760765 8190700 8190580 6350404 8190857 4630580 8190700 6350404 3731023 4630200 8190687 5370841 8190857 8190700 8190646 8190857 4630200 8190942 4630200 8190177 8190646 8190857 3731002 8190700 8190857 8190752 8190652 8190700 8190580 8190829 3250857 7790857 8190877 5370571 5370841 8190687 8190646 4630200 1760973 8190857 7090973 5370772 4630200 4630200 8190646 1760973 4630200 4630200 8191023 8190857 8190857 4630200 4630200 3730928 7980973 4990857 5370200 1760973 5371023 4630200 7090973 1030282 1030282 7310161 7310200 4880973 1760973 1030282 4880973 1030292 1030638 1030282 1031002 1030282 5370200 8191023 3731002 1760973 1760973 5370571 1760973 1030292 1030638 1030292 7980973 8190652 8190646 5370200 5370200 1030282 1030282 1030638 1030282 7980973 6770857 2370973 1030282 1030282 3731002 6761023 3731002 8191023 8190652 4630200 5371023 4630200 8190857 8190857 3730829 3730580 5370841 3730601 8190857 3730993 6350404 6760857 3730004 7980973 1760973 1760973 4630200 3731002 1760973 250200 4630200 1760973 1030292 5370043 7980973 1030292 7980973 1760973 4880973 5370930 3731023 1760973 7980973 5370200 4880973 6770857 7980973 4880973 8190913 8191007 8190857 250200 3731023 8190857 4630200 5110471 8190857 6350765 8190404
3250857 8870969 7530857 7530857 3731023 3950896
3700519 3700743 9350743 8190371 7790857 7790770 4630913 4630913 1030857
null
3470857 3950896 3950888 8190961 9350519 4720969 3950896 2760894 3950896 5370743 3950896 9350519 8190071 4880973 5370743 5370071 8190896 8190857 3700857
3951002 8870969 4040200 4630200 3930857 9350928 8870969 4040200 9040857 4040200 8190857 5370829 730870 9350928 8870969 7790200 8870969 8870969 730646 3951002
7090973 1030857 8190652
9040857 7310877 3730241 8191007 6660857 250200 1030282 1030993 8191007 4720857 4720857 9040857 3730519 1030282 1760973 4720857 4720857 7310829 1030857 3730877 5370829 7310829 8191007 4720857 5370829 8190519 8190877 8191007 7310669 8190580 3731023 2370973 3730700 1030993 3730241 8190519 8190519 2761007 4720857
6760601 7790772 8190519 3730519 7790857 8190913 7310471 4720969 4040200 8190857 4630857
