224
4630772 4630772 5371023 1760973 5370687 5371023 1031007 1760973 1030984 5371023 1030043 5370200 1030282 1031007 3730386 1030282 7310161 1030282 1030638 1031010 4630200 1030993 5371023 4630200 6350916 1030857 3730200 1030857 1031010 1760973 1030404 1030765 3730296 1030765 1030282 1031010 5370841 9350942 7310564 7310942 7310564 7310564 3730942 1030877 1031010 7310646 1030877 4630200 1030829 7310601 9351023 9350687 8870942 250200 250200 250200 251002 6350404 5370404 9350564 7980973 7310004 7310646 7310571 7310829 7310765 6661007 5370752 3251007 8870870
3390043 250043 3390043
5370481 7980973 5370200 1030638 3731023 5370481 1030984 4630930 1031010 4630200 1031002 1030292 1030638 1030638 1030638 1030857 7980973 1030857 1031010 1030282 1030282 1030969 4630930 4630386 3390043
1030984 4630386 1031002 1031010 1030984 1030282 1030292 1030292 1030292 1030638 1031002 1030282 250200 250200 250200 5370841 250200 5371023 1030292 1030043 1030200 1030292 1030200 1030282 4880973 1030282 4880973 1030292 1030282 1031002 4630424 5370772 5371023 250200 250200 5370043 5371023 1030961 1030292 1031002 1030282 1031002 5370772 1030969 5370519 250200 251002 5371023 251007 5370519 250519 250200 5371023 1030857 1031002 1030969 1031010 1030969 1030292 1031007 1031010 1030282 1031002 1031010 5370200 1030984 1030993 5370544 5371023 5371023 4630200 3390043 3391007 3390043
9350993 9350772 4990928 5371002 3951002 3951002 5370481 2760741 8870364 7791007 8870205 6660560 9350937 9350928 7791007 8870969 4040857 7980973 7980973 5370282 251002 3951002
4630266 4630200 4880973 4880973 4880973 4880973 1030765 6770857 5370419 8790891 4630266 3731023 7940973 7940973 4880973 5370571 4630200 5370859 3730700 3730564 8190564 3730891 4880973 4880973 4880973 4880973 1031007 250200 5370859 4880973 4880973 4880973 1030404 5370419 251002 4630200 3730891 1760973 3731023 1031010 3730430 4880973 6761023 1030282 7980973 5370571 6760877 1030292 1031010 4880973 1030961 8190419 3731023 4880973 7310200 4880973 4880973 6351023 6760177 8190177 1030292 4630266 250200 5370481 1030292 1030292 4880973 7940973 4880973 4880973 4880973 1030282 1760973 5370859 4630266 5370859 250043 1760973 7940973 4880973 2370973 4880973 6770857 4880973 7310363 4630200 8190646 1030993 1030282 1030282 6770857 1030282 7980973 3731002 6771010 5370571 8190700 5370687 5370266 5371023 6040857 4880973 7940973 1030200 7310161 7310841 3730841 1030993 5370404 250200 5370404 3731023 4880973 4880973 4880973 4880973 4880973 1030765 6761023 3730404 5370266 5370200 8190829 9350961 6760601 8190404 250969 5370404 5370519 5370519 1030993 5370200 4630829 6770857 5371023 5370930 4630266 8190857 3731002 1030857 4880973 4880973 7310200 4880973 6770857 1030419 1030969 250200 4630580 3730898 4880973 7980973
5370519 5371023 1760973 1031010 1031002 1030877 1030857 1030638 1031010 1760973 5371023 8600857 5370896 4630200 4880973 4880973 4880973 1030292 1031010 250200 250580 3951002 3391007 4630930 5371023 1031010 1031010 1031010 1031010 1031010 1030857 1031010 1030857 1030857 4630043 4630930 5371023 5371023 250200 250200 8191023 9351023 9351023 3730228 7310560 7310877 6660857 7310841 7310371 7310571 9350888 9350937 9350516 1760973 4630200
1030969 5370519 251002 251002 5370877 5370519 250200 5370974 250200 1031002 1030857 1030292 1030984 1760973 7980973 1030292 1030857 4630200 4630580 250200 250580 4630266 250200 4630200 1030857 1031010 1031010 1030857 1030765 3730266 1030765 4630829 6760564 5370419 6760177 3730422 1030984 1030877 250200 250200 250200 250043 250043 5371002 1760973 4880973 7940973 4880973 4880973 4880973 4880973 1030292 1030857 1030292 1030638 1030292 1030292 7980973 250200 1760973 4880973 7940973 7310646 7310161 1030282 251007 4630200 7940973 4880973 2370973 2370973 4880973 1030857 1030638 4630424 1760973 3731023 1030857 4880973 7940973 7940973 4880973 4880973 1030043 1030282 1030282 1030282 4631007 3391007 4630772 2370973 2370973 1030857 1031010 1030292 1030857 1030857 4630200 1030857 1030857 1030993 1030984 4630200 4630200 4630200 4631007 1030993 1031007 1030200 1030292 3730519 2370973 7770857 3730266 3730942
730364 730364 730364 730364 2760364 2760364 2760043 2761002 730364 730496 8870364 730364 730364 730364 3230496 3231023 8870770 8870870 8870870 2760961 3230205 3230812 730812 8710772 8710782 9710071 9710504 9710920 910857 3930560 8710888 9710782 8190969
730646 730282 730282 3931002 3700772 3700519 3930519 9350993 3930519 8870924 3930519 2760928 3930386 3930364 910363 910729 730961 730741 730928 3930364 3930364 3700961 3700961 3700519 3930519 3931023 3930924 3700741 8870518 8870772 730646 7791007 2761002 7791007 7790937 7791007 7790519 7790519 7791007 7791007 4720772 7791007 2761007 730646 910071 730646 730743 3930519 8870518 730741 910544 730969 731007 730961 3230646 7790961 730937 4040200 3230519 3230772 4720772 730752 4720772 3230646 910200 911007 910043 910363 7790937 4720772 7790937 7790937 8870969 730969 910071 910200 7790424 730754 730969 730729 910969 910729 3930519 3930519 3930519 3930560 3700200 3700519 730961 731007 730772 730544 730857 7790961 7790961 251007 2760364 2760646 7790937 3930519 8870364 4040200 3930043 3931023 520857 3931023 250961 4750870 4750870 2761007 8870364 910646 250969 8870364 520969 4720043 7790969 250961 9350601 9350743 8190857 8190404 9710960 9710371 8710770 9710071 8710920 8710767
3930519 8870969 3230560 910741 910205 9710371 9040857 8790430 9710743 9710920 7790894 9711007 4720752 3700928 6660754 8870364 7790937 730961 730961 730969 730928 730969 730870 730961 730961 730772 4720772 8870772 8870772 2761007 731007 730961 3230969 730969 2751023 3700772 730928 2760928 8870833 3700519 3230754 731007 3230519 730519 730519 3230519 730371 730519 730363 730560 8870770 730961 730961 730961 730937 911007 730646 2761007 730754 730729 8870518 730371 730928 8870772 3931002 910200 9350993 3230969 910772 3700969 3700969 3700969 3700870 3700870 3700870 3700928 3700928 3700924 520969 8870772 8870043 3700969 3700928 9040772 8870969 3931002 3700200 3700043 3700519 3700519 3700519 3700924 3700928 8870364 3700741 7790870 7790043 730646 730496 730961 730496 4720772 4720961 4720961 3230969 3930519 3700969 3700928 3700969 3700200 2570519 3700961 910741 4720969 4720961 911007 910772 3700961 3700961 4040200 3700928 3700928 7791007 7790519 251002 7790870 4750870
910646 910364 520961 910363 3700969 520961 520961 520961 3230984 730282 8870560 730560 730364 8871002 7790424 8870560 8870518 4720363 8870424 3930872 520961 8870364 8870770 8870364 2760928 4720363 4720043 2760043 8870770 3700969 3930969 730729 4040200 911007 8870870 250969 7790969 4750870 4750870 4750870 4750870 3230984 3230928 910924 3930519 730880 2760872 730364 730364 3930364 9350993 3930386 3930386 730364 730364 730364 730741 3230205 730006 3230928 3230872 3930870 3930870 3930870 8870870 3700870 910371 910371 910646 520969 8870969 8870870 7790969 7790752 2760580 2761007 730743 730960 3230205 3230371 3230984 910544 910544 4720363 4720969 910544 8870364 2761007 7790519 250580 2760580 4720752 250961 8870364 730961 910729 910364 520961 910729 520969 3700969 3930924 3930364 3930872 3930519 3930386 730960 910200 910544 910371 250961 520969 3700969 3700741 2760364 2760646 2760928 8870364 9350993 3230752 8870364 910364 3930386 3930205 3930560 730928 3230364 3230364 731007 910364 3230646 730937 731007 8870364 911007 251007 910937 3930364 3930560 3930880 3930212 3930796 3930880 3930880 3700928 3700969 2760646 8870969 8870870 3230984 8870364 2760364 3930386 3700200 3700928 3700519 3700519 8870969 730928 8870364 8870518 730560 8870364 3930969 3930969 3930969 3230984 911007 3950896 7790519 250580 8870364 7790894 250580 910200 911007 3930519 520961 520961 3700928 8870364 3930371 3700969 3700969
520961 520961 910646 250969 8870364 910729 910969 8870969 250969 8870364 3470961 3700205 3700961 910364 5230350 3230364 3230519 3930969 3930364 910729 5230969 8870364 3930364 910364 3230364 3230364 911007 3700961 3230928 3930924 520969 3930969 3930870 3931023 3930870 3930969 3930560 3930870 4040200 3230364 3230864 3230350 3230414 3930414 910205 910364 3230304 3230364 3230519 8790430 2760404 2760043 3930386 3700870 3700870 9350993 3930364 3700364 3700364 3700364 3700364 8870364 730364 2760364 731007 5371002 730937 730870 730580 730870 2760580 730870 2760580 2760580 2760580 8870364 2760646 2760580 2760580 730364 3230770 3230364 730364 4720580 5370043 2760770 730364 910364 730961 730364 3930364 3700969 3930364 730282 520961 520961 3700928 3700969 3700364 9040870 910729 730928 730364 730364 4720580 4720200 731007 2760969 8870580 250580 251007 251007 911007 3230205 910544 911007 4720961 911007 4720043 250580 8870043 2760580 731007 730364 3230969 3230364 3230496 3230364 3230928 4720961 2760580 2760646 7790043 2760580 7790601 250580 9350993 3230928 3700200 4040200 3230646 911007 4720969 3700969 3700205 3700205 3700364 3700928 3700739 3700364 3700364 3930364 3700364 3700969 520969 520969 3930519 3930519 3700739 3700519 3700928 3700043 4720961 730948 730948 910646 4720363
3700741 3700364 3700364 3700924 730961 910937 910363 4040200 520961 3700928 2761002 7790519 7790519 8870580 3951002 6990200 3930772 3931002 3931002 730969 910043 520969 3931002 730961 730282 8870043 4720043 910363 7791007 8870364 910364 730364 3930205 3930519 3931023 3930364 910364 2760969 910772 8870969 730364 3930519 3930519 9350729 3930364 2760924 3700364 9350993 3700205 8870772 2760364 2760364 2760519 2761007 730364 731007 730729 730646 8870969 2760928 3700519 3700519 3700519 3700928 3700519 3700870 3700364 250043 2760364 250043 250043 250043 250043 251007 910364 910364 3700364 3700519 3700364 3700960 2760928 3700519 8870924 2570519 3700928 3700519 9040870 9040880 4720200 8870424 8871002 730646 730646 4720200 730937 730961 730646 731007 731007 731007 730544 731007 4720371 3231023 3230754 3230646 3251007 4720363 4720371 731007 730937 5370754 731007 731007 730519 8870772 730646 730646 731023 730646 2760928 2761007 2760928 2761007 2761007 3231023 8870424 8871002 8870580 3931023 3700364 3700364 3700928 3700928 3700928 3700969 3930212 3700833 3700772 3930772 3931002 3931023 3931002 730228 3951002 4720580 4720772 7791007 7791007 4720772 4720363 4720772 3231023 3230984 910363 4720969 7790961 911007 910544 910937 520961 3700519 3700519 3700833 3700833 731007 3231023 731007 4720580 4720580 8870770 3230984 730961 730928 8870833 910646 8870772 520969 3700772 3700770 9040870
2760364 9711007 8711007 9710888 9711002 3230560 9710928 3930770 9710961 3930205 3930880 3700739 2760071 2760741 9311023 2760114 2760770 2760767 2080770 9710371 3230519 3250371 6990200 9040580 7790741 2080770 9710894 8710770 2760414 9710580 9710414 3700928 9710767 9710960 8710772 8710782 2760743 520071 910741 3230496 2760580 2760752 2760580 230496 230504 910937 3230920 3230770 2760752 2760414 2760580 9710285 2760371 8710580 9711007 3251007 8870770 910363 230496 230504 2760404 2760350 8710770 3700960 9710870 9710752 3700752 3700960 3700870 3700200 3230880 3230880 3230812 9711007 4720752 9350961 5370859 5370743 8870969 910363 3230519 3230646 2760770 2760114 2760580 2760404 3230864 8710767 910364 4911023 7790601 2760114 3230371 6990857 8190961 8710880 8710752 5230350 9710414
7791007 4720043 4720043 4720969 730928 3931002 3931002 3700928 3700969 3700741 3700928 9040870 9040870 3700364 7790371 730580 7791007 4720043 730646 730961 910200 910772 910924 910371 7790043 7791007 4720043 4720043 730580 8550580 2760580 2760580 2760043 2760580 2760496 2760580 2760580 2760960 8870580 730928 3230928 3700741 8870969 8870969 3931002 3931002 3930872 3700969 3700043 3700043 3930043 8870969 3950888 8550580 4720961 4720741 911007 911007 520961 730969 731007 730961 910580 3230969 4720371 4720969 4720200 3230924 8870772 4720200 730812 4720580 4720772 3230646 730870 731007 3230872 4720961 3931002 911007 910544 4040200 3230920 4720961 5371007 7791007 4720580 4720580 3230928 3230928 3700961 3700969 520969 520741 3700741 3700880 3700200 3930772 730928 731007 4720200 3700928 3700772 520961 3700961 910544 3700969 3700961 520961 3250580 2760580 2760043 731007 730928 730928 911007 4720961 4720961 3700880 3700928 3700928 9710928 3700960 3700960 3700870 9040870 3700928 3700928 3700200 3700928 3700741 3700924 3700414 9710960 3930924 3930872 3930741 910371 910646 910729 3930741 3930414 3700961 3230969 3230969 730961 3230646 911007 3230646 910363 3700961 3700961 4720961 910363 250961
730928 8871002 3230371 3230872 3230864 3230646 730646 4720741 8870580 730960 3700043 730948 730006 3230646 3701007 3700928 3700928 520969 3930924 3930924 520969 8870043 7790937 3230928 3930212 3930212 3700969 730928 9040870 8870969 910937 4040200 3230646 3230984 911007 4720969 910646 3701007 3701007 3700880 9040880 520741 910937 4720043 8870969 4720969 8870969 3700928 9040880 3700752 3700880 3700969 910729 3230006 910371 3230984 3700969 9350993 910646 3251007 9671023 2760404 2760770 7530564 3230364 9710519 2760752 8710920 3930770 3930770 9710519 9710969 9710752 9710519 730928 3700772 3700772 3700969 3700880 3700212 3700880 3700928 3700928 731023 8870772 730961 730961 730961 3230646 3700200 3230812 3470961 3700741 3930364 8870364 3930969 8870969 3930364 910741 3930364 3230969 3930371 3930924 8870969 910969 910364 910364 3700364 730961 910200 730961 730043 730071 3700969 3700880 3700960 3700961 3230364 910544 910937 3230969 730282 910580 730363 730043 730646 730928 4720752 3230984 3230984 3230984 4720961 3700969 3700961 3700928 3700969 3930872 910741 910741 520961 910646 3930812 910544 520741 910937 910646 3230969 911007 3230984 910544 520961 4040200 250961
520969 3700205 3930880 3930872 910772 910772 9040772 910772 9040772 9040772 9040772 910205 910205 910969 520961 910646 910363 4720363 730961 3230984 3700880 3700928 910729 520961 3930364 910363 4720961 250043 3230496 3230984 4720363 3230880 3230928 3230928 3230984 520961 910363 7790729 7790043 4750870 7790870 8870870 3230371 3230371 3230560 3230872 3230560 3230928 8870043 730580 8870043 8870043 730937 251007 4720961 910937 250969 8870364 4040200 3700364 3700796 3700880 9710212 9040880 7790729 7790770 2760364 251007 250580 251007 4750870 7790937 7790937 9040580 4720043 3930880 3930812 520969 3230984 3930364 520969 3930364 3930364 3930364 910969 910364 910646 910363 910646 4720969 4720961 3230928 910364 3930371 3930880 3700741 3700880 3700928 3700770 730043 8870424 3700928 8870969 910071 520942 3700924 3700880 3700960 910646 3700741 520961 3700796 3700364 3700928 3700796 3700928 3700888 9040880 910969 3230920 910071 520961 910364 3700364 3230364 910071 910364 250961 3700880 910364 910364 8870364 8870364 9350993 910729 910364 8870364 250961 250969 250969 250969 4720961 3700961 3700969 910937 3930770 910729 3700969 3700969 3700770 3700071 910729 910969 4040200 910544
9710212 8710770 9710767 8710752 9710752 3390752 3950960 9710752 3700739 3700741 3950560 520741 3700969 9710961 2760687 2760964 4630743 9710752 3700960 8710752 8710371 9710752 9710969 5370841 910857 8190700 4720200 4720200 3250371 5230519 2761007 3230414 3230371 3230364 3230924 3230414 3230741 730228 3230880 3230364 3230371 3230364 3230984 3230864 3230984 3230928 910371 730928 8870364 3230924 3230371 910364 3700969 910857 8190961 9350928 9350928 3930364 2760960 3230371 3230364 910205 3930386 3930386 910371 910729 910937 520961 910646 910646 910544 910363 910364 4720888 910364 3230364 910364 910200 3930364 910544 3230969 910544 910741 910646 8870969 3930924 3700924 3700872 3700870 3700870 3700364 3700960 3700796 3700200 3700928 3700969 3700928 910729 8870364 730364 3230969 730729 3930870 3700870 3470373 9710969 910969 3930969 911007 911007 911007 910364 911007 3230364 910364 3930770 3930364 3930386
9710519 3230739 3230928 3930212 3930212 3700969 3700741 8710767 9710519 8710752 8710770 9710964 7530564 3700285 910741 3250741 3700739 3930371 3230812 3700870 3700870 910364 3930364 3930519 3930364 3930519 3930364 910364 3700969 910364 3930364 3930364 3930364 3930364 910364 910364 3930364 3930364 2760364 3230364 910363 4720043 8190752 8870969 3930770 730364 3230496 730496 3250580 4720043 4720043 4720043 3251007 3930870 3930386 8870969 910969 3700870 3930870 730969 911007 730870 731007 910580 3930924 3930519 3930386 3930519 3930371 3930371 3700969 910729 3930872 910729 3930414 3230969 910646 2760580 4720200
3230422 910422 8710414 2760364 2080580 3930560 2080741 9710969 3930371 8710969 3230864 3700969 3250560 8710872 9710969 3230752 3230741 3230741 910937 230504 230952 2760960 230767 9710729 8190829 3730993 3230519 5230519 8710043 6660580 9710043 6660741 2760516 8710519 2760924 2760350 9710987 3700212 3230519 3230770 3700969 3930560 7530857 9710870 3700770 8710928 5230519 730741 8710741 3230752 3700580 9040580 2760114 2760920 9710752
3250877 8190700 8190942 8190942 8710770 8710767 8710770 9710964 9710519 9710285 3230519 3230519 3230519 3230519 3230519 8710872 9710453 3230414 3230414 8710872 9710923 8710928 9710519 9710414 9710870 6660304 9350652 9710928 9710350 3470961 8190071 3730993 8190652 9760200 2760364 2760114 230920 8710928 8710560 9710741 9710857 7530857 8711023 3471023 8190071 8710646 9710285 910043 2760043 230496 2760964 2760767 7530564 3930796 2760961 8710924 8190519 730960 8870942 8870829 3251007
9710071 3700770 8790430 3470987 8710371 5230969 3930872 9760200 2760580 2760770 2760071 7790896 9710071 3700071 3700796 910363 9710782 3470373 7530564 9710729 9710285 8711023 9710891 8710920 4720964 3230560 2760580 731007 3230519 730371 3230969 730937 3930519 3930386 910646 4720363 7790519 2761007 730754 2760371 731007 730743 731007 730961 730961 730754 730282 3930205 3931002 3930205 3931023 3930519 3931023 3931023 3930519 910741 8870772 8870833 730928 730833 3930772 3931023 730371 730371 730560 730961 730961 730646 3230772 911007 731007 731007 730646 3231023 4720200 4720580 4720772 8870580 730228 731007 730961 730282 730282 730282 730928 3230205 910544 730969 3930364 910364 910364 910772 7791007 4720043 730961 910646 910772 8870424 730282 730371 3931002 730928 3700205 3931023 3700772 3700969 730282 911007 730948 730948 730363 730646 730519 730743 3250580 8870580 4720580 730754 730205 910772 910200 910772 910729 910544 520961 520961 910646 8870580 730544 730870 7790870 7790519 2761002 730646 730961 730767 730961 730772 9711002 730809 730961 910772 730969 730754 730414 910364 7790969 2760364 250961 3230928 3230519 3230984
3930870 3700969 8190857 8190652 3230414 3930812 3930364 3930205 9710870 2760114 2760043 2760942 3930924 9710212 300872 9710729 2080770 9710371 9710961 9710006 9710864 8710752 9710071 8190071 9710961 9710580 3390071 9710729 8710928 9710891 9710043 2760496 2760894 3230770 3251007 3471007 3470857 9710006 8710924 9710496 3700752 8710767 9710729 9710496 9710752 7790752 8190857 8190829
4720961 4720772 7790937 7790961 4720772 3931002 730282 730772 730961 730772 730646 911007 910772 910772 7790961 910363 3700205 3930386 910205 910371 3700200 3700071 910969 911007 910937 3700519 3700364 3930519 4720363 3930386 3930812 3700969 3700741 2570519 3700364 2760364 2760519 7790519 250519 2760364 8870364 2760580 730646 4720580 3230519 730741 730924 731007 3930772 8870424 4720961 730519 730544 730519 730560 4720772 8870772 3930519 3930364 6660741 3930386 3700364 3700969 3930364 3700969 3700519 910363 3930741 910646 910646 730580 2761002 8870580 2761007 250580 7790937 9710371 3230414 2760960 230496 2760743 3930560 9710796 8710752 9710085 9350743 9710969 2760770 8710519 3230364 3230519 3230364 3470772 2760741 9710752 2760964 2760071 3950896 250580 4911023 9710960 3930414 3700743 9710960 9710743 3700071 9710920 8710969 910205 5230646 3930880 3230646 8710560 911007 9710729 9710969 3700872
3931023 910200 910544 8870969 730646 8871002 730772 4720363 730043 7790870 4720200 8870870 2761002 2761002 4720043 7790894 7790937 3930043 910363 4720961 730961 730961 911007 4720961 4720961 7790601 3230646 910363 910364 2760364 2760364 730364 3250363 3700961 3251007 3251007 3230924 3930870 3930519 8710969 3930770 3930560 3251007 251007 910544 910363 3930364 3700969 8870942 730043 730043 2760441 3230924 3700888 7790888 730364 3230364 3230364 3250877 2760580 2760928 2760580 6660580 8870580 730364 2761007 2760687 2760114 2760928 7790144 7530564 730961 910363 911007 2760942
910729 8870580 730948 8870043 8870043 731007 730937 730729 910200 520969 910969 3930969 3700969 3700969 3700969 3700969 520741 520969 3930741 520741 520969 4720961 4720961 3700752 3930969 910969 3930996 3930969 3930796 910729 520961 3251007 731007 911007 520961 4040200 3230969 910364 3931023 910371 3930870 3930880 3930870 3700364 3700364 3700928 3700364 3930364 3930870 3930870 3930364 911007 910729 2761002 7790043 7790043 7790601 730741 3230364 730364 3230364 730364 730371 730364 5370043 730043 730043 8870364 8870580 8870580 730071 3250580 731007 730071 911007 910205 8870364 4720961 731007 730928 730580 730414 730364 4720371 730872 3230205 730282 730282 3930205 3930364 3700364 3700743 3700960 3700752 3930560 730729 910043 910200 730729 730544 730937 730200 731007 4720969 730969 910200 910364 8870364 3700364 3700928 3700364 3700928 3700928 3700928 3700969 3700364 3700364 3930924 910924 520741 910371 910937 910969 910937 520961 3931002 3700969 910937 3700741 9040870 9040870 3700870 3930870 910729 3230969 910969 910364 910364 910363 8870969 3930969 8870969 910646 910200 910741 3230969 3930924 910729 910937 250969 250969 730894 730752 2760752 730043 8870364 2760414 730364 730960 3230496 4720200 910200 3230969 3931023 3700205 3700969 3700969 3930969 910371 910969 3700961 910371 3700870 3700928 3700870 4720363 4720580 3230350 3230924 3230928 730350 3230646 910200 910937 910937 910729 3930770 3930364 3930364 3930924 3700969 910200 910043 910043 3930880 910937 910363 4720200 3230646
910544 4040200 8870969 3700741 3700519 2760928 9040870 7790519 7790200 7790424 730754 730544 730371 910729 3931002 3700833 2570519 2570519 2570519 7790937 8870770 730960 3230754 8870414 8870043 7790741 7790043 7790888 7790200 7790519 7790937 7790888 4720772 3700928 520961 4040200 910937 3230364 730364 3930996 9710888 3700743 230920 8710580 9710504 3700969 3930812 3931002 3931023 730741 730752 730364 730364 910364 730741 3930519 3700205 3930519 3700519 3700205 8870364 7790969 910200 910200 3700969 910200 910646 520741 910363 910729 910363 8870969 3700364 910544 8870364 730646 730961 3931002 3931023 2760754 731007 730772 730646 730969 3931023 730772 730969 730961 7790772 730646 8870043 730544 7790829 7790772 7790518 7790200 7790200 5370770 730364 730363 730729 8870969 8870364 8870364 8870424 8870043 4720200 7790518 7790937 251007 251007 730754 730646 730363 730928 8870772 730772 3931002 730205 730969 730754 3931002 730833 6660754 3931023 3700205 3700928 3700833 3700519 3700519 3700364 7790519 3700870 3700870 3700870 9040870 3700364 3700519 3700519 9350754 9350729 8870364 3930519 3930364 910729 520741 2760969 2760969 730809 730754 3930386 8870772 3930772 3931023 3930772 8870833 730729 8870833 8870772 8870043
910364 730364 3230364 730870 3230920 3230364 3230364 910422 730364 730646 730870 730961 3230364 3230364 730961 3930870 3930870 3930386 3930870 3700870 9040870 3930870 3930870 2760404 3930519 3700519 911007 3230969 910646 4720363 910544 730812 3930205 3930386 910363 3930364 3700200 3700870 8870870 3700364 3700969 3700969 3700870 8870969 9710969 3700364 3930364 8870043 8870043 730729 3930043 3930870 2760364 2760364 2760364 250580 8870870 3930364 3930364 3930870 3700364 3700752 3700961 910363 910646 910937 3930364 3700364 3700870 3700870 3700364 3700928 3700928 3700928 8340519 3930969 3930519 3930519 3930386 520961 910364 7790519 250519 250519 250519 7790519 910969 3930205 3930996 3930880 3930796 3700969 3700969 3700205 9350741 3730812 7310942 2760043 2760809
3700924 3700364 3700364 3700364 3700924 3700519 9350993 8870833 3931023 3700969 3700752 3700928 3700928 3700833 730961 730928 730496 730006 3230646 4720371 4720043 7791007 7790961 7790371 730646 8870770 730969 8870969 730646 8870772 730114 8871002 730646 8871002 910043 7790969 910772 7790969 7790424 7790937 2760754 2761002 8870424 2760888 7790770 8870364 7790371 7790729 3700772 3700752 3700833 3700772 3700928 3700772 3700752 8870414 3700969 3700200 520857 4040200 8870043 7790424 8870770 730006 3230872 3230646 3230350 3230772 3230754 730754 3700928 911007 4720961 4720961 911007 911007 910544 4720741 3471007 4720772 4720772 4720772 3700364 3700872 3700364 3700741 7790937 8870888 730872 730071 7791007 4720200 4720961 3230646 3700961 910646 520741 3700364 3700960 3700519 3700519 3700519 3700519 910969 730969 910969 3930772 3930772 3930414 910772 3930519 3700961 3700772 3700772 3930772 2570519 2570519 3230646 910205 3700969 3700969 3700969 910729 520969 4720772 4720961 4720961 4720772 4720772 4720961 2570519 3700752 3700741 251007 251007 3700519 520961 3700872 3230924 730741 730646 3230646 4720772 7790961 7790772
910969 3930872 3700200 3700928 8870924 9040772 250961 3700071 3700752 3700752 3700364 3700364 3700743 910544 730646 730228 731007 731007 730646 730496 3230496 730770 4720743 731007 730646 4720200 4720752 730580 4720580 7790519 7790937 7790937 910969 910969 3930770 3470373 910560 3230519 3230920 730496 731007 4720371 4720964 3701007 4720363 3230364 230414 730809 8870205 8710205 3230770 4720363 2760964 2760942 230767 2760580 9710496 8710519 8711007 3230519 2760743 8710580 3230924 8710519 5230969 8710519 2760897 230920 2760770 2760960 7790937 9710969 910071 8710969 9710752 3930560 3930560 3230519
3931002 731007 8870560 7790969 7791007 7791007 7790961 4720363 2761007 7790200 730519 730754 730961 3230364 3230519 730560 730646 910200 3700969 4720961 2761002 7790519 7791007 7791007 7790424 4720043 7791007 4720961 730519 3230754 730812 731007 730812 730754 4720961 7790772 9040580 4720961 3230754 3700961 3230984 3930386 3700519 3700200 3700519 3930519 3700928 3700519 3700519 2570519 2570519 9040870 3700870 3700870 9040870 9040870 3700364 8870364 911007 730646 731007 4720200 4720961 4720961 3700961 3700961 3700205 3700961 3700519 520961 3700969 910646 8870969 910544 520969 731007 3230984 730969 3931002 3931002 520961 3700969 8870560 9350371 910544 910969 910560 8870969 3700928 8870364 3700519 3700364 3700519 9350993 3930414 3930772 730960 730961 8870870 730961 3230646 910937 3700961 7790937 3930741 3930386 8870364 3700364 3700928 7791007 910363 3230969 730741 3930386 3930519 910937 520961 910772 730961 911007 3230646 8870043 8870772 7791007 4040200 4040200 3700200 3700833 3700833 8870743 9040772 2570519 2570519 7790519 7790519 7790519 7790519 7791007 7790601 3930519
8870364 2570519 730754 3930772 3700969 3930969 3930772 3700961 3700772 910772 910937 8870580 730544 730228 8870870 2761007 2760364 251007 910364 910364 3230984 3230754 3230928 3700961 3700961 3930880 3700969 910646 520961 3700969 520969 520961 3230812 3230739 9710880 3700205 3700770 8710864 2760006 8710770 9671023 8710752 3700752 3700872 2760114 3230519 2760960 230809 3230519 730364 2760888 8710888 4720964 8710872 9711007 3471007 4911023 2760516 8790430 8710770 9710752 8710770 9710952 9710752 8340519 3390071 9710928 3700752 9710920 3470987 8710646
8190961 3951002 3230969 8870812 8190481 3730371 3230371 8870924 5370894 3930212 9350741 3930519 8710969 910772 9710071 8710969 9710920 8710767 8190952 3390071 4610973 2370973 7310891 1030282 1030282 7980973 4630829 9350519 1030292 4880973 4880973 4880973 4880973 3730241 9350687 7310942 5230772 2760006 9040864 8190872 1030993 5371023 7980973 1760973 7980973 1030282 6760700 3470961 3230364 8711023 9710575 8190877 9350942 1030282 7980973 6770857 4631007 1030829 5370772 4630829 9350743 9350729 9710071 2760404 8190404 9350601 3730942 8190741 251002 7790829 8190829 250961 8190404 5370404 3731002 1760973 3731002 3730200 3730371 9350896 5370924 4040200 8190404 2370973 3730137 8870924 730888 9350961 730928 3230743 4990857 8870969 1760973 4880973 2370973 2370973 1030857 7310560 7790937 2370973 4880973 7310363 3730241 7310646 3731002 9350913 8190857 4630386 8190857 4630200 7980973 3730200 4880973 4880973 7980857 1030292 1031010 1030282 1030857 1760973
7310471 5110471 5110471 5110004 5110006 5110549 5110006 5110350 5110471 3270652 7310877 5110471 5110812 5110471 1940652 7310585 5110471 5110471 5110652 5110471 5110045 5110471 7310652 5110471 5110471 5110471 5110471 5110471 5110471 5110471 5110471 5110471 5110560 5110045 3270652 7310471 5110471 5110471 5110471 5110045 5110471 7310471 5110652 3270652 5110006 5110471 5590652 5110872 8430652 7310471 5110004 5110004 5110471 7310471 7310471 7310471 5110471 5110471 7310471 7310471 5110471 7310471 5110471 6270652 6270652 7310471 5110471 7310471 5110471 7310571 5110872 6270652 8720652 3270652 6270652 6270652 5110004 7310877 6270652 1940652 7310471 6270652 6270652 5110471 5110471 5110471 6270652 7310652 5110006 7310652 5110471 5110045 7310652 5590652 1940652 5110471 5330652 6270652 7310652 8430652 5110471 3680652 7310652 5110471 7310471 6270652 6270652 5110471 5110045 5110004 5110560 6270652 1940652 1940652 6270652 5110549 5110560 6270652 5110653 7310471 1940652 5110653 5590652 3270652 7310652 1940652 6270652 6270652 5110006 7310652 3270652 7310877 7310371 5110004 6270652 5110006 7310266 5590652 6270652 5110004 7310419 6270652 1940652 5590652 6270652 10140652 7310829 7310419 6270652 5110004 6270652 5110004 5110004 5110045 5590652 5110812 5110872 5110471 6270652 1940652 7310471 6270652 7310571 8430652 6270652 7310471 6270652 5110004 6270652 5110045 6270652 5110006 6270652 5110560 6270652 5110350 7310471 5110471 7310471 6270652 6270652 5110872 5110350 7310829 5110045 6270652 5110045 7310471 6270652 5110872 7310942 5110471 5110471 7310652 7310652 5110471 5110471 1940652 3270652 5110471 5110560 5110471 5110471 5110471 7310652 1940652 5110652 5110652 7310635 5110635 5110471 5110471 5110471 5110471 5110471 7310471 5110471 5110471 7310471 5110471 7310471 7310635 5110471 5110471 5110635 5110635 7310471 7310652 5110471 5110045 7310471 5110652 1940652 7310652 5110652 5110471 5110006 5110471 5110471 1940652 5110471 5110471 5110471 5110653 5110471 5110471 5110471 5110471 5110471 5110471 5110635 5110635 5110635 5110471 5110471 5110471 1940652 7310196 1940652 5110471 5330652 5110350 7310471 5110371 7310652 1940652 5110635 1940652 5110652 5110560 5110560 5110652 1940652 7310652 5110635 1940652 5110635 5110635 5110872 5110004 5590652 5110812 5110652 7310652 1940652 7310652 7310652 1940652 7310635 5110635 6270635 5110471 5110635 3270652 8720652 7310652 1940652 1940652 1940652 7310652 5110652 1940652 5110812 6270652 7310652 5110653 7310560 7310196 5110812 7310652 5110652 7310652 1940652 7310652 5110652 7310652 6270652 1940652 7310652 8430652 1940652 7310652 5110872 7310700 1940652 5110812 7310652 6270652 1940652 5110872 7310969 7310266 1940652 5110635 1940652 7310652 5110471 1940652 5110471 5110471 7310471 5110471 5110471 7310652 6270652 7310471 6270635 7310471 7310969 7310266 7310652 5110471 6270635 5110350 6270652 3270652 7310829 5110471 5590652 7310969 7310471 7310471 5110471 5110471 6270635 6270652 7310471 6270635 7310471 6270652 5110471 5110471 6270635 5110471 5110471 6270652 6270635 6270635 6270652
7310994 5110471 7310471 7310471 7310471 5110471 5110471 6270652 5110471 6270652 6270652 8430652 5110471 5110471 5110471 6110652 3680652 7310471 8430652 7310471 5110471 7310471 5110471 5110471 7310635 5110471 5110471 7310652 6270652 6270652 7310471 7310471 7310471 5110471 5110471 7310652 6270635 7310471 7310635 5110471 7310471 7310471 3680652 6270652 7310471 6270635 7310471 7310471 6270635 7310471 7310471 6270652 7310471 7310471 7310471 6270652 7310419 6270652 6270652 7310471 7310471 6270652 6270652 7310471 6270652 6270652 6270652 6270652 7310571 6270652 7310471 6270652 7310419 7310741 6270652 7310571 7310419 7310877 6270652 7310969 5590652 7310652 6270652 7310829 7310266 6270652 7310471 7310371 6110652 7310652 6110652 6270652 7310471 7310471 7310471 6110652 7310635 7310471 7310471 7310471 7310471 7310471 7310471 7310471 7310471 6270635 7310471 7310471 5110471 5110471 5110471 5110471 6270635 5110471 3270652 5590652 7310371 7310471 7310471 7310471 5110471 7310635 5110635 5110635 7310652 6270635 5590652 6270652 6270652 5110635 7310635 7310471 5110635 5110812 6270635 5110205 7310571 6270652 6270635 7310471 7310635 7310652 7310266 7310652 1940652 6110652 6270652 9070652 7310765 8430652 6110652 6270652 5110006 6270652 3270652 5110652 3270652 7310652 9070652 7310652 7310371 6110652 8430652 6270652 6270652 6270652 7310877 8430652 7310571 7310571 7310371 7310969 7310937 8720652 7310652 6270652 7310571 7310652 6110652 7310571 7310652 7310371 7310652 7310652 7310371 1940652 6270652 7310652 1940652 7310652 5110371 6270652 3270652 6270652 6270652 6270652 9070652 7310571 7310419 7310371 6110652 7310371 7310266 7310652 6270652 5590652 5110635 1940652 6270635 6270635 6270652 6270652 7310937 7310571 7310419 6110652 6270652 5110004 6270652 7310371 8430652 6270652 6270652 5590652 6270652 1940652 5590652 5110812 5110812 5590652 7310371 5590652 5590652 5110653 3270652 6270652 5110812 6270652 9070652 6110652 7310652 6110652 7310419 5590652 7310205 7310829 7310205 5110653 7310371 6270652 5110045 7310371 6270652 6110652 5110872 6110652 7310924 9070652 7310841 7310765 7310419 8430652 6110652 5590652 6270652 6270652 6270635 7310652 7310652 6270652 1940652 6110652 6270652 6270652 5110350 6270635 3270652 5110560 6270652 6270635 7310652 1940652 1940652 6270635 7310652 7310652 7310877 6110652 7310371 6270652
7310045 7310205 7310829 7310371 7310652 7310371 7310045 7310371 7310560 7310205 7310371 7310877 7310371 7310419 7310266 6270652 7310741 7310371 5590652 7310571 7310877 5330652 7310371 7310877 7310560 7310205 7310371 5330652 7310205 7310371 6110652 7310371 5110560 7310560 8720652 7310652 7310266 5590652 7310969 7310601 6110652 7310205 7310205 7310205 5590652 7310371 7310266 8430652 7310571 7310829 7310371 6270652 7310045 5590652 7310371 7310942 7310571 7310371 7310045 7310371 3270652 7310646 8720652 3680652 7310371 7310560 9070652 7310045 5110872 6110652 6270652 7310045 7310371 6270652 7310371 7310371 5590652 7310205 8720652 7310205 7310571 5590652 6110652 7310371 7310266 6110652 7310205 7310371 8720652 7310371 7310205 7310205 6270652 8430652 7310765 6270652 3680652 7310205 9070652 5590652 7310371 7310571 7310205 7310877 8430652 7310371 7310371 7310205 7310266 7310571 7310371 7310601 5110560 8720652 6270652 7310266 7310371 5110006 5110560 7310571 7310371 5590652 7310266 7310045 3270652 8430652 7310560 5590652 5590652 7310877 3680652 7310371 9070652 7310419 7310205 7310877 5590652 3680652 5110045 7310404 5110045 7310371 6110652 7310371 7310205 6270652 8430652 5590652 7310266 5590652 7310371 7310045 1940652 8720652 6110652 7310371 7310969 7310371 5590652 1940652 7310652 8720652 5330652 5110560 8430652 8720652 7310571 7310371 6270652 7310841 6110652 7310652 7310266 7310652 9070652 5110872 7310205 6270652 6110652 7310877 7310266 5590652 7310571 5590652 7310045 7310266 5590652 5590652 6270652 7310205 7310571 5590652 7310371 5110653 6110652 6270652 7310205 7310371 6110652 8720652 7310205 7310741 7310205 7310371 8720652 7310371 7310560 7310371 8720652 7310205 6270652 7310419 7310877 9070652 7310371 9070652 7310371 7310877 7310877 7310371 7310560 7310371 6270652 7310200 5590652 7310371 7310419 7310205 5590652 3680652 7310371 7310205 6270652 7310205 5590652 7310045 7310371 5590652 8720652 7310841 5110006 7310571 7310924 5590652 7310942 10110857 7310700 7310877 7310741 6270652 8430652 7310564 5110560 6270652 5110635 6270635 7310635 5110635 6110652 7310652 7310652 5590652 6270635 7310652 5590652 7310371 5330652 6270652 5590652 7310571 7310652 3270652 7310471 5590652 7310371 5110045 5110812 5590652 5110560 8720652 6270635 7310471 7310471 7310635 7310471 9070652 7310471 7310652 7310471 3680652 7310829 7310471 8430652 7310371 6270652 7310829 7310652 7310371 5590652 3680652 7310585 5330652 7310560 7310471 6270635 6270635 7310635 7310471 7310635 7310635 6270635 7310045 5330652 10140652 8720652 3680652 7310652 7310471 7310635 7310635 7310635 7310635 7310635 7310635 7310635 7310635 7310635 6270635 7310635 7310471 7310652 6270635 5110471 3680652 5110635 7310635 7310560 7310635 7310635 7310635 7310635 5590652 7310652 8430652 3680652 7310045 7310571 9070652 7310652 7310652 10140652 6110652 7310471 6270635 7310471 7310471 7310652 6270652 7310652 7310652
7310994 5110652 5110471 7310471 5110549 5110006 7310419 7310652 5110004 5110371 7310829 7310652 5110471 1940652 5110549 5110471 5110652 7310585 5110872 5110560 5110471 5110812 5110471 5110471 5110471 3270652 5110006 5110560 5110549 3270652 5110350 5110471 5110205 5110471 5110549 5110560 7310200 5110004 5110004 5110006 5110205 5110560 1940652 5110004 5110004 5110812 5110549 5110812 5110652 1940652 5110652 5110350 5110652 5110652 5110045 5110812 1940652 5110045 7310200 5110004 5110872 5110872 5110549 5110560 5110004 5110872 5110004 1940652 5110652 5110004 5110652 5110350 3270652 5110812 5110812 5110004 5110872 5110560 5110652 5110812 5110004 5110006 7310765 5110004 5110560 5110872 5110004 7310857 5110004 5110350 5110812 5110004 5110812 5110560 5110812 5110560 7310200 1940652 7310829 5110872 5110006 5110045 5110653 7310877 5110653 5110205 7310200 7310652 5110549 7310652 5110653 5110004 5110560 5110812 5110872 7310419 5110004 5110812 5110004 5110812 1940652 5110560 5110560 5110812 1940652 3270652 5110812 5110350 5110004 5110004 5110004 7310205 5110560 7310829 5110350 3270652 5110812 5110004 5110004 5110004 5110812 5110560 5110004 5110004 3270652 5110350 5110560 5110006 6270652 5110205 5110872 5110350 5110006 5110004 7310266 5110560 5110004 7310200 3270652 1940652 5110004 7310266 5110812 7310205 5110812 7310371 5110006 5110560 7310200 5110653 5110004 5110560 5110205 5110004 5110006 7310200 7310371 7310877 7310571 5110872 5110653 5110560 7310419 7310205 3270652 1940652 7310419 5110205 5110653 5110350 5110004 5110004 5110560 5110004 7310877 5110004 5110004 5110004 5110004 5110653 5110006 5110371 5110652 5110205 7310200 5110004 5110371 5110045 5110004 5110004 5110004 5110350 5110004 7310200 5110004 5110004 5110812 5110872 5110045 5110205 7310652 5110652 5110653 5110471 9070652 7310652 5110471 1940652 5110872 5110652 7310652 7310196 7310196 3270652 7310652 1940652 5110652 6270652 7310652 7310371 5590652 7310371 5110471 7310205 7310652 7310652 7310471 5110471 7310585 5110812 5110471 7310471 6270635 7310652 5110635 1940652 1940652
2760888 7790888 7790964 7790371 7790371 7790888 7790857 2760930 2760441 2760071 2760071 7790964 6660800 5230422 3700996 3700422 3700422 7790560 2760560 2760880 9710870 2760880 2760870 2760870 2760870 2760964 2760888 3470870 3470782 7790870 9040870 2760752 5370770 5370888 5370770 7790560 7790560 2760516 2760752 2760770 230963 2760580 8711023 230809 730414 5370743 251007 7790770 8711007 3470782 3950960 8870772 730770 730371 6660304 730560 730924 730812 730880 8870772 8190560 9710575 7790772 7790371 7790200 7790772 7790772 8870772 7790772 730888 730888 230809 730646 730560 7790896 7790741 3930560 3700205 3700741 9710414 3470987 4630752 4630752 8190071 8710888 9710782 9710212 9710987 8710857 8711023 730743 2760833 2760960 2760743 2761007 3730993 4631007 4631007 4630913 8190071 9710969 9710519 8710752 8710519 9710952 7790200 8870833 2760894 2760897 2760928 9710371 8710996 8190519 3950960 6580212 5230422 4020000 9710527 9710422 3930880 730561 730519 2760833 2760580 8870969 7790969 7790770 3471007 8550519 3390580 730969 6660741 730754 9710350 3700770 2080888 2760687 2760960 2080414 2760504 7790888 730200 7790200 7791007 7790752 7790200 4720200 7790200 730729 9350930 730857 730857 730930 730857 3731002 7980973 730930 7310560 7311002 730857 6770857 9350801 9350772 7311002 9350519 4990930 7311002 8870424 4990928 730857 731023 731023 730857 730772 730857 730857 730969 731023 730857 730924 8870772 730006 730544 730857 2760930 730741 9350993 730857 730961 2760961 731007 5370930 730767 4990160 6660857 9350560 6661002 730519 6660580 730496 730200 730580 5370833 5370752 730200 730743 5370960 9350772 6660924 730969 6660969 9350519 910205 2760205 730928 6660304 6660422 8870969 6660527 6660560 5370930 5371002 730772 5370930 730857 9350422 730857 9350772 730930 9350930 730857 5370930 730857 5370282 730200 730200 730857 5371002 730833 5371002 730200 731023 730519 730200 5370519 9350519 730930 5370833 5370772 5370930 730857 5370200 730857 5370043 730857 5370282 730519 5370282 4990857 730857 9350519 730200 9350519 5370930 4990857 5370772 9350930 731023 9350930 4990043 731023 9350930 5370930 730857 5370833 730857 730857 9350200 9350930 5370930 730857 730200 730857 730857 730580 6660006 2760924 9350930 5370371 4990857 6770857 1920857 730888 4990043 730857 9350964 7980973 2760888 730071 730857 4990930 9350930 6770857 4990928 9350519 6770160 730200 5370519 5370888 2760969 731023 5371007 730200 730857 730857 730205 9350519 730857
6660160 9350930 2760743 730888 8870743 230496 2760894 2760930 231023 230496 2760772 2761002 2760741 2760752 2760924 2760743 5370894 3230880 730414 3230364 730741 3230527 3470422 9710205 3230880 3230519 3230880 3230560 3230422 1031007 5370519 2760897 2761007 2761007 2760961 2760896 2760767 2760952 8190519 5370894 3230364 2760987 2760964 230504 3730071 3730519 3730646 4630200 4630772 8190857 4630913 3230772 230952 230952 230952 2761007 730205 3230770 3230364 3230772 3230205 9710519 230809 230872 230872 230741 230350 2760114 230741 2760743 2761007 4720772 8190857 3731007 3730646 4630071 6660741 8190071 6660561 3930870 730812 2760987 8710043 9710782 8190770 6660812 9350652 3730772 1030993 730888 3230772 6660996 6660304 2760071 730770 2760743 2760373 2760752 2760496 2760960 2760770 6661007 3470441 2760741 5231023 9710544 2080770 8190969 8190752 5370960 8190519 5370754 5370770 2760371 8190772 3730371 3730205 8190770 8190205 730741 230414 2760205 9710752 6660812 3470422 3700964 2760580 230006 230006 2760371 2760872 2761002 2760948 7790519 730350 3700772 3700743 3700743 9710864 3700205 300872 8710560 3700743 7790857 9350872 3230205 730812 2760071 3230560 2760006 2760560 730071 730770 3700870 3700833 2080200 6660754 9710519 7790870 2760767 2760920 7790964 7790200 7790964 2760870 2761007 2760964 7790888 4720772 2760176 2761007 2760414 2760743 730743 2760743 7790870 7790870 8601023 2080772 4720964 7791007 2760897 230560 2760896 2760964 2760580 2760516 7790894 730888 4020000 3700414 730741 730812 8710006 230767 9710414 2760071 230504 2760741 3730770 8190071 9350752 9350519 8710767 8711002 6660560 2760560 3700205 8710205 9710205 9710575 8190741 2760371 2760772 2760687 2760888 2760870 2760924 3230888 8711007 2761007 2761007 4720888 2761007 3230743 3230071 2760071 2761007 2761007 730580 6761002 8190930 3730993 9350160 9350930 8601023 7790752 730870 730888 730870 730043 2761007 5370930 3730460 3730519 1030638 3730182 5370160 5370894 5370964 5370519 9710205 3930043 3930205 8190930 8190741 9710741 3700422 3700772 3700870 9710772 8710205 2760770 8710519 910364 9710519 2760496 2760504 2760519 2760114 2760519 2760071 2760071 2760071 730519 6660371 5230772 9710987 8710928 3700772 730870 2760870 2760071 2760987 2760964 2760987 7790888 7790888 5370964 910924 3230414 730772 3230864 3230772
8870205 9710961 9040864 4720964 8710646 3230741 3930996 730924 730924 3930422 6660006 910371 3230212 9040580 9040880 8870880 9350519 9710422 3700205 3700519 3700071 3700205 9710752 730894 9710864 9710519 3700519 3700833 3250371 2760371 3700872 5230872 9710544 730961 731007 3230527 3230996 9350741 9830996 9710422 3930880 3930212 3930519 3700833 9350754 6580212 3230422 730809 3470782 3730182 9350770 1551023 3930796 3700864 3930422 910371 3930996 730969 3930519 6660754 9710371 3230969 3230888 3230560 731007 730924 730006 730414 2760580 2760580 2760176 2760580 730964 730006 230872 230880 730741 730212 730964 730894 730894 730752 230952 730752 730414 730752 8710580 3230071 2760205 8710987 3730580 3730770 5370960 9350006 9710285 300872 8710414 3930812 3930924 3230205 9710996 9710527 4720964 8870888 730560 8870560 8870422 730969 3930741 3701007 3230796 3700864 3230872 2080519 9710519 9710743 3470995 8870770 8710422 9710205 3471023 730071 730809 8710580 2760924 3230741 730743 730894 7790772 230924 730741 9710527 2760996 8190422 3730004 3731002 8190857 5370160 9710527 3930422 3930560 3230969 2760752 6660560 8710580 730743 2760504 8870770 8870580 9040580 8870560 8870580 8870580 730812 8870772 8870772 8870772 730646 8870772 7791007 8870743 8870580 8870580 230496 8711002 730767 230872 6900872 230741 8710864 230350 3470580 2760006 730006 9710371 8710580 3230527 300996 3930422 3930812 9040987 730743 730894 730772 2760928 2760964 9710176 9710891 5230350 3700071 5230371 3930872 520741 520071 911007 3230496 230006 730964 730114 3230371 730964 730422 9710527 3230741 3230205 5230205 3230880 2750212 3230741 3230371 3470422 5230872 3230646 3230212 2760006 3930743 730071 730371 730580 730071 3230996 8711002 730422 3230646 9710350 3470580 3471007 8870560 8870888 8870743 9350801 9350754 2760422 7790652 730071 7790424 7790200 7790371 7790518 3471023 5231002 3930205 3930872 3230205 730894 8710752 730560 5370960 730857 730772 730770 730752 3470772 8710920 7790770 8870772 2760833 230809 2760960 230952 2760960 230920 230952 2760741 2761002 3730770 4630580 8190772 8190071 8190964 8190857 8191023 3230872 3230205 5230930 730743 730772 3930560 3471002 230496 5370200 8711002 730519
730282 730833 730205 730371 730646 2751023 730928 730371 730930 730857 730560 730857 730928 730928 730857 2751023 730996 2751023 730857 730857 2751023 730857 730752 730857 730282 730928 730833 730741 730743 730741 730071 730928 3230205 730930 730969 730928 730969 6660422 730770 730752 730770 730752 730071 730969 730071 8871002 730519 730752 730928 730200 730928 730729 3230924 730928 8870772 8871002 3930743 3230880 3230920 8870580 3230924 9350993 3230969 730741 730857 730646 3231023 730371 8870969 730928 730741 730741 730928 730928 730646 730924 730646 8870888 8870969 730857 9350772 730741 730200 730544 730857 8870772 730646 730646 730646 8871002 730371 3230754 3230880 730363 730888 2760580 8710782 730770 730580 730743 730770 730888 230952 730422 8710466 9710085 8190071 5370071 730857 9710462 2760961 2760960 730519 7790964 230496 230006 5370960 9350770 5370371 5370741 5370160 730960 8710872 3230770 3230741 9710741 9710071 9710414 5230872 3230752 730770 9311023 3230888 3230414 3230304 3930422 2750212 730960 9711007 9710752 3230519 300422 3230205 3230422 3231023 8191007 8190422 8190371 8191007 730857 230809 730687 3230414 9710453 730144 8710772 3230772 730071 730519 3230527 3230519 4720741 3230752 230809 2760580 9710995 7790896 8710580 9710527 8710580 8870743 730888 3930205 3930212 3930212 3930212 3700969 520969 9710894 9710833 9710743 8710767 9710071 3950960 3950960 730888 730812 8710422 8870743 9711002 3230205 3230812 3230304 730743 3230743 8190071 8190770 8190961 910857 3470441 6660924 3930371 9350560 9710964 9710729 8870743 3930743 9311023 8190857 5230969 5230205 5230969 9710422 3700870 9710996 3470870 3700996 3700996 9710996 730560 730888 730964 230920 2760987 230504 8710987 8710888 8710772 2760071 8710519 5230930 230414 6660460 5231002 730414 730212 2760896 2760006 730006 8870743 7790964 9711002 3470043 9040580 3700580 7790371 7790964 7790937 230767 730960 2760952 8710752 3470580 2760373 230767 2760930 230496 230920 2760071 2760894 8711023 230560 8870772 730880 230414 230880 2760964 7790964 730857 730414 730212 730212 2760527 730880 730371 8870422 5370752 730888 8870422 730729 730767 2760809 730561 9711002 730752 3230205 3230812 9710085 730752 3230304 3230796 730924 3230422 731007 3231023 8190964 3730993 8190857 3731002 9350422 3230920 731007 8710646 2760888 8870743 730880 3230560 730544 2760071 2760043 2760897 730857
730212 4020000 3930772 3930880 9710037 9040772 9040772 730752 230414 5370752 5370752 5370519 7790519 2760741 8190772 7790752 7790888 7790894 7790896 5370801 2760043 2760043 7790200 2760043 2760364 2760687 2760772 7790772 2760504 7790772 7790772 7790772 3470739 730743 8870770 2760754 2760754 2080772 9040772 250071 7790896 7790770 7790964 3950888 730969 3230770 230741 730741 730896 730894 910580 6900466 730996 230952 3730205 1030857 3730241 1030993 1030993 2760894 5370896 2760580 2760897 730772 730772 7790752 7790752 8710772 7790205 7790205 7790888 7790857 7790857 7790200 7790200 7790200 7790200 7790519 7790519 7791007 7790200 730282 3230422 730812 6660754 300996 9710453 8710969 9710085 8710519 3470833 8711002 8710770 3470833 730741 300996 2760928 2760205 9710772 230496 230496 9710772 2760043 9710772 3730772 4630772 8190913 5230205 730928 3700752 230504 730961 3230205 9710782 8710770 9710350 8710006 9711007 8710646 3470772 4720371 3470961 9710741 230006 5230772 5230772 3230414 3230920 7790964 3230371 8710422 3470441 3471007 9040864 730960 3230772 730996 730212 730043 8870880 730561 9040772 7790752 4720857 230920 3230496 3471007 8710504 730924 731007 730371 730872 730371 910580 7790961 5370687 730743 9710205 3700741 7310205 9350812 2760812 3230350 730772 3230880 3230741 3230872 7790961 3230920 3470772 3230414 3230743 230414 9710923 5230414 7790770 9710772 9040987 7790964 9040580 7790752 7790770 7791007 5370841 730770 8710987 730767 730741 730371 5231002 910772 9711002 8870743 8870969 910371 7790937 7790200 7790857 7790519 7790857 7790200 7790424 7790200 7790200 7790200 7790371 7790937 6660561 730071 5230930 9711002 8710043 3230770 230920 230767 730496 3730772 1030638 5370801 6770857 6770160 2760371 730772 730043 230809 5370772 230414 230504 3230414 5230872 730414 730350 730414 8710466 730560 8710466 3230770 230414 910772 230809 3230519 3730961 4630752 8191007 3950896 8190964 3230772 730754 730772 5370772 8190857 3731002 3730006 3730888 3730646 3730519 4630930 3730182 3730993 4630580 3731007 5371007 5370894 2760652 2760043 2760043 2760964 230920 7790894 8870969 730741 230350 5231002 730043
6771010 7790857 5371023 7790857 8711023 9710928 3700422 3700043 6660948 3700043 730796 7790752 730071 730071 9710782 9710782 8870772 8870829 9710772 7790964 3471002 7790888 7790894 3470987 300422 300422 300422 300996 3700519 910200 8190969 8710857 3730504 4630857 7310969 3700364 9710575 9710752 2760928 3700772 8870770 4630913 4630937 2760896 5370687 3730241 3730519 3700212 5230560 9710880 520071 8190772 8191002 7790200 231023 7790896 2760043 2760043 7790772 2760043 7790857 3730964 8710743 730964 7790964 8870888 8710743 3470441 2760071 3950888 4720969 730833 7790964 2080894 7790964 6660754 9040772 3230888 6660930 730896 730422 3470580 8710920 7790371 3470580 4720964 4720752 7790752 1031010 3731023 1031010 230857 4990160 730857 1030857 730205 3930422 730812 730752 3230371 3230996 6660996 2760996 730894 730687 4720772 730646 230414 2760772 6660212 230880 230809 730000 2760772 8190772 1760973 3730043 4630200 4630200 250043 250200 4630580 251007 9711002 910560 3930205 2760872 2760205 2760043 2760043 7790770 7790205 2760580 8710580 730770 730580 730043 730043 9710043 230767 3470043 7790043 7790752 3470043 7790519 7790519 7790519 7790519 7790519 7790519 7790937 7790519 7790519 7790519 7790519 7790519 4720580 4020000 6660527 6580212 730880 730580 230496 7790770 3230754 9711002 2760043 230496 231023 2760043 2760043 2760930 2760071 730754 230872 7790772 230809 2080200 730894 9350741 3700212 730560 731007 730371 230741 5370770 4720200 2760743 2760414 9710923 8710422 2761007 2760897 3730422 3930772 5230205 5231002 5230872 8870969 730772 730996 230560 3230772 3230772 730754 3470961 3470987 730754 231023 230496 2760580 2760580 7790560 7790894 2760580 7790857 3470043 2760770 7790043 3250580 2760897 730812 230857 3730580 3730580 8190466 3730182 3390580 8190646 7790652 3950888 7790200 7790519 2760772 2760519 230560 5370519 4630580 3730043 4630043 7790857 4630043 3230772 7790964 3230772 9710987 2760964 4720772 7791007 7791007 7790857 230414
3700857 910857 9710923 3470580 2760441 5230371 5230930 3230527 3230796 5650857 3230212 6660812 9710930 9710575 8190857 9350516 9830996 730948 9350516 2080580 9040580 3470961 6660371 1551023 3230006 3230880 3230422 3230646 3230996 4720857 9710741 9710923 2081023 2080888 2760772 2760772 230767 8710857 2760952 730888 9350160 3930741 910741 9711002 9710071 910924 2760071 2760687 3730071 3730043 3730504 3730504 8190857 4630930 4630071 9710930 9710987 2760770 2760888 9710930 2760964 8190930 5370888 8190767 8190752 8191023 7790857 7790857 3390043 5370043 6660561 9350930 8710987 8710043 8710414 6660527 3730422 3730422 3730560 3730560 8190560 10110857 3230772 2750212 2750212 3701007 3230646 4720888 3700743 3950888 8870414 230857 5230466 5370687 2760687 8710782 9710782 9710782 3730920 4630930 3730114 3730004 3730004 3731010 3730920 3730920 4630857 4630857 4630071 8190942 4630200 4630071 8190687 3730942 3470923 3470930 8190770 9760857 5230466 6900466 8710504 9710952 5230857 910857 3230739 3230739 9710006 230857 3730960 3730770 8190560 8190560 3930996 3930857 8601023 3730812 8190770 5230857 3730420 3730420 4630071 3730964 3470857 8190857 3730770 8190770 230963 8190770 8190896 3731010 3730560 4630580 8190857 7090973 3930741 3930796 8710996 8190006 3730646 3731023 8190687 8190964 2760894 3470930 3470930 9350304 5230422 9350812 9710519 9710741 9710741 9710350 3230739 3230371 9710739 3230006 3230752 9350924 3230984 3230006 4720969 3731023 230857 230924 9710930 9710772 5231023 9710930 7770857 9350812 2760743 2760176 3930205 9710987 6660561 2760964 7790964 8601023 2080894 8601023 7790894 3730182 3730770 6580212 8710996 9710964 3470006 8710560 7790896 2760930 7311002 9710930 9710043 3250741 3470043 3470987 730928 3230205 3230812 9350812 9710857 8190414 3230560 4720857 9710961 4720752 4720200 3230928 8710466 3730004 6351023 9710930 7790894 3470923 8601023 8190371 9350560 8190496 9760857 8190894 8190752 8190741 8190560 3930969 8190752 2080770 9710833 7790371 8190741 8710920 2760516 9710414 9710297 9710894 9040857
3700772 5230466 9710995 8710987 9710930 730857 230560 2760930 2760809 8710987 8190870 8710414 3230888 3470441 730743 3730743 8190770 4630071 910857 3931002 3930857 3930205 910857 3730969 3230796 3700212 3700857 3391007 7790857 8190646 5230422 9710743 1551023 3700961 2750857 910371 3230743 2750857 3230071 3931002 3230772 3930880 3930770 9710414 3731010 3731010 3730004 8191010 3731010 7090973 7090973 8190772 8190857 3930857 910857 9350212 8870212 9710930 9710772 9711007 3700880 8710560 9710857 2760960 730801 4020000 9710422 9311023 2760176 8711023 730857 3230996 3230752 3700422 3700960 3700964 9710920 3930205 3700964 520743 5370160 8190857 5371007 4720200 230767 2760741 9350144 9710739 9350880 8710857 3470857 3470857 3930857 3700857 3930857 9710767 3930857 300872 3930796 3700964 3700928 8190752 7090973 8190920 3950888 3470923 9710752 9710930 8710422 8710752 230767 230809 230920 230924 230920 8190801 2080894 4630043 3730043 5370896 730880 3731010 3730920 3730772 9350930 730948 9710043 7790896 3230560 3700752 3700580 9710580 9710767 230496 730894 230414 8710519 230504 3730043 7310560 8190496 910200 910205 3230796 910857 3730638 3731010 8190857 4630638 3730646 8190857 3730993 8190741 8190071 6660422 4020000 9830996 9710422 8710043 9710205 3471023 3470580 7790752 8190930 2760801 5230466 7790371 2760371 7790371 5370964 5370752 5370043 9350519 5370043 8190422 9710857 230857 9710930 9710504 3470772 8190920 2080888 3950888 4720200 5230857 8191010 8191010 7090857 9350741 9760857 9710453 230006 2760996 3230414 3230006 3230071 9710371 9710864 2080894 2080200 2760516 3730504 3731010 3730772 3730920 8190896 8600857 8190894 5230857 5230857 9710414 9710496 8710752
6660930 730000 3730560 3730560 8710857 3470930 2080770 7790857 8190580 3390580 3950960 8190857 3730964 5230857 5230857 9710964 3470857 8710043 9710071 9710422 4020000 5230422 9710894 8710414 8710006 8710176 230857 3730964 5230466 9710923 8190422 3950960 3930205 730282 730282 2750857 4020000 6660304 8870580 7790857 7790857 7790857 7790857 7790857 7790857 9710071 9710964 8190964 9710870 2080888 9760964 2080894 3700414 8710770 6580212 9710920 730964 6660924 3730071 3730371 3930212 5231023 730767 9710422 9710297 9710422 9710285 3470580 3730071 1600973 3731010 3731010 4630071 910857 3700872 910071 3930422 3230739 9710969 9710212 2080987 3700888 2080888 8190964 8711002 3230770 3930857 3930857 3930857 910741 9710960 8190071 3930414 9710767 3470857 9710743 3230006 3230880 3230422 9710995 3470422 3470995 2750857 3230928 9710414 9350770 8710930 9710930 8710466 3730924 3730422 3730743 3730888 3730743 4630857 3730743 4630638 4630913 4630752 8190006 3390043 3390043 3390043 8190772 2760770 3700857 3700752 9710857 6901023 8190857 3730071 8190964 230963 3470930 2760987 2760872 9710043 9710767 7790741 7790770 8600857 8710743 1920857 3230930 3230930 3731010 3730743 3730646 3700770 9710752 2760767 3730743 3730770 7090857 7090973 7090973 3730496 3470772 8190519 3730006 4630772 4630200 4630200 4630772 3730519 9710920 2081023 9710888 9710414 3700770 8710880 9710527 9710422 3471007 9710920 730580 9710782 8710580 3730752 3730580 3730993 3700857 3700857 8710857 9040857 9710870 9710212 8190752 8710857 3730004 3730770 3230924 8190857 8190857 8190752 9710453 3230414 9710205 9710996 7790857 8190580 8190580 5370960 5370043 8190772 5231002 9710857 3230930 730857 3730888 3730888 3730812 3230888 8710864 3930872 9710894
7790857 7790857 9710453 9710453 9710085 3230496 3230920 8711007 3230872 9710930 3730770 9350894 9710857 8190071 9710767 300872 9710752 8190857 3730420 3730071 8710857 9710857 7790888 2760888 2760888 2760767 9710504 8711023 8710741 9710960 9710812 5230646 8710996 8710741 8710857 4720371 9710961 4720964 4720888 8190652 9710519 2760888 8190071 7790857 2760801 230920 2760743 7790888 3731023 3730961 3731002 4631007 230872 2760373 230767 2760741 2760741 3730770 3731002 3730560 8190812 8190767 4630200 4630371 3730646 4630913 4631007 4631007 8710176 9710527 9710923 3730004 7310560 730687 2760496 2760687 230006 2760897 730560 3730182 3730993 9710894 3230754 8710752 9710350 5230350 3470857 9710006 9760200 3470857 8190071 7790371 9350371 3230371 5231023 3230969 4020000 6660930 2760952 230857 230496 9710930 3730182 9350801 9710743 8710752 5231023 2760743 230006 2760920 8190920 5981023 9350414 8710857 3730752 3730114 3730071 3730071 3730920 8190652 8190652 8190071 8710741 9710782 4630743 3730920 3730920 2760888 2760687 2760942 230920 230920 2760071 2760071 230920 7790964 3730888 4631007 8190652 8190964 3731007 3730920 4631007 3730071 9711007 8190920 3730964 3730961 3730960 3230741 3230071 3730964 9710920 3730920 3731007 3730961 3731007 8190071 3730071 3730960 8190741 8870870 2760560 2760071 8190801 9710767 7790770 3470772 7980857 9710870 8710770 8190741 3730770 5981023 8711023 8190767 2760960 8710930 5370888 9710285 2760741 9710071 2081023 8190496 1030857 2760960 9710894 2760770 8190964 3700960 2080894 8710741 9710743 9710920 9710504 4720200 5371007 5370894 5371007 5371007 5370894 5371007 5371007 4720200 9710414 8710752 9710453 3730960 4630752 4630960 8190964 8190920
9350687 8710857 3700743 9710920 8190857 4630857 4630857 4630638 4631007 4630752 8190071 5370770 8190519 8190519 8710752 2080770 3470857 3731010 1600973 3731023 3730646 4630638 4630638 7090973 4630913 4630638 3730741 9350754 3700741 3700770 3700071 9710833 9710833 9710496 3950960 8190969 8190969 3950888 910857 6660754 3930519 9710037 3930519 3930422 3730969 3731010 3731010 3730812 8190857 3730004 3470857 3470857 8550857 3470857 7791007 251002 7790424 7790200 5370741 7790770 7790888 2760071 2760770 8711023 2080888 8710466 4630743 4630743 3730560 3730888 6661007 9710752 4300519 9710519 2080770 9710741 9710285 3730004 8191007 8710920 6901023 2760741 8710176 3471007 4300857 8710924 9040857 3470580 3470285 8190422 2761007 3230205 300422 9350896 9350993 3230880 3230496 3701007 8710857 8710857 9710176 9040857 9710350 9710350 8710414 4720964 3230743 8710872 8710864 9710995 8710888 3470987 8711023 8870888 8711023 3730924 3730872 8550857 8190006 5230872 5230872 910371 910371 3230212 3230741 9350924 5231002 3930422 910741 3230880 4720969 4720741 8550857 8340519 8340519 4300857 2760964 2760894 8190857 2080414 5230857 3230527 3230812 3700205 8710371 9710350 9710857 3470857 5230872 9710006 9710006 6900466 9710987 9760964 7790772 7790741 2760896 2760960 2080772 7790414 3470772 8710743 3230560 3930857 3950888 8340519 7790857 2760896 9710519 2760960 7790770 3471007 9710767 9710544 9710739 8710646 8710205 3700205 2080770 9710812 9710544 6660924 3230796 3930880 3930996 9710453 3230770 9710996 3470422 9040870 7790752 7790857 9710772 3470857 2760770 9710772 3471023 8710920 7790752 9710864 3470580 3700071 3701007 3700796 910857 3930741 3700743 4630741 9760200 2760894 8711023 8601023 7790371 9710504 3730602 3730602 1760973 8190560 8190205 9710743 300872 8710880 8710350 5230857 8190872 2760071 2760687 8190071
9710414 3470923 3730741 4630960 3730004 1760973 250580 230809 9710519 2760504 9710739 9710920 7790888 7790770 7790752 7790752 2080519 9710414 2760176 2760924 5230930 6660006 2760880 9710085 3731023 3730872 4630043 3730519 2760920 8710772 2760114 2760942 8710772 3730782 9350743 8190857 3730993 8190857 3730519 8190071 8711023 8710987 8710987 8710414 7790896 9710812 2760741 3470987 7790888 9710176 8710770 7790857 2760205 3230519 1600973 3730920 4630071 1760973 4630752 4630071 2760801 2760801 2760897 2760560 2760894 9710952 7790741 2760770 2760960 9710752 2760414 8190770 8190964 2760741 2760743 2760964 7790414 7790964 2760741 9710864 3470373 8550519 8710646 8601023 3730420 7090973 3390071 8710414 9710496 9710752 8710770 8710880 8190857 3731010 3731002 3730772 5370888 5370743 5370743 5370964 5370801 5230857 5230466 5231023 5370071 2760071 2760872 2760809 2760350 8190006 3390371 3230772 8710772 3930414 3730924 3730560 8710857 8190560 9710752 3700770 9710923 5230560 2760964 8710560 8190964 8710888 3470373 4630857 3731023 3730888 3730743 4630071 3730960 8710857 9710857 7790888 7790894 3230205 9350519 2760961 3230519 3230205 9350754 9350205 3230560 3230205 3230739 3230812 5231023 6660560 3230754 3230739 5230857 2760960 2760924 8190770 730519 9710961 8710864 9710961 2080770 9710006 10110857 9710864 8710752 2080519 2760006 8710519 9710519 8710371 9710371 2760894 8711023 9710519 9710894 2080519 3470961 3470772 1551023 9710752 6660872 3930796 3230872 8190770 9350741 8190961 9350872 9350414 6660924 6660880 6660561 3230752 9710739 3700739 9710519 3700969 8190560 3730646 8190006 8711023 7790205 230560 2760043 9710920 9710920 3470285 8190920 9710462 9710504 9710969 520942 9710920 9040987 8190200 3730920 4630752 9710519 8711023 2761007 9710857 8190752 8711007 8550519 8710414 9710285 9710519 3471023 8190580 7790857 8190519 8190801 8190580 7790857 3950960 7790652 7790424 8191007 5230519 5231023 3230205 3230519 2760205 9710857 5230414 7790560 2760960 2760772 2760071 8190772 5370741 8710752 9710371 3730371 3730833 9350371 2760894 8711023 3731023 3730872 8190652 3730496 7090973 8190652 2081023 9350687 3230741 5230422 9710987 2080888
730752 730000 730205 4720888 9710422 7790888 8190961 7790857 5370741 730833 3730580 3730646 4630200 3730580 1760973 5370770 2760580 9710212 8710580 730752 9710964 730872 7790894 910772 730646 3950896 731007 7790961 7790888 6770857 5370752 5370741 7790741 2760580 3230772 2760894 2760894 730000 4720772 2761007 7791007 5370930 9350930 730770 8870770 9040880 730961 4990043 3730812 3730205 8190952 8190767 7790200 7791007 7791007 6660880 730857 5370282 3230772 731007 730896 730872 5370371 8870772 730896 8710772 2760772 8870772 730767 230920 730767 730071 6770857 230767 2760752 1030993 5370043 3731002 5370960 230880 8870580 730580 3230006 5370888 8870743 4720772 4720961 7790894 7790896 3230752 5370071 8190772 3730782 3730071 5370770 2760652 2760071 2760987 730371 230414 3230772 7790894 7790969 7791007 8710752 8711023 3230422 6660872 6660212 3730928 3730580 1030282 3730422 2760652 2760200 730580 1030857 3730519 3730580 730741 230414 3230422 730964 8870924 9711002 2760743 8710987 730888 230350 1551023 9710961 3230741 230857 730857 8710519 3700071 2760071 8870888 5370772 8870424 7790518 8710987 7790961 730752 5370752 3731002 9350888 3730961 230350 230006 2760580 2760920 3230772 2750212 3930870 3930772 3470772 2080772 730743 9350519 9350754 3230743 9710969 910772 9040772 9760964 8870743 2080519 5370896 4720200 2080772 2080772 3470772 9710205 3700770 3930770 8870770 8870880
910857 9040772 8190160 520857 8190913 9710772 8711023 8190767 8190496 8190857 3731002 6660857 8190481 9350729 8190071 8190496 8190071 3731023 9350961 730857 730857 9350772 9350561 6660857 3730752 3730960 3731002 9350006 5231023 9350371 3700770 520743 9710857 3470833 8190371 5370888 3930414 9350924 9350772 9350752 3930796 3930880 3730833 3730752 3700857 9350560 9350772 230767 230857 3730770 3730782 8190857 3730928 3730752 8190857 9350752 7530857 3950888 8870888 5370888 2760752 7790519 2760770 8870144 9350880 8710212 9040870 2760504 9350880 8870969 9350519 8870743 9711002 3700960 3700741 3700071 8710920 9710767 8190770 3730770 8190857 8190857 8190964 9710772 9710752 8190857 3470857 9350924 3930205 9350160 4990928 2750857 3700200 3230527 3700964 8870770 3700580 9710519 6660741 3700519 6770857 8190894 2760896 6660812 2760422 6660304 730870 7790870 730729 8601023 9710462 7310646 9350752 5230037 5230930 5230772 6660212 7310924 2760930 3230930 3230519 8190519 3230796 3230772 3230752 3230212 3230796 8711007 3230772 3230754 8190880 8710857 5371007 3230754 2760996 9830996 2760422 3230205 9710350 3230519 2761007 2760996 2760752 5370043 2760371 2760043 8710930 2760767 2760496 6660857 9710857 10110857 9710930 9710414 8190770 6760857 9350928 5231023 5231023 8710857 3700857 9710930 3700857 9350516 8190071 9350561 3700200 6660212 8710422 6660872 9350888 3930043 520071 3930560 3470441 8710519 3730928 2760071 2760752 9710833 730857 8870772 8710772 3230969 3230422 730960 9350770 3230414 1551023 9350371 3730741 3730870 6660930 2760930 9350870 2760527 6660160 2760752 2760772 2760772 730772 3700772 3700857 8190770 3700857 3700857 8710928 8190404 8190772 8190829 8190580 8190580 9350144 8190896 730894 730857 730857 730894 2760894 3700770 3700752 8191023 9350560 9710857 8870580 8710466 2080770 230872 2760114 9710930 730924 5230371 3930857 3930371 9350924 2760960 300422 9350160 3700857 9710857 9710857 3700519 9710575 730896 9710888 9350560 6660304 5231002 5230371 5230872 3730872 7310560 3730422 3730071 9350422 3230743 9710371 3930772 9710496 3930772 8710205 9710767 8711023 3700772 9710544 3730833 3730772 3730772 3730519 3730960 9710930 2760888 5370071 6660560 3470987 730857 8711002 9040580 3700200 3700772 8710857 8190772 9710857 3470857 3700200 3700770 3700870 5370519 9350870 8870870 7790870 251002 5370924 7790770 8190964 8870770 9710729 230496 2760928 2760504 8190646 3700928 3700200 3700870 2760812 2760414 2760809 8870870 3730519 8190857 3730460 8190930 9350729 520857 520857 7790924 8870770 3730942 7310560 3730519 6760857 9350752 3700969 8870969
9350930 6660160 5230930 8711002 9710772 9350888 9710930 8710930 8710646 250071 2760960 3470961 9710519 5370519 6660160 9350560 8710930 9350160 6660006 9710519 9350872 3470857 8710857 8870770 8710864 8190371 9710519 9710205 230963 230963 2760770 230857 230857 2750857 6660857 9710414 9350371 1551023 910205 3930212 3700796 3700422 3700205 3230930 730857 3230071 3230772 6901023 8190752 8190870 2760961 9711002 2760928 9710422 2760754 3730519 7310560 730857 3230772 3230930 3701007 3251007 3730993 8710857 9350770 9710519 230504 7790371 2760770 2760743 2760071 9710833 3470285 7790601 8870888 9040580 8190741 2760960 8870424 2760888 8870888 8190857 8190752 9350519 8710519 8870942 2760888 2760114 5370770 9350752 2760371 6660371 9710930 6660741 2760930 2760930 2760071 2760930 5370519 6660857 6660160 6660160 6660160 6660561 2760752 2760888 6660800 3700772 8710857 8710752 6660160 6660160 2760930 9350870 2760928 3730205 730857 730205 3230205 730961 730752 9350770 3730743 9350743 9710930 9350772 9350519 730770 3730888 9350772 2760930 9350772 9350964 6660857 8190687 9350560 9350752 8711023 9350754 8710930 2760770 6660741 2760414 2760767 2760770 730857 9710371 8710872 9710371 8711002 9710205 3230496 8790200 9350770 8710928 3700896 8711002 8870770 9710037 730519 730754 9350754 730928 3930812 2760504 2760560 9350371 9350888 9710857 9350516 9350519 9350888 3730829 3730071 9350924 9710857 9710006 8190519 3230752 3230864 2750212 9350561 910422 730114 5230930 3730752 3730004 3730782 9350770 9350752 9311023 8870833 9710987 8710176 5230969 9710870 9710923 8711023 9711002 2760961 730519 9350743 3730241 9350519 9710930 1551023 2760872 230809 9710772 3730182 8190752 3730993 3470772 7790857 7790371 4630071 8190652 5370687 730519 230920 2760770 2760580 2760888 9710864 8710519 2760752 8710770 4720752 9710519 7790964 2080414 2760767 5370960 8870743 8870888 8870743 9710752 3470987 9710544 3700960 3700857 3700519 8870422 7791007 8870743 9350519 3700200 3700200 3700928 3700519 8870770 3700833 3730829 3730928 3730241 9350687 3250857 8190371 9350754 3700285 6660969 8870772 7310371 730857 8710987 6660857 9350371 8190371 9350964 5370741 9710923 9350772 9710923 730888 8711023 2760996 2760006 7310942 3730829 3730241 3730741 8711023 9350888 9350371 9350928 2760071 9710928 9350770 9350770 3730770 8190857 8190770 8190422 3700772 5231023 2760964 8711007 7790894 9350560 8870205 8870942 2760767 9350993 9350880 9350743 9350913 8190770 6760857 8190969 9350942
3730920 4630960 9350894 9710371 9710961 3230872 9710864 2760350 230006 230006 5230930 730801 5230422 9710580 4720888 7790857 3700857 9710544 3470857 8190071 8710752 3700969 9710422 520741 3470857 4300857 9710920 3950888 9350414 3700964 3700770 8710924 3730504 3730504 1760973 1760973 4630743 4630857 3730646 8710857 9710857 8710857 9710857 8710857 9710857 8190741 3230924 4720961 9711007 9710857 3471007 3471023 8190896 2760743 2080894 7790964 7790770 9710964 9710857 8190371 8190580 4720857 8191007 9710466 8711023 8711007 9710864 8190071 8710930 3730602 3730772 3730422 8190857 8190857 8190160 8190414 3250857 2080770 8711023 8711007 9710857 3230770 3230880 3230920 8710741 911007 8710371 3700961 3230920 9710960 3230812 2760743 9311023 3470580 9710857 9710580 3230743 7530857 3700857 8190371 8190752 4720857 9710964 6660857 730812 3230996 4720857 9710857 8711002 3231023 8870743 3230924 9710422 4720752 4720743 2760772 2760961 2760071 2760896 9710205 2760888 2080888 3470772 3470772 8870580 730857 731023 5370833 730857 2760504 2760770 7790200 3471023 9710285 8190770 7790752 7790770 3471023 7790752 9040580 7790752 3700857 5230422 8190205 8190894 8870942 6660857 9710995 9350964 2760371 5370741 5370160 8190894 9350516 730743 9710864 9350741 2760743 3470857 3931023 9350205 910560 5370770 9710995 730857 8870560 730371 7790205 8190071 730857 8191002 5231023 3471023 730770 8870888 9350888 3230888 8870743 8600857 7790857 2760928 8870424 8870888 8870969 7790424 9350888 7790371 7790894 9350913 3470422 4720371 7790770 9350913 9711002 8190071 2760743 3250580 730888 730928 3230969 730888 2760928 2760964 9350896 8870770 6661007 8870580 2760580 2760741 9710923 3730741 8190770 8190752 9710930 8710872 8190872 2760888 9350160 2760743 2760414 2760960 9710930 8190752 8601023 8190812 9710930 8190205 7790857 2760560 8190741 7790560 3470857 8710930 8710857 8190857 3731010 3730071 3731010 3730743 3730071 8190930 8190930 8190741 9710930 9710930 9710752 5370888 9311023 2760770 2760496 8710767 2760888 3730752 3730004 8190071 8710770 9350928 9350212 5370770 5370960 8190770 2760960 2760741 8870414 8870770 3730772 3730960 3730772 5370752 230857 9350928 9311023 9710414 3700960 9350770 8190770 3730638 3730752 3730752
730857 5230930 5230466 5230466 9710466 8870580 1760973 4630930 4630930 3730460 1600973 4630930 4631010 8190930 5230930 9710527 730809 9710580 730857 5370160 5370160 8710782 9710864 8550519 8190857 8190741 3230880 3470580 7790894 9350754 8870969 8710741 300872 520743 3470857 5370930 5370930 9350930 9350930 5370930 5370930 5370741 7790200 7790043 7790857 230857 9710930 9710930 4720857 9710930 3470857 8190930 3730496 3730004 8190857 1760973 3731010 3731023 1760973 4630960 3730519 8710857 8190920 8710466 9710519 4630752 9350964 3230924 3930371 9350741 730857 3250857 8190414 9710743 5230772 9710414 3700743 9710414 2760770 3470923 9710414 8190560 4630741 4630741 4630960 8190741 3931023 3700739 3700200 730928 730519 8710519 8710504 9710580 8710422 9710580 5230422 8711023 9350561 9710752 8870942 3950960 7790770 520071 5230872 9710205 9710767 9710414 8190767 3730496 1760973 7090973 7090973 8190857 7090973 9710739 3700857 8190857 3730004 8190646 8190741 8190964 8190752 5230857 5230414 9710371 3700896 3700752 3930996 910200 3230205 730809 730888 3470580 9710743 8710176 3470923 7790964 7790924 7090973 8190857 3230930 3231023 3230928 3701007 9350205 3230928 3700960 3700770 4720200 4720857 7790857 7790857 8190580 5370043 7790200 5370160 5370043 7790857 5370043 5370960 5370930 7790857 5370043 5370160 5370930 5370930 5370519 5370930 5370930 5370930 5370930 5370930 5370160 7790857 7790857 7790043 7790200 9311023 3730504 230963 5370743 9710580 5230466 3730942 3730580 3730891 3730496 3731023 3730772 8190930 8190930 9710857 8190414 3730004 3730752 8710646 8710888 8710006 9710371 3700864 2080770 8710752 8710987 9711002 8190414 3730496 3731023 3730888 3731023 3730646 3730004 3730504 3730460 8190414 6580212 5231023 6900466 5230560 9710422 9710580 3700752 8710646 9710371 3700888 9710741 9710888 9710964 230872 6660212 230809 2760414 5231023 2760741 2760580 6660422 9710422 7790371 8870770 7790741 9710043 3700964 5230350 5230414 9710964 3700414 5230857 6900466 3230496 3700752 3930519 8710741 3930870 9710519 2760752 7790519 8710770 8190770 8190952 8190767 8190752 3470870 3730984 8190857 9710857 3700857 9710350 3700285 9710741 7090973 4630930 4631010 4630930 4630930 2760754 9710930 7790857 3730741 8190857 8190964 8190964 7790857 3950888 8550857 9710964 3700888 9710894 8710770 3470872 2080770 2080888 3470833 9040772 9710752 3700743
8190896 9350872 8190752 3730422 3730504 3730770 8190422 8190964 8710857 9350961 910857 9350743 8710772 230767 8710772 3470772 910924 7980973 9350772 5370772 1551023 2760924 3470772 7790896 9710176 9710743 2760580 4720741 4720964 9040580 3730004 8190466 8711023 9710952 8711023 4630857 3730496 6901023 3230770 9710782 9710544 8710872 8190770 1031010 3730752 3730420 1760973 1760973 8190872 8190952 5230872 3950960 8190752 3730004 7090973 7090973 8190767 8190770 3730920 3730602 1760973 8190770 9710729 9710371 9710205 9710920 2760071 2760043 8710205 9710414 3470987 8190422 4630371 8190857 910371 3930212 3250937 7790894 7790896 3950888 8190896 3950896 8190741 5231002 6580212 9710371 9710371 3700996 910560 8190857 1600973 1600973 3730004 7090973 7090973 7090973 7090973 8190371 3700770 9040857 8710857 3730602 3730602 3730496 3730504 4630960 4630371 8190857 9760857 3930414 3700205 9710350 9710964 9710920 9710741 3930743 8190652 4720857 8190371 3230739 5230414 5230560 8710414 910422 2760743 2760441 2760687 2760770 2760071 7790205 3470580 7790772 2760071 7790964 7790964 4750870 230920 2760987 8710767 9710071 3730519 8190870 7790652 8190857 9710894 9040857 3730422 3731023 3731002 7980973 230963 2760114 7790752 8190964 3730942 4630071 3730969 910857 3930741 3470739 8710880 3930924 9710071 8710770 3730752 3950888 3471023 4750870 3730888 8190801 3730004 3730004 3730602 4630004 7790857 4630960 8190646 3730420 3731007 3730420 4630200 1760973 4630772 1760973 8190857 8190772 8190071 5981023 9710071 2761007 2760772 2760772 3731023 3730772 4630772 4630913 4630772 9710969 5230350 9710888 2760896 2760422 7790857 2760071 3470043 3730004 3730004 4630071 3700205 2080770 9710964 9710964 9040987 8710928 9710752 9710414 8710743 8710767 7790964 9710453 2760741 3230205 3230205 3700872 730560 8870770 8710414 3730386 5370752 8190071 230857 5370930 6660857 730964
3700857 3730924 3730560 4630071 4630371 3390371 3471023 9710920 9710920 7790894 230504 230857 9710930 8190770 8710043 9710857 8190894 8190857 8710930 9710285 9710920 9710920 3470857 9710920 8190160 3390071 250071 8710006 5231023 9710923 3700200 8710857 8710857 8600857 3730504 8600857 8190920 9350741 5370687 5230414 3470930 8710466 9710767 8710864 8710504 4300857 7090973 3731010 4630071 8190857 9350894 8711023 8190930 3730752 3470930 9710930 8190894 3470987 9710071 2760205 7790770 9710752 8190160 8600857 8600857 8190770 2080888 2080741 9710741 2081023 9710519 1551023 3230872 9710864 9710864 3230350 3700864 3700864 3700964 1760973 7090973 9710920 8710646 9710782 9710350 3930924 3700205 3700880 3930743 4720857 8190752 9710414 5230466 9710466 3230560 7790888 7790894 8190772 2760801 2760560 7790894 2760801 8190801 2760801 4630772 8190801 2760801 8190801 8190964 8190801 6900466 3230743 8710969 3700741 8710371 9710864 9710857 3470857 3700770 3731010 3730872 4631010 3730646 8190857 4630857 4630857 4630857 4630857 4630857 4631010 4630857 7090973 4630913 4630071 3950888 2760652 230920 7790770 7790043 3470833 3700414 3730964 4630741 8190964 3950888 8711023 8190952 3470857 9710519 520741 9710205 9711002 3230812 8190371 230857 9710466 9710466 2760770 3730420 3731023 4630857 4630638 8190952 8190466 8190519 7790200 8190770 8190404 8190894 7790652 7790770 7790652 7790857 8190752 9760857 2080770 3471007 2080987 3950888 5230350 8710924 3700752 2080770 3470857 9710857 8710857 3730960 4631010 7090973 4630752 8190071 9760857 8190519 9710767 9710752 8710043 2760770 3230560 3230006 2760952 250519 3950960 3700200 4750870 3950896 8191007 8190857 3731002 3230930 3230930 5370743 3230752 3230880 3230754 3700200 8190071 8190857 5370894 2760772 2760741 2760743 2760754 3470772 7790770 2080772 2760754 9710519 3730752 3730772 3730071 3730920 3730460 2760930 3730812 3730004 3730268 3730960 8190857 3730920 8190857 8190857 10110857 3470441 7790371 9711007 8710920 3700770 9040870 8190071 8190772 2080987 3471023 7790741 3470580 730741 3731002 8710930 5230930 730924 7790752 9710772 7530857 3700414 5230560 8710043 3471023 3730004 3730602 7310004 230872 2760888 2760770 8710752 8190812 8710043 9710504 9350894 9350772 8710176 3230924 3230924 8710414 9710037 9710037 5230872 9710796
3700833 3700924 3700414 9350006 3230739 6660880 3930924 5230422 3700519 3230752 2761007 3470995 2760812 8710767 2760872 9710894 1551023 9710453 3230920 8710767 3230770 3470441 730741 3230872 3230996 3230071 3230924 3700888 910741 3700857 3470872 7790741 8190872 3470872 3470857 9710894 6660930 8190930 9710580 9350212 2760071 2760414 3470285 8710176 3471023 2760071 9350888 3250741 8190741 8190952 5230466 6660872 9710371 3470580 9710422 9710964 3730371 3730888 3730888 8710872 9710864 8190770 9710743 9710920 910371 9710864 8190414 8190752 8190870 8710920 8710767 9710864 9350752 9350770 3470995 2760422 2760371 2760043 7790741 8190466 3731023 4630857 4630043 4630930 4630580 4630913 4630937 9311023 2760888 2080987 8190801 230350 2760743 2760687 2760743 2760422 3470782 7790741 8190857 3730004 8190857 4630200 8191023 8191023 8190952 8191023 1760973 8191023 3731023 1760973 1760973 6660741 230414 230496 230872 230741 730960 2760930 9710923 9350414 4630752 8710930 3730960 2760752 2760888 2760870 2760964 9710752 2760960 9710752 9710782 8710864 6900872 2760414 9710961 8710414 4720964 3470872 7790741 3950888 3390071 7790894 6660212 8870422 730812 3230996 8190560 8190580 8190580 8190930 8190857 8190812 8190466 8190913 8190646 2760930 8710930 5981023 8710888 8710857 3250857 9710071 3700414 9710071 9710752 3700752 3700200 3700200 3700422 3700205 3230741 3230770 3700857 8710006 9710952 9710414 3470857 3700743 2760754 2080200 3700743 3700964 9710920 730964 230350 3230754 9350964 3230519 3230812 8710857 3230796 8870770 5370888 3730924 8710414 9710741 9760200 9710782 5230857 9710857 9710920 8710560 9710782 2080770 8710888 2760770 5231023 9311023 9710462 3730942 3730770 3730420 4630743 9710752 8710743 8190580 3730770 8190767 8190857 8710371 8710888 8710741 3470872 8710872 9710006 730071 9711007 4720752 9710496 300996 8190560 9710812 7790205 8190519 8190812 8190812 8190580 7790857 5370833 4990930 7311002 5370930 730857 730857 7790857 7790200 7790200 8710371 6900872 8710872 9710930 230857 1551023 8870422 9710006 5230857 3230796 3230864 8710864 2760414 8710930 2760071 2760560 3230739 3730371 3730964 3731007 8710857 8710857 8710857 8710857 4720857 3230888 8711007 3471007 4720743 2080888 7790888 7790772 3470772 7090973 9350006 3230371 8190371 6901023 3230770 2760580 230872 8190942 300872 9710857 3700743 3730872 8190857 8190896 8190741 9311023 8710205 2760006 4720888 9710964 3230741
4631010 9710350 910741 2080414 8190071 8710006 9710006 3470857 9710006 4720857 2751023 9350924 3930212 3930872 3700960 3930770 8710646 3730752 3730960 3730504 3730504 8190767 5230857 9710496 4300857 7790770 9710767 4630930 230496 2760770 2760496 9710085 3470772 2760752 2760960 2760071 7790200 7790770 9710870 7790857 3470580 3471023 9040580 8190580 3730872 730969 3930386 3930205 8870969 9350560 3730928 8190767 8710930 8190767 8190857 8190857 4630071 8190812 3230205 3230422 3230422 3930560 3730928 3730928 3730006 8190857 8190857 3230071 9710782 3731010 3730071 3730071 3730646 3730496 3730004 3730920 8190857 9040857 7790857 7790200 5370371 5370371 5370043 5370043 7980973 5370043 8190930 5370043 1760973 5370930 5370930 5370371 5370043 4720857 8870580 8870580 3730004 3730928 3730371 3230770 9350812 520071 3950888 8710767 3470857 3700414 3700864 8710920 9710928 9350743 3730071 8190071 8190071 8190969 520857 8870743 2760687 2760687 2760952 8870870 9710964 2760920 8710646 9710894 8710043 7790752 730741 6660930 730812 730960 730924 5230350 3700924 2080888 3700888 8710857 8711007 3471007 9710519 9711007 3470782 7790888 7790519 730371 730857 2760580 8190580 8190857 9350928 3950896 7090857 5230414 5230414 3471007 5230646 5230646 9710006 9711002 7790964 7790770 7790770 230924 2760960 9710085 9710772 3470930 9710752 7790857 8190646 9710920 8190767 9710894 8710888 9710071 9710071 7090857 3730071 8190857 9350880 3930812 2080741 9710741 3930770 3700205 9710496 3700770 9710729 300872 3930560 3700964 3930414 3931023 3930812 3700743 8710205 3730371 8190371 8190812 3230414 3470857 9710995 8710872 3470857 8710857 8190952 8710857 8190896 3230743 9350752 2760580 2760580 8710212 8710422 2760770 9710580 9710752 3470580 8710920 7791007 8870414 9710085 7790770 8190752 730857 6350857 3730770 4630752 3730004 3730752 8190496 9710987 3700896 3700960 9710809 9710741 3470006 9710371 9710964 9710894 300872 9710964 3930741 3931023 3471002 7090857 4630743 3730646 4630743 7090973 4630913 4630004 7090973 7090973 7090973 7090973 230924 2760752 3470772 8710770 8190770 3730602 8190767 3470857 8870770
5370930 7790857 7790857 3470930 9710864 230741 730857 230350 2370973 7980973 4990930 4990857 7980973 4990857 9350752 9350414 300872 2760928 9710833 5230772 3930796 9710812 520071 4990857 2751023 6660422 6770160 2750857 3230527 3230212 3930422 730414 5231023 9710752 9710960 3700770 3730969 3730004 8190857 9710422 730880 230414 2760371 2760741 9710864 5231023 9710205 9710864 5230350 5230560 8190205 6760973 3730228 8190422 3230864 10110857 9350743 6900466 6660857 6660561 3231023 3230752 6660996 6660857 3730422 3730870 3730969 9350961 3230304 2760580 730741 2760772 2760743 9710285 2760964 9710772 3470422 2080519 9710422 3730371 3730268 3730460 2760371 5981023 6900872 730752 3930422 3230888 8190969 7980973 8711023 8710741 9710285 3730924 3730743 3730043 7310924 5230371 730857 6660872 3930872 5230930 9710371 8710888 7310560 9350741 5230350 3230739 3700200 3700205 520071 9710864 9350930 8710930 3230205 3930996 300422 3700857 3730602 1031010 7310560 8190870 3470739 250580 8710772 230880 9710987 230924 9710864 2760071 7790896 8710767 7790752 9710071 7790741 2760743 9710519 7790894 8190920 8190964 9710519 6660212 3730833 6660924 6660930 5231002 6660560 7980973 2370973 3730205 1920857 6660527 230350 2760930 231023 2760930 730772 6660880 7980973 7980973 1030984 8190857 6760481 250969 8190961 9350752 8190969 8190896 3931023 3930872 730930 730114 9710930 9350752 9350772 9710466 8870888 9710043 7790888 3930772
9040580 730894 2760928 2760043 730043 2760872 730812 2760812 2760770 2760809 3470772 7790741 3470772 3930969 3700924 520741 3700896 520857 520857 910205 3230770 3230205 3230205 3230422 3230006 730560 9710995 2760924 9710085 3470995 3470422 9710414 2760414 3230739 3230422 3700205 9710205 3950960 3230205 3930414 3230872 8710519 5650857 730857 230809 8870772 2760770 2760043 5981023 8601023 230741 230741 6660006 3700741 730422 3700743 3700743 3700752 300872 3700071 2760350 9710071 9710920 5231002 730752 5230422 5230519 3930422 730752 8710646 3930371 3700924 9710205 3700739 3700833 3700833 3930205 9710880 3930924 910924 8870560 9710371 730961 730833 6660212 730212 730212 730833 730741 230414 730560 3700422 8870580 3700996 9710575 3231023 3230205 5230422 3471007 3730993 8190857 8190857 3930857 2750857 910205 3700580 910729 3700888 730924 9350812 3730004 3730004 8190857 8190404 9350687 9710371 3930560 9040857 3930796 3930772 3930212 3930772 3930205 3930422 3700969 3700969 3700969 3930205 910646 3700969 520857 4040857 5230560 9710743 9710071 7790888 7790964 4630580 3950888 9710920 910560 3930371 9710285 7090973 7090973 4630857 4630857 8190857 7090973 9830996 3700422 9710864 3700205 8870205 3230924 2760743 2080772 8190772 3730182 4630638 8190857 4630043 7090973 3230996 8710466 3701007 3700580 3930741 5230205 3700205 3700071 3700071 9350930 8870422 7790857 9040857 7790857 9040857 3700580 7790857 7790200 8870580 8870580 7790857 8870942 9710043 2760006 3471023 730000 230350 5230466 9311023 730960 3470580 230857 730371 3931002 3930519 3930560 6660580 730741 730928 6660560 6660996 8870772 6580212 730857 6901023 3931023 6660371 6900466 5230930 8190580 3730182 3730602 6660930 730772 6660930 730772
910741 3730496 6580212 9710496 3700739 9710987 9710085 9311023 3730496 8190071 9350964 9710544 8870424 3730205 8870888 3700924 8870743 9350560 1551023 2370973 2370973 3730371 3730004 8190872 8190371 8190857 3730770 3730646 3731023 3731023 8190857 3730928 3730638 3730004 5230519 9710519 9710833 9710371 9710857 3730205 3730205 8190519 8190580 730857 8870422 8190560 8870560 7790937 8870580 8870205 7790857 8870942 7790205 7790424 730560 3930560 3700872 9710812 8190560 8190560 3731002 9350772 9710930 8710504 3930212 3230350 8710212 8190896 8710987 3730371 3730741 8710857 3730420 2370973 7980973 6900466 5231023 5230969 8870942 9710891 8190687 3730004 2080200 3730268 2370973 3730200 3730200 3730004 5230857 8190071 8600857 8710888 8710872 3730241 3730602 8190857 3730496 8710987 9710782 8870770 8710767 3470961 9710961 9710961 9711007 6660880 9710857 8710752 3700285 3700960 3700770 3700205 9710371 8710560 3730752 8710782 2760504 9710782 8710646 9710580 730857 8710767 9711002 8870770 8190857 3700857 8190857 8190857 8190857 8710043 2760888 230963 8710743 230767 2760743 730857 9350741 2760404 2760888 3250560 9350801 8190772 8710928 8870560 8190519 8710422 9710466 2760071 3731002 9350801 3730888 9710930 8190857 3731010 8190857 8190857 8190920 3230071 9710772 730964 8190772 5370371 730969 3700200 3700969 8870205 3230371 9710741 8710872 300422 3700770 5230350 9350160 8191002 8190580 8190770 8190752 2760071 8190772
3700961 3230924 3930812 3700752 8190857 8870888 3470422 3470043 3731010 3730638 3730004 1600973 8191010 8191010 7090973 8190857 8190857 7090973 9710969 9710920 9710857 9710739 3230350 5370924 8870580 4720964 3700872 9040580 3730646 3731023 3730006 8710422 2760767 8710422 6661007 2760071 730961 730928 730228 9350743 2760987 8190752 8710930 3730770 3730004 8190952 8190772 3731010 7090973 730752 8190071 8190466 9710930 8190920 8190560 8190772 730857 9710580 5230969 9710729 3700864 520857 3470857 520857 3700924 3700071 9040857 9710729 3700739 3700888 8710924 9710006 9710371 9710371 9710729 3930371 3930741 4990928 3230928 3700741 730896 6660422 6660527 8870212 9350205 730924 5230930 6660880 9710930 3470580 9710969 3700739 3700743 8190071 9710575 8190770 9040580 8190857 5370160 8190772 8190560 3230371 3230371 3230560 3230812 1551023 9710006 9710864 8711023 9710071 8710205 9710071 9040987 3230071 9711007 230920 2760987 7790371 2760964 8710772 9040772 7790371 9710995 4720371 730580 730948 730580 3700580 3230930 3230930 730580 3230646 3230928 730928 3230930 3230212 8870580 3230924 3700580 3700964 9710371 3700872 6660460 3730004 3730638 3730043 3730268 3730043 9311023 3230527 3230888 8870888 4020000 3230888 9350812 3930870 3930872 3230924 730006 730371 730872 230350 2760924 5370371 9350422 6660006 6900872 5370924 8190580 8870043 5370043 2760930 2760930 5370930 5370930 5370930 7980973 6771010 5370930 5370930 5370841 5370930 5370930 5370930 2760930 5370160 5370930 6770857 5370930 6771010 6771010 5370930 5370930 5370043 5370964 9350930 5370964 8870743 8870580 8870580 7790829 3700928 730928 730144 730580 730928 730948 3230560 730743 9710995 300422 730770 8710422 730071 7790964 8190801 8710772 730857 2760043 2760560 8870772 6660460 230857 230350 730743 2750857 730580 6660561 730796 3230741 9710422 3930880 3230212 3230646 3700880 3230212 9710043 8190894 2751023 2751023 3700200 3700200 8190371 8191010 7090973 8190857 8710857
520743 3230796 9350993 2750212 8190857 9350371 9710205 8710371 9710575 5230646 3930364 3930371 3930364 3700969 4040200 910544 4040200 4040200 4040200 6660754 6660930 230857 6660160 8710930 8190870 3470923 8710920 3730638 3730928 2750857 3230969 3701007 3230371 5230872 3930414 9710888 8710924 230924 2760414 230924 8190741 8190767 2760924 3730004 3730004 9710857 6660857 2760930 730930 9350743 8190160 8190772 7790857 5370043 2760930 5370741 5370930 8190930 2760930 5370930 8190422 9350930 8190930 8190930 7790857 730857 8870043 7790857 7790857 7790857 7790424 7790560 3731002 3730200 3730638 3730422 3730993 3730241 9710071 8190071 730414 9350144 3230006 8870580 8190969 8870969 910937 8870969 3700770 9710350 8190071 8190896 9350924 8190580 8190961 8190896 5370964 5231023 5230371 3930371 9830996 3230006 3230350 5231023 910200 9350896 10110857 6660741 3930364 3700888 3730984 10140652 3730770 3730496 3730984 3730770 3730560 9710205 9710462 3230741 2080200 730212 8870580 9710580 9040580 9350930 8710930 230560 6660996 9710870 2760930 9710857 5230857 3730004 8190857 3730371
9350870 3931023 9350870 9350924 3700857 730646 6660872 230350 230350 2760350 2760006 7790371 9710371 3700772 2760833 3930414 730282 730772 730754 730772 730767 730754 730646 6660741 730870 9350993 6660800 3470930 9350930 9350561 5231023 2760687 730857 730114 2760504 7790770 8870870 7790969 3930870 730772 6660754 730928 730870 8190857 8190961 8870969 9350770 3930772 9350961 2760504 730870 2080580 730857 3230743 730580 8190942 3731007 3730752 3730580 3730004 3730752 3730960 8190770 8190752 8190857 3730752 4630638 8190652 4630004 8190857 2760741 2760960 6660754 2760888 3730772 8190770 4630743 8190952 3931023 3930772 3700741 3700888 3700743 3700743 5230371 2750857 3230527 3700964 730894 6660754 6660561 6660754 6660800 2760880 2760071 8710770 8190952 8190519 2760752 3950960 2760833 2760371 2760924 3470833 3250741 7790519 2760754 2760964 2760964 7790964 3700880 3700896 3700964 3730964 3730004 910924 4040857 9040772 2760880 8190857 8190371 8190006 8190770 730857 10220857 9710930 2750857 730857 730422 730371 730960 730729 730752 10110857 730872 730741 730646 730888 9710964 9710864 730687 4610973 7310959 7310942 7310371 7980973 4990857 3730741 9760857 8190404 8190519 8190741 9350160 8190646 9350913 8190969 8190913 8190969 8190857 3731002 3730833 3730496 3730833 3731002 6660160 6660930 9710575 3730371 3730984 9350006 8190964 9710743 9710772 230006 2760928 5230371 2370973 3730870 9350801 6771010 5230772 8710371 2080772 3950896 9040880 6770857 5370743 5370964 7790857 3470857 7790896 7790857 7790857 7790857 8190071 730857 9710857 8710920 9711007 9040857 2080200 3470987 3470987 8711023 4720743 9710987 8870888 3950896 3470772 2750212 730743 2750212 3230772 730772 3230371 3230414 3230212 3230371 5230857 3230754 5650857 6901023 3230741 3230212 3930741 9710743 9710996 2760371 9710371 5981023
3230872 3230864 8870942 8870414 6660812 730212 230880 730212 9710987 2760772 7790896 7790857 3950960 8190870 2760687 2760516 5370772 231023 230857 230857 6660160 2760928 2760350 3950960 8710987 9040580 8710580 8190767 3730580 3390071 3950888 6661002 6660580 730960 730888 6660812 8190857 3730812 3731023 4630857 4630200 4630200 3731023 4630937 4630004 8190857 8711023 230496 8710422 2760960 2760071 7790870 8710176 2760006 2760752 230809 6660527 6660560 6660560 2760960 2760996 9350516 6660812 3730560 3730560 3730772 730071 3730496 5370743 5370071 5370071 230414 230924 2760371 2760952 2760896 2760964 7790519 4300519 8550519 9710923 2760414 9710496 9710767 7790964 7790894 3730496 4631010 8190952 4630937 8550857 9040857 231023 6660930 6660043 6660857 8710857 8710857 9710857 8190857 3730422 3730772 8190880 7090973 9710857 3470857 3700796 3700880 3700212 3700212 9040857 6270652 300872 5230646 3700770 9710422 9350160 6660561 8190870 3700857 7310924 3731002 9350930 9350371 9350561 9350561 3700857 9350212 3700857 8190880 3700857 9350212 8190741 8190741 3730741 3700857 3700212 9350212 9350561 6660800 8190857 8190857 3700857 9350561 3700796 3700212 3700796 3700796 3730993 3250857 8190880 8190880 8190857 8190160 8190857 8190930 8190857 8190006 8870580 8190006 8190580 8870580 8190580 8190857 8190580 8190580 8190880 8190880 8190857 9040857 9040857 8190160 9040857 9040857 9040857 9040857 9040857 8190880 9040857 9040857 9040857 9040857 3700857 9040580 8190580 8190580 8190880 9040857 4720857 4720857 9040857 3700857 8190880 9040857 9040857 9040857 7790857 9040857 8190880 7790857 8190160 8190772 7790857 8190772 7790857 7790857 7790772 7790857 7790961 2760144 8191007 9040857 8190772 7790144 2760144 7790857 7790857 7790144 7790857 7790857 2760364 7790519 5370772 7790772 7790772 7790857 7790857 7790857 7790857 9040772 7790857 7790857 7790857 7790857 7790857 8550857 8550857 7790857 8550857 8550857 8710924 730960 8870580 3700580 8710205 9710205 2080772 3390071 3471007 3230205 9830996 3230996 4720964 3471007 4720888 8190741 7790888 8190894 7090973 7090973 7090973 7090973 8190857 7090973 8190580 7090973 8190857 8190857 8190857 8190857 8190646 8190071 8190414 8190496 8190071 3250857
8190752 730857 730924 8190930 9710930 730752 2760504 7790772 730809 2760928 2760928 730414 2760924 2760928 8870772 3700043 3731010 3730004 3730496 3730646 3731002 8190857 3730993 8190857 3730004 8190930 8190857 8190857 8190857 8190857 8190930 8190930 8190741 8190772 9350741 9350772 730212 8870772 2760752 730928 8870772 8870772 730857 7310560 7311002 730888 3230371 10110857 9350942 8710857 8710930 9710930 3250857 2761002 2760888 7790200 2760928 251002 7790200 8870772 8870424 8870772 2760646 8870772 2760928 7790857 2760928 2760969 2760897 2760896 2760516 9350930 5370160 9350160 5370160 7790857 8190519 9350687 8190371 9350880 7790857 7790888 5370894 9350212 8190969 2080200 8600857 2760741 2760516 230857 730857 2760752 8190422 250200 2760741 2760741 730741 2760741 5370519 730857 5370752 5370371 9350930 2760928 9350924 2760961 7980973 7980973 8190930 3731002 3730371 8190930 5370930 6660857 6660160 730930 6660422 9350930 3730833 6660930 9350870 9350930 730857 6770160 6660930 9350870 2760371 9350930 6660741 9350964 6660741 9350741 5370888 6660880 9350601 9350772 230963 9710857 9350872 2760205 9350812 9350741 9350964 9350560 9350687 9350205 9350870 9350560 9350560 9350560 9350519 730857 9350964 9350888 9350743 9350560 730560 9350743 730870 9350519 9350205 9350743 730812 8190913 9350560 730857 2760969 9350564 5370743 8710969 730857 5370772 8870772 730544 8870969 730812 8710560 730560 8190772 2760930 730371 730205 2760752 2760205 730812 9710519 2760441 2760373 2760770 2760371 2760371 230560 2760987 2760888 2760371 2760371 730646 2760371 2760809 2760371 2760580 2760743 5231002 5231023 5230037 2760924 730924 730006 2760006 5230646 5231023 5230646 5231023 5231023 5231023 5231023 5230519 5230037 9350006 2760371 2760006 730006 7790371 2761007 730928 8870424 730729 3700772 3700833 8870833 6660924 9350928 9350422 2760996 9350422 8870043 9350996 3930422 3700200 2760969 2760516 2760969 9350993 9350519 3700772 9350772 3700833 9350996 3700772 3930772 9350560 9350772 9350519 4990160 9350519 730857 730857 730969 6660160 9350772 730888 6660160 3700519 8870743 9710833 730371 9350519 3700519 3700200 9350743 3930772 730071 730964 8870888 8711002 730743 9350304 2760928 3930857 9350996 3700422 6660304 3700422 3700888 3930519 730071 8870205 730969 8870424 3700200 9350993 730928 3230924 2760812 8870969 9350304 8870969 3930857 730969 9350743 9350144 9350942 5370888 2760527 5370888 9350741 3700857 9350304 9350743 8190930 8190770 2760373 9350560 8711023 9350560 8190964 2760942 8710880 230496 2760770 2760752 2760373 2760960 2760371 8710930 2760924 9711002 2760996 730796 2760071 730212 2760996 2760880 730071 2760496 2760071 730743 230880 2760752 730752 2760960 9710422 2760504 730560 8870422 730870 9350772 7790888 730071 2760441 2760770 3230752 2760770 9710833 2760422 9711002 8711002 730071 2760071 730496 2760770 730752 2080987 2760071 2760960 2760071 2760770 2760770 9710772 2760741 2760741 2760960 2760880 2760350 2760422 730743 730770 2760422 2760205 2760422 730212 730560 7790770 2760770 2761002 730743 5231002 2760205 8870414 8870743 2760741 2760996 2760422 9710519 2760924 2760752 2760770 2760964 9350371 2080519 730767 8711002 8711002 5231002 3470833 3700519 9710422 8870829 5230646 9710782 7790969 730924 8711023 9710920 8710772 3700519 730857 8710043 2760071 8711023 2760071 8710920 2760924 2760928 5231023 2760770 9710504 8870770 9710752 9710504 8870743 3250371 2760496 9710285 5370754 9350894 730071 730888 8711002 9710782 8711023 8710969 8870969 8870424 730743 730350 2760924 8710924 5231002 3470987
9710870 2760752 2760942 2760924 9040987 8870888 3470987 730880 730544 2760504 730519 5230857 2760516 6660560 6660754 2760687 5230519 2760888 6660857 230504 230504 231023 2760743 1030043 5370964 9350743 6660872 5230205 5230205 6660560 9350371 9350006 8190752 8190481 8190857 8190071 910363 3730560 3730969 3730974 3730969 7310560 9350560 8710782 9710739 3250741 3470987 8710767 7790371 9040987 7310652 3730371 5230205 6660560 3700071 6660212 7310646 6660857 8711023 9311023 3730371 3730741 8190422 4720888 9710519 7790200 2760071 5230205 6580212 3230304 730560 9710371 3230812 9710996 9710995 3230304 3230350 3230519 3230996 7790894 6660996 3230560 2760880 5370071 2760812 3230880 9710422 9710422 2761007 3230996 2760880 3230519 4720371 9710297 3230212 3230996 5230560 3930422 8870969 3930205 2760580 2760205 6660969 6660800 2760964 8870870 9350561 7310652 3730924 9350770 7310560 7310560 7310560 3730560 8710928 8710176 8711023 5370888 230414 730812 230504 3230422 3230812 2760114 9710519 9040870 3950896 730894 731023 2760743 2760872 8190071 2760880 9710923 2760364 5370071 3730920 250071 8710580 6900872 6660924 2760924 5370371 9710371 2080987 2080770 9350752 8710560 8190752 9350652 9710071 9710888 8190964 3470441 3470923 5370888 730580 2760580 2760580 230920 3730993 2760770 3730770 3730205 3730969 9710864 730754 230924 8710043 3471023 8190741 8190741 5370964 8190560 3950888 8190580 3470739 2760948 8870560 3230796 3230772 9350872 9710857 3700888 3930772 3930422 3930519 520743 9350888 9710969 8710888 8710743 8710519 9350561 3930560 3700752 8710212 9710782 2760071 3930205 6660160 6660561 3930996 3930880 9710796 6660857 6660996 2760114 2760422 9710864 2760896 6350857 9710857 9710205 9710891 8190071 8190969 8190969 3730071 3730646 8190857 4630638 3730004 8190857 3730984 8190969 8190160 8190812 8190857 3930872 8870969 9710969 9710969 9350812 8190969 9040857 7790857 7790857 3700205 8190371 3950888 3470857 3470857 8190496 8870888 8190770 8190071 8190741 8190646 9710969 9710923 9710519 9710414 8190560 2760752 8190741 8190857 3730782 3730964 8190969
7790144 2760960 3230496 5371007 7790519 230006 6900466 6771010 5230930 2760414 9350752 5370519 6771010 7310646 3731002 9350961 7980973 5370896 7790888 2760894 5370964 7790964 7790964 7790964 2760741 4300519 2760114 5230519 3230754 4720772 8870043 3230754 7790205 730928 731007 3230006 4720200 730857 3231023 2761007 5230857 6660741 730857 7790752 8870424 5370833 730754 2760772 5370964 5370371 3230519 2760894 2760516 2760006 3730638 3730004 8190857 3730004 8190857 8190969 8190160 8870969 8871002 9350770 9350752 9710928 9710796 7790969 6771010 230857 230857 2760752 3730602 3731023 3730004 3731002 2760754 5370772 3730782 3730772 3731002 8190857 3730504 7980973 3730241 2760441 7790969 9710923 2760960 2760942 3470285 7790888 730937 230496 2760767 2760496 8710504 7790770 2080770 2760772 230350 7310004 8190519 2080519 7790519 2080519 7790752 8340519 6660857 9350752 9350770 9350144 9350770 8190519 3470857 8190829 3700857 9040857 7790857 9040857 3731002 9350888 8190880 8190404 8870772 3700772 9040772 8190071 3470857 8190071 2760687 2760924 3230872 9710453 6660857 2760006 9710772 6770857 6660857 2760770 230504 2760043 5370752 5370404 2751023 730580 6660948 9710527 9350743 3730228 9710462 2080987 9350743 6660996 300996 9710527 3731007 3730928 8710770 8190752 5370743 9350930 5370071 5370772 8710930 730770 3470930 9710414 9710414 8710414 8711023 8870422 2080200 2760872 2760580 3470580 7790752 7790770 3470580 7790937 730857 9350754 9350937 8190930 8190422 8870743 9040772 3251007 5230422 9350752 9040857 3700857 9710767 8190519 9350754 9350930 5650857 7790888 3730638 3730924 6900466 3730741 3230872 9350205 9710743 3930743 9710782 8710504 9710782 4720752 9350888 3700888 9710857 3930796 8710414 3700857 7530857 3700743 8190071 3730741 3730872 3730071 4630857 4630857 3730004 4630071 8190857 4630071 4630004 4630857 4630913 8870969 2760928 8190519 5370371 8190969 8190071 8870888 8190371 7790371 3470930 7790857 8190519 730857 9350772 3470930 9040857 7790857 9040857 3471023 8190071 6760973 5370894 3470930 8870870 8870870 9040870 7790857 8870880
8870560 8870870 8870870 8870870 7790144 2760741 9350801 8190896 6660857 3731010 3730266 3730004 6660561 8710930 230920 230963 9710920 8711023 9710085 8710043 9710071 5981023 8710743 2760071 2760176 2080200 8710519 8870888 3930743 9710969 9710285 2760987 9350772 9350930 3730772 3730772 9350772 730857 6660160 3700200 2760894 9710772 3470772 8710646 9710285 8190920 3730638 3730772 3730004 3730205 8190772 8190801 8190772 3230772 9710297 2760948 5370960 5370071 5370964 730857 2750857 730200 6660580 6660948 3700200 6660580 6660948 730741 730809 730741 730741 8190772 9350961 3930796 6660880 2760894 9350896 2760422 2760928 2760896 3730772 3731010 3730371 3730004 8870770 9710752 6660857 6660212 3730004 3730268 3730888 3731023 3730741 3730924 3730928 4630200 3731023 8190857 9350772 8190772 8870743 2760961 9350752 9350770 9710575 3730268 3730268 6660872 230006 2760422 8601023 8870888 9710857 2370973 3731023 3731023 3731023 9350741 3930924 3931002 3700205 9350371 230741 6901023 9350770 9350741 3730960 3730770 2760964 9710930 3730519 3730071 300996 2080200 8190942 9710964 2760812 9710205 9710297 9710864 8710560 9710880 8791023 9710205 9710996 7790741 7790964 8870743 7790601 3250741 6761002 7980973 8190913 8191002 8710987 9350371 5230371 9350888 9350741 8710767 8710924 1030857 3730888 8190752 9350516 3470782 9710043 6760857 8190071 6350857 9350770 3470930 2760770 9710809 3470580 9710920 2760422 8190857 3730268 3730743 8190752 3730071 3730004 3731023 3730420 3730646 3730004 8190652 3230739 5370043 6660857 6660043 2760809 7790870 8190580 2760580 230924 9350930 9350930 9350519 2760894 8190964 8870212 6660996 730857 3730460 9350743 9350743 6660160 7980973 3730268 3730200 3730004 3730422 3731002 3730580 3731002 9350414 730812 8711023 9350752 3730928 8190880 730857 6660460 6660580 6660371 6660580 6660580 3700200 8190646 3730638 8710772 2760880 8710560 8710782 8711002 9710580 2760888 2760964 9710071 9710071 9350687 3730752 3730741 3730420 4630071 4630200 4630200 4630743 9040857 9040857 8550857 8190913 8190964 8710857 8711002 3230812 3230888 3230888 6660996 5981023 9350754 8870743 6660527 3230796 9350687
3470422 4720961 2760880 4720964 8710770 3390071 9710743 9710422 3470961 9710920 8711007 4720743 9710575 3230812 4720888 8870743 9040580 3230006 3230888 8710880 7790770 3950560 8870770 2761007 8190870 730006 8870580 8870870 2760580 2760743 5370371 2760961 730796 730414 730743 730857 730687 730414 730114 4990043 6660580 6660212 6660043 730870 6660996 6661002 730743 731007 6660996 6660580 6660580 6660857 6660857 730857 2750857 9350422 730857 730857 6660857 3930870 730544 730200 730200 730928 230414 6660741 2760414 2760870 730772 730870 730496 730928 2760496 730071 730960 3700580 2760996 2760930 2760516 2760652 2760928 6660527 6660212 2760422 2760880 8710519 9710071 730752 910580 8710504 6660930 2760364 2760888 2760880 9040870 2760770 2760752 8190071 8190580 3470857 910857 3930996 910071 520857 2760801 7790894 2760801 2760801 2760743 2760801 2760144 2760743 2760646 2760743 2760071 9710920 7790519 9710071 8711023 8710519 8710504 9710741 7790969 8870743 9040870 8710888 730894 3230304 730000 3230864 730043 730801 2760872 8710930 6660560 6660580 8870580 730752 730928 2760897 2760964 7790896 3470987 9710782 8601023 9710176 2760071 3471023 7790205 3250560 4720371 9710995 8870870 7790870 8190371 910200 730646 730363 3231023 731007 730961 3230212 3230880 3230888 3230071 9710782 3470872 8190913 3950560 3471023 8340519 520071 3930969 3930743 9710071 3700752 8710646 730960 2760924 9710414 2760924 6660969 730809 6660560 8870212 6660561 6660800 9710870 9710995 6770857 9350894 5370741 9710930 2760896 2760772 2760560 7790894 7790894 3230796 2760896 9710212 2760176 4720200 8870942
3700924 4990857 9350896 8190964 7980973 3730984 7980857 3730928 3730004 3730004 4630200 3730984 8190481 7980973 3730241 3730743 3730743 8190870 2760897 2760896 9760857 2080519 3730833 3730071 8710857 9311023 8711023 9710743 3730928 3730833 3730928 8190857 3730422 3730646 7980973 5650857 6660880 9710923 8710580 8710414 9710888 2760441 8190772 5370519 3730519 2760801 1030993 5370519 8190519 8190700 9040857 9350928 9350752 3930770 730924 3701007 4720743 3930870 910200 3930386 730282 730928 730228 730752 3230496 4720043 3251007 9710212 3700212 3470987 9710212 6660561 2760928 3700880 730212 2760371 2760371 5231023 9710741 9350880 9710496 2080414 9710894 3700205 2080770 8710006 3700200 8710888 9710743 3470987 9710729 8710646 8710743 9710864 8710646 9710741 9710350 8710888 2760743 3730928 3730071 3730004 3731023 3731023 3730772 3731002 3730004 3730984 3730928 9710930 8710857 9710371 9710285 8870833 6660212 730212 9710833 5230037 9710894 9710833 9710809 5230560 9710297 9710996 3700996 3930560 3700969 3470422 9710739 8710770 9710969 3230969 731007 730857 3931002 3230928 3701007 9350770 9350993 3700969 3930796 3930924 3930743 3700071 9710371 3700741 9710743 8710924 9710006 9350519 8190371 3730770 8190857 8190071 8190942 7090973 3731010 3730004 3731010 1760973 1600973 3730004 3730004 3730833 5230930 3731023 3731023 7310857 3731023 3730241 7980973 7980973 8190857 3250857 9710752 2760752 2760770 2760969 9350687 9350942 230809 2760364 2760752 3730888 3730770 5370071 9710071 2760071 2760071 8710646 9710857 9710870 8710422 3250937 8711007 9710071 910071 4720200 730928 4720200 3930205 730646 3230969 8710205 730888 6660872 3230864 251002 3230741 5370571 3230371 9350961 3230996 3230527 8870422 3230560 6580212 3230527 3930796 9350205 730560 730796 3230519 730960 6660880 6660857 2750212 230963 6660857 8710930 730801 3231023 6660880 6660212 730752 6660561 6660880 6660800 9350888 9350754 9350961 730857 730144 3230796 731007 3230519 5371007 3230930 8190942 9350888 8190829 9350888 9350961 9350687 730646 910200 9350993 2750857 3931023 3700752 3700752 3930796 730969 9830996 3930422 910200 5370743 9350371 7980973 7980973 4990930 4990857 4990930 7980973 4990930 7980973 9350930 9350930 9350801 9350519 730969 3930519 520969 3700772 3930043 3700870 3930043 8870580 3230646 3700961 3230560 910924 9710969 910857 5231023 9350924 8190371 8190872
2760767 2760043 2760496 5370960 730646 2760441 730371 2760043 3470995 3470782 9710782 520961 910371 8190687 8870969 8870969 9350205 8190770 8190969 3950960 8711007 3230212 9710987 730741 730960 2760942 730006 8710371 8870770 3231023 6900466 6660996 300422 3930772 3930560 730414 230857 730930 4990043 730857 730930 730772 730754 5370964 730363 730857 731023 7790937 7790424 7790937 8190930 8190857 2760646 2760964 9710519 2760872 730741 730752 3230519 3230519 9350519 9350144 6660969 3930386 6660969 730071 6660969 730114 9350519 9350930 9350770 9350752 9350371 9350894 8190580 8190772 9350687 9350880 8710930 9710729 520071 7790371 8870924 9350942 8870888 8870743 7790200 7790857 730894 230872 5231023 730894 730896 5230371 5230037 6660969 9350304 3230422 230414 3230872 9710414 9710422 9711002 9350770 9710741 9710414 730924 7790924 3950960 730741 3230519 3230414 6660560 730857 5370964 9350812 3230422 4720200 3230414 9710864 9710071 9710964 9710920 9710920 4720888 9710752 3230371 3230864 3230527 730880 3230772 3230205 230872 3230560 3230752 3230772 2760350 730857 3230924 2760872 730857 9350770 730812 9710995 9350770 7790829 3250363 9711007 8870743 9350601 3470923 9710964 4720964 4720363 7090973 3731007 4630638 3730646 8190857 8190857 8190857 9350964 9350964 2760942 7790894 9710043 4300519 7790937 8190969 3950888 3950888 3700969 3930386 6660800 6660741 5370043 7310646 730964 6660857 6660969 7310924 3730969 3730371 7980973 3730519 6660924 9350205 6660857 9350371 230006 2761002 9830996 3230739 4720371 3230205 3230414 9710453 8870205 3230754 3230924 2761007 9711007 2760888 2760809 2760809 2760809 2760741 230809 230414 230741 230414 2760960 730752 3230414 2761007 2760687 2760812 5370741 8190964 7790894 7790857 2760741 2760741 2760114 2760942 2760888 9350888 5370930 8711023 8710930 2760752 9710414 3700833 3700519 2760350 3470833 3470833 2760371 730770 6660741 6660800 3230212 6660561 2760527 6660880 6660212 6660561 6660212 730414 730752 730752 2760872 6660304 3471007 3230864 9710864 2760646 8190896 2760964
8190687 7790857 6770857 6770857 6771010 7790200 7790870 5230646 5230646 3700519 5230414 8710422 3700519 8870560 2760752 3730700 3731007 5230857 9710414 9350924 9350560 9710371 2760952 3230872 9710864 3470995 7790752 7790857 7790371 8190896 3250857 250580 7790937 7790424 7790857 7790200 6771010 6770160 5370743 7790937 2760924 7790924 7790519 5370519 5370519 7790519 5370519 7790519 7790200 5370519 5370770 2760006 9710205 2760687 300872 6660371 5230422 6580212 300996 9710729 300996 3700519 9040857 5370043 3731002 8190930 8191023 8190930 8191002 8190857 7790857 5370160 6770857 6660930 6660930 300422 300422 8711023 2080741 7790964 3250741 8190741 2081023 7790371 4630200 4630424 1760973 1760973 8190857 8190913 8190646 4720857 7790857 3230519 7790894 9350414 8710924 9710741 3700752 3470739 3730205 3730006 3730928 3731007 8190770 4630371 8190071 8190687 5370752 5370964 2760964 2760969 2761002 6770857 2760930 5371007 2760896 2760743 230857 8710888 3230071 10110857 9350743 9350752 6660880 2761007 9710212 3700857 5230857 3700857 9350212 2760888 250071 7790519 8190964 9350371 8190741 9710782 2080200 9710519 8710006 2760071 9710920 2760741 9350872 8190741 3730071 4630071 8190964 9350888 8710987 9710782 8710371 9710371 8710857 9710071 4720964 3471007 4631007 7980973 3730638 8190071 9710466 3950960 8190071 3730496 3730770 4630200 3731002 3730961 4630969 8190652 8190006 8190920 8190519 6901023 9710741 5230205 9710782 5370741 2760969 6660741 5370519 2760969 5370770 5370924 2760969 7790371 5370519 7790519 7790519 4040200 8190700 5370894 5370888 2760176 2761007 2760888 230496 3730752 3730741 8710466 3230414 5370924 2760743 2761007 9710580 3700960 5230519 6660812 3700519 4020000 3700960 9710580 9710006 8710414 2760580 2760920 730857 8711023 8710580 9710071 3470987 9710462 7790964 2760176 9710519 8190896 9311023 8710466 9710496 7791007 7791007 7791007 7790937 3730741 5370960 3230812 3700212 910205 5230422 8870770 8710205 9710772 730561 230872 230414 230350 230350 9710466 3730752 9350924 2760414 8710741 230741 2760888 9710772 2760741 9710414 9710888 3730888 5370743 5370841 5370741 2760176 8710519 8190519 5370888 5370829 3730920 3731002 8190071 8190752 8190896 8190687 3470930 8190857 8190896 5370687 9350888 6760765 8190519 8190913 9350913 8190687 5370282 2760741 9350741 9350414 8190896 7790969
2760504 8190422 8710519 8190952 8190952 8190857 3730888 3730004 3731010 8190857 3470857 9040857 9040857 520071 520071 8870888 9710782 3471007 3230796 8710752 3230770 3230752 3230212 3230743 3230770 3930770 3730891 3731002 3730580 3730228 3730004 3731002 8190857 8190857 8190371 8190404 9350928 3230770 3730496 1760973 7980857 8190741 9710782 8710770 3930857 8190930 9350752 9710920 9710920 3730004 3730888 8190071 3470857 8190870 2760504 8710504 8190071 3730782 3730004 8190857 8190770 8190071 3470441 8870580 7790752 7790770 7790371 8870743 2080770 8870888 3470441 8710043 9710071 8870888 3730580 3730782 3730071 3730888 3730993 3731002 8190930 8190930 7790857 2760752 9710772 2760371 8710987 8710176 8710519 5370743 8190872 3471002 2761007 3700964 7790371 3730043 3730182 8190801 7790857 8190580 7790857 3700772 3700200 7790964 8710371 7790752 8190857 8190857 3470857 8190770 3470857 7530857 8870743 3700743 3730924 3730928 3731010 3731010 9710857 9710857 8600857 9040857 9040857 9710350 9040857 2760964 8870144 3470870 2760952 2760741 2760924 9710006 9710743 6900872 9710864 3470961 7790888 2760006 2760743 2761007 2760071 9710519 3730241 3730371 3730560 8190767 8190870 300872 9710870 3730560 3730812 5230857 6660930 6660006 6660212 2760964 2760924 230006 6660741 9710212 6660561 9710297 9710414 3731010 3730646 4630857 3730924 9350212 3700796 3230212 9710371 9710006 5230872 9350743 3230371 6660561 2760006 9710519 8190772 8190857 5370743 8191023 3700857 6660371 6660422 6660857 6660460 2760527 2760872 9710888 7790144 8870743 3230796 9710891 8550519 3950960 3700200 3470006 8870942 9710864 9710741 9710864 3700896 3950888 9710987 3231023 9350371 3730371 8190857 8190560 8190857 3730993 8190857 8190857 8190969 8190857 8190071 8190770 3470857 9710071 9710920 2760071 3730519 3731023 3730752 3730969 3730504 9710743 9710930 8711023 2760205 2760205 8710519 2760560 2760560 6660812 6660560 8710212 9710782 8710770 3470285 9710969 9710414 3230743 3730071 8190560 9710739 8710996 8710560 8190857 8710920 8190770 9710519 6660996 6660212 2760743 9710205 8710422 300996 6660422 8870888 3471007 3700888 3700743 2760812 2370973 1030857
8710414 9710809 910924 8190969 4040857 3700743 3700741 300996 3700739 3930205 300996 3930422 3930772 730282 3930043 5370371 4720857 8190646 8190652 2760928 2760880 8870880 7790200 7790519 2760519 2760942 2760114 8190519 2761007 8870812 520942 3230560 2760560 3470739 910560 8870969 910857 8190371 8190880 910969 730580 730772 730580 730930 730833 730205 730580 231023 230560 7790519 230006 730006 3230006 5370772 5370741 730857 2760580 2760772 231023 2760772 2760833 2760772 2760371 2760371 2760772 2760754 2760371 2760812 7790857 7790200 9710504 7790205 7790424 4720363 9710741 3701007 5370754 8870043 3251007 8870580 730646 8870969 4720580 4720363 730969 9311023 2750857 3230930 9350752 8870424 730857 2750212 8870580 730228 8870424 8870580 8870580 5370371 9710371 3250580 9710285 8870422 8870580 7790752 7790770 9040580 9040580 3950960 9760200 7790741 9040857 7791007 3470872 6661007 2750212 6660872 3230928 9350942 3701007 910071 730422 730812 730870 730870 730544 731007 8190857 731007 3230422 3230560 3230422 5370160 730857 8190857 3930043 9040857 3700857 9040857 4720200 730580 730212 8870212 730857 730948 9350561 7790857 7790741 9710414 7790857 8190812 4630752 3470857 3930770 3470373 3700071 9710071 3470422 8710752 8710880 910560 3470373 4720741 3230519 3230560 3230560 3700772 3230205 3230880 3231023 3250560 9350993 9350422 3230212 9350422 9040864 2760560 3470772 3470772 3390752 7090973 7090973 7090973 3390752 7311002 7311002 6770857 9350519 4990928 9350942 5370960 730741 730770 6660560 730741 3230519 2760114 2760527 730114 2760071 2760071 2760928 2760580 2760928 2760071 9711002 2760928 8870580 8870560 8190872 8870424 8870414 7790888 7790424 8870560 8190560 7790857 7790424 3230770 9710796 9710527 300422 9710519 6660924 5230872 5230969 3930741 9710414 3731010 7090857 3730984 3731010 1600973 3730646 3730004 3730371 5230466 9350652 5230930 9350752 3230414 9350770 3230414 3230212 3230212 3701007 9350880 3700043 8870205 8870043 9710809 3930741 3700741 3470857 9040857 8190857 7090973 8190741 8190700 3700200 3700739
520741 6660371 6901023 2760350 9350872 3230772 730857 9350964 5370930 5231023 3730006 8190930 8190414 8190496 3730928 8190857 8190687 8190894 8190752 8190920 8190646 8190812 8190071 9040987 8870942 7790741 3950960 3950888 7790741 3950888 3950888 7790888 2760928 7790937 7790969 7790969 8870743 9710969 910205 7790857 5370964 9350516 9350687 7790857 7790964 7790371 7790200 230809 2080414 7790888 4720964 3930772 8870942 2080772 3700772 9040772 3470987 4720964 2760969 8790430 3930741 9710772 3930371 3230560 3230304 8710422 7790964 7790752 4720888 2080770 7790752 3470441 2080770 3950960 8190767 8190752 8190770 8190952 7790857 3470857 8190772 8190752 9760857 8190770 3471023 7790371 7790741 3950896 9710782 2760071 1030857 3730602 3730205 7980973 7980973 5370743 3230496 2760928 2760752 730770 9711002 730960 3230304 9710996 9350880 910741 7790752 230504 230504 8710772 730371 730969 730754 3230519 3230071 3230006 3470422 9710071 9350924 730924 730896 2760743 730071 2760071 2760350 1031010 3730519 2760896 1030857 3230364 3730872 8190964 8190741 2080200 9710071 3470872 2760741 7790741 3470580 4720371 9760200 9710772 3471023 8190870 2760924 3470870 3470857 3470006 3230920 730964 5230037 5230037 8710924 8710969 8710414 2080741 3250580 2760960 9710580 8870580 5981023 9710462 7790371 8190371 8190964 7790857 7790772 2760894 9710964 9710006 8190006 8190006 9710466 8710466 8710466 730350 3471007 9710920 8710772 7790924 3950888 3230796 6580212 9710969 3470422 8710560 9710767 9710964 2760964 2081023 8601023 3470857 7790857 7790857 3470857 4300857 4630741 4630741 3730741 9350924 9350930 3700896 9350741 9350741 8710857 520743 9710920 8190371 8190964 230006 3230872 8710006 8190071 8190371 3730371 9350371 8710920 9350519 730960 730071 8710043 9350752 9350006 3930371 9710741 3930414 3930414 6660160 730857 730371 730888 3470580 2760414 9350729 3930371 3930924 9350729 9350743 3700833 300872 6660160 8710371 3700964 9710043 9350729
8550857 730880 9040580 9040772 8870422 8870880 3470422 3471023 7790770 7790888 7790772 230350 230350 230350 230924 5230037 7790371 3470833 5370833 3730772 3730772 9350924 9350924 3930857 3930422 9710796 9710864 730857 5370930 5370043 5370043 2760924 730969 2760969 9710772 2760414 7790741 3470772 8870043 8870043 9350741 7310741 7980973 7980973 7980973 7980973 3730942 7310959 3731002 7980973 1760973 3731002 3731002 3730519 7980973 5370829 9350200 7980973 5370829 6771010 5371007 7980973 9350200 5370200 730857 5370519 9350519 9350519 5370960 730857 9350422 5370752 8190404 5370371 5371007 4720857 251007 4720200 4720580 7790857 4720857 3390580 730812 9350888 9350743 5370770 2760752 7790770 8870969 7790741 7790200 7790888 7311002 7311002 6660754 9350880 9350519 9350754 5370752 730364 2761002 730519 730371 730969 9350422 6660857 9350371 730857 730414 730924 7790770 731023 730371 5370924 8870424 2760350 9711002 9711002 8870969 7790200 9350519 8190519 8190752 8870560 2760960 8870942 8870888 2760743 2760071 2760200 2760772 730888 8870518 730857 2760743 2760812 9350913 5370930 7980973 6770160 9350896 7311002 7980973 7310646 9350519 5370071 9350519 730857 730857 730519 8870424 2760200 2761002 7790829 3731002 8190857 8190857 7790857 7790518 5370930 230741 9760857 2080741 8190646 8190404 9710212 3700414 8870422 2760371 2760801 3730404 3731023 4630829 4630741 9350212 6660212 230857 5370877 730212 2760743 8190071 5370896 2760687 8190870 9760200 8711023 7790894 8600857 250071 8711023 3471023 8190519 8710930 9710519 5370770 8710857 9710782 9710920 8710888 3730504 4630638 9350770 3250857 8710770 3730496 9710414 3470923 9350741 5370371 9350564 5370404 5370043 3730920 2760942 2760896 2761007 7790964 5370743 3230741 8710752 3470857 9040857 9040857 4040857 4630638 3730772 8190801 8190772 8870144 7310004 730857 5370071 7790857 7790870 7790969 7790870 7790144 7790969 7790371 7790770 3470833 3470857 230952 2760752 2760770 730880 9710880 8710996 9710422 3470043 7790560 7310371 9350930 6901023 8710864 3700743 5230646 9710371 9710371 3730872 8190857 8190741 8190894 8190414 730937 4630937
5370282 5371002 5371002 730772 730857 730969 730930 6770160 730930 730729 730729 731023 730928 730928 730772 8870212 6660212 8870772 730561 8870422 730560 730741 5370741 730741 9350422 5371002 9350205 5370519 5370741 730857 730212 2760646 2760741 730770 730801 8870422 8870144 8870580 2760743 3470772 2761007 2760809 9710580 730857 6660948 8870969 8870833 9350930 5370930 730833 8870833 730928 7790741 8870772 8870424 3931002 3930796 8870969 9350928 730870 9710729 3470923 9710729 3250857 3700960 910937 8870580 3700752 3700960 3700960 3930770 3930386 8710969 8710969 3700071 3930870 3700752 3700870 2760504 3700770 3700422 520071 300996 3700969 3700969 3700205 3930812 520743 3930743 3230772 3701007 4720580 8710969 3930880 9710205 3700212 3700743 9710729 9710812 5230969 3930371 3930872 910071 3470987 8710504 8710770 9350752 8870870 8870424 5370371 9710741 7790371 9350414 9350996 5231002 2750857 730857 9311023 8710580 9710864 8710752 9350770 9350752 9350752 3250857 730580 9350993 730857 730928 8870580 3230928 3230924 3700200 9350812 7790741 2760371 8870560 8870770 730809 8870888 8870888 3470043 8870888 9040580 7790937 10220857 7790857 7790857 4720363 8870969 2750857 3930386 730580 6660160 6660160 730560 9350560 8870043 730043 6660948 730964 730894 8870770 9710580 7790896 3250580 3470580 910200 3250857
3470739 3930560 3470833 9710205 3700205 3471023 7790200 4630580 8190964 2080519 2760176 8190894 8190770 8190071 8710872 9710580 8190770 3730602 1031010 2080888 9710920 8190071 250580 4720752 9710205 3700205 3700212 9710006 8190872 4630743 4630937 9710952 7790200 9710453 8190896 3730752 3730920 8710987 8710466 9350741 3230796 3700739 9711002 9710205 7790937 9040580 2081023 2760176 7790964 7790894 7790896 4720772 7790964 7790894 7790937 7790888 7790888 3470580 9040857 9710504 9710952 520857 8870969 3700960 2080888 9710964 9710006 2760043 2080519 8710888 8710772 2760767 8190964 3730268 3730268 3730268 1760973 8190894 9350888 3470285 9710960 2080770 2760894 8190767 8190894 8190496 7090973 7790770 5370841 2760743 3950960 3950888 7790371 8710864 2760205 5230422 9710006 9710006 7790560 3470580 4720857 3950888 3950888 9710739 3250371 5230646 520743 7790894 3730898 3730993 250200 1760973 5371007 4630004 5370754 8190519 9710741 9350560 3230739 3230212 8870414 3700422 3700205 910560 3471023 8870772 9040580 2080580 9760964 9710205 5230969 9710796 7790857 8710371 3700422 3700960 3700071 9710071 9710964 4630743 8710880 5230560 3700422 9040772 4630200 8190964 6040857 8190496 4630071 8190646 3390071 3700857 3700857 3700205 3700960 9710928 300996 3930741 9710864 4720772 9710176 3700200 8710205 911007 8870888 9710987 3470285 2080414 2080888 3471007 7790752 9710891 8190964 7090973 9710071 8710752 9710952 9710071 9710864 9710864 8710212 9710414 8710924 3730420 1031010 8190767 8190770 8190752 1031010 1031010 8190687 9760857 9710739 3700770 9710809 3700996 9040880 9710969 8710924 9710496 3470422 9710739 3470961 3230560 3250857 4720772 4720371 7790961 1030857 1030857 1031010 1031010 1760973 7790937 7790937 7791007 1760973 9710285 9710729 8711023 3470782
8550857 3950888 8190770 8190700 8190741 3470857 8190812 3700888 3700770 8710770 9710809 910741 9710741 910924 300872 3470580 3950560 8710646 9710071 8710752 3730602 1600973 3730420 1600973 4630200 1600973 3730004 3730004 3730004 3471023 8190687 3230969 8870969 8190857 8190741 8710857 9710739 8710371 7090973 8190071 8190920 8190857 8190857 8191010 8191010 7090973 8190857 8190870 9710772 1551023 8710772 3470872 9710864 9710580 9710743 9710371 3930872 3930743 910371 3700969 910363 9040580 8870580 2760373 9710930 3470987 9710752 2760880 9710920 3470772 2760888 3470772 3470772 7790752 4630930 3930205 9350560 9350812 9710739 8190006 6580212 3700864 8190942 3730004 3730004 3730580 730496 9710930 8710466 7790770 9710496 730580 730767 230414 7790144 9710580 3470043 3700752 9040880 230504 230880 6580212 230880 230504 7790937 2760952 3470772 3470441 9710772 230496 2760071 6660996 230920 9710205 8710772 7790857 2760920 7790519 230857 8710205 9710297 2760527 2760770 3470422 7790601 4720888 3230888 8710767 9710006 8870880 7790857 730580 3930560 8190812 8190857 7090973 8190857 7090973 8191007 9040857 3390371 7790857 3700205 8710969 9710580 8710580 9710580 9710580 9710767 3930205 5230205 3730872 3731002 3730004 3730969 8190857 3730872 8190006 4630913 8190964 3470930 7790888 8710969 730212 230422 2760942 230741 230924 2760043 2760741 7790043 7790741 5230037 9710414 9710496 2760767 7790770 9710752 9710960 9710809 9710414 3230741 4720200 3250741 5230519 7790741 7790741 230952 6660580 6660880 730930 730770 730857 730770 9710085 9710422 3930924 3700414 520741 520741 3930205 3930205 3700212 3930872 9710205 4720743 4720888 3250560 9710923 5231023 5230371 9710285 3930422 9710864 3700864 8710646 9710743 2760930 230857 2760114 230857 6771010 730043 230414 730930 4630930 3730580 3730646 4630752 8190741 3390752 730580 730580
3700741 3700200 3700200 9710414 3700414 5230414 9710285 8190006 8190371 5370888 8190646 3700422 8711007 9710085 9710071 9710767 2760770 3471023 3471023 7790857 730743 730071 4720964 2080888 4720857 9350924 9710466 730580 230924 2760942 8190466 1760973 3730974 4630960 3730646 8190646 5370071 9350414 3700752 3470872 9710782 8710752 2080770 6660422 6660880 230414 230809 2760043 9710580 3250371 2080414 3470772 7790937 3230872 730857 3230741 910363 8710770 3471007 2080770 4720752 4720752 2080987 3950960 9710928 8710770 8710752 9710496 9710071 9710743 2080987 910741 730888 230767 9711002 7790752 3471002 3470580 2080580 2080414 8710767 9710285 3930812 5230205 9710504 3471023 8870880 3700414 5230350 3700996 730006 2760948 8190071 8190872 2760964 8870743 5230969 5230037 5230037 6580212 3730743 3730580 3730580 4630580 4630200 250580 8190580 250580 7790857 5370743 9710414 3470580 230741 230767 2080987 8710767 7790770 8710176 7790741 9710812 5230414 9710809 3700414 3470739 9711007 9710071 730496 9710205 2760888 5230205 8710996 3700422 8190371 9710864 9710741 8710872 9710920 8190767 4630071 3730420 4630960 3730646 3230752 2760743 8710770 3950960 3950960 5370754 730212 2760812 730560 3471002 8870772 3930812 8870770 3470857 8190071 3730004 8190496 8190560 3470580 9710580 8870580 7790888 3950888 8190964 9710930 230496 230767 230496 2760043 230504 230952 2760496 2760043 3470580 2760770 7790043 7790857 3470580 9710920 9710782 8340519 9040864 4720741 730812 5230037 5230422 3230304 730000 9710575 9710575 3470739 8190371 1600973 4630857 3730560 1760973 1031010 1031010 730770 9710085 9710969 7790964 8190770 5370888 2760414 3230754 8870422 9350743 2760960 3700071 9710888 3700888 8190857 4630004 3730420 8190752 8190770 8190894 7790752 5370772 2080894 7790888 9710952 8710924 9710212 9710071 910772 8710996 910422 8870772 7790969 7790937 7790857 7790937 7790752 2080987 2760580 9710920 2080580 3470987 9710414 2760952 9710085 730006 7790741 9710037 7790770 7790964 7790752 8710752 9710796 9710071 9710006 9710743 8601023
520969 730371 730414 230920 230496 2760770 230952 2760071 230952 2760496 6660560 3730638 3730205 3730872 3730920 8190857 3930371 3700872 910969 730371 730743 730071 730212 910043 7790969 9710037 9710462 9710371 3230371 9710964 9710888 8191007 8190857 2760770 2760888 5370043 3730920 9350741 1551023 3230872 8710414 8190964 3230205 3230996 3930996 9710923 910924 3230560 3230739 9710205 3470961 8710646 7790969 7790857 2760071 2760580 3470441 9350888 8190894 3730888 3730420 3730071 3730420 1760973 8190920 3950888 8190071 3700770 2080770 4630580 4630580 8190964 7790888 2760964 3470772 2760176 4630857 3731023 3730646 3730646 8190652 3730430 4631007 4630424 3930414 5230560 3930560 8710205 8710969 9710205 3470006 8710872 8870560 7790371 730894 7790888 8190071 3730743 4630071 4630071 8190770 8190371 8190580 7790937 2080200 3470043 2080770 4720772 5370888 3730743 3730888 4630071 8190752 8710888 8711023 9710812 9710414 9710996 8710880 3700964 3700752 9710496 8710580 9710782 2760504 2760580 8870580 730960 9710496 8870770 3470580 7090973 8190857 7090973 8190857 8191007 8710466 8710772 8710519 2760071 2760504 2760373 2760964 7790964 8710772 2760888 3700964 3700743 910729 4630937 4631010 4630913 8190770 9710205 9710920 910741 730144 730144 3930212 3700969 3700422 8190880 3731010 3731010 4630857 4630969 4630857 8190857 4630282 9710920 9710071 9710782 2760896 2760960 2760964 2760888 7790857 3470857 5230969 910205 9710880 7790857 7790894 2760741 230952 2080772 8190896 9710496 3930743 9710739 3700739 9710752 9710205 9710752 3930560 9710729 3700752 3700071 8870205 3700739 9040857 9040857 3470857 250580 7790964 2760948 730894 7790752 4720772 5370896 2760894 2760964 4720772 7790894 5230969 5230969 3230741 3230752 730006 3230969 730880 9711007 9710920 8190920 3950888 9710894 2080770 230809 730743 5370772 9711002 3470857 3950960 2760872 730770 9711002 730924 730212 9710729 8710741 3700770
5370964 8190812 7790857 7790205 8870924 9710544 7790829 8870770 3470422 3730646 4630857 8190857 8190646 3950888 3950560 3390371 7090973 4630638 9350741 9350829 3730741 3730460 3731023 3731023 3730496 1760973 8190896 7790896 7790964 3930205 9710575 8870969 2080741 3730004 1600973 1600973 3731010 1600973 3730006 3731010 3730004 8190857 8190770 3470857 9710857 3930857 9710857 3731010 9710857 3730961 3700888 3930560 9710006 8711023 3470987 730371 5230466 7790371 9710205 7790888 3470857 3730371 3731010 1600973 3730004 7090973 1600973 3730638 3730004 8190930 1760973 8190519 8190964 2760928 2760371 2760872 2760071 5230519 3470772 9710285 9710006 9040864 7790888 9710071 8710880 9710920 3730004 1760973 4630200 4630200 3730043 2760741 7790857 9710812 8870812 5230646 9710729 9710743 9040864 7790519 7790519 3470930 2760752 3250560 230504 9710422 3470043 2760770 2760071 7790200 230006 5230772 8190772 4630200 8190741 9350743 5370770 5370752 3730920 3731010 3731023 3731023 3730182 5370071 8710857 8710580 2760964 8711023 3730993 8711023 730857 230920 230422 9710930 3470930 3730646 8190920 8190857 8870743 3230006 3700580 3470580 9350872 9710371 9710371 6901023 2760414 8190371 9710864 2760741 2760687 5370894 2760888 5981023 3700200 3700205 520857 9350937 8870743 6660812 6660996 3700414 2760833 2760928 9710212 3700796 9710796 8190964 9710729 3700857 3700770 9710212 2080770 4630200 8190801 7790937 8711023 9710519 2760920 8711023 1760973 3731010 4630752 8190466 8190857 7090973 4630043 8190857 2760043 3730114 3730960 6660371 9710519 2760996 4720752 8870580 2760924 2760580 7790200 5370071 6770857 4610973 7311002 6660857 5370200 4610973 7310205 6770857 230422 7310205 6660857 7310741 7310004 4990857 4990930 7980973 6660857 3230930 7310004 6660857 4990857 9350752 7310969 7980973 10110857 4990928 730964 730580 731007 730857 730857 1920857 3230422 6661007 3230920 730857 3230519 3230304 731007 730961 730961 3230519 731007 730544 730961 730857 730928 4720743 730924 911007 910924 4720969 4720371
3470987 910857 5230414 3700857 8710743 8190770 8711023 9710071 9710920 3470987 8870770 3230414 3230996 730205 6660812 2760952 3730268 3730043 3730960 3730004 3730812 8190812 3730812 8710924 9710285 7790752 3700872 9710857 9710888 8190741 2760516 8710772 8190071 3730004 3730268 3730504 4630857 3730004 3730422 8190857 230809 2760527 5370960 3730043 3730741 1760973 3730460 3730646 8190801 3470857 8190857 3390043 2760743 230414 2760071 2760373 2760924 9710071 9350880 230872 9350812 231023 2760527 2760006 2760043 5370801 8190560 5370841 8190969 8190646 8190801 8190964 5371007 230920 230920 8710888 8711023 3471023 8870743 9350752 4040200 4720743 4720964 910937 8190700 3230006 5230422 9711002 730770 3470961 730560 910560 8191010 9040857 9040580 8870560 4720363 730580 8710043 2760043 2760741 730752 730752 300996 4020000 730996 7790961 3230752 2760772 2760772 2760920 7790964 9710462 9040987 8190071 5370371 2760888 2760043 230496 2760414 230741 9710930 9710930 2760924 230350 9710414 2760809 7790964 9710414 5371007 8711007 9710544 8190752 2760580 2760872 250043 8190071 250580 2760200 2760043 3230770 3230996 730422 2760996 3230422 2760414 8710772 2760043 2760960 3730430 3730268 4630200 4630857 8190857 8190857 9350560 5370743 8710864 5370743 5230466 2760952 2760743 230006 8710371 3470043 9710920 9710920 8710043 7090973 1760973 8190857 8190913 9710969 3700888 7790894 8710580 8710414 3470285 9710743 2760888 2760920 2760770 230504 230767 2760743 7790200 2760987 2760043 7790770 7790937 2760741 2760809 9710414 2760920 8190580 2760754 2080772 9710371 3700414 9710880 8710560 8710212 9710996 8710752 9710920 9710920 9311023 2760987 8710987 7790969 2080987 2080888 7790772 2760114 2760942 7790741 8550519 7790601 8340519 7790519 2760888 7790888 2760888 8870414 5230466 3230924 2760872 8190006 3471023 8190920 3950888 230924 2760414 3470782 7790741 9710414 4720772 9710767 4720741 3470987 4720743 3470006 9710071 9710743 8710646 520071 9710969 5230969 3700960 3700414 3701007 8870580 2760888 8190772 3730782 4630071 9710285 2570519 9710960 9710928 9710752 2080770 910544 2760580 230963 2760770 9710085 7790964 3470987 3470006 8190466 3730888 4630960 4630200 4630638 4630743 4630741 8190687 7790772 7790857 7790894 9710833 3700414
4630937 7790870 2760371 2760870 2760924 7790870 3470043 7790200 8191002 7790770 730770 2760580 230504 230504 230504 2760043 2760948 2760043 7790741 5230422 9350414 9710870 2760812 8710560 8190752 2760580 2760580 2760043 2760930 2760870 2760043 2760888 2760928 3700772 8710006 9710071 9710071 3700870 3700870 3700870 3700870 3700870 9710870 8190560 7090973 8190812 2760580 2760580 2760770 2760767 2760114 9710870 6660800 8710422 3930870 300422 300422 9710870 3700870 3930560 300422 3700996 3470872 8710205 3470923 7790205 3470422 9710880 9710496 9710205 9710422 9710880 3471007 8710752 8711002 2760770 2760646 2760114 8190560 3730496 3730646 3730960 3700796 9710928 9710212 8190857 7090857 3730560 3730993 3230888 3230864 730948 730812 6660460 730870 9710864 3471007 9710920 4300857 4631007 8711007 8190071 2760580 2760687 9710743 7790964 7790937 8870870 2760414 230767 2760414 2760371 2760205 3230560 3230880 3230071 3230880 9710961 3230560 3230880 3230880 2760880 3700870 2760880 6660212 9710371 9710371 3230872 3230212 3230796 730880 3230422 3230996 3230422 7790870 5231023 2760043 2760920 2760496 2760920 8710864 7790414 2760350 9710864 7790741 3470782 8711023 2080741 3470422 9040870 9710371 9710870 9710864 3700870 3700205 3700870 3700870 9710812 9710812 9710870 9710496 300996 3470739 3730004 8190560 3950888 3470857 9710414 6660304 8870772 2760896 3930212 9710969 9710504 2760752 2080770 3470870 8710872 8710772 8710782 6660880 9710414 3700212 9710796 8870743 3700519 9040870 9040870 2760880 9040870 9040870 3950888 9040864 8710928 9710880 5230646 3250937 3930422 8710560 8190071 8711023 3470857 730414 9710920 2760114 2760770 2760580 2080580 2760942 2760071 230496 2760580 2760580 2760414 2760006 1551023 9710371 9350741 9710350 8710006 9710580 3470580 9710071 9710920 8710924 3470987 9710071 9710920 6660812 9710037 9710812 8190894 230006 2760964 730894 6660872 3930969 9040870 8710205 8710560 3700888 3950896 9710743 2760043 2760043 230809 3730460 3730004 3230872 6660872 9350870 730812 2760516 2760741 7790741 2760894 2760897 2760870 2760071 2760888 2760743 2760888 8710772 9710870 3470772 2760071 8710646 2760894 2760743 2760896 3470930 3730460 730371 730212 3230888 730752 730772 8710580 2760580 2760414 730422 6660872 9710964 5231023 8710205 9710297 300996 8710996 3930870 8190812 8190812 3730812 8190371 8190812 9710504 8710350 3700870 2760924 9710350 2760964 2760043 2760743 9710741 2760205 2760373 9710504 9710371 9710743 9710891 8190071 3730920 4630741 3730741 8190071 3230924 3930772 9710969 3470285 8710006 9710864 9710870 8710767 9710752 9710995
4990043 730930 1551023 7980973 7980973 4990930 4990857 6660930 4990930 6660930 4990930 9350872 5370930 1920857 730930 7980973 4990930 7980973 4990857 4990160 4990930 730857 9350212 9350560 7310004 730741 230857 730930 1920857 7980973 4990160 730200 730888 230857 6660930 6660800 730930 2750857 9350752 4990857 730930 9350752 4990857 9350741 4990930 6770160 5370930 730200 730930 6770160 730772 730770 6770160 4990930 9350930 2751023 730857 730857 7980973 730857 730857 731023 730857 6770160 731023 4990043 2750857 730857 4990930 730930 730212 9350930 730857 4990857 730930 730930 730200 7980973 4990857 4990930 4990930 5370930 6660930 730857 730857 9350930 9350772 730857 9350772 730857 4990857 730857 9350422 4990043 7980973 5370371 9350930 9350930 730857 5370371 730857 730857 730857 7980973 5370833 9350772 730857 4990930 9350772 9350519 730200 4990930 730969 730857 5370772 730754 730857 730857 730857 730930 730857 730930 730801 730857 6770160 5370930 730857 730930 9350930 730857 730857 730772 8870772 5370200 6771010 730200 730857 4990043 730857 730857 730560 730857 730857 730857 730857 730857 730646 730772 730857 730857 730043 4990930 730857 730043 730930 730857 730857 730205 730857 730772 730880 730937 8870772 730043 730930 730857 730857 5370930 5370687 8191002 730937 730857 9040772 730812 9710575 7790857 730857 730857 6760942 230857 230963 730071 5230466 5230466 8190371 9710466 8710466 8710466 3730772 3730420 3730602 7980973 7980973 3730004 8710752 9710371 9710987 5370160 8190205 5230371 2750857 730880 730043 6771010 230963 6771010 230963 8190772 8191007 8190969 8190646 7790857 9710071 8710646 2760770 230963 730960 730857 730880 730071 3230920 3230371 9710864 8710767 9710085 8711023 8711007 9710037 3731007 1030857 3730496 8190071 3730004 9710371 730561 9710864 7790371 3730371 8190857 8190371 7790752 7790770 7790888 9710085 9710772 8190857 5230872 5230872 5230872 3470772 8710205 3470857 7790857 7790857 8190741 9710496 3470772 2760516 2080772 2760924 3470772 3470373 7790752 7790741 3930857 5230969 3470739 3700796 4630857 4630930 7790857 2080414 5230930 2760743 2760896 1760973 1600973 4630638 1600973 3730004 3730004 3731023 1760973 4630638 7090973 7090973 7090973 7090973 4630004 7090973
3950960 8190752 9350770 8870969 8190952 8190857 8190857 3730004 3730888 3730371 5370752 8190857 3730430 9350560 8190071 9710964 8600857 8190964 9350743 9350801 8191007 8190801 9350422 9350741 8190964 8190801 6760646 7790857 9350888 730857 730200 730857 5370071 730767 5370071 730870 5370960 230496 8190741 9350880 730560 7790964 730857 730888 8190580 3731007 3730888 3730646 3730743 8190857 3730004 8190770 3730752 3731002 8190770 9350741 730857 5370833 8190857 8870580 5370752 5370743 5370960 2760743 9350964 5370071 730960 730857 5370752 5370741 9350200 5370859 9350964 730580 730043 730809 730580 3730782 3730782 5370770 9350743 730857 5370743 8710857 5370043 5370888 8190071 8870770 7790857 3471023 8190857 8190741 8190770 3250857 3470857 8870770 3470930 8190652 8190930 8190646 5370924 8190772 5370752 8190071 8190371 8711023 8710767 7980973 7980973 730857 5370371 3731002 8190752 5370743 5370770 8190071 730857 8190371 9350872 1551023 8190371 5370371 5371007 5371007 6900872 9350371 5370071 3231023 9350872 2760741 2760741 8190772 8190812 3730371 730857 9350741 9350560 9350371 8190741 9350414 5370754 6660754 2760741 8190371 8190770 3730371 9350964 9350371 9710930 5370371 9350754 8710371 8190913 9350561 8870888 8190371 9710857 8190857 3730071 8190857 8190646 8190371 8190071 9350371 8190930 8190371 8190371 8870212 8190857 8190752 9350770 3730782 7530857 9350752 8190770 5370371 2760371 8190857 8190930 5231023 5370752 5370043 3730006 5370888 8711023 5370960 3230414 5370741 5370371 5370371 3230414 5370960 9350924 5371007 9350752 5370752 251007 5370371 2760371 9350371 9350741 3230350 3230350 2760350 5370043 8190741 8190006 730350 2760350 4720888 8190652 5370743 5370770 8190652 2760801 9350772 8190772 8190801 2760371 8190801 8190913 2760350 7790857 2760772 8190772 7790652 5370772 7790652 2760043 3470772 7790652 7790200 7790857 7790200 7790857 8190414 7790857 8191002 3930872 9710371 8870888 9710864 730743 730857 730754 5370930 6770160 5370519 5370519 6770160 5370519 230963 2760770 9710519 2760888 2760920 7790857 3230071 730560 730812 5370741 5370752 8190519 8190205 5370371 2760516 730888 2760743 8190872 9710920 4720964 2761007 7790200 7790964 2760687 3731023 3730646 4630580 3730228 9350888 3230414 9710857 8190770 5370752 730371 730857 730741 730857 730754 2760560 8710857 5370888 3230888 3930422 3700796 3700924 8710772 230952 230872 230809 730894 9710920 9710071 3230924 3230006 5370371 5370741 910741 730741 730752 730812 5230560 3930996 8870888 8710924 8190741 3730841 3730872 3730006 3730004 4630200 4630200 4630741 8190857 3730888 8711023 8190071 9710071 9710964 9710888 8710176 3700743 9710964 730964 9350414 8710880 7790969 3930743 3930205 3930519 910071 3470373 3730006 2760964 3230996 3230969 9350913 9350880 9350930 2760200 8190519 730870 3230920 9710782 8870888 8870924 3230414
8870924 9710923 8870414 9710741 8870364 730752 3700796 3230496 300422 5370071 3700880 8710996 910422 5370770 8710969 9710071 8710930 8190770 3470782 4630960 3731010 1760973 3730743 9350964 9710519 8710930 9710496 9710205 9710743 3470857 9710729 5230350 5231002 9710894 9710371 230006 3930796 9350414 3730741 3730969 8190006 8190857 8190969 8710466 3230205 9710205 9710923 3700857 9710857 910857 3230205 2760373 3230205 3470995 3700414 3470857 3700857 3470857 3470857 3470857 3930969 8870969 730960 5230872 3730770 3730646 3731002 3731002 3730960 730770 3230872 6900466 9350414 3730182 3731007 8190652 8190770 8711007 730888 230350 230767 230496 9710782 2760504 9710466 7790424 3470580 4720043 3230371 3230371 3930741 3930880 3700752 8710924 8711023 730580 730580 730960 730350 9710422 520741 3930205 730767 9710496 730812 730071 3470043 730767 910580 730937 5370772 730743 730560 4720964 3730898 3731023 3731002 3730646 8190071 5370960 5370752 730687 3230930 730857 730205 3230422 9350741 3230969 3230969 3230646 8870424 730857 731007 3230754 3230772 3230772 3230872 3230772 9710930 8710466 3730872 3730872 4630371 3730872 3730646 3731007 8191007 8190071 4720741 6660741 9710833 300422 5370770 8711007 2760770 5370752 5370160 2760888 7790937 7790888 8711023 730743 3230496 5230422 9710928 3700205 3700071 9710920 9710544 730350 910772 730857 730960 230504 8870888 8601023 230809 2080772 2760516 2760897 230872 3730969 3731002 8190969 3730993 8190580 5370924 8710920 9710752 9710969 8710987 8710205 3230205 3470782 9710006 230504 730754 2760071 5370896 9710519 7790964 3731002 7310646 5370743 5371007 230767 230504 2760770 2760964 2760964 2760496 2760006 2760043 2760770 8190772 7790857 5370964 8190496 3390043 8190770 8190580 8190466 8190580 7790857 5370160 8190580 8870580 8190580 8190371 5370741 730857 8190580 5370371 730857 5370371 8190580 5230857 8191007 3250857 3230872 3730182 3730460 3731002 3730924 8190857 3730993 5370741 9350741 9350924 9350924 8190580 8190580 8190580 8190646 8190741 7790857 3470285 9350414 3250741 7790424 8870424 7790424 8190857 9350371 5370371 5230466 5370687 9350687 9710864 730857 730857 8870422 8870969 9350993 8870424 3930857 9350770 8870969 730767 7790969 5370071 7790200 8870969 8870969 8190772 7790857 8870969 910363 5370743 3730004 3731010 8190687 8190857 8190942 8190857 9760200 8190580 3250857 8870942 8190519 8190404 7790857 3250857 3250857 2760404 8190580 3250891 2760043 3250363 9350741 3250857 9350741 8601023 9710741 5231023 9350888 8711002 7530857 9710923 9350561 5370071 9350888 8190752 8190071 5370741 8190580 8190580 8190205 5370404 8190404 7790857 730857 8870969 8870560 730646 8870969 9350560 3470857 8870205 8190772 8190560 730754 3250857 9350743 8190969 9350754 8190205 8191007 9350687 8190404 8190942 6761002 9350414 5370741 5231023
7790770 5370743 2760961 8190752 2761002 6661002 2760870 2760371 7790870 2760743 2760071 6660043 2760496 730043 730870 730114 730996 2760930 8190880 7790964 2760006 8190741 7790894 8190857 8190857 8190857 8190519 8190920 8190964 7790964 3950888 5370741 5370071 7790857 3250857 4720200 6761002 9350888 7790857 8190772 7790857 7790896 7790857 8190772 8190519 7790857 7790937 7790857 9350930 2760888 7790200 7790964 7790857 7790937 5371002 5370896 7790741 3470857 7790857 8190767 8190687 9040857 5370743 9350519 8190772 8190404 8190071 8190519 6760765 5370743 9350942 5370743 7790857 7790857 3471002 7790741 7790857 6770857 5370071 8190770 5370741 5370964 5370371 2760741 7790896 7790894 7790770 3950888 4720200 8870888 5370930 9350741 3470930 7790857 3471023 8190071 7790857 7790857 2760969 9350519 3471023 8190741 7790857 4630857 4630743 3730602 3730602 3730004 3730004 3730004 3730004 8191010 7090973 5650857 6660560 730000 5231023 7790964 9350888 1551023 3700864 3730268 2370973 3731023 3730646 3730560 4630371 4630772 3730743 9710930 8190772 8601023 230857 2760930 3731023 3731010 3730420 3731023 5230930 9760857 9710857 8711023 5370770 730857 2750857 2750857 9350996 9760857 3250857 8710930 9710930 9350601 6660800 3230984 9710961 3730371 3730638 3730969 3730833 3730969 3730004 4630969 4630282 3930857 3730241 8190752 9350888 3470870 3730772 8190896 3730772 4630772 2760743 8190896 730857 2760928 8710772 9040772 2080772 6761023 3731007 3730888 3730772 9350930 5230930 6660006 9350888 730857 8190741 9350160 9710544 7790205 7790857 7790857 7790200 7790200 7790969 8870424 7790961 4040200 7790964 9760200 9350924 3930743 9350942 4990160 3230969 4990160 730857 731007 5370282 9350894 9350896 8190422 8870772 2760071 9710930 9710772 3470870 8870770 7790969 3930741 3730638 3730891 3730984 3730646 4630913 8190857 4630741 8190071 4910857 3390071 8190801 8190964 8190580 2760872 7790857 8190519 2760752 8710772 9710930 7790969 5370404 4630424 4630200 8190896 3930857 3250857 5230857 3230422 3930969 3700200 910071 9710729 3470782 8190964 5370964 6350857 3730268 3730420 3730888 1030857 9350770 9710071 9710496 8190930 2760114 7790857 8190812 8190519 8190071 9710930 3730993 9710930 3470930 5370071 8190371 8870942 7790857 3250741
730964 9710857 5370770 730743 2760987 3930870 6660969 3930870 3930870 2080987 9350687 9350870 8870870 2760743 8190519 2760754 3470870 2760743 9760857 6660930 9040870 2760687 8190741 9350870 3930870 3930870 3700870 3700870 3700212 3700422 3700888 2760741 6660996 6660422 6660880 6660880 9710422 2760870 8190894 3470870 8870870 9350144 730870 9350516 3930870 3730519 3730004 3730924 2760741 2760930 2760930 231023 2760930 2760741 730870 730870 2760960 730964 2760870 2761007 2080770 9710857 3730752 3730960 5370801 2760920 8711023 8870743 8870414 9350516 3700519 9350993 8190770 8190071 8190071 9760857 8190652 3930870 2760942 6661007 730888 6660948 2760422 730144 6660812 730812 9710969 3470857 2081023 2760942 2760114 8711023 3730519 3730602 3730006 3731002 9760857 8190652 8190646 8190894 2081023 3470857 2760772 231023 230920 2760930 2760930 730870 2080580 2760924 2760580 3930870 8190071 3470987 3470857 2760144 250071 2760364 2760144 2760930 2760205 2760006 2761007 730071 3230930 5230414 3250857 3470872 8190770 9710960 9710870 3930870 3930870 3930870 3930870 3700960 3700969 3700969 3700870 3700796 3930870 3700969 3930870 3700870 3700870 3700870 3700969 3700770 9710880 3700212 3700857 8710767 3250741 8711023 8190071 8190071 8190913 730580 2760144 9350741 2760114 2760504 5981023 8710519 2760580 8710864 230963 2760872 2760071 730964 2081023 730687 9350888 8870829 8191002 9350924 3700770 8711023 730114 8190071 8870942 7790888 2080200 2080200 8870942 9350601 8711023 5981023 3700743 9350560 3700743 8711023 8710880 8190896 9350942 8711023 8190752 9350964 8870942 730212 9350516 6660857 8711023 9350516 2760964 9350687 8710857 9350896 6660580 9350422 8190942 9760857 2760772 9710772 2760809 8710772 9710964 8710857 9350961 6660969 9350993 8710880 8190961 8600857 8190857 8190812 7530857 9710894 8710857 9710894 9710580 9710504 7790857 9760857 8190894 3470857 7530857 8190580 9760857 8190894 3470857 8190687 3471023 9760200 8190071 8190752 9710964 8190071 5981023 5650857 9350942 9350144 2750857 6660924 730364 3230364 730364 730870 2760006 3230006 4720741 9710743 4720857 8190964 9760857 7530857
5371002 730646 4720772 8870043 3470285 8190071 3230414 9350996 3730371 3730638 3730004 1760973 9710923 9710857 3730960 3730504 3731002 5370043 230857 2760743 2080772 7790371 730043 230857 2760896 3470580 730752 910422 3700043 730969 3230205 3230969 910580 8190857 8190857 5230857 9710796 3470043 3930796 520743 8790891 5230646 3930870 3700969 3930870 3700200 3930969 3930872 910857 3930796 3730638 3730984 3730638 3730004 3730004 3470739 9710857 8710767 8710741 8190414 4630071 8190857 9710782 730071 3470772 9710071 2080770 8191007 8190772 730812 7790414 7790752 7790896 7790888 7790601 3470043 8190857 4630638 3730004 3730004 3730004 3730872 6900466 3230796 9710864 3471002 9040772 3700205 8190770 8190770 3730519 3731010 3730004 3730924 4630638 3730004 4630638 8190772 9710930 3730006 1600973 3730496 3730504 4630004 5370743 8190071 8190920 3470857 3390752 8710466 3730071 7090973 8190466 8190466 8190071 8190770 6901023 8710857 8710350 3250741 3730004 3470441 9710037 9710743 9710952 8710969 910371 910924 4630638 8190857 8190969 9710857 9710741 3700414 9040857 9710767 730772 5370404 4720741 3930422 3930880 9710969 910560 8870969 730114 730770 730770 3470043 7790937 7790857 8190404 3930371 8870969 3930560 3930043 8870969 3700969 3700969 9710205 910772 9710782 9040772 9040772 2080987 3950888 4720857 7790857 4720857 7790519 7790857 7790857 7790857 910857 8190942 4630743 3730071 3730004 7980973 230006 8710466 730857 8710466 5230466 8710205 3930870 9710496 6660880 9710739 9710462 3230872 6660561 730580 730796 8190772 230741 3470580 2760071 9710519 9350896 3930857 3930857 2080580 3470772 3471002 4720743 8870888 3700739 520857 3470285 3470285 7980973 730767 3250857 8190942 5650857 3700924 5230414 9710371 3470923 2080770 8600857 8190770 8191010 3730004 4630969 3730496 8190961 3230422 730857 8190880 9710371 8550857 910857 9710371 8710414 2080770 3470857 8190071 8710466 8710987 9710772 3250371 9710920 2080987 8710414 8710741 9710371 9710987 9710466 7790371 7790888 3730004 8190857 7790857 3471023 3470043 8710466 3470580 3470043 7790770 2081023 2760371 7790371 8710414 5230646 5230422 5230969 5230969 910371 910371 8710872 9710037 9710006 2080770 3470857 3700964 3700205 9710796
6660460 3930870 3930796 3700870 8870870 9040870 3700964 3250371 520743 7790888 7790144 2760144 2760144 6660006 9710880 3730646 8190857 8190857 8190160 8190857 8190857 3470857 9040857 9350924 2760928 2760928 2760928 2760896 3230796 3230796 2760896 9040857 8710646 910741 9710870 3700796 2760144 3700422 3700857 6660880 2760422 3230304 6660527 9710422 2760071 6660560 6660304 3230880 6660527 6660800 6660812 3250560 8870144 9040870 3470870 3470857 9350993 9350870 9710870 3700870 9350894 9350870 3470870 730043 2760930 231023 3470930 2760560 2760144 2760930 2760687 3231023 6660460 4720752 3231023 3251007 9350894 2760071 8711023 2760743 8190071 2760928 6660460 6660460 8870870 730144 8190580 2760809 2760371 3250371 3931023 2760809 2760741 730772 3470930 7790969 2760441 6660930 730870 730870 730870 7790894 231023 2760364 2760772 2760772 2760043 2760870 730743 2760870 730870 3700870 730894 2081023 3250857 8190496 8190857 8190857 8190857 3730993 3470857 2760144 2760071 8190870 9710870 3700870 3930212 3930870 3930870 3930796 6660800 3930796 3700857 2760364 730071 6660580 6660560 6660560 6660422 6660812 9710857 8190857 3730004 2760770 730870 730969 2761007 9710870 2760371 8711023 2760519 6660212 6660212 6661007 2760560 3230212 8711002 7790829 9350772 730809 6660948 730071 2761002 2760833 730964 730928 7790964 3471023 7790894 2760350 230350 6660580 6660580 2760580 3230928 230560 2760687 9710864 7790888 2080519 2760961 2761007 8870829 5981023 7790964 9350516 3230888 3230743 8711007 3471007 6660212 6660561 6660800 9350924 730770 9710930 2760930 2760496 9350687 6660212 5370043 2760071 9710743 9760857 3471023 4300857 3470857 3950960 3471023 6040857 3470857 9040857 8190913 9350942 6660812 2760144 9350144 3700870 8190870 9350516 9710729 3930870 730870 2760930 730870 3470580 3700857 2760144 6661007 9350687 8190857 8190896 8190741 3231023 8711007 9350870 8191007 8190071 8190894 2760404 2760687 4720857 6660930 2760144 6660460 8870518 2760741 2760930 2760928 2760144 730212 730144 730144 2761007 2760770 2760952 2761007 8711007 8190964 8710920 7790752 2760043 2760772 2760687 5370043 730812 730870 3700996 3470987 8190071 8190752 8190920 3470857 2760870 2760743 3230796 6660460 730969 2760504 8190580 8190913 8190896 9710752 9710987 6990857
3951002 9710371 9710414 9710496 9710782 9710285 9040987 300422 300996 3930422 3700996 9710422 3700743 520743 7790924 3470857 9710743 3470006 9040580 7790741 3470580 2760767 9710995 4720743 4720964 730414 5230037 7790896 2760527 8870743 3700928 3700043 3470373 9710350 8710205 8710752 8710920 3730496 3730770 3730743 3730964 3730371 3470857 3250857 9710176 9710504 8710880 8711023 2080580 8710646 9710782 8190812 8190006 3950896 3470857 3950896 9040857 3390071 3950888 8550857 3950888 3700888 9710880 8710646 2760371 5230422 5230930 6660212 3470043 3470043 9040796 7790601 7790888 2760071 2760880 2760646 9710414 9710519 8190942 8190741 8190770 8710770 9710071 3230071 9710422 9710880 2760422 6660996 300422 2760043 4020000 3700996 6660460 9710297 2760741 7790857 2760560 2760560 2760560 9040857 8190652 9040857 9710205 9710772 9710205 8710560 2760560 8190519 8710743 8710743 3470006 7790857 9710888 9711007 3471023 250200 250071 8710864 2760924 3470872 8710864 2760924 9710006 3470772 5230350 3700414 9710741 9710371 9710006 9710350 8870880 7790894 9040580 7790371 8870422 7790857 7790937 8870924 7790857 7790371 8870812 2570519 2570519 2570519
7090973 4630004 4631010 4631010 4630741 9710071 8710646 9710741 5231023 3730812 3470857 3250857 3930212 3930212 3930796 520857 520857 9710888 8190414 9710960 9710888 3470857 3470857 9760964 9710743 3700864 3930212 3700996 3930371 9710928 8870812 8870924 3700796 9710796 9710422 9710297 3700772 3730560 8710857 9710767 9710809 8190414 9710952 3470373 9710920 9710920 8710752 9710071 6660212 9710285 8190952 5230560 9710729 9710071 3930422 3700200 3700071 8870888 8710205 4020000 9830996 300422 730857 730961 5650857 8190857 3730942 9350561 7790896 2760516 230350 7790752 9710414 9710285 9350560 8190964 7090973 7090973 9040857 9710575 8710006 8710646 8710928 3700743 3700743 8710646 8710560 8710519 8710519 9710519 8710752 8190519 8710857 3730782 3470857 8710504 9710071 8710770 9710071 8710770 8710888 9710071 8710996 9710422 8710880 9710071 7790770 3470987 3470580 3470422 3700752 3230560 9710995 9710812 3700580 9710880 9710071 3700964 3700872 3470987 3471007 9710743 9710920 3700422 9710812 8191010 3730646 8190741 9710857 8710772
3230796 3470580 3700422 9710422 2760809 3470580 8190071 7790857 7790200 910544 3930772 3700739 5231023 3700770 9040772 8190857 8190857 5231023 8711023 9710371 9710969 2080987 8710888 9710864 9350687 730350 230857 2760205 2760812 8870969 730071 8870424 7790205 7790937 8870969 8870969 8870969 8870969 8190969 8870770 8870043 4720857 8190646 8190857 7090973 730857 2760960 2760964 2760414 3470043 2760888 7790200 7790894 3931023 8870770 2760646 7790829 9710888 2760928 8870144 8870144 7790424 7790857 8870888 2760741 2760176 9710920 2080888 2760741 2760942 2760580 8870580 2760071 9710923 2760741 9710960 2760560 4720964 3700071 3730004 3730872 3730812 3730268 4630371 7790888 8870942 9710969 3700743 3470923 9040987 8710928 8190767 3730700 3730872 8190872 8190422 8190371 5231023 3230422 9710772 4720772 8870772 7790857 7790829 7790857 7790888 7790857 7790857 7790937 4720363 910646 3471023 8190913 3950888 7790888 7790601 7790741
3230996 9710422 8870880 3700752 3470373 3470006 2080772 2080772 2760580 2760833 6660857 6660212 6660212 6660527 7790964 9710920 8710987 8710888 8710743 9710743 2080888 2080888 3230304 3700743 300996 3230560 3701007 9710964 2760964 8870924 7790752 3470043 2760043 7790829 2760114 7790870 2760043 2760043 2760043 5370043 1760973 3730646 4630043 8190580 5230519 3230371 6660006 2760580 230741 230560 5230414 2760924 5230930 250580 8190519 2760964 2760350 7790857 3250580 6660880 910741 8190872 730496 2760504 2760687 2080888 2760930 2760964 2760580 2760888 3950960 230963 2760043 7790200 2760071 730857 730888 5370770 9350743 9311023 5370160 2760987 3730638 7980973 7980973 3730268 1030638 730350 730809 6660560 5370071 730560 230496 730770 5370743 730857 5370371 1551023 3470422 2760928 9350743 5230519 230414 230880 730894 6660872 8870144 6660857 2760928 3230560 9710462 6660812 2760964 9350601 3731002 3730519 3730961 3731002 3731002 8191023 8191023 8191002 230767 230504 7790964 5370888 9710930 8190770 2760071 5370071 2760894 2760888 2760071 2760741 8711023 8710743 9710743 7790652 7790857 7790857 9350993 730228 730580 2750212 3931002 730928 730144 910580 2751023 730743 730801 730894 2760516 3230796 3230796 9710880 9710212 5371007 2760422 9710422 9711007 8190857 7090973 4630071 8190071 7790937 7790200 730857 5370833 5370404 5370841 7790964 7790200 8870580 7790857 9040857 7790857 7790857 7790200 7790857 7790857 8190812 7790870 7790144 7790894 730114 7980973 8190772 5370743 5370743 7790870 7790857 7790857 4300857 7790857 7790857 3950560 7790937 7790870 9040870 7790964 731023 2760441 2760743 2760043 2760071 8710782
730560 3230880 3470285 9710414 9710414 3230812 3230754 9710930 6660996 730422 730422 8870043 730043 7790961 730371 730205 5371002 8870580 730928 730363 8870743 8870580 3230519 730928 730560 730928 8870833 8870560 7790043 730560 8870812 8870580 3731002 8870969 9350937 8870424 730857 6660812 730996 2760560 7790772 3730422 3730772 230857 7790857 230422 9040580 7790857 9710772 8190772 7790857 910200 730282 730928 730969 7790043 3230422 730812 730857 3230770 730752 730071 730888 3230796 730741 3930924 730880 7790741 9350422 8190371 3230371 9350741 910200 730928 730996 3230212 3700200 3930212 3230928 3700961 3230527 730560 3230422 3230754 3700205 3230880 3700961 730928 3230880 3231023 3230422 3230812 3230880 730212 3700996 6660422 3700772 8870212 730560 3231023 3230880 8870422 730000 3701007 3700200 8190422 3230560 3230205 3700200 7790752 9350996 8190880 8870743 7790200 3700519 4630424 3731023 3730964 3730071 8190371 9760964 3950896 2760772 230496 5370960 2760373 2760801 8710930 2760952 8710519 3730638 3731010 3731023 3731023 3731002 3730928 8190857 8190857 7790857 3930422 9350996 9350741 8190071 3730743 3731023 3730888 3730205 3730200 3730241 1760973 1760973 5370743 9710371 3930414 2760809 8870770 9350924 3930770 8710767 1760973 1030969 1030969 1031010 3731023 2370973 3731023 3730004 4630200 4630200 3731023 3730993 4630043 8190646 8190071 3390752 8550857 3390371 9710782 8870560 9350894 3930857 9350743 8190071 3730969 3730969 8190894 8190896 8190964 8190404 8870770 8190752 3730580 731007 730580 730071 6770160 6770160 5370519 6771010 231023 5370519 2760930 2760928 2761002 7790857 8870888 3930857 5230872 8711007 9710894 2760897 230857 2760414 9710782 3470782 2080894 8601023 3950896 2080894 8190812 8190752 9350205 3700071 730743 230857 2760071 6660857 230963 2760930 9350888 2760743 6660006 8190752 9760964 8190560 8870969 7790969 9040987 2760770 3470987 3470782 910729 9350560 9350652 3730984 8190652 8190652 2760652 9350560 8190160 3700743 1760973 3730638 9350770 520071 520071 9710894 9710923 730414 5230930
7790888 7790964 7790888 8870743 8870969 7790969 7790969 7790969 3470441 3470782 9710037 8710646 9710920 3470441 9710920 8710646 9710920 9710071 8710646 7790964 5370743 8870770 8870743 7790964 2080888 7790741 3950888 7790937 3950888 7790741 3950960 3700857 8870924 7790200 8870969 4040200 7790964 5370896 7790894 7790964 2080200 2080888 9710920 9710964 9710964 9710964 2080888 9710964 2080888 9710176 9710176 2080200 9710176 9710964 8601023 9710964 9710176 9710176 9710176 8870743 8711023 9710964 8711023 9710071 2080770 9710496 9710743 8710770 9710071 8710646 9710894 9710920 8710767 2080770 2080770 9710743 8710504 9710544 8710646 9710043 8711023 2080770 9710743 3470987 9710071 8711023 8710646 8711023 2760920 7790857 8190580 8870942 8190687 8191023 8190942 7790601 8870424 7790964
null
5370960 230504 3250857 8870743 4040857 4990857 3930857 6350857 2760752 730414 3730782 8190371 9710371 3700857 8190071 520743 7790894 9710920 3950888 3470987 9040987 9710176 910772 3471002 9710071 3470987 3470987 2081023 8710930 5650857 8710930 9350160 8710930 9710037 8190770 5370770 9350772 9710767 3730504 3730420 3730420 7980973 7980973 8710752 8710770 8190952 8711023 7790772 5370772 2760772 5370772 2760743 2760752 2760743 9760964 230504 3230772 3231023 9710422 3700200 9710857 8190942 8190071 3390043 8190519 5370741 8190930 7790857 7790857 8190741 3730004 3730004 8191010 8190952 8190414 8190770 9350754 8190071 8191023 7790857 3391007 3391007 8190772 8190752 3950960 2760741 3730960 3730743 3730004 3730741 9350741 9350741 9350894 2760924 8190371 8190872 8190519 7980973 730200 9350930 8190930 8190071 2760960 8190071 8190414 8190519 250071 250071 7790857 7790857 7980973 3731002 7980973 8190930 5370930 8190880 9350371 3700285 3470739 8550857 8190913 7790741
2080580 730896 6900466 3730993 7790888 4720741 8870888 8190920 2760006 5230772 7790894 3230741 3701007 8870770 9710960 3950896 2080770 3470961 4720888 520857 4720741 6660741 3230872 3230741 3230741 3230519 9710888 9040864 8190969 9710071 730371 5370043 3730043 3730043 3730043 4630043 7790652 3390043 7790652 5370801 4630930 3731002 4630930 4630043 4630930 4630043 4630043 4630043 3390043 7790652 4630772 4630772 4630043 8870969 5370930 5370833 7790857 7790857 9710960 9710752 3471007 730743 230924 230920 730960 730924 7790752 9710920 7790888 7790857 5370687 6771010 9350772 8190422 8870772 7791007 7790200 7790200 7790961 3951002 3951002 5230930 730422 730857 730857 730961 730857 730857 730870 730961 730144 730646 3230969 10110857 9671023 730496 7790857 4720752 7790752 8550519 3700964 8870743 7790424 7790894 7790424 7790857 7790857 9710888 8710741 3950896 7790729 520071 520969 520857 3700857 520857 520857 9040857 520857
2081023 8601023 2081023 8190857 8190857 7090973 910857 8870043 5370043 4630580 4630043 4630200 4630043 4630043 3390043 7090973 8710350 3930770 3930371 3230924 9710743 9040864 9710864 9710864 9710888 2760872 8711023 3700864 8710864 6660996 3230371 3230071 4720964 4720741 3471007 4630752 3950960 8870043 9311023 8710930 8711023 8710646 9710960 2760928 5370833 3700519 2760743 7790371 8190770 3250857 3950960 4720964 8870414 9710923 9350519 731023 730767 5370752 730580 5370043 5370960 3230205 3230205 3230006 3230496 8190896 3950960 2080888 9040772 9350160 4040200 9350770 3930857 9710888 8710414 9710812 910857 9040857 3470857 9040857 9040857 4720363 8870770 251007 3950960 9760964 3470782 3730964 5370888 5370964 2760894 2760964 7790741 9710833 8710864 9710071 9710729 910969 8710770 9710544 730006 3470441 5230930 9350888 1551023 3730496 8190071 8190741 9710920 8191002 4040857 8710646 8190857
8870743 3230371 9711002 3230560 3230924 3930422 3230969 3930857 2750857 3930422 8710752 3390071 3470987 9710743 520071 3470580 8870812 3930205 9710205 9710544 3950560 3950888 9710969 910729 9710371 3700969 3700770 4720857 8190894 4720857 3231023 910200 8870518 8870870 8870870 4040200 4040200 4040200 8710888 9710870 9040870 2080888 1551023 9350006 3730004 9350212 3950896 3930770 3930870 3930996 3700888 9040580 3470422 2080414 300996 9350729 730144 730144 730801 9350144 7790969 8190857 8711007 5370888 910924 8710872 8710743 9350371 3470870 9350006 9710864 3470995 3730924 3930371 6900872 6900872 3930870 3930414 910371 2760969 230504 6660422 9350880 8600857 2080200 8710928 3471023 8710857 8190646 3700888 300872 9710729 3470782 3930741 3700743 3700414 8870424 2760414 2760872 730743 9350964 3230371 9710864 9710371 3471007 3930872 730964 6660460 8710888 3471007 4720371 8870888 9311023 8710987 3470782 3470441 8710176 8710466 230872 230952 2760770 2760071 8710006 7790770 9710071 7790964 2080888
3700870 9710767 5370770 2760687 2760176 2760812 2760942 3470285 9710767 3471007 250200 3470987 8190404 8710857 8190646 8190857 8190071 8190767 8190857 8190872 8190857 7090973 7090973 8190205 8710752 3700519 9710809 3950560 4630580 8190371 4630937 5371023 5370772 5370043 5370043 250043 4630371 7790857 250043 7790652 7790652 7790652 7790043 2760754 2760516 9710371 9710371 3700996 9710739 8190969 2760373 9710782 8710205 2760687 2760114 2760743 2760687 2760516 2760767 2760767 8190770 5230037 9710371 9760857 3730924 8710969 9710920 8790891 5981023 9710923 8710872 8710176 9710960 8710996 2080770 9710743 3391007 9710006 9710752 5230414 3470833 3730420 3730420 3730420 3730071 8190857 3730924 6901023 9350414 9350770 730812 3230880 7980973 8190857 7980973 8190741 9710995 9710809 9710920 8190894 8190969 7530857 8190700 9040870 910741 3250937 910646 8870969 8870770 910200 3700200 7790205 3930205 8870770 2760969 9710969 730969 8870942 730071 910772 3930772 3700772 3930772 8870772 3470857 8190969 3730969 7980857 5370743 8190930 3930414 6660561 3730969 3730638 3730004 3230071 8191007 3730888 8190422 5370741 3730772 8190857 5230037 230920 730888 2760930 3730268 3730268 1600973 3730004 3731023 3730004 6760973 7790741 9710743 8190752 3731010 1600973 3730872 4630829 9350770 8710996 3230996 4630200 3730504 3731002 9350924 5230037 3250741 9710888 9710414 9710969 9710085 3700752 3700205 9350560 3930560 3930212 730414 3230770 8710504 8710987 3930043 300872 3700205 520857 3700969 9710996 9710729 3930872 730770 7790741 730872 4720772 8710743 7790961 9710085 9710772 2080987 4720888 5370772 7790857 2760516 8190772 3230864 3230350 5230350 5231023 3730371 3730872 3730812 8190071 8191007 8190466 8710466 8710466 5371007 5370743 5370071 3950888 4720772 2080772 7790896 7790896
7790857 3470857 9040857 9040870 3731002 7790857 8190371 7090973 4750870 4750870 9710006 8190006 3390371 9710741 9040880 8190741 4300857
3230006 9350160 5370160 9350930 3730422 3730422 3731002 3731002 8190857 3731002 8190857 5370930 9350772 7980973 9350961 730519 9350772 2760880 2760880 2760833 9351023 3230496 6660160 5370833 9350772 2760772 730857 9350772 9350772 9350754 9350519 9350754 8190942 9350772 2760772 2760422 5370754 2760928 2760928 2760928 6660812 2760928 6660812 2760422 2760422 730812 2760205 2760373 2760516 9710891 730857 9350743 5230466 8870205 3230006 3230006 6660006 8710872 3730519 3730743 8711007 8190071 9710462 9710920 3700857 9710857 3250857 6760942 3730741 6761002 2760743 3730981 3730601 3730519 3730700 3730872 3730872 3730872 3730741 3730872 5370741 9350516 8190519 8190519 3930519 8710743 8710888 8710888 9710071 9350872 3250877 3730765 3730841 3730700 3730137 2760144 9710923 3230422 9350371 9350754 9350422 730857 2750857 3230754 9040857 9350519 9710466 4720743 2080770 3730496 3730496 8190857 7980973 1760973 9350743 9350770 8710752 3700071 8710646 9350741 9350888 3731002 8190857 8190857 7980973 5370930 5370071 8710580 2760888 7790752 3731002 8190857 4630043 8190857 5370888 5370894 2760801 2760801 1030993 8710043 9710414 230560 9710891 8190964 3730646 3730743 8190857 8190767 7980973 3700772 3700770 8191007 5370770 9350741 730924 730812 730752 9710888 3470580 9040580 730200 3730924 5230519 3230924 5230857 8711023 8711007 4630857 4630071 1760973 4720964 8190964 2760743 2080519 2760930 7790857 5370964 5370519 730071 9710964 8710176 3730496 3730964 8190652 9350896 9350961 5230466 3470580 8870414 5230466 2760896 8710580 6770857 3730241 3730519 5370743 2760872 7790752 2760960 3930414 3470923 5370752 8710770 230963 2760752 2760071 2760987 2760071 2760414 7790896 9710037 730043 230496 8710743 9710071 5370930 2760894 3730964 3731002 3730964 3731023 3730004 3730812 8190964 7980973 9350743 3470782 8710857 3470987 3700857 8710857 8710987 8190466 3731002 8190857 8190930 8190772 8190772 8190772 5370964 8190857 8190071 8190741 8190646 7090973 8190857 8191010 9040857 8190071 8190652 730114 8190741 3700519 4720371 2760741 3700741 9350561 3230796 3700043 3470961 3471007 910969 910741 3930560 8710969 8710888 9350888 3731002 8190422 9350872 8190422 8190857 8190422 9710857 8190880 8190422 3470833 3700741 730741 730741 8790891 730071 2760924 8870580 2760144 2760964 2760870 9710285 2760924 2760414 3730430 9350888 2760350 7980973 2760371 5370371 8190371 9040772 7790371 8870772
3470857 9710782 2760752 5230422 8710996 4630930 2760964 9760200 6660560 9710743 8190560 8190896 9710923 9350880 9350754 9350754 8710864 8870888 3700743 8710414 9710527 3470772 9710857 8190952 2760920 5230205 3730205 3730872 8190880 7790371 3950888 8710519 8710466 9710071 1760973 3730888 4630580 7090973 4630004 8190767 5231023 3230864 8710414 3230924 2760872 8600857 2760414 8190071 5370964 5370896 2760872 5370071 5370960 2760964 7790964 8710996 8710414 5230872 2370973 3730920 3730004 230963 5650857 3700205 8710772 2760560 3730241 2760888 7790894 8190964 5370841 5370071 5370519 5370888 5370964 8190930 5370841 5370743 7790652 7790424 9760200 3730519 3730602 3730602 3730004 4300857 3730752 3730770 3730752 3730504 8190894 9710964 2760888 8711007 9350752 9711007 9710857 8710924 9710519 2080888 3730071 3730580 8710466 8711023 7310045 9710782 7790894 3230864 9350741 3230864 3230519 5230519 3470961 9710920 7790964 8190496 5370743 8190071 5370888 250200 5370741 5370371 8191007 8190071 9040857 6350857 8550580 9350560 9830996 8710422 3730752 3730752 3730200 2370973 3730420 3731023 3731007 3730519 9350888 3730420 3730205 3730371 3730560 3730460 230857 2760894 8710212 2760071 9710891 5230857 3700857 9710743 9710752 8190942 8190006 4300857 3470782 3700200 8710880 9710071 8710519 3730071 3730743 3730770 3730071 3730420 3730071 8711023 3470987 3730519 3471023 8190894 8190071 9710920 8711023 8710519 9710961 2080519 2080888 8710519 2760114 230504
9350930 9350770 5230930 6900466 6660857 5231023 9350894 9350741 8600857 5231023 8190414 9350942 8870743 9350560 8190964 9350964 9350888 8191002 5981023 2760743 2760752 2760364 3700772 5370964 9710743 8190071 5370071 8870772 230006 8711007 8711007 5370752 8870888 9710833 8710006 730371 3250371 9710833 3730638 3730638 6660371 230496 9350414 6901023 9710833 8710772 9710371 9710772 4720371 3470857 9350888 8870770 8191002 8190741 9350888 730212 7790857 8870969 8710560 9710422 9350205 6660800 6660800 9710422 910857 3730888 3730969 3730386 9710857 3470857 910071 3930872 3730969 2760752 2081023 3470987 3730920 8190560 2760580 230920 8710519 2760770 7790894 2760176 7790752 9040772 3950896 5230414 2760371 5230205 9710371 9710176 9710894 2080770 8601023 3930560 9350422 8190857 3730205 3730969 3730741 3730371 8191007 9710857 8190560 7790857 8190857 3731010 3731010 3730004 3730430 3730993 5230857 5230519 8710414 4720964 8190913 7790518 7790857 7790770 7790741 7790424 3230969 300422 6990200 9710496 8190913 230504 230496 2760897 230767 2760527 2760114 2760043 8710043 230952 3730772 9311023 3730888 5650857 8710752 9710752 2080987 3950888 8190767 230006 3230924 910560 3470739 3470857 5370896 3730969 3730006 3730371 3730371 3730872 230963 2760770 7790857 3730004 1600973 3731010 3731010 3730888 3730920 3731010 3730004 1600973 3730004 3731023 3731010 3731010 3731010 4630638 3730646 3731023 3731010 4630857 3730004 4630857 4630638 7090973 3730646 4630829 8190857 8190857 3950560 8190857 7090857 5230872 8710519 9710350 2760960 2760770 2760888 230504 2760920 6661007 730519 3230519 3700519 730580 6660422 6660857 6770857 730857 8190772 8190857 9710920 3230796 1600973 3731010 3730004 3730004 3730004 8190071 3470857 2081023 2080888 9710894 3730200 7980973 8190200 5370741 5370743 6660160 9710796 8710880 6660857
2760880 9350880 5230205 3730560 3730752 3730872 9350942 9350770 3730071 3730420 3730920 3730872 5230205 9710864 9710772 2080987 7790371 7790888 8190969 3390071 910363 3950888 3950888 6660006 3230371 3230739 9830996 5230422 3730371 3730371 3730888 3730984 8190857 9350801 9350888 9710920 3471002 3230812 3230560 9710743 910071 7790896 9040864 8190200 9760200 3730205 3730371 3731010 8190857 3730984 9710923 8870414 9710285 5230969 9710205 9710205 3730812 8190812 3731010 3731010 4630371 3730743 9710453 9710857 8711023 8190205 8710743 8190071 10110857 2760964 9350964 8190205 8190519 3230743 2081023 8710006 6660800 5231002 5230519 9710519 2760960 2760350 5230519 9710891 6900466 3730519 3730833 8191023 7790857 3730646 3730638 3731002 8190857 8191002 8190829 8870942 4720964 3470961 4720752 4720363 910646 3470961 3470961 4720752 4720752 7980973 7980973 9350741 8710930 9710930 8711023 2760373 8711023 3470833 7790770 7790770 7790601 8711023 9710085 9710285 8710212 230880 2760752 3470043 7790829 7790937 7790601 8550519 4300519 8340519 3730638 3731002 8191002 8190961 3470961 4720363 4720961 4720752 4720752 3470961 4720888 4720888 3470961 4720888 7790937 4720741 8190930 3730114 5650857 5650857 3230350 9710496 5230414 9350752 2760960 5370801 230952 5230037 9350422 6660800 6660880 2760560 3470995 5370282 7310371 3731010 3731002 8190772 8190857 3730371
3390071 3471023 8190770 3950888 8190646 8190880 3471002 5370071 3470857 8190770 8190580 3470930 9710580 8190071 4630282 9350770 6660857 730741 9350942 8870888 2760646 3700200 5650857 10110857 9350687 5370371 2760071 9350741 8190414 8190857 5370741 5370888 7790770 9350770 9350996 9350894 2750857 3930857 730894 9350930 5370772 8190930 730857 9350913 9710527 9710527 9710212 9710996 3230304 910205 4990857 8710857 910857 3730519 7980973 3730241 7980857 5370519 730857 5370770 8870743 9350964 3950888 3470857 3950960 4720961 3230924 730006 9710782 8190872 5370743 5370071 730770 5230037 5230037 3930371 9350371 3930772 8870969 910741 9710888 9710006 9350880 9350422 2760743 8710743 3471007 9710462 3730071 3730071 8190942 8190071 8191023 8190969 8190071 9710519 2570519 9710205 9710519 5230872 8710928 9710864 8710741 9350964 9350371 7980973 4990857 5370752 9350754 9350741 5370930 5370930 7311002 7310924 4990930 7311002 6660857 5370829 6660857 6660930 9350601 730857 9350930 5370888 730896 9710772 730872 9350930 9350928 9350928 3230930 9350006 9350371 9350888 9350888 9350519 5370964 3230205 8190519 730071 5370741 5370071 5370571 5370519 5370071 7790857 8711023 9710544 8870518 2760743 8190071 7790894 7790888 9710857 8190071 5231023 5230930 9710857 3230527 8870880 8711007 3230212 3230752 8190071 9350924 8190646 8191007 8190857 8190894 3230560 3230422 9710812 4720857 9710961 9710297 3230560 9710176 2080888 3471023 8190071 5370888 8710857 9350560 3230739 8710857 3230205 5370071 9311023 8190371 8190767 2760504 5370071 230857 6660857 2760930 9350930 3700752 7790371 7790371 730371 730743 9040580 8710414 7790741 8190700 7790371 7790888 8190646 8710987 9710085 9710071 9710920 3730646 9710857 8190894 3470580 9710176 8190857 8190071 8190801 8190801 8190652 5370754 8191002 8190422 8190422 7790857 5370801 5370801 9350801 9350519 6770857 6660930 2760200 9350930 7311002 6770857 7310924 7980973 9350930 4990930 8190930 4990160 9350930 8190519 5370371 7790857 7790200 8191002 7790888 8190700 5230560 3390071 9710888 8710767 7310646 1030993 9350519 2760580 7790770 8710888 8710782 6900872 9710350 9710371 9710743 9710964 9710422 9350205 5370888 9710580 8710864 4630071 9710466 3730071 3470857 3390071 9710285 5230969 3700880 3700519 8190896 8870924 8190741 8190857 8190857 7090973 9710888 8190767 8711023 8190071 8190560 8190857 4630743
3230422 8711023 8190071 4720857 4720857 9350741 8601023 8190894 2080200 8190580 9350896 2760414 5230930 3730268 3730268 2370973 3730268 3730268 3730268 3730043 3730941 3730770 3730430 3730496 3730891 3730504 4630371 6901023 8710857 9710414 8190741 2760952 3731023 3730993 9350741 9350652 9350743 9350961 3230770 910544 730888 1760973 3730772 8190741 8190404 8790200 9350687 2760414 5370519 9350601 8710987 2760888 8711023 5370071 9311023 8190896 8711023 5370071 5371007 5370888 5231023 7790924 8870924 730414 6660872 230920 730743 730772 9350741 9710833 9710519 2760441 2760071 9710920 8710930 5370770 6661007 730743 5370071 230496 5370071 730071 6660857 6660857 7310004 7310004 7980973 2750857 9350414 6771010 230857 6660857 6660930 6660930 7310004 5370894 230857 9710833 9350371 3930772 9351023 9350414 9350770 9350687 6660580 9710880 3730888 3730772 3730993 3730741 9350964 230504 9350996 9350996 9350144 730857 9350752 2750857 300872 6901023 730743 3730371 6660857 730964 3230527 3230006 2760888 2760752 6660754 6660872 9350519 2760969 2760969 9350964 6660741 6660371 6660924 6660872 6660460 6660460 6660460 6660043 6660460 8190964 6660460 230952 2760743 9311023 6660160 6660800 6660371 9710729 9710729 9350924 3230519 3230519 730752 9710969 730969 8870770 2760741 2760200 2760964 9710414 5230930 9350205 2760071 230006 730519 230422 730960 730924 8870144 8870580 730770 6660460 3700770 3470923 8190741 8190071 8190371 8190964 3470373 3700414 8190964 2760770 2760987 2760960 9350752 3730602 2760930 230963 8710872 1920857 2750857 730964 730928 3230741 9350743 8710519 9350964 8710743 8190741 9710743 9710864 8710857 9350414 3730752 3730888 3730241 3730241 5230519 6660857 5230857 5231023 9710930 2760888 9710864 8710350 230350 5230350 5230350 5231023 8710924 9710371 9710743 8710864 3730924 6660741
3470857 7790857 9040857 6660527 8710205 9350888 3230422 2760422 2760888 9350741 9710930 8710930 9710043 8710580 9350888 6660527 9350930 730857 5230930 8190687 3730004 8190857 8190857 9350160 9350942 4720857 5371007 9350942 3951002 8870942 8550857 730857 4630857 4630937 4630371 3470857 3730741 8190857 3730496 3730404 8710857 230414 9350942 5370371 730767 2760928 2760812 8190964 8190896 8190741 7790857 8190772 7790857 7310924 2760414 5231023 9710864 3470857 3470857 9350687 3700212 8190964 9040857 9040857 3950896 9040580 9040857 9040857 9350942 8870043 7790741 230560 230920 2751023 730200 730964 9350964 9710809 8190952 3470857 5370741 9710857 9350422 3230812 3230880 300422 9710996 9040857 8190646 8191002 9710923 8870414 3470857 4630638 3730741 5230857 4630200 3730371 3730043 3730741 8190930 3730993 8190371 8190857 3730993 3730430 5231023 3700285 8190741 9040857 8190857 7090973 8190006 9710857 3470857 4720371 3950560 730371 6660422 6660996 2760996 730371 6660800 6660924 2760371 2760371 9710772 2760928 730560 3470930 8190767 5231023 5230646 9040857 7790857 9710071 9710987 8710752 3470930 8190767 3731002 8190752 8710646 8710212 3730993 3730071 3730960 3730993 8190857 9350160 8190160 8190560 3700857 8190160 8190857 8190857 8190857 7090973 7090973 8190857 7090973 4630638 8190857 4630638 3730004 3730928 3730004 8190857 8190857 8190770 9040857 8190752 6990200 2081023 3950888 7790857 9040857 3230560 730006 730560 6660006 3730268 3730872 3730638 3730006 3730496 8190466 8190857 8710857 8710857 3470987 8870888 910857 3230496 6660422 230422 8710580 6580212 7790424 8870043 9040857 3700772 2760519 2760364 730809 9710782 4720964 9710743 8550857 3950888 8190071 3730601 3730638 3731010 3731002 5650857 8710857 9710796 8710857 9710857 9710071 8710466 8710770 8710422 3471007 8190205 3730993 3730888 9040857 8710043 8190872 2760743 2760560 7790964
9040857 9710414 3930560 9040857 9710809 3700205 9710285 910371 3230646 3700770 3471007 3950960 9040857 9040857 3700212 3700770 9040857 3730496 3730646 3730924 9710857 3470930 3730496 8190422 3730888 8600857 9350770 3930969 9350743 9710739 9350371 8870422 3230741 730580 6660580 730857 4630580 4631007 8190857 8190880 9040880 9040796 9040857 9040880 9040796 9040796 9040880 9040880 9040796 9040880 9040796 9040880 9040796 9040880 9040796 9040857 9040880 9710995 8710560 4720888 9710544 6660754 3931002 9350924 9350160 520857 8710176 9710729 6660043 6660580 6660880 3730004 7090973 7090857 8190857 9040857 3700212 9040796 9040880 9040857 9040796 9040857 3700857 9040857 3700857 9040857 9040857 9040857 9040857 9040857 9040857 9040857 9040857 8870205 3700796 9350880 3930371 5230205 4020000 1600973 3731010 3731010 8190205 6660561 6660969 1551023 9350561 6660880 3700285 6660880 3471007 3930741 3700870 520741 3700414 3251007 6661007 3230880 8870144 3700200 3230496 7530857 9350961 9350993 3700200 3700200 9350729 9350930 9350160 9350729 8870969 8870924 8870969 3931023 730969 3930371 7980857 4990043 3250580 3470580 8870580 8710996 730560 8870580 2760560 8190964 730924 7310741 9350888 8190580 7790200 8870743 2760741 5370754 2760948 8190519 2760770 9350422 4990857 3230205 9710205 730857 3250580 9710575 730928 8710741 8710580 6901023 6660304 6660930 9350930 9350752 9350212 6661007 3230560 3930519 730969 730969 8710857 730880 9350961 3230930 730770 8710212 730743 8870880 2760924 2760924 2760833 2760833 8870212 2760754 3700200 8870833 2760833 3700772 9040772 4990857 9350961 8870772 9710544 7790937 3950960 7790200 7790870 9040796 9040880 9710969 9040796 9040880 9040857 9040857 9040857 9040796 9040880 3700880 9040796 9040880 2760772 230924 730741 730924 730729 8870043 8550857 8550857 9040796 9040857 3730993 3470857 9710857 3730646 8190770 8190741 3230741 3230969 2760924 5370924 9350801 2760371 8190872 8190404 8190496 9710930 6660930 9350801 2760652
520942 8870829 6990481 6990481 4911023 8790430 3730765 8190404 3730829 8190404 8190404 5370571 3250891 8190877 6990200 6990481 7530564 6990200 3250363 7531023 8190404 8190872 3250363 3250877 9350601 8790430 9671023 520942 8190404 6990481 8190829 7530857 8190404 3250937 8190877 8190404 3730404 8190700 3250937 6990200 9710891 4911023 9671023 6990481 8870942 7530564 8870829 6990481 3250891 8870942 4911023 4911023 6990481 8870829 3250363 8870942 6990481 8190404
null
7791007 5370772 5370043
6770857 251002 8550857 7790729
5370266 5370772 5370404 7310571 9350872 3230752 8190752 8190404 8190652 8870770 3950960 8190404 8190652 4630829 1030857 8190913 8190071 8870829 7531023 7790937 4040200 8190646 8190646 3730228 7310646 9710285 9350872 9040857 4630969 3730228 3731002 3730241 8190857 9350894 5370282 5370829 9350961 4720371 9350687 8190829 8190687 4630580 3730961 8190857 8190913 730928 8190913 3950960 8190652 8190942 8190877 8190700 9040857 1760973 3730969 8190969 3730993 8870969 8870969 3950960 5370282 9350812 3730386 3730200 7310601 4990857 7310601 8190969 8190404 8190913 8190913 8190481 8190857 4330857 8190913 8190913 8190481 8191007 4990928 5370200 4990857 4990857 8190894 5370200 8190913 5370404 3730241 3730877 3730993 8190857 8190969 8190857 8190652 3731002 8190419 8191002 3230741 9350829 9350601 7310430 7310765 7310942 3731002 6760765 3731002 5370841 8190700 8190857 8191023 8190580 1760973 3730386 4630282 4630282 8190200 8190857 8190200 8190404 8190652
null
4040200 251002 1030984 5371023 1031007 250200 4630580 250200 4630386 4630200 1030857 4630200 1030857 4880973 1030638 1030638 4880973 4880973 4880973 1030638 4880973 4880973 4880973 1030292 1031007 1030200 1030282 1030282 1030282 1030282 8191007 3390580 251007 4630937 7790969 251007
null
6901023 8190646
null
4631007 4630200 1760973 1031010 4630200 1030292 1031010 4630200 5370200 1030282 1030292 1030282 4630200 5371023 251007 1760973 4630200 1031010 4630772 4630200 4630200 4630200 4630580 3951002
null
null
null
7310994 3730888 5370371 3950888 730363 3250363 4630937 1030282 1030282 1030200 1031002 4880973 6770857 1030292 1030419 4880973 1031002 1030200 1030282 1030200 1031002 1030282 1030969 1030292 1030282 1030200 1031002 1031002 1031002 1031007 1030969 5371023 5371023 250200 3731023 1760973 1030638 1030638 1030282 1030282 1030857 1030282 1030638 1031007 1031002 1030292 1030292 1030292 1030043 1031007 1030292 1030200 1030857 1030961 1030961 1030961 1030282 3731002 7980973 1030993 250200 250200 250200 9351023 9040864 7311002 4990857 9350772 8870770 7790961 7790937 3230646 3700200 8870880 3700200 8870880
3250363
3731002 1760973 7310646 1030969 1030857 1030282 1030969 1030292 1030961 1030292 4880973 1031010 1030200 1030857 1030200 4880973 4880973 1030043 4880973 4880973 3731023 4880973 1030961 1030282 4630371 250200 250961 5370841 1760973 5370772 3731002 250200 5370200 1030969 1031007 4630200 4630200 4630386 250200 250200 250200
null
4300519 3470006 2080414 9760964
null
null
4040200 7311002 9350961 9350961 9351023 5370841 5370043 7790200 8190700
null
3391007
7790601 250200 4630200 250200 1030928 1030993 250200
251002 7790200 7790200 4040200 5370282
1030984 4630200 4630200 1030984 4630386 1030282 4630200 1031007 1030282 4630200 1030984 1030282 1031010 4630200 1030984 4630200 4630200 4630200 1030282 4630200 1030282 1760973 4630200 3731023 1031010 1030961 1030292 4630200 3730984 4630200 4630772 4630829 4631007 4630282 3390580 1760973 1030857 1030857 1030961 1030638 1030292 1030292 1030282 4880973 1030292 1030292 1030282 1030292 1030292 7980973 1030292 1030292 1030292 1030282 4630200 8870888 8190519 9350993 7790857 8870829 8870424 4720964 4720961 9350937 9350212 9350961 3700772 9350996 9350961 5370829 9350772 9350928 9350961 9350993 2760928 2761007 9350772 9350928 9350937 9350928 6661007 6350404 6660857 9350961 9350601 9350519 7310700 7311002 7310994 6761002 7310877 7310404 5370841 5370404 4631007 1031007 1031010 1030292 1760973 1030292 1031002 1030292 1030282 1030292 1030857 1030282 1030292 1030282 1030638 1030638 1031002 1030292 1030282 1030857 1031002 4630200 1030282 7310363 4990928 5110004 1760973 4630200 4630282 4630200 4630200 1031002 4630200 4630829
null
null
null
5371002 5370481 1030993 7790857 3951002 5371023 5371023 1030282 1030984 1030984 3731023 1031010 4630200 1030857 1030292 1030282 1030292 1030292 1030857 1030200 4880973 1031002 4880973 4880973 1030282 1031002 4880973 1030928 1030282 1030292 4880973 4880973 4880973 1030292 7980973 1030292 1030292 1030282 3731002 1760973 251002 7790200 7790200
null
null
null
null
null
1030282 1030282 5371023 5370200 251002 251002 9350687 9350924 5370481 4630200 5371023 4630200 1760973 4630200 1030984 1030292 1030292 1030292 3731023 1030292 1030292 1030292 1030292 4880973 1030200 1030282 1030200 1030292 1031002 1030857 4880973 1030638 1031007 1030638 4630772 251007
null
null
3700200 251007 5370200 1030282 1030282 3731023 1030984 7980973 7980973 5370200 1030282 4630386 250961 4630282 4630282 5371023 5370481 5371023 4630200
5370481 1030961 5371002 251002 251002 3951002 9350870 5370829 8870942 250200 250969 4990928 731023 1030282 9350729 5370833 5370282 4720363 8870942 8190481 3951002 5370282 5370752 8870870 4990928 8870829 4040200 1030282 251007 5370481 251002 4040200 5370200 4720363 4630282
9350880 4630043 9350741 8190964 8190404 9350516 7310959 4990928 7310877 7310419 7311002 7310942 9350896 3730924 6040857 7530857 3950896 8191023 3730969 8190857 8190857 7790937 8190496 8190700 8190404 8190404 4630200 8190913
4630266 4040200 7790937 1031002 5370519 250580 250200 3731002 1030282 7790729 3250363 3730928 9350516 9350913 3230752 9040857 8190857
null
3390580
250200 5370282 8790430
7790937 251002 5370519 250200 3700071 9710891 3700071 5371007 8870422
null
5370841
null
4630200 4630200 4630200 5371023 4630200 3731002 3731023 4630200 1030292 1760973 1030292 1030282 1030292 1030282 4630386 250969
null
4630282 7790857 3951002 4630386 250961 5370481 5370752 7791007 8870942 5370481 5370481 1030292 3730241 7311002 5370404
8190961
730646
250961 5370043 3250937 5370043 5371023 3391007 7310646 8870518
5370754 3390580 250200
7790200 5370371 8870772 5370282 8870969 8791023 5370200 5370571 3730961 3950560 5370282 4720200
730646 730928 730928 250200 5370481
null
8190481 4630282 4630386 4630282 4630282 4630200 4630200 4630969 4630424 4630937 4630200 1760973 4630200 4630200 4630200 1031010 1760973 1031010 1030928 4630200 1760973 4630200 4631007 8191023
250580 8870043 7790200 250200 6770857 5370841 5370404 7790857 1030984 5370200 251007 5370841 1030928 1030043 1030282 5370859
null
null
8870833 8870580 8870580
7790200
null
8871002 4880973 1030292 5370481 1030282 4630200 5370481 6660857 2080894 7790729 4040200 5370930 5370282 5370877 7790857 5370200 7790729 4630386 5370481 8870969 251007
null
3390580 250200 5370544 4630386 1030984 4630282 1760973 1030928 7980973 5370544 7790857 7790200 730363 9350961 7790200 7791007 8870424 730282 8870424 4630200 4631007 1030928 1030857 4630200 4630200 1031010 4630200 4630857 1030984 1031010 4630200 1030857 4630200 1030857
7311002 9351023 5370071 7791007
8870969 3731002 5370741 5370544 5370829 5370960 8190961 251002 4630386 1030282 1030984 5370481
4750870
null
3730601 5370841 8190700 9350872 8190404 7310430 6760942 9350601 8870969 4911023 8190652 520857 250200 5370829 7790752 7310404 4720857 5370859 4990043 3230924 8190404 4630937
8190404 8190404 8190700 8190481 8190404 8190481 8190419 8190404 8790891 8190942 8190857 8190942 8190404 8190071 8190404 8190404 9350601 8190481 8190404 6350177 5370841 8190741 8190700 8190942 8190404 8190700 9350601 8190700 4630371 8190700 8190419 8190564 8190770 6760601 8190404 8190419 8190700 8190700 8190404 8190857 8190857 8190404 8190419 8190942 8190404 8190700 8190942 8190700 9350516 8190942 6760693 8190404 3730765 3250857 8190404 8190652 8190700 9350564 8190177 8190700 8190404 6760765 9350942 8190700 8190700 8190700 8190404 8190829 8190942 6350916 8190404 9350601 8190404 8190700 8190877 8190942 8190200 8190700 8190700 6760646 4630829 3730137 5370571 9350888 8190687 6760700 8190857 8190404 5370829 8190177 6761002 8190877 8190404 8190857 6760693 8190877 3730519 8190371 8190404 8190857 8190942 6350857 6760765 3730765 6760973 8190942 6760646 6350765 4630424 3731002 8190700 8190857 3730700 5370404 7310646 6760973 8190481 6350857 6760601 5370859 8190419 3730601 8190481 8190857 9350519 6350114 8190857 3730404 8190942 3731002 3730765 4630829 8190200 5370877 9350564 1030993 8190404 5370404 8190646 3730404 8190829 4630266 5370841 6760646 3730229 6760693 3730241 8190700 5370687 8190857 6760266 9350601 8190177 9350942 8190877 8190404 3730404 3730928 3730241 3730993 8190857 6760942 3730993 3730993 5370687 8190652 8190942 6770857 5370859 5370404 8190404 5370571 8190857 3730765 8190857 3730137 5370960 8190857 5370571 3730241 3730993 5370974 3730137 6760564 3730601 5370404 9350601 3730004 9350601 3730404 8190177 4630266 3730114 3730974 3731002 9350937 5370687 5370571 3730646 8190829 5370770 6761023 3731002 6760700 3730993 8190404 1030877 3730177 6761023 5370829 6760646 8190857 6350404 4630200 8190404 8190200 8190857 6760765 8190857 8190404 3730043 6760646 8190200 3730043 8190857 8190404 6760693 6760942 3730765 8190877 6760857 6760942 8190404 6760973 8190829 3730981 3730241 3731002 8190404 5370741 8190700 6760646 3730765 5370877 5370877 8190857 3730241 8190857 8190857 6761023 8190857 6760601 3731002 6350857 3730941 3731002 3731002 8190829 3731002 6760942 3731002 6350857 4630200 5370404 6760857 8190580 8190481 3730877 8190857 6350857 3731002 1030765 9350687 8190829 5370877 3730363 6350601 3730519 3730829 4630580 8190200 3730241 6760857 3730241 5370841 3730241 6760857 1760973 6760942 6760601 3730241 3730363 8190200 6760857 3730241 3730241 6760646 3731002 3730241 6760481 3730404 3730519 5370266 3730241 3730241 1760973 3730241 9350601 3730646 6760857 5370859 3730404 8190700 3730363 6351023 8190200 6761023 3730404 3730241 6760857 5370877 7310430 3730765 8190857 6761002 3730137 3730601 9350519 3730765 4630829 3730765 3730981 3730137 3730765 8190857 8190200
1030829 3730829 3730137 8190404 5370829 3250363 1030829 7310564 6770857 7310177 1030200 4880973 4880973 7310177 4880973 7310177 7310177 4880973 7310891 4880973 7310161 7310177 7310161 7310404 7310177 7310877 7310129 2370973 7310161 7310765 7310646 7310404 5370404 8790891 8190942 8190700 7310404 7310601 7310564 7310693 6760564 730363 730200 9350560 7530857 8790200 7310693 4880973 7310601 4880973 1030282 7310646 5370829 3250363 3250371 8790891 8790891 8870942 8870942 8190564 8790430 5110004 3250363 7940973 6350891 9671023 8790430 8190877 6760693 6990200 4911023 8190877 6350404 3730419 6350857 9671023 3250363 9671023 9350200 7310601 5370877 3250937 8190700 6990200 2080200 6990200 3250877 7790601 8870942 6990200 6990481 8190404 8790891 3731002 9760200 8790430 7530564 8190877 7310129 7531023 6990200 4911023 8190404 7310841
8190296 3730137 8190404 5370877 9350601 8190519 6350891 9350601 8190404 6760857 3730137 6760700 6350916 6350601 8190700 8190404 6350601 8190177 6760564 8190404 9350601 8190404 9350177 6760973 3730177 8190404 6350177 2760961 6350177 8190404 3730841 6760877 8190404 9350601 9350177 6760601 8190404 6350177 8190404 6350857 6760601 8190404 6760601 6350646 6350404 9350564 8190564 3730765 8190481 6350114 6760601 6760601 8190857 6350765 6350891 4630424 8190419 5370404 8790200 9350601 3730981 6350916 8190700 9350601 6760646 3730601 3730765 6760564 8190296 8190419 8190519 3730981 8190700 8190687 9350177 9350601 9351023 8190404 9350601 8190942 3730404 8190404 3250877 9351023 8190829 8190772 3730137 8190942 8190829 8190404 8190481 6760700 8190404 3730137 5370404 8190177 8190877 3730765 5370877 9350601 6760266 6760601 8190700 8791023 9350601 6760765 9350601 6350646 6760266 6760601 6760693 3730601 6760857 8190857 8190177 8190829 3730765 6761002 6990200 8190200 8190404 6760564 3250857 6760564 8190857 8190829 3731002 8190404 5370829 8190404 8190700 6760877 8190177 8190404 8190404 6990481 8190877 8190419 9350601 8190404 9350601 5370404 8190404 6350601 6350765 6760942 8790200 8190857 6350765 6760601 3250857 3730137 5370404 6760564 6350891 9350601 8190404 6760601 8190404 6350601 8190404 5370829 6760700 9350601 6350404 6760601 6760564 6350891 6760646 6760601 3730177 6760877 8190404 9350177 9671023 8190177 6760177 3730564 8190404 6760877 6990481 6350177 9350564 6760693 5370829 6760601 8190177 5370404 5370404 6760877 5370404 5370877 6760693 9671023 5370877 8190404 8190404 3730229 6760693 3730765 6760942 8190942 6760601 8190404 6760693 9350601 6760693 3730765 9350601 6350765 9350601 7310651 8190404 9350601 6760564 3730229 7310161 1030638 4880973 7310564 1030292 1030419 4880973 4880973 1030419 4880973 4880973 4880973 3730177 1031007 7310404 5370829 5370877 5370404 8190404 5370404 6350765 8190877 8190404 9350601 8190404 8190371 8190404 6760601 3730877 3730981 8190404 3730229 8190877 6350114 3730829 6760601 3730296 7310646 5370877 6351023 9350601 6760973 6761023 6350891 7980601 3730241 3730519 3730419 3730229 6350891 9350601 5370741 9350601 8190700 9350601 8190700 6990481 8190177 8190404 8190419 8190877 3730404 3731002 6350404 3730177 6761023 7310669 1760973 5370829 3730877 6350404 5370877 3730404 7980973 7310129 3730296 3730229 7310646 7310601 8190877 2760652 9350601 8190404 6350765 3731023 3730782 4880973 7310129 4880973 4880973 4880973 7310161 7310266 7310891 7310601 2370973 7310646 5370571 6761023 6760700 8190404 6760601 6760877 9350516 7770857 7770857 6350891 6350765 9350937 6760601 7770857 5370404 3250877 6760877 8190942 8190700 6760877 8190404 3250857 8190652 5370266 6760765 8190877 5370404 6350765 6760877 6761002 6350601 8190942 9350601 10110857 9350601 8190419 6760700 3730993 8190700 9350601 8190404 3730601 8190700 9350564 9350601
3250857 6760973 6760700 8190942 6350916 3730137 3730981 8190829 6760564 8190177 7310877 9350942 8190404 9350829 8190700 8190404 8190404 3730177 8190700 7770857 7770857 6760765 5370829 5370877 7310651 8190877 6990481 6350404 6760601 7310891 9350564 3730241 8190877 6760877 9350200 3730229 8190404 6350601 6760693 6760700 8190877 8190519 3730137 10110857 5370404 8190404 6760564 7310994 9350829 6760564 9350564 8190404 8190829 3250857 9350601 3730765 8190877 6350765 6760601 6760296 8190857 7310601 8190829 10110857 7310994 5650857 6350404 7310601 6760700 3730419 9350896 8190404 3730404 5370829 6350601 8190829 6760877 6760765 6760646 6350601 6760564 6350857 9350601 6350891 8190564 6350765 6760693 3730519 6990200 6760646 6760481 8190829 8190877 8190877 8190177 6990200 8190942 8190177 9350564 8190877 8190404 7310651 8190177 8190404 8190419 8190700 3730177 7530857 8190404 6760693 5370829 3730765 9350601 5370404 6350765 8190296 6350765 8190829 6760693 6760601 6760973 8790891 9351023 3730229 6760601 9350564 3250857 9350564 3730765 9350177 8190700 6760601 8190942 8190942 3250857 8190580 3250877 3730993 8190942 8190829 9350564 8190404 3730177 10220857 6760765 8190404 8190177 3730296 6760693 6760177 8190877 8190404 6760601 8190942 9350601 3730981 5370829 6350916 6760601 8190519 2760114 6760601 8190404 8190857 9350177 3730601 6760942 9350652 6350916 8190829 8190481 3250857 9350601 6350177 6760564 8190404 4910857 9350601 7531023 9671023 9350601 6990200 9350177 8190877 8190177 5370404 6760942 3730829 2370973 8190877 8190404 8190877 5370404 6760601 8190404 8190829 5370877 8190942 3730765 6760601 5370404 8190877 6990481 8190700 9760200 8190877 8190404 6990481 8190481 3730177 9350177 8791023 8190481 8190857 6990200 8190877 8190404 6760601 8190404 6350601 9350564 8190404 9350601 9671023 8190829 8190829 9350564 3730765 6760564 8190404 3730765 8190829 9350564 2760404 8190829 8190519 8190177 8190877 8190404 6760601 8190404 8190177 6760693 8190877 9350601 8190404 6350857 6760601 3730981 8190419 9350601 7530857 6350404 8190404 9350564 8190404 8190404 1031010 2370973 7310404 7310177 1030282 7310404 7310765 7980973 7310765 1030282 1030638 7310891 7310669 7310404 3731002 3730200 1030765 3730200 6760765 7310601 3730241 3730229 7310601 7310765 3730296 7310564 3730765 7310430 7980973 7310651 7310601 6761023 3730200 7310601 3730700 7980973 7310601 6760857 3730765 3730601 3731002 3730114 3730296 7310601 3730200 3730765 3730229 3730601 6760973 3730404 7310601 5370877 3730404 3730419 8190857 3730404 3730891 3730241 8190877 3730829 9350519 3730404 3730177 3730974 6350765 6761023 7980973 3730877 3730841 9350601 3730981 7310564 7310669 3730700 3730241 3730404 3730229 3730296 3730266 7310601 3730266 3731023 1030282 3730404 3730296 3730200 3730404 2370973 3730419 3730700 3731002 1030877 3730229 1030829 3730942 3730829 3730266
3730404 8190877 8190404 8190829 3730877 8190404 3730137 8190404 3730137 9760200 6760942 3730137 8190404 8190700 3730137 8190564 6760942 8190700 8190942 8190829 7530857 4630829 9671023 8190700 6990481 8190700 9350564 8190404 5370829 6760601 8190404 6760601 7310669 1031007 7310404 7310765 3731002 3730981 7310651 6350177 8190404 6760646 8190877 8190404 8190877 6760601 6760700 8190877 5370829 8190829 5370829 8190404 9350177 7310765 1030877 7980973 7310994 4880973 4880973 4880973 4880973 4880973 4880973 4880973 4880973 4880973 2370973 7310129 7310161 3730519 6761002 6350765 6760601 6761023 7310651 6760601 3730266 3730765 7310601 7310564 7310564 3730229 7980601 7310564 7310959 7310601 1030928 7310404 9350519 5370404 3730829 6760564 7310646 7310564 7310693 7310601 7980973 7310669 7310564 7310177 7310564 7980973 7310177 7310877 7310404 7310161 6350404 5370877 8190404 8190404 9350601 6990481 3730993 8190404 8790891 6350601 6760601 8190404 3730877 8190404 8190700 3730765 9350601 3730601 6760857 3730765 2370973 7980973 1030829 6760481 7310404 7310177 7310564 7310891 3730200 7980601 5370419 5370877 5370404 6990481 6350601 8190877 6990200 6350601 8190564 8790200 8190877 8190404 7531023 9350601 8190877 8190404 9350601 3730229 6760942 6350916 8190857 3730137 6760601 6760646 6760700 3730765 9350601 5370877 6350916 3730700 3730177 6760700 5370404 8190419 9350601 8190741 5370877 6350765 8190700 5370404 6350765 6760601 8190404 9350601 3730829 3730229 8190700 9350687 8190296 8190687 5370829 6760857 3730981 6350404 3730601 8190404 3730981 6760700 3730941 9350601 6760646 6350404 3730601 3730984 6350765 6760564 3730765 6760601 6350404 8190700 6760973 3730404 6760877 5370877 6990481 5370877 3730941 8190404 6760601 9350601 8190700 1030877 8190404 8190877 3730981 3730601 8190404 6350601 3730241 9350601 6760646 6760942 3730877 8190942 5370894 9350601 8190404 6350891 8190177 6760646 6760481 3731002 8190404 3730646 8190404 3730829 9350601 6760646 3730430 6760601 8190404 9350601 8190829 6760481 3730177 8190404 6350765 6760601 8190877 3250857 8190877 8190877 8190404 8190646 6760693 6350765 9350601 9350601 5370404 8190404 3730928 3730601 7530857 6760564 5370404 9350601 8190877 9350601 8191023 8190177 5370687 6760877 3730114 6760601 6990481 8190961 6990200 5370974 3730404 6350765 8190942 3730114 8190857 9350601 8190877 5370404 3250857 3730646 6760296 5370404 6760601 8190404 3730765 9350942 8190700 5370404 3730877 3730993 6760601 3250857 9350601 3730942 9350601 5370829 6760942 6350601 6990857 7310564 5370404 6760177 9350564 3730404 6760877 3730404 10110857 9350942 3730981 8190829 5370877 3730266 5370404 10110857 8190404 6350114 9350772 6760693 3730765 6760700 6350891 7310646 8190419 6350857 3730993 3730993 6760296 7980973 1030829 7980973 9350601 7310161 7310601 6761023 6770857 5370404 8190404 7310601 3730700 6760857 7310404 1030829 3730229 7310601 6350177 8190942 8190177 6760481 6760877 9350601 6760601 6350765 8190700 6350765 8190404 6760765 9350601 8190404
520857 8190877 8190687 6990481 8791023 4911023 7530857 8790891 6990481 4911023 8190564 6990200 8190564 8190687 8190877 8190404 8190829 6990200 8190404 3730993 8190404 3730177 8190700 6990200 8190177 3730993 7530857 8190404 8190877 3250857 8190857 9350601 6990200 8190877 9350601 8190564 4911023 8190404 7530857 3250857 8190564 7530564 4911023 8190404 3250857 8190404 8190877 6990481 8190177 8190877 6990481 8190877 8190877 8190404 8190877 3250857 8190296 8190404 4911023 8190687 9350601 8190564 9350564 8190404 6350114 8190877 6040857 8190687 8190687 8190419 8190829 8190404 8190404 8790891 8190419 8190371 7530857 8190404 7530857 8190404 8190829 8190404 6990200 8190564 8190404 8190564 6350114 8190404 9760200 2080200 6990200 8190419 8190404 8190564 5370404 8190564 6990200 8190404 9671023 8190177 8190404 8190700 8190404 8190404 7531023 8190877 4910857 4911023 8790891 6990200 8190700 6990200 8190700 7530857 8190404 8190700 6990200 4911023 6990200 8190564 6990481 8190942 8190564 3250877 8190877 6990200 5370404 2760404 4720200 2760404 3251007 9350601 3251007 8190877 8790891 8190877 6990200 4911023 8190404 4911023 3250857 4910857 8190741 4910857 4911023 4911023 6990200 7530857 6990200 8190404 9760200 8190404 4911023 6990481 6990481 8790891 7531023 8190877 3250857 8190404 9760857 6990200 7530564 8190404 8190700 6990481 8190700 6990481 6990481 8190404 8190877 8190404 6990200 6990481 8190404 8190877 6990200 9350601 3250877 8190404 6990200 7530857 8190404 8190700 8190404 8190700 6990200 8190700 3250891 8791023 8190700 6990857 6990481 8790891 6990200 8190296 8791023 9760857 8190404 7530857 8190404 8190404 8190942 8190829 6990481 4910857 8790430 8190564 4911023 8190564 6990481 6760601 6990481 8190404 8190877 8190404 8790891 8190700 8190404 8190829 910371 8790200 9671023 8190877
4911023 7310646 9350177 3250363 8790891 520942 9350743 5110004 3250371 3250363 6350646 6760877 9350964 8190877 7530857 6350857 10110857 3250560 3950896 7310765 3731002 8190877 3730519 8870829 7980973 6350404 9350516 7531023 3730241 6350404 6350404 4990857 9350752 7310959 9350894 3250877 8870942 6350765 7310841 6760857 8870770 7310571 8790200 3250877 8790430 3250891 9350687 8790200 6761023 7310693 3250877 9350937 6760266
4630752 3730941 8190857 3730363 8190700 8190404 3250857 6760646 8190913 8190006 3470857 8190404 8190913 8190772 3730993 8190404 3730765 8191007 8190700 8190942 3730430 8190646 8190829 8190404 3950960 3470857 8190700 8190404 4630282 4630266 8190687 8190857 6760857 3730841 3730266 7310646 3730504 3730241 5370071 6760857 9350601 3730829 3730765 6760601 7310646 9350601 8190857 6760177 3731002 8190404 3730430 8190942 8190942 5370266 8190646 8190700 8190877 8190646 8190404 8190913 3730646 7980973 8190481 3730430 8190942 3730646 8190857 8190404 8190200 3730928 5370266 3730419 9350687 3730363 6350857 8190857 4630266 6760646 8190772 8190404 5370841 8190404 8190857 8190700 8190700 8190770 5370404 8190700 8190857 8190404 8190829 8190564 8190857 8190857 3730981 8190857 6760942 8190877 9350942 8190404 8190404 8190942 8190404 8190942 8190687 9040857 3950960 3950960 8190700 8190404 1760973 5370404 8190404 3250857 8190404 8190564 8190857 3730981 7980973 7980973 7980973 6350404 8190894 8190687 3250363 3471023 7310700 8190419 9350601 8190857 6350404 8190700 3730993 6761023 6760700 8190829 4880973 4880973 4880973 4880973 7310646 3730772 8190404 8791023 8190700 5370571 8190404 8190419 7790829 3730114 5370404 3730422 1031010 9350519 5370829 250071
3730941 3730700 3730241 7310693 9350516 6350857 9350942 6760481 7980973 3730404 3731002 5370404 6760973 3730829 6760765 6760857 3730241 9350519 3730993 3730241 3730961 3731023 9350564 7310404 7310669 5370859 3730519 7310700 3730229 5370877 7980404 6761023 3731002 3730114 6350765 6350857 6350857 6350765 5370770 9350601 3730241 4330857 8190829 1030993 6350601 6760266 3730765 3730981 7310891 6760601 1760973 3730229 1760973 3730700 6761002 6760646 3730229 5370829 6761023 3730601 5370266 3730177 3730700 6760601 5370404 3730177 7310404 9350601 8190857 5370404 5370829 3730877 6760601 9350937 6350857 3730765 6760601 3730877 8190580 6760765 6350857 3730928 6760857 7310765 3730419 6760765 3730829 3731002 6350857 3730241 2370973 6350765 7310404 7770857 3730993 7310564 3730430 5370371 3731002 7310430 8190419 3730200 6760266 8190700 7770857 7310959 9350894 7980973 5370404 6760177 3730519 6350177 3730241 5370266 6350857 7310829 9350743 7310363 7980404 6760601 7770857 7310601 6760481 3730700 6350857 6350857 6351023 9350519 3730137 3730241 7980973 9351023 8190942 3730266 9350177 8190700 3730519 7980601 6760857 6760646 6350765 1030282 7980601 7310646 10110857 7980973 6760942 3730765 5370743 6660857 6350857 3730363 3730700 6760296 6760973 6760857 7310765 7770857 6760266 7770857 7770857 3730961 6350857 6760700 6760177 3731002 7310129 3730177 9350896 6351023 3730564 5370964 7310646 6760177 6760481 10110857 3730877 6760481 3730765 10220857 10110857 6760973 3730765 6760942 3730241 3730765 3730519 3731002 3730404 6350177 6760601 5370404 9350687 3731002 3730928 6350765 10110857 6760857 6760765 6350601 6760601 6760266 7310937 7310741 6350404 3730404 3730829 9350564 6760765 6760601 7310646 7310571 6350857 8190896 6760942 6760942 7310841 7310363 6760973 3731002 9350200 6350177 9350519 7310765 6760857 3730782 7310404 10140652 6350857 6760601 1760973 7310646 5370266 3730363 6350857 6760177 7310969 7310363 7310942 7310601 6350857 6760765 3730829 7310942 6351023 6760693 6760857 9350896 7310669 9350894 6760857 6760266 10110857 6760481 6761023 3730564 6350114 6350765 3730229 1760973 6350857 6760857 3730765 8190200 9350601 6761023 3731002 3730941 9350601 8190857 6760700 7310404 7310571 7770857 6760601 6350857 7310937 6760646 3730601 5370404 3730601 5370266 9350601 6760857 3730177 3730241 7980973 5370877 3730601 3730765 8190857 7310765 2370973 6760601 5370571 3730519 9350601 6761002 7310646 3730993 6350765 6760857 7980973 6760601 5370894 3730229 6760765 3730266 9350200 8190404 3730700 3730266 7980973 3730177 9350564 3731002 3730765 5370404 3730177 3730114 3730877 9350177 3730404 7980973 3730519 7310601 1760973 8190857 9350601 3730981 6760646 9350177 6350891 3731002 3730981 8190857 6761023 3730229 3731002 6760942 3730229 9350601 3730941 6350891 8190200 1760973 3730419 5370877 3730981
3730241 3730974 3730228 3730941 6760266 3731002 7310161 7310693 3730404 6350891 3730981 3730928 6760857 6760857 6760973 6760481 7310564 3730177 3730601 7310129 3730829 7310765 3730241 8190930 7310994 7980973 6760564 7980973 3730601 6761023 5370404 3730829 3730941 3730404 6760177 3730519 3730928 3730177 3730564 3730941 3730241 1030419 2370973 7980973 7310161 3730114 3730877 8190857 3730004 9350516 3731002 3730519 3730765 3730404 9350177 6760601 7310646 6351023 3730601 3730981 3730404 6760601 3730241 1030877 3730601 6770857 7770857 3730229 3730071 7770857 3730829 9350937 3730071 7980973 7980601 3731002 3730519 7310601 1760973 3730137 6760857 6350891 6350857 6760857 3731007 7310601 7310765 3731002 6760857 6350601 3730241 7980973 7310004 9350601 3730601 3731002 3730829 6761023 3730200 7310924 3730229 3730419 6350857 7310700 7310669 6350857 7310404 3730137 6760481 3730200 7310693 7980601 6761023 7310404 6350857 7310646 2370973 6350765 7980857 7310646 3730114 6760857 3730241 9350177 6760601 3730241 3730241 3730646 7310601 3730114 6760857 7980973 7310765 6350857 3730266 3730772 6760765 3730872 6760857 3730419 7310266 7310924 9350937 3730241 6760857 8190894 6760765 3730891 6350857 3730829 6351023 5370752 3730241 1760973 3730241 3730200 3730241 5370829 7980973 3730765 3730241 6760481 3730200 6350857 6760296 3730404 3730241 3730137 3731002 6760765 6351023 3730765 3730765 3730601 3731002 3730519 2370973 6760481 3730877 6350857 3730519 6760481 6350601 7310601 3730993 6760877 7310669 7980601 3731002 7310564 3731007 7310937 6350857 7310646 3730241 7310601 3731002 6760973 7310765 6351023 3730877 3730928 6760857 1030282 3730928 3731002 3730004 5370687 6760857 3730519 7310646 3730229 7980973 3730419 3730700 6761002 6760857 3730961 6760765 3730241 3731002 6760765 1760973 3730564 3730404 7310571 6760857 7310266 6760601 7310693 3730841 3730877 3730765 7980973 6761023 7310669 9350937 3730765 3730200 6350857 6350404 6760765 7310646 3730296 8190700 3730229 7980973 3730981 6350114 6351023 3730942 10110857 5370841 7310404 3730241 3730877 3730601 7310924 7980857 3730004 3730580 7310564 2370973 3730241 6760857 7310646 6350404 6760601 7310646 7310841 6760481 7310430 7310942 7770857 7310363 5370896 7310765 8190296 7980857 3730296 5370404 3730981 3730519 1030282 9350601 1030282 3730974 3730580 3731002 6350601 3730981 3730229 6760481 6350891 9350601 3730700 3730241 3730765 9351023 3731002 6760765 7310564 3730404 3731002 6350857 3730177 3730519 7310430 3730877 3730241 3730404 1760973 6760857 7980404 4630200 7980973 3730177 7980601 3730241 3731023 8190200 3730981 7310765 5370877 8190877 7980973 3730229 6350857 7310994 1030200 7980973 3730941 3730229 6760601 5370404 7310646 3730601 7980973 3730601 3730646 6761023 6761023 6350765 3730601 3730519 7310601 5370404 3730601 6760877 3730765 3730241 3730229 3730241 3730601 3730229 3730241 7980973 3730601 7310404 5370571 6760942 8190857 3730519 3730404 3730870 3730137 3730229 6350857 6760857 6760481 3730404 7310646 7310891 8190877 3730200 7980973 3730177 3730942 6761023 3730765 3730404 3730004 6760601 7980973 3730601 3730981 9351023 6760857 3730580 8190857 3731023 6350857 9350601 7980973 5370266 3730765 4630829 7310651 3730386 6350916 3730601 3731002 6350891 9350601 2370973 3730114 3731002 3731002 3731002 7980973 3730700 6760857 3730601 3730700 3730241 3730765 3730877 7310564 6350114 3730891 1030928 3730404 3730177 7310161 3730829 6760601 3731002 3730877 3730241 3730981 3730829 3730200 3730765 3730877 7980404 6760877
3950560 7790857 520942 8870942 9350942 9040864 8870942 8190857 8190404 520942 8190877 5370571 8190942 5370404 8190519 3731002 8870942 5370404 7530564 3250937 3250363 8790891 4911023 6990481 520942 4911023 8190404 3731002 6040857 8870942 8190700 6760266 6760700 3730765 8190877 8190700 3730981 8190700 7310404
6770857 7790200 5370841 1031010 5370571 8190877 5370404 8190857 4880973 7980973 7980973 6990481 8190913 3730229 4990857 8190969 7310564 5370772 5370741 8190877 3730241 1030993 5370974 5370404 6350404 8190942 8190404 8190942 8190404 5370741 7980973 5370571 6770857 5370200 3730942 3950888 4911023 5370974 250200 6760973 3730241 8190177 8190942 9350961 4990857 8870888 7310161 1030404 1030419 1031002 2760652 2760371 5370829 5370687 9350519 6350857 3731023 1030292 1030877 7980973 7310601 5370829 6760646 250969 8791023 8190877 3730114 3730430 6760481 3730241 3731023 1030419 5370200 4990930 3730404 3730829 7980973 1030829 3730241 1030857 4880973 4880973 4880973 7310177 7310200 4880973 7310841 7310161 7980601 1030404 7310363 5370071 2760652 7790829 8190942 8190564 3730241 5370371 6760765 6350765 6760693 910937 6760877 7980973 7310841 4880973 4880973 2370973 4880973 7310200 4880973 7310891 2370973 2370973 1030829 5370877 6350404 730729 730364 8190829 6350404 6761002 6660930 6770857 9350772 6350916 4880973 4610973 4610973 7310200 2760928 9350870 8870870 8190942 8190481 3730981 9350601 3250857 8190877 6350765 6350646 8190942 3730241 1030404 3730430 7310601 1030043 1030829 1030282 1030200 1030829 1030200 4880973 4880973 4880973 4880973 4880973 7310200 7310601 5370404 9350870 8190404 8190700 8190481 3730928 3730601 5370770 3730765 6760481 9350519 250200 8190700 7790601 3730004 7310765 8190200 6761023 6760481 1030419 4880973 4880973 5370404 6760700 10110857 730969 9350729 3730928 3730601 8190481 6760601 9350601 2370973 4880973 4880973 4880973 4880973 4880973 2370973 4880973 4610973 1030877 4880973 7980601 4880973 6761023 1030292 7310129 7310177 1030282 7310564 5370200 6760481 3250937 7530564 8791023 6761002 7310959 7310430 7980973 9350601 5370404 9350177 4880973 7310937 7310841 7310841 4880973 7310200 7310841 7310841 7310200 7310829 7310200 7310200 7310693 7310646 7310601 7310937 7310363 7310601 7310765 7310601 3730241 7310177 7310646 7310430 9350601 8191023 6760765 6760601 9350564 7310891 7310829 6760857 1030282 7310841 3731002 9350601 7310404 7980404 7310601 7310700 7310200 7310646 7310004 7310841 7310564 7310646 7310200 7310841 7310200 7310877 7310877 7310571 7310363 7980973 7310363 7310161 7310404 7310564 4880973 3730200 7310646
3731002 3730200 1030829 4880973 7310693 7980973 7310161 1030638 7310646 5370200 5370841 8190942 3730419 3730891 1030282 2760404 2760114 2760646 7790200 8190700 7530857 8190404 3730404 9350177 2760371 6760177 3730928 8190404 8190942 8190829 8190419 3730646 3730601 9350961 8190404 910071 3731002 7310646 3730241 3730241 7310177 4880973 4880973 4880973 4880973 4880973 4880973 1030282 6760177 5370266 8190700 3730829 3730993 5370266 6760646 6990200 2760928 6660857 7310942 4880973 4880973 6760693 3730700 7980973 6760700 6760646 6760177 7980973 4630200 6350916 5370371 5370974 9350601 8191023 8190877 8790891 8870942 3730891 7310161 2370973 4880973 7310205 7310700 7310419 2370973 4880973 4880973 3730829 3250371 9760200 8190687 6350114 7310430 6760942 9350942 6350646 6350404 7310601 4880973 7310161 4880973 1030857 1030969 6350177 7310646 1030404 7310177 7310937 7310161 7310891 7310646 6761023 8190772 6760765 8190877 9350741 9710888 6761023 9350942 3730601 7310404 7310765 7310942 6760481 8790200 8190829 7530857 8190772 6770857 5371023 3730519 8190687 8190913 9350942 1030404 7310646 1030877 4880973 4880973 4880973 1030638 4880973 7310693 7310601 7310564 5370571 9710743 8190829 6760601 5370924 3730700 1030282 1030857
9710414 4610973 7310266 5330652 7310646 3730241 5110004 7311002 7310829 7310841 5370571 3250741 9710176 7310669 3700857 9710857 3250560 3700872 3700043 6760564 5370043 5370841 3250877 4990857 7530564 3250371 5370404 7770857 7310829 6350857 7310266 9350516 6350857 9350880 5370841 7770857 3700071 8870770 3730205 8190419 6760877 6760765 6760877 8190404 6990200 6760700 4720743 7530564
4880973 1030993 1030928 3730137 3730430 6760177 8190913 3730137 8190700 8190700 8190404 6760877 4330857 8190404 3730765 5370404 5370404 5370829 3730974 7310177 1030829 1030765 7310601 8191007 8190829 3730974 8190404 7310651 4630200 3730981 3730229 9350601 8190564 6350891 8190177 4880973 4880973 2370973 7310669 7310564 7311002 7310646 8190419 9350177 8190700 8190404 8190877 8190177 3730981 8190829 8190519 8190700 8190829 7310765 7310741 4880973 2370973 4880973 7310404 5370829 1030877 5370404 9350601 3730266 3730700 6760765 7310430 3730404 8190419 3730296 8190857 8190829 5370200 3730200 1030282 1030282 7980973 3730601 3730601 3731023 8190857 8190857 3730981 3731023 3730601 8190700 3730404 8191023 6760765 8190857 8190829 8190700 3731002 8190877 3730404 8190404 3730114 8190177 6760646 3730993 6760646 3730993 3730974 3730241 6760646 6760177 5370841 6761023 1030829 6350857 3730200 9350961 3730137 8190877 3730404 5370571 8190877 8190404 1030857 3730419 3730877 8190404 8190894 8190857 3730765 7310877 7980601 6350404 3730519 5370266 3730419 6351023 6350891 4880973 7980973 6760857 3730205 7310601 6350857 7310363 7310700 7310669 7310129 7310765 7310959 7980857 7310646 1030857 7310959 1030200 7310765 3730241 3730877 3730114 7310601 7310646 3730841 7980973 1030404 7310891 7310959 1030877 3730229 3730898 6760481 7310601 7310200 7310161 7310765 1030282 3730404 1030829 7310200 3731023 7310765 7980973 3730177 3730993 7310829 7310200 7310857 2370973 4880973 7310404 7310601 2370973 7310564 3730404 7310177 7310564 1030829 3730200 7310601 3730601 7310161 3730841 7980973 1030877 3730266 6760177 3730941 7310937 1030292 7310857 3730833 3731002 3730404 2370973 3730200 3730404 3730898 4610973 3730519 6761023 3730898 7310177 3730700 1030282 3730829 6350857 3730229 7310571 7310693 7310200 7310700 3730772 7310669 2370973 7310404 7310161 7310371 3730200 7310857 7310161 7310700 4880973 3730601 7310765 7980857 4880973 4880973 7980973 3730241 7310601 3730200 7310700 7980973 3730580 3730177 1030857 7980601 7310404 3730200 7310601 4880973 7980973 3730700 3731002 1030877 7310404 7310877 7310129 7310004 3730200 3730200 3730765 7310601 7980857 7310404 3730177 3730404 3730430 6760481 3730404 3730519 1030877 3730266 4630829 3730646 8190857 7310266 3730564 6760481 3730177 8190877 6760857 3730841 7310646 3730765 7310646 6760942 3730841 7310363 3730266 7310829 3730266 7980857 7310564 3730200 3730519 6351023 4880973 7310601 3730981 1030829 6760942 3730200 2370973 3730765 3730601 4880973 3731007 6760857 6351023 2370973 6770857 7310564 1030857 3730200 7310404 6760765 2370973 3730891 3730241 3730200 3730772 3730266 1760973 7310877 4880973 3730829 7310129 7310829 3730942 8190942 7310765 7310404 6760857 7310669 3730200 3730200 3730404 3730974 6761023 7310959 3730877 7310646 7980973 3730296 1030829 7310161 4880973 2370973 3730519 3730898 3730296 2370973 3730241 7980404 1030419 7310129 3730928 7310857 3730200 1030282 3730200 3730228 3730601 6760857 1030765 3730296 2370973 8190857 7310601 7310363 3731023 7310564 3730200 3730241 1030829 1030292 3730891 3730829 3730974 7310601 3730646 7310564 7310841 6350891 3730829 3730877 7310646 8190652 9350829 7310891 1030857 3730829 3730363 7310646 6350891 1030829
7531023 7531023 4911023 8190942 3250891 9350752 7310363 230857 8870772 2760371 9350937 8190894 8190772 3250877 9350772 6761002 6760564 5370859 2760404 8190772 7790829 8190772 8190942 8190772 6350646 9350560 8870942 8190404 8190419 5370404 6761002 2760754 5370687 8870942 7770857 4911023 3700741 520942 4911023
7310371 7770857 7310669 8790430 8190177 3730241 1030043 730930 3730241 5370519 8790891 8190371 7310571 7310765 6760973 9710071 3250857 1030857 3731002 2370973 4880973 4880973 4880973 4880973 4880973 1030282 1030877 3731002 9350942 5370404 8190404 9350177 2760741 8190404 8190741 8190371 9350601 5370829 8190200 4880973 4880973 4880973 4880973 7310419 4880973 7310564 7980973 9350961 7310959 8190371 6760700 8190646 5370071 7310129 2370973 7310891 3730765 3730772 8190942 9350601 8190519 3730993 3730993 3730430 6760942 8190481 3730974 6760177 6760177 7310651 3730942 7310601 3730241 5370200 3731002 8190404 4990930 9350770 9350752 5370404 8870743
7310177 3730519 3730004 2370973 3730177 2370973 3731002 2370973 2370973 1030638 2370973 7310161 2370973 1030282 3730829 1030857 7310765 7310564 7310161 3730200 7310877 7310841 2370973 1030638 7310161 1030638 2370973 2370973 3731023 7310857 7310404 3730870 3730700 7310601 3730200 7310161 7310363 2370973 7980973 7310564 3730891 1030765 7310601 7310646 7310646 7310891 1030638 3730974 2370973 3730229 3730177 3730241 3730829 3731023 3730829 3730981 3730229 7310646 3730870 3730829 3731002 3730601 7310564 7310646 1030829 7310564 3730829 3730404 3730829 1030200 3730404 7310177 3730363 3730241 3730519 3730404 1030765 8190700 7310404 3730601 1030877 3730404 3730829 8190857 3730177 5370571 2370973 3730266 3730177 1030200 7310765 2370973 4880973 7310765 7310891 1030419 7310646 3730177 7310857 7310129 1030877 3730891 7310891 2370973 7310700 7310857 7310404 7310161 7310891 7310161 3730419 7310942 4880973 1030877 7310564 7310651 3730296 3730229 1030857 7310601 3730898 3730765 7310601 7310564 3730200 3730829 7310564 3730200 7310669 7310200 3730241 3730177 1030282 7310601 7310646 3731002 3730200 2370973 7980857 3730564 3730891 2370973 3730646 3730241 3730601 3730200 6350404 6760857 3730974 3730419 3730519 3730829 3730877 3730993 3730386 1760973 3730177 1760973 3730404 3730419 3730700 3730371 3730829 1030877 3730404 6350601 6761023 3730870 5370841 3730941 7310891 6760601 3730519 3730841 6760693 3730200 3730765 6760481 8190404 3731002 3730877 3730386 1760973 1030877 3730646 7310430 7310651 7980973 7310430 3730969 7310891 6760481 3730200 3730601 7310646 4990857 7980857 7310669 3730404 3731002 3730200 3730942 3731002 2370973 3730601 6760481 2370973 3730200 6760564 7310651 6760601 3730877 7980973 3730386 3730404 3730601 2370973 1030282 6760700 7310857 7310669 1030877 3730829 1030282 2370973 3730519 3730877 3730386 3730241 7980601 3730519 7310669 1030282 1030404 3730177 1030993 3730765 7310646 1030404 7310161 7310693 3730419 3730519 3730200 3730241 3730877 3730404 4630829 3730898 1030765 3730296 3730200 7310994 2370973 3730177 7310161 6350857 3730891 3730519 1030877 3730200 3731002 3730700 3730241 3730974 4880973 7310363 7980973 7980973 3730898 3730229 6760877 1030404 3730928 3730296 3730266 3730229 8190652 3730114 3730601 3730519 6350114 9350601 3730928 6760177 3730404 3730177 3730564 3730114 3730241 3730981 3730519 8190829 3730241 8190687 3730765 7980973 3730266 3730601 3730942 1030282 3730829 3730891 3730177 1030877 3730229 4630829 3730229 3730404 3730765 3730877 3730404 3730200 5370877 7310891 2370973 1030282 3730404 3730177 1030877 3730177 1030877 3730765 1030877 1030404 3730877 3730404 3730177 3730700 3730200 5370571 3730877 7310891 6350646 3730841 3730419 8190296 3730700 3731002 5370266 3730296 3730519 3731002 7310564 3730177 3730877 8190564 8190857 6760601 3730974 3730404 3731002 6350601 3730941 3730241 3730241 3730765 3730580 4630200 6760765 3730137 3730519 6350765 6760857 8190857 8190942 7310891 3730419 7770857 7770857 3730241 6760564 6761023 3730601 3730229 6760857 1760973 3730969 7310646 1030282 3730829 1030765 7310601 3730404 3731002 8190404 6350177 3730877 6760601 8190652 6760601 6990200 3730228 8190419 6760857 3730404 3730829 3730601 3730941 8190177 6761023 3730363 3730765 5370877 8190857 3730765 8190877 3730519 3730981 3730765 8190877 4630200 3730765 8190877 5370404 3730114 6760601 8190404 7310765 6350857 6760601 3730841 3730928 3730646 6990200 8190857 8190200 3730200 3730200 8190700 3730404 6761023 3730177 1030200 3730981 3730404 5370266 8190404 8190857 3730564 8190857 8190829 6760481 1030765 3730404 7310601 8190700 8190564 3730404 8190200 6760857 8191023 3730404 3730891 3730765 1030877 8190564 8190829 8190404 3730177 6760857 7530857 8190404 3730981 8190419 7310363 6350646 6760973 6350765 9350937 3730564 6760601 3730765 8190857 6760857 3731002 7310161 7310765 6350601 6760601 8190857 3730765 3730601 3730993 5370829 5370266 2370973 3730841 7770857 6350601
10110857 7310363 10110857 7310646 10110857 7770857 5370877 7310741 4990857 7310942 10220857 7310571 7310571 6660857 10080857 10080857 7310404 10220857 10110857 7310969 10080857 7770857 10110857 6760877 5650857 6660857 9350942 10080857 6350857 6350114 6760266 7310700 6350765 10110857 7310601 10080857 7310841 10220857 10220857 10220857 10220857 10080857 10110857 7310829 9350200 7310404 9350829 10080857 10080857 6660857 10220857 7310564 7770857 7310959 10220857 9350687 9350772 7310601 7770857 6761002
7310942 7310942 7770857 7310829 10080857 10110857 7310564 7310877 7310942 7310601 7310877 6760266 9350752 9350961 9671023 7310942 10110857 7310571 9350200 7310371 10220857 6350114 7310363 9350200 10220857 7310669 10080857 10110857 9350961 9350752 10080857 10220857 10080857 10110857 10220857 4990857 7310877 7310601 10220857 7310404 4990857 5370404 10110857 7310765 7310877 9350516 10110857 7310601 7310601 7310829 4990857 10080857 6660857 7310937 6760877 7310404 7310419 7310601 10080857 10220857 7310942 7310924 7310924 7310601 7310571 10110857 10110857 6760877 10110857 9350770 10110857 10220857 10220857 10110857 10080857
6040857 3390071 8190006 4300857 7790961 8870144 251002 5371023 1031002 1030638 1030282 5371023 250969 250200 1030928 4630386 1030638 1030282 1030984 1030857 1030282 1030984 3730268 4880973 1030292 4880973 4880973 4880973 1030292 3730200 1030638 4880973 3731023 1030282 1030961 1030857 1030292 1030292 1030419 4630200 1030282 5371023 1030857 1030282 1030984 4630200 1030993 5371023 5371023 4631007 250200 250200 5371023 1030984 1030993 1030928 1030292 2760942 8190877 250200 250200 250200 250200 1030969 1760973 4630772 4720363 6770857 1030928 1030282 1030993 1031010 1030638
1030292 1760973 4630386 1030638 1760973 1031010 1030984 1030282 3731023 3731002 4630200 4880973 1030292 1030638 1760973 1030292 1030282 4880973 4880973 2370973 1030282 1030282 1030638 4630200 3731002 3730984 3731002 3730646 4630200 3731023 3731023 3731023 1030969 7980973 1760973 1760973 3730974 1760973 3731023 3730961 3731002 3730969 3730974 8190870 3731023 1760973 1760973 1030857 1030282 1760973 3730241 7980973 3730228 4630200 1760973 1031007 7980973 2370973 3730898 2370973 3730241 3730580 7310646 9351023 9350652 8190200 4630200 3731002 7980973 1760973 1760973 1030969 3731023 4630200 4630424 3730200 3731002 1760973 1760973 1030282 3731002 3730646 8190857 7980973 3731023 3731023 3731002 3731002 3730646 3730646 3730004 4630200 7980973 1760973 1030857 1030638 4880973 4880973 4880973 4880973 4880973 4880973 4880973 4880973 1030282 7980973 1030961 4880973 7980973 1030969 1030282 4880973 1030282 1030282 5370200 1030282 1030282 7310669 3730200 1030419 7980973 7980973 5370974 1760973 3730646 3730430 8190481 1760973 1760973 4630282 1760973 6351023 6350646 3731023 3731002 6351023 3731002 3730928 7980973 3730519 3730004 3730941 4630200 4630200 1760973 4630580 1760973 3731002 4630580 4630969 4630200 1760973 3730646 4630200 4630424 3730004 3730646 3731002 1030993 8190857 3730870 4630266 6350857 7770857 3731023 3730241 6761023 9350652 5370571 1760973 5370266 1760973 2370973 1030993 1760973 3731002 3731023 1760973 1760973 3731023 7980973 1760973 1760973 3731002 1760973 1760973 3731023 1760973 1030969 8191023 5370743 3731002 1760973 3730898 1760973 3730974 1030282 4630937 4630200 4630282 1760973 5370200 1760973 3730004 7980973 7980973 1760973 3731002 4630266 3730941 1760973 3731023 1760973 4330857 8190200 1030292 1030282 4630200 7980973 3731023 7980973 3731007 3730519 1760973 1760973 3730646 1760973 7310959 1760973 7980973 1030282 7980973 3731023 8190857 1030857 8190200 3730200 1030961 1030928 3731023 1030857 1030638 1030282 1030984 1030282 2370973 3730241 3731002 7980973 3730200 3730200 3730363 3730200 3731007 7980973 7310669 8190200 3730200 1030282 7980973 2370973 3730898 1030282 4880973 7310601 2370973 4880973 2370973 4880973 1030857 7980973 1030282 3730898 1030993 3731002 2370973 1030282 3730241 3730200 3731023 1030282 5370200 2370973 3730200 7980973 7310841 7310601 6350404 3730386 7310161 7980973 6760601 9350937 3730752 7310646 3730829 3730422 3730700 7310693 3730941 3730969 3730969 3731002 3731023 1031010 3731023 7980601 6350857 3730386 7310161 7310841 1030282 3730841 3731002 1760973 3730841 7310363 1030638 3730386 3730200 4880973 3730228 7980973 3730928 3731023 4630829 3730241 3731002 3731023 1760973 3730419 5370200 7980973 3730519 1030969 3731002 3730200 3730043 3730969 7980973 3730200 3730386 3730974 1760973 3731002 1031010 4330857 4630200 6760857 7980973 7980973 3730241 1030857 1030282 1031010 9350652 3730420 3731002 7980973 3730646 3731023 3730519 3731023 7980973 3730928 7980973 7980973 1760973 5370266 1760973 1030282 1760973 1030961 3730386 3731023 7980973 3731023 3730974 4630200 1030282 7980973 7980973 1760973 3730646 3731002 1760973 7310877 6760857 6760857 3730519 3730419 7980973 3730891 7980973 3730519 2370973 6771010 6770857 7980973 3731002 3730200 3730200 4630386 3730200 7310646 1030993 1031007 7310841 7310564 1760973 7980973 2370973 3730519 2370973 2370973 6760857 7310669 6760857 3730841 7310829 7310571 5110004 7770857 7310937 3730974 3731007 3730870 3730200 7980973 3731002 3731023 1031010 3730646 3730241 3731023 3730200 1030857 3730898 1030282 3730200 1030282 1030043 1030282 1030282 1030638 1760973 1760973 1030961 7980973 3730200 3730241 3731023 3730974 7980973 1760973
8190969 8870969 5370282 3951002 9351023 5370833 7790200 4040200 4880973 9350801 250969 8870969 7790200 5371023 7790937 9350961 1030969 1030961 1030961 5371023 3731002 1031002 4880973 4880973 4880973 4880973 4880973 4880973 4880973 4880973 1030961 1031007 4630772 4630580 4630282 4630200 4040200 9350754 9350924 3701007 7790200 7790652 7790424 7790519 8550519 9350652 5370772 250969 3391007 6660857 8190205 3730984 4040200 5370754 5370754 3731002 4630200 3730961 4630969 3730969 8190857 4880973 5370519 8190812 3730371 7310560 9350205 8190961 5370754 5370754 8190481 4630829 7310560 5370519 5370754 8550519 8190205 9350812 9710995 4880973 1030928 5370519 9350560 250580 1030282 5370200 5370519 5370754 250519 5370754 4880973 1030282 7980973
3730941 1030984 3731002 3731002 4630200 3731023 1760973 3731002 3731002 3730419 3731002 3731002 1760973 7980973 1030292 5371023 3730386 3730993 3730200 3730519 1760973 3731023 3730228 3731002 3730772 3730266 3730700 6761023 3731002 6760857 6760601 6350857 3730205 7310841 7980973 3731002 3730941 3730646 7980973 1030282 1030282 6760765 5370266 3731002 6760857 8190772 1760973 3731023 1030857 3730241 7980973 1760973 3730961 1760973 3730961 1760973 7980973 3730519 3730969 3731002 3730877 6761023 3730496 3731002 3730700 3730296 5370859 1030282 6760857 3731002 3731002 3731002 5370841 3730043 7980973 3730519 6761023 3731002 5370419 8190772 3731002 3730993 4631007 1030282 6350857 6350857 5370571 3730205 7310924 6761023 3730241 3730241 4630386 8190652 4630200 1760973 8190200 3731002 1030282 1030292 5371023 5370930 1760973 5370200 8191023 7980973 1760973 3730241 7980973 8190930 5370200 7980973 3731002 7980973 1030282 5370200 3730200 7980973 3730519 1030200 7980973 6770857 7310564 4880973 1030282 7310564 7980973 6770857 7980973 7980973 7310646 6350857 5370859 6350601 3730229 5370200 3730765 7310693 3731002 7980973 7310560 7310646 3730430 7310430 6760973 5370829 6761023 3730241 5370043 3731002 5370859 3731002 1030969 7980973 8190857 5370200 6760481 5370894 9350829 5370404 3731002 8190687 3730363 6761002 6761023 6350891 6760942 3730942 7980973 6760266 7980973 9351023 5370200 9350870 6761023 6351023 3731002 6760857 7310601 7310601 7310419 10220857 6760857 8190857 3731002 5370770 5371023 4630282 5370841 5370200 7980973 7310266 7310371 7310841 3730386 7310205 7310646 7310646 3730241 3730422 4990928 7980973 9350896 4880973 9350560 8190770 5370841 4630200 8191023 5370571 4630969 8190857 5370841 8190700 5370841 8190857 8190857 5370419 8190200 4630580 5370859 8190580 8190481 5370571 5370841 5370571 5370841 8190200 6761002 8190857 4630266 4630829 8190857 5370841 8191023 8191023 4630266 8190200 8190200 3731002 3731002 1030282 8190857 7980973 3731002 7311002 8190857 8190419 9351023 4631007 8190857
1030857 4630200 730071 250519 250043 251002 7790857 7980973 1030857 1030638 1031010 1030984 1030282 1030292 5370481 1031010 1030043 5371023 7790937 4630424 1030829 1030200 1030043 1030200 1030292 7980973 5370974 251007 1030282 1030282 7980973 7980973 5370519 5371023 7980973 1030638 1030638 1030857 7980973 1030292 1030638 1031007 1030292 1030857 1031007 1030961 1030961 1031002 1030200 1030292 1030282 1030638 4880973 3730941 1030993 1030857 7310646 1030993 250200 6771010 5370200 5370200 7980973 1030857 4630772 251002 1760973 1030928 250200 1030282 5370754 5370801 4630386 8190519 250200 250519 5370519 5370519 1760973 1031010 1030928 1030282 4880973 1030292 6770857 1031002 1030961 4630200 250043 7790961 4630200 5371023 3731023 1031010 1760973 4630772 4630937 4630200 4630200 4630200 250200 8190857 8190404 4630424 8190646 3730071 8190857 9350752 9350993 8190857 4630829 1030961 4630200 4630200 4630043 5370859 1030993 1030993 4630200 5370829 5370519 1030282 1760973 1030282 1031002 1031007 5370481 5370200 251002
3730241 1030877 7310266 7310669 1030282 2370973 7770857 5370404 6761023 2760404 3730177 1030282 5371023 7310363 7310700 1030877 7310669 7980973 4880973 1030638 1030292 1030200 7310601 2370973 4880973 7310601 7310765 6761023 6350765 7790371 5370571 7310765 7310937 5110004 4610973 7770857 10220857 7530857 5370571 6351023 8190700 5370419 6351023 6770857 7310161 2370973 7310161 4880973 1030200 6770857 1030282 2760404 7531023 5370266 5110004 7310857 7310601 6350765 2761007 1030993 5370930 4630386 1031002 5370519 5370266 5370419 250200 5370841 4880973 1030857 1030638 1030984 3391007 5371023 1030638 5370200 1031002 1031002 1031002 6771010 1030282 1030282 1031002 1030282 1030282 3731002 1030282 5370772 5370200 5370519 5370544 251002 5371023 250200 250200 1030282 3390043 4630580 4880973 1030638 1030292 4880973 1030292 4880973 4880973 4880973 1030292 1030292 1030282 1030969 4610973 4610973 7310571 7310200
9350930 9350930 6660371 6660872 7790870 6660924 8870364 6761023 3731002 3700772 7310959 7310693 7790741 9760964 5650857 3700857 8550580 6761002 730364 7310877 7790896 7790964 3250580 8870580 4720743 730580 6660580 8870580 8870580 1940652 730857 4720580 2760948 8870580 9040580 4720363 8870969 3950896 4630937
8190160 4990857 7980973 7980973 5371007 5371007 7980973 5371007 5370282 3391007 6661002 7790937 4990857 7980973 4630969 7310857 7311002 9350870 4630969 3730984 8190969 8190646 250200 4040200 4720969 8190481 7310161 8190964 3950896 8710743 3930743 8790430 3730782 8190896 3950888
5371007 5370519 8191007 251007 5370519 2760200 250519 5370519 5370519 8191023 251007 251007 8790430 1030928 4631007 4630004 4630004 7940973 5370801 1760973 5370801 7311002 1030282 1030928 3731007 4630772 251007 8550857 8550857 5370519 8550519 3230350 7310196 2760144 2080200 8710782 6990200 8790891 520071 9350516 2760888 4040200 3471023 2370973 4630200 8190857 8190857 7090973 4720200 3730386 4630386 1030292 3730646 4630969 4630200 1030969 1030984 1031002 1760973 1030993 7980973 3731002 5370930 4630200 1030282 1030282 1030282 1030292 4880973 4880973 1030292 1030292 1030638 1031002 1030200 1031002 1030857 1030857 7980857 1030829 1030419 1760973 3730200 1760973 4630424 4630913 1031007 9350144 2760888 8190519 8870144 7310419 6350177 5370829 8190687 7310857
2760964 5370743 4630969 6040857 4630282
8870969 4040200 4720200 3730177 7790200 5370974 250961 4630969 3700964 5371007 4630200 4040200 4630969 4300857 8550857 9710544
5370687 910544 3951002 7790601 5371007 5371007 5370519 4720857 8190404 5370571 5370571 8191007 730646 4720200 7310564 3730981 9350870 8190942 4720961 4040200 4720969 7790729 4630386 7980973 1030993 2760144 8190870 3730870 5370964 4720363 1030829 6760564
4630937 4630004 251007 4630580 1030984 7310700 1030282 7310404 9350870 8190857 3731007 7310994 5371007 1030993 8190870 1031010 3730386 4750870 4040200 1030993 7790870 4750870 7090973 8191007 8190896 3730870 3950888 3731023 3950888 3390580 7790200
4040200 4880973 8190519 3391007 250200 6990481
4630930 4720857 251007 4750870 8190801 4630200 3390752 8190870 4750870 1030292 4630772 5371007 3730268 3391007 3391007 8790430 3700964 3930743 3230969 3230969 8190404 7090973 4750870 4750870 4720857 4750870 7790870 5370930 7980973 5370801 5371007 3390580 7310601 6770160 8190870 1030857 4631007 3391007 7310741 5370266 8190481 3731007 4880973
