211
null
1030984 4630200 1030292 7980973 4880973 4880973 4880973 4880973 4880973 4880973 4880973 4880973 4880973 4880973 1030292 7980973 1030292 1030984 7980973 1030282 8191007 250969 4630200 1030984 5371023 5371023 5370481 4720363 8190857 4630200 4630371 7770857 8190687 9350200 1030282 1030282 5370200 5371023 6770857 5370519 3390043 4630913 4630913 7310371 6771010 3731002 1031002 4880973 1030282 5371023 5371023 4630913 6770857 5370801 1030993 9350930 4630386 4630829 250200 6660857 7790857 4630200 4630913 7310646 4630386 250200 4630772 4630200 7980973 1030419 8190481 5371023 4630424 4880973 5370930 7980973 4630282 5370974 250969 1030857 1031010 4630424 8871002 5370200 3731023 1030292 250200 1030292 9350200 9350930 5370200 731007 4631007 7980973 9351023 250969 7790200 1031002 251007 4630200 5371023 5371023 5370481 5371023 250200 3390043 1030857 3731023 1030984 4630200 5371023
null
4040200 4630829 3730404 4630829 5370404 5370974 7790200 3390071
5370974 4630200 4630200 5371023 250043 250200 250200 5370544 5371023 1030993 5370974 5370772 5370544 7790200 5371002 250200 251007 250580 5371023 250580 5370404 5370200 5371023 5370200 6771010 5371023 250200 1031002 1031002 5370481 4610973 4610973 6770857 5370200 5371023 250961 250043 8191023 250200 1030993 250580 5370519 8870518 8190519 4630829 4630200 1030993 250200 8870518 250969 5370519 5371023 5371023 251007 5370829 251007 1031007 1030282 1031010 4631007 3390043 9350687 9350829 8790200 1030857 4880973 1031010 1031002 1760973 251002 250200 250200 250043 9350961 7980973 1030969 1030969 1031010 1030969 8191023 1030857 1030857 1030857 1030200 1030200 1030043 1030993 250200 250200 7310419 4880973 4880973 1030200 6770857 1030969 1031002 1031002 1031002 1030282 5370200 1031010 1030292 1031010 4630200 1760973 4630200 4630200 4631007 4630200 1030857 4880973 4880973 1030961 4880973 6770857 1030292 7310205 4990928 1030282 1030969 3731023 7980973 8190646 4880973 7980973 250200 1760973 4630200 8190857 250200 4630266 4880973 4880973 4880973 7310200 4880973 4880973 4880973 6770857 8191023 9350519 7790829 9350212 9350519 1030638 1030292 1030638 5370741 7790518 4630200 1030993 4040857 4630200 4630829 4631007
1030292 1030638 1030961 4880973 1030765 1760973 7310200 4880973 7310161 1030638 1030829 1030282 1030993 5370200 5370833 5370404 250200 4630580 5370519 1030638 1030292 1030292 1030638 1030292 1030292 4880973 4880973 1030292 1030292 1031002 4630200 5370974 4630969 3730765 5370571 4630580 5370571 4630969 4630772 4630772 1760973 3731023 1760973 4630200 1031010 4630200 4630200 3731023 3730765 6760601 3700285 1031002 1031002 250200 5371023 8870969 8190646 3730942 3730765 4630266 4630200 1030857 1030292 1030043 1030857 5370200 5371023 4631007 5371023 5371023 3951002 7790937 4630200 8190700 3391007 4630200 4880973 1030043 4630200 1030282 1760973 4630200 5371023 251007 250043 4630200 4630200 4630200 2760516 8870942 3730266 4880973 3730268 1030043 1030969 1760973 8190481 9350928 4630200 4630200 4630200 7310200 1031007 1030638 5370419 8191002 4631007 1031010 1031010 4880973 7940973 4880973 1030292 7980973 4880973 1030043 1030292 1031010 250200 4630580 4630200 1760973 5370200 1760973 1760973 1760973 5370200 5370841 251002 251002 9350937 9350928 3700200 9040857 3731002 10220857 2760809 5370770 7090973 1760973 1760973 1031010 1760973 5370544 5370043 5371023 1031002 1030638 1030292 1030043 1031010 5371023 5371023 3390580 250200 4630200 1760973 1030857 1030292 1030292 1030282 1030282 1760973 1030984 1760973 1031010 1031002 5371023 4630580 5371023 5371023
730371 730741 730741 5370752 8191007 7310564 4630772 5371023 5371023 5370200 4630424 1030282 3731002 4880973 4880973 4880973 1030200 1030292 1030292 1030857 1030282 1030984 1030984 5371023 250200 731007 5370404 1030292 1031010 5370772 251007 4630913 4630913 1030282 3730296 7980973 7980973 3731023 7980973 1031010 1031007 1030984 1760973 1031010 1030292 1031002 1030200 1030200 1030200 1030200 1030200 1030292 1030282 1030282 1030282 1030282 4630200 1030984 5371023 1030282 7311002 4880973 4880973 4630200 251002 4631007 3731023 4630200 1760973 4630200 4630937 251007 4880973 4880973 1030200 4880973 4880973 4880973 4880973 4880973 4880973 1030961 7980973 1030282 5370200 1030969 1760973 1030857 5370200 4630200 7980973 1030282 7980973 7980973 1030292 4880973 1030292 1030292 4880973 1030282 1030292 1030282 1030292 1030292 1030282 1030292 1030292 1030282 7980857 1030282 1030282 6770857 8190200 4630772 5371023 1030638 1760973 5371023 4631007 5371023 1030969 1030292 1030638 1030292 1030292 1030292 1030292 1030282 1031010 1760973 4630200 5370544 4630043 1030043 5370772 5371023 4630386 1030969 7310601 3731023 1030638 1760973 5371023 4630200 4630200 4630200 1030857 4880973 4880973 4880973 1030292 1031002 1030857 5370200 1031007 1031002 251007 1030043 1760973 4630200 250200 1030638 5370974 5371023 4630424 4630004 1031007 1030292 1031007 1030282 1030292 1030638 1030043 4630200 1030292 1031010 1030282 1760973 1031010 250961 730646 5371023 4630200 4630200 250200 5371023 250200 251002 3731023 5371002
4630913 6760942 3730177 4880973 6760973 7310829 1030638 7310959 9350601 3250891 6990200 251002 5371023 251002 250200 1030043 4630200 1030292 1031002 1030043 1031002 5370544 5370544 1030984 1030200 1030857 1030961 1030857 1031007 1031010 4630200 4630913 9040857 5371023 5371023 5371023 4880973 1030282 1030292 1030984 250200 8550857 4630937 4630200 4630200 1031010 5371023 250200 3250560 5371023 250043 250200 4630043 5371023 5371023 4630386 4630200 5371023
8710864 8710580 9350772 6350114 8190205 8190812 2760043
8190752 8870969 8190687 8190700 8190942
8190857 3390580 1030292 1030282 1030282 1030282 1030292 1030928 3731002 1030282 7310646 1030638 9351023 9350896 9350894 3950896 7310601 9350687 250961 251002 5370544 1030282 1031002 1030282 5370200 8191023 4880973 4880973 4880973 4880973 1030282 6761023 5370974 250961 3700200 8190646 7980973 8791023 8791023 8791023 1030292 3731023 3730961 4630266 1760973 4630282 7310646 7310430 5370571 1030282 7980973 7310669 3731002 7310891 7980973 7310959 7980973 4630266 5370200 1030638 7310765 3731002 3730961 1760973 8191023 5370200 7980973 3730898 4630200 8190700 7310177 3730241 7310841 1030282 5370829 7980973 8191023 5370841 4630424 9350601 8190942 5370571 6760973 8190969 1030292 3730984 6770857 3730241 7980973 7980973 4630282 8190857 5370841 7790961 5370200 5370200 3731002 5370404 7310646 4630200 8190700 7310646 7310161 7310651 3730601 8190404 3730200 7310669 3730386 3730386 3731002 7980973 1030292 8190700 9350913 7310200 3730519 7310646 7310646 9350913 5370841 8190961 9350200 7310266 7310937 9350200 7311002 7310646 9350205 7310430 7310430 3731007 9350200 3730228 1760973 7980973 8191007 250961 5370282 4630772 5370200 5370200 7980973 9351023 5371007 8190961 8190646 4880973 4630282 4630200 8190646 10080857 9350961 8870942 5370481 8191007 3700200 5371007 8191007 8190896 5370282 5370282 5370282 5370200 1030282 7980973 5370200 8190700 8190481 3391007 5370200 5370544 1030282 3731002 1030282 4631007 1030282 7310646 1030282 1760973 5370829 4630200 4630386 5370841 4880973 3730200 3730519 8190200 8190857 6350765 7310200 1030282 7980973 3730241 4630200 8190652
8190913 3950896 3390752 9350729 3950896 7790896 8190969 730752 8870743 9710176 8601023 3250877 8791023 5370894 9350896 5370894 6350646 9350516 5370894 3731002 9350894 5370687 9350896 6760973 5370571 9350519 8190894 5370894 5370894 9350687 5370896 5370687 5370896 9350519 5370896 7980973 8190519 8190896 9351023 8190964 8190857 8190519 8190519 8190857 8190700 5370404 8190857 9350519 250043 5650857 8190894 9350687 8190961 4720200 5370894 730646 3930743 3700752 2750857 7790200 7790752 7790964 6661007 9350961 7790200 8870518 8870772 5370974 1030961 5370960 5370481 5370974 5370481 4630386
2760364 8190964 7790961 2760519 1030969 5370801 4630772 5370519 1030993 7790200 8870888
6990200 3250891
9711007 3230743 3230364 4300857 9710580 9710782 8710969 8710646 4720964 4720888 4720741 4720580 8550519 7790729 3230752 3230519 3700969 8790430 2760114 8710646 9710969 520741 3470961 3470961 3701007 3700961 3700741 910071 4720964 9710969 3930205 3930880 3250371 4720964 3730877 4720772 9710085 9671023 3930364 300422 8710519 9710969 4300519 2760404 2760114 7790829 6990200 3250560 9350993 2760964 2080580 2761007 3700872 9710350 3470872 3700964
9710880 4911023 5230969 300872 9710580 730770 730364 2760371 7790770 8870942 7790937 6990200 2760752 3730829 6760942 7310404 7310601 9710920 4720964 3471007 3950888 4630200 1030984 5371023 251002 5370974 1030993 5370519 250043 251002 250519 7790200 250580 5370544
3471007 2760364 2760364 2760752 8710864 3230364 9710920 8870888 3230519 6661007 9710782 8710752 9710812 9710880 3930364 3930364 3930364 3930364 3700205 3930880 8710646 3700364 520741 8710770 9710928 3700888 3700969 3700872 3700364 9350652 7310969 9350601 3930857 9350687 520857 3700205
3930796 9350304 730000 910772 8190652 9040857 9350687 9710729 3250857 4630829 4630937 8710580
730857 2760580 2760896 2760942 7090973 2080888 8710969 8710880 9710071 2080770 5230857 9710864 3930205 8710857 8190560 8190969 5370571 5370571 9350519 4040857 8710752 6040857 3730969 5370282 910857 4720969 9710857 8190942 8190071 6990200 5370404 3730993 3250857 8791023 4040200 6770857 5370404 5370772 8711007 3230364 3230741 3230752 3230752 3230364 3230364 3230496 9710772 3930364 3230212 2760176 3230496 3230205 3930770 3930364
3250560 3251007 731007 7531023 3730941 8190404 8190177 8190404 250043 5370404 8870942 250200 8190961 3730241 5370404 4630200 250200 5370841 9350937 5370841 7310129 3731023 7310430 7980973 8870969 8190700 5370930 1760973 3731002 3730765 7090973 1031002 3730137 6760973 5370419 3730241 3730296 8190857 8190700 5370770 5370877 7531023 6770857 5230969 8870212 8710770 8190857 8190894 5370841 7310601 8190700
5370743 2760743 8190741 6350891 730363 8190877 9350896 5370404 7790601 9710796 8710880 9710519 3250877 7310646 3731002 7311002 7980973 5370960 8190961 3731002 8190877 9351023 4630969 8870969 8710880 9350200 8790200 6760700 6990200 8710752 6760296 2080770 8870770 7530857 3230071 9710782 8710888 9710891 9710519 2760928 4630043 3390043 8710422 8710752 3950960 8190177 5370404 9350880 8190857 8190519 3730928 3731002 3730928 3731002 3730519 5370896 8190857 8190896 3700964 3230770 9350870 9710752 520743 9710752 3930872 3930772 3730363 4630266 7790937 8710767 9710729 3950960 10220857 520857 6040857 730928 9350961 8190404 9350913 8190969
3930414 6990481 520942 2080770 9710371 5230205 6660969 8710864 8710212 300872 8710770 3930770 3230364 3230364 9710880 9710212 300872 3470739 9710961 3700752 9710043
5230519 9710833 5230205 9710752 8710350 6660304 3930741 8710212 3700864 9710752 6660996 300422 300422 300422 9710960 8190942 8190942 8190741 3950960 3700964
2760580 2760071 230920 2760888 7530857 8550857 5230205 5230205 3230205 2761007 3230752 8710205 9710961 3251007 6350646 3950960
3230741 2760496 4631007 3470872 3700364 3930364 3930205 9710729 3230752 9711007 3471007 9710888 3251007 9710960 5230646 3250560 910937 9710371 3470857 6040857 2760114 9710729 3930560 3700741 9350652 6350646 3250741
7310652 9350652 9350652 7310371 3730700 3730419 3730928 3730829 9350652 7310652 10140652 9350652 9350652 7310652 7310652 7310652 7310652 7310652 7310669 9350652 7310564 7310652 7310471 3730266 9350652 7310652 9350652 7310471 7310471 9350652 9350652 7310969 9350652 9350652 7310471 7310652 7310652 7310471 7310652 7310430 7310471 7310471 7310471 7310471 7310471 7310471 7310471 7310471 7310471 6270652 7310471 7310471 5590652 8720652 7310471 7310471 9350652 9350652 6760601 9350652 7310471 7310471 6270635 9070652 7310471 7310652 7310652 5590652 7310652 9350652 7310560 3730371 3730829 7310937 7310765 3680652 3730419 7310571 7310937 10220857 8720652 6110652 10140652 10140652 7310652 9350652 9350652 3730981 3730071 9350652 9350652 9350652 9350937 9350652 10140652 3730404 9350371 7310471 7310471 5330652 6270635 3680652 7310471 6270635 7310471 7310471 7310471 7310471 7310471 7310652 7310652 7310635 7310471 7310652 7310652 7310471 7310471 7310471 7310601 9350652 7310937 7980601 7310959 7310646 7310651 7310652 7310652 3730993 7310601 7310652 7310652 8190652 7310652 9350652 6350857 9350652 7310841 7310363 6760877 7770857 10140652 7770857 7310700 9350652 7310404 7310765 7310646 7310841 7310404 10140652 8720652 6760765 7310560 7310700 7310430 9350652 7310471 7310652 7310471 7310652 7310652 7310652 7310471 7310471 7310471 9350652 7310471 6270652 7310471 9350652 7310471 7310471 7310652 7310471 7310652 7310652 7310652 7310471 7310652 9350652 7310652 7310471 7310652 7310652 7310471 7310652 7310652 7310652 7310652 7310741 6270652 6270652 7310652 7310471 7310430 7310652 7310765 8430652 7310652 9070652 7310471 3730928 9070652 7310363 10140652 7310829 10140652 10140652 9350652 7310419 5330652 9350652 7310404 6760857 3730404 9350652 7310924 3730969 10140652 7310564 3730981 7310652 7310471 9350652 7310652 9070652 10140652 9350741 7310266 7310560 7310652 7310652 7310652 7310471 7310560 3680652 7310045 7310471 7310652 7310652 7310471 7310652 7310471 7310471 7310471 7310652 7310652 7310652 3730205 7310266 7310045 9350652 7310841 7310652 7310571 7310471 7310635 7310471 7310471 7310471 7310471 7310471 7310471 7310471 7310471 7310471 7310471 7310471 7310471 7310471 8720652 7310471 3680652 7310471 7310471 7310471 7310471 7310924 7310471 7310471 7310471 7310471 7310471 7310471 7310471 7310471 7310471 10140652 10140652 10140652 7310045 7310471 7310471 7310471 7310471 7310471 7310471 7310471 7310471 10140652 7310045 7310571 7310652 9350652 7310266 7310560 8720652 9350829 10140652 9350652 5590652 10140652 10110857 10140652 6270652 4990043 7310471 9350942 9350652 7310471 7310471 9350652 7310560 9350652 10140652 9350652 10110857 8190857 7310404 10140652 9350652 7310924 9350652 10140652 7310471 7310471 7310560 10140652 7310646 9350652 8720652 7310371 10220857 7310969 6760266 9350652 7310471 10140652 7310471 7310471 7310471 7310471 7310471 7310471 7310471 7310471 10140652 9350652 7310765 10140652 7310471 10140652 7310471 10140652 7310471
7310994 5590652 7310045 9070652 6270652 7310829 6270652 7310700 7310471 5590652 9070652 6270652 10140652 7310419 8720652 7310045 7310266 6270652 6270652 7310266 6270652 8720652 7310471 6270652 10140652 7310471 6270652 5590652 6270652 6270652 5590652 7310829 5330652 7310829 8720652 7310045 7310571 7310829 7310205 8720652 7310700 3680652 7310765 8430652 7310700 6270652 7310700 7310829 7310371 7310741 7310266 5590652 7310741 6270652 6270652 6270652 9070652 6270652 7310371 5590652 6270652 10140652 5590652 6270652 7310471 7310471 7310471 7310471 5590652 7310471 7310471 8720652 7310471 3680652 6110652 7310471 6270652 7310471 8720652 7310404 5330652 7310471 7310471 7310471 7310652 7310652 7310652 7310652 7310471 7310652 7310652 7310471 7310471 7310471 7310652 7310652 7310652 10140652 7310363 5330652 3680652 7310471 7310371 7310471 7310471 6270652 6270652 8430652 6270652 7310266 3680652 8430652 5330652 7310652 5590652 7310652 7310635 7310635 7310471 10140652 10140652 8720652 6270652 6270652 6270652 9350652 6270652 7310877 9070652 7310924 7310404 7310741 8430652 6270652 8430652 7310471 7310471 7310471 7310471 6270635 6270652 7310471 7310471 7310471 7310471 7310471 6270635 7310471 7310471 7310471 7310471 7310471 7310471 7310471 7310471 7310471 7310471 7310471 7310471 7310471 7310471 7310471 7310471 7310471 7310471 6270652 6270652 7310652 7310471 7310045 7310371 9070652 7310652 7310652 5330652 3680652 7310652 7310652 7310471 7310652 3680652 7310652 7310652 7310419 7310471 9070652 7310471 3680652 7310652 7310652 7310652 7310471 7310471 7310471 7310371 6270635 7310471 6270652 8430652 5590652 7310471 7310471 3680652 7310471 7310652 5330652 7310471 7310471 7310471 7310471 7310652 7310652 7310471 7310652 6270652 6110652 6270652 3270652 6270652 7310266 7310266 7310471 7310765 7310404 7310045 6110652 7310471 7310564 7310841 7310829 7310942 7310371 7310942 7310363 6270652 5590652 5590652 7310829 7310829 7310652 6110652 7310371 5590652 7310829 5590652 7310471 6270652 3680652 6270652 7310942 7310652 6270652 7310601 7310652 7310652 7310266 7310652 7310471 7310471 7310635 7310635 7310652 3680652 7310652 9070652 7310652 7310471 3680652 7310471 7310266 7310266 9070652 7310371 5590652 5330652 7310652 7310419 7310652 7310471 5110471 7310471 5330652 7310471 3680652 9070652 7310652 9070652 7310652 7310371 3680652 7310419 5110560 8720652 7310829 7310652 7310652 7310205 6270652 6270652 7310969 6270652 7310371 8720652 7310652 9070652 7310471 6110652 7310471 7310371 6110652 6270652 7310969 6270652 7310371 7310829 6270652 8430652 7310371 7310652 6270652 7310045 7310471 6270652 6270652 6110652 6270635 6270652 7310741 7310471 7310471 7310471 7310652 7310045 8720652 7310471 7310471 8430652 7310471 7310205 7310652 7310371 7310371 7310877 7310371 7310471 7310471 7310471 6270635 7310829 6270652 8430652 8430652 7310877 7310471 7310471 5590652 7310471 7310652 7310471 7310471 6270652 7310205 7310404 7310371 6270652 10140652 7310371 8720652 8430652 8430652 6270652 7310471 5330652 7310652 6270652 7310471 6270652 3680652 6270652 6270652 7310471 5330652
5110652 7310635 7310829 7310652 7310652 6270652 7310471 7310652 7310471 7310266 7310652 7310829 7310652 6110652 7310363 6270652 5110471 7310635 7310471 5110471 3680652 7310471 7310652 3680652 7310652 7310652 7310877 5330652 7310652 7310877 7310652 7310652 9070652 7310829 7310404 9070652 7310601 7310841 7310652 7310652 3680652 7310419 7310652 7310266 7310652 7310652 7310994 7310652 7310652 7310652 7310471 7310419 7310652 7310877 7310652 7310877 7310652 10140652 7310652 7310652 7310652 7310652 7310266 7310969 3680652 5590652 7310652 7310652 6270652 9070652 5330652 7310471 7310652 7310652 9070652 7310652 7310652 3680652 7310471 7310652 7310652 7310652 7310404 5330652 5330652 7310652 7310652 7310652 7310652 7310635 7310652 8430652 7310652 7310652 3680652 7310652 7310652 7310652 7310652 7310266 5590652 7310652 1940652 7310652 7310652 7310419 7310585 7310652 7310652 6270652 6270652 6270652 7310571 3680652 7310419 7310652 7310652 7310635 7310471 7310652 7310471 7310471 8430652 7310652 7310652 7310877 7310652 6110652 6270652 7310652 6270652 7310652 7310877 7310471 6270652 7310652 9070652 7310652 7310471 5590652 1940652 3680652 7310652 7310652 7310635 7310942 7310471 7310652 7310471 7310652 7310652 7310652 3680652 7310652 7310652 7310266 7310652 7310652 7310652 7310652 3680652 7310652 7310652 7310652 7310266 7310652 7310652 7310585 7310652 6270635 7310652 7310652 6270652 7310652 3680652 7310652 7310652 7310585 7310266 7310652 7310652 7310652 7310652 7310266 7310652 7310652 7310652 7310419 6270635 7310471 7310266 6110652 7310471 7310471 7310471 7310877 7310471 7310471 7310419 7310266 5590652 7310652 7310652 5330652 7310635 7310652 7310652 7310652 7310471 7310652 7310471 7310829 7310652 6270652 7310652 7310652 5590652 7310652 5590652 7310652 7310652 5590652 8720652 7310652 7310652 7310652 3680652 5330652 7310652 7310652 7310652 6270652 7310652 6270652 7310471 7310741 10140652 7310652 7310266 6270652 7310652 6270652 7310829 7310652 7310266 7310700 7310371 7310419 7310266 7310652 10140652 7310471 7310371 6270652 6270652 7310652 3680652 7310471 7310266 7310419 7310471 6270652 8430652 9070652 6270652 7310585 7310585 5590652 7310652 7310652 5110471 10140652 7310741 9070652 7310266 7310419 6270652 7310829 7310652 7310829 7310652 7310471 7310652 7310652 7310652 7310652 7310471 7310652 7310652 3680652 7310652 3680652 7310471 7310829 7310471 7310471 7310652 7310652 7310652 9070652 5590652 6110652 7310371 10140652 9070652 7310471 7310652 7310371 5330652 7310371 5330652 7310652 7310652 7310419 7310571 5590652 7310877 7310652 7310700 7310741 8720652 5330652 6110652 7310765 7310700 6270652 7310652 5330652 3680652 5590652 7310829 7310471 6270652 5590652 10140652 5330652 9070652 5590652 7310571 7310471 7310652 7310652 1940652 7310652 9070652 7310471 5330652 5590652 6270652 7310652 7310571 6270652 7310266 7310652 8430652 7310652 6270652 3680652 6270652 6110652 6270652 7310652 7310266 7310371 7310652 7310877 7310652 9070652 7310765 3680652 7310765 7310266 6270652 7310571 7310652 6270652 7310266 7310829 5590652 6270652 7310877 5590652 7310652 7310829 7310371 6270652 6270652 6270652 6270652 6270652 7310266 3680652 7310652 6270652 6270652 7310652 7310829 7310371 7310841 6270652 6270652 6110652 7310942 7310471 7310471 7310471 6110652 6270652 6270652 7310700 6110652 9070652 7310829 5590652 7310571 5590652 3680652 5110471 6270652 7310200 7310200 5590652 5110872 6270652 6270652 6270652 5590652 7310829 7310652 7310652 6270652 3680652 8430652 7310877 7310601 6110652 7310266 7310471 7310652 7310652 7310652 6270652 7310652 7310652 5590652 7310652 7310266 9070652 7310652 7310652 7310652 5590652 6270652 1940652 6270652 7310829 7310471 7310652 7310471 7310471 1940652 1940652 7310585 5110635 5110635 5110635 5110652 7310652 5110652 5110652 5110471 5110652 1940652 5110652 5110652 1940652 7310652 7310635 7310652 1940652 7310652 7310877 7310652 7310652 7310652 6270652 6270635 7310471 5110560 5110004 5110560 5110652 5110549 6270635 7310471 7311002 6110652 7310652 3680652 7310765 5590652 7310571 6270652 6270652 3270652 6270652
7310585 7310652 7310652 7310652 7310652 7310652 7310652 7310652 7310652 7310652 7310652 7310652 7310471 7310652 7310652 7310652 7310877 7310652 7310652 7310700 7310652 7310652 7310652 7310652 7310652 7310652 7310652 7310652 7310652 7310877 7310652 7310652 7310652 7310652 10140652 7310652 7310652 7310652 7310652 7310652 7310652 7310652 7310652 7310877 7310560 7310652 7310571 7310652 7310652 7310471 7310652 3680652 7310471 7310652 8430652 7310652 7310471 7310877 10140652 7310471 7310877 10140652 7310652 7310652 7310266 7310652 5590652 7310404 5330652 7310829 7310877 7310205 7310969 8430652 7310371 10140652 7310942 7310942 7310363 5590652 7310652 7310266 5590652 7310652 7310652 7310652 7310371 7310877 7310371 7310652 7310571 7310652 7310652 7310652 7310652 7310652 7310652 7310652 7310652 9070652 7310765 7310652 7310652 7310652 7310652 7310652 7310585 7310652 7310652 7310652 7310652 7310266 7310937 6270652 7310266 8430652 7310877 6270652 9070652 7310363 9070652 10140652 7310877 5590652 7310652 10140652 7310419 7310652 7310652 3680652 7310765 7310652 8430652 7310652 7310877 3680652 7310371 7310652 5330652 7310652 7310635 7310652 7310419 5330652 7310652 7310471 7310266 7310419 7310635 7310652 7310652 7310652 7310652 7310635 7310652 7310652 9070652 7310471 7310652 7310652 7310652 7310652 10140652 7310471 7310652 7310652 7310652 7310471 7310652 7310652 3680652 5330652 6270635 7310652 7310652 6270635 7310635 7310652 9070652 7310652 5330652 7310471 7310652 7310652 7310471 7310652 7310652 7310652 7310652 5330652 7310652 7310652 7310652 7310652 7310652 7310571 7310652 7310266 7310652 10140652 3680652 9350652 7310419 7310266 7310700 3680652 7310419 6270652 3680652 6110652 9070652 7310652 7310266 5590652 7310652 7310371 7310571 5590652 10140652 3680652 7310652 7310371 7310652 7310471 7310741 7310371 8720652 8720652 7310969 7310635 7310652 7310652 7310652 3680652 7310652 7310652 7310652 7310652 7310652 7310877 7310266 6270652 8720652 7310652 7310652 7310652 7310652 7310571 5590652 7310560 7310652 6110652 3680652 7310877 7310652 7310652 7310877 7310877 7310363 7310571 9070652 7310877 7310877 7310652 7310652 7310652 7310652 5590652 7310652 6270635 7310829 7310877 7310652 7310266 6270652 6110652 8430652 7310877 6270652 8430652 7310652 7310652 7310741 6270652 5590652 7310829 8720652 10140652 3680652 7310652 10140652 7310652 7310371 7310404 6270652 7310652 7310404 5590652 7310652 5590652 7310196 7310196 7310371 5590652 5590652 7310419 7310196 7310419 6270652 7310652 6110652 6270652 3730969 5590652 7310652 6270652 7310652 7310652 7310959 7310652 7310266 9070652 1940652 5330652 7310585 7310652 7310585 7310765 7310829 7310652 7310652 7310652 7310571 7310585 7310652 3680652 7310419 7310652 7310652 7310969 7310877 9070652 7310969 9070652 5330652 7310571 7310652 7310652 7310652 7310652 7310652 7310652 7310045 7310652 7310652 6270635 7310652 7310652 7310652 7310266 7310652 7310652 7310205 7310652 7310652 7310652 7310652 7310652 7310652 3680652 7310652 9070652 7310419 7310652 7310652 7310266 7310652 7310652 7310652 8720652 7310652 10140652 7310404 7310841 7310404 7310841 7310404 7310841 7310196 7310652 7310652 3680652 3730829 7310877 7310266 7310652 7310969 7310266 9070652 7310652 3730200 6270652 9070652 7310652 7310652 6270635 7310652 7310652 7310601 7310266 7310877 7310765 7310877 7310829 7310363 7310652 7310652 7310404 7310652 7310652 1940652 7310652 7310652 7310652 7310652 7310652 7310652 7310652 7310471 7310652 7310652 7310652 7310877 7310652 7310652 7310652 7310371 7310877 7310419 3730833 7310266 7310601 7310404 7310829 7310969 7310601 7310419 7310371 7310471 7310652 7310652 7310652 7310829 7310652 7310635 7310652 7310652 7310635 7310652 7310652 7310652 7310652 7310471 7310652 7310266 7310471 7310652 7310652 10140652 7310652 7310419 7310652 7310652 7310652 6270635 7310471 6270652 6270652 8720652 6270652 8720652 6270652 5590652 6270652 7310266 7310471 7310877 7310652 7310652 7310652 7310652 7310471 8430652 7310652 7310700 7310652 7310652 7310266 7310471 8720652 7310652 7310471 7310571
5110471 7310471 5110471 7310371 5110471 5110471 7310371 5110471 5110471 5110471 6270652 6270652 7310829 5110471 5590652 3270652 7310371 5110045 5110006 7310829 5110006 5110549 5110549 7310200 6110652 7310877 5110560 5110872 5110006 5110004 5110006 1940652 5110006 5110006 5590652 5110004 7310877 5110006 5110350 5110004 5110004 5110004 5110004 6270652 5110006 5110350 5110045 3270652 5110560 5110549 5110812 5110549 5110006 5110006 5110549 7310371 5110812 5110004 7310200 5110045 3270652 5110205 5110560 7310571 7310200 5110812 7310829 7310200 7310266 7310877 5110004 7310205 5110560 5110560 7310419 7310371 5110350 5110872 5110205 5110006 5110045 7310877 5110004 5110004 5110652 7310969 5110045 7310196 7310969 7310969 3270652 5110371 5110045 5110653 5110004 5110350 5110872 3270652 5110812 3270652 5110560 5110812 5110371 1940652 8720652 5110560 5110560 5110549 5110006 5110653 7310829 5110006 5110371 7310205 5110350 1940652 5110653
3470872 7790371 7090973 7090973 7090973 7090973 7090973 7090973 7090973 7090973 7090973 9040857 7090973 7090973 7090973 4630857 4630937 3390371 3390371 7090973 7090973 7090973 7090857 7090973 7090973 7090973 7090973 7090973 4631010 7090973 7090973 8550519 8550519 730646 8870043 8870772 730729 7790937 7790729 7790371 250519 7790200 7790937
7790857 9040857 9040857 9040857 7790857 4630043 7790857 8190857 8190772 8190772 3470857 8190952 8710414 3470930 9710496 3470043 9040857 7790752 7790964 7790857 7790857 7790857 7790857 7790857 9040857 9040857 9040772 9040857 9040580 3470043 9040857 7790857 8190580 230809 3700200 8870942 8190857 3730928 8190857 3730004 3730960 3730004 3730004 8190857 3730004 8190930 5370772 3730460 3730268 3730772 3730004 3730043 4630638 4630857 3730004 8190857 8190942 8190942 8190770 3230796 9350743 8190422 8190880 3470422 8870770 2760752 9710996 2760560 300422 3700205 8870770 9710833 3700888 2760928 2760870 2760373 2760952 2760960 2760516 7790937 7790937 7790857 9040772 7790937 9040857 3390043 7790857 3390043 7790857 7790857 3950560 9040857 8550857 7090973 3730004 3731010 3730004 7090857 1760973 8190969 8710422 8190880 910772 8190205 7790857 7790937 7790857 7790857 7790857 3470772 9040772 3470857 9710752 7790652 2080770 9710772 7790741 9710752 8190770 8600857 3470870 9710043 3930857 9350928 3930422 3930870 9760857 3250857 9710857 8870942 8190857 8190857 4630930 3730646 4630829 3730646 3730924 3730741 10110857 5230772 2760741 5230969 3930414 3250891 4630829 4630371 8190969 4630371 4630857 8190857 8191007 8191007 8190857 8190961 730857 730580 730857 9350422 3251007 8870888 8190422 8190857 3730646 8190580 8710857 9710422 4720857 4720200 910857 910857 910857 910857 3470857 8190969 910857 910857 3700857 8190857 910857 8190969 8190969 910857 910857 3930857 520857 910857 520857 520857 520857 910729 520743 9040857 520969 910857 910857 910729 910043 910205 9350961 3230812 8600857 3470930 3470043 7790857 3470872 7090857 3731010 4630857 1600973 4630857 4631010 4630857 3470857 9710923 3470285 2080580 3700285 8870770 3470373 9040857 8190071 8190071 3470857 3231023 4720857 3230205 3730898 3730004 9350516 3730114 3730969 3730969 3730969 4630200 3730560 3730812 8190857 4630969 8190880 8190857 3731010 3730646 3730646 1600973 3731010 1600973 1760973 3731023 3390043 3390043 9040857 3950560 8190880 9040857 9040857 3470422 7790043 2760580 7790424 7790857 7790857 8190952 3730496 4630580 3470580 2080580 3730942 8190894 3730924 4630857 3730043 8190857 8190857 8190160 3470857 7790857 9710496 3470043 3470857 8190770 7790741 9040857 2081023 4300857 7790857 3390043 8190896 9710894 8710857 9710496 3470857 8190894 8190896 7790741 9710796 8710996 3730422 8190560 8190071 9710857 8190857 8190870 2080888 8190964 8190801 8190857 3730993 8190772 2760350 8190894 5231023 2760414 8190896 7790741 2760350 3470870 7790894 8870043 8870043 2760930 2760043 3730043 3700043 8870043 9710043 730770 8870043 3470043 7530857 8870043 3700043 8870942 7790857
910363 3470961 4720969 910857 910857 910857 4720752 910646 8711007 8190770 8190961 9710961 3470961 7530857 3470987 7790770 5230560 9710739 9710739 3730422 7310560 5370930 730857 9350772 8190205 9350812 8190812 9710422 9710739 5230560 3230560 9710739 3230560 3700857 3230812 9710812 9711007 9710205 9710205 3470961 8710560 8710560 3230560 3230560 3701007 8190942 9350741 730857 8870942 3470961 3230560 3230560 3230560 3230560 3230812 3230812 3230812 3230812 9710812 3230812 9710961 9710961 3230646 3470961 3701007 911007 9710743 9710961 3470739 3470739 8190560 3731002 3731002 7980973 6770160 2760942 2760560 2760560 7790857 8190772 7790857 3731023 2370973 1760973 3700364 3700960 3700770 3700071 9040796 9710888 8870560 3930772 3930772 3700772 3930772 6660754 9710772 3930772 8710969 9710894 3230772 3230772 8710772 730754 5230772 7790857 8870743 8870043 3730420 1760973 7310560 3730870 2370973 2760560 8190812 8190930 2760942 7790200 6990200 8870580 7790896 7790829 2760812 2760812 9040772 2760894 2760752 2080200 3730004 8190422 2760894 730071 730937 230350 3230996 3230422 4720043 3230304 3930772 3930772 3930772 3930996 3930772 3470739 3471023 8190560 8190857 3731007 5370043 8190580 5370071 2761007 3230772 9710772 730888 8870560 730772 730743 730857 730937 3470772 8870812 7790937 8870043 8190812 3730560 8190560 3470739 7790961 3470961 3470961 3470961 7790961 7790961 8870560 3470961 4720363 3470961 3470961 3470961 9710961 3470961 4720752 3470961 9710857 3470857 7790043 9040857 9710043 3470857 8190770 8190857 8190857 8190812 9040857 8190687 3470857 7790857 8190812 7790857 3470961 8190404 8190942 8190752 9760857 3470857 3470857 8870812 9710043 7790752 3470961 3470043 3470043 9710961 3470961 3250560 911007 4720964 9710961 911007 9710961 9711007 910857 911007 3230071 3230560 3230743 3230646 3230743 3230743 3230646 730043 8870043 8710043 7790857 7790770 8870043 3250560 9040857 9040857 7790857 5370043 8190857 8190772 8870043
3390043 9040857 7790857 9040857 7790857 9040857 3700205 5370160 1030638 3731002 5370160 8190772 8190930 3731002 8190857 3730993 8190913 8190700 8190942 8190857 3950888 520857 3700743 8870743 3251007 4720857 520857 7530857 8190580 5370888 9350743 8190896 8190894 3730743 8190857 9350743 8190071 8190071 9350880 8190071 3701007 5370930 7980973 3731002 7980973 5370043 5370371 2760043 9710930 2760888 2760043 2760516 230809 7790043 2760770 8190896 2760870 2760646 8190772 8190160 8190580 2760772 3470772 7790857 9710772 8190772 3730646 8190857 8190770 3730772 3730422 10110857 230857 2760043 3730043 3730043 3730519 3731002 8190857 3730004 8190857 8190857 3230646 8190829 8191007 3701007 3950888 9040857 9350993 730857 6660857 3230930 5231023 5230371 9350880 9350144 7980973 8191007 9040857 9040857 8190646 8190646 8190646 9040857 4720857 6660527 730422 2760580 3230422 3731002 3731002 9710930 8870942 3730928 8190857 8190519 8870043 2761007 4720580 730857 730114 2750857 730833 9350754 9350754 3250857 3730833 730857 5370896 3230371 3230741 3230006 3230560 3251007 9711007 4720857 3700857 8190741 9040857 9040857 8190646 5370930 3731002 3731002 8190857 7790857 8190205 8190560 730114 10110857 3230772 2760114 2760960 2760754 730880 3930371 3700833 3700205 3930205 9710575 3930519 3930519 3930519 730857 3930772 730580 8190404 7790414 8190519 730857 8870924 3730004 3731010 3730984 7090973 7090973 8190857 8190160 8190857 8190801 8190801 8190772 2760114 2760772 7790752 7790519 8190700 9040857 8190646 8190700 9040857 9040857 4720743 4720857 3470857 8870888 8190160 8190857 8190857 8190857 9040857 8190857 4630772 8190857 8190857 8190857 9350801 5370752 2760043 7790770 7790371 7790857 4630638 8190857 3730004 3730004 3730004 7090973 3730004 8190857 3730004 4630752 8190496 4630960 8550857 730894 3470772 2760801 2760414 230414 2080772 2760964 2080772 3470923 9710741 8710772 9710772 2760414 2760772 2760894 7790964 3470373 5370160 8710414 8710741 9710743 730772 730857 730857 2760897 2080772 9710741 5370964 5370859
9710930 9710071 9710833 9710833 8710504 3470772 8870770 2760770 230496 730770 9710519 4720888 8191010 3730496 3470857 3470043 8190071 2760646 230872 230504 2760580 3470285 9710772 9710894 3470923 9710453 9710071 8601023 2080741 3700200 3390371 3471023 9710772 3230754 3730960 3731010 3731010 7090973 8190857 5230857 9710857 3230752 3470987 730000 3230496 3470772 3230812 9710414 9710422 3471023 8190857 2760043 9710043 3470043 9710496 7790371 7790770 3470987 9710772 7790770 8190741 3250371 9350754 3700200 3930205 3700969 3930371 6660560 8190519 8190560 8190857 8190857 8190857 5230969 3930857 3930996 300422 9830996 5230422 3930212 8190894 3700414 9710809 9710414 8710414 9710960 9760964 8190752 8190741 9710920 2080888 1760973 3730872 8190741 5370754 2080772 9710422 2760894 230767 9710772 9710894 2760752 8710772 9710772 9710176 4300857 7090973 4631010 1600973 4630638 3730924 3930857 9710371 5981023 5981023 3730205 3730004 6900466 6900466 2080772 9710752 3470923 2760741 230414 9710741 8190772 230504 231023 2760371 230496 230920 3470422 8190580 3730504 3730043 3470923 6900872 8710872 2760964 3730872 3730006 3730924 3730004 8190466 8190857 8190857 8190200 3700770 3700960 3470006 8710743 8710205 230767 7790770 7790752 7790560 9710772 7790937 9040772 3470772 8870942 8711002 9710205 3930796 3930212 3700200 3930772 3700857 8710772 9710782 8710987 8710782 8710864 9710782 8710466 2760767 5230466 4720772 3470441 7790964 8870772 3930772 3700772 8710752 8711002 3470772 9710205 9710888 5370960 4720200 8190857 3930043 7790205 3930772 3930770 9710833 9710772 9711002 8710772 3730006 2760964 2080741 9710453 9710496 3471007 5981023 7790741 2760896 2760516 8710504 2760770 9040580 2080200 7790964 730969 730969 9710833 9710772 9710422 3930205 9710205 9710205 8710767 8190071 5230037 5230037 5230414 5230969 910857 4630857 3731010 1760973 3730422 3730241 8190964 8190200 8190896 8190894 5230037 8710767 8710928 9710371 3230519 9710969 910371 9710864 3471023 8190857 8190857 8190560 3470857 9710772 9710920 3470961 9040864 9710350 9040857 8190896 8190646 8190646 9040857 7790964 3950896 8190894 8190857 8190857 9350772 9350414 9350422 8190580 3471023 8870424 8870888 8870743 8870205 8190913 8190969 8190770 3470857 9350560 9350928 5370888 9350519 3731002 8190857 3950888
9710833 9710833 730880 3930205 9350772 9710833 9710930 8710741 3700772 3700770 9710739 9710743 2760772 7790772 7790772 8870772 8870772 4720772 8870772 7790772 8190772 3731002 8190772 8190770 7790752 7790857 3470772 2760741 3230414 3471007 8710504 8190752 7790857 7790894 230920 2760687 2760770 2760496 7790894 730964 9710894 2080772 7790772 2080772 7790894 9040772 9040772 8870772 2080772 3470772 7790752 7790896 7790937 8870770 9040772 7790772 2760960 3230872 9710969 2760770 9710544 3470930 3470987 8870560 230350 730752 8710466 230006 730888 230560 230767 2760770 8710580 730496 9710987 8870043 2760071 2761007 4720371 3950960 7790772 910772 3470772 7790969 5370888 7790969 730924 8710772 5230772 8710924 9710071 9710772 7790924 9710071 3700739 3700888 8870880 8190752 3730974 3730772 8190772 7790937 7790752 4720363 3950960 5370772 7790857 7790857 8870772 7790772 3950960 9350006 2760924 5230772 9350964 5231023 3730371 3730872 4630200 3730974 3730974 4630752 4630371 9350772 9350924 9710205 9710205 9710920 2080770 9710743 3470441 9710920 7790969 3930371 3930371 730752 8710212 3930770 8190752 730880 230809 8710872 3230872 9710864 8710969 3700857 300422 9710857 8710857 3730770 3730560 9710857 6040857 3470857 8190371 8710770 9040857 9710952 5230857 5230646 9710371 2760371 9710371 9710496 4630371 8190894 5230560 3700739 8710422 9710857 3470857 8710857 7530857 3250857 9711002 230006 3470580 8190772 8190772 8190767 3730924 3730770 3730646 4630752 4630752 8190857 8190857 8190969 9710857 910857 9710857 8710857 8710969 9040857 3930770 9710496 8710646 730888 3700857 6660561 3470782 2760652 5370741 300872 5230872 9710422 9710422 9710422 8190964 230422 230872 230880 8710767 2760071 8710857 2760924 3470580 3730743 4630071 3700200 9710969 9710961 3700969 5230969 7790043 9710043 4990043 2370973 5370974 5370743 730857 9710923 730752 9710930 8710772 8710772 9710085 9710085 8710580 9710580 7790752 7790200 7790371 7790770 7790752 7790752 4720752 7790961 4720969 3251007 4720752 4720363 8190752 8710176 8710752 8710176 3730960 2760987 8710580 9710580 4720580 2080770 7790857 8190580 2760964 7790770 5981023 2760441 8190964 230963 2760043 2760043 3730580 3730752 8190964 8190952 8190752 2080414 7790424 2760504 7790770 7790770 7790894 5370888 5370770 730857 230504 2760770 2080580 2760896 7790857 3930796 5230969 6660800 9710969 730770 3471002 3230770 730937 910772 3230371 910772 9710857
3730646 4630638 3731023 4630930 4630930 8190371 8191007 8190894 9350880 8190422 9350894 8190857 3700857 9040857 8190913 3470857 9040857 8190913 8190646 8190913 8190913 3470857 8190770 8190913 8190687 3950888 3950888 9040880 8190913 7980973 5370930 730857 4720857 8190770 7790857 8190913 9040857 7790857 9040857 9040857 8190160 9040857 7530857 8190071 230857 9350743 8710772 730752 9710071 9710071 9710920 9710920 8710043 2760441 2760144 2760888 2760752 3730743 3730928 3730460 2760930 2080772 3470772 2081023 2760896 230880 7790043 2760964 2760924 2760894 8710043 2760371 2760414 230741 230414 2760071 2760888 9710580 8710772 730754 730754 730754 9710205 9710920 3700924 9710995 3230071 5230772 5230772 730754 3230754 3230888 9710212 9710964 3470857 8190896 8190894 8190646 3950896 3950896 6660800 730880 3700422 9710923 9350743 9710894 3700741 3930924 3700741 9710894 9710496 9350880 4630930 3730770 8190930 8190857 8190857 8190896 8190952 8710857 3730646 3730071 230857 3730770 8190857 3730004 4630930 8190857 5230466 8190770 8190071 9710414 3470857 3230743 9710071 2080741 8190896 8190857 9710987 2080770 3470782 2760770 2080987 3470441 9710920 3930043 3700205 7790560 8870580 7790857 7790857 7790857 4720200 300996 3700743 3470872 9710371 3730043 6770857 9350741 9710930 3470995 8190857 8190560 8190857 8710857 7790857 8710767 3470833 3731023 3730580 3730460 3730004 3730460 8190071 8190371 9350924 2750857 6900872 3930772 3930796 910043 4040857 7090973 8190964 9760857 2080888 8190772 9760857 2760741 7790896 2080894 5370801 2760894 2760043 8190870 3731002 5370743 9710864 9710864 3730924 3730741 3730770 9710930 3731002 230006 6660930 5230930 6660580 6660948 2760580 2760812 9710580 9710285 3470772 9710414 8710767 8190770 7790857 2080772 3470043 2760176 9710995 7790857 8190896 5230969 5230969 5230872 9710371 9710422 9710752 8710920 3470961 8190961 3470961 5370071 2760888 5981023 3231023 8710560 3230741 6660422 2760888 5231023 230924 8870924 9710043 2760924 7790964 8190896 9710043 9710930 9710504 5230930 2760964 2760176 9040580 7790371 9710864 9710920 8710872 3470995 7790371 8190857 3730743 9710920 3471023 3470857
8190560 8190812 8190913 3950960 7790857 3950896 8190646 8190770 3390071 8190741 730809 730857 8710580 9710930 9710752 8190872 9350772 8190772 3470739 7790857 8190071 8191002 4990160 3930857 9350687 10110857 6660969 6901023 3230519 3230519 9711007 3230414 3230519 3230519 8190857 8190857 8190371 3730993 8190930 3730888 8190857 3730519 8190857 1760973 3730504 3730752 3730993 3730504 8190857 8190857 8190930 8190857 7980973 8190930 9350930 6660160 5370043 7310969 3730833 8190969 8190200 8190857 8190770 2760373 2760373 2760930 6660930 2760960 9350913 5370043 730752 2761002 2760960 7790888 7790857 7790857 7790857 9040857 7790857 8190801 8190496 8190857 8190752 8190857 8190942 9040857 8190580 3470930 8190857 3471023 8190772 8190770 8190519 8190071 8190913 7790857 8190964 7790857 8190870 8190961 8190913 8190961 8190880 8190772 8190741 8190767 7790857 8190741 7790857 8190646 7790857 8190519 7790829 8190913 8190857 8190913 8190913 3950960 8190913 7790857 7790857 8190519 8190913 3950888 7790857 250071 8190519 8190913 8190857 8190913 8190580 8190913 8190646 8190872 8190913 3731002 8190857 8190857 8190646 8190519 8190913 7790857 7090973 7090973 8190857 8190857 8190519 8190646 8190772 7790857 9350371 8190371 3930857 9350928 9350993 7790424 7790969 8870924 9710496 8550857 9040857 9040857 8190646 7790857 7790424 4040857 9040857 520857 8190404 3390752 9040857 8190767 3470857 8190857 7090973 9040857 7790857 8870942 3950960 3950960 8190857 8550857
4630071 4630960 4630857 4630857 4630857 4630937 4630913 8550857 7790857 7790857 7790857 8550857
4630857 8550857 4630913 4630913 4630913 4630913 4630913 8190857 9040857 8550857 8550857 8550857 8550857 8550857 8550857 7790857 7790205 9040857 4720857 7530857 3730993 8190857 3730646 4630371 8190071 8190857 8191007 8190857 8190006 9710857 9710371 8190560 3700857 3700205 9710006 9710544 3470422 9710894 8711023 8711023 9710739 2080770 3470995 8190767 5230414 9350144 8710006 910371 8710872 3470872 7790857 8190496 3930414 5231002 3230752 3230422 730560 7790894 7790857 3470987 8870743 7790770 8190371 4720752 2760496 4720857 3950960 4720371 7790857 7790857 3470930 3470857 8190913 8190857 4720857 7790937 8190920 8190770 8190913 3250857 8190687 2080200 7790857
3730993 8190857 8190857 8190857 4630857 3730004 3731002 3731007 5230930 3730960 7310560 9350812 9350741 3930560 9350371 8190894 8190913 7530857 8190812 8190646 8190687 8190646 9040857 9710857 8190857 9710857 8190770 8190964 8190414 8190964 8190880 8190371 8190913 8190857 8190371 8190857 3731002 8190930 3731002 1760973 7980973 3730833 1030638 3730519 3731002 3731002 3731002 3730422 3730422 3730772 3730004 8190857 3731002 4630004 8190857 1760973 8190857 7090857 3730004 7090973 8190857 8190857 3730004 3730872 8190857 8190857 8190930 8190422 8191023 8190857 8190857 8190205 5231023 5231023 3730924 8190006 8190857 8190857 8190857 8191023 8190519 8190857 8190857 8190857 8190896 8190857 7980973 4630282 8190930 3730993 3731002 8190857 9350743 8190371 8190414 8190920 3731007 7310646 3730519 3730833 3730743 8190930 3730960 8190857 3730770 8190894 8190857 8190930 3730646 8190857 8190857 8190857 8190857 8190857 8190857 8190741 5650857 8190071 8190857 5230422 9350371 9350006 9350743 3730205 3730782 3730743 1760973 7310924 3730743 3730743 3730004 3730071 3730928 8190857 3731023 3730200 4630200 3730928 8190857 3730646 8190687 8190857 8191007 8191007 3730741 8190930 9350872 8190930 8190414 8190371 9350741 8190371 8191023 9710930 9040857 8190371 8190371 3250857 7530857 9040857 3470857 8190857 8190857 8190857 8190857 8190857 8190646 8190414 3700857 3700857 8190741 9040857 8190371 9040857 3700857 8870880 3470857 9040857 9040857 9040857 3700924 8870924 8870924 8870414 8870743 9710864 9710741 3700872 3700872 3700872 3700872 3700872 3700857 9710043 8870924 3701007 8190857 3700857 3700414 9710857 8190371 9040857 9040857 9040857 9040857 9040857 8870414 9350741 3700414 8190913 9040857 8870924 3700857 9350752 3700857 3700857 8870924 8870924 9040857 7790857 9040857 8190857 3730004 8190857 8190913 3700857 3700857 3700857 9350880 3700857 3950960 8870560 9040857 9040857 9040857 9040857 9040772 7790937 8190371 8190371 8190913 8190371 3700857 9040857 8870743 7790857 9040857 9040857 3470857 9040857 9040857 3250857 3950960 9040857 7790937 8190913 4630371 3700857 9040857 9040857 9040857 9040857 8190646 8190646 9040857 9040857 8190646 9040857 8190913 9040857 8190580 9040580 9350743 9040857 9350996 7311002 7980973 9350930 5370741 730928 9040772 730961 730969 5370371 730880 3930772 3470772 3700770 3700770 3700770 9710544
3700580 3470580 9040857 7790857 7790857 7790857 7790200 7790857 7790200 7790857 7790857 3701007 8710864 3230864 3230006 3230743 3230743 3230888 730960 3230888 3230212 3230304 3230996 910560 8710741 8710969 5230350 3930796 9350212 5230350 9710857 9710414 9710812 3470857 9710857 3730371 8190857 8190896 9710923 3230796 9710739 3700880 3700200 3230920 9710880 2760930 2760930 2760752 3730752 3730960 3730460 3730460 4630043 8190801 8190770 3730071 3730071 4630580 3730004 4630580 4630071 2760930 2760371 8710930 8710414 2760888 3470995 8710772 8710928 9711002 3930371 3930796 3700414 9710996 3470422 8190857 2760888 2760888 3230872 3230969 5230857 5230857 3700857 8190964 9710930 9710043 7790371 2080580 730006 2750857 3230984 3230422 730896 730937 730422 3230422 3230996 9710995 730812 3230422 9710857 730857 9710297 9710996 4720752 3730004 3731010 3730993 8190560 9040857 9040857 8710930 1551023 730857 8710857 3730770 3730268 3730752 3731010 3730043 3730004 3730646 8190857 4630371 8190857 3470857 5230466 9710580 3470580 9710422 9710527 8710504 8190071 5230857 3230304 730928 3230422 910857 910205 730857 8870812 7790969 7790857 7790937 7790200 7790937 7790937 7790870 7790043 3930371 3930212 730741 3730205 8600857 5230857 8190371 5230857 8190371 9040857 3730872 3730638 3730924 3730422 3730460 3730560 9710930 9710782 8710580 8710767 2080580 2760772 2760964 9710964 2760743 2760894 2760350 3470043 7790924 7790894 5981023 9710371 5230872 9710741 9710496 2080894 8190801 3950896 3730743 3730420 3730420 9040857 5981023 9710743 8710872 3230371 9710006 9710930 2760071 2760872 9710043 2081023 8601023 3470930 9710952 8190752 8190767 7790857 2760872 8601023 9710864 2760888 3730920 8190767 1760973 8191007 8190857 8190857 8710043 6660460 2760043 230006 9710043 3470043 730960 730812 9710969 730960 730888 9710743 9710782 9710782 9710920 8190580 9710772 2760767 8710752 2760960 2760770 9830996 3230422 3230304 3230422 9710961 9710880 9710006 7790924 3470422 3730422 8710857 3730770 3730638 3730004 3730422 3730363 9760857 9710996 730205 8710930 8710176 730006 3730004 1600973 8190560 9040857 3470422 8550857 9040857 3700964 2080894 2080894 3470857 7090973 1600973 3730004 3700969 9710297 9710414 2080894 9710741 3700896 2080894 230741 2760043 8710043 230560 3470043 3730004 3730646 8190857 8190857 9040857 8550857 9040857 9040857 8550857 9710743
3470857 3470857 8190071 8190371 3470857 3730006 3730004 8190872 8710043 3730770 3730071 3730004 3730371 3730964 9710930 8710857 9710462 3230519 2760580 730646 8710987 8710987 8710752 2080987 8710752 8710043 8710888 9710527 8710987 2760987 9710085 2760441 2760833 9710772 2760888 8710519 8710930 8710743 2760743 2760743 2760743 2760006 9710743 7790371 3470995 8190580 8190964 7790857 2760176 3470857 2760770 9710894 4720371 9760964 2080894 9710964 2080888 2760896 8601023 2760897 730896 8600857 230872 9710580 7790964 8190896 8190371 3731002 8190964 8190930 8190519 3950888 8190857 8601023 3700964 9040857 9040857 9040857 8191007 8190752 8190961 9350770 8190964 4990930 230872 230006 9710930 9710930 9710930 2760964 8600857 7790371 7790894 7790896 8190964 3950896 8190741 8190896 2760743 2760888 9710782 8190770 9710930 7790888 3470995 9040857 910200 911007 8710743 3230371 5230872 730857 3230872 730880 3230350 5231023 8190371 8190872 8190872 2760414 3470857 8190767 3470285 9710496 9710414 9710923 3470857 6901023 9760857 3470923 3470857 8190741 8190952 3230414 5230466 5370894 8190964 5370960 5370770 5370960 3730504 8710857 3730004 5230466 3730924 5370896 8190894 7790857 9710964 9710414 8190752 8190741 8190770 8190414 3730043 8190414 7790770 3470930 8190741 9350964 8190964 2080200 8190964 8190964 7790414 7790414 2760043 3470043 7790770 3470923 7790741 8190752 8190952 8190857 5370741 5370888 5370888 5370964 8190930 5370743 5370841 5370743 5370752 8190741 3731002 3730888 6350646 8710466 8190770 9710857 8710466 6770160 5370071 8710930 730857 3230930 3230422 3230772 3230754 3930743 910937 9710987 8710857 8190964 8190414 8190741 8190767 2760952 3470857 3470923 8190741 2760770 4880973 2760964 7790857 7790888 9710857 2760770 230857 1920857 8870144 8190857 8190371 3730888 8190964 8190896 8190964 8190964 8190580 8191007 8190646 7790857 8190894 5370960 3730200 3730519 3730004 3730928 3730004 3730004 8190857 8190857 8190770 8190857 8190741 8190767 7790937 3950960 3950960 8190920 9040857 230422 3230212 3230414 3230796 3230743 730770 2760743 730071 3930414 3700071 8710741 5231023 8710646 8550857 9040857 9040857 8190880 8870888 3470441 5370896 5370282 9710833 3930770 9350371 3230880 9350961 4720964 8870560 2760961 9350519 8190969 3700200 3930857 3931023 9350888 3730004 7980973 8190200 8190770 5370752 8870770 5370743 3730519 230857 230504 9710580 2080580 3730182 230504 8710782 9710752 730752 4720741 9350743 5370964 8190071 5981023 4720743 730752 230857 730205 8710772 2760580 230496
3470930 2760006 3470833 8190857 3730504 3730004 3730004 3730004 3731002 6660812 3230205 6660304 730996 9710496 2760772 730560 4880973 1030638 1031010 1030043 3730043 5370043 8190687 250071 8190519 2760897 2760964 2760964 2760043 2760897 7790894 7790896 8710969 8710752 8710560 9040987 8710969 9710969 8710969 8710205 9710205 3230364 8710772 910200 910422 3230924 3230772 3230812 730961 3230772 910772 730961 910071 8870770 910560 910772 9040772 3950888 3950888 1760973 1031010 1031010 3731023 1030282 3730519 8710504 2370973 3730602 9710071 3730420 3730241 2080770 3930043 3700043 3700205 3930770 9710729 5370896 3230770 3230496 9710961 3470961 8870580 2760504 2760741 2760888 2760441 2760930 8710580 2760924 230496 230767 2760504 230857 2760200 1030292 4880973 1031010 2370973 6771010 1031007 2370973 1030043 3730519 6760973 3730928 9350964 3700285 300996 3700964 3700833 3700772 3700960 9710043 3930043 9710969 730043 8870743 7790896 7790964 7790519 2760519 2760754 2760519 2760754 5370519 2760519 2760519 2760519 2760560 2760560 2760560 2760560 2760560 8190896 2760888 2760754 230560 2760754 3730602 5370754 2760754 2760754 2760205 2760754 2760422 2760812 2760422 2760812 3730812 3730812 3730812 3730812 3730812 8190422 2751023 2750857 730857 9710422 2080580 6661007 2760896 6660006 6660872 1920857 730414 6660930 730371 230741 3730182 8190857 3730580 3731002 3730646 3730960 8190580 8190857 8190952 8190580 8190646 7790857 3390043 4630580 3730646 4630043 4630200 8191023 8190646 8191023 4630638 1760973 3730004 4630004 1760973 7090973 8190857 7090973 3390043 7790857 3390043 7790857 7790857 1760973 1760973 8190930 8190930 8870772 7790857 5370770 2760930 5370160 2760930 2760930 2760930 2760930 5370752 730870 2760930 2760930 730767 2760504 7790770 2760952 7791007 8190496 3470782 7790770 7790888 3950888 3390043 3390580 3470285 9710741 6660754 6660924 6660754 2760560 2760928 3700519 9040857 8550857 7790519 7790857 7790857 7790857 7791007 3700864 3700872 9710371 7790371 3700857 3700741 9040857 3470857 5231023 3700857 3230928 730880 3930741 911007 3230646 730114 8870969 520857 8870969 8870969 8870969 9350961 9350961 9350961 8190913 5371007 8190961 520857 9350928 3251007 730857 6660460 3230071 9710920 9710920 730071 2760960 230952 2760952 7790752 7790770
230924 7790371 7790200 7790518 2760960 3471023 8340519 8870414 8870424 730928 730961 5370043 730870 730870 730961 731023 730857 730544 730857 2760928 3230996 8870422 8871002 730928 730928 8870812 8870580 730880 730422 8870424 730646 730212 2760928 730937 730796 730896 2760371 9350812 730743 730894 730996 2760961 8870580 730646 8870424 730812 9350006 8870580 730006 8870580 8870580 8870580 8870580 9350993 7790729 7790729 5370741 730937 8870144 8870580 4720200 7790752 7790729 2760205 730205 730205 230872 3730205 8190580 5230205 3231023 3230741 730205 5230371 3230371 730371 730752 730880 2761007 6660371 9710504 2760961 4720964 8870580 730964 730872 2760872 2760043 2760350 3470580 3470580 8870580 730519 2750857 730228 730928 3230880 9710752 3230888 730519 2760071 2760896 730743 2760043 230920 2760987 2760441 2760743 2760743 2760071 2760519 230920 2760920 2760888 7790519 250519 7790519 250200 5370519 2760930 2760930 2760960 8710043 2760071 1760973 8190770 730894 3730770 8190896 5370371 730043 6900872 9710864 8710864 9710995 5230646 7790894 8550580 7790560 8550580 3230006 730212 3230006 3230006 1030993 9350560 9350870 5230037 5230037 9710037 730872 730544 5370964 730969 730888 8870364 730363 910371 8190519 7790857 7790894 2760646 7790894 230809 3230212 730888 3230519 730646 8340519 7791007 7790937 8870812 9350993 910200 3930386 3930741 730560 7530857 9350304 6660930 6770160 6770160 6660930 6770160 2760071 2760930 3730004 5370930 9350894 6660880 2760772 2760894 6660043 730880 731007 731007 730961 730363 730646 8870580 730363 730961 730646 730144 3930924 730969 3230872 9710880 3930880 3700205 3930770 8870043 3470043 730519 3730969 7310646 3731002 3730580 1920857 6770160 6660969 730743 730363 8870424 730796 730144 730560 8870422 8870580 910544 730363 7790200 730937 731023 2751023 730519 6660212 230560 9350930 2760897 6660560 5230930 230924 5230930 2760371 2760043 6660560 6660880 6660160 730580 730580 730646 730371 9710527 9710743 3470422 2760928 1551023 8190870 8190741 9350880 3730560 9710212 6660561 2760870 8190857 3730560 3730812 3730993 8190857 3730560 6660930 6660371 2760930 2760741
4630913 4630937 8190652 3700888 3700205 3930560 9710350 9710350 3470006 3700872 8870969 730857 8870969 7790857 7790969 7790200 8870560 8870422 5371023 3731023 4631007 3730646 4630580 4630857 4630638 4630638 4630930 4630043 9040857 9040857 910969 520969 910544 8870870 910646 8190519 8190560 9710422 9350880 2760652 3470872 7790560 8190857 8190519 7791007 7790857 9710453 9710371 8710872 8600857 9710071 9710857 8190857 8190371 9710857 3470857 8190646 8550857 8550857 8190071 7790894 9710350 8710414 3230350 8710880 3250857 3731007 3731010 3730004 8190857 8190741 8190371 3700857 9710960 9040857 9710006 7790857 3950888 8190071 4630071 3731010 4630638 4631010 3730043 4630043 8190700 4630043 9040857 3950896 9710767 3470857 8190770 3950896 4720857 9040857 9710752 3701007 4720363 3250580 8870580 8190519 7090857 9040857 3700857 3390371 730888 7310585 730857 730857 8870772 8870888 7790729 7790371 7790937 7090857 7090973 7090973 3730004 9710857 9710414 3470923 9040857 8190767 3470930 8870043 9040580 3730496 3730460 3730960 9710857 8710857 8190913 2080770 911007 730580 730948 730948 4720363 731023 730796 2760527 8870969 3700200 9710371 1030638 7980973 6771010 9350812 9710371 3700071 520071 3930371 9710205 3470739 3470580 3700741 300996 9710071 3700739 3930560 520743
8870888 730006 5230037 8710987 9710037 9710466 9710752 9710006 8710414 230809 2760894 9710519 2080519 9710205 910205 3230969 3230371 3730004 3730638 3730371 3730004 3731010 3731010 3730646 3730969 3731010 3730646 3730984 3731010 4631010 3730646 4630371 3730004 8190969 8190829 9710462 9710496 9710752 3700752 3700212 3700212 3700043 9710729 8710752 3700043 3730833 2760743 2080888 7790888 7790964 2080519 8190964 3730004 8190857 5370964 2760741 230857 230350 230924 230006 6660996 9350371 3951002 3930422 730969 730741 3230741 730350 9710995 730801 230952 8710043 3470441 8190857 8190205 8190770 230504 2760743 2760752 5370772 8710770 2760071 9710782 9710350 2760741 8710969 8710888 9710969 8870770 7790741 2760930 9350519 2750857 730200 730937 3230969 730969 8191002 3950560 250200 1031010 1030993 230920 2760741 730857 8190519 8190466 3230888 730770 9711002 9710422 300872 3700741 3930560 3930519 3930924 3700969 3930880 9710969 2760872 6660580 6660996 2760364 2760580 2760580 8190829 5370160 8190930 8190519 6660857 6660580 6660930 6660212 6660580 7770857 3230930 5231023 5370687 230767 730741 3230741 730880 8190857 3230752 3230888 730363 4720043 730580 730687 3930205 9350729 8870969 300872 3250741 4720752 3250560 8190857 730857 2760646 730857 730144 6660857 6660043 8711002 2760752 730743 2760752 3730519 3730241 8190519 2760930 6660930 9350930 230857 6660741 2750857 730205 730043 730948 3230880 730580 5370924 5230969 730741 730071 6660969 730741 6660043 730741 730752 730857 9350913 730144 9350743 6660741 2760422 730212 6660006 2760205 8870205 730043 730560 6660857 9350519 7980973 7980973 9350560 8190857 9350422 3230422 9350928 730928 3230519 8870812 730928 730544 730928 8870969 730752 730212 730646 8870580 3700043 8870422 2760969 730937 3700864 3230739 3230888 9710864 2760948 730371 9350872 3930857 3930205 8870969 8710969 8710752 9710812 8711023 5230857 3930857 9350371 9350872 3930857 9710996 3230969 3470961 9710176 8710414 730857 3230422 8190920 2760952 230963 5370043 8710043 3470043 9710995 3730043 3730960 3731010 3730004 4630200 8190857 8190741 8190071 3470987 9710743 7790964 8340519 7790937 5370888 3230924 730519 730857 730857 730812 730857 730964 6660580 730937 9350993 8870424 3230205 3230739 730646 6660422 2760371 730770 730928 730071 730752 730870 730560 730937 730560 730646 730544 730363 730857 730870 3231023 6660857 9350964 730857 6660996 3700896 9710422 2760752 4720743 2760942 3251007 9710205 8870770 3470923 2760960 9711007 9711007 2760961 2760942
731023 730872 730928 730200 9350729 730870 6660930 730928 4990930 9350930 730857 4990930 4990928 6660930 730200 730043 9350741 730200 730646 9350422 730200 730948 7980973 7311002 4990857 730857 730928 730928 730796 730928 730544 9350371 730937 5370519 5370930 9350422 730857 730857 6660969 2751023 730741 730969 730857 910422 730646 9350937 730888 730741 730969 4990043 230857 730930 730422 730544 730812 730043 730043 2760580 730043 730752 8870043 730796 730880 730948 9350422 730964 730857 9350996 730857 2760371 730937 5370841 730560 730812 730969 2760371 730371 730770 730812 9710995 910043 730646 2760928 730880 7790200 730071 730857 8870580 7790752 730857 730363 8870043 7790371 8870743 8870205 8870424 2760928 2760928 8870043 730880 7790857 8870888 7790857 9040580 3700212 8870580 730969 1920857 2751023 3230930 730144 730422 2760006 5230930 9350371 6660969 730200 730519 731023 730496 8870580 2760872 5370160 8190519 9710923 2760414 2760924 230496 7790888 7790937 8870812 9040772 7790924 7790371 7790371 5370404 7530857 7790937 8190422 8870770 7790961 8870888 3700200 910200 7790371 8870969 8870743 3230646 2080414 7790200 4720371 3251007 3950888 730969 6660580 2760741 730924 730772 9350414 2760928 8870772 730414 730414 230809 2760741 2760580 730414 8190857 3730268 3730004 3730043 3730043 1760973 250043 8190857 5370772 230857 2760942 230414 8870772 9710414 9711007 3230924 2760752 8711007 9040772 230767 230880 2760772 230496 2760770 2760770 2760770 7790200 230741 230741 730743 730144 730741 731007 9350519 731007 730961 730961 730801 910937 730880 730969 3930414 730969 3930043 3700043 910043 910205 910560 910857 9710857 8190969 8190857 8190857 8190913 7530857 3230371 9710864 730741 230350 730519 2760371 2761002 2760872 7790770 8190371 250519 7790857 7790937 7790200 7790969 7790424 7790729 8870772 9350913 730646 5370282 730200 9350996 730857 730200 730200 730857 2751023 1920857 4990928 4990928 731007 730857 6660580 730580 6660043 2760961 4990928 730200 730960 6660304 6660527 6660580 3230969 4990043 6660996 6660741 6660304 6660561 4990043 6660880 9350752 6661007 730200 6660996 730880 5370743 730928 2760928 730200 2760422 3250560 730857 730200 730857 730857 730043 5370043 730928 2760580 730880 4990043 6660880 6660422 6660930 6660930 730205 7790200 730371 7790371 730560 8870772 7790937 7790937 8870518 730937 910544 7790770 7791007 7790752 3950960 8870580 8870772 4720580 7790924 7790770 3250741 730580 7790741 7790424 7790741 7790770 7790741 7790770 3470043 9040580 8711023 9710297 3230969 730930 730801 6770160 2760371 2760205 2760560 5370924 5370371 2760414 230414 2760043 2760960 2760414 2760809 2760741 2760200 230504 3230770 6660996 2760422 2760870
9710285 7790741 2760896 2760948 5231023 7790857 250071 8710560 9710527 9710928 9710205 3700200 911007 3930519 2760969 2760741 2760741 3730519 1030928 3730519 8190371 3930371 3700857 3930796 2760516 8710422 8190770 8190857 8190857 8190857 8190857 8190857 7090973 8190857 730282 730857 8191010 7090973 8190466 8710466 9040857 7790857 4630580 4630741 3730924 9710923 3700414 3950960 4630930 3731023 4630930 3730646 4630371 3730924 2760888 6660857 9350743 2760812 2760870 8870870 2760928 3700870 250071 2760964 2760652 7790857 7790424 5370371 6660043 6660741 1920857 5370924 9350964 1920857 730043 6660422 730930 6660857 4990857 1920857 6660422 1920857 4990928 4990043 6660580 6660371 4990043 4990928 6660043 4990043 1920857 6660996 2751023 1920857 4990928 2751023 730200 1920857 6660043 730743 730930 4990043 4990043 4990043 4990043 6660043 730071 730930 4990043 730363 730071 730422 9350741 730928 6660580 730870 6660580 730363 730743 6660371 730772 7980973 7980857 6660160 3930386 9350993 9350924 9350160 3250857 230857 2760687 6761002 5370770 5370960 730580 8710752 2760809 3730004 3730004 230422 6660304 730422 730580 730422 730519 730519 730212 730754 2760580 230350 2760833 2760924 2760371 8870833 730770 8190741 8711023 8190371 3730004 3730004 3730519 3730200 3731023 8190857 3730241 8190857 5370841 8190580 8870424 8870580 730928 8870580 730928 2760580 8870580 730580 2760948 8870580 730580 730646 2761002 2760870 2760870 8870870 730870 730870 2760870 6660043 730937 6660580 730114 730363 730544 6660422 730743 9350200 4990930 6660422 730043 730741 6660043 730422 2760200 6660043 730200 2760770 2760960 730741 230741 6660741 6660924 2760527 730422 730006 730937 730928 8870743 730743 2760960 5231002 9350304 8870205 730857 9710205 2760928 2760741 6660304 7790519 2760928 8870812 730560 7790937 8870969 8870043 3470987 3950888 7790857 7790857 8870770 7790424 8190857 8190930 2760928 3700960 3700205 730580 6660304 230952 3730205 3730602 8190466 3730205 8190857 8190466 2760516 2760114 2760772 2760772 2760772 8190772 7790772 730969 9710037 3470441 3470987 3930996 3230422 2761002 730561 2760205 8870772 7790937 8190422 7790857 7790937 7790205 8190812 3731010 3730872 3730004 7090973 3730812 1760973 1031010 1030857 3731023 4630371 1760973 1760973 8190930 7090973 8190580 2760114 730960 2760770 730350 2760580 2760043 9350770 6661007 730200 730544 6660580 2760580 6660580 6660006 9350371 6660872 730580 6660043 6660580 6660006 730948 730928 730928 5370071 6660043 4990043 6660043 6660969 730200 6660741 4990043 6660460 4990043 6660371 730200 730580 730796 730928
520969 520741 8710767 3930560 8710560 8710872 6900872 6900872 8190969 7090973 3730969 730741 3230930 730770 3731007 3730422 3730422 8190880 8190801 7790519 9710285 5230422 730812 730200 2760960 2760580 730422 2760580 2760560 4630580 8190560 5370859 7790560 7790857 4630580 250580 910937 3700969 300996 9710739 8710996 8190519 730144 3230212 730144 730519 3230205 730561 730880 730560 7790937 3730422 4630200 3390043 7790857 7790937 7790200 7790741 8870424 9350741 2760741 6660043 6660043 730043 6660043 730043 730969 730960 6660880 6660422 9350996 6660043 6660580 6660043 6660580 4990928 4990043 4990043 2750857 4990043 730371 4990043 4990043 6660580 6660580 4990043 730857 4990043 1920857 730580 6660969 4990928 6660043 6660043 4990043 6660043 4990043 4990043 730752 4990928 4990928 6660969 9350422 6660857 6661007 2750212 6660857 730857 1920857 6660043 730857 9350560 730741 730200 730857 730043 6660304 730200 6660043 730960 5230560 730870 730752 730770 9350743 8870422 730770 9350371 6660857 730200 2760928 6660996 5231023 9350812 6660857 5370371 3230741 730752 9350770 9350741 730350 730743 730743 9350772 2751023 9311023 9350888 730888 9350888 8870743 730924 730364 9710462 5370752 730964 2760961 3230739 2760888 9350743 9350888 730996 5370043 9350888 730071 9350812 730964 5231023 730371 730371 6660948 9350770 9350560 6660996 9350414 730580 8870888 6660857 6660580 6661007 6661007 730937 3230928 730960 5370888 5370888 8870422 2760743 8870870 2761007 5370841 2760200 2760646 3230071 730928 9350752 730924 8870414 730646 9350937 730743 7790937 2760924 730519 3230646 730743 2760752 230767 2760770 230350 2760770 5230519 3230924 2760071 3930519 2760527 2760741 730888 2761007 3230350 730743 730006 730772 230350 2760043 730646 2760371 4720371 7790205 7790741 7790870 9040870 4630930 4630004 4630937 4630043 7790652 8870580 9350996 2760422 730071 730870 730870 730964 730924 6660948 730580 730580 9350888 6660580 6660527 730519 4990928 6660422 730371 6660043 6660857 4990928 730200 6660043 730071 4990043 6660580 6660006 2760043 6660043 9350870 6660857 6660880 730580 6660741 730200 6660812 730857 9350519 9350937 5370282 8870812 8870518 4720200 5370743 8870580 8870743 8870580 9350741 4990857 9350961 5370894 4990043 730646 730964 730646 7790969 2760743 8711023 2760752 2760888 8710519 1030993 2760371 2760687 3470872 2760924 2760043 730200 731023 730812 2760924 6660741 2760928 9350993 8190560 8190942 4630829 7090973 4630741 2760687 250519 2760176 2760043 3930043 3230969 3470285 9710496 2760741 2760928 2760928 2760928 2760928 731023 6660212 5370043 8870043 6660800 8870422 7790729 7790729 730580
3951002 3950960 3230741 3230872 9710414 2080894 230809 230741 230504 230809 2760741 9710894 2081023 3470857 3470923 8710350 3470373 9710176 3930796 5230414 9350894 3930743 730371 8870770 3230741 8190894 8710888 9710782 8710504 9710782 3470373 2080770 300996 3701007 520743 5370801 5370519 8190519 5370801 5370519 9350801 6770160 5370801 5370801 7790200 9350519 5370754 7790857 8190519 7790770 8190519 2760969 7790857 7790424 7790937 7790857 7790937 3700924 3700996 3470373 8870560 9710809 3230743 8710987 9710782 8870770 9710920 8710646 3230969 3230212 3700205 3700924 3700964 9710176 9710928 8711002
8871002 4990043 4990160 730752 730870 4990928 730729 6661007 730870 730646 8870424 730928 9350772 730928 730928 8870043 730928 8870043 730043 8870043 730363 730544 3700200 8870043 4720363 8870424 730928 8870043 730043 730948 8870580 8870580 730580 8870580 7790937 730212 7790924 7790200 730812 8870580 8870580 8870043 8870043 8870043 730561 6660872 9710743 2760580 9710043 2760043 2760043 2760144 2760930 230767 2761002 2760888 7790857 8711023 8710350 520942 3930212 3930924 3700969 3930414 9710888 9710414 2760924 2760071 2760888 2760560 2760350 2760752 9710519 9710071 3470987 2080770 9710544 8870969 7791007 730043 730729 730114 8871002 2751023 5370743 5370743 730200 3230371 731023 6661002 6660422 6660580 6660930 6660930 4990043 6660371 4990043 6661002 6660969 4990928 1920857 6660857 4990928 4990928 6660580 2751023 4990928 9350937 6660969 730200 730200 730937 2750857 730200 730200 2751023 6660043 5370043 730580 4990930 7310004 2750857 2750857 730888 730928 3230205 730928 730544 2751023 730200 3231023 730200 6660741 730200 730857 730743 730364 730371 730896 730928 9350993 730544 5370043 7980973 7980973 4990930 6660857 730857 730857 2760964 730857 730857 3230888 6660969 8870043 730363 8870580 730928 730964 7310004 730930 730888 9350772 2760200 730363 7310560 4990857 8190422 7310924 730857 730857 730205 730857 231023 730741 730114 730937 730928 730960 6660160 731023 9350304 3730770 7310924 7980973 7980973 7310004 3730004 7980973 7310004 7310004 7310741 4990857 7310004 6660857 7310430 8190930 9350741 9350422 6770857 2760930 9350422 8870870 2760200 9350519 7310363 9350888 6660880 6660812 730937 730857 6660304 6660857 3230930 730964 730857 730371 730519 3230772 6660880 9350519 4990160 3231023 6660857 6660741 6660969 6660880 6660741 7310924 7980973 6771010 7980973 7310004 7310371 7770857 9350752 6760973 4990857 4990857 9350770 6660857 9350930 6660969 7980973 9350743 2751023 9350993 9350752 730857 9350371 6660460 6660880 730996 6661002 730043 2760930 9350144 6660580 6660857 730964 730894 730880 231023 730857 730544 730937 9350993 6660580 9350937 9350212 5370371 9350560 730857 730200 730937 9350801 3230880 730363 730857 8870518 730937 730857 730200 730857 6660857 8190857 6771010 7980973 7980973 7980973 7980973 8190964 8190857 5370772 5370371 5370071 5370772 8190519 7790857 7790857 7790857 7790857 7790857 7790857 7790857 7790371 7790371 7790371 7790770
7790857 8190857 3730228 7980973 1760973 9350741 6660924 9350371 9350872 5370924 3470870 8190205 8190519 2760870 7790870 8190519 8190772 8190519 9710752 9350880 8710857 5370960 1760973 2370973 1760973 3730782 1760973 5370960 6660560 9710995 8190422 2760964 8190205 8190646 5370743 5370071 8191007 5370896 3230770 9350414 9350741 9350560 1760973 4630200 5370894 5370519 8190404 5370043 5370743 5370043 8190930 730857 9350930 6660212 6660212 9710466 8710466 1760973 3730888 1760973 3730004 5370930 9350371 5230930 8190752 8190930 9350560 7530857 6660857 8190829 8190422 5370419 8190964 8710857 8190770 8190741 8190857 5370964 7790857 8190519 8190519 8191023 8191023 3731002 1760973 1760973 4630200 3730228 3730646 3731002 4630200 1760973 3730004 8190652 8191002 5370371 3230864 8190371 910857 250200 1030043 2760897 2760930 6660580 6770160 230422 2760996 2760422 8190422 8190580 3730460 3731002 5370043 2760200 5370894 2760519 730043 3730422 3730580 3730519 3730646 3731007 8190466 4630580 8190857 8190422 8190857 3730646 3730004 1760973 3730004 3731002 8190466 231023 2760414 2760741 2760924 2760114 8190404 5370043 5370371 8190519 8190741 8190519 5370930 2760897 2760144 2760144 2760144 2760516 2760144 5370924 8190687 7790857 8870424 2760516 5370687 9350519 230924 6660872 2760920 2760496 2760350 2760924 2760924 7790964 2760741 8190519 2760888 7790200 2760960 8870770 8190519 5370833 5370043 730857 3230212 2750857 7980973 9350961 9350961 8870969 3731002 3731002 8190857 8190481 8190857 8190200 3730004 8190519 9350371 9350516 5231023 8190772 3731023 3731023 3730519 3730872 8190857 8190857 9350964 9350928 9350964 9350928 6660304 9710928 6660422 3730241 3731023 3731023 3730741 4630580 8190857 4630200 8191023 8190930 8190519 3730071 8190519 9710930 2760371 8190772 3730460 4630200 3730004 3730004 6761002 8190687 9350371 3700285 9710891 2760752 8710996 3700414 8190812 3730752 5370924 2760560 2760580 2760961 8870424 3730004 8190913 8190580 8870424 7790924 9350519 3230519 8190580 8190964 7790857 5370888 7980973 8190801 7790857 2760801 5370772 6660857 6661007 9350928 9350928 9350928 9350928 730857 3250857 9350560 3700870 3700422 9710297 3730924 3730422 3730006 8190422 2760114 5370741 8190857 3730200 3730496 3731023 1760973 3730646 3730646 3730646 7790857 8190519 8190404 8190913 8190519 7790424 5370043 2760930 6660460 3730772 2760964 2760870 2760964 2760496 2760870 2760894 2760964 2760888 8190857 3731002 1030282 2760741 3730371 1030969 3730969 4330857 5371023 230414 2760414 2760772 2760414 3730071 3730772 1760973 3730004 1760973 1760973 8190772 8190857 8191002 9351023 2760969 730519 230857 2760942 8190519 8190857 9710767 8710504 7531023 9350770 9350741 9350741
2760516 2760071 2760770 8710371 7790741 2760772 8710772 2080414 9710739 9350880 9710496 9350888 9710739 8190772 3730743 3730743 8190857 8190652 8190071 3470987 7790964 9710043 8710371 730752 8190580 5230466 3390752 2760952 9710580 3470043 7790857 8190519 5370924 8190801 8190857 8190414 3231023 3231023 4990043 6660930 730870 6660043 2760930 5370043 2760930 5370743 2760043 4720964 9710743 9710920 3470857 4630960 4630857 4631010 4631010 7090973 7090973 7090973 8190857 9760857 9711007 9710071 3230071 730282 730996 3230996 3230205 9710205 9710894 8710772 3470772 3470772 8190857 8190913 8190872 7790200 2760043 5370924 5370043 7790857 7790200 5370371 7790424 8190422 8190880 8870560 7790857 8870580 8711023 5230930 2760646 3730519 8190770 2760371 7790857 8190870 3230880 3230996 2750212 3230741 2080894 2080894 8710888 7790964 2760743 9710782 9760964 7790770 2081023 4630772 8190646 8190964 8710772 9710930 9710833 2760752 2760752 2760043 7790371 2760743 8190969 8711023 3230350 5230422 9710297 3230996 9710414 4720371 3700969 9710969 910071 9710857 4630282 8190857 2760043 7790772 5370043 7790200 9710920 3470772 9311023 9710960 8710043 2760809 9710752 9710772 2760373 730414 8710782 3470782 7790770 8870888 7790896 9350770 230809 6660754 230422 2760924 2760924 8710872 3700285 2750212 3230928 3230304 3230996 300996 5230422 3230812 3230205 9710544 3471007 3471007 3471007 8710205 9710414 3700969 6760857 8190404 9040857
730857 730857 6660741 6660580 730857 730687 730743 9350870 730937 730812 730896 730200 730071 3230752 2760961 2760043 730937 730888 2760114 730770 2760743 8711023 2760961 3950960 5370752 3230006 2761007 2760964 8710580 3471007 7790741 3471023 7790896 230741 230872 1551023 230857 3230864 3230560 2760741 3230304 3471007 8191007 3950896 9710741 3950888 730880 910200 9350996 3930422 3930880 3230212 8710205 9710422 9040864 8710767 7790371 9710961 3950960 8190519 8870580 7790969 8190872 730857 5370282 6660857 730857 9350205 5370043 730857 731023 6660580 6660422 6660580 6660580 6660857 6661002 6660857 730880 6661002 6660930 730200 4990928 730200 6661007 4990043 6660969 6661002 730857 6660924 4990928 730544 730857 730857 6660857 730857 6660969 730200 4990043 730857 9350519 9350743 730857 730200 730870 6660857 730580 730743 730200 6660006 9350519 5370071 730857 730857 2761002 730519 730857 6660580 2760200 730870 730496 730960 9350870 2760580 910580 8870580 730770 8870888 3250741 2760741 730924 730857 8870580 2760928 3250560 9040580 2760560 9350924 5231023 5231023 8190496 8870924 3700200 7790200 730857 5231002 730006 7790518 730796 8190969 9350993 8870969 910205 8870580 8870580 9350687 7790371 730857 9350304 9040580 8870144 8190741 9350741 7790937 7790752 9710995 3470782 3700212 3700770 3950960 3700071 8550580 8190646 8190961 8191002 8190872 8870969 8870969 2760961 730646 7790969 7790969 8870580 730646 730646 2760580 6661002 730928 6661007 6660460 3700200 6660948 8870560 2760560 2760422 731023 6660948 2750857 730200 730937 730870 6660996 730857 730729 6660741 6661002 6660948 6660996 730200 730930 4990928 6660741 730857 4990857 730857 2750212 6660930 6660006 6660527 9350772 6660560 9350422 4990928 4990928 6660857 2751023 2751023 730857 6660930 6660043 730857 6660422 9350870 6660043 6660043 730930 9350930 730857 6660930 4990930 6770857 3230930 730200 730857 4990930 9350930 6660872 4990930 6660371 730928 730205 4990930 730857 2760580 4990043 5370371 730200 9350371 730928 9350924 2760969 8870424 730006 2761007 8870043 730964 8870969 730741 2760371 4720043 730964 8870743 8870888 730544 3250580 9350560 8190205 3231023 5370888 730743 9350160 8190580 6660460 7790200 730371 3230527 730371 730857 2760350 2760996 9350422 8870888 9350304 8870743 730937 9350880 730796 2761002 6660812 730043 2760580 2760948 2760996 8870422 2760371 730646 730743 9350812 730741 2760580 9350371 6660948 730888 5231002 2760812 730752 6660996 730560 730560 730870 730928 6660948 6660857 730857 6660996 2760928 5370741 5370741 730560 730743 2760770 730544 730937 3230496 3230924 9350996 9350870 730928 730743 730743 3250741 9350212 6660580 730812 2760770 9350741 2760043 5370371 6660580 730743 5231002 2760752 8870580 5231023 730924 7790424 2760741 3230212 2760996 2760646 3700870 9350880 8870414 3470857 7790870 9350913
8550580 730872 8870580 2760580 730200 2760928 730519 730770 2760752 6661007 730960 730200 730870 6660043 6660212 1920857 1920857 2760200 730857 6661007 730857 6661007 6661007 9350212 730870 730200 6660422 2760580 6661002 730580 730371 3700519 730114 3230519 2761007 6660880 730560 9350993 730770 730560 730937 3230519 730212 3700200 3230880 7790964 9711002 3471002 7790741 4720363 730282 3230212 6660212 3230422 8870880 730519 7790519 2760414 2760560 2760176 2760414 2760960 730228 730743 730071 730964 6660969 2760928 730964 3700888 730928 3700743 3700743 3700960 9710212 3700880 9350741 8191010 3230646 910071 911007 910371 9710880 3700285 9710212 2081023 8190896 8190857 7090973 7090973 7090973 3390043 7790896 730928 230924 6660561 300996 2760894 2760880 2760888 730896 730896 3230772 8870743 730888 730560 230924 2760870 730870 730964 730969 730870 6661002 730646 4720969 730363 730796 8870580 3230928 3230969 3700969 5370841 3701007 3700043 3700043 3700770 8870770 9710043 3700043 3230924 9710205 3230646 9711007 3230560 8340519 2760928 2760043 2760928 730114 9711007 730212 730796 5370930 730200 6770160 730857 230741 730560 2760350 730646 9040580 3470580 7090973 3950888 9710743 3700580 9710580 9710580 9040987 4720964 2080888 4720888 3230996 3230527 3700580 3230560 8870580 8870580 9040580 8870580 4720363 2080519 8550519 2080414 8710422 8550519 3950560 5371007 3230864 4720772 4720371 2760371 2760741 2760560 7790519 2760741 2080519 8550519 2760924 730752 8870580 4720043 7980973 3730004 1760973 1760973 1760973 7090973 7090973 8190519 730646 5370371 730144 730646 4720969 7790969 4720363 730371 8870880 2760741 730371 730006 730212 730961 6661007 6660930 6660580 730580 1920857 1920857 4990857 1920857 6660580 1920857 6660741 4990043 1920857 730870 6661002 6660580 730200 6661007 1920857 730741 9350993 730687 9710864 730752 730896 730144 3230646 730560 730114 730687 9350924 2760872 3230560 730812 9350880 2760924 2760371 910371 9710043 8870770 2760961 9711002 3250371 8190930 8190857 8190913 3950888 7790894 7790894 7790964 730741 3230772 230006 230006 2760964 230560 3470772 7790560 2760560 7790937 7790560
7790560 7790560 8190857 3730004 8870580 8870580 8870424 8870580 8870969 7790937 4040200 8870043 7790857 5370741 230857 9350870 230963 230741 730930 2760071 5370752 2760930 2760960 7790519 2760920 8870772 8190896 3930743 3470857 8190560 9350888 9350743 9350964 9710782 5370894 730857 730857 2760071 730960 5370964 730857 8711002 8711002 8710987 9350937 9350561 8190894 1600973 3730964 3730420 3730420 3730420 8190857 9350752 8710920 4720857 2760770 9711007 4720200 8190930 5370071 2760888 2761002 730857 2761002 2760580 730857 5370833 730833 730857 9350741 9350519 730770 730767 9350741 9350519 520969 9350519 6660560 3730964 3730420 3730741 3730964 6760973 230350 8710864 730801 5230422 6660006 230006 2760930 6660741 2760809 9710285 2760205 2760964 2760987 2760964 5370772 730772 2760770 2760770 2760580 2760580 2760752 8870424 7790200 8870772 8870833 730960 8710857 2760930 2760519 3730743 3730602 3730004 3730004 3730004 3731010 3730004 8190857 8190857 8190964 9350414 8870942 9710071 9710964 8711023 3730004 3730043 3730888 3730386 8190580 3700960 9350770 9710891 9710580 730809 9350888 730937 730071 6660561 730772 8190857 8190200 2760930 2760930 730043 730888 2760833 230350 230741 2760071 230924 730767 3230205 730741 730754 230872 730519 730414 230924 230422 230872 730857 730363 8190930 5370071 8190160 2760897 2760896 2760897 2760754 2760516 2760894 230857 2760414 9350752 5370071 8190857 9350894 8870969 9710928 3700770 3700285 9710928 730888 730964 3230071 5370071 2760176 2761007 5370752 8190580 7980973 6660043 730857 730894 3230770 9350894 730888 8870743 5370743 9350888 730114 3730430 3731023 3730580 3730580 3730200 3730646 3730580 3731023 3730898 3730941 4630200 8190857 5370930 6660930 2760580 6660996 6660880 2760422 2760560 8710422 8710580 9710422 8711002 3700043 9350928 9350996 6660561 9350872 730857 3731002 3731002 8870580 9350160 5370754 6660560 2751023 2751023 730205 730282 731007 2751023 730752 730809 8871002 8870969 8870969 730937 2760969 2760930 1030282 3731023 1030928 1031010 3730646 1030857 3730241 3730241 3731023 1030969 1760973 3730241 3730228 8870969 8870580 8870770 9040580 3700739 8870560 7790200 730646 2760205 2760043 8870772 5370371 8870414 7790752 730857 8870580 8870043 8870770 730560 9350371 3730004 3731002 3730928 3731002 3730228 3730928 3731002 730857 230857 730043 730857 730496 2760043 730043 730519 2760897 9350754 6760857 3730580 3730241 3730241 3730519 3730241 9350930 9350743 3930043 3930770 9711002 730741 730924 7790969 8870888 8191002 730371 730961 730961 3230996 3230422 8870205 8870424 5370043 5370200 8190580 5370043 8711023 2760752 2760897 2760897 2760896 2760894 2760894 730857 2760200 9710891 2760441 9710772 730969 3930043 3930422 3930422 3700772 8870942 730857 730496 2760752 8870969 730857 9350770 230857 2760888 730754 7790200 5370743 8190772 5370743 8870043 7980973 6660857 3230371 3230872 8870770
730930 9350560 9350422 9350160 9350160 9350930 9350961 3230880 730212 8190160 5231023 5370743 910924 8190770 8190913 7790857 2760872 7790741 9710043 7790772 730924 5370752 5370043 2760752 2760924 7790857 9350928 8710880 8710741 3730422 3730741 3730422 3731002 3730928 9350924 3700414 3470857 3470857 6660160 6660857 3930212 9350964 9350924 3930812 9710371 8710371 9710928 9710544 8190006 7790894 7790741 7791007 4720371 7790924 7790741 3470961 8190580 8191007 6900466 6900466 5230466 730857 3730004 3730898 3730741 7980973 7310646 9350741 3230371 3230930 9350371 730560 730857 3730580 3731002 1760973 5370043 5370371 2760930 230872 5370894 6771010 3730004 7980973 8190969 8190930 8190857 6760857 8190857 6350857 3730004 3730984 3730743 9350516 8190857 9311023 3470857 9710857 8190857 8870424 6660857 2760752 3730241 3930796 8190560 8190969 3730004 3730984 3730004 3730969 3730969 8190857 5370741 9710857 730857 5231023 8190422 7530857 730560 3470930 1760973 3730519 3731002 9350652 3930857 8190371 3730496 3730241 3730993 3730993 5230857 5230857 730857 2760580 6660160 6660996 9350888 5370894 3730241 1760973 1760973 3730371 1760973 3731002 5231023 8711023 9350770 9350752 3930422 3730241 3730969 3730924 8190857 3730928 8190371 9350560 9710205 9350687 5230872 9350961 9350687 9350371 8190205 8190969 3700422 3700205 3700043 8870205 2760205 2760006 9350870 2760770 8710743 7790829 7790937 9350993 3700770 300872 3730770 3730519 9350741 9350770 9350770 9350770 9350741 9710857 9710741 3700200 5231023 9350752 8190496 520857 9350924 9710371 7530857 7980973 3731002 3930741 9350741 8190371 5230872 6660304 9350160 9710864 3250857 5230414 3250363 9350006 9350160 9350516 8190519 3730770 3731023 3730920 3730741 1760973 3730772 4630371 8190205 8190371 3700961 3700857 730560 3230560 730924 4720772 2760741 8870924 9040580 8870772 5370741 9350993 8870424 8190961 3730969 5370964 7980973 8190752 8190913 3950960 8870772 9350519 2760969 2760560 2760422 8870969 7790200 8870833 9350205 8190857 3731002 8190930 230006 730371 3230930 730857 730857 9350888 9350930 730741 3730371 3730964 8190894 8190964 5370888 1031010 5370519 5370519 5370960 8710930 8190752 5370404 6350857 730880 7311002 6660560 3230422 3230422 730928 3700200 3230646 9350961 8870770 8870969 7980973 7980973 2760930 9350519 9350519 2760205 9350519 8191002 5370743 2760801 9350560 6660560 2760801 2760205 6770160 2760833 230857 5230930 5230930 730801 2760580 730960 730741 730770 5230466 730924 730924 5230857 3700960 9710857 3700833 9710037 9350924 3731002 1760973 3731002 3730646 3730182 3731007 8190857 3730182 8190371 8190580 5370964 2760987 8710857 9710782 9710782 2080987 730752 3930770 3700752 3470422 3700519 3470772 7790857 8870743 3250741 8190580 5370043 8190071 8190071 2760414 5370752 8190952 5370043 5370071 5370888 250580
5370801 520857 3700928 3700969 8190200 8191023 9350801 8190870 8190930 9040857 9710864 9710741 3700422 9710496 8870205 5231023 8870560 9350560 9350930 5370930 6660996 9350144 9350560 9350422 9350880 9350880 8870144 8870880 9710752 3700205 3731010 3730560 3730004 8190857 2760043 8190404 2080888 3230739 3930857 3700896 730870 6660560 6660422 2760652 3700870 3250560 8870870 2760928 2760350 8190913 7790200 2760920 8190770 2760767 8710920 8710560 8190466 5370743 5370043 3730071 9350371 9710928 8190741 9350812 8190371 3230371 3230880 3230212 9710739 3230812 3700422 3700205 3230880 9710880 3471007 4990928 3230864 4990928 3230928 8190969 8870560 9040864 9040580 2080200 3730870 3730638 3730205 3730772 3730888 3730741 3730772 8190772 3470857 3471023 5370754 3930743 3700896 7790894 2081023 7790741 7790770 7790896 7790896 7790937 7790857 9040870 6660996 730422 2760752 8710043 9710043 8710646 3700770 9710928 8710646 9710212 9710857
8190071 8190741 9710952 3470857 7090973 1600973 4631010 7090973 7090973 4630004 4630913 7090973 7090973 8190071 2760964 7790857 7790741 3470857 5230466 2080741 3470043 3471023 9710043 9040772 520071 7790770 3470961 520961 910646 910043 3470373 3470961 910043 910071 910071 910071 910071 520071 910043 3930770 730743 910071 3230772 730071 8710930 9350205 9350888 730772 730071 8710767 9710772 730888 5230857 1551023 3930205 730770 730969 9710864 6660560 2750857 8710930 9350752 3730638 3730743 3730782 3730770 3730205 8710930 9350687 730414 730752 3730071 9350770 730071 9350961 9350961 4990043 730071 3930770 730371 730888 3230371 8710043 230504 9350888 730043 730752 3930870 910200 9350961 9350961 9710961 2760144 8710864 9710870 8710646 9710782 3930857 730752 730687 3930772 4990857 3230519 910205 910544 910772 8710969 910071 910200 730743 9350770 8711023 730752 730770 9350770 730496 730937 3230928 9350993 910200 730646 730937 910200 9350961 3930857 730880 910071 730809 730560 3230646 3230920 3230205 3230888 3230646 3230205 9350801 3231023 3231023 8870580 8870580 8870580 8870580 3700200 6770857 6660857 6660857 2761007 5370770 2760200 5230560 2760752 9711007 2760752 3230496 730071 3230496 8870772 4720752 3250741 8870770 3471002 4720752 8870888 4720200 4720200 8191007 9350741 9350741 2760928 2760646 5370894 5370859 4990043 730857 5370160 9350144 8190371 9350872 9350516 5370371 730870 5370833 9350205 5370772 7980973 9350519 730363 9350937 9350937 7790200 7790424 4720200 3230646 8711002 730646 9711002 3471007 9350687 9350772 8870888 4720743 8870424 4720964 8870743 9710043 8711002 730071 1920857 6660930 1920857 1920857 4990930 4990930 1920857 4990043 730770 730930 730200 730144 6660043 730743
520857 3930924 520857 9710729 520857 520743 7090857 7090857 7090973 7090973 3930741 3930857 3930857 9350752 9350770 9350741 9350560 9350812 3930772 3930422 3930212 9710071 910857 910071 910363 9710969 3470961 520071 4300519 2760504 7790519 2760770 7790896 2760772 2760422 2760870 2760527 2760519 230560 2760560 9710006 3930772 730870 2760205 2760205 2760894 2760422 2760422 2760952 7790752 2760516 9710894 3470833 9710205 7790894 7790200 2760741 7790894 9710205 2080770 9710544 730772 230496 230422 231023 730964 730896 2760897 2760870 2760894 2760894 2760894 2760772 7790870 7790770 2760646 7790770 2760043 2760043 230006 6660560 2080741 9710006 3950560 9710920 8710752 9710580 8710580 730924 2760144 2760809 5370743 5370743 8190071 3950888 2760504 2760894 9710006 7790414 7790752 9350519 3930519 3930386 9710414 9710752 8870414 8870924 5370071 2760071 9760200 8190896 7090973 8190812 8190519 2761007 2760987 4720888 2760964 2761007 2760896 2760414 6661007 2761007 3470870 7790870 2760770 7790560 8550519 8550519 7791007 6660872 2760872 2760897 2760580 2760580 2760770 2760770 2760964 2760580 2760894 2760960 230504 2760422 2760969 6660996 2760144 6660880 2760870 2760952 2760960 2760071 230414 2760071 2760580 2760767 2760504 7790937 2760496 2760580 2760496 2760752 2760043 2760043 2760942 2760114 7790414 7790371 2761007 230414 230741 2760414 2760930 2760870 2760414 2760519 2760043 2760371 7790870 7790741 2760924 3390043 250043 2760961 2760961 2760743 3470870 6660527 230350 2760580 730000 7790870 2760580 3730004 3730004 8190466 7090857 3730004 4630580 7090973 4630937 4630930 7090973 7090973 4630004 4631010 4631010 3390043 4630043 4631010 4630004 4630937 7090973 4631010 4630937 7090973 7090973 7090973 7090973 4631010 4631010 4630857 4630004 4631010 4630937 4630004 7090973 7090973 4630004 4630638 7090973 7090973 4630937 4631010 7090973 7090973 7090973 7090973 4630930 3390043 7090973 4631010
5370754 5370754 5370754 5370754 5370754 5370754 730754 2760754 5370754 5370754 5370754 5370754 5370754 5370754 5370754 6770160 5370772 9350772 5370772 5370772 5370772 730857 9350652 5370772 730772 5370772 5370772 730772 5370772 9350772 5370772 5370772 5370772 5370043 5370043 5370752 5370043 5370043 5370043 5370043 5371007 5370043 5371007 5370043 5370043 4990857 4990857 9350930 3730422 9350205 5370371 9040857 7790937 3470930 8190741 7790560 8710857 9350770 730772 730964 5370964 730646 730857 5370888 730772 5370888 730772 7790772 3950888 7790772 7790937 6660304 9350772 730772 7790200 8870772 3700772 9350422 230560 9350212 8870772 8870888 7790729 7790857 9350414 9350371 6660857 230857 9350924 9350205 9350422 9350772 9350772 9350772 9350772 730772 730857 4990930 9350930 9350560 5370043 8870043 730350 520857 3700043 8550519 3390043 4630930 1551023 9350371 3230872 6900872 730350 2760924 910924 4630741 9350371 8190205 9710350 3470006 9350870 3731010 3731023 3730741 3730870 3731023 7090973 4630913 7090973 5230350 5230350 5230350 910371 520969 9710729 3470739 230741 9710923 9710371 7790741 9710741 9710809 5370930 730857 730754 910560 9040772 6770160 9350801 5230519 5231023 2760996 9350560 5230422 3470739 3470872 9710575 9710812 7790961 730961 2760519 2760961 2760952 250961 250961 2760772 2760770 910772 2760373 7790969 5370043 4990043 730969 730924 730969 7790371 7790043 910043 3470285 8190741 8190741 8190481 3470923 730857 520857 7790870 7790969 5371002 5370772 230872 5370772 5370772 5370772 1030282 9350729 8190880 9350212 3700796 9040796 8190880 8190812 4911023 730964 3470782 9710964 8710996 2080770 730767
1030043 6771010 5370043 5370043 5370043 9350741 9350924 730371 1551023 8710872 8710864 8190969 9710371 2760741 520741 8870924 5370043 3731002 3730460 5370930 5370930 230963 2760930 2760752 2760930 2760928 730767 2760441 8710969 8710350 730857 730580 730741 730880 730752 910580 9710422 910580 9710969 9350561 9710969 9350880 3930212 910560 2760580 9710043 8190071 8190930 8190205 9710964 9350770 9350414 9350741 8870924 3730004 3730602 7980973 3730460 5370801 5370930 9350930 2760930 9350772 230857 230920 8711002 730964 8710969 9710870 8711002 9040987 7790969 8190969 8190913 5370743 2760752 2760752 9350519 3730386 3731002 3730870 9350870 9710857 730770 9350160 8710770 9710371 8191007 4720857 9710870 8870770 3731002 3730812 8190969 3730969 8191002 8190200 7790857 7790857 7790969 8870969 8870969 8870580 7790969 7790969 8870772 8870833 8870833 8870580 7790969 7790969 8870772 8870969 8870580 8870969 730228 730928 8870580 8870580 730969 9040580 7790937 8870833 3700580 7790969 7790969 8870580 7980973 9350888 9350741 5370741 5370160 4720743 910580 6770160 6900872 8190930 9350160 3250580 8190160 8190772 8190371 3930857 3730969 3730504 3731023 3730770 3731023 1030928 7980973 7310924 9350414 9350870 3930870 9710809 8870414 9350770 3730241 7980973 5370859 5231002 3930371 910371 910200 730741 3700961 3230741 8870969 3230739 910422 8870880 910646 9350371 3230006 5230872 3700996 910741 3730496 6660422 6660580 2760930 3700580 8870870 6660812 2370973 3730898 2370973 3731023 3730228 3730969 4630969 4630969 1760973 8190857 3730993 5230857 5231023 730414 3230371 9710987 3700964 2570519 8870924 9040580 520741 8870580 3700969 8550519 8870969 8870580 3700519 5370200 9350519 9350870 3250857 730857 8870888 3930560 6660304 7980973 3730422 7980973 1030984 1030969 1030969 4630266 5371023 4630969 4630580 8190071 9350888 3700870 8711023 4720741 8870924 8190913 8190767 7790870 4630043 4630043 4630200 3731023 4630200 4630580 4630580 250043 4630580 3390580 3390580 250200 1760973 8190857 8190770 3730920 3730602 3730770 3731023 1760973 8190857 8190857 8190646 8190752 8190894 2080888 3730782 3730920 3730268 4630200 8190857 1760973 1760973 4631007 4630424 4630580 4630580 8190071 8190920 8190496 9040857 3470373 3950888 8190071 4720857 520857 3700414 3700285 9710920 8710752 8710504 3950888 9710782 3250741 4720741 4720741 9710772 7790741 9350752 7310004 5370371 5370743 5370930 8191007 5370888 5371007 5370888 8191007
3730928 3730496 8191010 7090973 8190160 3700414 3471007 4720371 8191007 4720857 4720743 730888 3231023 3230743 2760176 8870743 8870772 3230754 730857 730371 730948 730801 2760580 2760752 8710930 2760770 9350519 2760770 2760496 2760770 2760071 731023 2761002 2760767 2760580 730896 3930857 9710969 7791007 3730833 3730602 3730386 8190930 7790857 4720857 8190580 2760870 9350896 3731007 3730228 3730004 3730004 8190160 8190160 8190160 8870870 4720743 2760964 2760043 2760743 2760743 4720743 2760743 3730200 3731023 3730043 8190857 9350212 9350996 9350561 730928 730857 8870424 8190857 8190857 8190857 2760741 2760441 2760422 2760071 3700960 7790888 730857 730857 2760176 730580 2760580 3730580 3730580 3730928 3730580 8190652 8190880 8870424 8870888 9350913 3250857 6660160 6660160 730894 3730602 3730638 8190930 3730928 3730004 8190857 8190870 3700857 8190857 8190496 3700519 2760880 2760770 7790752 3730964 1600973 3730602 8190857 3730004 3730928 3730504 8190770 8190857 9040857 9711007 3730770 910741 4720200 2760516 8710350 3250363 8870969 5231023 3930924 9040864 8870770 8190770 2760371 5370930 1030638 1031010 3730872 3730872 5370371 8190371 2760872 2760872 8190872 2760872 2760872 7790964 7790894 7790741 7790896 2760144 2760516 2760646 2760896 9710519 2760964 8190580 8870580 3250580 9350937 2760952 2760928 2760373 2760646 2760752 3700770 3700519 3700960 3471002 7790770 2760770 6660371 730796 730144 9350880 6660872 3700043 2760896 2760872 2760960 2760752 2760200 2760752 9710930 8190496 2760752 2760504 8190770 3730004 2760770 2760496 2760770 2760888 2760952 8710519 3730268 3730268 8190801 4630741 8191023 7090973 3390043 8190913 9710969 730144 910772 910043 730071 730071 910043 8870770 3700770 3700200 3250580 9710580 730809 730960 730960 730960 3230304 3230752 730928 3230770 3230770 3230752 910772 730969 2750857 730857 730857 730969 910772 730071 3700772 3700960 730928 3230752 730212 3230770 9350870 3470870 9040870 3700870 9710422 7790937 2760969 8190870 230857 5230930 5230930 5231023 730212 9040772 3470772 9040772 730857 2760930 730870 230857 2760930 2760969 6770160 8190969 8190969 9350371 730114 910580 4720969 8870969 3730969 910924 2760942 2760969 3730638 3730969 8190160 8190969 8190857 8190870 3730386 3730969 3730870 3730870 4630930 7090857 8190969 8190969 8190160 910857 910857 9710961 5230371 9710006 9710371 3700741 9040772 9040772 3701007 3230920 4720888 8870888 8870580 3250580 8870424 730729 6660930 730071 730043 730928 730729 8870833 3930519 8870560 3931002 8870880 9710422 8870743 8870424
730857 9350160 8870205 6660580 730888 8870743 8190071 730801 910741 8870969 910937 8870969 5370894 9350913 8870424 910937 910200 910969 910937 910043 910580 910200 730969 8190857 9350924 730350 2760961 9350964 9350896 3230920 3730004 9350752 5230930 5230930 6660043 9350896 2760928 2760043 730801 730857 9350371 3230772 730857 730857 9350414 9350741 8190770 9350371 9350964 730200 5370833 6660857 6660880 730857 6661002 730857 2750857 9350772 730857 730282 730928 9350160 3230519 9350160 5370859 3230527 730812 730857 730646 9350913 9350961 5370752 7530857 9710043 2760414 9350770 2760496 730770 730741 7790752 730752 9350928 8190829 2760687 730071 6660969 730200 9350144 9350961 4990160 6660996 9350770 5230422 9350812 9350752 9350801 9350801 5370752 9350770 3730969 3731023 3730228 4630638 3730228 4630969 8190857 8190930 730888 730960 730743 2760897 2760071 230504 5370519 5370519 9350930 5370743 3730004 8190857 7980973 5370964 3730646 3730984 3730969 3730004 3731023 8190857 3730969 8190857 8190580 8190930 3930741 9350160 3930422 3700969 8870580 8870580 8190857 3730638 7090857 8190857 7090973 3730969 8190857 4630969 4040857 910857 8870424 8870969 8870580 910043 9350177 730969 730580 8870969 8190071 8190422 1760973 3731010 3730241 3730241 5370770 2760767 2760960 2760043 2760969 2760743 2760043 3470782 8190414 230350 9350924 6660924 730371 9350872 6660857 8190752 730857 8190580 7790741 9350741 8190580 9350752 8710767 8711023 9350770 9710043 8190767 8710466 3730960 2760114 8190752 8190969 2760200 2760114 5370687 2760969 8190700 3731010 1760973 3731010 4630638 3730004 4630580 4630969 8190857 8190857 8190857 8190857 8190857 8190646 6770160 6660212 2760560 2760043 2760043 9350888 9350560 8870743 3730004 3730004 4630282 8190404 8601023 3730743 3731002 9350743 9350894 8190812 9710297 730964 9040580 2760560 2760772 730205 730043 730928 6660371 730857 5370741 2760580 3230741 730282 9350729 730870 730364 3250857 2760964 2761007 8190857 8190857 3730646 8190857 3730646 8190857 8190857 8190857 2760964 2760894 2760894 2760519 2760801 2760754 3730205 3730812 1760973 1760973 3730004 3730422 8190857 8870043 9350160 4990043 9350930 9350160 3930770 730752 730960 730801 730200 730937 8190580 6660930 2760870 6660460 6660880 6660560 730422 9350880 7980973 6660741 9350924 730870 3931023 9350928 9350772 9350996 3731002 8190969 1760973 1760973 8190767 5370371 2760969 730857 8190872 4990857 9350928 6660880 9350414 2760870 9350770 730857 730857 730228 730857 730857 730857 730969 730857 2760969 5370841 9350729 8190930 8190930 8190969 9350870 7791007 730200 5370071 730801 8870743 5370743 730801 5370770 5370752 5370752 730519 5370833 7790200 9350519 730544 9350519 8870580 9350870 7980973 7980973 7980973 3731002 5370200 3730004 3730961 9350200 5370752 730857 5370752 5370752 730857 9350752 9350770 910857 730857 8710422 6660304 8710864 9350371 5370741
3931002 910043 3230969 8870772 3230743 3730004 3731010 3731010 3730646 3730920 3730182 8190964 3470580 5370043 2760071 8190969 9350422 9710930 730000 730071 730422 3730752 3730772 3730006 9710782 730752 911007 910071 9710462 3230560 9710920 4720363 5231002 730964 3930205 3930422 8870772 730888 7791007 2760897 5370894 7790894 9760964 2760888 8870580 730743 9350006 3730371 9350801 8711023 5370743 6660043 730371 6660948 9350996 730948 7790371 8870580 9040580 8870043 1030993 1030993 2760652 250580 7790937 3700741 3700741 6770160 6770857 230857 6660857 730205 230422 3730460 5370930 3730460 3730460 3730460 3730646 8190857 5230857 230350 230924 2760772 730772 230741 230857 6660996 2750212 730371 6660422 6660527 6660422 6660580 730422 730043 2760996 2760527 2760422 230560 7790560 3470043 7790937 3730638 9350560 3730182 9710466 8710767 8870580 8710987 8710205 730857 3700772 230560 3470043 2760414 8870833 9710996 910422 910772 910371 3930857 5231023 9350924 9710205 300996 9710422 3700880 2760924 9350961 2760652 9710833 7790770 9710772 2760743 230924 230414 230924 9710580 230422 230504 230952 9710414 2760767 3700833 9710752 8710212 9710743 731007 230920 230920 2760441 2760441 9710772 8711023 2760880 2760743 2760516 2081023 2760964 231023 230496 230496 230504 230504 2760801 2760897 2760897 2760896 730496 7790729 7790888 4990160 730752 9710037 5370772 7790770 7790770 7790752 2760888 7790896 2760743 3930212 9710880 3700796 3470422 3250741 230872 2760687 3250580 730801 8710466 7790741 4720752 7790857 9710772 3470772 2760952 7790752 2080772 7790371 2080772 3700896 9710928 3700285 8710212 9710743 9350770 910071 3700896 8870770 9710544 9710085 520942 3700414 3700285 8870888 3930969 230880 230350 2760422 7790371 7790371 2760560 7790770 7790937 5370841 250580 4630580 4630580 3230527 300996 730880 9710371 5231002 730561 730960 730743 2750857 730350 9710205 9710812 9710961 3250363 8870580 2760987 3471023 2760743 2760743 2760743 8190964 3950888 4720857 3230969 3930205 3930812 9710739 3930560 520969 3930560 8870144 250969 250071 9350870
7790772 730928 730872 3230371 730872 4720363 730961 5370752 730580 730200 731023 2760200 2760580 2760350 2760969 2760870 2760870 7790896 730580 6660212 230422 2761002 6660812 7790772 910560 730880 6660996 6660527 730422 6660580 3230920 8870580 730580 730741 230872 230872 230872 9710864 730043 2760527 9711002 7790371 3730182 3730043 8190560 8190857 7790894 2760205 6660560 2760812 2760812 9710519 9710575 5230205 7790205 6900466 6900872 8190857 3390043 8550857 730924 6661002 6661002 730282 730646 730741 2760772 5370519 7790937 7790894 2760741 2760741 9710519 9710414 3470872 7790519 910364 3700364 9710371 3700969 910646 910071 2760006 2760870 3730870 3730870 8190857 5370519 2760414 2760652 5230519 2760872 231023 2760772 2760687 230924 2760924 2760414 3700772 730924 910205 3930969 3950888 8190857 8190519 5370519 730729 730928 730729 8870043 3930422 2760741 2760560 2760741 2760770 1030993 9710880 2760527 4720363 4720969 4040200 7790969 520969 910969 4040200 520961 910969 3230984 3700961 3700961 3930770 730741 9710870 3700870 2760371 3230928 3230646 7790200 7790200 7790937 7790937 910544 9350205 730812 9350560 8190896 6760973 8190560 3730004 3730004 3730984 8190812 8190961 8191023 730371 6901023 8190741 3930519 730880 9711002 230422 2760560 2760071 2760422 2760071 9710519 9710961 3471007 8710519 2760770 2760870 2760870 2760870 2760767 2760870 3470870 2760770 730228 730687 730928 8190857 8190857 8190857 9040857 3470580 3230880 8710770 7790770 9710085 9710767 9710961 730772 6661007 6660880 3230752 730770 3230496 6580212 3700996 910371 730043 730006 2760496 730960 3700200 9710085 9711002 8190752 3730496 8190580 8190770 8190770 9710864 9710741 9710809 2760772 230350 2760371 2081023 2760114 2760205 230857 2760942 2760371 2760872 3730004 3730602 3730200 3731002 8191023 7790857 8710969 230872 6900872 230560 230350 3230371 6660880 230872 6660460 6660527 6660527 6660422 730880 2760924 2760371 8870770 5371002 5370043 7790969 7790894 2760897
9710466 2080772 730857 3930857 9711002 8190752 3950960 3730646 3730182 3730743 7790857 3470930 2760516 7790896 8190772 2760516 2760580 7791007 2761007 5370743 5370752 3230924 9710350 9710894 8710767 3700888 3731023 8190812 3230924 9710923 3230888 2760880 3230414 3730519 3730602 8190857 7090973 8190857 3730241 4720857 8190894 8190857 8190580 2760580 8190770 7790752 2760888 3950960 7790857 7790519 7790857 7790857 2760043 3470043 7790937 8710928 3930857 3930857 730857 910200 8710928 3470373 3700205 7790560 2760897 8190519 230857 3470772 3470772 8600857 3730182 3730420 3730920 4630857 8190580 8190646 8190894 5370888 8190371 8190896 2080414 2760176 9710891 2370973 3731023 3730646 3730043 1760973 3731002 5370833 8190772 8190772 8190772 3230772 2760071 2760960 5231023 5230371 5230371 9710006 730812 5370043 3730004 8190580 9710891 8190580 8190964 7980973 9350652 2080894 9350743 9760964 2080894 9350896 3930924 3731002 3730602 3730200 8190857 8190930 8190772 8190857 8190371 9350516 9350371 9710833 2081023 2570519 230880 3230212 3230754 3230772 3230920 3471007 7790894 8190560 7790857 3730004 3730961 8711023 9350770 730212 5370896 7980973 5230969 5230969 3730743 3730006 9350770 5231023 3230519 3230304 3730422 3250857 3730560 3730200 3731023 4630200 4630071 8190519 8191007 3471007 8190894 8190519 8190930 2760894 2760646 2760888 2760964 3470870 9760964 8190896 4630200 5230519 5230466 9710371 9710422 9710466 2760880 7790857 3470857 7790857 7790857 8190857 3731023 4630857 4630580 4630580 3390580 3700857 3700857 9710729 9350872 3731002 3730984 3730200 8190857 8190896 9710857 9710176 4720964 2080894 8870580 9710519 3730268 4880973 3730898 7980973 4630937 9350687 8711007 3700519 2760924 5230422 8190930 2760043 2760872 7790888 7791007 7090857 3731010 3730006 4630937 8190646 8550857 8191007 9040857 4720857 8190870 4720857 3700857 3700857 730857 730857 730894 730960 5230930 8870212 7530857 3470422 8190930 8190930 8711023 8190160 7790894 7790770 5370930 5370519 5370282 9350519 5370833 731023 731023 9350212 730796 5370043 5370930 5370930 5370160 5370754 5370160 7790857 7790857 7790857 7790519 1760973 5370801 7790519 7790519 5370043 5370930 4990930 6771010 730969 731007 730519 730870 5370519 7790519 7790519 7790518 7790519 7790937 7790519 7790519 7310560 6660741 9350930 1920857 230880 3730460 2760646 2760646 8870770 8870772 8870833 7790652 2760969 8870772 8870772 7790772 7790772 9040772 8870772 9040772 9040772 7790969 9350772 2760646 7790200 2760772
2080519 8870580 2080580 7790894 4720200 730857 731007 5230872 3730772 5370894 5370741 7790652 7790652 7790652 3390043 3390580 4630580 4630580 4630772 3470772 7790894 8710043 7790043 8710580 4720743 2760987 730743 730770 8710782 9710071 9710782 7790964 8710646 3470043 9710071 3700071 3230371 3730772 8190896 8601023 9350801 2760801 2760896 8601023 2760964 9710930 3730974 8190894 3700896 2750212 230872 730350 9710772 230006 2760414 2760371 7790924 7790894 730212 2760880 730580 5230205 8870580 8870580 7790205 2760772 7790937 2760422 3230646 910772 3230350 910937 3230969 7790961 5370043 5370964 5370770 8710043 3730580 4630580 4630960 9350801 230560 730212 2760205 2760687 7790964 8190801 3730430 5370743 4630071 4630580 251007 7790888 3950888 3230519 9710960 4720580 3230741 910580 3230371 910580 730741 6660422 730833 3230560 3230646 730561 5230422 4720741 7790964 2760894 2760897 7790896 7790888 7790937 7790896 2760043 2760888 230872 3230371 3230560 3700872 9710741 5230371 9710371 3700741 8710924 3700285 7790424 7790741 730741 9710580 730422 730880 730801 6660812 730767 9710422 730812 9710422 8870422 4720580 7790937 4630937 4630580 4630857 4630937 5230466 3731007 3731002 2080200 9350888 730687 3230350 910205 3930205 3250741 8870772 3250371 910772 3251007 3731007 1030857 3731007 4631007 9350888 6660741 9350741 9040772 3700200 3700772 3730741 3731023 1030928 1030857 3730969 9710212 2760770 2760652 2760652 2760964 730519 8870888 730964 7790896 2760894 2760772 2760772 7790894 2080772 2080772 7790772 2080772 2760896 230857 9710085 9710580 7790894 3470580 9350414 6660924 5230414 2760043 8870580 9040580 9710580 2760948 7790371 3470043 8550519 3700752 7790964 8190969 9350743 9350964 2760896 5370772 5370894 3730200 3730898 5370964 5370896 6660857 3230996 3230527 7090973 7980973 3730004 4630200 3731023 3731023 4630200 4630200 3731023 3731023 4630200 4630937 3731002 8710205 9040857 3230422 730964 730888 730754 7790772 9710043 2760414 9710580 7790770 8870043 9710043 7790894 3470580 7790896 3930371 3930371 910205 5231002 9710205 3930996 3250560 730560 8870772 7790043 7790770 7790964 3470580 2760741 730752 3930772 730754 730687 3250371 3730772 7310371 9350371 8190006 8190930 3730872 3730241 6900872 1030969 730894 9760964
2080888 7090973 7790888 9710350 3701007 8870969 4720969 7790964 9760964 3930770 730144 730833 730519 8190801 9710743 8710770 3470870 9710350 3470782 230350 730560 2761007 730996 910772 3470422 2760924 7790414 2760176 2760743 2760888 2760743 7790964 7790888 730964 9710466 8190580 6660996 730144 2760580 2760580 2760924 2760767 2760646 3470580 9040580 3230739 3230422 230422 6660304 2761002 230496 230880 730812 2760043 2760646 7790829 4720888 911007 910741 3230646 2760880 7790200 7790200 8870969 2760071 4720200 9710519 5370741 3231023 2760580 730752 3230770 5230037 6660741 730857 3230864 1920857 4990043 1920857 1920857 6660741 6660880 730071 1920857 730964 730071 730200 730114 6660580 3230796 6660580 3230996 730544 730743 730114 730937 730928 730200 730960 730928 730928 8870144 6660560 730812 8870422 8870424 910544 910741 8870144 230920 7790870 2760071 7790870 2760743 9710285 3231023 6660043 6661002 2760812 6660812 6660880 2760527 730870 730741 730729 730894 730812 9710961 3930560 3930560 3930812 3700996 7531023 2760205 7790770 7790969 7790964 6770160 6660741 730857 730144 730422 2760752 8870205 2760741 9710371 910371 9710350 910560 3700205 3700205 8710880 3230969 3230739 9350770 5230560 8340519 3390580 730924 730580 5231023 730580 2760371 6660580 730928
8870580 730071 730205 730961 730144 730928 730896 3230969 3700200 911007 8190646 4631010 7090973 7090973 7090973 7090973 7090973 2760987 2760560 9710930 3730782 3730560 8190071 7790371 8190580 9710864 9710580 4720752 9710496 7790741 3230496 730561 3230527 3230527 9710422 2761007 7790752 2760996 7790896 730928 6660460 6660460 730870 7790857 7790894 7790857 7790937 9710928 9710969 3700212 9710212 9040580 3470580 9710176 3470580 3470580 2080580 2760350 8190646 3230920 3470580 3230996 3471007 2760920 9710519 2760888 8710920 2760767 9710414 7790144 9710809 7790964 7790937 730729 731023 2760043 730833 7790770 7790937 7790200 2760833 2760772 2760772 7790200 7790519 2761002 7790200 7790772 2760371 9710371 9710371 2760371 3730004 3731010 3730004 8190801 4630371 8190857 8190857 3390043 3390043 3950960 7790937 8190496 7790857 8870888 7790752 7790857 5370743 2760743 7790937 7790964 2760071 2760894 3250580 5230560 9710527 8710422 8190071 8190857 8190857 8190857 8190646 7790857 5370043 7790857 3700519 7790371 8870772 7790371 2760043 3470043 7790961 8870743 3470580 3470580 7790894 7790894 7790560 7790894 7790896 7790964 5370772 8870772 7790729 7790969 7790937 7790770 7790964 7790937 250200 250043 3700519 3700772 8870829 3700043 8190422 3730646 3730004 8190857 7090973 8190857 8191023 8870043 8870580 7790937 7790857 2760924 5370687 6660872 730961 3230304 3230527 3230304 4720741 911007 4720961 730833 730043 7790937 3700969 3930364 3930880 9710961 8870969 7790969 8870043 7790857 7790424 7790937 7790518 7790937 7790969 7790888 6660754 2760833 6660754 2760519 2761002 7790937 2760516 7790829 2080519 2760833 8870833 730043 730043 2761002 7790896 7790894 7790937 8870772 9710772 2080580 2080772 3470772 2080580 8870043 5370772 6660043 730371 730924 730772 7790043 7790857 7790894 7790857 7790857 7790518 8870043 7790205 8870560 8870560 2760560 2760928 2760964 8190071 2760920 2760754 8710519 7790888 730496 6660580 730964 3731002 3730920 3730519 3730043 8190857 5370043 7790857 7790371 8870829 8870969 3700964 3700580 3700580 9710782 8600857 3730920 3730580 3730004 3730004 3730043 3730646 8190071 8190857 3731023 3730772 8190857 6660880 9350812 9350422 9350772 3730772 3730043 3730004 8190857 3730872 3730772 1760973 7090973 8190857 8190857 8190913 8190772 7790857 9350924 2760930 2760930 730924 730924 8870969
2760441 2760924 230496 2760770 2760752 9710891 2760930 2760071 9350888 3230930 3250857 2760770 8190580 9710176 4720752 3730004 230857 8710930 5370743 9350743 230857 9350519 230857 9350930 8710043 2760743 8190071 5370071 730857 2760897 730964 731023 6770857 230767 230857 730043 6660043 6660880 5231023 6660872 3230422 3230496 730422 730560 730857 9350371 6660857 6660857 9350741 9350560 6660857 8190857 9040857 8191002 3950888 3730920 3730870 3730496 3730420 3730004 3730969 9350519 6660006 6660924 3930796 9350924 2760687 8870772 730519 730833 230857 2760930 730833 2760833 730796 5230422 730212 3230930 2760371 730741 8191007 7980973 3731002 3731002 3731002 8190857 8190857 8190646 8190160 8190857 9350304 7790857 7790969 9040772 7790937 9350930 9350930 3730430 3731002 1760973 9350144 9350144 9350144 9350601 730969 2750857 9350144 730928 3230928 8870969 8190857 8190857 9350812 3700888 3700864 3700519 8870888 7790770 9350880 8190857 3730646 3730004 8190646 8190560 730857 8190969 9350519 730969 7790969 8870422 8870969 4990930 6770160 7311002 3730371 7980857 7980973 7980973 1760973 3730200 9350560 2760071 9710071 3950960 8190752 2080770 8190646 1600973 4631010 4631010 7090973 4630004 7090973 7090973 8190371 8190964 9710496 2080414 3471023 9040857 9710894 7790964 7790424 7790043 7790969 230857 4990857 6771010 5370743 230857 2760441 730969 730752 2760770 730969 5370071 730894 730752 5370071 730364 2760770 5370924 730741 3731002 3730580 3730519 3730888 5230930 6771010 230872 730894 5370896 3730924 3730638 3730004 3731002 7980857 9350930 8190896 8190519 730896 8870424 5370772 2760772 5370833 9350519 2760969 2760071 6660560 6660304 3700741 9350371 730743 3730004 3730004 2760200 2760200 2760114 2760200 250043 730363 2760364 9350772 5370770 5370071 9350888 9350888 730888 730896 730924 9350894 7980973 7980973 1031010 6660930 9350870 730544 2760928 9350743 6660741 2760371 2760741 2760960 6660580 230741 230741 730772 2760772 2760772 730772 230741 3730371 3730004 9350930 9350896 2760144 6660006 730896 9710772 8870888 2760144 7790964 730560 3230519 5231002 2760371 2760371 9350930 5370924 730857 5370772 2760205 8190772 3730772 8190857 8190857 8190772 730857 9350160 2760144 6660212 2760144 2760964 8190930 230857 8190930 3730993 8190894 2760741 9710987 9710782 3470987 2760006 8190519 2760969 8190913 8710880 730743 730888 2760441 2760441 2760969 3730043 3730004 3730043 3730646 3731023 3730928 3730833 3730004 8190752 9350519 8190770 2760928 2760930 2760833 2760752 5370960 2760754 2760754 8190404 2760754 7790770 8870772 2760144 2760071 230880 9710043 9350772 8190964 7980973 3730004 3730602 3730602 3730602 8190519 7980857 3230519 2760743 2760071 2760071 2761002 2760071 5370960 3730888 3730888 8190519 9710987 9350371 9710888 8190006 9350006 6761002 730896 5370964 231023 2760580 730743 2760964 5370924
2760404 7310371 7310841 9350924 6350114 3250741 7980973 7310693 7310942 7310004 6770857 7310646 7310571 6660930 10220857 9350930 7310669 6660857 6660930 1920857 730363 730114 730687 7310693 8870870 730870 6660857 730200 6761002 6760877 6760765 2760404 3250937 3250363 8870942 730743 2760743 8870580 730687 2760896 7980973 7310266 7980973 7310004 7310829 7310693 9350930 6761002 6660857 730857 10220857 6660561 3250580 7790857 4990043 730930 4990930 730363 8870580 6771010 9350422 3250363 3250580 7310571 8870772 730200 2760580 730857 9350870 5370741 8791023 3730371 7980973 7310560 6350404 4990857 7310004 9350770 6660460 730144 7310571 9350561 7310877 1920857 730857 4990930 730857 4990857 9350930 4990930 7310765 7310266 7311002 7310419 6660857 7980973 10220857 9350560 3731002 7980973 9350601 7980973 6771010 6760877 5370043 730857 9350519 6761023 730857 6350601 6660969 9350160 9350930 730930 730857 5370833 9350519 8870829 9350870 9350880 6760601 9350519 8190772 2760770 910857 7310601 3730519 3730993 6660857 9350930 4990930 9350687 9350930 9350741 8190969 5370419 7310937 7310765 7311002 6660857 3730580 7310004 7310004 6660930 6660857 6660948 9350942 730144 9350144 2760144 9350144 9350930 9350160 7310004 9350519 3250741 730752 730114 3700964 730580 3250371 7790371 9710580
730924 730754 230920 730964 730888 730000 2760996 730519 2760560 730812 7790937 8870580 7790424 3390071 7090857 7090973 2760964 2760687 2760414 7790752 7790964 7790894 7790200 730071 730071 730646 3230772 730000 8870772 730071 730371 6660969 3930772 3230888 3931002 3700743 3930924 3730993 8190857 8190857 8190857 8190767 2760043 2760504 7790888 2760071 2760504 230963 5370964 9710920 7790964 5230969 9710960 9710741 3700770 3700960 730969 8870770 9710462 910580 730687 7790601 730754 6660304 3930205 910371 910071 730496 230006 230006 230414 730930 5230466 3730182 8190519 7790857 5370772 5370754 5370833 7790200 7790857 730969 3230741 730114 9711007 5370043 2760043 230809 230414 730767 2760373 730960 2760770 7790888 9711007 8190519 9710923 230414 7790414 230741 230741 730833 730519 730969 8870969 7790969 6660741 730144 730870 730870 730928 6660460 730964 730144 8870888 2760043 730770 2760441 5370752 8190496 3730004 8190770 8191007 3230527 730812 9710996 230560 8190801 3730004 8190466 8190812 8190880 8190560 7790560 7790857 7790752 3930770 3930422 3930205 8710205 8190205 8710466 8190961 8190969 8710560 2760894 9711007 3471007 3251007 3470987 7790770 730767 730561 3930796 8870560 5230772 730071 730772 730964 730896 4720580 8710782 731007 3470772 7790896 9710960 9710752 9710414 9710422 9710928 9710767 8710996 730772 730772 230920 3230772 730212 730422 3230527 9830996 2760422 3230930 3230812 730880 3230422 3230996 8711007 4720752 8710880 7790770 9040880 4720772 2760752 2760071 2760960 2760948 2760071 2760772 730894 230560 4720743 4720580 3230743 3471007 3230812 4720200 4720772 4720200 9711007 8190560 8191007 1760973 7790857 730969 5231023 3700833 2760969 910772 3930772 3470772 8710772 9710772 2080770 4720772 9710961 9710752 9710894 8190770 8190857 4630004 7090973 8191007 3230920 8711007 9710071 8711007 7790770 3250580 3230212 9710996 9710996 9711007 3230796 3230996 3471007 3230880 4720363 4720964 4720743 9040580 9711007 4630004 910741 910969 910205 8870969 910205 9710205
4720772 730560 8870580 2760580 730812 7790937 7790519 7790937 7790519 7790752 7790770 3930772 3700770 3230996 730144 730888 3471002 2760560 3250363 7790857 9710809 8190646 1760973 1760973 4630386 250043 7790043 2760043 2760043 2760043 7790896 2080894 2760043 7790964 2760896 2080519 7790964 8710743 3470441 9711007 9711007 8711007 9711007 3230743 3230984 3230205 9711007 9710782 7790937 3231023 4720200 3930770 8710205 3250560 9710071 8550519 9710920 520743 7790857 7790857 4720371 3950960 7790741 7790752 9710519 730144 2760071 2760888 9710043 9710772 7790937 8190772 8190801 8190772 3230071 3230527 3230212 4720961 9711007 3230812 2760043 2760743 8870043 8190519 8190964 8190964 3390043 7790857 3950888 910924 8190969 8190857 4720857 3230796 9710928 4040200 730646 5370772 730857 730043 730580 730580 730772 730888 730212 7790205 730857 3470441 8190964 8710176 7790857 7090973 7090973 8190969 3930857 3700857 8711002 3930770 3930422 300422 3930996 3730519 2760200 230924 2760767 2760896 8710176 2760504 9760964 2081023 3390071 730772 730422 6660422 2751023 730200 6660527 730894 730896 730200 730896 730743 8190964 1760973 730857 730770 2751023 730960 730741 730960 9711002 730888 730071 9710422 730888 230767 230504 9710422 730000 2760752 7790770 730767 8870772 8870043 9710043 730937 8870580 3230743 3700864 2080770 3930969 3930880 3930519 2751023 730894 730928 4990928 730200 730743 730928 731007 4720200 2760960 8710519 2760833 730414 9710043 730687 730809 730646 7790969 8870043 7790741 3951002 8190913 4720371 9710043 730560 9710297 2760960 2760964 2760772 2760964 3470580 7790964 7790752 9710743
8871002 7790969 7790741 7790770 3950888 7790770 2760888 2760960 5370519 2761002 2760928 2760504 2760770 2760770 7790888 2760928 7090857 4300857 6660460 6660460 6660043 3700872 9711002 9040580 9040857 9040857 7790937 3230646 3700043 3230743 8870969 3930924 910544 910363 7790964 2760924 2760928 2761002 730870 730043 7790200 7790894 7790924 7790964 7790519 7790937 7790752 8870580 7790937 8870212 730646 6660930 730000 9350993 3230872 9350770 730646 730928 730212 8870205 2760205 730964 9350961 5231002 3250371 3700200 7790371 3470580 730743 9350993 2760371 9350872 2760928 8870560 730928 8870888 7790371 2761002 2760924 5231023 6660006 2760741 2760414 2760924 2760414 2760872 2760371 2760414 2760205 7310045 6660560 2760205 2760560 2760560 5230205 9710995 3730004 8190560 730071 9350964 910071 2760888 9350144 9350144 8190969 2760801 5370896 911007 2760870 230560 2760560 7790894 8190772 230880 2760652 2760801 2760652 6661002 2760200 730928 8870969 730870 730870 2760969 2760969 2760496 7090973 7090973 7090973 7090973 250071 2080894 8710924 3470870 3930969 9350924 6660924 6660371 300872 3930519 3930880 3930205 9350924 8710924 5230350 5231002 5230371 730371 730043 730043 230952 230422 730767 730772 730894 730560 6660422 2760772 2760527 730812 2760071 9710205 3930880 3930996 730212 730363 9710205 3471002 910205 910646 3930560 910580 4720969 4720772 7790371 8870043 8870580 7791007 3701007 7790371 2760580 7790752 2760928 9710422 2760043 7790741 3470043 3470580 7790857 5370754 5370519 6770160 5370519 2760930 5370043 7790200 7790200 7790964 2080894 7790964 3471002 7790937 5370743 1030993 2760200 5370894 5370896 7790937 910560 730801 2760801 2760754 8190894 5370801 2760176 2761007 2760870 2760205 2760646 2760743 2760801 2760043 730043 230422 2760043 2760043 230880 7790772 8870888 2760043 4040200 3230304 3930205 6660560 3700739 3930212 730880 3930796 3930560 9710812 910560 2760754 3470772 7790896 730519 730580 730833 730144 6661002 730200 730580 730200 730200 730071 9350519 730228 730964 4720200 5370160 8190580
7790870 8870969 2760743 8870580 730071 7790424 7790896 7790896 3700796 7790937 3390043 9040857 7790857 7790857 7790857 7790857 7790857 5370930 4880973 7980973 4880973 4880973 4880973 4880973 7311002 7980973 4880973 7310004 7980973 7310924 7310004 7310004 9350930 6770857 5370200 5370200 7980973 7770857 2761002 730857 8190422 5370770 8190772 7790857 7790857 8190880 7790857 7790857 7790857 7790857 7790857 8190857 7790857 7790857 4720961 730560 730422 730519 2760961 731023 730519 730961 2761007 8870969 730969 6660996 6660754 3930796 3230422 2760969 2760752 2760772 2760043 230767 730496 730960 6660969 731007 730870 6661007 731007 2761007 730870 6661007 2761007 731007 7791007 3700969 3930880 3701007 3230880 7790961 910544 910371 9710960 9710969 9710285 3470772 520969 8870043 8870043 9710043 730796 730812 730880 3471002 8870969 8870969 7790894 8870969 3230519 6660422 3230519 3230880 3231023 5370960 3931023 520857 8190969 2760043 730580 2750212 730928 6660561 730422 730812 2760833 2760928 2760580 2761007 9040772 8870772 8870772 3470043 7790894 8190894 4720961 520969 520969 3930796 8870969 910363 8870888 7790964 8190857 8191010 7090973 7090973 8190857 7090973 2760964 2760894 7790519 2760897 7790896 7790894 2080519 2760114 2080519 7790896 8340519 8340519 8340519 4300519 8550519 7790424 9711002 8710770 9710767 3930519 3930796 3930212 9710212 730282 730961 910043 4720043 4630580 7090973 910857 3930870 730870 910422 2760896 2760516 2760580 2760580 230872 2760580 230422 2760580 230880 730560 730872 8870580 2080741 7790424 7790894 7790896 3250580 8870580 730580 730580 730896 730519 730580 6660580 2760580 230422 2760833 730212 2760560 230741 7790896 2760772 2760894 7790964 2760371 7790601 8870942 9040580 8190519 7790424 7790752 2760043 2760043 230741 230924 8870580 730752 3930519 3700969 2760969 2760772 2760176 2760646 7790519 7790519 2760646 7790894 2760646 8870043 5371002 7980973 4880973 6771010
7790888 3470987 7790770 2760043 3250580 7790894 8870770 8870812 4720964 4720964 7790937 3470580 2080580 9710767 730888 730888 7790200 730833 7790969 2760969 731023 1920857 730646 2761002 6900466 730422 730812 730006 7790371 230872 4720371 230560 7790741 7790519 2760741 2760646 7790519 2760646 2760741 9710923 730043 3250741 730770 730580 2751023 9350930 730930 6660930 730754 8870580 8870833 8870772 8870833 7790200 9350930 8190519 7790857 5370930 730930 5370160 730857 730752 3230527 3230422 730752 730857 5370930 2760930 730801 2760741 9710212 9710519 7790752 3471023 7790371 7790937 7790424 7790937 8870880 8870043 7790894 7790857 7790857 731007 9350961 730857 8870422 8870043 4720200 4720969 7790888 2760888 2760373 2760752 2760870 6770160 6660930 730796 7790888 7790964 3471002 8710519 8340519 3470772 3470772 7790857 2760414 2760741 7790937 3230527 3230812 9710575 9710575 231023 730930 6660930 6660930 6660930 6660930 2760930 5370772 6660930 730930 4990930 2750212 730880 230809 3930870 2760371 8870942 3470995 5230772 3470006 7790560 8190006 3230996 3230560 9710739 3230304 910205 730969 2760205 6660560 9350519 230741 2760200 2760371 2760205 2760741 730752 730924 230741 730350 2760942 2760752 2760404 230422 2760043 230741 730414 730741 730496 9710987 7790888 3250741 9710006 4720964 8711023
8191002 8191023 7790857 7790857 7790857 7090973 5370754 8190519 8190857 8190913 8870772 5370687 4720857 730687 8191007 9350006 9350371 9350942 3730043 3731002 8190687 8190772 9350928 9350930 9350560 9350924 9350304 3730004 8190857 8190857 250043 8190200 8190580 8190580 4630913 8190857 7090973 8190160 8191002 8190857 8190857 8190857 8190200 8190857 8190857 4630200 8190857 5370841 7790857 7790857 7790969 2760809 8190071 3700964 8190772 5981023 8190770 9710857 8190880 2760527 230496 8711023 230767 2760071 9710930 230952 8190880 8190422 3730422 9350930 9350930 9350422 2760880 3731002 9350422 8190422 8190422 8190422 3730422 3730205 3730004 8190870 9350930 9350930 4990043 6660930 9350964 730880 9350913 8190422 8190880 8190422 8870422 8190422 8190880 9350422 8190857 8191007 8190422 7790857 5370841 7790857 7790857 8190913 8190519 8190519 2760422 230560 7790969 730741 730894 3230772 910772 9710772 9350880 2760894 2760770 8190700 7790857 5370743 8190772 9350741 2750857 9350924 8710857 9350924 9350519 3730371 3730638 3730422 3730741 8190857 3730888 3730004 6760973 730888 8190580 9350888 5370743 730930 3731002 6660580 6660371 6660580 6771010 3230006 730894 7770857 3730964 3730205 3730205 3730743 6660930 4990930 730930 6660948 2751023 2751023 730857 4990857 730857 9350888 8710422 910544 2760969 230857 9350894 8191007 5370894 730857 9350687 9350371 730371 9350371 7790964 9350964 520071 3730964 3731010 3730888 8190857 3730004 4990928 731007 730580 730580 730580 730857 730580 730580 730200 730870 730043 2760114 2760114 730857 7790200 9350687 2760928 7980973 7310646 8190964 8190969 5370071 8190772 8870424 9350930 9350770 9350752 8710857 8190071 2760888 9710085 5370071 9350961 730888 9350801 9350519 8190519 8190857 8191023 8190857 3730004 3730004 3730004 8190200 8190857 8190857 8190857 8190857 8190857 8190857 8190741 7790857 7790857 7790770 5370071 5370043 2760896 2760205 2760880 7790857 5370770 9350519 5370752 730857 730857 8190687 730857 8190371 8190741 8190964 5370964 2760920 730964 8710888 8710176 5370888 5370888 8711023 6350891 3730782 4630930 5370964 8190466 7790857 8191023 4630930 8190857 5370960 3951002 8191002 8190772 5370888 2760987 8711002 8711023 5370894 230920 730144 3730004 3730969 7980973 8190894 7980973 3730580 8190752 3730004 8190896 5370894 5370754 730833 9830996 7980973 3730993 8190580 9350516 730687 730857 3230772 730857 730212 2760930 2760930 730687 730371 3250371 2760942 2760942 3250891 8190772 8870969 7790857 7790857 8190969 9350770
9830996 300422 9710812 3700796 4020000 9350304 9350561 8190801 2760144 2760371 6660304 3930205 3700739 9350144 3250857 8190969 5230371 9710371 9710371 9710006 9710422 3470872 3700741 3700857 8190560 3730004 8190857 8190857 8190857 8190857 8190857 8190857 3930796 3930796 9710752 8710043 3230996 3230924 8710006 9710575 3230205 5230205 8710205 3700200 9710285 9350371 3700519 9710006 9710212 8710770 9710864 9710923 3230560 3471007 9830996 730928 730857 730371 730801 730857 730144 9350937 8191002 8190772 8190857 8190930 8190687 6660561 730772 9710960 3700924 9710414 9710176 3470872 300996 9710729 9350414 6660741 3700739 8190560 7790857 4020000 3730638 8190560 3470995 6901023 5230872 3700969 3700414 9710414 8190969 9350371 9710752 9710205 9710527 4020000 9710812 3700960 9040857 3230888 8710928 3731010 3730205 1600973 3470857 3700770 9710812 9710812 3470739 9710519 9710371 9710888 9710350 8710006 9710743 3700739 520743 9710371 9710864 9710043 5230872 5230930 2760371 3470995 9040772 9710371 8190770 3730004 8191010 7090973 7090973 8190857 9710496 3470870 8190770 3730004 230924 2760043 6660422 9710422 2760880 300996 8190160 9710995 8190422 3930996 3930560 9710969 8710920 3731010 3731010 8191010 2080888 230880 230920 3730004 3730004 8191010 8190857 9710996 9040857 8190880 5230857 3230812 5230422 3730004 8191010 8190857 8190857 8190857 8190857 8190857 7090973 2761007 3230205 730924 2760924 8870833 730114 6660460 230924 7790371 730371 2760560 7790870 7790772 7790414 7790772 7790857 7790857 7790857 7790857 7790857 3390580 7090973 4631010 7090973 9350752 6580212 9710996 3930880 8870580 6660880 8870770 8710770 3230880 3930422 8191002 5370043 230414 6901023 9711002 9710414 9711002 3470772 3700864 9710995 9710071 9710575 9710205 4300519 6660996 230350 2760205 5230930 8190857 8190422 7790560 7790937 9710006 7790937 8190772 2760350 2760741 9710864 2760872 6660741 2760924 2760870 230809 7790741 2760924 730924 5230466 8710414 7790870 7790857 2760414 7790741 7790857 7790937 7790857 8190857 8710043 6660304 2760422
8190160 3730770 1600973 1600973 7090973 7090973 7090973 7090973 8191010 8190872 230872 2760772 2760741 9710923 2760414 2760894 9710414 9710422 9710812 8190741 3730004 8191010 3950896 8191010 3470739 3700212 3730961 8190857 8190952 3700857 4720752 9711007 2760741 2760928 2760870 8710519 230920 3470422 8190071 7790857 3390371 7790924 730646 8870580 2760880 2760880 4720363 8190741 8190857 8190857 3470857 8190812 7790857 7790857 7790857 7790870 7790857 7790857 7790518 7790937 7790937 230924 230963 230920 6660422 2760930 2760888 2760870 730801 6660527 730928 730937 731007 3930422 3700743 8710646 8190920 9040870 3930996 910772 9710888 910560 8190857 8711023 9710772 8710888 9040772 8710519 8190870 8190752 2080741 3930870 3930386 3930996 910422 6660527 730043 8870560 230350 230414 9710772 2760414 3730004 3730004 8190952 8190770 8710752 2760809 2760770 9040772 2760952 8190857 6901023 6660043 9710414 6660422 6660527 2760772 6660754 7790964 9040580 2760996 9710772 2760812 7790857 3930205 730880 3930519 910937 5230872 2760043 8710205 7790205 2760812 7790770 9710006 7790741 3470857 9040857 2760924 5230519 2760924 7790371 3471023 3730638 8190772 9710930 6660561 3470043 8190857 230350 2760772 2760741 2760752 2760560 2760928 3470772 9710504 9710888 9710371 2760741 7790560 9710864 2760897 730205 730580 730996 8870422 730363 3700580 300996 3700739 3700422 3230527 300422 8190580 9710422 9710741 230872 2760833 2760205 2760006 7790870 7790772 2760516 7790371 3731010 7090973 7090857 7090973 7090973 7090973 7090973 3930857 3700969 3700739 3700969 2080770 3470006 3731010 3730560 8190857 7090973 8190857 9710006 3700888 3700964 3700519 8870812 9040580 9040580 3471007 3470995 3470995 9350924 3700205 3470739 9710006 2760952 3470285 2760964 2760741 2760741 2080519 7790888 6660460 2760441 2760743 2760371 9710743 9040870 1600973 3730004 8190857 8190772 8190920
230560 2760743 9710580 9710864 8190519 3730268 8190519 8190812 7090857 8190857 7090857 7090973 7090973 2750212 6660212 6660212 4720752 3230796 8870870 3250741 730371 6660800 300422 3730004 8190880 9350519 9350519 5230466 6900466 3230969 3230752 5230969 3930872 5230969 8870870 1600973 7090973 8190857 6660422 2760422 9710575 9710996 8190812 2760952 230880 230741 2760371 3230527 730809 730969 730937 910422 9710961 3230880 3230212 3230560 9710961 9710961 9710812 9040857 7090973 8190857 7090973 8190071 9710812 9710739 8710422 9710297 9830996 2080987 9710812 9710960 9710752 8710880 2080770 9710212 3470422 9710880 3730004 3730004 3730004 8191010 3930212 3930857 910741 730350 910857 8870580 7790857 7790857 7790857 7790857 7790857 7790200 7790857 7790857 7790937 7790518 8190371 8710212 4020000 9830996 3230422 3230880 8870422 3700996 8190896 8190071 8710466 3700857 520741 3730752 3731010 3731010 3730004 3730004 8190857 4020000 9710996 3730004 3730560 3731010 4630266 4630638 7090973 8191010 3470857 3700870 9710575 3700739 3700888 520743 3700205 3230969 9710969 910741 3470961 2760969 3930386 730144 730205 730961 730422 730212 730796 3230422 4720888 3700772 230350 730928 3230527 6660560 3230969 9350961 9710575 6660930 230872 6660996 730422 6660422 8710519 7790752 9710422 3470422 9710519 3700741 9710743 3230006 4720969 3930212 3700870 300422 4020000 3700212 3700071 230422 2760441 2760772 2760996 2760560 7090973 7090973 5230857 3470006 9710006 3231023 3230739 8710560 9710575 731007 3230422 3230996 8190200 2760422 8190772 3470987 7790371 730560 2760964 2760504 3730770 3730602 3731010 3730602 3730004 7090973 3730004 8190371 5230930 730560 730000 9710527 9710996 2760920 2760964 8190857 8190812 7090973 3230006 3230864 5230857 3731010 3730752 8190857 9710857 8190371 3230928 230560 9710422 3730268 8190857 3730004 3700205 730000 7790371 9710995 9710414 5230646 9710205 9710996 8191010 8191010 8191010 8190071 9710519 9710864 300996 300422 8710924 5230857 9760964 520743 7790857 7790857 7790857 7790200 7790937
3470833 3470987 2080772 9710952 9710212 3470857 9040857 3470857 4630752 3730993 4630930 3731023 3730646 3730646 4630857 1760973 8190857 3730004 1760973 4630638 4630638 1760973 8190801 8190857 8190857 9350561 5231023 9710952 9710880 9710752 9710767 3700960 3700519 3700960 9710857 4630752 8190857 3700770 9710743 9710496 230809 2760043 8870580 730743 8710741 3700743 8710770 8870770 8190519 5370754 2760754 2760754 2760888 9710891 7790896 2760071 7790937 5370687 2760741 9710043 9710043 7790741 3470930 7790770 8190770 7790964 3471023 7790961 8190496 8190770 1760973 1760973 3730004 3730602 8190519 8190519 9710864 3930772 2750212 8710043 3230371 2750857 2750857 9710422 9710043 9710043 9710741 9710043 8710741 3700770 3470043 9710857 8190872 8710857 3700857 9710833 3700857 9710414 9710969 8710371 3250371 3230414 3470782 9710071 9710857 3700739 3700752 9710422 8190741 3730752 3730960 8190857 8190857 8190952 9710857 9710371 3470857 8710414 8190770 8190519 7790857 3730422 8190857 8190770 8190772 300872 300872 300422 9710743 3700743 9710176 9710414 3700770 2080772 2760896 231023 230857 8710043 730857 5650857 3700285 9710285 2760964 3471023 7790770 2760948 9710580 8870580 9710580 3470995 8710752 7790770 2760772 230952 230767 2760897 8710930 9710043 7790829 7790964 3950888 8870770 8870743 9710176 3471023 4720888 2080580 8601023 3730646 8190964 3730741 8710857 8710350 9710466 8190371 7530857 9710930 9710930 8710466 730857 730857 8190414 9350741 3470930 8870770 9040857 9710176 9710894 9710212 3470772 9710414 9710960 5370770 7790200 8870580 3470923 9710580 3470580 7790752 3470580 7790894 7790896 7790937 7791007 7790857 7790200 7790857 7790424 7790896 8710414 230496 730414 230504 230741 2760560 230767 2760752 2760960 2760896 7790652 2760741 2760964 9710923 8601023 2760888 2760948 7790894 7790857 8190687 8190580 3730420 3731023 4630857 3730964 8190580 3730182 4630580 3470043 2760964 2760350 7790770 8710466 4720857 8190414 2760741 3470441 4630741 3730964 3730519 3730646 4630371 8190006 3470857 5231023 5230519 3230770 3230422 3470441 2760894 8190687 8710767 9350964 9711002 2760752 8190952 8190752 3470857 8190770 3390043 7790896 7790752 9710772 8710772 6660741 6660160 300422 8710924 9710350 9710743 910741 8710519 8710924 3230741 8710414 4630071 3950888 9710920 1760973 1031010 1031010 8711007 4720964 2080770 2760752 3471007
9350930 6660930 9350930 6660872 730964 730809 8190870 3731002 8190812 9710857 9350752 3231023 9311023 3731023 3730770 3730004 3730700 730743 3730504 3730770 3730770 3730752 3730504 3730422 9350770 8710930 8190770 8710414 9710857 8190752 9710782 8190752 8190071 8190741 3700741 3700960 3700796 5230930 730809 2760560 2760371 7790200 730770 8710205 9350996 9350205 8190772 8870518 8870969 910857 8190969 8190961 8870969 8870969 4040200 4040200 8190741 9350896 730496 8711002 8710770 7790857 730770 730857 5370964 3231023 6660560 3730268 3730752 3730833 3730043 3730043 3730043 7980973 8190857 3730833 8190772 5370043 7790652 7790200 7790043 7790200 7790043 7790969 7790741 730646 8870743 7790896 7790857 8190920 5370833 3930741 8711002 3700743 8191002 7790969 9040772 9760200 5370896 8190071 8190519 3730924 3730960 3730004 8190071 8190857 5230857 5230857 9350006 9710371 730857 730857 9350772 5370772 9350770 5370964 2760772 5370960 7790200 2760205 2760969 7790937 7790894 7790937 7790969 3700880 300872 9710930 730857 3470930 9710930 8710920 2760888 8710857 8190752 3471002 730729 730006 730006 730729 730043 730043 730833 730833 7790772 730772 7790969 7790772 7790772 7790772 7790729 730043 730043 8870043 730043 730948 8870043 730043 7790043 7790043 8870580 8870580 730228 730228 730948 4720580 4720580 4720580 4720580 4720580 4720580 8870580 3231023 4720200 3230006 3230006 4720371 4720371 4720363 7980973 8190857 8190857 3470857 8600857 3731010 3730772 8190772 2760924 8190772 7790857 4630004 8190770 3730114 7790200 9710782 7790770 2760964 8711023 8710888 2760888 4630743 3471023 7790772 5370772 8190071 8710043 2760043 7790964 8190964 8190770 8190801 8190772 9710923 3730241 3730241 8190896 9350371 910857 5370896 8190930 8190741 8190896
7790857 730924 4990160 9350930 730930 4990930 6660930 5370924 6660948 5370743 7310004 7980973 730857 730857 5370043 5370960 6660580 3470580 4720580 8550580 2760924 8190404 8190857 3730646 8190857 3730646 7090973 7090973 7090973 4630857 8710930 230504 3730004 8190560 3471023 8550857 730519 730857 730857 730857 8870043 8870580 730363 8870580 6770160 5370071 730857 8190519 5370896 2760580 9710857 1551023 9311023 9710987 7980973 3730004 3730580 1760973 2370973 8710930 9710580 9710741 3730371 6660930 6660880 300996 730928 6660527 8600857 8710752 3700872 8190952 8190752 8190371 3230969 6660371 9710894 9710752 2760809 2760741 2760952 3730602 3730004 3730004 4630004 3730646 300872 5230350 2760872 3730004 8600857 3470580 9040864 2760519 2760752 2760414 7790964 9710920 8190519 3730004 8190857 8710043 3700888 8710888 9760857 8710772 230857 2760924 230924 9710894 9040857 7790894 2760741 2081023 2760952 8190870 7790894 7790896 2760071 2760888 7790888 8711023 7790770 7790964 3950888 3471023 5370772 7790857 7790857 7790857 6660948 8710422 3230741 3470580 9710930 9350812 3250580 3470930 3700896 3250371 5370896 8870772 8190560 7790857 7790937 9710969 3700772 3930772 3230969 3230770 3230924 8870743 3700743 9710743
8190961 8190770 9350913 3930205 9350519 9350752 5230350 730801 230857 8710043 2760888 5370924 2760741 2760043 8710864 8190741 2760741 6900466 2760996 230872 230422 2760580 2760741 9710527 2760741 2760071 2760924 3470995 3470857 3471023 3470857 3470772 3470772 3470772 7790894 3470772 2760770 8710466 5370770 2760770 3230772 3230371 8710930 9710857 3470857 3470857 3470857 3470857 8190071 5230037 8710857 5231023 5230857 9710857 9710923 3700857 8190741 9350752 3700857 9710371 9710857 8711023 8600857 8710466 8711023 8190770 3730602 8190519 8190857 8190857 8190519 8190896 2760176 7790741 8190964 8190414 9710466 3230414 4720200 8600857 8190872 3470857 9710888 3700857 3700285 3730268 7980973 3730772 3730772 3730422 9350880 9710205 8710205 8190770 8190646 8190770 3730812 8190752 3730812 8190857 8190801 8190770 8190519 8190952 8190767 8190580 8190857 8190770 8190952 3390580 8190913 5370752 250043 5370770 7790857 2760920 2760770 8710743 5230560 5230560 9350160 300422 8190772 8710930 8711023 3470930 9350743 3470857 8190752 9710772 7790857 8190964 8190969 7790772 8190772 8190857 8190772 4630913 8190857 8190646 9040857 8190857 4630743 8190857 3390752 8191023 8190952 3950960 8190741 8190741 3470857 9040857 4300857 3470285 3470857 9040857 9040857 3470857 3470857 8190857 8190414 3390371 8190857 4630913 3471023 3470857 8190952 8190071 8711023 8190767 7790371 3950888 8190872 3470857 3390371 3390071 8190519 8190857 4630741 8190857 8190414 3470857 9040857 8190646 8190913 9350924 6660561 3230888 3930857 3700071 8190404 9710857 9710285 9710857 8190560 8190913 8550857 3950960 3390371 7790857 8710928 3930857 9350160 9710462 9710205 9040772 9040987 9040857 7790857 3730646 8190772 4630741 3390752 8190519 8190857 9040857 9710519 8190519 3470857 3470857 8190646 8190519 9710891 2760942 5981023 5981023 9350772 5230772 730414 9350205 910857 3471023 8190519 8190580 9040857 3950960 4300857 3950896 3950896 3950896 3471023 8190964 3470857 8190964 8710857 3470857 9040857 3470857 9040857 9040857 3470857 8190646 8190801 8190857 7790857 8191002 5370770 5370960 5370896 730857 5370770 5370930 4880973 6770857 7980973 5370930
3700969 8870829 4720857 5370371 230880 9350880 8190580 4630638 3730205 8190857 8190404 6660527 6660043 6660304 730812 730560 230560 9040580 9710205 2760043 9710205 910043 3250560 3700752 3700969 3230071 230350 230963 2760743 2080888 8190964 4630857 4630857 3730371 9350652 3950560 8190880 3730004 3730004 4630638 8190857 7310560 3730496 3730422 4630930 3730772 3730646 3930857 3930422 3700964 3700743 3230741 3230071 9710880 2080894 8191007 8190896 5230466 3470923 5230466 4720964 2760006 9710422 3731010 4630580 9350560 4720857 9040580 9710544 3730870 3730205 3730920 4630741 9350880 3700200 8190964 2760752 230920 2760924 8711023 9710043 9710920 8711023 7790770 8710580 2080987 2760872 8710930 230350 230422 730772 8870772 2760888 7790772 3470043 2760043 3730560 4630857 3731010 3730004 4630960 4630371 8190801 8190580 3470043 8710880 8190422 8190371 9710466 9040857 3390580 3390043 2760888 3470043 7090973 9350894 5370741 2760752 9710580 2760687 2760872 3230770 8870422 3700580 3730006 3730004 4631007 3730741 3730496 230414 6660527 730857 3230560 5230466 9710006 8870580 8190857 1760973 8190580 3730743 3730646 3730646 8190857 8190857 8190580 730580 6660580 730857 3230304 3471007 9710422 3700996 3730228 9350743 9710961 9350516 3731002 3730371 2750857 730212 910371 3930996 300422 250071 1760973 1760973 4630200 4630937 4630004 4630004 7790857 7790857 3730580 3730043 3730182 3731002 3730782 8190560 8190857 3730560 4630580 8190857 8190857 8190857 9350752 3230212 8190812 3470043 3730460 3730580 3730580 3730580 2760948 9710857 3470857 9350160 9350930 6660580 6660460 8710580 730930 3730422 3730519 3730519 3730580 3730205 8190857 8710930 730212 9710297 4720580 9710995 3470580 730519 6770160 6770160 2760930 230924 730857 8710987 2760441 8710864 3471023 9040580 3230920 3230527 3230996 3230414 9710453 4720371 2760894 9710422 2080894 2760896 6660741 2760741 7790371 2760560 8870144 3930205 300996 3930796 3730580 8190752 8710857 5230857 9710987 3470580 8710880 8190857 3730071 3730580 3730006 3730004 8190857 8870743 8191023 8190857 9350371 9350422 3250741 9710422 3700896 8870205 8870969 3700205 3700519 8190894 9710519 2760687 2760896 7790888 9710743 3230422 3230304 4720743 5230646 9040580 8550580 9040580
9040857 9040857 8190857 8191010 7090973 4630071 3470580 3700580 3700580 3230743 6660880 3700880 9710527 3930880 2751023 3230772 3700580 4720741 3730004 3731010 3730004 8190741 9040857 8550857 8710880 9710796 9710212 7090857 3731010 7090857 3730646 3470857 3470772 9710772 9710519 9710952 9710752 3471023 3470833 9710071 7790770 9710176 4720888 8710466 2760948 230809 8190772 5370160 5370160 7790857 8870772 7790857 3470772 2760924 3470772 3730004 4630580 8190466 3700857 9710212 300872 300996 9710880 3700212 3700212 520741 5230205 9710006 8711023 8190920 8190857 910857 3700969 3730872 8190857 910857 8190560 3470857 3470857 7090973 8190857 3930205 730924 9350006 8190160 9350160 3730638 3730004 3730004 9350880 9350560 3700770 3950888 7090973 4630913 3700770 3700212 9710071 9710960 2080888 3700864 3930560 3700924 5230205 730371 731023 8870812 730371 2760872 2760580 8710580 8190580 3730580 3730580 3730460 8190857 3730580 8190580 8190857 3470857 3470857 8190920 7790857 9710580 5230560 5230422 3230996 8190857 8190580 3731010 8190071 9710422 9040857 7790200 7790857 6771010 5370741 5370772 5371002 730646 2761002 7090973 7090973 9040857 3470961 9710071 9710920 9710920 9710920 2080987 8710176 7790888 7790770 9710772 6660996 6660160 6660812 6660422 5370043 8870580 9710580 4911023 8190414 9040880 3950960 5231023 2760924 5230930 6660872 3700772 9710580 3470580 730960 5230205 3700422 9710580 9710880 3700422 9040880 9040580 9040580 8190913 7790857 7790857 7790857 3930212 8190857 2080770 3470930 7790772 730812 9710527 8710043 7790772 3470043 230880 730212 230504 730857 3230414 3230414 3470373 9710453 3470987 3470580 8710920 9710085 730948 8870212 3230071 8190466 3730004 8190857 8190880 7090973 6660561 3230422 9710297 3230796 4020000 730996 730422 730928 730071 8870580 3700580 9710796 3230496 9711007 3230212 3701007 3930741 3730004 4631010 8190857 9350560 5230930 9350371 730371 730960 2760752 5230772 3470006 7790560 8710646 3471023 2760743 3230888 7790964 4720888 8710580 9711007 9040580 3730872 7090973 7090973 8190580 3230560 9710995 3470006 3730872 3730004 8190857 3470857 3470857 9350924 3930560 3700969 3930560 3470739 3730560 4630960 3730993 8190071 9350741 3470930 230952 2760930 2760930 2751023 4990928 2750212 3700200 7790741 730812 730928 2750212 730796 730200 231023 2760924 2760422 9710772 9710739 2760071 8710414 2760560 3730004 7980857 7980857 3730004 3730422 3730004 3730422 6770160 6660930 6660043 730772 7530857 8190942 3230996 3250857 8190857 8190857 8190857 8190857 7090973 3230741 730006 730519 2760741 230924 2760870 2760888 2760741 230741 6660880 2760833 6660561
3471023 9710212 300996 9710880 2760888 9710920 8710741 8710371 9710920 3700071 9710496 9710176 8710752 8190952 3950560 9710857 3390071 3390071 3390071 5230646 2760743 8870743 4720743 9710371 3930770 9710739 9710205 9040880 3930560 3931023 3930796 3930560 3700043 3700969 8870969 3950888 2080580 7790857 7790896 8710743 7790896 8550580 2080894 9710422 2760880 2760928 9710772 7790964 9710996 9710772 3950896 3950960 730880 3701007 3700205 8710880 8190857 8190857 8190006 9710857 3700872 3700996 3470739 9040857 8190560 9040857 9710920 8870580 8870580 8870422 3470580 3470580 9710920 7790770 9710920 3700928 2080894 9710920 9710888 9710888 9710796 9710772 9710496 7790741 8870043 8870580 9040580 8870880 3470580 9710741 9710864 9710864 9710580 2760371 6660996 3230996 9710527 2761007 6661007 8870772 9710772 7790888 6660857 3230739 3230872 9350801 9710864 2751023 9710371 730928 8870580 5230519 5230872 9040864 9710544 2760928 2760580 9350741 3730638 7980857 3730638 3730422 3730004 6900466 6900466 8190964 8190371 3700205 9710422 9710987 3230888 730928 9350812 3230888 3700857 9710739 3700857 9710414 9710960 300996 5231023 5231023 8710996 8710043 8711023 9710743 3470782 2760894 9710920 8710872 9710996 3700896 9710964 9710741 520857 8190560 8190560 8190872 9760964 2080894 2080200 9710422 9710205 3230812 8870772 8710205 9710371 8190071 8190580 3470857 3700205 3230812
2760580 7790741 3470580 7790560 7790424 2760646 2760043 230920 230496 2760071 3470441 4720772 7791007 3230496 9710580 9040580 8870580 2760767 230504 7790043 5370071 730043 730006 3470441 7791007 4720043 8870772 730961 5370772 730809 8870414 730772 730961 730741 8870772 730772 7790961 9350961 8870424 730880 8870969 910422 8870969 3470285 9710496 7790414 4720580 7790043 8870580 230006 230857 730996 2760422 2760422 2760772 7790772 4300519 7790894 7790043 7790043 2760580 731007 2760043 730896 730414 730212 730880 3230772 730212 6660043 731023 730043 730212 730857 730880 8870772 8871002 730646 7790969 8870772 730812 730580 8870580 7790888 7790964 2760043 4720580 4720888 4720043 4720743 7790964 7790964 7790772 7790772 4720580 730646 4720580 8870580 8870424 3700772 730212 7790857 8870969 8870205 8870969 8870969 8870772 2760754 250071 9350770 3470043 8870772 7790924 7790371 7790857 3471023 3950888 2760880 7790519 250071 3390071 7090973 8190767 9710767 8190414 3470285 9710930 8710580 8870580 4720857 4720857 8870580 3471007 4720741 3470857 2760964 2760496 2760928 8710920 4720743 8870743 730364 7791007 7790752 2760880 2760880 7790772 8190772 8190772 4630743 3950888 730948 730743 730646 730580 730580 8870580 730646 730646 730896 7790424 730000 3700772 3230527 3231023 4720200 3230796 3470961 3470961 8190857 3950896 4630752 4300857 4300857 3700364 3230364 9710422 9710796 7090973 8190857 8190767 8870770 8870043 7790857 3470043 9710920 2760071 3471023 8190071 8190496 7790857 7790770 7790770 8870772 7790857 8190772 4630743 4630772 2760888 7790888 9710071 7790519 7790964 8191007 8191010 730888 730928 730928 3230496 731023 2760987 7791007 7790519 2760754 7790896 7790894 4630638 8190857 8190857 3950560 3700961 8870580 4720580 910544 8711002 7790414 7790371 3700043 3470043 8190857 4630741 9040857 9710891 7790937 2760519 7790896 2760928 8550519 3700580 730948 8870580 7790770 8870580 730767 250580 8190812 8190580 2760770 2760809 2760043 730006 730364 8870580 8870424 730880 910937 2760888 8190071 8190071 7790857 3470043 2760071 2760043 7790043 3471023 2760767 2760496 8870888 4720888 2760948 8870580 9040580 3390580 3470857 2080770 8710767
4750870 8710888 8870870 2760441 2760770 730767 8870888 2760071 730812 2760350 7090973 7090973 520961 910729 520743 4040857 9040857 4040857 8550519 3470006 2760006 9040870 2760646 7790896 2760422 9040880 3700896 3930880 910729 520857 910857 9760964 2760071 8870833 8710987 2760441 7790043 7790964 8710646 3470580 8870743 3390071 7790896 9710864 9710864 9710414 2080414 2760350 7790741 7790770 4720043 5371002 731023 730969 730212 7790969 3950888 7790857 7790969 7790937 2760527 9350880 9350560 9350772 730772 7790200 7790560 7790518 7790772 9040580 4720371 4720969 8870043 8870833 7790652 7790205 7790371 4720200 3230646 8870424 8550519 2760422 9710996 7790896 4720043 7790043 7790200 2760646 2760043 4300519 7790857 7790937 8870043 250071 2760743 2760801 2760964 7790772 7790772 8190646 2760043 7790937 730729 8870580 8870043 8870043 7790601 7790200 2760646 7790371 3471023 2760364 2760519 7790200 2760872 2760741 7790772 7790772 8190646 730948 5370930 5370833 730043 9350519 5230930 8710006 8190964 8190371 9710964 3470772 9040772 9040772 9040772 9040772 7530857 3930364 6660857 9350880 9350930 8870043 910043 910043 8190870 520857 520969 520969 910741 520969 3700739 3930812 9710894 7090973 4720363 3700422 910580 8870560 8870743 3470782 3950896 9040857 8870580 9710504 3250741 3470580 4300519 2760414 9710767 3470857 7090973 3390752 8550580 7790888 7790770 2760754 8870870 2760350 731007 731007
7790424 2760496 2760441 730857 9311023 9350414 730752 6660880 2760422 730561 3230796 7790937 2760767 2760930 730580 2760960 2760770 730796 3230212 730212 730560 3470987 730857 5370772 730414 730857 730754 730961 6661007 730880 730880 731007 3230422 4720743 5370772 7791007 9040580 8550580 7790857 7790857 7790741 7790519 2760894 2080772 7790896 7790772 7790894 7790964 7790043 730948 730741 5230037 730741 910924 910741 4300519 4300519 5370772 2760580 7790888 7790964 7790894 7791007 4720200 4720752 4720961 4720961 5370519 730580 230880 2760996 730212 2760580 2760772 2760924 7790772 7790371 7790560 7790770 230809 2760043 730414 730969 730729 3700741 8870969 4300857 9350812 730772 730767 7790772 7790772 7790772 2760767 9710043 9710920 2760414 9710923 9350741 5230872 8190969 2760580 7790896 5370772 2760896 7790772 4720580 8340519 5370964 731007 730212 3230519 3230930 3231023 2760812 3230880 4720743 8550857 730741 2760741 730580 2760006 2760580 2760580 2760580 7790414 7790772 7790924 7790741 7790829 7790772 730580 5370772 5370964 4720580 3230796 4720741 3230741 9040580 4720741 4720043 7790870 7790043 7790888 7790772 9350304 6770160 7310560 4990857 6770160 730580 2760930 231023 2761007 7790519 2760743 7790519 7790770 7790519 5370888 5370964 7790888 2760580 7790424 7790424 7790200 8870772 6660880 6660880 730754 730772 730857 730857 730772 8870580 910200 910580 3230880 8870743 730561 8550580 4720580 730580 7790964 7790519 2760580 2760364 2760364 2760371 2760580 730205 3230519 2760371 2761007 230872 2760772 230872 2760772 730646 730743 730812 730772 2760772 2760772 730006 730371 730772 730560 7791007 730561 3230996 3230772 3230772 3230212
4630638 4631010 4630638 8190857 3230304 3230422 910857 3930857 8550580 8190519 6760857 2760952 2760928 9710519 8710752 8550519 5370071 2760896 2760964 3731023 3731023 3731023 4630752 4630930 8710422 8870580 8710920 9710969 3700770 8190857 7090857 8190857 8190857 4630752 8191010 8190812 3700200 9710996 9350894 7310942 2760652 2760754 231023 2760580 9830996 230880 9350880 910043 3700888 3700896 3700741 3700964 3700880 9710996 9040880 2080888 8710880 3230920 3230527 9710996 1760973 250071 2760870 7790752 9710743 3230770 8870580 3230371 3700880 3230646 8190580 8550580 2760743 730857 8710043 5230205 9710043 9710772 3950888 9040580 8190812 8190646 520857 3700969 2760896 7790964 8601023 4630930 2760964 7790043 7790371 3470043 8710888 4630857 3730004 8710466 9710782 730580 230920 3470782 3470782 8190071 9710071 3700872 1760973 3730205 4630638 4630371 8190646 3230969 3930205 3700205 3700888 8710006 9710580 9710071 9710920 8710580 8710466 730580 2760371 1551023 730560 3230205 730560 9710422 3230371 3731002 5370043 230560 2760516 9710796 2760422 8190896 730872 730924 730560 730812 9710422 8710560 8190646 3700580 3730812 3730006 3730560 3730812 3730560 8190857 9350006 911007 7790894 2080519 9710462 230872 7790770 2760071 3730743 3730004 4630043 8190857 9710466 8190880 3390071 8190857 8190652 3230350 910857 9710961 3700796 3470857 9710857 3700924 9710006 3700888 8710888 9710729 9710920 2080200 3470580 2760801 2080772 4630772 3731010 3730268 3730004 3730268 3730004 4630772 3730004 4630004 4630004 7090973 4630004 4630913 4631010 4631010 4630857 1760973 1760973 4630004 8190857 3230924 9710880 910371 9710857 5230969 3700071 5230371 8190969 8190857 3470857 8190371 520741 9040857 8190857 8190930 2080414 9710894 9710894 8710176 8190942 230920 231023 2760043 2760888 2760422 8710772 230496 2760071 7790752 2081023 9350880 3700857 2080770 9710964 8710743 2080888 9710006 3230743 3230888 3230928 3230205 910580 8870888 9710923 230872 2760743 9710043 8710888 8710743 5230466 4720371 8710888 8190006 5370888 3730580 8190687 3230422 9710996 730496 730896 4990857 4990857 730646 2760948 3931023 520942 520942 9710414 4300519
7790888 3470580 2760580 730071 730888 730560 7790741 7790371 2760741 730812 7790200 7790741 7790888 3470580 2760580 7790519 8190580 9710809 910924 910580 6900466 730772 730350 730857 730741 730350 730857 730857 730561 730560 730422 3230880 9040580 8870422 4720580 3470580 3471023 9350687 730772 5370772 7790772 8550580 3470772 4720772 4720772 8870770 9710085 9710767 9710752 8550519 9710920 910729 8710924 730350 8870924 3930414 520743 8870743 730043 730741 730969 5370752 730752 730496 730960 731007 910772 910924 910544 7790969 7790043 2760114 5370043 7790857 7790961 7790888 8710782 7791007 9710071 7790519 2760948 3230414 2080580 7790969 7790969 7790741 4720580 8711023 730961 3230496 9710782 3470772 7090973 7090973 2760964 6660800 730880 6660212 6660561 2760772 7790857 7790964 7790894 8870770 8550580 8550580 8550580 9040580 7790772 7790894 9040772 9040772 730000 7790964 9710772 5230466 730006 5230371 7790772 3230006 3470772 4720772 9710422 4720043 910071 2080888 7790964 4720743 8870743 8870888 3930422 7790969 7090973 5230646 5230872 3930872 730350 3230350 3700896 3700422 8870580 4720580 2760752 4720743 2080580 4720752 8550580 910729 3470285 3701007 8870924 5230037 9350006 730006 730371
731023 730212 8870043 2760880 7790894 730772 230872 230872 230872 2760371 2760924 2761002 2760754 7790371 7790772 2760646 3470872 7790371 3700752 3700870 3470870 2760924 3700796 9040880 8550857 2760767 8190857 7090857 3731010 3730004 8190857 8190519 8190160 8190857 730870 730006 730144 730743 730144 730212 8870969 8190857 3731010 3730004 4630913 5370930 730857 3730924 8190857 8190952 3470857 3930519 6660560 730964 730964 730870 3731010 1760973 4630969 3730004 8190519 7790857 910580 910071 8190961 3731010 4630638 7090973 4630004 9710833 3930519 3930519 2760969 730870 9710870 730888 910741 910371 7790741 8870969 7790888 4300519 7790961 3700870 8870144 3930422 9710880 8870212 9350743 9350519 3230519 730754 3230560 3230646 8870743 9710285 9710741 3700519 3700741 8550580 7790857 730961 730519 730743 910772 730969 730560 730371 3230741 730371 730872 730857 730930 2760741 3230920 8190580 3730580 3731010 7090973 5370160 4720857 4720888 4720743 4720580 2760580 6771010 2761007 3230888 3230519 230963 5370743 3230864 730857 3230872 3230864 2760414 3230519 3730004 3730004 3730646 3470580 2760580 7790857 5370754 5370071 8190857 8190752 3390580 8190969 3470373 910544 731007 730205 910371 9350519 3230371 9710864 4720200 8190857 8190646 3950896 3390071 3950888 7090973 7090973 7791007 7790964 2080580 7090973 4720743 4720888 3470441 8870770 730809 730743 7790371 5370743 2760580 3470580 2760741 3471002 7791007 7791007 3471007 3471023 3230741 3701007 3230560 9710422 4720743 8190857 7090973 7090973 7090973 3390580 7090973 7090973 7090973 8190646 9710741 8710414 730772 730422 730205 2760996 2760422 2760741 2760801 2760580 2760930 2760888 7790870 3730460 5370071 730888 730857 3730782 8190466 3731007 7090973 8190071 7090973 4720888 730767 730770 230963 730560 2760752 230350 230924 230006 2760930 230006 2760364 2760924 2760809 2760580 2760924 5370964 730857 2760872 4720772 2080772 3470580 3950960 8870888 3930743 5230872 730872 5231023 3930043 730561 8870880 910205 910924 911007 910741 910857 8870969 8870924 7790896 230952 2761002 730580 730000 731007 3230772 2760770 2760580 230767 2760371 2760580 730870 730969 8190741 3930857 3930371 3700741 8870743 9710920 250071 9350741 9350212 8710930 9710422 9040857 9040857 8191007 730071 5230560 730812 730071 520743 3700741
9040880 6660422 9830996 5230422 7790043 9710920 8710646 4630071 4630743 4630580 3230371 3230812 3230560 3230371 911007 3701007 3700969 3230743 910969 910043 730743 8870205 9710772 7790896 7790772 8870969 9350561 8870969 3700969 9710969 3700969 3700880 3730560 3731010 8190857 8190880 8190580 6660043 6660872 2760371 7790772 7790964 9040857 9040857 520741 520741 9710969 9710176 520741 4720743 9710923 3230646 3230304 3230996 910422 7790371 3471023 9040857 3950960 2080414 3470772 8870212 9710864 3230741 8870880 8870880 8870414 7790424 7790857 730561 3930880 3700422 4720969 4720969 9040880 9040580 4630913 8870888 2760560 3470782 9710071 8190071 8190071 9710006 8870580 7790857 8870580 7790964 7790857 2760942 3470580 7790857 8191002 7790857 8190580 250580 8710205 9710996 8710422 7790770 7790752 7790857 3730646 5230350 3230770 5231023 9710580 730857 730857 3731002 3730928 3730872 3230414 730872 4720580 8190580 3730580 4630580 5370924 2750857 730969 730880 731007 730796 4020000 3230527 3230212 3930870 3930880 3470739 9710741 9040857 4630371 3730205 8190071 9350996 9350888 3230930 3230888 730212 230952 230924 8710043 8710987 6660422 230504 230952 230414 230857 5370752 6770160 2760414 8190519 8190857 8190422 8190812 7790857 3700960 9710071 8710646 3700743 8710043 3470782 7790888 3230796 6660304 730000 730422 6900466 231023 3700888 730422 230741 6660422 6660580 6660460 730212 3230796 3230422 6660580 6660560 6660212 6660371 230741 2080414 2760960 6761023 8190422 8190857 8190580 3230796 2750212 8710996 730812 730948 8190422 8190580 9350743 730144 730228 3230969 730928 3230880 8870580 4720888 730928 4990928 730580 3230205 730580 6660880 730948 910422 4020000 3230304 3701007 5230422 3700043 730043 8190580 3730043 4630043 3250741 3700770 3700770 3700770 9710952 9710085 9710767 9710923 230414 2760772 5370924 2760772 2760942 2080772 2760414 3470006 8870942 2760422 6660527 3230527 4020000 9710996 8870772 7790937 7790961 2760770 2760770 2760752 2760770 9710996 730729 8870580 3700580 8190857 4630857 5370888 8190752 8190770 3470772
730872 730872 730872 9710864 9711002 3700741 300996 300422 3700996 3700880 3230924 2750212 6661007 6660561 3700212 3930796 3700969 3700969 4720371 9830996 3230739 3230205 3230996 3230560 3230812 4020000 3230812 3230996 3230560 3230812 3230984 8870580 730580 730948 9710996 4720964 9040580 520743 300422 3930996 3700880 3230880 7090973 3731010 7090973 7090857 7090857 7090973 7090973 8191007 8190857 9040857 3230996 3950888 730580 730930 5230772 5230772 9350772 6660006 9350870 2760772 9350561 6660212 730772 3700772 9040880 7790857 7790857 7790937 7790601 7790857 7790857 7790857 7790772 7790200 7790857 7790772 7790937 300996 730282 3230930 5370888 3730969 5370071 7790888 4720743 3470580 3700752 9710739 300422 3700205 3700743 9710580 9710928 9710809 9710414 3470285 9710414 9710285 4040200 9710960 3700414 3250891 9350880 8870212 9040857 9350880 8190870 3950888 7790964 7790924 7790424 3730004 3730984 7090973 7090973 8190857 7090973 9710466 3470930 7790857 7790770 7790857 2760888 3470422 8190770 7090973 7090857 7090973 7090973 7090973 6660948 8870580 3700200 8870043 4720580 3230560 9710527 3250580 3470580 7090973 7090973 8190560 7090973 3470857 9710071 8710646 9710071 8710928 8190560 8190857 4630071 7090973 7090973 7090973 7090973 9040857 9040857 9040857 520743 3930969 3930796 3930880 3930880 3700969 9710880 3700422 5230560 730580 300422 9710880 3470580 4720580 230857 9710833 3470772 2760422 6660996 6660422 6660880 6660422 6660422 6660561 3700212 2760928 2760414 3730004 7090973 8190857 7090973 8190466 7090973 8190770 9350993 8870969 7790043 6660006 2760772 2760752 2760880 3700772 2760920 9710772 9040987 9040772 8710176 3230996 3230812 4720371 3701007 3730993 8190006 7790937 7090973 7090973 7090973 7090973 8191007 8190964 3700739 3700888 9711007 4720964 9710504 8710857 7090973 4630741 3730004 7090973 8190857 7090973 8190857 8191007 3701007 3230920 3930743 3230006 3230371 4720888 3230888 8190872 3730812 8190857 8190857 8190857 8190006 3230006 3230560 3230741 3230350 3230006 3230880 4720371 3700880 9710880 3230212 730880 730928 3700580 3230880 3251007 9710888 4720964 9040880 3730200 3730833 3730460 7090857 7090857 7090857 8190160 8190071 9710857 7090857 3730004 3730004 1600973 7090857 8190857 8190812 7090973 5231023 5230414 9710891 9710422 9710880 9710297 8710996 9710920 7790741 2760071 9710870 2760350 9710205 2760888 8710888 2080519 7790205 8870414 2760752 730006 9350560 5230872 3230560 9710580
3470961 5230422 9710297 8710752 5230414 9710285 8190071 250969 2760896 9710864 6900872 9710969 3930743 9710414 5370964 8190920 3470580 9710466 3730920 3230752 2760580 8710872 5230872 7790888 8710466 7790752 3470580 4300857 8550857 3230743 3230496 9710205 3230812 730350 9710544 3250560 9710995 4630580 8190580 8190466 8190894 2760924 5230519 3230205 730114 9710414 9710864 9710350 9710580 2760580 730743 9710752 8870580 7790888 3470857 7790770 230741 5230422 2760371 730996 5230422 910371 3230864 9710205 7790752 7790560 9040580 910969 910205 9710422 6580212 9710996 9710422 8190414 3930371 730560 3930880 9710422 7790896 9710371 910422 9710880 8190205 7790770 3470422 3730580 3730182 7790770 8711023 9710071 8710872 9710371 2760770 8710176 8710924 8190752 9710995 9710812 730812 910371 5230037 8710872 7790560 2760888 7790894 9040580 730796 5231002 3230796 4720857 4720964 4720964 4720857 4720857 7791007 7790937 8550580 8550580 8710519 5370888 5370043 230857 230857 6660043 5230205 9710864 2760043 2760371 2760205 2750857 2750212 730880 3230212 730770 9350561 730350 730857 8710930 9710987 730772 2760880 230414 2751023 730961 9350304 730857 730812 6660527 730371 6660580 6660580 730752 3230996 230504 2760960 3230414 2760770 9710772 730796 3230984 2760952 3731002 730205 730200 730071 8870422 4720752 8870424 730857 2760071 2760964 2760964 730888 9710996 3230422 9710297 4720743 9040796 8710880 9040580 2760930 230857 6900466 5230930 9710466 3230924 5230466 3470580 8190942 5230930 730741 730043 730812 7790741 9710580 730857 6660580 230857 6660880 2760371 5370043 2760948 2760948 4990930 1920857 6660212 730964 1551023 6900872 2760580 6660857 6660996 730580 3230770 8871002 730857 9350752 8190857 8710857
8710580 9710996 3470422 7790752 9710796 9040580 8550519 7790200 7790200 7790752 8710504 9710085 9710085 8190857 3230920 3230880 8190006 2760350 5370160 8190772 7790857 2760414 3931002 910969 730205 730894 730894 730948 8870580 8870580 730948 3250741 9710205 9040580 8710504 8710504 9710071 9710752 8710580 3700200 8710857 9350743 3730071 3950960 9710743 3230754 3930422 3931002 9711002 3930371 910371 9710371 3930371 9710496 4300857 2760809 2760414 2760960 2760942 3470772 8710519 8710770 8340519 9710743 8710920 3470987 3700752 8710743 9710071 3250741 730580 730888 6660460 3230212 8870743 8870888 3930969 3930857 9350772 2760969 3250891 2080772 2760114 3230527 3930743 730928 3930743 730857 2760920 2760071 8190422 3230928 3230743 730071 730580 730741 2760580 6660580 2760006 230504 230952 2760942 2760896 2760952 2080519 8601023 3930969 8710880 230006 2760371 2760371 5370160 8190414 7790857 3730872 4630004 7090973 8190160 5230519 730809 730964 6660527 6660422 730870 6660880 730960 730687 2760516 3700964 3470857 9350743 8190857 3731010 3730004 730752 2750212 8870212 910422 730071 730857 8190580 730580 730114 3230969 3930743 3930422 8870772 9350772 2761007 730741 3930205 3930212 3700969 5230969 911007 3230496 3230422 6900872 730371 730857 3730924 730371 730880 9710043 730767 730741 6660304 6660304 9710422 8710772 9710527 8710212 2760743 7790770 2760767 9710772 8190857 2760960 2760770 3730920 5370964 730964 730888 730729 3230422 910560 520743 3470580 9710920 2080987 4990043 730646 8870580 8190687 3470995 9760857 7790857 2760741 5231023 9350422 230350 9710422 9040772 9710422 9710880 3471023 730857 730282 730282 2750212 730872 3471007 3230796 9710880 9711007 9710212 9710996 2760960 9710741 2760924 2760006 2760371 8710864 9710350 9710741 3230414 4720580 300872 3930414 3700969 8190969 8190414 4630969 8190752 8190969 4630969 9710414 5230350 3700924 9710285 2760770 2760770 7790752 230952 7790560 7790770 2760752 9710496 3470422 9040857 3930743 8710767 9710920 9710920 8710580 8710176
3730422 8190857 6660948 730580 8870580 3700580 8870580 8870580 8870580 8190580 730857 9710527 3470739 9710071 3470580 2080580 3470987 3470580 730228 730228 3700580 730560 3700422 8870580 8870422 8870580 2760894 9710297 2760527 2080519 2760414 2760414 8710414 2760964 3730071 8190930 3730580 3730460 8190580 6660872 9710864 230809 9710414 9710414 8870422 3470772 9040772 3470580 9040580 9710880 9710212 9040580 9710580 9710297 7790741 9710297 9040580 3250560 3700580 3700996 3700796 9040796 9040880 9040880 9040580 9710422 9040580 9040580 3700996 9040580 9040880 3700796 9040880 9040796 9710285 6660880 8601023 6660304 6660212 230422 2760422 9710422 3470772 730809 6660880 3700285 8191002 9350304 8870812 2760880 9710527 9710996 9710422 3700519 3700996 3700743 9710964 9710071 8190857 3730888 3730743 8190857 8190857 8190466 520743 3470833 9710071 8710996 8870743 2760176 8710888 3730782 8190071 8190857 8190071 9350964 2760071 6660422 6660996 2760422 9710996 9710297 2760527 7790371 2760646 2760924 2760560 7790870 2760812 7790857 2760371 2760371 2760894 6660880 2760896 7790741 2760580 2760504 7790896 7790772 2760560 3470772 3470772 9710920 9710743 2760741 3470772 3470772 9710772 9710212 9710422 2760741 2760741 8710880 7790371 7790770 3470772 2760350 3470772 3470772 7090973 4630638 3730422 8190857 3730004 8190857 3931023 520857 3930212 7790894 8190880 7090857 3730006 3730006 9040857 8190857 7790857 9710772 5230414 8870772 9710833 9710772 9710767 3470043 2080414 2760770 2760741 2760371 8710519 2760809 3470772 3470930 7790857 8190770 8190466 4630580 8190466 8190466 7090973 7790857 7790857
2760043 2760767 8710043 8711023 8711023 2760772 2760870 2760441 7790888 2760772 3470772 3950888 7790601 2760880 7790896 7790519 2760560 9710422 2081023 2760897 3950896 7790857 8190560 7790560 7790857 910857 520961 3230996 8870422 2760894 2760754 7790857 2760754 2760964 2081023 7790964 7790964 4720964 9040880 7790894 7790896 730880 6660212 3700422 8870043 2760870 2760870 730754 730880 6660754 2760754 2760754 2080519 7790896 7790896 7790896 8190519 8190772 9710422 2081023 2760896 8190560 8550519 7790772 9710864 7790772 3470772 7790857 8190646 4630857 3731023 4630857 4630857 8190857 3700857 730561 730561 3230364 8870888 8711002 4720888 4720743 9710527 9760857 9710857 8190071 3730872 3731010 3730812 4630200 4630937 4630043 300422 300996 9710422 8710212 9040857 3950896 4630913 4630937 7790752 4720752 8550519 2760646 2760809 8340519 3390752 9040580 8870212 8870580 7790560 9040772 730754 8870772 731023 730580 5370833 730772 730772 730544 730857 730969 3390752 7790888 9710920 8710043 4630071 4630960 4630913 4630937 7090973 8550857 730580 3700772 7790772 730772 7790772 7790752 7790888 8870144 5370801 730930 730729 730833 730857 5370896 730857 730646 8870969 730544 8870580 8870422 8870772 730796 9040880 3470987 3470987 9040857 9710880 7790144 3730833 9350801 2760930 730857 3470441 2760743 2760071 9710920 7790752 9710964 8190964 3470930 300996 3230422 9040796 8870422 7790894
4040200 910422 8870969 7790969 910560 8870422 8870560 730371 9350754 8870833 8870424 7790200 8871002 3250371 7790969 8870560 8870924 3730580 3730833 3730580 2760741 8870888 7790371 8870924 7790924 4720741 7790371 4720200 8870924 7790729 7790424 5370770 5370743 5370924 5370743 3730200 3730241 9710580 8190964 8710560 8710422 8190877 9350880 4720200 9350872 8191007 9710371 9350872 9710371 9710870 3470857 8190964 8190894 8190071 9710920 2080888 3730496 3730888 4630580 7090973 3950888 2080987 9710920 2760071 8710176 8190772 2760888 8190071 5370071 2760920 8190964 5370888 2760964 5370964 5370894 2760920 2760897 5370888 9311023 7790752 9710743 7790770 7790770 8190767 9710920 8190404 5370743 5370071 250071 250071 2760071 2760527 9710772 8711023 9710772 9710857 8710857 9710857 8710930 7790857 3730743 3730920 5370071 8190496 9350601 9710857 3700739 2080888 8710176 8710743 9350652 9350812 730043 730114 730580 2760987 2760964 7790200 2760743 730880 2760996 8870580 7790857 7790857 3390371 8190857 9040857 520857 2080888 9710422 3230205 2760930 8870580 3250891 3700580 8870942 4910857 3730891 8190870 8190580 3730496 3730870 3730646 8190857 3470857 3470857 4630580 8190770 8190006 9040857 3730460 8190071 3730006 4720888 7790888 8870888 8190894 3250857 3700414 8710924 9710371 8190964 8190519 7790964 7790894 8601023 7790770 9710414 9710964 8710872 2760930 6660212 6660857 2760772 3470422 2760880 8190519 8190964 7790371 8791023 7790200 7790894 7790857 9710371 3700896 3470857 3470857 2760897 2760770 2081023 9710739 9040857 7790857 7790857 7790857 7790857 7790857 7790857 7790857 7790857 7790857 7790857 7790560 7790857 7790371 7790371 7790371 7790371 8550519 7790857 7790857 7790371 7790888 2760741 2760527 3730268 3730646 3730560 4630580 3730646 5650857 8190371 3250891 9760200 2760924 2760006 4911023 2760687 7790857 230809 3730268 4630857 1760973 4630200 4630930 3730182 3730872 3730114 4630371 3730812 2760948 5230772 2760880 7790371 3470772 7790896 4630857 4630200 3731023 3730646 4630200 3731023 4630200 4630424 4630424 4630266 4630913 3471023 3950560 8190857 3700212 2760071 3730006 3730519 3730920 3730602 8190857 8190770 3470857 8190404 8190770 8190770 7790857 4630580
2080770 8870942 9760200 8870888 9710422 8870743 730857 730767 9350942 9710743 8190006 8870942 8870743 8710646 3470422 7790937 8711023 3250937 2080987 9760200 2080200 8870743 8870743 8870942 3250741 9350687 3700200 2760114 8870942 7790371 3250580 730114 730928 730114 730928 730928 8870829 730114 8870424 730870 730646 730928 8870942 8870518 8870942 8870743 730937 3230646 730928 730687 3930519 730687 730928 730928 730928 730114 730928 730560 8871002 730200 730114 730646 730544 730928 9350937 730928 730646 8870424 730928 9350930 9350519 730371 730880 3470422 730928 730880 730928 3230496 8870580 8870833 9350928 8870580 8870829 8870424 8870580 730812 730857 9350937 8870888 730743 9350924 9350371 730857 9350894 730212 8870772 730796 8870560 730928 730114 730363 730928 730928 8870424 730646 8870424 8870043 3700200 730928 730928 730580 9350924 730114 8870580 730928 8870580 730580 730894 730560 730928 730646 730928 730928 8870580 730833 730422 8870422 730560 730809 730752 2760964 8870205 730743 730371 730561 2760580 730964 730928 730729 730741 730363 730857 730928 9350913 230809 730857 8870043 730212 730071 730560 730924 8870205 730928 731023 730371 730646 8870580 9350993 730928 730928 8870833 8870424 730544 730729 730857 730924 730964 2761007 6660527 5231002 5231002 2760872 2760741 5230519 2760006 2760743 2760371 730752 730006 5981023 2760371 730205 2760888 2760741 2760205 2760071 730752 730964 6660560 2760371 2760205 6660560 2760371 2760752 2760371 6660422 2760896 2760205 5650857 2760894 2080741 2760896 2760964 2760897 2760888 2760894 2760896 2760996 5650857 9350930 5370896 730924 730801 730114 730560 730580 730870 730870 730580 6660580 730580 2760580 730812 6660580 730812 730580 6660812 2760560 730580 2760896 3230996 730580 2760527 730580 2760580 2760580 730580 2760996 730580 3250580 730880 2760996 8870580 730422 2760580 9350741 6660560 2760560 9710422 730000 8870870 730870 730996 730560 5230560 9350930 9350422 6660160 730857 2760920 6660948 730928 8870888 730928 730996 2760527 3230560 730646 2760205 3230205 730560 2760527 9350422 2760371 730896 6660580 2760580 730580 2760560 730894 730812 8870743 6661007 6660580 6660422 730857 730422 730743 8870580 730363 9350770 730752 6660872 730812 730880 730580 730646 2760580 2760969 730580 730937 9350772 730888 730741 730743 730371 6660872 730560 730930 730857 9350894 730371 5370741 730996 730770 730200 9350930 730930 9350930 730772 730857 730870 730560 2760205 2761002 6660924 730560 730687 730364 2760371 730896 2760422 6660560 2760580 730687 3250371 6660560 2760942 9350996 2760527 730560 2760422 8870942 9350872 10110857 9350942 8710996 9710930 5370960 3230414 9710580 2760924 6660812 3700739 9350205 9710205 2760964 8190371 730687 230350 8870580 3230741 730350 5230205 2760872
730741 8870770 5231023 5231023 9350006 8870888 730006 5231023 2760928 2760516 2760114 3700864 9350880 8870770 8870888 9710527 2760580 6660580 2760504 2760071 6660422 230880 9710527 8710212 2760996 730857 5370964 7790752 730770 8870942 9350888 730687 2760928 8870580 730071 2760987 6660741 9350888 9350888 9350743 5370071 730857 730857 8870870 2760930 9350924 7790857 9350371 2760928 2760969 8870743 9350894 8600857 9350888 3700205 230006 2760969 730857 730071 8190964 5370772 5370896 8190580 5370896 9350687 9350894 2760441 5370071 8710930 2760767 5370687 730964 8870743 2760006 5370743 8710752 8870743 8870422 730071 5231023 2760888 5230519 8870414 2760580 3470580 730519 730580 5230519 5370752 730924 8870580 730928 2760205 730422 3230422 730880 9350888 9350743 9350741 730857 3230205 730200 730580 730969 730857 9350930 730580 9350996 9350743 2760071 6660422 2760071 2760071 2761007 2760371 2760580 2760770 9710782 2760770 2760752 2760770 2760767 3470580 9710519 2760888 2760580 230880 2760071 2760580 730964 2760964 7790205 2760371 730812 2760928 5370894 730964 730857 730857 730857 730371 730870 2760580 2760928 5370770 8870580 730371 3230872 730560 8870580 2761007 8870414 9350414 8870580 2760928 7790770 9350752 2760928 730928 8870144 730857 2761007 730200 8870580 2760741 5370741 730937 730857 2760205 230857 6660422 2760580 8870422 3230212 730964 730894 2760897 9350896 2760580 2760741 6660527 2760880 9710923 9710527 6660812 2760996 9350422 2760880 3230864 730857 5230466 8711002 9350519 8710767 8190580 8190857 3730460 9350144 730770 9350752 8710767 9710580 9710580 2760176 5370743 8870580 8870888 6660741 9350687 2760200 2760942 3230422 3730371 3730580 9350752 8190371 9350928 9350687 9350964 730894 9710782 2760743 2760897 2760071 730580 8870833 2760071 730071 730870 2760928 730743 730896 2760200 2761007 730544 730964 8870422 8870580 730200 730888 730071 9350964 5370964 6660857 9350888 9350928 9350942 6660857 8190580 9350743 5370829 230952 2760960 2760741 9710772 2760504 2760752 3470930 8710580 5370371 230741 2760441 9710920 8710930 2760496 9350770 9710043 730496 730580 2760580 2761007 2760770 730212 730580 2761007 9710782 730071 5370071 730964 8710519 9350422 731007 230560 730996 730888 730796 730796 730857 730006 730371 730857 5370371 9350743 9350772 730212 730363 9350937 8870772 730646 730896 730857 2760969 5370687 3700519 730857 9350560 8190772 730880 730646 730857 9350519 9350930 9350652 730580 6660560 9350880 8870580 730212 9350996 730857 9350896 730857 6660930 730930 5370071 8870422 9350205 730937 730729 8870969 8870888 730857 8190877 730928 9350743 8870580 9350996 730937 730544 730928 730580 731023 730496 6660580 6660580 9350772 2760969 2760580 2761007 2760969 2760441 730870 730496 2760496 9350160 730857 9350812 5370964 9350560 3731002 9350205 8870580 730857 7790857 9350743 8190812 730880 910043 910544 730646 8870043 910200 910422 7790969 730646 910646 730809 8870969 8870424 2760928 8870422 8870205 9350519 2760071 8870772 8870969 730560 8870424 7790857 7790200 3700200 731023 730924 2760772 2760496 730924 730646 9350519 2760930 730000 730969 8870422 730743 8870969 730743 8870969 730928 6660800 8870969 9350743 8870969 5370772 730071 2760880 730857 730561 5370772 8870969 730560 730544 2760646 2760969 730812 9350519 731023 730741 2760743 730894 730924 730646 8870772 8870772 730880 2760741 9350519 2760969 730888 8870888 2760924 730743 730969 730772 730772 2760894 730894 730924 730071 9350880 730741 730350 730857 2760071 2760928 6660460 2760833 730870 6661002
9350743 8711023 6760973 3731002 3730419 5370894 3950896 7790937 10220857 6760877 3730993 9350743 8190857 8190404 5650857 9350894 6760877 3730205 3950896 250969 4630200 1760973 2370973 3730241 6760266 8190894 1030043 5370404 5370859 251007
251007 5370544 7790937 5370200 730857
7790652 4631007 5370481 250969 5370841 5370282 5370841 8870969 7790200 1030993 8190519 7790857 4040857 4630937 730729 7790729 4630282 4040200 5370841 3951002 5371023 8870829 3951002 8870043 8870043 7790937 7790729 1030993 5370859 5370200 7790969
520942
null
3951002 7790424 7790200 7790937 5370974 5370930 7790857 7790857 5370282 5370841 5370266 5370571
5370160 4040200 9350930 8870969 8870942 3950960 4720363
null
7790857
null
null
4630200 4630200 4630969 5371023 5370282 3950960 5370519 7790200 250043 5370282 5370841 7790652 3390043 5370282 3951002
null
null
null
null
null
7790200 5370833 3951002 250043 4720969 8870969 4720857 2570519 1030282 9350754 7790870 5370841 5371007 251007 250200 5370974 5370160 7790857 9350928 250200 4040200 5370841
8870942 9350829 4040200 5370841 7790729 4630282 250969 4750870 250043 7790601 1030857 1030993
3951002 4040200 5370544 5370282 8870969 8190481
4630282 5370930 5370829 250969 9350993 730928 250580 5370841 1030282 5370859 250519 730928 8190961 250519 7790961 1030961 5371023 5370841 7790961 4040200 8870969 8870969 250969 7790200 5370930
null
null
730200 9350601 730880 7790969 8870969 8871002 7790961 8870969 4040200 4040200 4040200 8870969 730646 8870969 8870424 4630969 8190969 4040200 8870969 7790969 910580 3951002 7790961 8870969 4040200 4990857 9350913 4990043 730928 8870043 4610973 4610973 7311002 5370752 9350519 9350200 9350913 6660043 730969 910200 3700969 730969 8870969 7790752 730928 730961 3700043 8190772 7790969 7310200 7310994 5370266 9350770 9350519 8870942 8190857 4630424 3730430 4630200 3730241 7310177 3730241 9350200 10110857 730857 730969 730964 8870424 730969 7790200 730043 5370200 730200 730729 4040200 520969 8870969 8871002 3951002 731023 8190894 7310942 7790829 7790601 910043 7790969 7310601 9350961 4610973 4610973 730857 8870560 7790857
null
5370519 7790601 5370974 3951002 251002 1030282 251002 250961
9350770 9350516 7310419 730928 9350961 4990928 3931023 9350993 9350829 8870969 7790601 7790601 3730898 4040200 9350212 9350993 2751023 730969 3230496 730200 9350564 4630772 7980973 8191023 8190404 8190404 8190857 3730363 9350601 5370841 9710071 8790891 4630200 5370571 3700200
4630930 1030292 1030282 1030292 1030292 1030292 1030200 1030638 1031002 1030292 1030292 1031002 1030292 5371023 1030984 1030282 1030282 1030857 1030282 1030292 4880973 1030200 4880973 1030200 4880973 1030282 1030638 1030969 1030292 1031010 5370200 1030282 1030282 1030984 5370974 5370519 251007
null
4630829 8190894 5650857 3250857 7530857 731023 5370282
null
null
null
null
250200
null
null
null
730371 730857 731023 8870743 730880 8870580 4040200 730729 8870880 3951002 250200 4631007 4630200 250200 8870424 8870969 3390043 730928
null
4630282 4630200 4630200 3730200 7980973 3730200 4630200 1030292 5370481 1031010 1031010 4630772 4630772 250200 250200 4630200 4630200 1030984 1030282 1030638 1030984 1030282 4630200 1030282 1030638 1030961 1030282 1030282 1031010 1030857 1030638 1030282 1030282 1030282 1030292 1030282 1031007 1031002 1030961 1030282 1030969 5370200 1030282 1031002 4630043 5370974 5370544 1030993 8190646
null
null
null
null
4630282 9350729 3390043 3731002 4630282
null
null
null
7310646
null
8870969 4880973 1030292 5370481 2760071 5370043 4630969
4630913 4630200 4630200 1030984 4630200 4630200 4630200 4630200 4630200 250200 4631007 8190961 8870424 3951002 4630200 4630200 4630200 4630200 5371023 250200 250200 4630200 4630043 4630424 250200 4630282 4630200 4630386 4630580 4630200 4630200 4630200 4630200 1031010 4630200 1031010 1031010 4630200 4630200 5370974 1030961 1030984 4630424 4631007 4630200 4630200 4630282 4630424 4630200 4630200 1760973 4630200 4630200 5370974 4630580 4630772 1760973 4630772 4630937 7790857 4630913
null
null
null
null
7310646 250961
null
null
null
250961
null
null
null
8870829
5370544 910363 4720363 5371023 5370200 1030993 1031002 5371023 5371023 6770857 5370770 5370841 5370519 7790969 8190741 5370519 3730241 5370752 5370841 8870969 5370519 9350519 3951002 5370519 6770857 5370519 3700770 730544 4720969 5370841 5370544 1031007 1031002 3730898 1030200 1030282 1030200 1030292 4880973 1030292 1030419 1030282 1031007 1030043 7980973 4630200 250200 3391007 3700888 5370877 7310700 7310601 7310205 9350743 8190877 3390580 5371023 1031002 250200 1760973 4630200 1030857 1760973 1030984 1030984 4630200 4630200
null
5370200 1030993 1030993 9350687 9350652 4630200 1030877 1031010 4630829
null
null
null
7940973 4610973 9350870 731023 2080772 7790896 9350741 5370888 6350857 3730114 8600857 5981023 2080894 3700964 2761002 2760894 7790964 7790894 5371023 5371023 5371023 1031002 4630200 1031002 1760973 1760973 1030984 5371023 3390043
7310601 8190419 5370571 7310994 6760973 6350114 6350646 7770857 3730782 9350687 3730993 9350516 9350601 8190942 8190942 8790200 8190700 6760857 3730404 8190419 8190942 6760973 4630282 8190419 5370960 6350765 5370404 9350601 5370829 8190700 5370404 8190177 8190829 8190829 8190857 8190877 9350937 8190296 3730928 9350601 6760481 8190829 5370404 5370894 6660930 5650857 8190877 8190404 6760564 7310829 10220857 9350942 8190687 7770857 6760700 6350891 8190829 6760646 6760942 9350896 3730877 9350601 9671023 5370687 8190700 5370404 8791023 5370877 5370571 6351023 8190646 8190200 6760693 3730942 6760646 8791023 6760601 5370404 6990200 6761023 5370404 3250857 5370419 9350601 5370571 9350177 6760564 5370841 8190877 3730993 9350601 8190404 8190700 8190404 9350601 8190200 9350942 9350942 6760765 9350942 9760200 8190687 5370829 8190404 8190829 8190700 9350829 8190700 8190404 5370859 9350177 8190942 8190404 6760177 8190404 3730564 5370829 8190877 5370829 8190404 6350765 8190700 6350765 8190404 6760877 8190404 6760942 8190404 6760564 6350765 10110857 6760601 5370404 3730430 5370404 9350601 6350114 9350601 9760200 8790200 3731002 6760601 9350601 5370404 5370829 6760700 3730241 6760266 3730564 2760422 6350114 9350942 5370877 8190404 6760266 8190177 8190404 9350564 9350601 8190404 5370687 6350404 3730993 5370877 8190481 3730765 8190296 3250857 9350601 3730765 8190404 6350765 8190870 8190652 8190877 6760646 7530857 8190404 5370841 9350601 5370829 9350601 9350601 5370404 8191023 5370404 6760942 8190857 9350942 9350601 8190752 6350601 9350564 8190580 6760564 8190829 8190942 4630580 5370404 8190857 6760564 8190913 6760942 8190404 9350829 8190404 9350829 5370404 6760700 9350601 8190700 8190857 8190942 9350942 9350601 8190404 8190404 8190829 6350404 8190829 3730404 6760877 8190404 5370404 5370829 5370877 8190877 8190700 9350601 8190404 8190857 5370859 5370877 3250891 8190404 9350601 9350564 6350765 1760973 6760601 3730765 6760942 8190419 4990857 6761002 9350942 6660857 5650857 6760601 9350942 6760765 9350564 5370877 8190942 6990857 3731007 9350937 6990200 9350601 9350601 9350601 9351023 8190877 8190200 9350880 5370404 6760646 3250857 8190177 8190404 5370877 8190404 8790200 5370404 9350601 3731002 9350601 8190404 8190200 9350601 8190404 9350601 6760700 9350601 3730993 8190829 6350601 5370877 5370841 6760646 8190404 8190857 2760741 8190580 6760700 6350601 8790200 6760296 6760877 6350891 8191023 3250857 9350601 6350601 8190700 8190404 8190857 8190404 5370829 6760765
6760973 5370404 5370404 6760877 3730404 7310161 1030292 2370973 7310177 1030292 7310646 7980973 8791023 6350916 5370266 8190296 5370404 8190829 6760601 8190404 5370841 5370371 6760693 8190877 8190646 6760601 8190942 8190829 4880973 4610973 7310363 6760877 6760646 6760877 6760765 3250857 3730419 6350404 3730363 6351023 9350601 9671023 8190296 8191002 8190564 9350937 8190942 3730229 7980973 1030282 7310564 1030282 6770857 6760296 9350601 5370404 7530857 8190877 6350857 8190404 9350601 7980404 6760177 5370877 3730241 6350177 7770857 7980601 6761002 5370404 5370877 4880973 4880973 2370973 1030419 7310560 3730580 5370200 6350765 8190857 6350114 2370973 7310419 3730981 9350601 8790200 6350765 9350601 8190404 6350114 8190877 3730200 6350114 5370200 3731007 6760877 3730601 6760564 6350114 9350564 6350404 5370829 6350891 6760942 9350601 6760700 9350519 3730877 3730519 4880973 4880973 7310646 9350177 8190700 3730993 8190877 5370687 6760601 1030282 5370829 7310601 3730580 3730229 7980973 5370877 9350200 8190829 6760857 8190404 8190700 5370404 8190877 6350601 8190877 6760646 8190857 6760646 3730229 3730829 6761023 7310765 7310601 8190772 8190857 3730829 7980973 4880973 3730200 3730981 7310601 5370200 3730765 6760973 3730877 3730870 7310646 1030765 7310564 7980973 7310693 1030829 3730200 3731007 3731002 7310161 2370973 4880973 4880973 7310177 4880973 1030282 5370829 3730004 9350601 3730772 6350916 3730829 7310601 7310646 7310601 7310646 7980601 8190942 8190857 3731007 6761023 7980973 5370829 3731002 3731002 7310601 5370404 7310669 3731002 3730519 6350177 3730877 3730200 7310363 6350891 8190857 8190404 3730765 3730200 1030877 3730404 6760601 3730229 9350942 5370877 3730829 8190200 3730829 8190829 8190404 6760601 6760700 3730241 6760765 8190857 7310765 6760601 1030928 2370973 7310877 4880973 7310177 4880973 7310646 3730765 3730601 7980973 5370419 6760601 3730928 3730241 8190404 9350177 3731002 2370973 1030829 4330857 3730200 3730200 3730877 3730229 5370200 8190200 6760765 8191007 6760177 3730646 3730386 3730601 3730765 1030282 8190700 8190877 8190829 6760481 3730229 5370829 8190700 8190419 6760942 8191007 5370741 8190404 8190877 9351023 8190700 8190687 6760564 8190404 6760601 9350601 1030419 1030200 3730829 6760646 6761002 9350564 8190404 6760877 8190404 6760296 3730200 7310601 7310129 2370973 7310129 4880973 4880973 4880973 1030877 6770857 9350870 8190404 4630371 3250857 9350601 6760942 8190877 8190404 9350880 8190404 9350601 8190857 1031002 7310669 5370404 3730993 3730601 3730177 3731002 3730371 3730177 3730969 7980973 7980973 1030877 7310891 1030829 7310564 7310177 1030829 7310564 1030419 6761023 7310601 3730241 5370829 6350404 7310891 7310177 7310891 6761023 6760296 5370266 8190942 8190894 8190404 8190580 8190877 9671023 8190877 5370419 7980973 7310646 3730229 7310564 5370404 6760601 8190700 9350601 6350891 3730430 3730601 3730891 3730981 8190404 10110857 9350601 6760646 9350601 3730993 7940973 7310129 7310891 1030282 6350601 9350937 5370404 9350564 8190404 7980973 3730564 7980404 1030829 3730229 7980601 5370200 6760177
3730580 3730177 3730241 9350177 3730241 7310959 6760973 6760177 5370404 9350177 3730404 9350829 5370877 3730404 5370571 6760693 7980973 7980973 1030419 5370404 5370404 6760296 5370404 6350857 7310924 6760601 5370404 6350765 3730877 5370404 6350891 5370419 8190404 5370877 3730981 7310765 5370404 3730601 6760765 7310601 6760765 5370829 7310564 3730229 6760481 5370404 8190942 7310646 5370829 5370877 7310700 3730891 7310959 5370877 3730981 5370829 6760601 3730765 5370404 5370877 6760973 5370419 5370404 5370877 6350404 1030404 7310669 9350601 5370404 6350765 8190877 6760857 3730765 3730877 5370571 3730241 5370200 9350601 6760564 9350601 3730700 5370266 3730137 6760857 6760481 6350891 3731002 6350765 6760601 7310564 6760942 3730229 8190829 6760700 3730229 1030829 6350114 8190829 5370877 3730241 5370404 3730877 7310646 5370841 6760296 6350404 6350765 8190877 1030404 3730177 9350601 6760601 3730404 1030877 3730981 6760601 6760601 7310601 5370404 7310959 6760693 3730765 5370877 3730993 5370404 9350601 3731002 3730296 6760857 7310601 7310700 6760177 6350916 3730829 6760481 5370200 7310601 5370266 5370571 3730241 5370404 3730519 3730177 7310564 5370266 8190857 6760700 5370404 3730700 6350891 5370419 3731002 9350942 6760857 7310564 3730700 3730765 6760296 8190404 3730765 5370404 3730765 1030877 5370877 6350404 6760296 5370741 3730765 6350404 3730765 8190829 7310564 3730765 5370571 3730981 7310651 6771010 6350891 9350177 5370266 3730519 3730993 6350404 7980601 6350891 3730241 6760765 9350177 4330857 6760765 6350857 5370829 3730177 3730981 3730519 5370877 5370404 5370877 3730229 6760765 6760857 3730601 7310363 5370404 3731002 3730241 9350601 6350765 7310601 3730580 6760601 3730229 3731002 1030993 6760973 6760765 6760646 6350891 9350601 6761023 6350114 6761023 7310564 3730229 5370829 7310564 6761023 3730829 7310564 5370404 8190829 5370404 9350601 3730974 6350765 3730646 3730241 7310601 5370404 5370404 9350177 7980973 3730765 6760877 5370404 3730422 6760266 1030993 6760564 3730765 7980601 6350857 3730296 5370571 3730241 3730961 3730229 9350601 6770857 6760601 6760481 3730601 6770857 5370571 6760700 5370829 6760700 7310669 6760601 3730496 6760942 5370404 5370571 5370404 9350177 9350942 4330857 6350177 5370877 5370571 7310959 3730877 5370404 4630829 6760601 6350404 5370200 7310601 6760601 5370687 5370829 6760601 7980973 3730564 3730229 5370829 6760942 7310651 5370829 5370404 7310601 8190404 9350601 3730241 8190829 3730241 5370687 6760296 1030638 3730601 8190564 8190177 5370571 6760942 3730404 9350601 6350404 6760646 7310404 3730765 5370404 6760877 8190177 3730519 5370404 3730765 5370877 5370266 3730877 3730241 5370266 9350601 8190829 9350601 6760700 6350916 9350601 3730241 9350601 3730765 8190829 6760481 7310646 9350601 3731002 7310765 5370829 6760646 6760765 6350177 7310646 3730601 6770857 6350916 3730601 3730229 6350857 7980973 6760857 3730928 6760942 6350891 6760481 6350891 9350177 6760177 5370404 3731007 3730877 5370404 5370419 5370266 3730241 5370404 8190404 6760693 3730241 7310404 3730765 5370877 6760942 6350765 6350601 3730981 3730829 6760942 7310669 3730404 6760177 6760700 5370743 6350916 7980601 8190700 1030765 4330857 3730404 7310646 9350564 9350564 3730241 3730942 3730241 1030877 6760601 3730386 8190829 7310669 8190404 7980973 6760857 1030877 6760296 6350646 3731002 1030282 9350601 3730765 7310651 8190519 5370877 7310646 9350601 6761023 3731002 3730765 6350916 9350829 7310404 3730137 5370266 6350177 7310891 6350857 3730241 5370829 7980973 6760765 1030993
3730229 3730993 3730137 8190404 8190700 6760601 8190404 8190371 3730981 8190371 8190700 3730872 3730601 9350601 6760973 6990200 6760942 3730229 3730177 6760942 8190177 5370404 8190857 6990200 8190829 6990857 1030829 6760564 8190177 8190700 6990857 4630829 3730700 6990481 3730229 4990857 7980973 3250857 9350601 8190404 3730765 8190877 6760601 6990481 8190741 4630829 8190404 9350601 3730404 8190296 5370404 2370973 3730765 8190700 6760942 8190877 8190404 8190877 8190404 3250937 6350765 6350646 8190404 10220857 6350891 6760564 8190404 3731002 8190404 6760601 6350601 7980973 6350601 9350601 8190857 8190700 3730241 8190942 8190404 6350601 3730137 3250857 3730765 1760973 1030282 8790200 6760564 8190829 7530857 8190404 6760765 5370829 6760601 1030404 9350601 6350891 8190829 8190404 8190829 3730981 7980973 9350564 4630266 9350601 5370404 5370877 6760266 9350564 9350601 5370877 8790200 9350601 3730891 6760601 2370973 7530564 8190404 5370419 6760942 6350404 7530857 6760601 8190700 6760601 6760601 3730646 8190404 8190700 6760564 5370877 8190404 7310693 8190404 3730829 8190961 8190829 8190404 3730877 8190942 6760693 8190857 8190404 8190877 8190404 8190942 3730404 7980973 8190564 6760266 3730646 8790200 1030829 8190404 3730765 8190404 7530857 3250857 8190687 6760601 5370877 8190404 3730241 8190404 3730877 8190741 9350601 3250857 3250363 8190857 7310564 9350601 8190404 8791023 6760564 3730229 6760700 6760646 8190942 6350916 8190404 8190404 7530857 6990481 5370829 8190877 6990200 3730241 1760973 6990857 8190177 9350564 8190404 8190877 6350177 8190877 1030404 3730829 8190877 8190404 3730386 3730404 8190564 3730765 8791023 8190404 3730646 8190404 6350765 8190877 3250857 6760601 6760601 8190404 8190829 6760693 3730981 8790200 8190404 8190877 5370404 8190404 3730993 8190877 6760601 8190829 8190942 4630829 3730229 8190564 6990200 8190829 6990481 8190700 8190404 9350601 8190700 8190404 9350601 3730877 8190942 6760693 7530857 8190404 7530857 3730829 9671023 8190700 5370877 1030993 8190564 9350687 9350564 8190404 6350114 6990481 6760646 8190942 6760765 8190404 3730114 8190877 6760693 6350601 7531023 5370404 6760765 1030857 8190877 8190296 8190404 3730241 8791023 5370877 6350916 5370877 6760942 6760266 7310564 7310765 6760601 8190700 6760857 3730114 4880973 6760564 8190404 9350601 6760564 8190687 4911023 8190404 8190700 8190829 3250857 8190829 8190564 9350516 8190877 8190404 6990200 8190877 5370404 8190877 8190404 8190296 6350404 8190177 8190829 6760266 8190404 7940973 1030877 3730177 3730601 3730404 1760973 7530857 8190404 8190404 8190877 3250857 9350601 8790200 8190829 8190857 8190700 7530857 8190404 8790891 9350601 6350916
730363 3251007 8870770 7310419 9350006 4911023 7310200 3731002 9350928 7310700 7980973 4990857 4990857 730114 8870829 3730829 3730114 6350114 1030419 1030404 9350601 9350937 8190752 6990481 9350942 8790891 3730942 7790896 8870942 9350601 4911023 6350891 3730430 6760646 8190404 8191023 8190700 6761002 6990200 8190700 7310700 7940973 7940973 4880973 7310200 7310430 5370829 7310646 3731007 6350404 8190687 8190700 7940973 1030200 7310161 4880973 7310669 7310646 5370829 8870942 7980601 3730700 3730241 8190857 5370200 1030969 7310891 7310601 4880973 7980973 7310564 520942 2760833 2760114 5370859 8870942 8870942 3730266 2760772 2760772 2760772 8870772 6350916 2760652 3470772 520942 8190404 8790891 7530857 6760601 9350754 3730430 8190877 9350564 8190687 7530857 5370859 2761002 9350772 8190772 9350772 8190772 9040772 3250363 8790891 8190877 3250857 6990857 6350916 7770857 3730229 3731002 2760772 3250857 520942
8190877 8190877 6990857 8190877 7310601 1030282 6350114 3730877 8190564 8190404 3730877 3730404 5370829 8190564 3250857 3730519 3730404 8190877 3730941 3730177 6760481 8190857 5370859 8190404 3730177 3730877 8190404 8190829 8190877 8190404 9350564 8190877 6990481 9350601 3730177 6760973 3730266 3730877 5370404 8190877 3730200 6760601 3730386 7940973 5370877 5370894 8190404 3730137 6760700 3730601 7310129 6760765 3730870 8190296 3730519 3730601 3730004 3730241 9350564 8190857 3730229 3730601 7980973 1030877 1030404 7310601 1030993 3730877 8190404 8190564 8190404 6350114 8190877 8190404 3731023 6760601 3730404 1030877 3730430 5370877 6350891 9350601 3730765 1030404 6760765 3730601 6350857 6760857 3730700 6350765 6760601 8190404 3730765 3730601 3730981 4630371 7310601 1030282 5370419 3730228 3730564 6350857 9350601 8790200 7310430 3730004 3730229 3730601 8190564 3730296 6350177 8190942 3730765 9350601 8190700 3730404 9350601 6760765 8190177 8190877 6990200 6350404 3730601 3730404 8190877 8190700 8190404 8190877 3730404 3730177 6760942 3250857 3730137 6760693 8190296 9350601 3730404 5370404 3730137 4880973 3730829 6350646 3730601 8190942 8190857 6760700 9350601 8190404 7310601 3730981 6350765 6760700 3730870 7530857 6350857 6760601 3730700 6350601 8190942 8190404 9350177 6760765 8190296 7310651 8190857 7770857 6760177 6760601 5370404 3730404 4630829 3730772 6990200 8190877 3250857 3730765 8190877 6350857 6760765 8190877 3730404 8190829 9350601 3250363 6350765 6760601 8190877 2760404 6350601 6760646 8190564 6350114 6760857 3730765 3730942 3730229 3730601 9760857 5370829 8190829 8190564 5370829 8190404 6760177 3730404 9350177 3730404 6760564 6990481 6760700 1030404 9350177 6760601 8190404 8190419 8190404 10110857 3730877 8190404 7310765 6760601 3250857 8190177 8190857 8190829 6350765 8190404 6760601 8190877 6760700 1760973 5370404 6350765 6760296 8190404 9350601 8190404 3730419 3730404 9350200 3730601 6760266 3730765 3730700 3730229 3730296 6760857 3730601 10110857 3730404 3730829 3730564 5370687 3730601 8190646 6350916 3730228 8190741 1030829 8190829 3730928 9350601 6760700 8190404 8190877 6760646 6990481 3730765 3730266 8190877 10110857 6760601 5370404 6760601 8190404 4911023 3730765 3730601 5370829 3730363 3730137 6760601 8190700 3730765 3730601 3730981 9350601 6990857 8190829 8190404 6990481 4630829 8190700 3730984 6760942 2760404 6350601 6760646 8190829 8190700 3731002 8190829 4630266 3730519 6760177 3730646 6350646 3730829 7980973 6760601 8190942 6760877 8190404 8190296 6760601 7310942 8190857 3730829 8190829 8190700 4910857 8190942 7310651 8190829 6760942 8190404 7310700 9350601 8190700 9671023 8190700 3730765 8190877 8190404 8190877 3730765 6760646 5370404 1030765 2760404 6990857 8190177 8190877 8190404 6350646 6350601 4630266 3730564 3730241 8190877 8190519 3730229 9350564 7310891 8190829 5370404 4911023 8190877 6990481 8190700 8190700 8190404 8190564 6760765 1030993 8190404 8190942 8190829 8190404 8190700 3250891
8790430 8190877 6990481 6990481 4910857 8790891 4911023 6990481 9760200 6990481 7530564 3730404 6990200 3730137 7310765 9350770 8190942 7530564 9671023 6990200 8190877 6760646 9350601 7310601 2760114 3250363 7531023 8190404 6990200 4911023 8790430 6990481 3250877 6990481 3250937 6990200 6990481 6990200 7310404 7310419 4990857 6990481 3250857 3730229 4610973 7310177 7310404 6760877 8190877 6990200 8190700 6990200 7790829 3250363 6990200 6990200 6990481 4911023 9350937 5370404 6760481 6760857 8790891 4911023 8870942 7530564 6990481 6990200 6990481 8190404 4911023 7531023 8790430 3250877 6990481 8870942 8790430 8870942 6990481 6990200 8190700 4911023 6990200 8870829 6760646 7530564
8790430 3250891 6990200 4911023 6990481 6990481 6990200 9350601 8870942 6990200 3250891 6990481 6990200 6990200 7530564 8190877 6990481 7530564 6990481 3250877 8790430 8791023 9671023 6990200 4911023 6990200 6990200 4911023 6990200 6990200 6990200 6990200 2080200 7530564 6990481 6990481 4911023 6990200 3250937 4911023 7530564 7530564 9671023 6990481 8190829 6990200 4911023 8790891 4911023 6990481 6990481 6040857 6990200 9350601 6990481 6990200 6990481 6990200 4911023 8190829 4911023 9350601 9671023 6990481 6990200 6990200 6990200 8791023 4911023 3250937 6990481 6990481 3250891 6990481 7530564 8190564 7530564 4911023 3250371 6990481 6990200 8870942 8790430 7530564 8790430 8790430 6990481 3250937 6990200
3731002 4630829 3731002 3730430 8190519 4630580 3730519 6350891 8190700 8190829 8190857 5370841 3730646 3730700 4630829 9350829 8190404 6350646 8191007 6760700 8190877 8190700 6760601 5370571 3730993 7310959 3250857 6760693 8191023 6760646 8190942 9350601 3250857 6760942 8190404 5370571 5370829 6350916 8190857 8190857 8190404 8190829 5370829 6990481 6760693 6350601 5370404 3730891 3730942 8190404 8191007 8190371 3730646 8190942 2760114 6761002 3731002 5370770 5370877 5370404 6760942 8190942 8190700 8190700 8190772 8190857 6350646 9350564 6760700 3730942 5370200 7310959 7310404 9350519 5370404 6350114 8190700 8190700 6760564 8190877 8190942 1030993 6770857 6760481 7980973 7310841 2370973 4880973 1030857 7310571 6351023 6760601 8190404 6760646 6350646 8190700 6350404 6760765 5370859 5370829 5370829 5110004 5110004 7310200 4880973 7310857 7310161 7310669 7310765 5370200 5370071 8190404 8190404 8190942 9350601 9760857 8190942 3731002 1030419 1030638 7310404 2370973 7310646 1030043 1030282 2370973 1030993 7310601 5370266 3730296 6761023 3730419 6350177 6350916 8190942 8190700 6350765 5370200 8190877 8190942 3730993 6350765 8190200 9350200 6760564 7310646 9350601 8190404 8190404 5370877 8190857 8190200 5370404 8190942 5370841 8190481 8190177 8791023 8190419 8190942 6760481 6350404 3730241 3730296 1030993 9350942 3730765 8190857 3730765 8190857 9350371 8191023 8190857 5370741 9350942 8190942 6760646 6350857 7310430 3730928 6350601 4880973 4880973 7310161 5370829 5370266 2760114 8190857 8190404 8191023 3730177 1030857 2370973 6760296 3730888 7310564 4880973 4880973 4880973 4880973 5110560 9350177 9350601 9350894 8190896 5370404 9350601 6350404 6760601 8190829 8190857 9350829 8190071 6350765 6350404 4880973 7310200 4880973 7310571 2370973 7310161 7310564 5370877 8190687 8190829 5370404 8190687 3730981 6760857 8190942 8190404 9350601 8190700 8190877 8190700 8190829 8190877 6350857 6760601 8190942 3730993 9350937 8190404 3731002 8190419 6760601 8190700 6350765 8190700 8790200 6350601 5370571 6760564 8190857 6350646 8190829 6760601 5370266 6760877 9350601 6760646 6350857 8190404 8190700 3730765 8190564 6660857 6760481 6761023 3730601 8190857 6350177 8190877 7980973 3730601 6350646 5370859 3730241 8190404 6350765 8190857 8190829 5370829 8190942 5370266 6760857 6760646 3730519 3730137 3730601 3731002 8190404 3731002 8190481 6760601 9350601 3730430 6760942 6760646 6761023 8190857 8190414 8190419 5370404 8190857 5370404 6761023 7310004 3730981 6760973 5370571 6760857 3730564 8790200 8190700 5370404 9350601 8190404 8190857 8190404
3730981 6761023 3731007 3730137 3730891 7310430 5370404 3730137 5370829 3730877 3730877 3730877 8190829 3731002 7310404 7980973 7980973 7310564 6760177 8190942 3731002 3730430 6760942 3731002 6761023 6760296 3730241 3730404 7980973 5370266 9350177 7310560 3730430 6760481 3730404 7310669 6350177 9350937 3730229 7310646 6761023 3730580 8190177 7310646 5370371 3730765 6760973 5370877 3730177 5370404 9350601 9350601 6760266 3730969 3730765 5370877 3730241 6350857 5370419 3730981 3730993 3730601 7310646 3730877 8190422 3730765 9350601 5370829 3730519 8190700 3730296 6760942 5370829 6760601 7310564 5370419 3730422 5370829 6760942 5370404 3730981 8190877 7980973 5370877 3730229 6760177 3730404 7980973 3730404 5370404 6350177 3730877 3730404 6350646 6760601 3730404 6350857 6760973 6760601 6761023 6350114 5370877 7310404 6760601 5370404 3730765 6760942 3730229 7980601 7980973 6350601 6760973 6350891 3730241 7310646 6760857 5370404 3731002 3730114 3730877 3730564 6350404 6760857 1760973 5370877 6350891 5370419 3730241 8190177 3731007 6350646 6760857 5370404 6350177 8190200 6350404 6761023 7310700 6760973 8190857 7310564 9350601 3730765 5370877 5370404 6760177 5370404 3730241 6350601 6761002 6760646 3730241 6760564 3731002 6350404 3730961 3730177 3731002 7310700 6350857 9350601 3731002 3730829 3730700 5370404 9350601 6761023 3730993 9350177 3730700 9350601 3730829 3730974 6760877 8190404 3731002 6760296 3730404 5370877 8190404 9350601 1030404 5370741 3730601 3731002 6350177 8190296 3730765 3730241 3730981 3730229 5370404 3730241 9350601 3730981 3730601 5370829 5370419 6760765 1760973 6760942 6350891 5370266 6760942 3730765 5370877 7310651 3730241 5370404 5370419 3730765 3730829 9350772 3730829 6761023 3730177 5370877 3730981 5370404 10110857 3731002 1030993 5370877 9350601 3730601 6350765 5370877 3730700 6350765 6760973 3730765 9350601 3730700 8190200 5370404 3730601 3730601 6350857 5370571 6350765 8190200 6760942 7980973 6350404 9350601 6350891 3730601 3730877 3730241 6760765 6761002 3730177 5370404 3731002 6760857 8190404 3730833 6761023 6350114 8190857 6350891 9350177 3731002 3730981 6760177 5370404 6350857 3730928 6760296 5370404 3731002 6760857 8190200 7980973 3730601 3730765 3731007 3730519 7310601 3730519 3730241 7310601 7310891 1030877 7310651 7980973 3730241 7980404 1030829 3730829 7310700 1030404 7310669 1030877 7310646 1030829 7310564 5370200 7310177 3730961 6350177 8190857 9350177 6760601 6760601 8190404 9350601 7310765 8190877 6761002 3730601 8190404 9350601 6760601 5370877 3731002 8190829 6760177 7310601 3730765 5370829 3730981 7310765 5370829 5370404 7980973 3730137 7310651 9350601 3730974 3730404 7310601 7980601 7980404 9350601 3730404 9350601 6761023 5370829 8190877 6760857 3730137 7980973 9350564 3730114 5370571 6350177 5370877 3730981 3730700 3730981 6350857 6760601 3730765 6760481 3730942 6350114 3730241 7310564 6760564 3730241 6350891 9350601 6761023 9350601 3730241 8190877 6760765 9350601 3730404 3730981 3730580 9350177 5370371 6760601 9350200 6350404 8190829 3731002 3730404 8190857 9350177 7310601 5370571 3730137 9350177 8190857 3730646 6760877 6350601 5370924 5370829 3730404 8190857 5370404 7310601 6350891 9350601 3730241 3250857 3730404 5370404 7310430 6760481 7310700 8190404 3730877 6350404 7980973 3730829 5370266 9350177 3730829 3730772 5370404 3730765 8190177 6760877 5370404 3730765 6760973 6760857 6350114 6760601 3730241
5370877 5370877 8190404 5370404 6760973 6350646 8190700 5370829 5370960 6760942 8190877 6350891 8190419 8190404 5370829 8190404 1031007 5370404 5370829 5370404 3730404 9350177 6760601 8190404 8190969 5370419 250200 5370404 6350765 6770857 5370266 5370877 5370404 5370404 7310177 5370877 6760693 6760693 6350601 9350601 6350891 7310700 8790200 9350601 5370974 9350601 5370404 3730241 5370404 7980973 6760700 8190877 7310651 5370404 2760404 9350601 5370404 6350601 8190877 5370419 9350942 6350916 5370404 6350601 5370571 8190404 9350829 6760973 5370877 5370404 6760177 5370404 5370404 6350177 8190296 5370404 5370266 8790891 5370877 3730981 8190177 8190296 6760877 5370404 5370404 5370877 5370404 9350601 8190700 6760942 8790891 8190404 5370404 6760601 5370829 8190942 7310601 9350564 5370404 9350601 8190700 2760404 8190700 6990200 5370419 5370877 8190404 6350601 5370404 8190177 6761023 5370571 5370829 8190404 9350177 5370877 8190177 8190877 9350177 5370829 5370877 1760973 7310765 8190404 6350765 8190404 5370404 5370841 6760700 6350891 7310651 5370200 5370404 8190564 9350177 3730229 6760942 5370741 3730404 6350177 250580 3730404 6760765 5370571 8190177 5370404 5370404 8190177 5370571 9350601 5370404 5370877 6760877 5370266 8190913 5370404 6760177 3730981 9350937 5370404 1030877 5370404 5370404 5370877 6760646 5370829 5370404 6350765 5370404 5370404 6760942 7310564 5370571 8190404 3730981 5370404 8190829 8190700 8190700 3730404 4911023 6350404 6760177 8190857 8190829 6350404 5370404 9350177 8190700 3730404 9350564 5370877 8190404 5370266 4880973 5370404 6350765 6990200 5370877 5370404 3730137 6350601 5370404 9350601 6760973 5370974 3730404 9350601 6760700 3730137 7310564 3730891 8190942 9350829 3730601 6760564 8190404 6350601 8190700 8190404 3730177 3730700 8190404 9350516 6760646 1030877 5370829 9350601 3250857 3730829 5370741 6760481 6760601 9350177 7310765 8791023 9350601 5370877 5370877 8190404 3730700 8190877 8190700 6760601 5370404 9350601 5370877 9350601 8190857 5370266 6350601 6760765 8190564 6350765 5370829 9350942 8190419 8190177 5370877 9350177 7310651 6350916 6350601 3730601 6350177 8190700 7310646 6760601 5370829 3730241 5370829 5370877 5370877 6660857 6760973 6350114 8190404 6350765 6760601 8790200 3730601 9350564 8190404 6760601 5370877 6760765 8190877 5370829 6760564 9350601 6350916 9350601 9760200 8190519 8190404 3250857 8190829 6760700 5370404 5370829 8190404 7530857 6990481 9350177 8190700 9671023 4630829 5370877 8190404 8190177 3250857 5370404 9350829 8190700 6760177 8190942 3730829 8190877 9350601 8190404 5370877 8190877 5370877 8190404 8790200 8190877 5370404 9671023 9350601 3250891 8791023 9350601 5370266 3250857
9350601 6760564 8190404 9350829 9671023 8190177 8190700 8190772 8190829 8190829 5370877 5370404 5370829 5370404 7310177 4880973 7310177 2370973 1030877 7310646 7310177 7310161 7310693 1030829 7310161 7310765 1030877 4880973 2370973 1030419 7310693 3730419 8190877 7530857 8790891 3250857 8190829 8790200 8190877 8190700 8190877 3730241 8190481 8190857 9671023 6760601 8190404 6760700 9350177 7310765 9350601 3730241 7310651 7310177 1030638 1030292 1030419 3730877 7310177 7980973 2370973 7310564 3730419 1030993 7310404 6760481 3730519 5370877 9350177 8190296 5370404 5370404 7310564 8190404 3730137 3730241 7310765 1030765 1030877 1030404 8190877 9350560 7310601 7531023 5370877 8190404 8190829 8870829 9350601 9350937 8190700 8190700 8190829 6760564 5370829 6760481 8190857 6760601 6760177 5370829 8190829 6350404 7310177 6761023 9350177 5370877 5370841 8190700 6760564 8870829 9350601 6990200 8870829 9350601 3730765 7310564 1030404 3730386 5370404 8190829 3250857 9350564 8190877 8190829 5370404 8190404 8190404 9350601 3250363 6350765 9350177 3730700 7310765 3731002 5370404 5370404 9350601 1760973 9350564 8190419 5370877 8190404 7310177 3250857 9350177 5370877 5370877 9350516 5370571 6350177 3730241 6350765 8190857 6350891 7310601 5370877 8190404 9350177 8190961 9350601 5370404 5370571 7530857 3730993 9350601 8790200 8190877 9350601 7310651 4630282 7310564 3730241 7310959 7310765 5370404 9350601 9350564 5370404 9350601 9350601 7310601 1030829 3730981 5370419 7310700 5370829 8190481 6760646 7531023 3730296 7980973 3730419 7310646 1760973 7310564 3730200 1030829 1030877 7310177 7310601 7310404 3730200 7310646 7310646 3730241 9671023 3730137 3730266 4880973 7310129 1030829 1030993 7310651 5370877 6770857 1030282 7310765 1030877 2370973 1030877 1030200 4880973 4880973 4880973 1030638 3730519 3730765 6760601 9350564 9350601 8190177 3730942 3730519 6760601 8190404 3250857 6350404 6760601 8190404 8791023 8190942 5370829 8190877 8190404 8190296 8191007 6760177 9350564 5370404 7531023 5370404 8790200 8190404 8190404 9350829 5370371 8190404 5370404 8190772 8190404 5370877 7980404 3730229 1030292 3730898 7310601 1030292 3730229 6760481 5370404 8790200 8790891 8791023 8190877 9350942 8190961 8190564 9350601 9350942 8790891 9350601 7310601 8190564 5370877 6990200 8190877 3250857 9350601 5370877 8190961 6760942 8190829 5370404 9350601 5370404 7310700 8190404 8190404 9350177 6760601 8190404 3250857 9350564 8190481 8190942 9350601 9350601 8190404 8190580 8190829 6760646 6350404 5370829 8190419 9350564 8790200 6760942 5370829 9350601 6990200 8190177 9350601 6350891 6350891 9350601 5370829 8190404 5370829 8190564 9350812 8790200 8190404 6760601 8190404 9350601 8790891 3730266 8190700 5370877 6761002 6350646 5370404 9350601 6760693 5370859 7310765 8190877 5370404 8790200 9350601 9350601 9350564 9350601 1030419 9350961 5370404 9350564 5370404 5370829 6760942 9350942 8190404 8190700
3730296 3730981 5370419 7310765 3730200 2370973 1030765 1030829 7980973 7310669 9350829 8190296 8190829 6990857 3730137 6350177 6760481 5370404 8190404 9350601 6350404 9350564 3730829 5370877 7980973 7980973 7310129 1030638 7310891 2370973 4880973 7310129 4880973 7310161 4880973 4880973 7310601 4880973 3730200 7310601 7310177 6350765 9350601 8190404 8790891 9350601 9350601 3251007 8790200 5370877 3250857 9350601 8190419 3250857 10110857 9350601 8190404 9671023 4911023 8190564 9350601 8870942 10110857 9350564 3250857 9350601 9350564 8790200 5370877 8190829 9350006 9350601 8190404 5370829 9350601 9350942 9350560 8791023 9350601 6761002 6350646 5370829 9350601 8190942 7310765 6660857 9350601 9350829 3250937 9350601 9350601 5370741 6760765 7530857 9350829 6760693 9350601 9350564 9350601 9350601 9350564 8190564 8190404 5370877 8190404 6990200 9350564 3250857 8190404 8190200 8190877 9350601 8790200 5370877 5370404 5370877 3250857 5370404 9350601 5370877 5370404 6760564 4330857 6760857 7310601 3730386 7310601 1030404 1030969 7310601 6760481 5370960 7980973 6350891 2370973 7310646 6770857 7310404 7980973 1030993 9350601 5370841 9350601 8791023 3250877 9350829 9350564 5370404 6660857 7310765 5370741 5370404 8790200 5370877 8190404 9671023 9350601 9350601 6350404 8190177 8190404 9350601 5370200 6760601 1030857 7310560 7310651 5370404 6350765 9350177 3250857 6760693 6350765 6350765 5370404 8190404 7310601 5370404 3730229 7310419 1030282 7310765 7980601 1030282 7310765 3730296 1030282 7310765 3730419 3730981 9350601 5370404 6760700 3730229 9350601 6760700 5370404 3730419 7310161 9350829 6760693 9350601 6760266 5370571 7531023 9671023 3730841 5370877 6350404 9350687 5370829 8190829 9350601 9350601 8190404 6350765 6760601 9350601 9350601 8190404 6350765 9350601 5370404 6350646 9350601 9350601 6760564 5370571 8190829 6760942 5370829 5370877 9350601 9350601 5370877 5370404 9350601 8190829 5370877 5370877 8190419 8190404 8190877 9350177 10220857 3730765 7310601 5370404 5370877 5370877 8190829 8190877 5370404 5370877 7310646 5370829 6760601 3250857 9350601 8191002 8190877 9350601 5370404 10220857 8790891 5370404 6990200 9350601 8190700 9350601 8190404 6760700 7530857 6990200 8791023 8190829 9350564 9350601 8190404 8190942 8190404 5370829 8790891 8190829 8190877 8190829 8190829 3250363 7530857 8190404 9350601 8190877 9350601 6990857 9671023 8190829 9350601 5370877 9350601 8190404 8190404 3730765 4911023 8190700 9350601 8190700 6350765 4911023 8190404 8790200 9350601 3250857 7530857 6760601 6350765 5370404 6760177 8190700 8190404 5370960 5370877 9350601 8190877 8190829 8190700 6990200 8190404 5370877 6990481 3730981 3730177 5370829 3730981 6350765 5370404 3250857 3250857 8190829 6760601 3250857 3730765 9350601 8190404 8190404 6350765 6760693 10110857 3730765 7310601 1030969 3730981 9350601 8190564 3250371 8190419 5370404 6760646 7531023 6760564 5370752
4610973 6270652 3250363 3730928 8190700 9710496 910937 8791023 8870829 8190404 8190877 8190913 8190829 9350729 8190404 5370571 5370419 9350601 5370071 6350765 9350601 3730700 8190942 2760404 5370877 730896 9350894 9350516 8870043 4911023 7530564 5370924 8190700 5370404 5370829 5370741 5370877 5370404 6350891 5370877 7980973 5370419 1030282 7310646 5370419 5370877 7310765 5370829 6770857 6761002 5370877 3731002 6350177 9350601 5370200 2760404 5370200 4880973 1030282 6771010 7310564 5370419 5370571 7310564 5370404 6990481 4911023 1030282 4880973 5370687 2760114 8870942 5370200 3950896 4911023 8190519 8190942 8190687
7310994 7530857 7530857 8190071 8190877 3950896 3730114 6760857 5370419 6760564 8870560 6350646 7531023 9350601 7790937 6760646 8791023 9350937 8190857 8190857 6760942 7310430 8190404 3250937 9760857 8870580 8870870 9350937 9350888 3250363 5370571 8870829 9350601 7531023 7530857 5370877 8190687 3250857 8190404 7310891 7980973 7770857 3250857 6760973 3730646 7310693 3730941 1760973 3730765 5370571 3730942 3730114 3730928 3730419 3730200 3730200 3730928 8190741 3250857 2760404 6761023 3250363 6350646 8190741 3250741 7530564
4911023 4911023 3230969 8190404 8870829 520942 7530564 7530564 8870942 8790430 8870829 3250937 3250891 520942 3950960 7310560 9350741 9350772 8790891 2760942 8190687 8190870
6760973 7310841 7310765 5370877 9350601 3250857 3250891 3730646 4630829 6760973 3731002 7310646 6660857 6350916 8190942 3250857 8190404 8190896 8190942 8190700 8190829 9351023 3730765 8190700 8190404 6760646 9350564 7530857 8190404 9350601 4630829 8190404 8190419 8190942 8190404 8190877 7530564 6760646 8190404 8190404 7530857 8190700 8190700 8191023 8190829 8190404 9350601 8190404 8190700 8190404 8190857 3730404 3730877 3730114 3730241 9351023 8190177 8190404 6990481 6760601 8191023 8190404 6350601 2760006 7310700 7530857 3250857 7530857 8190404 8190942 8190700 8190700 3730829 3730961 7980973 3731002 8190857 8190404 7310994 8870829 9350601 5370930 6760601 9350601 8870205 3731002 4720752 5370829 2760928 3730646 3730700 7310200 9350942 8190205 3730564 1030292 7310646 3731002 8190877 3730430 5370877 3730137 3731002 8190481 8190700 8190404 8190857 8190700 3730891 7980973 7310857 3730200 7310363 7310841 3730386 3730981 7310669 3731002 3730765 8190404 9350371 8190877 8190419 3730942 8190877 3730765 3731002 3731002 3730200 3730241 7980973 7310129 3730419 4880973 7310765 7310877 2370973 7310942 7980973 7310161 3730200 7310942 3730419 3730228 7310646 3731002 6760857 7980973 3730898 7310646 7310877 7310404 7311002 7310004 7311002 7310765 6350765 5370877 6350646 7310829 7310161 7310765 3730200 4880973 7310404 7310646 3730200 7310560 7310601 1030282 5370571 3730877 6350114 8190829 7310161 7310942 7310959 3730241 7310700 7310669 7980404 1030638 7310937 3730386 7310669 3730765 8190942 3730941 7310646 7310937 6760857 7310765 7980973 7310646 7980973 1760973 7310564 7980973 3731002 7980973 7310646 9350601 8190857 5370404 3730829 7310564 7310646 5370829 7980973 3730404 3730969 7310700 3730961 7980973 3730564 8190687 8190829 8190961 8190371 8190829 3730564 7980404 7310646 6760693 3730765 6760857 3730241 6760601 3731007 3730941 3730829 3730241 8190942 8190857 8190646 8190646 8190942 6990481 8190371 6760857 8190857 8190857 1030404 1030282 7310404 6760857 5370071 6760700 8190857 7531023 8190700 8190857 5370877 8190896
3730580 7530857 5370404 4911023 5370571 8190404 8790430 6760942 8790430 8870772 8790430 6770857 6760646 3730363 7310924 9350371 9350743 6761002 3730601 3730241 7310891 7310430 7980973 3731002 6350404 9350601 8791023 1030829 1030993 9350601 8190564 3700200 7790601 8190404 8190687 6990200 8870829 9350772 7530857 8190404 5370404 8190700 7310601 8190404 6760564 6660857 8190942 3730829 3730114 1030829 7310646 7310669 6770857 3730772 5370404 7310646 7310646 5370419 7980973 3250877 3730241 731023 8190700 7531023 3950896 8190371 3730942 5370266 5370419 6040857 6990481 7310652 8190969 7310161 5370404 8791023 3730519 9350601 7310419 7311002 7531023 2760516 9350942 7310959 9350564 8791023 9350601 6760601 7310700 9350937 3730829 8190829 7310129 8190857 6761002 9350894 9350880 3730177 7310937 730870 6350916 3730601 8190700 9350200 9350601 8791023 6770857 7310969 8870829 8190404 5370404 2760404 3731002 9350829 5370877 6350404 7310646 7310430 5370404 7310161 9350942 8190404 7310857 9350601 7310004 6270652 7310004 9350652 7310646 3250857 5370894 7980973 7310601 7530857 6350916 9350942 6350646 7310004 7310564 7310646 7310994 9350942 9350829 8190580 7310646 8790891 2760114 9350601 6990481 6351023 8870942 8190877 3730928 8190829 5370829 9350928 7311002 9350601 5370743 8190422 8190877 9350937 9350601 2370973 3730981 9350601 3730177 9350687 8190700 4880973 3730404 5370419 3731002 9350930 5370404 8190404 7310994 2370973 7980973
6760973 5370371 8190700 9350937 6350646 8190829 8190404 3250857 6760601 8190564 6990200 8190564 3730993 6760877 6760601 8190404 8190177 8190942 8190404 8190829 6350891 6760700 8190404 6760877 8190877 8190404 6760942 8190404 9350601 5370371 8190296 8190404 9350601 8190404 8190404 5370877 6760296 8190772 6760601 8190404 8790891 3730296 2370973 4880973 4880973 1030282 3730765 9350601 3250857 8190519 8190942 9350601 6760564 6760693 6760601 8190700 8190177 9350601 9350942 5370404 6350404 8190829 8190829 8190700 9350601 8190700 8190942 8190177 8190700 8190404 8190700 8190829 8190700 8190419 8190404 8790200 3730700 7310571 9350519 7310601 7310404 7310669 9350937 6760693 7980973 7980973 9350564 6761002 6760601 8190404 8190877 8190877 8190404 7310601 8190404 9350601 8190877 8190404 8190877 3730877 3730229 6350404 7310765 7310646 4880973 5110004 7310200 7310601 9350937 3250857 6760601 9350601 9350564 8190700 5370404 8190296 7310891 7310669 9350942 7310651 10220857 9350601 9350772 3730229 7310430 9350601 5370404 3730177 5370404 9350564 8190404 8190404 8190829 8190700 3250857 9671023 9350601 5370404 9350829 6760646 6350646 7530857 6760857 5370404 8190877 6990481 6760693 3250857 8190877 8190404 5370877 2760114 6760693 8190942 8190404 8190404 8190700 6350891 9350601 8190700 3250857 8190404 8190877 6990200 9350601 8190700 4880973 7310959 1030638 7980973 7310959 4880973 7310765 3730519 7310765 3730829 5370404 3730419 8190857 7310404 3731002 3730241 9350177 6760765 6760765 9350601 5370404 7310646 5370404 3730114 6760857 5370404 3730829 7310161 7980973 3730200 7310646 9350601 8190877 8190700 9350601 3730981 9350601 5370404 8790200 3250857 3730877 5370266 8791023 6760296 8190700 7310765 9350601 3730765 6760601 8190296 10110857 7980601 8190942 3730829 9350961 8190829 8870942 8190404 3730993 8190829 6760564 8190829 8190700 6990200 8190419 8190877 8190404 9350601 8190913 8190177 8190404 8190829 9350564 8190404 5370877 5370404 8190877 5370404 5370404 8190877 8190404 5370877 9350177 8190877 5370877 6990200 8190829 8190877 8190404 6760646 8790200 8190877 8190404 8190877 8791023 9350601 8190404 8190829 9350601 9350601 8190404 8190404 5370829 8190404 9350601 8190700 8190700 6760765 6760177 6990200 9350601 8190942 10110857 8190700 6990200 8190829 6760942 6990857 5370877 9350601 8190857 5370419 3730981 5370404 5370829 6760646 3730241 6760857 3730229 7980973 3731002 1030404 7310177 3730404 6350765 5370404 6350765 8190877 6990200 9350601 5370877 6350916 8190700 8190404 9350601 8190404 6350765 8190700 3250857 8190419 8190700 4911023 1030829 4880973 7940973 4880973 4880973 4880973 7310765 2370973 5370974 3730229 6760693 6350114 9350601 6760646 6760601 6761023 6760646 3250857 9350601 8190942 8190422 6761002 6760942 4990857 9350601 10220857 9350743 5370877 5370404 6760177 3250857 6760601 6350404 9350601 8190177 3250857 9350896 5370404 8791023 8190404 8190829 6660857 9350564 7310765 6350646 9350601 9350687 6350765 8190772 6760601 8190942 3250857 8190829 8190772 8190942 6350891 9350942 6760942 6760601 8190404 8190829 6760646 5370404 9350601 8190200 8190741 8190404 9350564
4630930 5110653 9350560 7310924 5230930 6660857 8870743 4630857 4630580 3730241 9350371 8870770 7310994 6660560 6350646 6770857 10220857 9350896 9350516 7530857 7790772 8870772 7310700 9350896 250580 9350729
3730200 1760973 3730829 3730941 3730898 3730228 3730229 3731002 1760973 5370404 1030282 3731002 7980973 3731002 3731023 3731002 1760973 7980973 1760973 7980973 5371023 7980973 3730200 1030282 1760973 1760973 3731002 7980973 3731002 7980973 3730928 5370266 3730941 3730241 7980973 7980973 3731002 1030282 3731002 7980973 3731002 3730877 3730841 6761023 3731002 1760973 7980973 3731002 1030928 250200 1030292 7980973 1760973 3731002 3730228 3730386 3730519 3731002 3730961 7980973 3731023 1030282 7310646 1030961 3731002 1030282 3730241 1030928 3731002 3731002 1030282 3731002 1760973 3730200 1760973 3730228 1030282 3730200 3731002 7980973 3731002 3730974 7980973 3730420 1030928 3730519 3731023 3730519 1030043 1030282 7310646 7980973 3731002 7980973 6351023 5370571 7980973 3730241 1760973 7980973 3730200 3731002 7980973 7980973 7980973 3731002 3731002 1030282 7980973 3731002 7310646 4630200 3730228 7980973 3731002 7980857 3731002 1030282 7980973 7310646 5370200 3730241 3730200 9350930 3730200 3730200 1030928 3731002 1030282 1030043 7310646 7980973 1030282 3731002 1031010 6761023 7980857 3731023 3731023 3730241 3731023 7980973 5370974 7980973 3731002 1030928 3731023 1030928 3730519 7980973 5370841 3730200 1031010 3731002 3731023 3730646 5370200 3730841 3731002 7980973 3731002 3730928 7310646 7980973 7310646 3731002 3731002 3731002 3731002 3730386 7980973 3731002 3731002 1030928 4330857 3730200 7980973 3730200 3730241 3731023 1030282 3730519 1030282 3730228 3731002 3730241 3731002 7310646 3730200 3730928 3731023 3731007 7980973 1030282 7310646 3730200 3731007 1030282 3730200 7980973 3730841 7980973 7980973 7980973 3731002 7310646 1760973 1030928 7310646 3731023 3731002 1030282 3730700 3731002 3730200 1031010 3730928 7980973 1030993 3731007 1030928 3730004 5370419 7980857 3730200 7310646 1030638 3730241 7980973 3731002 2370973 3731007 3730228 3730898 3730241 3730241 7980857 7980973 3731002 3730898 7980973 3730928 3730519 7980973 7980973 6761023 7980973 1760973 3730700 3730386 3731002 1030282 3731023 3731023 7980973 3731002 7310646 7310646 3731002 7980973 3730928 7980973 4610973 7311002 4990928 7310646 7311002 3731002 8190200 7980973 7980973 7310646 7980973 3730228 7980973 3731002 1030993 7980973 1030282 1760973 3730200 1030282 3731002 3731002 3730928 3731002 1030282 3731002 7980404 3730241 1031010 3731002 3730200 3731023 1031007 7980973 3730961 3731023 3730266 7310646 7310571 7310841 7980973 3730241 7980973 7980973 3731023 3731002 5370200 3731002 7980973 3730386 5370200 7310669 5370571 7980973 3730386 1030419 3730386 3730004 3731002 5370200 1030928 1030961 1030282 3731002 3730646 5370266 3730200 3731023 1030928 3730241 6770857 3731023 3731023 7980973 1760973 7310646 3731023 1760973 7980973 7980973 1030282 7310646 3730870 3730200 3731002 7980973 7980973 5370200 7980973 7980973 3730386 3730200 1030282 3730200 1760973 7980973 7980973 7310937 7310937 7310601 3730772 3730241 8190200 7310646 7980973 3731002 3731023 1030043 7980973 1030928 1030282 5370200 3731002 7310924 7770857 7310924 7310560 1760973 3730519 3731002 5370266 1760973 1030282 3730200 1030282 7770857 6350646 7770857 6761002 8190857 7980973 5370200 1760973 3731002 5370859 5370200 5370200 7980973 6351023 3730519 6351023 3731002 5370200 7980973 7980973 5370772 5370200 9350200 5370571 5370200 5370200 5370841 6760481 1760973 2370973 7980973 3731002 3730941 1030638 1760973 3731002 1030282 5370200 3730200 1030282 3730519 4630200 1030282 3731023 1760973 3731002 7980973 1030857 3731002 3731002 8190857 5370571 8190857 5370571 3730363 10110857 7310700 7310404 10110857
2080414 6660580 4910857 8190560 4910857 3730993 8190964 7530857 5370419 3250857 3250857 2760144 3700580 3230519 9710176 9710071 9710894 9710894 3250857 3470739 7310266 2760516 3250877
7310765 3730877 7310571 5110549 9350829 6990200 7310937 9350200 3730419 7310646 7770857 7310571 5110205 7310829 7310266 10220857 2760942 6760601 9350928 7310571 4990857 9350896 9350601 8870942 8190700 3731002 9350729 7310571 3730386 7310371 5110004 3700519
9350752 730894 3930386 7530857 3730519 8790200 4630937 9350928 4990928 6660857 9350993 2570519 2570519 4610973 9350687 5370752 5370071
251002 5371023 1030638 1031002 4880973 4880973 1030292 4880973 4880973 4880973 4880973 4880973 4880973 4880973 4880973 1030200 4880973 4880973 1030928 5371023 5370974 250200 1760973 5370544 4630580 5370841 5370200 7980973 3730386 1030043 1031010 1030857 1031002 5370200 1030282 7980973 1031002 1031007 1030282 6770857 1031007 1030292 1030282 1030292 1030961 1030857 1030200 1030857 1031007 4630386 4630424 1760973 1030043 1030638 1030282 1030292 1030282 1030200 1030292 4880973 4880973 1030282 4880973 1030292 9350961 7980857 5110004 5110006 4610973 4990857 9350896 5370894 5370687 5370896 5370894 5370894 5370841 1030043 4880973 4880973 1030200 1030200 4880973 1030857 4880973 1030292 1030200 4880973 1030969 1030282 7980973 1030282 250969 6350646 8190700 4720363 3730580 10220857 9350930 730114 8190404 8190700 1030984 5371023 1030984 5371023 1030969 250200 9040857 1030043 1031010 1031002 1030638 1030200 1030961 1030200 4880973 1030282 1030282 1030200 1030969 1031002 3731002 8191007 7310205 7310829 9350212 5370894 8190894 8190896 250200 5371023 1030984 4630200 9350872 5370200 7310669 7980973 1030282 4880973 3730700 3731002 7531023 3950896
3730870 4750870 4750870 1030993 3390043 7790870 7790870 4750870 8190930 8190870 8190870 250043 5370896 2760948 4750870 4300857 3730870 9350870 1030993 9350870 1030282 250200 2760580 250580 250580 3950896 3950896 3730137 1030993 251007 3730870 5370404 9350928 9350870 2760920 3731002 250969 9350652 9350894 7310266 7310266 7310266
4720969 7790969 4630930 3390580 3390043 730071 4720200
1030292 8790891 8870772 3950896 3391007 7790043 4300857 2760801 7790857 4630930 5370519 9350930
null
3230928 910857 910857 4040200 4040857 4040857 7310560 9350652 3730420 1030282 1030969 1030857 1031010 4880973 1030984 1030857 3731023 1030282 1030857 1030984 1030857 5371023 1030984 1030984 3730961 1030638 1030857 1760973 1030857 3730386 1760973 3730200 3730228 3950560 4610973 1030857 1030928 7310857 1030857 1030857 1031010 1031010 1031010 1030857 1030857 250969 3230350 5110549 3730898 3730386 7980973 3731023 1030857 1030857 3730898 1030857 1030282 1760973 1030292 5370519 730519 730857 1030857 1760973 3730646 3730870 7310560 1760973 3730898 3730200 1030292 3730519 4630200 4630200 1030292 1030961 1030292 4630772 3730984 3730386 3730969 4630424 5370974 7310969 8190969 8190646 1030984 4880973 1030857 1030961 3730519 1031010 1030857 1030857 1030638 1030857 1030857 1030961 1031002 7980973 4880973 2370973 4880973 2370973 4880973 1030961 1760973 3730969 4880973 4630386
3730877 3730404 1030043 1030043 2370973 1030638 1030638 1030292 1030292 1030857 1030292 1030200 1030292 1030292 1030292 1030638 5370841 9350516 9350564 3250857 8190857 5370841 1030292 4630200 1030638 1031010 1030292 1030857 1030292 4880973 1030638 4880973 1030857 1030200 1030292 4880973 3730898 6760973 5370841 5370859 7310829 4610973 4610973 7310419 7310419 6270652 5110004 7310404 7311002 9350928 1031010 1031002 4630200 4880973 1030857 1030292 1030200 1030292 1030292 1030638 1030292 4880973 1030638 3730898 4880973 1030292 4880973 4880973 7310700 7310177 1030638 3731002 8190700 7790518 250961 8190700 8190687 8191023 4630200 3730984 4880973 7980973 1030282 7311002 7980973 5370200 4630200 3730646 1760973 3731002 8190857 4630580 8190857 4630266 5370481 4630282 8190646 1760973 8190700 8190700 8190177 8190700 8190652 3731002 7531023 5370404 9350930 1030282 6350857 8870942 7980973 8190700 8190700 3731002 4880973 7310404 7310669 6350765 8190857 3731002 3731002 3731023 7980973 1030282 3731002 5370859 3730700 6350646 8190772 4630200 3730228 4990857 7310841 3731007 4990857 1030829 7310200 4880973 2370973 4610973 7310200 4880973 4880973 4880973 4880973 7310200 4880973 1030969 1030829 7310646 6760481 7980973 4990857 8190519 3730200 7310200 10110857 8190404 5370200 7310942 7980973 7310693 7980973 7310371 7310646 9350200 5370741 3730969 6761023 3731023 4990857 9350913 3731007 5370841 3730228 3731002 9350200 8870942 3731023 5370071 9350801 3731002 8870942 3731023 8190652 8190519 6760481 7980973 9350200 730857 6770857 9350519 8190961 5370071 8870580 7310646 5370974 250969 250200 3731002 3730928 8190700 7980973 1030969 7531023 5370200 3731002 4990857 5370200 5370974
4630200 5370801 1760973 3730772 8190772 4630772
4610973 4610973 9350200 4610973 7310857 3730386 3731002 8190580 8190857 4990857 9350928 5370752 5370741 9350930 7980973 9350829 9350928 8870518 4630913 4630200 4630969 4630913 2750857 9350829 9671023 5650857 4630266 250200 1031010 4630200 250969
1030282 7790519 7790857
