209
null
null
null
null
3471023 4630969 3950888 4630282 4630200 7790961 4630930 4630266 6990481 4300857 4630200 4630200 4630913 6760765 3730770 6990857 8550857
null
1030984 1031002 1030282 1031002 1030282 5370974 1030282 1030282 5371023 1030984 1030043 1030993 250200 250200 251007 7790857 5370743 1031007 1030638 4880973 1030961 1030043 4880973 1030200 1030857 4880973 1030043 4880973 7310371 730857 5370200 5370544 5370200 8190646 4720200 5371007 1030857 1031010 1030200 1030292 1030292 1030857 1030292 1030282 1030292 1030292 1030292 1030292 1031007 1030857 7980973 1031007 1030282 250200 5370964 251007 4720743 4720857
4720743 6760700 3250877 8190880 8190741 1030984 7980973 5371023 1031010 4630200 1030292 4630200 4630930 5370519 5370930 251002 250200 4880973 1030857 1030282 1030993 4630200 5370974 1030984 7790200 5370544 4880973 4880973 4880973 1030857 4880973 1030292 1030292 1030200 4880973 1030638 1760973 5370544 4631007 5371023 7310646 5370200 5370404 910857 251002 4630200 4630200 1030857 4880973 4880973 1030292 1030292 1030292 1030292 1030200 1030638 1030292 1030292 4630200 5371023 4880973 1030857 4630200 5370974 5370200 5370404 5371007 5371023 1030292 1030857 1030200 1031010 1030292 1030857 1030961 1031010 1030984 4630200 1030857 1030292 1030857 1030292 1030857 1030292 1030638 1031002 5370200 1030043 5371023 4630913 250200 1030829 1031002 1031002 1030043 5371023 5371023 5371023 250200
3230560 7790894 7790752 8710350 4720741 7530564 4040200 2760880 2760114 9710212 3700205 3700741 7530857 3700857 3700857 9040857 8710176 9710414 9710729 3470739 730114 4630937 3230812 910363 9710006 3230770 3230796 8190560 3250857 9710969 910969 3930796 3930212 3230371 9710527 9711007 7790752 9760964 9710995 8870043 7791007 4750870 4750870 7790424 4720580 9040580 8870880 8550580 7790937 7791007 7790741 5981023 2760896 3700739 3700743 3700741 3700739 2760942
7791007 6660969 3930371 3930870 4040200 4720363 7790870 3930386 9350743 3250857 8190872 8190964 2760896 3470043 730114 9710772 8710969 8190770 8190071 9710519 5230205 8710752 9710928 4720363 8191007 3950960 3250363 8710767
2080580 4720363 9710580 8710580 2760920 3230969 9710961 8790430 8550580
3700770 3230796 3230364 8870888 8711023 3470580 2760071 7790937 3470961 5230205 8711023 2760516 7310371 7310741 9350942 9710923 3250741 9350942 5370571 2760114 4630969 251002 4630772 250200 250200 3730984 3730363 4630969 4630969 3930371 5230969 3930371 9710864 9710920 8710928 9710870 8710212 9710870 9710870 3700770 2760687 2760920 2760580 2760888 9710071 8710752 3230205 3230812 8870560 3230770 3470857
4720363 9710496 9710894 8710466 230504 230952 230767 3470833 8710872 8710043 8710043 3930969 3230560 8710371 8710770 8190770 3700969 9710205 5230205 8710969 9710006 8190700 3700205 8710969 3230350 8710864 8190560 6040857 9710729 8710928 3930741 5230969 9710987 9710969 5230969 7790043 3930770 3930996 6900872 9710743 8710350 8190371 520857 9040864
8710560 3700770 3470580 7790964 5370200 6770857 5370200 9351023 7310646 5370481 5370741 7310646 9350743 5370877 8790200 5370266 5230969 5230969 3930205 8710205 3930770
520942 2760516 2760646 6760646 9710752 230924 8190580 8190700 3390371 2760942 3230006 3700770 3950896
230414 730580 230952 5370859 8190652 8710560 250071 3730564 4630829 4630913 7790857 7790857 3390580 8190700 4630580 3391007 3950960 9350770 9350872 7980973 3730229 4910857 9350743 9350896 3950960 3730419 7980973 9350743 8870888 9350888 9710964 3230743 9350743 9350743 3730964 8190896 5370964 8190857 8190700 8190942 7790829 910857 5370419 5370687 9350942 8190687 5370404 7980973 8190857 8190961 8190700 7311002 7310601 4630829 3730941 8190942 3730646 5370752 8190857 4040857 730371 4720743 4630282 8190857 5370960 8190519
3930870 8190560 9710743 9710729 4720964 8190700 3730071 9760200 730894 731007 8710770 8710767 9350937 2760896 9350964 8190894 6760177 5370404 6660580 9711007 5370071 2760114 6760564 8190942 9350896 8601023 5230872 9350942 3230796 9040580 9040580 8190404 8790891 8190829 8190877 9350743 8190071 5370071 3730071
6990857 3730268 7980973 8710857 3230496 9710987 9710857 3230212 3230560 4020000 3700741 300422 6660880 8190872 8190961 300422 9710812 6660812 3700414 3230752 9350516 3730419 3730960 3730752 8190857 8190896 3230864 2760364 3230205 5230205 3230770 7530857 8190770 3700870 3230752 2370973 3730420 3700857 5230969 3930857 3930364 3730071 3730928 3730420 3730420 4630743 8190646 9311023 8710987 2080987 8710888 8710646 2760752 9311023 3230743 9710743 3230739 5230646 230560 8190700 8190071 8190006 2760964 3950888 3730601 3730564 3731010 3731010 3731010 4630829 4630857 4631010 8190700
3730942 3730580 7090973 8601023 2760894 9710519 9760200 3700960 3730877 4630200 7310924 9350741 7310924 8190071 8190857 8190687 7310857 3730891 9350006 4720200 8190896 3230872 3230205 9760200 8190560 8190560 8190687 4630200 3731002 7310266 6660527 4630282 8190942 5231023 230504 3730266 6660969 7310924 7310741 7310857 3730829 3730363 7310693 7980973 8191007 9710969 8710969 8710969 9350896 9350371 230920 6660371 9350752 6350601 3730941 1030292 3730898 1760973 1030282 8190857 8190857 8191023 4630200 1760973 3731007 4630580 3730519 7980973 3730765 5370859 8190829 5370519 250200 250200 2370973 3730960 3730969
3251007 8550519 9710864 3930880 3930212 3930969 4040200 4300519 6990200 7530564 3730841 3730404 3731023 3230560 6990200 5370960 5370404 9350601 5370404 7790969 3731023 3700741 9710891 3700770 2080580 230741 230741 3230996 7310741 5230857 8190404 3930386 9350561 730071 8710864 8710371 8870829 3250363
10220857 6760601 9350937 6350114 10110857 10110857 9350829 9350601 10110857 6760266 10220857 6760973 6760564 9350896 7310669 10110857 9350601 3230212 7530857 3730601 3730924 3730765 8190942 3730504 8190829 3250857 4911023 8190857 8190857 8190371 8190857 10110857 9710891 8791023 9350560 10220857 9710796 9040864 3930414 9710891 3230928 730894 8710414 8710743 10140652 3730071 3730646 3730928 3730984 3730770 9350942 2760942 2750212 8710767 2760404 7790144 2760741 9710809 3390752 3250877 8190872 3730404 3730430 3730993 4630266 4630752 6990200 6990200 6990200 4911023 4630752 7090973 9710544 7790937 2760772 7790371 3230560 8190913 8190700
8190752 3700857 8190964 9710920 8190857 8190700 8190700 4910857 6990857 8790891 4911023 8190404 8870424 3230770 9350937 8790891 4630200 4630282 4631007 4630266 4630200 1030993 6760693 8190829 4630743 4630580 6660812 4330857 2080200 4720964 5370071 230767 230496 6760973 7770857 3730770 3470923 8190414 3730752 8190896 8190969 8600857 9350770 8710924 8190071 6760646 5370404 3731002 4630200 4630200 4630200 3730241 3730898 3730519 7980973 3730071 8190419 9350961 3470857 8870829 5370404 5370841 4630282 3730981 3730241 9350687 9040857
6040857 9760200 730646 4720857 3700896 9710920 3470857 9710371 910043 6990857 4911023 3730404 3730601 4910857 3470857 3700071 3250371 7530857 3230928 3730877 3730404 3730841 3730266 7310651 3730137 6990200 3701007 3930519 8710519 9710729 2760364 8190177 3730601 6760564 3250877 7530564 9040870 9040864 4630282 7790964 5371007 3470857 4040200 5370743 9351023 9350961 9350829 9350601 5370841 4040200
250043 4631007 7310646 8190419 6760765 250580 8190857 8190857 6660948 3250363 730948 730948 8190481 9351023 3730928 8190772 5370419 3230969 9040857 4720200 520857 1030857 7310857 9350829 6660948 6660948 3930043 7310646 7310564 2370973 7310969 4990857 4990857 9350729 3950960 3731002 7980973 1030993 3730812 3730241 7770857 3730200 1030282 3730266 7310669 7310161 7310200 7310571 5370859 7310363 7310700 3470857 8190969 4630937 4630937 6900466 7770857 6760942 9760200 4910857 2760752 2760960 3730772 3730601 3730371 4630829 3730420 3730420 8190371 5370371 8190200 5370894 9350896 6760765 6760942 5370419 9760200 4911023 250200 1030282 5370419 3730877 3730942 3730829 8190857 8190857 10110857 10110857 9350006 6990200 9710006 8190177 6350114 9671023 4610973 5370071 7310200 7980973 9350687 8190200 4630829 250961 8190700 3390043 6350916 5370071 9760200 8870942
5110471 7310471 7310471 7310471 7310471 7310045 7310471 7310471 7310045 7310571 6270652 5330652 7310652 7310371 7310471 7310471 8720652 7310371 7310571 7310471 9070652 7310652 6270652 3680652 6270652 6270652 6270652 8720652 5110471 7310471 7310652 7310371 7310924 7310371 7310371 7310471 7310652 7310471 1940652 7310266 7310471 7310471 7310652 7310266 6110652 7310635 7310652 7310652 7310652 7310652 7310585 7310877 7310646 7310652 7310652 7310471 7310635 7310471 7310635 7310635 7310635 10140652 3680652 6270635 7310652 5590652 7310652 7310652 7310266 7310652 7310652 7310571 1940652 1940652 7310652 7310765 7310829 7310652 7310829 7310652 7310601 7310765 7310937 7310266 7310652 7310652 7310652 7310652 7310266 7310652 7310652 7310652 7310652 10140652 7310652 7310652 7310266 7310829 7310652 8430652 7310652 7310652 6270635 6270635 7310419 6270652 7310652 7310652 7310652 7310652 7310652 7310652 7310652 7310652 7310266 7310652 7310652 7310700 7310652 7310652 7310652 7310571 7310652 7310652 7310652 6110652 8720652 7310652 6270635 7310652 6270652 7310471 7310266 7310652 7310652 3680652 7310829 7310652 7310635 7310652 7310652 7310652 7310419 7310652 7310652 7310652 7310652 7310652 7310652 7310652 6270652 7310652 6270652 8720652 6270652 6270652 6270652 8720652 6270652 6270652 6270652 6270652 6270652 7310652 6270652 6110652 9070652 6270652 7310652 3680652 5330652 7310652 8430652 7310937 7310196 7310196 3680652 7310765 7310404 5590652 7310371 3680652 6110652 7310363 7310652 7310363 7310652 7310652 7310652 7310652 6270652 7310571 7310877 6270652 7310652 6270652 6270652 6270652 6110652 7310829 7310877 7310937 7310266 7310877 7310363 7310829 10140652 7310266 5590652 7310404 7310829 7310571 7310829 7310765 10140652 7310829 10140652 5590652 8430652 7310363 8720652 7310430 7310419 7310959 10140652 8430652 10140652 7310652 7310700 6270652 6270652 6270652 6270652 7310877 7310652 7310363 3680652 7310564 7310765 7310571 7310700 7310693 7310404 6270652 7310404 7310266 6270652 6270652 9070652 6270652 9070652 10140652 7310969 5330652 7310700 7310765 8720652 7310652 7310430 5330652 6270652 7310646 7310829 7310652 7310652 7310571 10140652 7310652 10140652 10140652 7310363 7310652 3680652 6270652 6270652 6270652 5590652 3680652 7310371 7310829 8720652 7310419 5590652 6270652 7310419 7310937 7310969 10140652 7310266 7310829 10140652 7310937 7310419 7310371 9350652 8430652 7310363 7310969 7310765 7310700 8720652 7310404 6270652 7310571 3680652 6270652 6110652 6270652 5590652 7310877 7310877 7310829 7310937 7310404 7310652 7310652 7310635 5330652 7310652 7310652 7310652 7310877 10140652 7310266 3730961 7310419 7310765 7310266 7310652 8720652 6270652 10140652 7310571 7310266 3680652 7310877 8430652 7310266 7310652 7310652 7310652 7310652 7310652 7310652 7310652 7310635 7310471 6270635 7310652 7310652 7310829 7310652 7310419 10140652 7310652 8720652 7310652 7310652 6270652 7310652 8720652 7310652 7310266 7310652 7310652 7310635 7310652 3680652 7310471 7310471 6270635 7310652 6110652 7310635 9070652 7310652 7310635 7310652 3680652 7310652 7310652 7310652 7310196 7310652 6270652 6270652 7310652 7310571 7310652 3680652 7310652 7310652 3680652 7310585 7310652 7310652 10140652 6270652 7310829 6270652 7310652 7310652 7310652 7310829 3680652 7310652 7310585 7310652 7310371 7310669 3730200 7310363 7310652 7310652 7310652 7310652 7310652 7310652 6270635 7310266 7310471 7310419 6270652 7310652 7310652 7310652 6270652 7310652 7310652 7310652 7310652 7310635 7310652 7310635 5330652 7310652 7310652 3680652 8720652 7310652 6110652 7310652 7310652 7310652 6270652 6270652 6270652 6270652 6270652 7310571 7310877 3270652 6270652 6270652 7310266 7310646
5110652 7310635 7310652 7310635 7310635 7310652 7310652 7310635 7310652 7310266 7310635 7310652 7310652 7310652 7310652 7310652 7310652 7310652 7310652 7310652 7310652 7310652 7310419 7310652 7310652 7310652 7310652 7310652 7310652 7310652 7310652 7310652 7310652 7310635 7310652 7310652 7310652 7310652 7310652 7310652 7310652 7310652 7310652 7310635 7310652 7310652 7310652 7310652 7310652 7310652 7310652 7310652 7310652 7310652 7310652 7310877 7310652 7310652 7310652 7310652 7310652 7310652 7310266 7310652 7310652 7310652 7310877 7310652 6270652 7310652 7310652 7310652 7310829 7310652 7310652 7310652 7310652 7310652 7310829 7310652 7310652 7310700 7310652 7310652 7310652 7310652 7310652 7310652 8720652 7310652 7310652 7310652 7310266 7310652 7310652 7310652 8430652 7310652 7310652 7310652 7310652 7310652 7310652 7310652 7310652 8720652 7310652 7310652 7310652 6270652 7310652 7310652 7310652 7310652 3680652 7310652 7310652 7310652 7310652 7310652 7310652 7310652 7310652 7310371 7310419 7310652 7310652 7310652 7310652 7310652 7310652 7310652 7310652 7310652 7310419 7310652 7310652 7310635 7310585 7310652 7310652 7310652 7310652 7310585 7310652 7310652 7310652 7310652 7310652 7310652 7310652 7310652 7310652 7310652 7310652 7310652 7310652 7310652 7310419 7310652 7310652 7310652 3730829 7310266 7310652 7310652 7310829 5330652 7310266 7310877 7310937 7310371 7310430 7310765 7310942 7310266 7310765 7310205 7310601 7310765 7310266 7310266 6270652 8720652 7310404 7310564 3680652 7310363 7310942 7310652 7310571 3680652 8720652 7310841 7310652 7310652 7310571 7310652 7310652 7310652 7310266 7310652 7310829 7310652 7310652 7310652 3680652 7310196 7310196 7310196 7310571 7310829 10140652 7310404 7310652 7310419 7310635 7310652 7310652 7310652 10140652 10140652 7310266 7310652 7310652 7310371 7310652 7310635 6270635 7310471 5590652 7310471 6270652 7310652 6270652 7310471 7310635 7310471 7310471 7310471 5590652 7310205 7310371 7310205 7310741 7310266 3730205 7310371 7310652 7310266 7310196 10140652 7310196 3730960 7310652 7310196 7310652 7310652 7310652 10140652 7310652 7310652 10140652 7310652 7310829 7310371 7310652 6270652 7310652 10140652 7310652 5590652 10140652 7310652 7310652 7310652 7310371 7310471 10140652 7310471 7310635 7310635 7310652 7310635 7310635 7310652 7310635 7310635 7310652 7310652 6110652 7310969 7310937 7310652 7310652 7310652 5590652 7310741 7310652 7310877 7310652 8430652 9350652 7310924 7310371 8430652 7310419 7310652 8430652 7310652 7310601 6270652 7310560 10140652 10140652 7310601 8720652 8720652 7310969 7310841 7310371 7310266 7310363 6270652 7310266 7310371 7310652 7310652 7310652 7310205 5330652 7310652 7310571 7310652 7310652 6270652 7310652 7310652 7310266 7310652 7310652 7310652 5330652 7310652 3680652 7310652 8720652 7310652 7310652 7310652 7310045 7310652 7310266 7310560 10140652 7310652 7310652 7310371 10140652 7310652 7310560 7310205 7310652 5330652 7310652 7310371 7310652 7310205 7310652 8720652 7310652 7310652 7310371 7310652 7310652 7310877 7310652 7310205 7310652 7310652 7310652 6110652 7310652 7310652 7310652 7310371 7310652 7310652 7310652 7310652 8720652 7310571 7310652 7310652 7310741 7310652 7310652 7310371 7310652 7310652 7310652 7310652 7310652 7310652 9070652 7310652 7310652 7310877 7310652 7310571 7310652 7310266 7310652 7310652 7310652 7310652 7310652 7310652 10140652 7310652 7310652 7310652 7310371 7310877 5330652 7310652 7310571 3680652 7310652 5330652 7310652 7310652 7310652 9070652 7310652 7310652 7310652 10140652 7310652 7310652 8720652 7310652 7310829 7310652 7310652 7310419 7310937 7310652 7310652 7310652 7310652 7310652 7310419 7310652 7310652 7310652 7310266 7310371 7310652 7310045 7310924 7310652 7310652 7310371 7310652 7310652 7310652 10140652 7310652 7310652 7310652 7310571 8430652 7310371 7310266 7310765 6110652 7310266 7310652 7310652 7310652 7310652 7310585 7310652 7310652 7310652 10140652 7310652 8720652 7310571 7310205 7310741 7310266 7310652 7310652 7310571 3680652 7310045 7310560 7310829 7310652 7310371 7310560 10140652 7770857 10140652 7310363 7310969 7310371 7310560 7310841 8720652 10140652 7310266 7310652 7310371 7310652 3680652 3680652 7310765 5330652 7310601 7310877 7310205 7310741 10140652 7310404 7310205 7310571 7310829 7310652 5330652 10140652 7310841 8720652 10140652 9070652 7310652 7310652 7310471 7310471 7310652 7310266 7310371 7310652 7310205 7310471 7310471 3680652 10140652 7310652 7310652 7310419 7310652 7310471 3680652 7310635 5330652 7310560 10140652 3680652 8720652 7310571 7310371 7310266 7310652 7310045 7310877 7310652 7310419
7310994 7310196 7310196 7310741 7310196 7310196 7310196 7310371 7310266 7310371 7310196 7310196 7310196 6270652 6270652 7310829 7310196 7310196 7310196 7310196 7310196 6270652 7310196 7310196 7310741 7310829 7310196 7310196 7310196 7310266 7310196 7310196 7310196 7310196 7310196 7310266 6270652 6270652 6270652 7310196 6110652 6270652 7310652 7310585 6110652 6270652 7310585 6270652 7310829 8430652 7310829 6270652 6270652 8720652 5590652 6270652 5590652 10140652 6110652 6270652 6270652 7310471 5110350 3680652 7310652 7310471 8430652 6270652 7310652 6270652 6270652 8720652 7310363 6110652 7310266 6270652 7310652 7310877 7310969 7310585 8430652 7310877 5590652 7310585 7310585 7310196 5590652 7310829 7310196 7310196 7310196 7310196 7310829 7310877 7310585 9070652 7310196 7310196 6270652 7310652 7310969 6270652 7310829 7310652 7310585 7310652 7310652 7310196 7310829 8430652 7310266 8430652 7310829 7310652 6110652 6270652 6270652 7310829 7310652 7310571 7310829 7310652 7310652 7310196 8430652 7310829 7310969 7310652 5590652 7310419 7310652 6270652 6270652 7310829 7310652 7310652 7310652 6270652 7310652 5110006 7310652 7310652 9070652 7310585 9070652 6270652 7310652 8720652 7310652 7310652 7310571 7310829 7310652 7310585 8430652 7310652 7310652 7310585 7310652 7310652 5590652 7310652 7310585 7310652 7310652 6270652 7310652 7310585 7310371 7310652 7310652 7310652 7310652 7310652 7310652 3680652 7310652 7310371 7310877 7310652 6270652 6270652 6270652 7310652 7310571 6270652 7310652 7310471 6270652 6270652 7310652 7310829 6270652 7310471 7310471 7310471 7310652 6270652 6270635 7310471 7310652 7310471 7310471 7310471 7310829 7310652 5590652 7310471 7310471 5110471 6270652 6270652 7310471 7310652 7310471 6110652 6270652 6270652 7310652 5110350 6270652 1940652 6270635 7310471 8720652 6270652 7310652 6270652 6270652 7310652 7310471 7310652 7310652 6270652 7310652 5590652 7310471 10140652 7310371 10140652 7310571 7310652 7310937 8430652 5590652 6270652 6270652 6270635 7310652 7310652 5330652 6270652 7310652 7310571 6270635 7310652 5110471 6270635 7310266 3680652 5110004 7310560 3680652 7310652 7310635 5110652 7310652 7310635 7310635 5110635 7310635 5110635 5110652 5110635 7310652 5110635 7310652 7310635 7310652 1940652 7310635 7310652 7310635 7310635 7310471 7310652 7310652 7310635 7310635 7310652 7310652 7310635 7310652 7310585 5110635 1940652 6270635 5110652 7310652 7310652 7310635 7310471 6270635 7310635 7310635 5110635 7310652 6270635 7310471 7310471 7310635 7310635 6270635 7310635 7310652 5110471 7310635 5110635 1940652 7310652 7310652 6270635 7310585 5110652 7310652 5110652 6270652 7310652 7310652 7310585 7310652 7310196 7310196 7310196 7310196 7310585 7310571 7310196 7310652 7310652 7310652 7310635 7310635 7310635 7310635 7310652 7310585 7310585 6270635 7310635 6270635 6270635 1940652 7310652 5110652 5110635 7310635 7310635 7310635 7310635 7310635 7310635 6270635 7310635 7310471 7310635 7310471 7310635 8430652 5110652 5110560 7310585 7310652 7310652 7310585 6270635 7310652 7310585 7310652 6270635 5110652 6270635 7310585 7310652 7310585 7310585 7310585 7310419 7310585 1940652 7310652 6270652 7310652 5110812 7310652 7310652 1940652 5110652 10140652 7310652 7310652 7310652 7310196 7310196 5110560 7310585 6270652 7310196 7310419 7310585 7310652 7310969 7310571 7310652 6270652 7310652 7310266 7310829 6270652 7310571 7310877 7310877 8720652 7310571 6270652 7310652 7310969 7310652 7310652 7310829 1940652 1940652 6110652 7310585 6270652 7310266 7310196 7310196 7310196 7310196 7310196 7310585 7310196 7310196 7310652 7310585 7310652 5110652 7310652 7310585 7310585 7310585
5110004 5110549 5110549 5110205 5110004 5110872 7310200 5110205 5110560 5110812 5110006 5110350 5110549 5110045 5110205 5110006 5110371 5110004 5110006 5110549 5110872 5110205 5110045 7310652 6270652 5590652 5110812 5110872 5110560 5110004 5110006 5110560 5110560 5110549 5110653 5110549 5110205 5110560 5110549 5110205 7310266 5110371 5110045 5110045 5110006 5110872 5110350 5110560 5110006 5110560 5110549 5110205 5110560 5110045 7310877 7310857 5110812 5110812 5110205 7310200 5110045 5110560 5110872 5110812 5110004 5110560 5110004 5110872 5110371 5110205 5110371 5110004 5110004 7310829 5110560 4610973 5110549 5110006 7940973 5110004 7310571 5110004 5110560 5110006 5110004
3470422 2080770 2080770 3470422 3700285 3700752 9710752 9710928 8710646 9710952 9710006 3470772 9710575 8710205 8710504 9710071 2080770 3470987 9710729 9710969 8710212 9710996 5230560 9710996 3470422 8710996 9710996 3470422 9040880 9040857 3730928 8190880 3950888 9710857 9040580
3390043 3390043 3700285 9710880 8190872 9040857 8190896 8190646 8190414 8190857 4630004 5230350 3930924 9710741 9040857 9710741 9040857 3950896 4300857 9710741 3930924 9710741 9710414 5230037 9710741 8870414 9710923 9350414 9710580 2760414 8870205 7790741 8190560 8190560 910857 8190519 9710969 9710205 8190770 9710891 8710857 8190767 3471023 8190071 3470987 9710864 8710864 8710864 8710350 9710350 5230350 5230466 9710006 8190006 8190006 3390071 3950888 8190913 3470923 3700414 9040857 5230350 8601023 9710006 3700857 8190071 8550857 9040857 9040857 3950888 8710864 3700739 3700857 9040857 6040857 9760964 3950888 3471023 3470857 3700969 8190700 9710071 8710560 9710422 3700888 3700857 9040857 3471023 3390071 3950888 7790888 7790964 7790924 2080894 3471023 2760964 3470772 3950888 3950896 7790857 3471023 2080770 9040857 3390071 9040857 2760924 9710519 7790857 8550857 4300857 3471023 2760176 9710767 3470580 3950888 8190071 4630937 9040857 3700996 3230560 3700422 3230304 3470961 3230212 4720741 3470857 9710205 9040857 9040857
4720363 9040580 3950560 8340519 8550519 8340519 3950888 8550519 3700924 3700924 3700414 9040857 8190652
3930872 3700833 9710741 7790772 9710833 9710212 9040987 8710646 3700770 9710880 9710212 4720363 8870880 2760770 7790200 9710527 3470422 2760071 7790964 3470772 2760772 6901023 230350 3470006 3730006 3730371 3730872 4630043 4630424 4630371 4630829 8190801 2760770 2760767 7790601 7790888 2760743 3471023 3700772 230857 3470772 7790770 8190752 7090973 4630371 4630857 8190857 8190422 8191007 3230996 3230527 9710212 9710987 3930880 3700961 3700200 3250363 3730984 5230414 3700996 9710422 9710006 4720741 910646 9710350 9711007 9710952 4720964 8711007 8190422 4720888 4720969 4720363 3390071 7790964 2080987 7790964 9710371 9710864 6900872 3700924 9040857 9040857 4630913 4720363 7530857 9711007 910937 3930741 3230205 730896 9710422 730857 9710864 3700205 3470995 3700414 3470872 8190560 3470857 3470857 9040857 9040857 9040857 9040857 3700896 3700896 8870560 4630282 4630930 3230071 3230212 8710422 8710770 9710212 9710767 4720888 8710872 9710995 9710006 9710176 8190741 3700996 3700857 2080894 2760894 2760897 2760043 2760888 8190894 3730770 3730920 8190857 8190646 3930857 3700739 3700212 9710006 3390371 4630960 3230996 3230920 9710422 3230205 3230560 2760888 2760176 2760743 2760743 2760071 3730920 3730920 3730920 4630580 3730812 3470857 8190519 2761002 230496 2760772 9710952 2080519 3471023 8190857 8190961 9350961 8190969 8190371 8190961 4720752 9710923 3700414 9710006 9710812 3700205 3700924 9710996 9710422 9040857 3950960 8190880 8870888 9710466 3470580 2760350 8601023 8190772 8190560 9710741 3390371 3470580 8710880 3470580 9040864 9710422 9710880 9710880 9710888 9040796 9040857 9710857 3700741 9710864 9710350 9710996 9040880 3950960 3390371 9710212 9710996 3470422 8711007 9711002 3470422 9710212 3470580 3470422 8710646 3730004 4630638 4630638 3730004 4630004 7090973 8190964 9040857 520741 9710969 9710928 3700796 5230646 3930796 9710812 9710212
4630004 8190770 3470987 9710371 3470872 4630371 4630371 4630913 4630071 4630913 4630071 8190770 8190872 910371 910371 9710739 8190857 8190969 4630937 4630913 4630913 4630913 9710504 5370752 7790200 8870580 7790888 3950888 3390580 4630580 4630937 7790964 3471023 7790969
910969 520969 520969 520969 4720743 4720969 4720888 3950960 8791023 5370752 5370743 6660857 8710371 9710930 9710371 3470422 3700205 9710743 8870770 8870743 3700422 9040580 3700752 3700043 3700071 3700205 3700422 3700205 9710422 9710752 8710767 8710969 3930770 910646 8870969 730960 8870770 8870580 9710580 8870580 3470987 4720371 9710580 9710580 3230928 4720964 3230984 3251007 3230646 3230796 3700857 9350880 3250580 730809 8870422 9711002 3250741 3470772 8870772 4720964 520743 7790969 9350772 3250857 8190930 8870770 8190772 7790969 8870560 7790752 7790896 7790896 8870560 4720888 4720043 7790888 7790043 7790937 3470043 3470043 7790894 8190752 9350371 6660872 9350371 3230872 3230864 5230560 3230212 9710297 8710996 3230924 3230812 9710928 3230812 3700960 8190770 9350741 3700200 3700200 3700200 7530857 3701007 8870924 3930857 910857 3700580 3250580 4720580 3250580 4720580 4720580 9710580 4720752 4720752 3250371 3230872 3230350 3230928 9350993 8870580 3250580 910580 8870770 3470961 8870770 9711002 9711007 3470580 3250580 4720371 7790937 7790601 7790741 7790829 4720741 3471007 4720772 9350687 9350561 8190752 7790857 5370896 3250937 9710857 9710466 9040857 9710043 3470857 7790857 7790741 2081023 7791007 3471002 7790741 3950888 7790888 3470580 3470872 9710176 8190371 9350560 9350880 5370160 7530857 7790770 3470961 7790741 2080741 9040580 3470857 5370043 5370043 730043 7790043 730043 7790043 730043 730043 730043 7790043 8870043 3470043 730043 2760043 730043 730043 7790043 7790043 3470043 7790043 7790043 7790043 7790043 3730924 3730924 9350371 3250857 8190580 3470857 7790857 7790894 9040580 9040580 2080741 2080414 3470043 4720857 3470961 4720888 3230646 4720961 3470961 3230646 3470961 3230496 4720961 3251007 4720741 9710891 3250363 3470961 5370371 9350743 8190857 8190687 3250857 7790857 7790752 4300857
3700996 3471023 7790770 5231023 2760770 7790896 8550519 3390580 9040880 9710496 3700896 9040864 8190770 4630969 4630857 4630371 4630913 8190652 8190872 9040857 8710969 8710770 9710414 9710857 3470857 3730770 4630969 5370266 7310693 10110857 3930812 520857 6660948 7310266 9710414 5230646 9710729 3700741 3700285 9710741 3700285 9040857 8190857 3390071 3700969 3930560 3700969 910043 3471002 7790770 7790741 9040857 9350993 8190404 8190857 8190857 8190857 7090973 8190857 7090973 8190857 730928 7790205 7790937 7790937 3230741 8870414 3700864 9350006
7790205 3470872 3471023 3700285 4720741 3470995 2760350 5230422 7790924 9710297 9710996 3471023 5231023 7790894 3470580 9040880 3470872 9040857 8190767 7090973 8190913 3471007 2760996 3700422 3700205 3230560 2760894 2760897 7790752 9040580 7790896 7790519 7790896 8190646 7090973 7090973 3700741 9710796 9040880 3470857 9710920 8710928 9710920 3700888 4720969 3930371 910043 730071 730646 910200 3931023 8870743 730743 730364 730888 3230888 3250560 3251007 3701007 3930796 9710297 8870422 9710796 3230880 730996 3930772 910043 3700772 730796 3700772 3931023 3700772 730880 3930772 3930796 3700043 9350304 730422 730928 8870580 910580 910205 910422 3930812 9710739 8870580 9350729 3250857 730857 3700857 8870812 910560 730857 9350872 9350371 9350414 9710580 2760580 5230930 730560 8870560 3470580 8550580
8870580 8870580 8870580 730580 8870770 3470043 2760580 8870580 8870043 8870924 8870833 8550519 3470923 6660741 6660371 730741 8870580 730948 9040857 3700880 3700969 9710833 7790770 2080770 9710422 2760888 730812 3230743 3230646 730928 4720371 3230646 3230920 3700739 3230880 9710996 9710422 8191007 9040857 3700857 8710996 7790741 7790964 9040772 9040580 8870422 3700580 7791007 8870580 3701007 9710422 8711023 8710996 5230422 9710996 8870560 8870942 7790969 6660948 9710772 2760071 9710964 2080888 2760888 9710743 3471023 7790924 2760371 7790371 2760371 7790870 7790371 2760924 7790937 7790371 7790964 7790888 7790888 2760928 2760371 9710772 9710864 8710772 7790964 9040870 3470872 9040864 911007 910544 7790770 2760350 7790424 7790424 3470580 3470006 3470006 8190580 8190930 8190857 9710969 5230872 3930371 730741 910043 730741 7790964 3700896 7790424 7790371 7790200 8190371 7790371 7790371 3700200 520741 3700880 3700741 3230872 5370741 4720200 7790937 4720371 3250363 9760857 3730646 3730004 8191010 8190160 8190857 8190071 3471023 9040857 2760770 2750212 3230496 730924 3700200 3230928 2760888 2760964 5230519 2760743 2760414 2760741 2760371 7790414 730371 8870772 7790741
9710995 730928 3700205 9710812 8190646 7090973 4300857 3250580 2760987 2760767 8710519 7790888 7790770 7790519 2760646 2760752 2760770 4720752 7790519 3951002 7790857 3951002 730496 9710987 3930519 9710205 3700519 3930205 3700205 3700833 3700205 3700833 300872 3700964 3700519 3700741 3700928 3700205 3700924 3700741 910937 910544 520969 3250857 8190961 8190071 4720857 3700969 9040857 3700969 9710969 9350772 730071 8190961 3730496 4630200 3730888 8710466 5370888 9710772 3250891 3470772 7790857 2081023 7790894 7790964 4300857 3950888 7790857 7790857 8190857 4631007 4630960 7090857 7790937 7790857 7790200 7790200 8870043 7790200 7790200 7790200 7790969 7790961 7790200 8190580 5370043 7790200 7790200 8870043 7790200 7790200 5370043 8870772 7790200 8870043 7790200 7790200 7790200 7790200 7790200 5370772 7790752 5370043 730969 6661002 730770 730870 8870043 8870772 7790964 8870518 8870424 7790969 4720857 4720752 7790937 5230872 6660304 730006 4720043 8870942 5230930 5231023 6901023 9350414 9350812 3731002 9350930 9350894 2760930 730561 7790964 7790894 8191002 3470930 9710371 3700580 9710888 7790770 3470580 3700580 7790770 8190371 4630071 4630371 9710371 9710285 2760894 9710580 4720580 3470580 3470772 7790770 5370371 5370930 8190857 8190930 8190857 5370741 5370160 8190812 730888 2760414 3230924 730071 730414 2760752 730752 8711007 8870580 730770 9710987 5230414 8870414 3950960 8550580 3470043 8870743 9710580 9040580 8870580 3950560 9040580 9040580 3950888
3951002 3951002 3951002 7790857 7790937 7791007 7790200 7790969 7790937 7790200 7790200 7790200 7791007 7790200 7790200 7790200 7790200 7790200 7790200 7790200 7790200 7790772 7790937 7790200 3951002 7790857 7790200 7790200 7790200 7790857 5370772 7790200 5370043 7790200 7790200 5370841 7790200 7790200 7790200 7790200 7790200 7790200 7791007 7790857 7790200 7790857 3951002 8870580 730200 730928 730741 730743 730006 8870743 8870969 8870969 3700969 9040857 7790200 2760516 7790870 7790964 7790894 3950896 7090973 8190857 2760687 8190160 8190160 7090973 7090973 7090973 8550857 8190646 7790371 730006 7790371 7790371 7790424 7790770 2760743 3230496 4720772 4720371 3471007 7790752 3700580 7790969 4631007 4630200 4630969 4630638 4630004 8190969 9350371 9350772 3930872 7790857 9710964 3700739 8190969 8190969 8190414 3700200 9710928 3700285 3700741 9710960 8190071 9350772 8870580 8870772 3700580 3700772 730743 730560 9350205 730928 8870969 730646 3700200 8870043 8190857 910857 8870969 8190969 8190969 730371 730754 3700772 9040580 7790200 7790519 2760496 7790896 2760176 7790601 2760743 7790518 8870888 2760741 8870580 7790741 2760741 2760741 8870580 730928 730812 8870205 910205 910043 8870969 730770 3470772 3930560 9710205 3930796 8870969 7790969 730960 3230422 3230371 730422 3230212 730880 8190466 2760928 2760071 2760580 730560 731023 8870580 8870424 730741 8190969 8190857 5370519 2760580 730857 8870580 8870829 8870772 3930772 3930519 3931002 8870833 3931002 730928 8870833 520969 8190857 3700743 8870812 8870924 2760770 9711002 7790969 7790937 7790969 7790770 8870969 2760833 730928 8870580 730928 730870 731023 730544 2760527 730422 730812 8870422 8870580 8870580 9040580 7790205 7790937 7790894 7790896 7790857 2760880 2760519 250519 250580 7790519 2760144 2760928 8870422 730812 9350880 3930212 9350561 3700896 3700519 3700519 3700880 8550857 7790969 2760200 2760516 2760969 2760969 2760969 7790200 2760924 6660924 6660043 6660460 6660212 730043 6660527 730043 730796 8870043 2760948 730000 8870580 8190580 8191002 7790857 7310004 7980973 9350930 7310969 7310004 7311002 730857 9350930 730930 5370930 730857 8870043 9350924 6660006 5370896 730809 7790200 730857 8190580 8870424 2760646 8870580 8190580 8870580 8870580 7790519 7790857 4720857 7790857 6770857 6770857 9350930 9350414 2760646 7790729 2760743 2760043 2760043 2760833 2760176 2760833 2760894 2760897 7790964 2760928 2760961 7790200 8870772 730857 7090973 9350743 7790200 8601023 8190896 7790937 7790969 8870969 7790894
2570519 3700896 3700770 3700414 5230560 9040796 8190560 9350961 2760404 730519 730114 230872 730743 2761002 5370841 2760969 2760924 8870424 9710527 3700205 3700205 9710739 3700741 7790200 8190772 7790772 7790894 3700969 5231002 910772 8870969 3930772 8190857 3730638 3730924 5230857 9350924 3930857 8190741 3700864 8190857 8190857 9350519 8190930 8190519 8190857 3730004 3731023 3730928 4630638 8190801 8190857 8190519 8190801 8190894 8190519 8190519 9040857 2080741 9350896 2760414 9710923 3230924 3470833 5230414 8190752 3700414 9710729 520741 9350964 3930969 3930770 9710752 3930996 3930422 3930422 730969 3930772 8870580 3931002 3700996 7790752 8870743 8870969 4720371 8190857 9040772 8190772 2760894 5981023 2760894 2760964 2760646 2760772 230809 730801 3470833 9710772 2760833 9710833 3930872 3700205 4040200 9710864 7090973 3730560 3730004 3730560 8190857 3730560 8190857 7090973 3700519 9710930 9710414 2760960 2760752 2760414 8870770 9710752 5230422 9710960 3700770 3930857 9710729 3930857 9710176 9710961 3230754 8710857 7530857 8190752 3730004 3730560 3730872 3730004 8190964 8190580 8190580 8190857 8190857 8190580 9040857 9040857 9040580 2760772 2760754 3470772 3730772 3730519 3731023 3730772 3731023 3730928 8190857 9040857 9040857 9040857 9040857 3470772 9040772 3730646 8190857 7790857 7790896 7790964 8190770 7790857 8190964 3470930 2760741 2760770 3470043 7790770 7790770 9040857 9040796 9710880 8190857 8190414 7790752 9710772 230504 5370741 230767 9350801 7790770 8870580 3230880 9710752 8710752 8711007 8710880 8870770 8550580 9040580 4720580 8190580 7790857 8190687 9760857 4630960 8190857 3700857 5230857 9710741 7790371 3730602 3730646 3730420 3730924 1760973 1760973 3730004 3730004 4630638 1760973 6760646 9350754 7790857 7790752 7790888 7790964 2080772 7790857 7790857 7790888 7790857 730519 2760812 3700996 8870743 8190964 8190772 7790894 2760071 3730043 3730964 3730519 910857 9350741 9350880 9710527 8190371 9710371 9710772 7790964 5370752 8190560 5230560 7790752 2760422 2760043 2760743 3730004 8550857 7790937 7790200 7790857 7790770 7790424 8870043
8190969 5370160 7790857 8190857 7790857 8190969 8190519 8870969 7790969 7790857 8550519 9760964 910371 9710037 8710205 3700969 730741 9710371 9710371 9710371 9710371 9710371 9710371 9710371 5230872 9710371 9710006 5230646 5230646 9710350 8870770 730833 730880 3700796 3700739 3700043 3700043 3700043 9040880 3700796 9040880 3700772 3470422 7790371 731023 730371 730796 910580 730880 9710212 3700880 9710212 3700743 9710880 3700880 9710796 9710880 3700880 3700212 9710371 3700880 3700212 3700880 9710880 3700212 3700743 9040880 3700212 9040796 3700796 3700796 3700880 3700212 9040796 3700880 3700212 9040796 9040880 9710212 9710544 3700880 3700796 3700796 3700880 3700880 3700796 3700796 3700212 9040796 3700880 9040796 9040796 9040880 9040796 9040880 9040880 4630969 7790770 2760960 2760770 9710414 8340519 9710496 8190741 3470857 3470923 2760767 8870772 8710772 2760880 7790770 8190770 3470857 8190404 8710646 7790857 250071 9710285 3700857 2080741 3470006 8190414 8190160 8190857 8190752 2760924 9710422 3230752 3230880 300422 3701007 3700752 9710729 9711007 8190404 9710864 9710864 8710864 2760350 2760924 5230930 3700772 9350006 2760371 2760371 2760006 7790371 911007 9350993 3700928 3700961 3700212 3470373 7790857 3470772 3700796 7790770 2760880 2760527 7790857 4720857 7790888 7790894 3700772 8870743 8190872 8190857 4630930 4630741 3950960 7790205 9040772 9040772 7790888 9040772 7790924 4630937 4630071 4300857 3730646 4630937 4630043 9040857 7790857 8550857 8550857 8550857 7790519 3731002 4630930 4630930 4630930 4630772 4630772 8190857 4630930 8550857
7790200 3700833 3700772 2760928 8190896 9040857 3700964 8190857 7090973 8190913 9710350 3390043 4630043 3390043 4630043 3390043 3390043 3390580 3390580 230924 5230371 730212 3230796 9040580 3470006 3470580 3470739 8550857 9040580 7790888 7790937 9710043 3470580 7790752 2080519 3470580 4720888 3700928 9710833 9710809 9710205 3700996 3930560 3700422 5230422 9710996 9710205 8870969 8190205 7790652 7790519 7790888 2760071 8710504 8710504 3470441 7790770 5370752 3230796 3230422 9710996 3230422 3230880 5230422 3470422 2760743 9710888 9710964 3470772 3700969 9710833 3700796 3950896 9040857 4300857 7790371 7790371 7790741 7790752 7790896 7790894 7790896 7790964 4630913 4630913 3230772 3230212 9711007 2080888 7790770 3470441 3471023 7790888 3390752 7790770 3930560 3700772 3930880 9710422 3700880 3700864 9040880 3700770 9710422 3700414 3700743 9710350 9710920 2080888 9710006 9710888 5230350 3700996 9710205 3230796 9040580
3700414 3471023 9711002 910422 7790414 9040772 3700212 9710006 7790371 9040864 3230006 3700205 3700205 9040796 3700422 8870560 910741 3700924 5230560 3930812 3930924 3700205 3930880 9710739 3930560 3700519 8710350 2080987 3700833 3700964 9710964 9760964 9710453 9710920 3470285 230809 9710930 2760496 2760071 8710519 8711023 7790964 3470772 4630960 250071 4750870 9710071 520071 2080888 8710006 230414 6580212 8870772 9830996 6580212 9710996 2760560 3470870 9710212 9040870 2080519 7790896 7790741 7790896 9710285 3470422 2760880 2760987 8710924 5230772 9710285 3230006 3230924 4720964 730560 730924 4720371 3471002 9040580 730006 3230371 9710961 3230304 3470285 910772 3930996 3930422 6660800 730928 730888 3930743 730812 730741 3950888 8710043 8710864 4300857 8710924 3930880 5230646 5230422 3700741 9710796 3470739 8710646 9710920 2080894 7790888 7790752 8710422 9710297 9710772 9710580 8710504 8710205 8710504 8870770 9711002 8870888 3700752 3700996 300996 9710739 3930212 9710928 3700422 3700205 9710969 9710527 9040772 3470833 2760560 2760114 2760743 3470772 8870043 730114 3701007 8870829 8870969 3390752 520857 9040857 3700964 3700071 3930212 3700969 730969 9350304 520743 910071 730212 8870205 3700752 3700770 3700964 3700071 3700928 9710371 3700872
3700752 4720857 8550519 2760754 2760896 730770 2760770 3730580 8190857 8190880 9040857 9040857 9040880 8870969 8870969 8870772 3930205 3700770 3730004 8190857 8190857 8190857 8190560 3700519 730812 2080519 2760880 8710212 9710864 7790969 8870924 9350754 730754 910772 730754 730924 2760006 9710580 5370371 8870580 8190580 8190006 9040580 7790371 7790857 7790857 2080519 5370964 5370043 2760043 2760043 2760043 2760772 2760812 7790772 2760646 7790371 7790896 2760516 7790894 2760580 7790752 7790857 8870580 8870580 6660561 8870580 7790424 3700580 3950896 8190913 3250741 2760741 2760872 7790371 9710519 4720857 9710880 9710880 9040857 9040857 9040857 9040857 7790772 2760043 7790894 2760767 7790772 2760043 2760772 2760043 230006 2760371 9710864 9710864 2760741 2760043 7790772 7790424 8870580 7790741 910772 730772 3700772 730772 730560 8870772 731023 2760880 730560 5370371 8190519 7790969 3700772 910772 3930772 3700969 8190857 8190857 8190913 3470857 3470857 7790200 2760772 230872 2760043 730519 2760880 730870 2761002 2760928 8870422 8870560 3390371 3930386 730870 730519 3230924 3230496 9350006 730371 730371 730371 2760580 730371 730371 730371 3470580 8190006 8191010 7090973 9040857 3250560 9040857 7790857 9710371 9710864 2760350 2081023 9710043 2760928 730741 730928 731007 730371 730371 730741 730741 730969 730741 730928 730741 3700580 8190880 8190580 8550857 3700969 7090973 7090973 8190857 8190857 9040857 9710414 5231023 3700414 3470285 2760996 3700285 9040580 3700200 8190857 8190857 6660006 9710930 7790371 2760872 2760422 6660006 2760371 2760652 6660560 2760743 2760894 3470857 8190371 2081023 8190371 7090973 7090973 4630004 7090973 8190371 8190687 3700200 9350928 9350993 3931002 730870 3931002 3930519 9350961 8870969 730646 9040580 8870870 9710920 3700870 8710519 2760888 2760743 2760928 2760928 2760928 2760928 2760996 2760527 2760422 2760812 3700205 7790857 8190857 7090973 3700996 730729 730729 730646 8870969 8190969 520857 3470580 8870888 8191010 3730004 3730004 4631010 8190857 8190857 8190646
3700741 3700872 9710580 4720371 8870422 8870580 3700580 9040580 4720741 8870770 730928 9350993 3230304 730880 730928 730560 730729 8871002 730880 730646 730560 730741 3930043 730969 730729 3230928 9350961 3730228 8190930 7980973 4990857 9350961 9350928 9350729 730729 730729 730928 8870969 730646 9350993 910937 730228 8870969 730363 8870770 730928 8870580 9350993 8870870 3230969 8870212 8870969 8870969 3230646 8870969 8870422 7790518 8870424 8870829 9350993 8870829 8870043 8871002 4040200 730928 8870580 8870770 730928 7790729 8870580 8870580 3700205 7790969 8870424 8870969 8870424 8870422 8870424 9040580 4720969 3230984 910741 8870969 4720961 910544 8870414 9710960 8190205 8190560 3230304 3230920 8870770 9710920 7790770 3470580 3700043 3470043 3470043 9710729 520071 8710741 2080888 3950888 8870743 7790924 9710006 9710006 7790937 3700924 8870924 8870743 3930371 2751023 8870580 3930414 3700772 3700580 8190857 9040857 5230646 7090973 7090973 7090973 7090973 3470580 9040580 8710414 3470580 8550580 9710371 3470872 8870580 3700580 4720043 9710580 9710864 9710371 520969 730857 730872 730560 8870414 730928 3700741 8870770 9710928 3700200 7790772 730754 3700772 9040857 8550857 3230006 3230872 3701007 4720741 8190857
5370200 5370924 5370924 8190969 910371 8190772 8190580 2760752 8191002 8870424 7790752 7790894 8191023 7790857 7790857 9760964 3230350 5230422 730924 3230880 2760924 9710580 3470006 2760071 9350006 8190205 8190371 8190160 8190006 9710466 2760920 2760743 2760371 2760772 2760687 2760896 5981023 8190857 8190964 8190894 6660561 730928 730969 730930 730948 8870580 9350942 8870580 730928 6660924 9711002 8870772 3230770 3230770 3230770 730857 3230752 6660741 3230872 8870580 730928 730205 730960 8870422 730928 730371 730857 9350422 730969 730894 8870424 730928 730743 8711002 730000 8870770 730743 3230928 7790937 8870424 8870969 8870580 2760114 6660996 6660212 6660800 730969 730928 910422 8870969 8870580 8870829 7790424 8870043 7790200 2760043 2760373 2760043 7790200 2760646 2760043 2760767 9350913 9350870 5370833 730857 5370772 9350930 8190741 730857 6770160 730857 6660422 5370741 730961 730969 2760969 2760527 730880 9710350 730924 730894 8870969 4040200 8870422 8870743 8870969 3700969 9710969 9710752 3700960 9710891 8190969 8190652 8190652 9350896 5370741 8190969 5370071 731007 730560 730205 730754 730770 9710580 2760371 3470441 8870205 8870580 7791007 8870770 2760043 2760888 2760441 5231002 730006 730770 730880 730872 730767 910772 4720969 8870743 3470285 7790894 8190857 7790752 2760942 5370741 5370833 9350772 2760928 5370282 731023 730857 730857 730544 730646 730969 7790200 730969 730646 730646 730961 3700870 3701007 3700870 910071 9710969 3700741 9350560 3700857 8190969 8190646 4040200 8190646
3700969 520071 4630969 4630969 9710920 3930857 3930857 3930857 730857 9350160 9350160 8190160 8191010 3731010 8191010 4630282 7090973 4630282 7090973 3950888 7090973 7090973 4630743 2760743 3230350 910741 910924 4720772 3230646 730880 730880 8870772 8870772 8870772 910544 3700857 3700741 9040857 8190371 9710371 910071 2760928 730371 9350993 910544 5370371 4990928 5370833 9350896 5370371 730772 8870772 730772 8870772 8870772 9350754 8870772 8870772 3700772 8870772 8870205 8870772 8870772 3700772 9350772 8870772 5370754 8870772 8870772 7791007 8870772 8870772 8870772 8870772 9350772 8870772 730560 9350928 8870772 8870772 8870772 8870770 9350754 8870772 9350772 9350772 8870772 9350754 8870144 7790857 2760928 7790729 9350772 7790200 8870772 8870772 7790200 8190829 9350772 9350160 5370752 730857 2760772 7790896 8870772 9350754 8870772 8870772 9350772 9350928 9350754 8870772 5370772 8870772 8190772 8190772 9350872 7790772 8870870 8870772 5370772 2760928 8870772 8870772 730870 8870870 7790857 730857 9350961 9350560 9350772 9350772 9350964 9350772 5370160 9350772 8870772 9350772 5370754 730857 8870424 9350772 9350560 730857 8190772 2760772 9350772 9350772 9350872 5370829 8190772 8870772 5370772 8190772 730857 2760772 5370371 730857 9350772 8870772 9350754 9350772 5370741 730857 730857 5370772 730857 9350772 730857 9350772 8870772 9350772 8870888 5370833 9350872 5370160 8870969 5370741 8870743 9350772 9350772 730496 9350772 3700772 9350519 730928 9350872 7790371 730371 8870043 5370743 9350772 9711002 730350 7790200 8870424 8870772 730857 8870424 5370924 730857 7790371 9350913 8870969 5370752 8870770 9350913 3951002 8190580 730809 730857 8870043 7790857 7790969 8191002 8870424 8870043 7790857 8870424 8870518 8870043 7790200 7790857 8870043 7790200 7790200 8191002 5370160 730857 8190519 730857 8191002 5370043 730857 7790200 8191002 5371002 7790200 7790200 5370160 7790200 7790857 5370930 7790857 5370544 7790200 5370071 7790969 7790857 7790857 7790857 8870772 7790200 3951002 5370043 5371002 7790857 4720772 7790857 7790857 7790200 2760687 9350870 2760928 730371 730969 730646 731023 5371002 731023 5370833 730833 9350743 2760894 8601023 2760964 5370519 2760743 2760743 3730782 8190930 8190930 3730646 8190896 8190857 1760973 3730004 8191023 730857 3700580 730729 730969 730646 4720743 4720964 8870969 7790969 4720969 7090973 4630004 3700969 7090973 4630004 7090973 4630772 4630004 4630004 3950896 7790964 3470782 4720964
7790924 7790519 9710519 3470833 2760801 8190801 4630930 4630772 8190930 8190752 5231023 7790924 7790371 2760948 8190857 8190857 7090973 8190812 3470422 3700071 9710043 4720043 3470043 9710006 9710580 7790424 9710928 9710969 910741 3700422 8870743 8190880 8191010 8190872 910371 910741 3700772 910043 910772 8190913 8190071 7090973 8190857 3390752 9040857 9711002 9710285 9710772 730809 7790964 8870969 9040772 3700772 8870772 9711002 3470373 8190896 910371 3700743 520071 8190913 910544 3230772 3230812 8190857 8190772 4040857 4040857 3700833 3700996 9710422 8190880 9040857 9040857 9040857 3700928 3700969 8870942 9710741 7790741 2760928 730006 2760560 7790205 9710043 9040870 3470870 9710422 8190964 9710527 4630043 3730560 3700043 730205 6660996 3700996 6660422 7790560 3700580 8870580 8870560 9040580 3700928 3470373 2760006 2760371 2760043 2760414 2760809 7790414 2760924 7790519 8550580 3700796 9710880 7790043 730043 8710864 2760350 230350 5230772 5231023 2760006 7790371 9040864 3950888 2760006 7790964 2760743 9710782 7790770 3700969 520969 3950960 7090973 4630043 4630741 8190857 7090973 8870414 7790857 7790752 7790752 2760952 3470043 7790937 8550519 7790741 2760350 2760350 2760924 3470995 3470006 3470580 7790371 3390580 3390580 4630580 3390580 9040857 8550580 3701007 3230996 9350880 3230422 2760870 6660422 6660880 3230422 6660527 6660880 3230527 3700996 3700422 730880 8870422 8870870 3700043 9711007 730560 2760772 2760928 6660800 2760043 2760496 730212 6660527 6660304 730880 731023 730071 730071 3700200 4720043 8870043 9040580 9711002 6660527 6660560 6660422 9830996 6660812 6660304 8870580 8870043 730928 6660880 730212 2760422 6660812 6660304 8870043 2760527 2760928 8870043 3700870 8870812 2760560 3470772 7790371 3700205 3700205 7790752 3470833 9040857 9710996 8870812 8870580 730928 8870772 730796 7790371 3700872 3700741 9710519 9710205 3470833 3470833 3700872 9710350 9710350 3230212 3701007 3230212 730928 3230996 730561 8870212 3700580 3700200 3700212 3700580 3700880
8870880 7790371 4720043 3470961 8190646 7090973 7090973 7090973 7090973 9040857 9710504 3930422 910205 910544 8870969 8190857 8190857 3250937 4720888 8870969 3470373 9710176 7790896 9710422 2080770 7790741 8550519 3470580 7790969 8870942 7790601 520743 3700969 730880 3700772 8870770 3471002 8190857 3471002 3930872 3700741 3700752 3700960 9710729 9040580 9040580 4630857 4630580 7090973 8190770 3470987 7790857 7790770 7790857 8870770 3700924 3700833 520743 2760504 8870770 8870924 8870770 4630913 8190741 3700872 3700752 8190872 4630371 8190857 8190969 8190646 730928 730969 730880 730969 730961 3230772 8190857 9040857 9040857 4630638 4630857 4630857 9040857 8190646 3700043 7790752 8190422 8190857 8190857 8870969 8870969 8870924 7790964 7790752 8870212 7790937 9040580 7790961 7790961 8870880 3471002 3470961 8870870 7790961 7790961 7790961 4720043 3470961 7790961 8870580 8870043 730646 8870043 910043 8870770 8870043 8870422 8870880 8870043 8870518 910544 9350414 730857 730857 730857 8870870 8870424 7790961 8870880 3470961 3470043 8190913 8870518 8870580 910580 8870770 8870580 8870580 9040580 3470580 8870580 8870580 9040580 8870580 8870580 8870580 9040580 8870580 8870580 8870580 8870580 8870880 8870580 8870580 8870580 9040580 8870580 8870770 9040580 8870580 8870880 9040580 3700857 8870580 9040580 9040857 9040580 9040580 7790200 9040580 7790518 7790752 8870518 7790937 9040580 9040580 9040580 9040580 9040580 9040580 9040580 9040580 9040580 9040580 9040580 9040580 3950960 9040580 9040580 8870880 9040796 9040880 730969 9350930 9350880 730646 9040580 8870880 3950960 8550580 9040880 9040880 9040796 3950960 9040580
7790857 7790857 4300519 7790888 7790857 7790857 7790857 3950888 7790964 7790964 7790894 7790937 7790888 3230872 3230812 3230770 3930743 3930796 8871002 730212 3230772 8870888 910580 3700580 3700200 3700071 3230212 3230646 3700580 8870580 2760767 230504 230952 2760872 230741 2760888 2760496 2760888 7790424 7790888 2760767 7790937 9040580 3470043 9710043 8710772 7790770 7790937 3230646 3230646 3230646 3230880 3230212 3230796 3700212 7790888 7790888 7790964 2760646 2760960 730006 7790371 8870812 9710371 7790937 4720363 7790371 3700969 3470285 9710960 3471007 4720961 3230772 3230414 730371 9710371 2760043 7790772 730422 730212 3700996 3470043 9040580 7790937 9040580 8550580 9710809 3700414 7790770 9710496 3700414 9710969 300996 730996 730212 3930212 730580 8870942 4720580 7790770 8870043 7790770 7790770 9710422 3700071 730743 2760580 9710996 9710422 7790144 2760422 2760928 2760205 7790894 9040870 7790888
3700969 3700969 8340519 7790888 7790144 3700969 3930560 3930422 3700200 4720772 730928 8870880 7790043 4720043 7790371 7790371 7790371 7790772 7790043 8870772 8870043 7790937 7790937 8340519 2570519 9040580 7790371 8550519 9040772 2760872 2080772 910371 8870924 7790937 9040580 8550519 8870580 4720580 9040580 8550580 7790937 8340519 9040870
7790857 7790144 7790870 7790752 2760043 7790752 8870043 8870560 730770 730741 730880 730796 730006 3251007 730741 3471007 7790741 8191007 7790888 7790964 9040987 9350993 910043 9710888 910772 7790969 730872 7790741 3470782 4630043 4630743 3390043 2760504 2760741 3470772 3470782 7790741 2760964 7790888 7790964 7790857 7790870 3930872 9710205 3700969 910371 3930560 3230304 910371 9711002 3470580 3230872 7790741 7790741 7790896 2760580 7790741 7790741 7790896 4720363 7790894 7790857 910772 3230796 3930422 731007 730363 5231002 5370371 7790424 7790371 7790896 4720363 730880 9710527 3471002 910371 910363 3230560 8870424 4720772 730928 8870770 910646 7790937 7790896 4300519 3950960 3390043 3930880 3700880 3700770 3700752 3700770 3700205 3700743 7790961 7790770 730000 9040580 9710739 9040580 3950560 9040857 7790414 4300519 7790896 250043 250043 2760809 9710496
3470285 3950888 8191002 3390371 910646 910646 910937 9710006 4720857 2760422 8870580 8870212 3230996 8190812 3470580 4630424 8190857 3390580 8190496 9040580 4300519 2570519 910741 910363 8190969 4630371 4630969 8191023 4630937 6040857 3470857 4630043 4630043 4630043 4630580 3390580 3390580 3390580 9710969 9710894 3470739 3470872 2080894 3470872 2081023 3470857 9710176 9710767 3471023 7790772 8870043 7790043 730772 7790741 8870364 8870924 3930371 3930519 8870969 9711002 8870560 7790964 3471023 3470043 7790371 9710371 9710371 9710772 3700741 9710864 3700741 3230864 8190741 8190812 8190652 8190371 3700205 3700888 3700888 7790969 7790741 8870743 8870205 8870560 3700969 3700752 8870424 910741
3930880 9350880 3700422 8550857 250519 3700285 3700888 9710928 9710880 9710920 9040857 3700888 9040857 3470857 3470857 4630004 4630937 4630913
7790770 7790964 2081023 9710752 9710519 8710782 8710580 3470580 3700770 2080770 9710767 3390580 3390580 7790969 9710453 9710414 3701007 8711007 8710770 3470782 3470987 9710741 5230414 9710496 3470373 3700414 3700741 9710928 3700519 8710504 4300519 3700924 3470441 7790857 250519 3390752 9710414 9710414 9710809 9710496 3470872 9710006 2080580 3700961 3700043 3700043 9710812 9710422 9040580 3700796 9040864 2760519 2760114 6660880 730752 730894 730767 730960 3930741 3700200 3700212 9710928 3700205 730561 8870580 8870580 3470043 9040580 3701007 3700200 9040864 4720961 3701007 9040580 9040580 9710928 9710741 9710864 3700969 3700924 3390752 7790414 3950960 8710770 2760952 3470043 9710422 3470857 9040857 8710350 3470995 3700741 3390043 3390752 3470043 8710043 9710920 9040580 9710580 9040864 2760580 8870772 9710864 3470422 7790371 7790205 7790205 3250560 9710575 9710864 9710864 9710767 8710504 3470961 9710864 3471007 3230212 9710212 9040796 3470422 3950888 8190200 3700969 910937
7790772 7790772 7790857 7790969 7790741 7790424 7790772 7790969 7790969 7790969 7790829 7790969 7790969 7790969 7790969 7790969 8190519 3390371 4720580 3390580 7790857 7790857 7790857 8870580 3700580 3250741 7790770 9040580 3470580 8870833 3230996 3230422 3700857 8190857 8190857 8190646 7790857 7790857 7790741 3700043 3700043 2760928 8870772 8870212 8870043 9040857 7790857 7790857 7790937 3470857 8190560 3730928 4630424 4630071 4630913 4630752 4630960 4630960 9350772 9350212 9350772 730880 730772 2760350 2760043 8870770 7790741 7790741 7790741 7790969 3470923 8550580 8870743 9040772 8340519 2760652 2760652 8870888 9350888 3470857 9350928 730870 730928 6660043 6660043 8870043 8870888 8870043 7790857 7531023 3470857 9710809 3700414 3950960 8190857 8190896 8190894 2760767 2760414 2760414 3700414 9710894 8190160 8190896 2760964 7790772 2760516 2760743 3470870 9710782 9710809 3700414 3700414 8870924 7790924 7790969 3700200 3700833 3700924 9710575 730872 6660872 9710864 8870580 9710350 3470580 7790857 2760652 6660560 2760652 2760652 2760652 6660460 6660812 6660996 2760652 9710285 9710960 9710422 6660800 9710880 3700212 3700212 9350741 9040857 3730004 8190752 3700857 3250580 3700043 730928 730729 730809 730561 3700043 7790371 8190913 3700580 730743 2081023 8870770 7790371 7790371 7790371 7790829 3950960 7790857 8870833 3950960 8870743 8870888 730964 3950888 2760176 7790896 2760928 8870772 8601023 730964 730772 730964 730812 2760928 2760928 3700519 3700205 2760928 3700772 3700743 8870743 8190964 3950960 3700864 2760006 9040772 2760560 8870772 3700772 2760969 9710739 2760560 2760924 9710880 2760560 3470857 3470857 8710857 9710880 8550857 8870212 9040880 7790741 3700928 3700924 3700960 8190560 3731010 8190857 7090973 8190857 8191010 3470857 9710006 5230872 6660872 2760809 9710741 2760924 2760560 9710741 7790424 7790857 7790924 7790969 8340519
730519 6660560 2760519 2760422 2761002 2760560 7790857 5370754 7790770 6990857 8190913 8190857 8191023 3730993 230872 230872 230872 3230880 730561 3230796 730996 3731007 3730422 3730363 3730182 8190422 8190857 7790857 2760580 2760496 2760960 7790200 2760580 9710037 7790424 7790857 8190580 7790857 7790857 9710371 2760924 2760924 7790857 8870888 8870924 8870772 4300857 3470772 3230924 730754 8870772 8870772 730880 2760924 730006 2760006 8870772 9040772 7790200 7790424 7790371 8190772 4720964 3730182 3730646 4630071 4630937 8190752 9710414 730754 3230772 3471002 9710504 7790770 7790961 7790741 7790857 7790652 7790937 2760422 2760043 730371 4720772 731023 4720741 4720772 730872 7790770 2760350 3470995 730924 7790888 8340519 2760948 7790371 7790741 9710729 3930857 3930796 6660924 9350993 6660800 3230205 910364 910364 8870364 3700519 7790857 7790857 4630913 7790964 7790964 3470772 7790752 7790772 7790752 7790741 730880 2760996 3230772 3230527 9710422 3471023 8190519 7790857 7791007 3470961 5230872 3700285 8870924 4720857 8710864 2760924 730519 2760414 2760371 2760960 2760371 730857 230924 9710006 730754 3230205 2760205 8870888 3230888 8870888 4720888 4720888 9350888 3230872 730928 730371 730741 9350993 9350872 4990928 9350741 9350741 730857 9350993 9350928 3700422 9350993 8870888 8870743 9350928 8870580 3230928 730496 9350743 730371 3230969 8870424 9350144 730928 9350993 8870144 730928 9350993 8870580 8870424 9350913 9350993 8870424 3230920 9350913 9350888 9350371 3231023 9350913 730741 9350993 9350880 9350212 730071 8870422 730729 8870743 9350304 730928 9350752 730071 3230930 6660741 730833 730741 6661007 730519 730212 9350928 6660006 3700772 3700519 3230928 730924 910741 8870969 9350993 3700519 9350924 9350894 730519 6770160 230924 730519 6660930 6660160 730880 730857 730144 730519 730519 9350772 2760930 730770 2760928 730580 9350561 8710519 730519 730519 2760987 730964 730519 730964 730857 6660741 730144 6661007 6660560 3230519 730519 730880 730000 2760580 730812 2760043 8870422 5370160 730857 730519 3730004 3731002 3730004 3730984 3730004 8190930 8190857 8190857 230924 230924 730754 730857 730580 730414 730924 2760754 730770 8190741 9350422 8190969 9710285 7790752 910741 7790424 8190857 3730646 3730646 4630857 3730984 4630282 4630743 8190741 730857 9350414 9350801 3730741 3730772 3730928 3730984 3730770 3730993 8190857 8190580 8191002 2760371 730772 9710205 730924 730754 910772 8870969 730006 2760371 8870772 730937 730924 8870772 2760928 8870772 7790961 730880 8870422 730646 730924 3700200 730371 9350872 730646 6660580 3230888 730924 730857 6661002 6661007 9350996 730422 730796 9350422
7790752 3470930 7790857 8190071 7790857 5370772 230857 2760930 2760071 230006 5230466 2760006 3230006 9710006 2760006 3470772 3730004 3730004 3730004 8190422 4630772 8190772 230920 5370772 8190772 3730888 3730772 3730888 3730888 8191023 5370741 730770 910580 730812 730646 730752 730752 3230772 3730888 3730888 3730888 3730888 3730888 3730371 3730872 8190857 3731002 8190646 8190741 8190857 8190560 7790857 9350993 8870424 8870424 8870888 8190560 8190913 8190880 8190770 8190741 8190560 7790752 8190741 7790857 2760888 3470857 9350205 730767 730772 8711023 5370160 3730920 7980973 1031010 8190772 5370888 2760071 2760888 230952 230920 2760964 3730580 3730920 3730920 5370772 9350770 730743 9350772 3730772 3730928 3730422 3730205 9350996 6660857 9350519 5231002 730519 230924 3230414 2760772 2760371 730519 730888 2760888 2760924 8190371 8190371 8190930 7790371 5231023 730969 3930414 3230969 730205 230006 230006 230872 730741 230350 730144 730496 730969 730144 910772 8711002 730770 8711002 730872 730743 3230920 2760071 5370770 2760071 2760964 2760006 9710930 7790371 8190896 3731010 3730371 3731010 3730646 3730872 3730872 3730928 3730371 3730872 3730993 8190880 8190752 9710930 7790857 8870770 9350880 910422 7790894 3470422 9710297 3700422 7790770 8870414 7790772 8870888 8870888 730996 8870770 730752 730000 3231023 6660422 3700200 730996 730924 9350880 2760928 730000 2760043 2760928 2760580 8870770 8870772 2760833 7790857 3230772 731007 3230560 3230205 730772 730371 3930743 9350371 8870772 5231002 5231002 730371 8870772 6660160 9350754 5370833 8190519 9350754 6660304 3730422 3731007 3730422 3730993 8190580 8190752 6660800 6660561 6660304 910371 3230212 730350 910371 730996 3930422 9350371 7790888 7790752 8870518 7790894 8711023 8870772 4720772 2760924 8190872 8870422 2760880 8870424 2760948 2760414 3950960 3470923 8190371 2760741 6660560 2760371 7790414 8190422 9710864 5370964 8870772 7790741 9710212 730752 9350752 2760960 9350770 5370770 7790857 6660560 3700857 8870772 9710880 3950560 8870422 9040857 8870212 7790560 7790752 3470422 8870560 9350422 8870743 8870424 3700205 8870772 8870772 9040772 5231023 8870422 9710996 9710527 7790857 8190371 4720857 2760743 7790752 8870414 8870888 8870422 9350772 3471002 7790969 8870888 8870772 4720969 3470580 7790371 8870880 8870812 8870424 7790741 8190880 7790857 7790371 7790937 8870812 3700872 8870880 3471023 2570519 730930 4990160 6660160 730857 730857 4990160 4990930 6660160 9710930 9350930 7980973 9350888 730857 2751023 730496 730857 8870888
730888 730812 730924 730519 730872 8710205 730812 7790857 3470857 730888 2761007 7790937 8190964 2760441 3230519 2760961 8870212 730880 2760743 2760176 730580 3730182 3730182 3730182 8190496 4720857 8190961 5370071 5370770 730796 2760961 6660561 730144 9350964 2760961 520071 2760987 5371007 4720857 2760743 5370888 5370519 5370743 3470580 2760894 8190894 4720857 3230006 6660560 2761007 7790205 2760741 730772 7790741 2760772 7790371 2760772 7790888 8190857 7980973 8190894 730930 730519 730888 730743 730857 730646 2760969 4720964 8870969 8870743 2080888 8190964 5370770 3471007 5370071 230857 2760930 230414 2760930 730743 730519 730801 6660924 8870870 730144 730144 730729 8870969 730144 730144 730144 9350913 8870144 8870424 7790601 4720200 2761007 730796 730996 8871002 730200 730857 730422 3230930 230560 230857 5370754 730857 8870580 730857 730880 8870772 8870043 8870772 7790741 4720857 730496 230809 730580 230872 2760414 730741 5370924 730414 730043 730561 730561 730772 230414 730870 730870 8870870 730767 730870 6660580 8870580 8711023 730560 730729 5981023 6660996 9710870 6661007 6660561 6661007 730519 730364 8190857 9350687 2760961 3230364 9350942 3250857 8190961 9350961 4720857 9350913 8870969 910580 730937 8870424 3230928 8870580 730646 8870580 8870969 5370371 8870969 8870424 8870772 8870422 8870580 8190580 8190857 8870043 8870772 5370960 5370160 730857 4720857 730857 4720200 8870424 8870580 730006 8870772 8870772 8870580 8870969 7790969 8870969 8870424 8870580 8870424 7790371 8870772 8870770 3951002 8870772 8870969 7790888 7791007 8870518 8870969 8870424 7790200 8870743 9040772 7790857 7790371 730646 8870580 8870043 8870969 4720857 7790937 7790752 8870888 4720371 7791007 7790741 8870424 7790752 7791007 7790371 8870924 7790969 730937 8870560 4720363 9040580 8870424 4720580 8870580 8550580 2080888 230924 230006 730519 3230519 3230422 2760741 3230872 3230872 3730741 3730182 3730993 8190857 8191007 8190466 8190580 5370071 9350772 730560 8710864 2760414 8711002 8711002 730888 8710371 7790741 7790964 8190969 9350519 6660969 6660561 9350144 6660880 6660924 2760144 9350144 7790144 8870144 4631007 3730646 2760930 6660006 730888 730212 730212 730212 730212 3230519 2760880 8190519 3950896 730754 730561 730996 730560 730812 7790961 8870772 7790857
5370754 8870772 730772 8870969 730561 8870772 8870969 8870969 8870969 9710037 9710285 3470870 3700414 9710453 8190896 2760772 2760043 2760767 2760772 2760176 7790964 7790964 7790964 3700741 2760741 9350741 3230519 730754 730880 730880 2761007 3230772 2760414 2760414 3730182 7790857 7790857 4720743 3230006 5230466 5231002 730772 730561 730144 3471002 910371 7790896 731007 7791007 7790894 9710864 9350880 730519 2760741 2760580 730894 4720964 2760071 7791007 2760894 8601023 8870743 9350519 8870144 8710880 8710857 7790857 2760043 730114 730519 730752 7790829 7790371 7791007 8190857 3230741 730212 4020000 9350812 3700519 5230560 3470006 8550519 3470739 9350519 2760144 6660304 3470422 2760880 8711023 9710880 8190857 7790857 2760754 230857 730796 2760772 7791007 7790519 3230519 730371 730770 2760350 8710006 9710205 730772 8710422 2760969 6660800 6660422 6660880 3470857 8190770 8190857 8190519 9350888 9350519 6660880 730960 730870 730796 730646 8711023 3730646 3730870 5370519 230952 730767 730519 2760752 2760496 230504 8190466 8190857 8190930 8190752 4720888 8870829 3230770 2760924 6660880 9710996 2760928 2761002 2760071 2760071 2760924 730144 730969 730741 730144 730924 8870144 8870580 8870743 4040200 4720969 8870424 3471007 7790969 7790424 7790969 8870414 8870580 3230924 730924 6660006 5370071 3730371 3730920 9350872 9350961 730857 730519 730857 2761002 2760741 230504 8870743 2760580 8870772 5231023 730519 730519 3230924 730754 3230519 8870424 730544 9350872 6660006 9350371 9710371 9350993 6660560 730422 9710519 730519 2760741 8870969 9350888 5230519 5230646 9710006 2080741 8870888 9350888 8870880 7790937 8870424 3250580 9040580 8870424 8870518 4720200 4720371 4720888 8870924 9040580 7790752 4720200 9040580 4720743 4720741 8870518 7790969 7790937 7791007 9040580 4720888 4720743 9040864 8550519 3950888
7790857 3391007 3700872 9710996 9710923 3700414 9710809 9710857 3471007 7790371 7790772 3470772 2760772 2760772 2760772 2760942 730741 3470580 7790937 4720857 3390752 9710864 3700833 3931023 6660304 8870422 3230880 3230880 730212 3230924 3230924 4720741 8190857 8190857 3950896 9710496 8870414 3930996 5231002 730809 730924 7790969 730752 730043 5370772 3470987 2760952 5370888 3930205 2760144 3930519 2760969 3470006 730969 8870969 9710987 9710037 8710043 8870833 8870043 8870770 730006 2760930 3471023 7790741 8190071 7090973 8190857 8191023 8190857 730071 730741 730870 730752 230350 8870205 8711002 2760741 7310560 3730386 5370519 9350870 9350741 730857 2760928 3230928 730960 3700200 2760928 730741 730996 730880 730212 730796 730741 730924 730741 730796 730924 730741 2760960 730894 730928 730646 730937 730928 9350913 9350913 8870772 730961 730857 5230414 730754 9350993 8870205 730752 730770 8870743 3730519 9350928 5370770 9350913 731007 730928 3230872 3231023 9350993 730928 730928 8870772 9350772 730928 9350519 730928 730544 8870772 730741 730928 8870580 910580 3700580 8870743 730809 730857 6660741 6660160 6660741 3930519 2760422 6660969 9710205 6660996 9710422 9350212 8870144 9350304 6660212 2760928 2760144 2760996 6660880 8870144 2760809 9350422 730646 6660304 3930386 9350144 9350304 8190205 9350205 730857 730144 9350896 8190580 8190580 9710205 8190812 6660304 6660422 6660561 730857 5370896 3230422 8870880 6660969 2760205 8870424 730812 8190857 9350560 9350422 730519 2760930 730801 230422 2760580 230422 2080519 2760422 730687 2760516 8870043 231023 2760043 230857 730801 730752 730894 7790896 730422 2760897 7790772 730000 2760812 730857 9710371 9710772 9040772 3230350 3250741 8870560 8870424 730924 8870924 8870924 8870743 730646 9350993 730560 8870969 3230006 4720743 8870205 8870580 9350924 3700422 8870743 730544 9350993 730857 730880 730888 730857 730006 730371 730772 8870888 8870969 730741 9710864 730741 8870888 8870942 730969 730741 730741 8870969 8870580 8870518 8870424 8870424 8870743 8870580 3700043 230872 231023 230880 2760872 2760930 8190930 5370894 7790857 8870424 5370770 730961 3230743 730580 730580 730857 2760580 730896 8870580 9350964 5370743 5370894 2760652 730212 2760371 5230872 9710371 8870560 7790741 7790601 9710006 3230527 230422 5370043 2760888 8870888 730880 8190857 8190580 9350160 3230414 730754 7790741 5370772 7790857 730870 5231002 5230772 2760006 7790144 2760942 520942 5230037 2760754 2760930 2760801 7790772 7790772 8190772 4630638 4630043 4630772 910857 9350924 3930371 6660872 730801 6660996 2760880 9710857 9710857 8710560 6660560 9350144 730205 730144 6660212 730519 730519 2761002 2761007 2760741 8190160 8191007 8190857 8190857 8190857 4630913
9350304 3230996 2760930 2760894 2760560 2760560 2760516 3471023 2760646 4300519 3951002 2760930 2760930 2760930 2760897 8190930 8190801 8190964 3230930 730212 8870888 730857 9350888 730961 8791023 2760176 8601023 9350304 9710964 9710743 3470006 7790371 9710285 7790741 9040772 9040772 7790043 2760894 2760894 2760896 230920 2760772 2760964 7790857 7790894 3950896 9760200 8190687 7790857 2080772 7790772 3470772 9710071 3930560 730857 730880 8870580 7790894 3930872 910580 730687 730896 910772 910772 7790896 7790857 8190896 8190857 2760043 2760422 7790772 8870043 2760772 7790894 7790424 7790937 7790857 3390580 2080200 2760897 231023 730894 730043 730212 730646 730880 730894 230924 7791007 730071 2760767 730924 730743 7790752 8870969 8870969 7790896 7790969 3231023 9350928 8870770 9350913 8870424 9350741 730200 730371 9350772 5370772 2760772 8870772 2760928 3230796 3230880 730364 3230212 3230527 730212 730894 8870422 8870043 5370841 730580 730646 6660561 3230527 6660304 730422 730880 7790200 730544 8870580 2760560 2760422 2760996 730422 8870870 8190930 3731002 3731002 3730969 1760973 8190969 730043 5231002 730872 730519 730580 730006 2760043 730767 2760580 7790371 730496 730770 7790200 2760205 5370930 8190930 4630638 8191023 8190857 8190857 4630930 8190857 5370043 2760071 8711023 8870969 8870969 9710043 7790371 7790205 7790969 8870580 7790741 7790969 7790969 2760516 2760743 2760930 5370772 3470930 4630580 3730743 3730460 3730004 8190857 4631010 8190857 5370743 5370770 730888 2760888 3700888 8870424 3930880 2080519 6660872 3230205 3230560 9350560 730646 911007 4720961 3950560 7790200 7790829 730687 730857 730857 5230037 7790371 7790371 7790961 7790857 250043 8190519 9350888 2760928 2760772 2760043 5370043 2760043 8710043 2760043 2760043 8711023 7790043 250043 7790857 2760741 730996 2760560 2760527 2760580 730580 3470580 8190580 7090973 8190857 8190857 8190646 7790729 730043 6660527 6660560 6661002 9350928 2760928 730870 730560 730560 730857 6660580 2760205 730000 2760422 2760580 7790200 8190580 8190857 3730182 4630043 4630937 4630580 4630043 8190580 910857 3931023 730580 730969 730560 730422 2760006 730741 730580 2761007 2760960 2761002 7790770 2760770 6660561 9350519 730519 230880 730519 730880 730212 730561 730796 230880 2760527 730212 9040772 730212 4720200 9350880 9350930 9350414 5370371 730960 730937 3230422 730928 730350 730928 730924 730880 730857 3230996 730924 3230928 9350880 3230772 9350561 3230646 3231023 8870424 9350993
5230872 9710006 3471007 250071 9040870 9710205 9710960 2080888 4630743 4630743 3390071 4720857 3701007 3471007 5230646 3470285 9710176 3700872 9711007 3701007 3701007 3470872 9710580 9710043 2760043 2760043 8710888 7790770 7790770 2760043 7790043 3470772 7790770 3470772 4720743 730770 2760043 7790200 7790200 7790857 4630772 8190857 8190857 8190857 9710857 5371007 4720964 4720888 1030857 3730519 3730924 5370741 5370371 4630741 8190414 3470857 3950896 2760741 9040870 7790741 2760741 7790964 7790518 2760043 3470580 7790888 3470872 9350144 6660969 2760144 6660212 6660560 7790371 3700519 5230560 6660422 3230812 730205 5370833 730960 2760205 9710772 9710414 7790741 9710519 8190857 4630772 8190770 3470857 3390752 2760752 3700770 6660460 730960 730894 730924 730519 7790371 7790924 7790200 7790601 4630913 4631010 4630913 4630913 4630913 8190646 8190414 8190741 4720371 3470285 9710422 2760809 2760414 230809 2760414 730519 730414 730770 730996 3230422 4720752 3471002 730752 730767 7790424 730043 230496 8710772 3230770 730767 3730772 3730772 4630960 3730560 3730560 9040857 7790857 2760373 2760969 2760741 3230205 730144 730144 730144 730144 730371 9710422 7790888 3700741 8710741 9710928 3930519 2760960 9350304 9710205 8190371 9710285 9710285 9710519 7790741 8190580 7790519 7790894 2760888 7790772 7790772 7790752 2080894 730770 5230037 9710205 8710519 2760114 4630071 4630930 3730646 4630930 4630857 4630937 4630857 4630913 8190071 3230920 9710519 7790888 4720888 7790964 2760964 230924 230924 730006 7790371 7790772 730996 3730182 4630772 8190857 7790857 7790857 7790937 7790894 2760043 730519 231023 2760071 230496 2760071 2760772 2760920 2760504 2080770 7790770 2760006 3470580 2760071 9710519 7790741 7790752 9710519 3930212 6660754 730969 910205 730371 6660754 6660212 730519 730880 2760743 3230414 9710176 8710414 3470772 730561 9710422 2760880 2760924 3700888 7790752 8550519 2760752 2761002 2761007 8710504 7790770 3471023 7090973 1760973
730969 3470422 7790924 8550519 8870205 2760880 8870560 2760969 3700880 3700519 3700969 6660304 2760741 730422 230422 730880 230767 7790414 7790894 7790896 4631010 4630930 4630930 4630043 7790652 730880 730414 6580212 730996 730772 730801 730796 8870772 7790870 2760870 3731010 3731023 4630930 3730182 4630580 4630580 8190857 8190071 2760888 2760560 2760006 2760205 2760560 7790888 7790371 7790560 4630580 4630043 5230857 5230930 230924 230006 230006 2760772 2760071 2760924 3730043 3730043 3730006 4630043 8190772 8710857 9350741 6660561 3930796 8870560 9710996 3700422 9040857 8550519 2760043 230872 2760350 2760580 2760888 7790888 2760888 2760743 7790200 7790200 2760071 5370772 2760743 2760772 2760071 2760741 730144 9710414 3730638 3730004 3731010 3731010 4630371 3730646 7090857 4630638 4630913 7090973 4630857 7090973 7090857 7090973 8190414 230350 6660043 2760560 2760580 730212 2760560 2760006 2760812 8190857 8190857 4630857 4630913 3700969 5230519 6660969 2760560 9710504 8870888 2760580 230504 230767 2760930 230963 230920 2760441 2760772 2760801 2761002 730888 730743 730071 730560 730006 8710560 8711002 4720743 7790560 3950888 7790752 3700519 9710527 9710205 3950560 8550519 9710453 9710414 3470923 4630741 3731010 4630960 4630741 3731010 4630752 4631010 4631010 4630913 3471002 2760580 8710205 2760560 9710297 2760880 2760071 230880 7790560 7790741 9710043 3470043 3470043 7790888 8710371 9710006 8710466 4630371 3730504 4630857 4630580 4631010 8190857 4630004 3390071 7790752 9710969 9710371 3730872 4630071 8190560 250071 4720888 3471023 9710453 3230741 730422 3230741 730371 730772 5231002 730006 730872 8870043 730741 730812 910043 8711002 8870888 3930872 730371 9711002 730880 730880 3730422 3730872 4630371
2760144 3700870 8190519 3730006 4630371 4630937 2760441 730754 911007 5370743 8190857 3730920 3731007 8190961 7790888 730801 730071 730870 7790205 8870888 8870888 730000 730560 730888 730560 4720043 4720371 730414 4720043 4720888 5370741 2760006 3230006 5230519 2760519 2761007 7790371 2760006 7790519 7791007 8870772 2760772 2760560 7790371 7790424 3470043 730741 730741 230872 730350 730772 7790772 8190872 8190872 7090973 1760973 7090973 8190857 7790772 730772 2760371 2760006 7790772 7791007 7791007 7790371 4630772 5370801 8190801 8190071 2760652 9350993 730870 730870 730071 2760964 7790964 2760772 7790772 2760043 230924 730212 2760580 231023 230880 230422 2760580 730422 2760948 7790772 7790937 7790937 3470285 250043 7790772 2760772 8710782 2760441 2760920 7790770 3930743 8870770 8711002 2760960 9710205 2760969 3250560 3470422 3470857 7790857 7790857 2760580 230422 730880 7791007 2760560 9710772 7791007 7790741 7790772 2760772 2760772 2760006 7790752 2760504 7790424 7790772 7790894 7790424 7790772 2760646 7790752 7790857 4630930 4630930 4630857 4630930 4630930 3730519 3230930 6660996 730422 730212 730928 8870144 3700205 7790961 730741 2760560 2761007 2760872 730812 8190812 8190560 8190857 8190560 8190560 730857 730752 730580 8870580 730880 910544 730969 8870580 7790969 2760969 8870212 6660880 3930364 6660800 3930422 8870205 3930386 910364 7790969 3470772 8190857 4630969 4630071 4630969 9350754 730754 8870772 730880 8870969 3700772 8190880 4630004 8190880 730519 730422 730422 3230519 730519 2760872 3230519 3230560 8190857 3730560 3731007 8190857 9350205 9350371 8870560 3700519 9710519 3700888 6660212 730144 730880 730519 730144 2760969 5370888 5370160 8190422 7790200 5370924 2760930 2760580 2760580 2760580 5370519 8190752 3730182 3730752 3730496 8190519 7790857 7790857 7790752 7790857 8190857 4630638 4630857 4630071 4631007 4630004 7790857 730043 2760930 230496 2760043 5370043 7790857 7790424 7790043 7791007 7790857 8710741 3470923 9710350 2760754 7790741 4720772 8191007 4631007 4630752 3950960 3950896 9710809 9710833 6660371 5230371 2760371 9710519 230006 230006 730772 730422 730880 7790772 3470772 7790371 2760880 2760961 230504 730924 8870880 8870888 9350205 2760987 8870743 7790969 7790969 730646 2760772 2761002 2760043 7790770 2760043 7790896 8190752 7790857 6660304 6660304 230422 230880 230767 230560 230504 730752 2760770 730496 730350 730350 730880 730071 730212 2760205 2760371 7790371 2760741 7790857 3230519 3230519 730519 730870 910772 2760205 4720772 2761007 7790414 7790896 8190857 3731023 4630857 3730841 230767 7790772 231023 2760948 3470930 7790371 7790772 7790371 5370071 2080200 3730646 4630638 4630638 8190466 4630424 4630772 4630913 7090973 4630004 730770 9710772 3930772 230006 730006 730888 7790888 7791007 7790961 3700896 730924 3700833 3930519 730212 6660561 2760928 7790519 2760519 2760809 7790969 2760371 7790371 7790519 7790371 7790371 7790857 8550519 4720741 3230772 2760880 730561 7790144 8870580 910772 7790894 730496 2760205 7790752 4720772 230872 230872
730857 8870770 730857 730772 730772 5370772 730767 2760516 7790371 6900872 9350924 730212 730519 730422 2760414 9350880 730212 5370071 9350996 300422 9350996 8870212 2760969 9350770 3930772 730969 8870580 2760928 230872 2760754 730519 730580 2760741 2760652 2760652 2760872 8190519 8190857 8190857 8190772 8711023 8870770 730857 8191002 730857 730857 730561 730767 910772 730519 2760580 730770 730770 230872 3230754 3230741 8190857 7980973 5371007 8191007 8191007 730857 5230037 5230772 8190371 9350872 730519 2760741 9350872 910371 2760872 730857 9350741 3230754 3230924 5231023 5231023 3231023 730924 7790414 4720857 8191007 7790857 7790857 8870580 7791007 8870043 7791007 730857 3230984 730857 4720969 3231023 4720857 2760071 2760960 2760772 230952 7790829 2760772 2760897 2760896 2760772 8870772 2760897 2760896 9350772 2760894 5370519 730519 6660754 3230519 3730580 3730928 8191007 9350414 9350741 730212 730200 2760580 730006 5231023 3230006 230006 2760043 8870580 2760414 7790200 5370043 730043 730772 7790200 730114 2760741 8870772 730741 4990928 5370519 2760969 910560 7790969 3230519 9710923 2760960 2760043 2760144 8870942 731007 730772 731007 4720752 4720752 8190772 3730928 3730928 9350913 9710857 5231002 6901023 2760371 8870870 8870942 2760414 730144 2760924 730212 730880 730937 8870743 7790857 7790969 9350560 9350913 2760144 8870888 9350144 2760969 2760969 9350144 3470441 3230920 3230920 2760987 8710930 3731023 3730460 3730888 3730646 3730241 8710930 2760071 8710930 730519 2760752 9710519 730857 3230212 9710930 7790961 9040772 7790857 8190519 3250857 8710930 2760930 730071 730888 730896 7790857 4720857 8190964 7790857 7790964 3950896 5370519 9350888 8870772 730144 2760833 730928 8870144 730144 730796 2761002 2760928 2760888 8870743 3950960 8870518 7790200 730857 2760043 230872 230872 230872 9710371 730872 730870 230350 730371 730519 730833 730043 730519 730560 2760205 6660304 730000 8870422 8870880 730560 730646 8870969 910544 8870924 730872 9350993 730857 5370282 730928 730928 730646 730928 9350913 730646 730928 8870424 730928 730544 9350928 730006 731023 730544 9350928 730857 730928 730857 731023 730857 8870580 7980973 730752 8870580 9350752 730857 730880 8870424 730857 5370371 8870969 8191002 9350729 8870969 730857 730646 9350913 730857 730857 730857 730857 730646 9350772 730857 8870772 6660948 9350880 5370930 9350772 8870969 9350930 730857 730880 730796 3230880 2760422 9350913 9350928 730857 730880 730857 9350371 730857 730857 9350913 730928 730857 730857 730857 8870424 730928 731023 8870870 8870870 8870833 9350160 730857 730857 730857 9350928 8870043 8870580 8870424 9350772 9350930 5370833 730928 730928 8870424 9350160 5371002 3931023 3930772 9350564 2760200 2760580 730857 730772 730754 2760969 2760205 730205 8870870 6660872 730729 730729 730924 730371 3250371 8870772 9350924 9350913 730870 730894 8870870 730930 730870 730894 730857 9350930 730857 6660754 9350743 6660880 300422 730928
7790741 1760973 7790857 8870772 7790857 7790969 7790424 7790518 7790741 8870580 7790200 7790937 7980973 3951002 8870043 7790857 3731023 3731023 7310646 2760741 2760205 730519 2760144 730870 8710519 2760560 3730770 3730519 4630752 3730519 4630960 730857 6660160 3230880 2760422 2760144 2760144 8190969 8870144 520961 8870560 7790200 730857 3471002 6660160 730144 730857 3230212 2760527 3230212 3730422 3730560 3730646 3730560 3731002 8190857 8190857 8190519 3471023 3470857 3390071 8190496 3950960 4720743 4040200 8870772 8870770 9710519 3930519 9710527 2760144 8870144 8870144 9710519 3470987 8711007 730519 6660212 3731002 3730519 3730741 8190857 8190801 2080519 3470580 3230205 3230772 4720772 7791007 3470043 8870560 730964 730928 3230646 730812 8870580 4720580 8870924 8870580 8190580 8190857 8190857 8190646 8190857 4720857 730228 8870580 8870518 8870580 9040772 730796 910646 9040870 910200 5370282 8870743 730646 730888 4720200 730961 730870 8870770 3700414 730741 730212 8870424 730961 730212 730767 730767 730752 3230519 8870969 2760964 730006 9350752 8870969 730071 8870422 2760928 3930519 3700580 730928 730928 730743 730770 9710580 730496 2760496 2760770 730646 8870969 8870969 730496 8870888 2760770 3470987 2761007 2760924 9350752 730896 8190519 2760646 2760350 2760924 2760767 3470772 8870772 7790424 9040796 9040880 9040880 5370930 5370772 5370519 5370930 7790857 7790857 7790857 7791007 9710864 3230864 2760441 2760741 8190857 9350144 9350144 730205 730888 730350 2760350 730801 2760888 230006 2760930 230880 3230519 5230772 3230519 2760071 1760973 1030993 5370772 730857 5230930 6660006 2760930 230560 6660527 230006 2760560 2760743 2760924 2760743 2760071 2760812 2760043 2760176 8711002 7790888
730414 730754 730754 2760496 730812 730560 2760580 8190580 3730560 4630580 7090973 4630580 8190961 9710880 2760527 2760961 3230422 730969 9350144 3930560 910364 2760144 9350144 3470857 8550857 3950560 7790741 4720772 9710741 3230560 2760741 730000 2760996 2760527 2760812 2760560 7790752 7790560 7790870 7790870 3470772 730496 2760504 2760952 2760960 2760770 2760414 2760414 2760646 7790519 7790519 7790752 7790937 7790964 3230527 2760754 2760527 2760880 230496 2760580 2760880 7790144 3470422 7791007 2760504 2760373 230560 2760560 2760205 2760580 230560 2760043 2760888 2760888 9710772 2760205 7790560 7790964 2760888 7790924 2760371 730772 2760205 3230864 2760414 7790772 4720200 7790857 8190741 8190772 3391007 4630960 8190961 3230422 2760422 3230880 2760996 6660800 9710880 3950960 8550519 8550519 7790896 4630913 4630857 4630857 4630937 4630913 730071 730000 730205 730006 4720772 3230872 3470961 4720043 8710205 3470857 3471023 4720743 7790870 7791007 7790961 7790741 9710544 7790741 7090973 4630913 4630913 4630913 4631010 7790857 230560 3230422 6660996 730519 730144 9350205 730870 3230796 3230212 9040870 8190880 7090857 3470857 9711007 3230888 2760767 2760071 9711002 8190913 730071 230560 230560 9710422 3230996 3230422 5230560 9710422 4720772 4720772 231023 2760880 7790752 3470772 7790937 7790770 7790424 7790424 7790829 2760888 2760888 2760743 2760872 2760741 230872 3230872 4720043 4720743 3230924 4720363 9711007 4720043 7790937 2760371 230741 7790741 7790414 7790043 7790896 4630043 4630857 4630857 7090973 4630004 4630043 7090973 8190646 2760504 3470441 8190772 7790857 7790888 9710071 3230205 730422 230560 730006 2761007 8190071 8190560 7790888 8340519 910741 4720964 3470782 4631007 4630913 4630004 8190741 3230519 2760741 3230754 7790964 4720857 3730182 4630741 8190857 2761007 7790519 7790519 2760987 230496 2761007 2760441 2761007 3470772 2760952 3230772 7790424 3470772 4720772 8600857 9710453 2080414 7790770 3471023 8190894 2081023 5370896 730896 730801 730870 2761002 730741 7790870 2761007 8870772 8711002 9710772 8870833 730888 2760880 2760741 910772 7790519 730363 8870942 730870 730857 730857 2760752 730996 230880 230560 2760422 2760772 730580 2761007 7790937 7790857 2760894 9711002 7790829 2760441 2760930 730754 6770160 730752 2760580 7790857 3230741 7790961 7790424 3470772 9710741 6900872 230872 730870 730754 730870 2760371 5371007 7790829 2760580 730772 730071 9710772 3470772
3950960 7790888 7790937 4720363 9710928 9710575 6660560 2760205 2760928 6660560 730519 730519 2760930 2760770 2760373 2760752 2761007 8710519 2761007 9711007 2760752 8190519 8191007 8190857 4720857 3470857 3470857 7090857 8190857 3950896 8190767 4630913 3730646 7090973 4630960 4630913 7090973 3390752 3950960 3470857 4300857 2760646 2761007 3230519 2761007 9711007 9711007 8710504 9710743 7790752 3471023 5230350 7790888 910924 3470043 9040987 9711007 2760422 2760880 3230754 9710527 9710969 2760996 520741 2760924 9040772 8190857 7090973 7790857 230414 2760504 2760741 5370960 2760741 730960 7790741 7790829 8190519 3950888 910969 730812 730743 3470872 9710864 910580 7790896 7790937 7790752 8710350 2760924 7790560 7790888 7790888 2760006 2761007 3470995 4720371 2761007 2761007 2760006 7790519 2760812 7791007 7790560 8550519
8550857 8870969 4040200 7790741 9350414 9710930 5230772 3700285 9350812 9710371 9710864 2760350 2760144 9710870 2760872 6660812 2760560 9350964 2760743 730754 230963 2760071 2760071 7790519 730580 730144 730888 2761007 730071 730071 230560 2760205 730928 730519 3230519 730006 8190857 9040857 8190752 2760006 7790772 7790870 2761007 7790969 7790964 5230037 5231002 3230350 2760580 7790924 7790857 3730924 7790857 7790857 8190741 730006 730872 5230872 2760043 7790043 910772 7790519 730809 230414 3470833 9710414 9710969 8870880 7790969 3470833 9710833 3930560 5230560 730519 730754 7790519 730560 8870560 4720371 7790043 2760043 2760930 2760930 8870772 7790829 2760516 8190560 8190772 8191023 7790857 8190857 8190880 9040857 9710371 3930364 3930870 9710870 3700285 9710496 3700364 9710767 9710729 8870144 3700752 8870144 9710414 8190767 9040870 2760114 4720964 8710371 8710560 9710888 9710006 3950896 911007 730743 730812 730741 730006 2760006 7790043 7790888 2760741 8190896 7790857 8190964 7790857 7790896 4720752 3951002 7790741 8870580 7790969 8870043 5370043 2760580 3230519 6580212 6660996 6660880 6660304 3700422 3700743 9350371 8870969 9350144 9350144 9350743 6660880 9710880 9710928 2760924 7790894 7790371 7790870 2760580 7790870 730888 1760973 4630930 4630580 3730888 4630580 3390580 9350924 3930212 3930205 6660800 9350870 3700519 9710422 5230646 3230519 9710772 2760987 5231023 2760872 730812 2760580 2760364 2760364 2760888 2760071 2760364 2760833 8190772 3730743 1760973 4630930 3730646 4630743 7090973 4630004 7090973 3470857 730071 730071 910580 9710961 730948 3470441 2760071 2760924 2761007 2760924 7790964 7790371 7790888 3390580 7090973 8190646 9040857 5230037 3230519 730519 7790205 730560 730888 2760580 730560 2760441 8710743 2760743 2760580 2760888 730560 7790371 730000 8711007 3471007 8870743 3930043 910560 3700964 3470580 3930812 730000 230422 9710422 8710772 5370071 3730580 8190071 8190857 8190422 3250857 4720964 7790969 2760580
7790741 7790741 4720969 8870969 910741 4720741 8870770 8870888 8870743 2760896 2760870 2760870 2760580 230422 730870 2760527 730888 2760930 2761007 230560 2760527 2760930 2760930 2760496 2760043 2760043 2760496 7790741 2760504 2760043 9710864 2760741 4720741 8550519 8870880 4040200 8870888 730561 4720371 730880 8870580 8870580 730212 9350924 731023 730928 730928 730964 8870043 730422 730796 730767 730809 730580 730580 730228 730960 730870 730371 730928 730770 9350961 9350924 2750857 8870580 730646 8870424 730924 8870424 3230888 8870888 731007 3230646 4720580 730228 8870580 730646 9710580 8870560 3700414 7791007 8870743 8870580 4720743 7790741 8870424 7790969 8870518 7790741 2760071 230496 230920 2760043 230414 230504 730796 230952 2760960 2760772 2760652 2760772 2760772 2760772 2760741 2760114 2760772 230006 2760770 2760006 2760560 7791007 4911023 730924 2760924 3230772 730741 730371 2760580 230872 230872 3230772 3230772 730414 2760371 7790200 730880 730580 2760580 730743 230872 5230930 2760371 230006 2760872 2760772 2760930 2760071 7790772 2760043 2760894 8710888 2760743 230504 2760504 6660304 3230743 3470422 4720752 8550580 3470580 730924 2081023 9760964 2080894 7790888 1031010 1031010 1030993 2760043 2760743 2760741 2760894 2760560 2080770 7790752 7790896 4630743 4630857 4630857 4630071 4630743 4630071 4630743 4720200 8870888 9350888 730752 5230646 8870422 8870880 8870424 2760924 8870743 8870580 3230743 8870580 3230646 730646 8870580 8870770 3701007 3700200 8870424 8870424 8870743 8870969 8870424 8870424 8870888 9040580 8870424 8870560 3731023 5231023 2760414 5230414 3700205 8710924 8190560 2760043 2760687 7790888 2081023 2760071 8550519
8190969 7790888 4720888 730928 730371 8871002 730519 8871002 8870424 2760043 2760371 8870969 9350741 9350560 8870870 730646 8870424 8870743 7790969 730964 8870580 730646 9350993 730646 8870770 8870424 3230646 8870518 8870743 8870969 8870743 3951002 8870424 4720200 3951002 8870424 8870424 8871002 8871002 8870424 8870424 8870770 7790518 4720743 4720969 4040200 4040200 7790969 7790424 7790857 3470772 5230772 9710987 7790752 9040772 2080772 8601023 2080894 2080414 5230560 9710519 9710519 6660924 730880 730519 6660422 8870212 7790870 7790772 9350772 7790857 8190857 8190857 8190857 4630930 7090857 3230414 230350 730144 6660304 6660996 9710205 3730560 3730646 3730924 4630913 3730646 4630960 9710772 5230037 9710987 730896 2760176 3470772 7790741 7790896 7790964 8870580 730144 3230527 730857 730857 9350687 730205 730857 730969 3930796 3700043 6660560 3700205 8190857 9710575 3950560 9040857 8550857 4630857 2760930 230496 2761007 2760880 2760205 2760422 2760504 2760770 2760952 2760767 7790770 8190770 5370754 730857 730857 6660304 3930205 2760969 2760560 2760527 3230772 230741 9710961 3470987 7790870 8870888 7790518 7790961 7790961 3930519 2760071 6660800 8710519 2760969 2760043 2760930 2760770 2760504 2760960 2760752 230767 2760741 2760043 7790519 2760770 7790870 2760580 2760006 8870144 730870 730519 2761007 730114 730961 730870 730796 730796 2760580 2760580 2760580 2761007 7790770 4630930 4630930 4630930 4630386 4630200 3731023 3730646 4630857 3730519 2760006 2760687 7790560 7790371 8190930 3730560 4630930 1760973 8191023 1031010 6771010 3230560 730205 9710739 2760969 7790424 7790519 7790560 4630930 1031010 3730519 1920857 230422 230880 6660996 2760930 2760930 3730772 3730004 7790857 9710527 9710833 730000 3700580 8601023 3700796 3700519 3700772 730212 3230422 3230880 3950896 9040857 3950888 3700519 7790205 5230519 2760350 2760741 730924 8870942 730924 2760872 8190857 3390580 8190857 8870770 3700212 730880 2760580 9350752 730857 8870770 730857 2080987 5370371 730924 730741 730894 730646 730812 9350741 9350996 730422 730743 2761007 910200 730928 3230928 8870580 9350371 8870424 9350205 730350 730812 3230812 8870580 730772 8870772
9710414 9710422 8711002 230924 2760894 6660043 6900466 3230872 9710371 3230872 3230741 3230371 730212 9710961 9350880 9711002 5231002 9710350 3230796 3700888 730888 9710085 9710880 9710285 8190880 9350880 9710857 3700964 9710422 9710928 9710880 3700964 8710996 3700996 8710996 8711023 9350414 3930770 3700414 3700924 9710969 9710864 3700200 8710924 5230350 8710924 8710371 8710782 8710350 9710462 5231023 3700857 9710864 9040864 5230350 9350770 9350006 9350006 5230969 8710969 5230646 8870888 910071 3230770 3230888 730752 3230519 2760743 9710205 5231002 9710864 910857 9350304 3700964 5230560 8710864 8710350 3700739 9350888 8190857 8190857 3730560 3730004 8190857 9350888 8190205 9350770 8190741 910857 8711023 8710857 8870888 8870770 8870414 3230560 9711002 2760687 730560 9350928 9711002 3230796 9711002 9711002 8711023 9711002 730960 3470833 9710285 9710987 3930519 6660304 9350304 9710782 8710519 3230888 8710422 8710519 9350743 3470833 5230969 9710371 3730004 8710371 8190812 9710205 9710741 8710560 3700770 5230350 9710371 9710205 8710752 8710752 8711023 9350422 8711023 9350741 9350752 2760071 8870424 9711002 8710205 8870880 9710285 730964 2760752 9710422 3700969 9710864 9710037 8870560 9710969 7790741 1551023 9710987 3700772 8710928 3700200 8710741 5231023 9710782 3700205 9710462 9710864 9350924 730928 9711002 3930422 9350743 3230741 3700519 9710864 3230796 300422 9710371 9350212 8710772 9710371 6660800 3930743 8710743 8710987 9710928 3700872 3700743 3230205 3230752 8710519 910741 3230371 9710928 9350304 5231002 9710453 9350371 9350770 8710782 9710422 9710996 3930422 5230414 5231023 5230371 8870942 3470857 3930924 9350560 520857 9710371 5231023 3930205 8710782 3700743 9710996 3700200 3700888 3700864 9710371 8711023 8870888 8710928 3700519 3700872 9710422 9710995 730741 8711007 3230864 3700414 9710743 9350560 8190857 9710350 3700741 3700071 9710205 9710575 3700422 9710864 9710371 3470422 3930519 9710527 9710739 910371 1551023 8710371 8710519 3230770 9710371 5230872 3700960 3230560 3230796 3230880 3230212 3230796 3230071 3230743 3230743 3230880 3230880 3230212 9710888 8710880 8710212 9710964 9710880 9710422 3700770 3700743 9710743 3470422 8710006 8710880 2080987 9710285 3230880 9710544 3700741 3470987 3700964 9040987 9710743 8710752 3950888 8870969 9710743 3470006 9040987 9710928
8870580 910580 9350729 5370833 4720969 8870043 8870969 3931002 730519 730544 8550519 730519 730796 3250857 4720888 9350812 8870580 520961 4720969 4720741 4720969 4720969 731007 8870969 5371007 9760200 3471007 520741 7790424 3390371 2760960 3700212 2570519 9350961 5371002 4720969 9040580 9710741 3231023 6900466 3230350 4720043 2760924 2760896 7790896 7790896 3470857 2760964 2760364 4300519 5371002 5371007 7790896 2760519 6660880 2760964 9710414 3471023 250071 3950888 3390371 520961 3931002 911007 4720200 5371002 5370519 9350519 9350754 8870560 8870560 9040880 9350006 7790857 9040857 3700833 2760754 6660754 2761002 3701007 2760961 8870924 730928 730928 7790894 5370519 250519 250519 9350772 9350371 9350872 910371 3930741 3390371 3700870 8550857 9040857 8550857 3390371 8550857 8870888 730729 5370833 5370519 9350924 7790924 8870924 3390371 3390371 8550857 2760652 2760809 8550519 8870969 2760928 9350519 7790969 7790969 910043 3931002 9350772 2760772 9350772 7790924 730857 9350519 2760371 2760516 2760144 9350144 9350144 8870870
7790518 2760371 3930371 5230969 910422 3700741 3700205 300996 4020000 3700285 3700743 9710812 910205 3930996 5230969 3930422 9710422 9350812 7790888 9710043 3470772 9710519 8710880 5230422 5230422 3930422 910924 8710422 910371 9710864 3470739 3470739 9710285 9710071 3700996 9710812 300422 2760754 9710891 9040857 3950560 3470580 9710580 3470580 2080770 9040880 8550857 3390371 7790741 2080519 9710422 3470833 9710422 3470857 9710743 9710964 8710880 8550580 8550519 9040880 9040880 3700880 5230560 8710928 3230006 9710297 9710212 9710205 9710812 3230560 3700961 910857 9710575 3700969 9710864 8190205 9710739 3470739 9710285 2760880 9710580 5230422 2760987 3470373 9710496 3471023 5230646 3470422 3700422 9710297 9710422 3471023 8710422 9710812 9710212 3700996 9710422 3700739 3700205 9710796 9040870 3700880 300996 3700414 9710743 9710920 9710960 9710964 300422 3700796 9710996 9710212 3700996 9040880 9710544 9710928
5370930 9350930 9350930 9350930 9350930 9350930 7311002 6770160 9350870 9350930 5370930 6660857 9350930 6660857 9350930 9350930 9350930 4990930 2760364 6660930 9350930 4990930 9350930 5370930 9350930 6660857 9350880 9350930 9350519 6661002 9350930 4990928 6660872 9350928 9350930 730930 4990160 6660930 9350930 2760930 9350930 6660857 9350930 9350801 9350519 9350930 9350144 9350930 6770160 9350930 9350519 9350928 730930 9350930 9350371 4990160 730857 6660160 9350519 9350870 730930 9350741 9350930 5370833 6660754 5370833 730930 9350930 6660754 9351023 6660160 730969 730969 730857 4990160 730754 730969 9350519 730857 730857 730857 730969 5371002 5370772 5370519 5370519 730969 730857 7790200 730857 730857 5370754 5370833 730969 731023 5370519 5370519 7790200 730754 5370833 5370519 5370772 9350961 730801 5370772 5370754 730857 5370519 5370519 7790857 5370519 5370833 5370772 5370833 8870772 5370519 5370519 5370519 250043 8870969 5370519 730519 731023 8870870 5370519 2761002 8870424 2760930 731023 7790200 5370519 5370160 730857 730754 5371007 730857 5371002 5371007 5370519 5370772 8870043 730519 2760371 2760741 6660872 6660857 9350652 9350801 5370772 5370801 9350930 6770160 9350930 5370043 9350772 5370772 9350519 6660460 9350801 2760928 2760652 7790371 7790652 7790652 9040772 7790200 5370841 7790937 7790857 8190519 2760414 230350 2760812 2760801 8190519 730801 2760801 7790652 7790200 7790857 7790200 7790200 8190772 2760371 5230872 2760006 7790652 7790870 7790652 7790652 8190414 7790741 2760652 8870833 8870833 8870043 8870043 8190519 7790652 7790652 7790652 7790652 9710772 7790752 2760752 3700880 3700212 9710796 7790371 7790857 8870422 7790519 2760770 7790770 7790888 8340519 8870424 8870969 2760928 2760928 7790519 2760043 7790888 2760006 2760646 9710772 2760371 7790371 3470872 2760741 7790964 7790894 3470580 9040857 9040857 8870144 7790741 2760880 3700519 2760969 9710796 3700796 3700880 8870424 3700212 9710212 3700796 9710796 9710880 9710212 8550519 8550857 7790414 7790924 230350 2760519 2760924 7790741 2760772 7790371 7790519 7790414 8870422 2760560 2760422 8870144 3390371 9040857 7790144 2760560 2760560 2760560 7790519 7790888 8550519 3390371 7790896 7790937
9710466 9710920 3470857 5230857 9710857 9710857 7090973 3730004 7090973 7090973 7090973 9040857 3470739 8550857 3390371 3470857 8601023 9710071 8710872 9040857 8190770 9710414 9710741 9710414 2080414 7790857 8190930 8190857 7790857 3700422 7090973 7090973 7790857 9710371 3470857 8710987 7790888 9710071 8710767 3700212 9710920 9710987 3471023 3470422 8190160 8190071 9710964 3470857 3700888 3250371 4720888 1600973 3731010 3731010 3731010 7090973 3470857 3950888 3470739 9040857 3700743 3700888 9710995 9710504 3730004 7090857 8190857 8190071 3470857 8550857 3471023 7090973 7090857 7090857 7090973 7090973 7090973 3390043 3390043 2080888 9710422 3470043 9710752 3731010 3730638 3730638 3730602 3730004 3730004 7090973 8190752 9830996 6660304 3230796 9710422 5230466 8190770 3730812 8190857 3730004 1600973 3730741 7090973 7090973 3730006 9710857 5230930 2760741 3470857 8190414 9710414 8550857 9040857 9760857 8190767 3730646 3731010 8190857 7090857 7090857 7090973 3730004 8190857 2080414 5230857 5230414 7790857 9710006 9710857 3470857 9710414 3470857 9710752 9710414 8190770 9710767 3700422 9710952 9710969 8710752 9710880 300996 3470422 9710857 9710741 8710767 3470580 9710580 9710350 3470995 3470995 3730006 3731010 9040857 3470857 9710414 7090973 5230646 3230812 3230739 3230560 3230006 9710920 9710071 9710741 3470857 3470923 8190741 8190770 8190560 8190857 7090973 7090973 8190767 4300857 8710857 8710857 3730560 8190857 3730004 3731010 8190857 9760857 9760964 8710996 9710796 5230646 9710006 3470857 9710414 9040580 9040857 3470857 3731010 3731010 3470857 5230872 3700205 8550519 8190952 8190964 9710920 9040880 8190071 3470857 3470857 7090973 9040857 8190071 8710920 7790371 8710743 8710743 9710350 9040857 3390071 7090973 8190071 7090857 3731010 3731010 7090857 3730646 7090973 8190857 7090973 7090973 9710857 9350741 3230071 3230924 3230739 910422 3230880 3470857 4300857 3470857 8190770 9710772 3470987 9710071 9040987 9710752 7090857 3731010 7090857 7090857 7090857 7090973 7090973 7090973 8190920 3470857 3470923 9040857 3950896
3730770 9040857 3471023 8710560 8710996 9710796 9040880 8710212 9710952 8190767 8190880 9710496 3471023 9040987 3470043 8190930 9710857 8710930 9710888 9710466 9760857 8710857 2080894 3470857 8550857 3470857 730560 3701007 8870812 9040857 9040857 8190857 7530857 3470923 520071 3950960 9040857 8190741 8600857 3470857 8190646 3700857 9040857 3470739 9040857 8710646 3930812 9711007 911007 3230496 3231023 3230743 3700857 9710466 4720857 3230796 9710575 3230646 3701007 3701007 3701007 8190857 3731010 8191010 8190006 3470857 3730872 7090973 8190857 7090973 7090973 3390752 3390371 8550857 6900466 5230872 9040864 3470006 9040864 5230646 3700888 9710741 9710960 910071 9710741 9350896 5230560 8600857 3230880 9710857 3470739 9710006 3470872 9040864 9040857 8190857 4631010 7090857 3730560 3730006 7090973 7090973 4630741 7090857 7090973 9710857 9760857 9710857 9350560 5230930 3230880 8870580 9710496 3230414 9710741 8710996 3230560 3230071 3230920 9711007 8710422 9710519 8710752 9710519 2080414 9710752 8710519 2080770 9710496 9710891 8710857 3730004 3390752 6900872 9710414 3470857 9710371 9040857 3470422 8190812 2080987 8710176 8710176 7790964 9350770 3230996 5230872 9040580 9040857 7090973 9710414 9710496 9710857 3470857 3470857 3950960 520969 3930212 3700880 9710414 4630266 4630638 8191010 4631010 7090857 7090973 7090973 7090973 8190857 8190964 3700580 3230812 9710422 9040580 3230560 8190857 8190857 3730560 3730006 3731010 7090857 3730004 7090857 8190857 7090973 7090973 3470857 3470043 9710071 9710071 3730004 7090857 8191010 7090973 3390071 3390371 8870580 3230996 9710996 8870422 9040580 3700741 3470872 9710894 2080770 8550519 9040857 6040857 4300857 9710741 8190767 7090973 8190687 3230812 4720200 9710996 9040857 9040796 7090973 7090973 7090973 8190896 5230560 3700752 9710812 8191007
3950960 9040857 3700414 3470422 9710422 7090973 3390071 8710770 8190496 3730920 4630071 8190071 3471023 7090973 4631010 4631010 3470857 9710857 5230857 9710996 3700996 7090973 8190857 3730812 3730504 8190857 8190857 9040857 9710857 8191007 9710297 7790857 3700857 7790888 3470739 9040857 9040857 2080200 2760006 3470987 7790896 7790888 9710741 8710560 3470772 9710006 9710414 9710422 9350741 3230872 9710864 8190964 8190964 9710371 8190857 9710920 9710996 9040857 8190160 3730004 8190857 8190801 8190964 8710743 910741 2080894 2080414 8190857 8190857 8190969 9710969 9710741 300872 5230646 3730004 8191010 9710857 8190872 8190414 8190767 9710891 9040880 730496 3230496 3230984 9350964 3230646 730228 3701007 3230996 8710772 9710920 8600857 8190006 8190920 8710176 3470995 3470987 8190752 3470857 9710796 2080888 8710176 3470872 3470872 3470857 7090973 1600973 7090973 7090973 8191010 9710176 9710920 3230741 4720888 4720888 3470857 9040857 9040857 3730770 8710920 9040857 3470995 3470857 2760371 9710995 5230466 3700864 4911023 6900872 8870924 9040857 8190857 9710741 8710414 3700212 9710969 9710752 9710857 3470857 8190770 8190952 8190496 9710920 9710969 9710006 9710371 8710880 8710996 9710371 5230560 5230857 9350006 9710923 9040857 8711007 5231023 6660880 8710996 8711023 2080888 7790205 8340519 3470739 7790741 2760880 9710043 5231023 7790888 8190741 3731010 3731010 3731010 7090973 7090857 7090857 7090973 9040857 3470857 9710857 9040857 9710212 9040857 9040772 4300857 9710006 3470772 3470930 9710772 8710888 8710741 3731010 8190857 3950888 3731010 3731010 3731010 7090973 8190857 7090973 7090973 7090973 7090973 9040857 9040857 9040857 3470857 8550857 7090973 8190646
3930880 8870969 520741 8870144 7790961 730809 731023 730544 730872 730872 7790200 730770 2760580 2760741 2760006 9350560 8870888 6660872 5370371 8870743 9350772 6660460 9350964 6660160 9350743 6660857 9350772 6660857 730857 6660857 5370200 9350770 6660857 9710864 2760743 6660857 6660857 9350964 6660930 8190964 9350772 9350964 6660857 9350964 6660857 6660857 6660160 6660857 6660857 9350964 9350743 9350964 9350896 9350894 9350743 2760652 9350896 9350743 5370752 9350652 9350743 8190770 3730241 9350888 5370964 9350652 5370894 5370964 3730993 3730993 9350888 5370964 2760652 5370741 8190371 8190870 2760652 5370371 5370071 3950888 2760920 8190913 3950888 7790371 8870743 7790870 2760652 8190964 7790652 2760964 3470772 8870743 8870772 3950896 250071 3950888 8190646 8190646 8190857 8191023 4630071 8190880 8191023 8190857 8190880 8190857 8190857 8190646 8190519 8190857 8190071 8191023 8190857 8191023 8190857 8190071 8190519 8190857 8190857 4630282 3730519 3730872 8190857 10110857 9710371 5230872 3250741 9710743 8710872 9710519 8710741 9710772 3471002 2081023 3470857 3470987 3470857 8870924 7790964 7790857 3950888 7790424 8710580 5230872 5230872 9710371 9710371 9710371 8710371 9710371 9710743 9710888 9710006 3950888 7790924 3950888 3950888 730888 9710987 9710752 9710414 9710952 2080770 2080888 730519 730519 730928 8870580 730928 9350888 3701007 8870580 8190519 7790894 5370519 5370519 730857 730796 730212 8711002 3250741 9710414 9710580 730888 3230772 3230924 3230006 3230371 3230872 3230743 8190857 3730928 3731007 8190006 8190071 3950896 7790964 9710964 7790896 2760894 8190896 3930386 3230205 6660006 8870560 3230422 3700872 3230812 8191007 8190857 4720857 8190646 7790518 4040200 3230969 9710752 3700872 8710770 9710414 2760752 2760752 8190770 2760770 7790857 3230752 3230743 730580 730560 730371 730743 3700580 5230560 3700043 3470422 9040580 730928 3470580 5981023 2080200 9710752 8711023 2760770 9710466 9710580 9710952 3730496 3730496 6770160 2760043 2760043 8710043 2760888 8710043 2760043 2760888 8340519 3730496 3731023 1031010 5370888 3700071 520071 3700969 3930205 3930205 3930205 3931002 5230560 910560 3930857 9350422 3730928 3730984 8190857 3730560 3730752 8190770 3470923 9710891 731007 3230741 8710741 3470961 3230414 3230741 730741 730560 730969
7790857 9350872 9350160 8870969 4720857 8870969 9350913 5370924 8870870 7790924 4720200 4720200 730969 2760969 8870969 730646 8870924 8870969 4040200 8870518 2760350 7790969 730646 8870870 730519 8870969 8870364 9350560 6660212 3700870 9350560 3950888 3700200 3700205 8870880 9350880 6660561 3700796 8870880 8870880 3700996 3701007 9040796 7790857 7790857 9350924 8870924 2760741 3700796 9350741 9350304 7790519 7790424 4720857 7790857 4720857 7791007 8550857 4720969 4040200 7790200 8870969 8190371 5370752 8190913 8190496 8190071 8710646 4720888 3470930 8190880 9040857 8190880 9350212 4720857 3230880 4720741 4720857 4720961 3230006 3700870 3700200 3230880 8870212 3700739 9350812 910560 8190969 9350205 9350205 9350812 910205 9350205 8191002 910422 9350560 730560 9350560 9350560 9350928 9350560 9350928 6660880 9350913 9350212 9350928 9350519 9350880 9350961 9350304 9350212 9350212 6660800 9350880 9350212 9350561 9350928 3700857 9350993 9350880 9350961 9350913 5370071 9350371 9350304 9350743 9350205 730812 6660880 9350144 9350752 3930770 8870424 8870969 730857 5371007 5370043 730857 730857 9350304 910560 730071 9350993 8870770 9350371 9350770 8870144 520857 520857 520857 520857 520857 3930386 520857 9350993 911007 8870969 730857 8870969 8870969 8870969 8870424 8870969 8870969 8870880 9040870 9040857 4720969 4720371 9710527 9710527 9350896 730894 730857 730870 2760371 2760371 6660006 2760371 730872 730924 730880 9350006 2761002 4720969 8870870 8870870 3230519 730205 2760205 9710782 9350888 9350964 2760969 8711023 9350888 7790857 9350414 9350422 2760924 2760924 730561 3230880 8870969 730144 3930880 8870212 3930796 8870969 9350993 730796 8870205 8870424 4720961 3700924 3230646 2760930 2760930 730560 6660212 9710796 3230880 3230422 2760928 6660212 8870880 2760752 8870144 8710880 2760752 9350561 8710212 2760924 8870580 730741 6660880 9040870 3230304 3230212 8870205 9710205 3700205 7790969 9710969 3700880 3700422 3700870 3700969 8870560 8870812 7790969 9040857 7790518 8870212 9040857 2760200 2760646 6660996 7790371 2760964 2760071 2760371 2760964 8870888 8190560 8190857 8190857 7090973 8190006 8870560 8190969 3730422 8190857 8190930 8190857 3230924 5230414 8870772 9350006 730754 730741 730646 730144 730144 2760006 2760872 9710371 2760350 2760809 2760772 7790857 2760043 8710422 2760770 3470772 9040772 2760752 2760414 2760772 2760770 9710414 2760924 5231023 2760006 2760872 2760872 230872 2760741 2760006 2760870 6660561 2760960 7790043 2760422 2760371 2760741 2760646 2760996 2760580 730422 8870422 2760580 3700422 9710205
9040857 9710920 8190741 8190071 2760350 8190894 8190964 3390371 3390371 7790857 7790857 3930386 9350561 6660857 8190414 3700857 3700739 9350560 8870743 7790205 7790857 7790857 7790519 7790857 7790894 7790888 7790937 7790601 7790857 7790857 2760743 7790857 2760928 9040870 5370894 3730993 3730043 3730993 8190857 9350414 9350422 8710872 3230796 8190880 3730006 3730004 3731007 8190652 7790857 5370754 8190519 7790200 8190857 7790857 7790857 7790857 8870424 7790857 7790857 7790857 7790857 3250560 4720743 7790857 730752 6660422 2760928 2761007 3471007 7790888 8190519 4720857 5370743 730857 730857 4990043 730857 7790857 7790857 7790857 7790857 7790888 7790857 7790741 7790896 3390371 7790857 7790519 250519 8190872 4750870 7790519 7790560 7790857 7790857 7790752 7790741 3470772 7790741 7790857 7790857 3950896 8190519 7790857 7790770 7790857 7790857 7790741 7790857 7790752 7790200 7790870 2760560 8190071 2760646 7790518 2760880 2760646 2760646 250519 7790870 8190519 250519 7790888 2760646 4750870 250043 7790857 7790200 2760920 7790200 7790200 7790200 7790857 7790200 7790200 7790752 7790200 7790741 7790770 7790200 3950560 7790857 8190913 7790200 7790857 7790857 7790729 7790424 7790200 7790857 7790519 2760646 8870870 7790424 7790969 7790829 2761007 7790896 8190913 8190913 7790200 7790200 7790200 9040580 8870580 8870043 7790043 7790200 7790857 7790200 7790741 7790519 7790857 7790857 7790144 7790424 7790043 7790857 7790518 7790741 7790200 7790200 7790888 3470833 7790964 8870888 7790857 7790857 7790857 7790857 8870424 7790857 2760880 2760928 2760743 2760646 7790870 7790752 7790857 7790741 2760880 7790200 8190700 7790043 2760043 7790857 3390043 3950888 3470043 7790857 8190913 2760928 8870043 7790857 7790424 7790857 8870043 8190646 7790518 2760646 7790857 7790857 7790043 8870043 7790857 7790857 7790857 250043 8190071 250071 7790857 7790964 250071 2760646 2760646 7790894 2760071 8190964 2760176 2760961 2760743 2760743 8190071 7790424
4040200 3700833 730928 7090973 6661002 8870772 7790200 8870043 5370160 8870772 520741 9350930 5370519 8870969 4720961 9040580 4720200 8870870 7791007 6661002 8870969 7790969 8870043 7790969 8190969 4630386 9350160 8870772 520857 730928 8870969 9350160 3930857 9350880 9350772 9350422 8870772 7310646 8190857 5370071 9350928 730928 8870772 730857 9710864 9350913 9710205 9710071 5370964 2760924 5370894 5370894 9350772 7790924 5370071 2760646 2080519 8710646 3250560 3470833 2760964 8870888 2760969 2760924 7790371 8190872 7790857 3951002 7790969 7790424 7790205 7790424 7790560 3950560 8870580 7790518 7790937 7790969 9350006 7790205 7790752 7790857 3471002 8190913 7790964 8190913 7791007 8870560 8870580 7090973 7090973 7090973 5370282 5370519 5370894 7790200 7790961 8190006 9350961 7790518 8190913 7090973 8190857 9350993 3700200 7790857 8190880 3731010 8190857 8190652 7790652 6660212 5370888 7310741 9350304 9350801 9350519 9350205 2760969 2760833 9350772 730519 3731002 1760973 9350772 8190519 2760928 730801 9350772 230857 9350561 9350516 9350519 9710782 730496 730969 730961 9350160 730205 3730004 8190857 9710930 9350894 3930414 8190964 8870924 8190772 5230519 8870414 730857 3470857 8190857 3730928 3731023 3730519 3731007 5370894 5370772 2760516 2760894 2080772 2760896 8190964 7790857 7790371 5981023 7790964 8190772 4630743 4630200 3730984 9350743 9710961 3230496 730809 8870205 3701007 730964 910772 730924 2760872 730743 730752 7790894 4720772 7790894
3700969 3700519 520743 3700857 520857 9040857 7790964 3700741 3470772 9710833 7790896 8870772 2760772 3700772 3700833 3700772 6660812 3700772 3700772 3470739 9040857 9040857 9040857 9040857 9040857 3700200 3700772 3930924 4720969 730928 8870969 8870880 4720043 7790969 7790894 9710519 5370519 5370888 8190071 910071 7790752 230920 730071 8710987 730212 730212 730924 9710527 3470422 3470580 3950896 4040200 3700896 3700200 520969 910772 730754 8870924 9710964 3700205 8870888 9710833 3700519 3700519 7790857 4040200 4040200 1760973 5370770 8870969 8710176 8710987 8710888 8710743 8710519 4720743 5370071 7790770 730043 230414 5231023 230767 2760043 2760924 2760960 230920 2760767 230504 3470772 2760770 2080772 7790772 7790888 2760969 3470285 8190752 8870414 4720741 4720772 730743 230504 2760809 9710772 7790752 7790857 2760441 7790043 2760071 7790772 3470772 7790857 7790857 7790857 8870043 5370743 730801 730801 6660857 730363 7790200 730363 5370419 8190519 5370519 5370043 250969 2760770 9710920 8710422 7790964 4720743 9040987 5370071 5370960 730414 8710580 3230560 9040772 3470422 7790560 9040772 7790371 7790888 7790200 5370519 5370519 5370801 5370772 5370888 5370519 7790969 7790200 7790518 8550519 7790752 7790519 250519 250519 5370519 7790857 7790870 7790894 7790894 9350422 730422 7790205 8870580 7790857 4720857 730969 8870560 6660160 9350870 3700870 8870888 9040870 8870870 9710969 3700743 3700888 2760928 910729 3930519 3730993 3730984 8190969 8190205 8190857 910205 3470857 4040857 3470857 9040857 910772 3700205 3730182 3730182 4630071 3731002 3700422 7790770 730741 9710996 730857 230809 730833 6660043 7790043 7790043 7790770 7790371 7791007 7790200 7790964 730857 5370964 730928 9350961 730961 3230928 730928 3700422 3700961 7791007 9350519 8870580 9350928 8870880 4720371 4720200 3230754 9710880 8710560 730928 6660422 3230371 3230928 3230924 3930924 3930880 3700969 9040857 8190652 8190652 910857 3230754 4720772 3230772 7790741 7790741 4720772 7791007 7791007 7790894 2760964 2760043 8870888 9040987 8710176 4720888 9710176 7790857 9710752 3700770 3700770 9710371 3230422 8870580
730801 8190857 5370894 3730422 5370894 8190896 8190481 8190880 3730993 3730205 8190961 5370964 3230743 5370743 3230212 3730371 3730782 3730422 8190930 9350930 5370896 911007 9350812 3230920 2760961 2760961 9350687 3230739 3231023 5370894 3230527 7791007 5370964 8191007 8191007 7790371 4720857 9350422 250969 8870364 6770857 5370930 5370043 1760973 5370964 9350743 9350770 2760888 6660880 910969 9350770 8190930 5370754 5370754 2760560 2760205 7790200 5370754 3730422 7980973 3730114 3731002 7980973 9350888 5370894 5371007 730857 8191007 5370752 4720857 9350924 3230350 3931023 910857 3730969 4630969 4630969 8190857 5370964 3730646 5370888 5370071 5371007 4720200 5371007 5371007 5370743 3730182 8190801 3730422 5370754 7790857 8190857 4630772 4630930 8190071 5370743 8190580 8190481 9350880 5370519 2760422 8870870 4990857 3731002 5370801 9350752 5370888 3230796 8870422 730743 520857 3930857 4630969 9350772 5371007 5371007 2760006 5371007 5370888 7790371 7790200 5370743 7790371 5370772 7790200 5370896 5370894 5370743 3730772 5370741 5370801 5370896 5370752 5370772 9350422 9350304 5370894 9350772 2760880 9350422 9350422 2760422 2760812 7790519 7790857 5370752 8190930 3730519 5370772 5370770 5370043 5370772 5370071 9350880 3230996 8190772 2760652 730560 5370894 9350516 3731002 3730928 9350872 9350772 8870969 5370964 730969 9710969 910371 9350371 9350754 520969 910857 8190857 8190071 5370924 5370754 5371007 5371007 5370754 5370754 4720772 5371007 7790961 730857 5370888 5370801 5370754 8190801 5370754 7790857 8190857 3730646 4630580 8190519 9350743 9350880 8190560 9350880 7090973 8190969 520857 9350741 3730422 9350772 2760952 8190752 9350560 8190371 9040857 7090973 8190857 8190071 9350743 9350743 7310601 9350519 9350422 9350888 5370752 9350743 6660857 9350993 9350560 9350422 7790200 8870424 5370160 5370930 730969 731007 730969 8190580 730857 730754 5370282 730969 3230888 3230969 5370888 9350422 8190961 5370960 5370754 9350880 9350560 7790969 7790969 7790857 7790888 8190772 3731002 3730772 9350371 2760743 8601023 5370071 3230996 5370071 7790200 8870424 9350422 8870833 6660422 8190772 3731002 5370888 3730422 8190952 5370960 8190071 8711023 3730993 8190422 8190160 3950560 3470857 8190519 8190519 8190857 3730646 730961 2760961 2760652 3930796 8190519 9350754 9350880 3700969 3700519 9040857 8190560 3730782 3731002 9350743 8190772 8190071 9350772 9350422 730772 7791007 8870560 7790519 9350754 9350754 9350754 9350880 6660212 8190930 8190560 8190896 8190646 8190752 8870772 3700796 8190920 7980973 7310924 7980973 9350205 9350519 5370896 5371007 9350996 7980973 7790857 8190857 3730772 5370752 6660304 250043 2760560 250071 7790200 2760646 3730241 8190857 6350857 5370772 2760964 5370770 7790857 2760987 8870043 9350964 5370960 2760772 2760754 2760888 5370743 9350743 3730772 5370960 5370924 5370772 5370772 730961 910200 730880 9350561 9350880 9350560 5370741 6760857 3730004 8190801 8190930 5370964 5370071 5370743 4720857 2760880 3390580 7090973 4630638 4631010 5371007 9350896 3230304 4720969 7790857 7790200
3731002 5371023 1760973 8190930 8191023 4630772 8190857 4630004 8190857 5370754 8190857 4630043 1760973 5370743 8191023 8190801 8191023 8191023 1760973 8191023 8190519 1760973 8191023 8190801 8190519 4630424 8190857 8190519 8190772 8191023 8190913 8190519 8190857 7790857 8190519 4630424 5370924 8190519 3730646 1760973 3730422 3730519 3730519 3730772 3730519 6760857 9350743 8190930 3730241 9350880 8190519 5370741 3730743 9350743 5370071 5370752 2760930 9350371 5370964 5370752 9350812 8190752 8190560 8190964 8190519 2760687 3950888 3950960 9350687 2760422 730422 9350772 9350414 5370770 3470930 8190071 7790857 8190752 7790857 8190772 3730519 8190857 9350754 730961 730754 9350772 730961 910772 7980973 7980973 3731002 730930 9350519 730960 5371007 730857 730801 5370772 5370752 5370772 5370772 5370964 8190772 5370924 9350924 4990043 730872 2760801 5370371 2761002 731023 2760350 5370772 7790200 7790200 2760043 7790752 7790857 5370743 9350961 5370772 8190857 3731002 8190857 3700422 910857 910544 4040200 8870518 8870870 4040200 4040200 4040200 8190700 8190857 8190519 4720200 7790519 5370772 7790200 2760952 5370071 7790961 7790424 3470961 4720200 2760961 8190961 8190741 8191007 8190371 2760371 4720772 2761007 2761007 7790961 8870205 7790200 2760422 8190422 8190772 8190770 7790857 8190770 3470285 3230924 9040772 9040580 9040580 9040580 8190560 9350880 910857 9350160 8870969 8870969 8870043 9040857 4040857 8190857 8190913 4720857 7790857 5370519 7790519 5370772 7790200 7790857 7790200 7790888 4720772 7790961 7790200 4630857 3730460 8190857 3730004 8190160 2760960 7790200 2760414 2760006 730767 2760872 8870043 7790857 8870043 7790424 7790772 5370752 8190857 8190857 8190160 8190857 8190961 9040857 3470930 3700285 2570519 9040870 8190880 8870969 520969 8190969 8190857 8190857 3950896 5370960 4720200 4720888 7790857 8870580 7790772 7790772 7790772 7790772 7790870 4720772 8190913 7790857 7790371 8190371 4720857 5371007 7791007 4720857 7790371 7791007 5370741 7790857 3950888 3731002 7790857 7790770 3470772 7790414 3700772 9040772 3700212 9040772 9350961 8191023 8190930 8870969 8870969 8190913 9710504 5370371 7790371 7791007 730857 7790857 7791007 7790857 7790857 8190857 8190857 1760973 7090973 3950888 8870414 7790519 3230414 4720741 4720200 5371007 7790857 7790857 5370519 5370404 3470987 3470857 8190772 7790857 2760414 7790043 7790043
7790857 3390371 8550857 3390071 3391007 3950888 5370960 5370752 8190422 5370752 5370924 4720857 8191007 7790652 5371007 5370743 7790652 5370043 7790961 7791007 5370043 7790961 7790857 7790857 7790857 5370770 7790371 7790424 7790857 7790200 8190961 8190646 8190857 8190519 8190422 5370924 7790857 8190913 8190969 7790200 8190646 8190969 8190752 8191007 8190880 8190880 8190920 7790969 7790857 8190646 8190913 4720857 7790752 7791007 9040857 3950960 9040857 7790560 7790752 3950960 8190913 3470422 4720752 7790770 4720969 4720969 4720969 4720969 4720969 4040200 8870770 8870969 7790752 4720969 7790424 7790518 7790961 4720969 4720752 7790969 7790857 7790857 4720857 4720969 7790752 3471023 7790857 4720857 4720857 8190422 9040772 910857 8190913 4720969 3470422 4720969 8190071 8190969 8190969 7790857 8870560 7790857 8190560 8190880 7790857 8190560 7790857 3950896 3390752 3231023 910371 3230969 910772 3930772 3700519 3930560 9710544 5231023 3230519 3230371 2760006 2761007 9711002 3231023 3470006 7790857 9040857 8190519 4630071 4630071 4630752 3950960 5370770 3230519 2760580 9710297 7790752 730812 8870812 3230646 910857 3230350 2760560 3950560
3931002 8870772 4720371 4720043 4720969 3390043 7790888 3470870 2760743 3470870 2760071 250071 250043 3390071 3390071 2760504 2760767 2760350 8550519 7790896 7790371 2760924 5231023 2760043 2760043 2760371 2760872 7790870 2760928 6660880 2760928 8870043 3471002 3471023 8870770 8870144 3701007 8550580 8190812 3950560 730812 3230880 7790924 3230212 8550519 4630913 3390071 7790937 9710964 4720964 3471007 2760741 2760996 7790888 9710987 2760350 8710924 2760924 7790371 3470043 8870205 8870888 730205 730812 730754 730560 730043 730043 8870888 7790770 8710996 3471023 7790560 7790857 2760772 9710297 9040772 7790870 7790870 7790752 3470772 8710560 3471002 730770 2761007 2760414 730857 730964 9710043 3470043 910924 2760924 7790964 8870772 8870772 9710772 9710772 3470872 7790741 730754 3230519 3230205 2760928 2760996 2760527 8870424 3230646 4720752 730928 9710466 9710297 9710527 910560 910560 7790424 730754 9710043 2760741 7790770 2760496 7790205 2760801 2760767 7790896 5370772 7790857 7790888 7790964 3950888 7790888 8190646 8190772 8190772 7790424 911007 8190519 3230519 910422 3230422 3930857 3700857 520857 4720743 9350519 3230519 4720371 7090973 4630913 9710969 3470373 4720752 730754 3230422 3230646 7790519 2080519 2760888 8710864 730350 3930812 9710205 3930205 730969 8870560 730560 730560 730767 730770 8190371 8190741 8190071 3930212 8870969 8870969 3230646 7791007 7790424 3230754 8870924 7790371 8870880 7790741 3471002 7790770 8870422 3470995 7790560 910924 910924 4720969 3701007 7790424 7790888 8870770 7790752 7790560 7790414 3390752 3950560 7790741 3470043 2760741 7790888 2760770 2760043 3470422 7790857 8550519 8711002 9710043 8710043 3470043 2081023 8190496 8190920 3390752 2760752 8710767 2760952 3730496 8190857 4630004 7790857 3230880 2760071 9710527 2761002 730743 2760371 2760872 2760741 2760043 2760772 2760772 3700043 730924 7790924 8870043 7790371 8870772 9710920 9710729 9710371 8190857 8190857 8190857 910924 730969 3930924 3700880 3700043 7790200 7790896 7790043 8550519 7790741 7790964 2760772 3470772
7790961 7790961 7790857 9350930 5370930 8190772 8190519 7790857 3950960 7790857 7790200 5370519 8190772 7790857 5370071 7790200 7791007 5370743 8190741 7790200 7790888 5370741 8190741 8190560 8190772 2760741 7790857 9350519 5370071 5370964 7790857 7790518 7790857 7790770 7790741 7790741 7790857 8190772 7790857 7790857 7790857 7790857 7790200 7790857 2760969 9350212 5370741 5370896 8190872 8190872 7790144 7790857 2760961 7790770 7790857 5370833 5370833 7790518 7790857 7790857 7790371 7790200 5370519 8190772 7790200 7790200 7791007 8190646 2760350 7790964 7790741 7790200 7790888 7790770 8190519 7790857 8190519 7790857 7790857 2760924 9350519 5370743 7790857 7790857 5370160 5370160 7790857 8190422 8550857 7790857 7790857 8190496 7790200 9350519 8190961 8190913 7790857 7790371 7790857 2760646 7790200 7790857 7790961 7790961 3930371 9711002 730969 730741 730809 730857 730969 730071 730969 730496 730646 910371 730371 730006 910371 8870422 910857 8870924 4040857 8550857 731023 9350519 9350519 8190772 3730422 5370924 8190880 9040857 8870580 8190770 3700996 3700880 3230796 9710212 9710996 9710527 9710996 9710527 9040857 4720857 9710996 9710422 9710880 9710212 7790371 3950888 7790857 7790772 4720743 3471007 3390371 8550857 5370924 8190519 8190652 7790857 9710453 8710006 9711007 8710006 8710741 3470772 3471007 3390752 8870969 8190913 5370519 3470930 9040857 8870812 8550519 4720743 4720741 9710812 3700422 8870422 7790560 7790937 4630913 7790752 8190519 910646 3950960 4720580 730924 5230646 3230304 3700205 9040580 8710646 8550857
8870212 8870212 8190772 8190857 8190772 8190857 8190857 4720857 8191002 7791007 7790857 7790969 4040200 7790969 3730004 8190930 5370519 2760043 8190770 7790857 7790518 2760880 7790964 7790894 7790896 4720857 7790964 7790964 7791007 7790200 5370043 5370160 5370160 7790857 7790424 7790043 7790043 7790857 5370924 8190896 8190519 9350754 5370160 5370770 5370964 7790857 8191007 8191007 4720857 8190913 4720857 7790857 8190896 8190772 8870969 4720857 7790857 8190857 5370770 5370752 8190519 7790857 7790857 7790857 8190913 8190913 7790857 5370371 5370071 7790857 8190519 8190772 7790857 7790200 8190560 7790857 8191007 7790857 5370772 4720200 9040857 8190920 8191007 4720857 8190560 7790857 5370743 5370743 8190752 7790200 8870888 5370964 8190770 730743 8190913 8190752 8190920 730519 5370770 5370888 2760969 2760969 7790857 8190913 9350772 2760741 7790857 8190812 9350961 8190422 2760964 8190857 8190160 3950896 7790857 7790424 7790857 7790424 9350913 5370071 5370519 250200 5370752 7790969 7790857 9350160 8870424 8870560 5370519 5370896 8190519 8870424 8870969 8190857 7790857 8190930 7790857 8190772 8190772 5370772 8190160 8190857 9040857 8191007 7790857 7790857 7790857 4720857 4720857 4720857 4720857 7790424 8190913 8190646 4720200 3251007 8870424 7790857 8190496 730880 7790770 8870770 7790857 8190857 4630638 8190519 7790200 7790770 7790424 7790371 7790857 8190519 5370894 8870969 7790969 2760969 7790969 7790969 7790857 7790200 5370743 7791007 7791007 5370770 5370741 5370743 7790857 2761002 7790857 3950960 7790200 8190969 8870969 8190969 7790964 7790896 7790857 8190812 8190812 5370071 7790969 7790969 8190857 5370071 8190580 8190741 7790857 7790857 7791007 8870424 4720857 7790857 7790857 7790969 7790969 9350772 7790888 8870772 7790857 7790741 7790857 8870743 7790969 7790888 7790888 7790200 8190913 7790857 9040857 4720772 4720200 7791007 7790518 7791007 3950888 8191007 7790857 7790752 7790752 7790518 5370960 911007 7790200 3470580 8190857 8190857 2760930 730857 7790969 7790857 7790857 5370741 7790857 7790424 7790857 7790896 7790857 8190930 7790857 7790200 7790857 7790894 8190870 7790752 7790857 7790519 7790770 5370071 2760504 5370043 7790964 8870743 8190969 7790888 9350560 3930422 3930812 3930812 8710996 9350212 5230560 8190969 8190969 7790857 7790770 7790770 7790857 7790772 8190880 3700200 8870969 3700519 910741 3700969 910729 9350924 9710739 910560 520969 3470772 7790969 910772 910741 9710864 7790741 910741 910646 910741 910969 8190969 3470422 9710422 8550519 9710880 910205 7790857 910646 7790857 7790857 7790200 7790969 7790752 7790200 7790200 8190913 7790857 8870518 8190872 7790205 5370371 4040200 7790518 4040857 8191023 5370741 8191002 7790560 8870969 8190969 3950888 7790969 7790857 7790857 5370754 5370519 5370519 7790200
3470441 3470987 7790857 730767 9040987 9040987 9710920 7790964 2080987 7790888 8190772 7090973 4630638 4630043 7090973 8190964 3471023 3700880 911007 3700857 8870212 8870880 730519 3230754 8870888 4720580 4720743 4720743 2761007 3700743 4720200 3471007 8191007 8191007 3700924 9350924 8190872 8190371 5371007 730888 2760741 3230741 4720964 9350872 8190969 8190560 4720371 4720741 7791007 7790752 251007 3471023 3470987 4720961 3931023 3931002 8870969 8190961 4630969 4040857 8550857 7790896 250519 250043 9710414 251007 250519 7790857 7790519 7790964 5370964 250071 8190519 5370964 730880 8870743 3390752 730924 2761002 730043 2760071 7790371 2760441 910043 730741 8870043 5370896 8190767 2760504 730071 4720741 910544 910646 5370772 5370043 7790857 7790200 8870043 2760969 7790964 7790888 3390371 250043 3390580 520743 3930996 9710422 3930880 3700743 520071 9710006 5370519 8190913 8550519 3700969 3700519 3700969 3700752 3700200 3700212 9040857 3700743 9710176 3700519 2570519 8550519 3390371 4720752 3230872 8190872 4720741 7790857 7790741 7790770 7790937 7790896 7790894 8190772 3390071 7790857 7790519 2080772 7790857 2760809 7790857 3471023 7790896 4040200 910857 4720857 3230304 730961 910772 3930422 910544 3930212 4040857 910857 4040857 3700519 3700857 3700969 8550857 8550857 8550857 3930880 8190560 9040857 9040857 9040857 7790896 7790519 3930422 910422 8870880 910544 910544 8870969 3700969 3700969 910371 3230969
7790857 7790772 7790741 9710037 8870969 8870743 910205 910205 910969 7790969 9040857 3470857 9040857 8550857 3950896 3470987 3950888 8550857 730560 5230560 7790371 7790969 7790741 3231023 730812 4720752 3230422 3470995 8870212 9350519 3231023 7790371 2760371 910371 7790424 7790371 7790371 4720200 5370282 3230754 7790857 730754 3470422 3700519 3230560 2760969 7790519 730043 7790043 7790043 2760043 7790519 7790043 7790772 2760043 7790200 7791007 4720043 4720580 7790371 7790043 3470995 2760924 3470580 7790924 7790371 911007 2760924 730006 4720371 4720371 7790961 910772 4720741 730924 2760924 7790200 5370687 7790857 4720772 2760350 7790519 7790371 7791007 7790519 2760043 2760741 7790371 7790857 7790519 2760043 2760043 2760741 4720200 4040200 8870212 7790969 4720752 4720363 7790043 7790519 7790519 7790772 7790772 3950960 8190772 7790857 2760770 7790741 2760952 8870580 7791007 8870772 7790961 8190496 3390580 730646 3700961 520969 7790857 910857 7790969 7790371 7790894 7790752 7790741 7790729 7790937 2760752 3470441 7790770 7790888 8190772 7790371 7790937 3950960 9040857 2760809 3950960 8190519 5370894 8190519 9350560 3700519 8870743 8870888 9710930 9710857 3700864 520857 5370160 8190071 3470987 8710920 9040870 9040870 9710920 9040870 7790896 730754 7790741 7790888 251007 2760960 2760920 2760888 4720888 3470987 8711023 9710920 7790752 7790770 2760504 2760888 7790741 7790857 9040772 2760809 3700519 9350560 3700796 9710285 2760646 9710729 3700880 9040857 520857 3950560 4040857 8550857 7790741 8870969 2760809 2760414 3470923 9710037 7790969 4720961 7790414 7790200 2760741 7790894 7790857 3950896 3950896 7790424 8190560 8550857 520857 910857 8870969 9350961 8870969 3700996 3930519 3700969 520961 3700969 7790964 3230560 3230422 3230422 730880 8190646 7790652 251002 2760770 8710743 9710782 9350993 8870770 730212 7790519 7790969 7790969 2760969 8710422 3230812 3470961 2760961
9040796 9040857 9040880 9040880 8190857 8190880 9040857 9350930 7790857 8190969 2570519 3470857 8190857 3470857 9040880 8190857 730857 7790200 4040200 7790518 9350930 6660857 7790857 7790519 3950888 3470857 4630913 4630857 4630752 4630743 4630071 4630071 9710414 3470872 9350414 5370833 8870772 3951002 3950888 3950888 8870888 9040772 8191007 3471007 3470857 3471023 3390071 9350930 9350930 5370754 7790857 8870880 8550519 8190872 8190160 3390071 7791007 2570519 8550519 7790894 5370772 9350160 9350928 9350930 7790896 7790894 3471023 8190894 9350752 910646 3700519 910205 9040857 3470872 9040857 7790752 4720961 730961 730741 3230754 3230646 5371007 5230560 3230519 8190812 4720857 9040772 8190961 910741 7790857 5370519 5370754 7790519 7790752 2761007 2760741 8870888 910200 8870414 910205 3470373 4720969 3470961 4720741 4720752 3471007 4720200 3470987 7790969 7790937 2760580 7790964 7790894 7790424 3950896 2760519 7790894 7790772 7790896 7790964 7790770 7790770 3390580 3390580 3390371 8190481 7790857 7790857 7790857 910422 3930880 8190071 910071 9710371 730969 2080987 7790888 8710743 3950888 3950888 3230772 3230754 730212 2760961 2760006 8190741 4720371
3950960 7790969 7790518 7790518 7790518 7790969 7790961 7790894 7790888 7790969 7790969 7790969 7790969 8550519 7790424 7790424 7790200 8870424 7790969 7790424 7790424 8870772 7790518 7791007 7790424 7790518 7790969 7790518 7790961 7790518 7790144 7790424 7790424 7790969 7790518 7790969 3470961 8190560 8190857 8190961 8190857 9350741 910741 5370888 730888 3930772 3700285 9710085 910741 5230350 5230037 3700924 730422 3930996 8870422 910205 910580 8870969 910544 3470772 2760741 250071 3950960 9710371 3930872 8870743 520969 520969 910741 7790857 3230872 4720741 3230772 4720772 730924 4720772 4720371 4720772 7790857 911007 730414 3230350 730350 3470772 910371 910544 3930212 910729 9350561 9710880 9040772 8870212 520743 520741 9710809 7790924 3950960 4630741 910071 3470441 3700741 3700741 7790857 7790969 8710924 7790519 7790857 9040772 3930772 3930812 3700969 3700969 3700969 3700969 9710741 9040857 3700212 7790961 7790964 7790857 8870942 7790969 7790888 3700772 3700741 3930772 9710864 3700864 730422 910422 910741 3390752 3700414 9040796 3700205 520969 520741 9710350 2760741 3470987 2080770 7790857 7790857 7790772 7790894 7790772
4040857 4630969 4630282 7790772 3951002 7790741 2760888 3700969 3470833 3700741 3700833 3730833 9350414 9350924 3700741 9040772 3470857 3470373 8550519 3390071 8191023 5370754 5370754 5370754 4720772 7790741 4720772 4720772 4720772 7790888 7790752 9350752 3930205 9710205 3930205 910205 3700752 3700739 4040857 9710519 3731002 3390580 8190872 7790894 3470441 8710857 8710924 3470006 7790518 7790200 9710466 8870880 3230741 3230496 3230996 8710422 910205 910205 8190006 7790741 5230466 7790772 730000 8870880 3470422 7790857 7790961 3471007 3470441 3950960 4040857 7790857 730646 730772 4720752 3470580 7790371 3470772 9711002 730812 9710205 9710205 9040772 3470857 3470739 3470961 4720772 4720741 910741 9710864 9710864 9040864 4720741 4630857 4630424 4630741 7790741 3390371 250580 8190770 3950888 250071 7790752 3470772 7790894 3251007 4720888 7790857 3470772 9710996 9710422 910544 910371 8550857 7790741 8191023 8870888 3950960 8550857 9710809 3700924 2080741 730880 730961 8870772 3230212 3230422 3230754 4720743 4720772 3470422 4720857 4630913 4630913 3700969 3700741 520741 3470857 7790857 3470995 9040857 8190519 8190205 3950888 520942 9040857 3950888 8550857 4720969 3951002 730544 9350519 2760928 7790205 2760743 9710544 3470043 3470580 9710544 7790741 7790888 3471007 9710006 9710371 3700872 3470373 3470872 8190205 3390580 9710743 8710006 9710006 3470961 8190071 8190857 7790857 9710350 520741 2080741 910969 910772 9040772 7790772 910772 7790969 7790741 7790964 7790371 2760928 7790741 7790857 3230754 9040772 7790961 9710212 8190969 7790752 7790770 7790424 7790772 7790894 7790888 910772 4040200 910071 520743 520741 520071 8710350 3470006 9710729 3470872 7790924 7790371 7790741 2760924 2760043 7790424
3470422 9711007 730857 730857 730801 7790857 8550580 3950888 8190857 9040857 7790752 3470872 3470872 7790857 3700857 3700857 3470857 3471023 8190857 8190969 3950560 3700071 3470987 9710071 9710920 3700880 9350160 8870924 9040772 7790857 3700519 9040857 8870924 9710880 3700071 9710857 9710964 8550857 7790857 4720741 9710453 9710741 4040857 9711007 3471007 4720371 3470961 9760964 8870969 9350371 9040857 3470422 3471002 8190961 8190880 3470857 9040857 9040857 8190880 9040857 9710071 3700924 3700964 3700414 3700285 8870205 8190857 8190770 9350743 8190964 8190772 9040857 9040857 8710350 3700872 7790371 7790371 9710864 9040864 9710043 7790741 3470043 4720043 3700580 8870580 7790371 7790560 8870205 3700205 3700772 3700961
9350741 8870205 730809 8870969 730560 8870772 730687 8870772 2760969 8870833 8870888 3470833 7790937 8870969 2760924 2760969 9710772 8710043 2760043 8870772 730924 730350 910371 910772 910772 8870833 730924 8870772 8870969 7790969 8190969 8870772 3700205 8870829 730071 730969 730969 8870969 8870969 730646 730560 8870743 910205 3470772 910560 7790770 730212 2760516 8711023 8870942 8190741 9350741 8190872 2760894 2760928 2760741 9710864 7790371 3470833 8711023 5230519 730350 8870743 9710037 8870205 3470833 2760114 2760646 7790964 2760006 9710864 8870969 9710888 9350754 9710772 9710350 8710864 9710864 9710864 730741 8710969 8870772 2760969 7790752 8870888 8870969 8870969 3930205 3930560 9710519 9710864 9710987 2760872 730006 8710924 8710924 3470782 730212 5370741 9350006 9350006 8870924 5231002 3470833 8710924 8870414 9350741 9710864 7790752 6660560 3250371 730371 7790969 8870969 8870812 8870772 8870924 9710350 2760350 8710772 8870772 2760371 2760006 9710930 6900872 2080741 9710864 9710864 7790414 8870969 8870812 8870743 8870888 7790969 7790741 2760741 9710969 7790969 3250560 9710888 5231023 8190371 7790424 4630741 3730770 4630960 520071 3930519 910646 9710071 8710371 5230371 9710071 9710996 9710071 3700519 3700205 300996 3700422 3251007 3230560 8710205 3230996 4720741 3230924 3230741 8870812 9711007 3700205 3950560 3700969 3930212 3230770 9710575 3700888 3930857 9350888 8710743 9710414 3470857 8190519 8870743 9350964 9350880 3700741 730812 2760996 9710422 7310560 8870924 8870743 3930857 9710205 9710928 3730961 3730969 9350770 4630752 3730993 4630371 7790652 7790371 7790772 2760754 3470772 9710285 5230414 9710414 9710739 9710729 8710741 3700741 8710646 8790430 9710371 9710960 9710371 9710371 9710006 3950560 9710371 9710371 3230770 3230205 7790741 9711007 3230754 8710924 7790752 8870560 7790371 3470043 7790894 8710782 8710414 9710496 9710414 9710006 9710544 9040987 730924 730071 730422 730812 8710772 730928 3230928 8870560 4720752 9710544 7790371 8710422 9710580 9710371 7790894 3470580 7790894 2760896 7790894 2760772 2760071 2760560 2760770 2760964 3470772 8190896 8190894 3230924 9710961 3700519 8190560 3470857 3950560 3950560 7790741 7790752 3230646 3230880 3700961 3230880 3231023 3230646 9710519 2760928 8870422 8710422 9710453 3230924 3230560 3230560 9710371 3230880 9710205 3700414 9710205 3230741 910071 9710414 910560 9710414 910924
5370833 730200 731023 5370833 730857 730857 8870580 8871002 8870580 8870580 8870580 8870580 8870580 8870580 8870580 8870580 8870580 8870580 8870580 8870580 8870580 8870580 8870772 8870772 8870772 8870772 8870880 8870772 5370833 9350754 9350652 8870043 8870043 8870043 8870043 8870043 8870043 8870043 8870043 8870043 8870043 8870043 8870043 8870043 7790200 7790652 7790043 7790652 7790043 7790043 7790857 7790857 7790857 7790857 7790200 8870772 7790200 8870772 7790772 8870772 7790652 7790652 7790652 7790652 7790652 7790652 7790652 7790652 7790857 5370801 5370801 7790772 7790772 8870772 7790772 8870772 7790772 7790043 8870772 7790772 7790772 7790043 7790772 7790772 8870043 7790652 7790043 7790772 7790652 7790652 7790969 7790961 7790961 7790961 7790961 7790961 7790961 5370754 7790652 7790652 7790652 7790200 7790857 7790857 7790857 7790857 5370772 8870772 5370754 8870833 8870772 8870772 8870772 7790969 7790969 7790969 8870518 5370930 9350652 5370043 8870043 8870043 8870043 8870043 8870043 8870043 8870043 8870043 8870043 8870043 8870043 8870043 8870043 8870043 8870043 8870043 8870043 8870833 730414 5370752 730809 2760414 8870888 3470043 8870770 8870888 8870743 7790741 5370833 730754 2760754 2760754 3950888 5370754 5370743 8870870 8870870 4720888 4720743 7790770 8870043 7790888 4720743 520071 4720741 7790888 2760754 7790414 7790200 520743 5370770 5370960 5370960 7790870 5370741 5370924 5370071 5370833 2760754 5370754 2760754 4720772 4720772 2761007 7791007 4720743 4720772 4720964 4720888 8190772 5370754 5370043 5370043 5370043 5370888 7790870 5370043 5370071 7790200 7790870 7790043 7790043 7790043 7790043 7790964 7790741 7790888 7790043 7790043 7790043 7790043 7790752 7790043 7790888 7790741 7790770 3700880 9710857 3730504 4630638 8190857 8190857 8190857 3470857 8190942 9710350 9710961 3700864 9711002 230920 3730812 3730006 3730872 3730560 4630969 3730560 4630071 3730984 8190652 910857 9350880 3930560 3700857 3470961 910205 9040772 2760350 730880 2760043 2760770 2760924 230872 2760043 9710085 9710772 9710767 9710752 2760560 7790857 8190006 8870424 7790371 7790371 5230037 910371 3930770 3930043 3930043 730561 730754 4720772 7790424 8870560 7790200 8870560 8190857 7790857 9710496 8710770 9710350 5230414 3230496 9710414 3230205 3230872 9040864 9710741 9040772 7790969 250961 4750870 3950896 8710006 9710496 9711007 8710864 3230350 5231023 9710371 6900872 6900872 7790964 9710891 2760741 730961 730924 3230796 9711002 2760560 3700580 9711002
3390043 8191002 8710767 7790371 3470772 8870772 3230872 5370960 2761007 3230006 2761007 3230519 3471007 2760580 2760205 5370071 250969 2760969 9350304 9710422 3230496 2760371 3470580 7790424 2760006 3471023 910200 9710519 730646 8190770 8710930 4720888 3230519 3230006 3700519 5230422 3700519 9710519 910924 2760504 9710043 2760580 9710422 2760043 730743 7790741 3250371 7790371 7790424 1760973 2760646 7790519 7790200 910200 4720200 4720200 3230924 8710043 730812 3230414 2760371 230809 2760414 2760043 9710466 8190160 8190857 7790857 8190071 7790888 7790857 2760646 7790200 4720772 8190466 5370741 730043 730928 730646 8870414 3700752 5370282 251007 9350687 9350880 3930519 9350516 8870888 8190519 8190857 3730006 4630371 5370071 5370770 5230466 3230920 3730006 3730071 4630071 3730993 8190857 730767 3230770 3470772 3930772 7790772 5370741 3230772 4720857 9710422 5370770 3731007 3730898 3730646 3730646 4630752 4630752 8190913 9350741 9710864 910857 3230969 5230646 2760969 5370772 5370770 5370960 2761007 9711007 4720752 8870969 730961 3230772 5370743 3230924 5371007 3230772 3231023 3230812 3230772 4720371 3230006 3230920 3230560 911007 4720741 3471007 7790424 4630580 9350880 8190857 9350743 8190913 8190371 8190560 8190913 5370743 4720200 5370752 5371007 8190961 3230772 9350961 9350772 8190913 8190772 8191007 8190560 8190857 3700857 8190857 9710857 8190770 3470857 8190772 3231023 5370924 5370160 9710930 9350770 9350754 6660857 9350880 730857 9350880 5370743 5370964 7790752 5370043 2760071 8190772 7790857 4720772 3230772 7791007 4720772 4630200 1030993 5370754 250043 5370960 2760071 5370888 9710782 3470987 730857 8870772 730857 3930772 9350160 9350160 9350212 730561 730857 730880 8870414 5370964 1760973 4630200 3730241 8870043 7790560 8191007 730857 9350754 9350743 730741 730770 730964 2760772 231023 8600857 2760930 2760772 7790770 7790857 2760952 9710930 7790857 2760772 7790857 3470857 8711023 7790857 730857 730857 730888 4720043 8710930 910071 910741 910371 3230872 8710466 5370071 2760888 230767 730772 7790424 7791007 7790829 7791007 7790424 5370924 8190969 3700857 9350519 8190519 8190519 2760770 9040857 7790857 8190560 8190772 8190160 5370772 8190519 8190519 8190371 9350743 2760770 2760350 3470772 8190767 7790857 4720857 8190772 4720857 7790857 8190857 4630200 4630772 250200 7790200 3470870 8190913 5370071 9350888 8190772 8870743 8190371 9350872 5370741 9350519 3230796 3700519 9350924 910857 910924 3930857 8190969 9350752 6660857 730205 5370741 5370741 8190071 7790857 5370752 8190920 8190857 5370964 8190652 2760580 2760770 8710646 2760872 2760114 2760071 5370043 3730043 3730920 3731002 8190652 5370687 5370043 8190519 7790857 2760687 2760043 230920 2760043 2760888 2760043 3470043 2760043 2760043 5370043 7790888 7790894 3471023 7790371 3700519 3700200 9350006 3930212 3930414 730144 8870969 9710969 7790560 8190857 8190969 8190414 910371 730371 730969 730857 2760580 2760580 730580 9710466 8190580 2760580 7790888 9710519 2760888 2760743 3230519 731007 730741 5370924 730743 9710519 2760373 3700752 9350872 5370752 2760504 730364 2760043 230767 2760043 2760043 2760043 2760646
8870870 2760870 8870870 7790870 2760928 2760870 3470870 9710767 8870870 3950896 2760176 2760743 3390071 9710920 9710920 9350961 520961 520969 910646 520071 3950960 730880 5370772 8870833 8870870 7790424 8870942 7790371 730872 730350 730646 8870043 8870888 730924 730754 730729 730646 8870772 8870424 8870770 9710496 7790924 3471023 8870924 3390371 4720200 730282 910200 730961 730961 730754 8870743 911007 8870969 7790519 2570519 2570519 2570519 2570519 9350519 5370519 5371007 730544 7790200 4720969 730857 7790200 8870969 910969 4720969 730519 8870772 4720772 2760880 2760422 251002 730519 730228 910364 5371002 730646 730872 8870969 4720969 7790519 3700888 9040870 7790519 3470870 8190920 7090973 730754 9040772 7790144 8190767 3390752 2760924 250519 2760519 3700870 7790519 7790969 5371002 730961 730961 910580 4040200 4040200 4720969 5370282 730857 5370930 5371002 730646 8870560 3950896 2760519 2760812 8550519 730228 5371002 730646 910580 8870969 7790969 8870772 7790371 7790200 2761002 7790870 5371002 7790519 8870880 7790969 7790969 3230872 3230872 8870580 8870942 8550580 911007 4720961 911007 910741 8870924 4720772 5370282 730969 730961 5371002 7791007 5370741 7790424 7790371 3950960 8870969 9350754 730205 2760205 2760205 251007 2760560 3470870 520741 3950960 250519 2760880 2760560 2760880 8870770 9350519 910741 730772 730888 520071 7790969 8870743 5371002 730200 6770160 5370960 5371007 4720857 4040200 2760646 2760519 9350880 3700205 7790560 8550857 8190519 8190920 2760652 7790888 2760754 2760754 7090857 9710496 9350772 8870772
null
4880973 4880973 4630200 3470006 2080770
5371023 1030282 7310646 250969 1030043 7790200
5370419 5370519 9350930 7790937 250200 1030765
null
7790937
7790729 250519
5370419 4720363 4990930 5370404 5370960 250200 5370043 1030043 250043 3390043 4040200 5371002 5370841 5370841 5371002 7790961 5370841 9350729 250580 8870870 2760961 5370974 250200 5370841 8870969 8870969 5370960
5370841 7790200 5370841 9350564 3951002 7790937 5370282 7311002 5371002 251007 5370859 730961 4720969 250969 7790937 5370841 250043 8870969 5371002 5370282 7790857 5370841 8870969 730857 7790969 4040200 1031002 7311002 9350961 5370841
null
3951002 5370833 5371023 5370801 1030984 5370200 730200 7790969 1030282 5370841 250961 7790937 8870043 7790961 9350564 5370841 5371002 4720363 9350937 5370481 5370282 250200 5370043 3951002 1030993 5370544 5370043 7790200 3951002 5370200 3951002 9350928 5371002 730937 5370519 9350601 7980973 4040200 5370930 731023 5370859 5370571
250961
4630969
null
null
null
null
5371007 5370419 5371007 3951002 251007 3951002
null
7790937 5371023 4630386 5370481 5371023 5371023
null
8870414 250200 1760973 4630386 4630200 4630200 1030292 1030292 1031010 1030292 1031002 4880973 1031002 1030857 1030969 1030292 1030200 1030292 1030292 4880973 1030292 1030282 1030292 1030638 1030292 1030857 1030969 1030292 1030282 1030857 1030282 1030292 1030282 1030282 4630200 1030282 1030282 5371023 3951002 4040200
null
null
5370043 250200 1030984 5371023 1030292 1030984 1030857 1030292 1031010 1030292 1030292 1030292 1030292 1031010 1030928 1030857 1030043 1030200 1030282 1030638 1030292 1030638 1030282 1030857 1030292 1030857 1030043 1031010 1031010 1031010 1030043 1030857 1031010 1030961 1030984 3731023 1030043 4630200 4630200 5370974 250969 3951002 910200 8870969 250961 250043
null
3951002
null
251002 251002
5370841 7790857
null
251002 7790969 4630386 4630386 1760973 1030282 4630200 1030282 1030961 1030292 1030043 1030282 4630200 1030961 4630200 5371023 1030993 520857 5370200 5370544 5370404 7790969 7790969
null
null
7790519 7790937
7790200 7790200 7790200 5370481 1030292 5370544 5370544 3951002 5370519 8870870 3951002 5370519 3731002 5370481 4630969 6770857 3951002 250200 250969
8190969 6660930 250580 5370841
null
7311002 5370964 5370741 7790969 9350961
4880973 7311002 7311002 7311002 5370200 730857 9350560 8870424 6661007 5370770 730752 7790200 7790937 7980973 5370481 250580 5370043 8190961 250200 250200 5370371 4990928 8190961 8190961 8870870 9350928 5370282 8870888 5370371 5370200 7311002 5370200 4040200 8870424 730928 4610973 7311002 7980973 5370930 3951002 250580 251007 3950960 4720363 730363 7310200 9350200 4990857 9351023 8870772 7790519
5370481 8870969 8870969 5370419 5370200 7980973 6770857 9350937 9350519 9350913 8190913 250969 5370200 9350519 4720200 4630386 5370544 7790200 7790200 250580 7311002 251002 7790519 7790200 7310994 7311002 9351023 5370043
5371023 5371023 4630580 1760973 4630200 4630043
4040200 1030993 4630930 4040200 4040200 3390043 1030961 4720363 5371023 4040200 1030282 4040200 5370043 1030765 5370282 3250891
251002 5370974 3390043 5370754
1030993 5370481 5371023 5370481 5370282 251002 250200 1030043 1030984
3951002
4631007
7790043 4750870 3951002
null
null
null
4630930 3951002 3951002 251002
null
null
8870772 5370544
5370772 7790961 251002 4040200 250043 250200 3951002 250961 250961 7790200
7790200 3951002 5370043 3951002 5370519 5370481 8190371 7311002 5370282 7790200
4720969
null
1030292 5371023 5371023 3390043 1030292 5371023 1030043 1030282 1030282 1030857 1031002 1030961 1030984 1030829 5370200 5370419 7980973 5370877
251002 250200 1030282 5371007 5370282 4720200 3950960
1031002 3950960 5370519 7790870
3951002 250043 3950960 250200 5370930 7790969 251002 3951002 5370481 5370481
5371023 251002 5370544 4630282 5370974 5370544 4630200 1030969 1030984 1030969 5371023 1030043 5370974 5371023 5370841 250200 5371023 5370974 250200 4630386 5371023 5371023 1030282 5370974 5371023 5370200 5370544 4630386 7790961 5371007 7980973 5371007 4630829 3731002 1030282 1030961 4630200 1030292 1030969 1030282 1030292 1030043 1030282 1031002 1030282 5370481 1030292 5370200 5370481 1031002 1031002 1030282 1031002 1030282 1030282 7980973 1030984 7980973 250200 1030282 1030282 1030993 7980973 1031002 1030282 1030857 1030969 1031007 6770857 1030292 7310646 7310646 1030282 6770857 7310969 1030928 5370200 7980973 5370200 9350913 250200 5370200 5370544 250200 5370974 9350200 7310646 3730928 7980973 9350519 250200 1030282 5371023 250200
null
3951002 4040200 250961 7311002 5370419 5370404 9350601 9350729 9350601 251002 6770857 8870888 3250891 5370043 251002 1031002 250969 8871002 3951002 7790729 730857 5370481 5370282 1030282 5370282
null
null
250519 4750870 7790857
null
null
null
7790200 3951002 5371023 251002
251002 7790857
3730891 1760973 3730404 3731002 8190857 3730564 3730765 3730928 1760973 3730241 1030282 3730519 7310430 3731002 3730241 3731002 6351023 3730419 3730296 3730404 3730228 3730601 3730941 3730229 3730114 6760973 3730601 3730404 1030282 3730601 3730601 3730981 7980973 3730601 3731002 3730829 4630200 3730404 3731002 3730891 8190404 3730891 1760973 5370877 1760973 7980973 3731023 8190857 7980601 3730363 7980973 3730404 3730601 6760857 3730765 1030282 3730241 8190404 3730601 6760481 3731002 3730241 1760973 3730829 3730004 3730519 3730404 6760646 3730646 1760973 3730241 7980601 3730700 4630200 7310669 3730981 3730928 3730241 3730419 3730564 7980973 3730519 3731002 3730519 3730877 5370404 7980973 3730519 1760973 3730114 3730241 1030829 3730296 8190700 7310601 3730241 3730841 8190700 3730928 6760296 1760973 7310765 3730700 7980973 3731002 3730404 3730765 8190857 3730241 3730765 3730519 3730404 3730177 6761023 7980973 3730974 3731002 5370829 3730404 3730241 7980601 3730928 3730241 3730969 3731023 6760177 1760973 3730829 3730829 7310765 6760481 3730519 3730200 3730974 3730363 3731002 9350601 7310959 3730974 6760942 3730765 3730601 1760973 3730404 3730419 3730700 3730241 3730200 7310601 3730386 3730829 3730404 3730114 7310646 3730765 3730841 6761023 3730928 1030829 3730981 3730229 3730419 3730241 1030638 3730829 3731002 7980973 1030993 6760857 3730241 7310564 3730363 7310564 1760973 3730519 3730004 6350601 1760973 3730229 6350857 3730941 3731002 6760177 3730228 3730419 3730891 3730229 6760857 7310646 3730829 3730700 3731002 1760973 1030993 6760601 1760973 3730386 3730700 3730941 3730419 3731002 3730765 6760942 1760973 3730404 7310646 3730981 3731002 3730877 3731002 8190857 5370877 3730941 8190857 7310404 1760973 3730241 3730700 3730646 1030877 6760481 1760973 3730114 3730601 3730404 7310646 3730981 3730765 3730519 6760765 3730877 3730519 6760765 3730928 3731002 8190200 7310564 3730241 6761023 3730765 6760973 3730920 8190200 3730004 3730241 8190700 3730363 7980973 4630371 3730404 3730601 3730580 3730765 8190200 3730700 3731002 6760601 3730974 3730765 3730928 3730942 5370829 6760857 3730974 3730004 7310601 3730114 3730241 3730941 3730969 3730419 7980973 6350857 3730241 6760857 6760601 3730928 3730833 8190829 7310564 3730114 3730601 3730519 3730765 5370829 3730877 3730993 8190829 7980973 3730601 4630386 6760942 3730241 3730829 3730296 7310765 7980973 3730752 9350924 6350857 3730564 5370829 3731002 7310741 7310404 7770857 3730841 3730928 7310430 3730928 6760857 3730177 6760857 6350857 7310601 4990857 7310765 3730004 3730404 3730430 3730404 7770857 3731023 3731002 3730941 3730646 7310646 3730430 3730200 7310430 3730942 3731023 6761023 3730200 3730200 3730241 3730519 5370829 3730404 8190200 6351023 3730928 7980973 3730765 3730601 8190857 3730177 3730765 3730829 5370829 3730580 6760646 3730363 6351023 7980601 3730519 3730891 3730877 3730114 3730430 7980973 1030829 3730601 5370571 3730829 3730004 1030928 3730177 5370752 3730229 3730829 3730241 8190371 6761023 3730404 3730601 8190857 3730419 3730229 3730877 4630200 7310601 5370571 3730404 3730928 1760973 6761023 3730419 3730928 3730241 3730564 3730241 3730829 3730404 7980973 3730928 3730177 3730700 3730386 3730114 3730200 3730266 3730241 3730700 1030765 3730519 3730114 3730891 3730928 3730430 6350857 3730942 6760857 7310371 6660857 3730266 7310669 3730993 6761023 7310430 3730942 7310959 3730877 7310959 6760601 3730928 7310646 7310601 7310564 3730200 3730386 7310646 7310841 7310601 1030282 6760857 7310693 7770857 7310646 7310891 3730519 7310004 5370571 7310994 7980973 3731002 3731002 7980404 3730386 3730829 6760857 3730601 3731002 3730241 3731002 3730928 7310765 3730700 3730241 8190419 3730519 7310924 7310601 3730404 3730229 3730829 3730241 7310646 6760857 3730928 7310669 3730942 7310700 3730564 3731007 3730961 7980973 6760857 7310669 3731002 7770857 3731002 1760973 5370200 3730241 7310646 3730765 3730829 4630200 3730419 3730601 3730404 3730928 1760973 3730114 3730229 3730829 5370404 3730601 7310601 6350857 5370200 7980601 3730969 7310200 7310564 7310404 3730877 6760973 3730404 1760973 3730841 3730941 3730829 3730564 3730404 6350857 8190877 3730404 3730519 8190404 3730422 3730601 3730404 7310829 3730928 3730765 1760973 3730404 7980973 3730601
6990481 9350516 8870870 251007 6770857 7310942 5370200 5370266 5370200 4630266 1030404 3730974 3730974 3730200 4630200 4630200 3730601 8190700 5110004 10110857 4720857 4610973 7310942 7310891 5370200 6760177 5370200 7310430 3730969 3730841 9350601 8190404 1030765 8190404 8190913 7310571 6770857 7310560 2760200 8190481 7310646 3730241 3730177 3730404 3730601 3730974 3730404 3730241 3730519 8190404 6040857 8190829 8190652 3730601 4630266 3730961 8190829 8190419 8190404 3730969 3730114 3730601 8190829 8190961 9040857 7310200 7310937 7310430 6770857 7310994 1030993 7310942 8190652 7980973 7310969 3730386 8190700 8190700 8190857 8190700 3230371 7310765 7310693 1030404 7310669 3730969 7310430 3730969 3730877 3730241 6760765 8190700 8190404 8190564 3700200 4610973 4610973 3730765 3730241 3731002 3730961 3730700 8190404 8190829 8870743 2370973 3730981 3731002 7980973 6760646 8190857 5370877 9350993 8190687 7311002 7310571 7310200 7310829 3731023 3730829 3730928 9350652 4630829 8191023 8190942 8190880 7310200 7310004 7310765 7310969 7310601 3730519 6760601 6350857 7980601 7310646 1030419 1030928 2760114 1030993 7310669 7310969 1760973 6760564 3250937 7310266 9350601 10220857 3950896
3731002 3730386 1760973 3730700 6760973 3730004 1030282 3730200 7310651 3730877 1030765 7980973 3730700 7980973 3730296 7310404 3731002 4990857 3730419 7310646 7980973 7310601 3730941 3730430 7310004 6760857 6350857 6760601 3730580 3730898 3730519 6350114 7310404 1030877 7980857 5370859 6350177 7310571 3730266 3730241 3730942 3731002 7310646 8190404 3730829 7980973 3730241 6760601 3730700 3730829 5370200 3730700 3730580 3730580 3730580 3730580 7310564 9350177 7980973 7310646 1030638 3730241 7980404 5370419 1030282 5370877 7980404 3730646 7310646 8190200 3730228 9350519 9350741 1030877 3730004 7980973 3730114 6760296 3730404 3730241 7310765 7980973 5370877 3730241 3730877 5370571 3731002 6760765 3730241 7980601 5370200 7980973 7310646 3731002 1760973 3730519 6760942 3730841 6761002 6350857 7310646 7980973 6760700 7310646 5370829 7980973 3730363 7310404 6770857 7980973 3731002 7980973 1030282 7310646 3730928 7980973 3731023 9350177 3731002 1030404 9350177 8190857 3730241 7311002 1030404 7310177 3730700 3730229 7980601 3730891 7980973 7310765 7980601 6761023 7310669 5370200 3730386 3730765 3731023 9350942 3730519 3730241 3731002 7980973 9350601 7310646 3730229 4990857 6660857 7310646 6350114 9350829 6350857 3730974 7310601 7980973 7980404 7980601 7310646 7310841 7310765 8190200 6760481 5370841 7311002 7310177 4880973 4880973 4880973 6760296 7310841 7310430 9350937 3730519 7310959 7980973 5370877 7310693 7980973 6760857 5370419 7980973 7980973 6350857 3730296 7980973 7310601 1030419 1030877 2370973 4880973 4330857 1030969 1030765 7310430 7310646 6770857 7980404 6760765 7980601 3730200 7980973 9350601 3730741 1030282 7310646 3731002 3730829 3730137 7980404 8190200 3730177 6350857 3730564 1030282 6770857 4880973 6770857 4880973 7310177 7310601 4880973 7310177 4880973 4880973 1030282 4880973 7310363 7310693 7980973 5370419 7310700 5370404 3731002 8190857 7310700 7980973 3730829 7310669 5370404 7310430 3731002 7980601 6760693 3730928 5370829 1030282 3730043 7980973 6350891 1760973 3731002 7980973 7310564 3730765 7980601 3731002 3730228 6761023 3730580 7310601 3730228 6760857 3730266 3731007 7310841 3730829 6760877 7310891 6760646 6760765 3730229 5370404 5370829 7980973 9351023 3730241 8190200 6351023 3730984 5370544 6350404 6761023 7310765 9351023 7980973 6760177 7311002 9350601 6351023 6760857 7980973 7980601 3730200 7310765 3730404 3730993 7310651 6770857 9350200 6350177 3730241 3730961 5370571 6350765 8190404 9350937 6760973 3730829 7980404 6350114 3730941 6350765 3731002 7310601 5370404 3730177 6351023 3730700 7310430 1030993 6760857 9350601 5370877 7310646 8190870 3730004 3730241 3731002 9350601 5370829 3730981 3730765 3730241 3730241 3730700 7980973 3731002 7310601 3731002 6350857 7310266 7980973 7310693 6350857 7310560 3730419 6760765 6760857 3731007 7770857 7310693 7310841 7310161 6760177 7310419 7980973 6350765 1030993 3730829 6760481 3730829 3730229 3730004 3730114 3731007 7310404 3730241 5370829 7310646 3730241 7310129 3731002 7980601 3730601 3730833 7980973 3730114 3730700
3730981 9350601 5370404 9350601 5370371 6760601 6760973 3730841 6350114 5370877 6760646 5370404 9350601 6760646 10220857 6760564 8190700 7310765 7310564 3730877 5370404 9350601 9350177 6760765 3731007 5370571 9351023 5370877 5370404 5370404 7310765 8190700 5370404 6350765 8190877 8190857 7310891 9350942 8190404 6350765 7310571 7310942 6760877 10110857 6760942 6350646 6760942 6350765 9350564 5370404 8190829 9350942 9350601 8190700 5370687 3730981 8791023 8190857 6760601 8190829 5370770 3730241 7770857 3730765 6350404 6760481 3730114 5370404 6760765 8190404 3730829 8190404 6351023 9350601 6761023 5370571 3730137 6350857 7310404 5370841 6760564 9350601 3730829 6760700 3730601 9350937 3730404 6350601 6760177 6350177 8190857 6760877 9350772 6760693 9350601 5370877 6350916 5110549 8720652 7310430 5370743 8190877 3731002 8790200 9350601 6760646 6760601 9350601 7980404 1030877 1030404 7310891 1030829 7310765 6351023 6350404 9350601 8190857 6760601 6760942 8791023 6760942 5370741 9350942 5370877 8190942 5370419 5370841 7310646 8190419 6760601 5370974 5370571 7310877 7310601 7310177 7310177 5110004 4610973 7310829 7310363 5370404 6350601 5370404 6350601 8190700 9350564 6350765 7980601 3730404 7310646 1030829 3730974 3730772 6760601 9350937 3730601 7310700 3731007 3731023 7310564 7310404 9350601 3730942 6760693 8790200 9350564 6761023 6350765 8190829 9350560 5370829 3730765 9350200 6350404 5370419 6760177 5370200 7310942 6770857 6761023 6760296 6350891 6760601 3730981 3730422 6760601 6760765 5370859 9350937 5370200 3730765 6760857 5370404 6760601 3730941 3250857 6760942 6350765 2370973 7980857 7310646 5370829 8190829 6760877 5370877 6760177 9350601 6760700 5370571 6760765 5370829 6760877 5370404 7310646 7310646 3730241 7310601 1030829 7310646 7310646 3730829 5370404 5370266 3730961 6760942 7980601 3731002 7310877 3730928 3730386 3730177 7310601 7310601 6761023 5370829 7980973 5370404 6761002 1760973 5370829 5370571 7980973 3730961 6760857 7310651 6350857 6760857 6760177 3730241 3730765 7980601 7980857 3730229 7310601 6760481 5370200 3730829 6760700 9350829 6760857 3730829 6760765 3730877 6760765 6760693 9350516 7310564 6350177 6760942 6760601 9350880 7980973 5370200 6760942 3730765 7310404 7310693 7310741 7310430 7980973 7310601 5370404 7310700 3730241 7310161 2370973 1030857 4880973 2370973 7310564 7310646 1030877 1030928 7310669 7980404 1030282 3731007 3730519 4330857
6760973 5370404 3730601 3730229 3730601 3730765 5370877 9350601 8190942 5370404 7310765 4911023 5370404 7310177 3730601 6760646 6350765 5370829 3730564 6350114 6760601 3730829 8190200 6350601 3730422 3730519 3730601 9350942 5370404 3730601 6350114 9350601 8190700 3730177 3730829 6760942 9350829 6760942 3730404 3730961 3730601 3731007 3730404 8790200 3730891 6350177 5370404 8190877 5370404 8190829 9350564 5370829 7310646 5370404 5370829 6760601 3730404 9350177 3730941 6350765 6760601 6350114 9350177 6760266 8190877 3730601 8190404 9350601 8190829 6760857 3730765 9350601 3730981 6350765 8190829 6760973 6760646 7310651 6760601 8190404 7310651 3730981 6760942 3730229 6760601 9350601 9350937 3730601 6761023 3730241 6760646 9350212 6350891 3730404 6760942 3730419 9350942 6760857 6760296 3730993 9350177 8190404 5370829 6350404 3730137 8190419 3730404 8790200 6760877 6350646 5370877 8190404 3730765 7980973 3730700 8190404 5370877 8190404 6760296 3730981 10110857 9350601 3730981 6760601 5370266 10110857 3730765 3730765 8190296 6760942 3730765 6760601 8190419 6760601 8190404 3730829 3730229 9350601 6350601 6350891 6760601 6350601 9350888 6350601 6760942 9350601 6990200 5370829 3730981 10110857 3730137 8190404 10110857 6760266 6350601 6760700 3730601 9350601 6760646 6350404 5370419 3730177 9350942 5370404 6760877 5370404 9350601 6760857 9350601 3730877 6990481 6760177 6350765 8190404 3730765 6760877 5370829 6761023 6350404 9350829 8190404 9350177 8790200 5370877 8190404 5370877 3730961 5370404 3730765 6350601 3730981 6350765 9350601 9350880 6350857 4910857 3730646 6760693 3730765 3730928 10110857 9350601 5370404 6350891 5370404 3730241 9350601 6760646 9350601 6760601 5370404 7310765 6760601 9350601 9350601 6760601 6760646 6760646 9350564 6760765 9350601 8190942 6350114 6350601 6760877 3730700 9350177 3730829 8190700 6350891 8190700 3730229 6760177 5370877 6350177 6760973 9350564 6350916 3730765 6761002 7310765 3730700 3730404 3730601 5370877 3730993 6350765 6760601 9350601 5370371 3730993 6760266 3730924 5370877 6350765 6350765 6760601 5370877 6761023 10110857 9350601 6760646 3730765 6760857 6350765 9350601 5370404 3730765 6760601 6350404 3730519 5370877 10110857 6760481 10110857 6350114 6760601 6760564 8190829 6760942 6760601 9350601 5370404 8190829 6760942 6350765 5370829 6350114 5370829 6760564 8190404 5370829 5370200 3730404 6350601 5370404 6350601 6760700 9350601 6760564 6760700 6350404 3730601 9350177 8190877 5370266 3730564 5370404 9350601 8190177 3730877 5370404 8190177 6760942 7310564 6350404 6760177 5370877 6350765 5370877 5370404 7310601 5370404 6350765 8190829 6760296 5370404 6760601 3730137 6760601 8791023 3730137 6350765 5370877 6350114 3730137 6350765 6760266 6760765 5370877 6760857 8790200 9350601 6760601 3730241 9350601 8190857 3730993 6760942 5370877 9350601 8190857 6350601 10110857 9350601 6760942 6760601 6761023 6350916 9350177 8190404 6350601 3730564 6350601 6350891 6760942 6760601 6350177 7310994 8190857 6350601 6760700 5370829 6350765 5370877 3730404 6760942 9350601 3730877 5370404 3730829 6350177 6760857 3730993 3730765 6761023 6350404 6760177 3730601 6760693 6350177 6350765 6760700 5370404 5370829 3730404 6760942 9350177 6350765 6350177 6761023 3730404 8791023 6760601 8190404 3730877 3730981 3730114 5370877 5370404 6350765 6350765 8190404 6350765 6760296 8190404
3730841 3250363 3250857 6761023 1031010 1031010 8190700 8190857 3731023 8190942 3731023 3731023 3731002 8190419 520942 520942 8790891 8790430 520942 3730891 3730601 9040857 1030282 1030765 3730700 8190829 3730870 3950960 3950960 3730241 2081023 8190857 6760973 8190741 8190857 8190404 8190857 6760973 7530857 520942 3250560 520071 7310129 8190772 3730891 8190700 8190404 520942 8190877 6990481 3731023 3730241 3730601 8190942 6350646 8790430 7790937
7310877 6660857 6760765 6660857 10080857 10110857 6760942 7310419 9350687 4990857 6660857 6760877 10110857 10110857 7980404 7310877 7310404 7310700 9350200 10110857 10080857 7310765 7310200 7310601 4990857 7310765 7310004 6760942 10220857 7310765 7310564 10220857 10080857 7310571 7310924 10110857 7310266 7940973 7310700 6660857 7310841 7310601 7310404 7310942 10110857 6660924 10080857 7310404 10220857 7310404 7310700 4990928 7310700 6350114 10110857 6760266 10080857 7310877 7310669 7310765 7310829 6660857 6760877 10080857
3250891 8190404 8870942 8190857 8190404 8190829 3730891 6990857 8190404 4630829 8190942 3250937 7770857 3700741 6990481 3730386 3731002 1760973 3250857 8190829 3730177 520942 8190700 4630282 520942 520942 8790430 3730981 3730993 8190913 8190419 3730870 8790891 3730928 3730984 8190404 8190829 6040857 8870942 6040857 8870942 8190371 6990481 8190877 3950896 6990481 3730404 8190829 8870364
7310564 7310700 7310404 7310942 10080857 7310266 7310877 7310877 6350857 5330652 7310601 7310877 7310404 7310363 7310266 7310829 7310404 7310404 7310765 7310891 8720652 7310765 7310765 7310646 7310877 10080857 7310646 7310765 7310646 7310419 7310829 7310841 7310741 7310829 7310266 7310564 7310404 7310765 7310942 7310829 7310924 7310765 9350601 7310959 7310571 7310829 10110857 7770857 7310571 7310942 7310841 7310942 7310959 7310942 7310877 10110857 7310877 7310877 10110857 7310266 7310404 7310266 7310994 7310829 7310266 7310829 7310924 7310430 7310564 10110857 7310841 7310829 7310371 7310419 7310669 7310741 7310700 7310877 7310363 7310363 7310266 7310419 7310601 7310651 7310700 7310571 7310924 7310419
8790430 3730928 3731002 3730928 8190177 3250857 520857 6990481 8190877 3730266 3730241 8190700 8190857 3731002 8190857 9040857 3730430 3730404 8190646 8870942 520071 8870942 3730829 8790430 8790430 8870829 3731023 7530857 9040857 3730430 3731023 8190741 3731002 8190942 7980973 8190700 8790891 7980973 6990200 2081023 8190404 8190404 3730200 3731023 8190752 9040857 6040857 3250371 3730646 8190700 8191002 8190646 8790430
6661007 3250877 3250560 8790430 520942 3250741 3250937 8870829 8190419 8190700 3730496 8790430 8790430 8190857 520942 3730601 8190404 3250857 520942 3250741 520942 8870924 8870942 9350601 3250363 7790937
6990200 9350652 2760652 8190296 6760942 6040857 6350916 8190404 5370404 5370571 3250891 6990200 520942 3730296 3730241 8190942 7310571 2760948 3250891 3250741 8190877 2760580 3250580 6990481 3250363 4911023 7530857 8870942 3250891 6350404 3730942 4880973 3730200 6351023 3731002 9350652 8190177 7310994 6761002 8190580 6760877 1030419 6990481 3250877 7790829 5370266 8870870 7790857 3250877 8870829 4911023 7790829 6760564 7770857 6760601 7770857 6770857 2760580 6350857 3731002 3730765 7310891 250580 3470870 9040870 8790430 520942 3250937 9350770 7790652 8190404 3731002 6351023 6761023 3730580 3730928 3250741 8870829 8870942
8190700 8190646 7530564 7940973 6770857 8190857 1030765 1030877 1030857 1030829 1030282 1030993 2760114 8190404 3950896 6990200 3730601 6760646 6990481 6760601 3730891 1030282 5371023 8190404 8190481 3250857 8190404 3730404 5370877 1030877 1030829 1030993 3730519 6350891 1030993 7980973 5370829 5370266 5370829 8190177 8190652 8190404 9350601 9350519 9350942 3730519 1030928 1031010 1030829 6760973 8190741 8190829 3730404 7940973 7310177 4880973 1030857 7310646 6760601 9350601 8190652 9350961 730200 3730765 4630266 8190200 3730700 8190700 3730241 7310200 1030419 6770857 7311002 1030829 7980973 7310646 5370841 8190877 3250857 4300519 8870942 8790430 8870924 6990481 8190741 8190404 6990481 4720363 8190942 3250857 8790891 4720741 7310601 7311002 2760404 7310419 7310765 9351023
6760296 8190404 7530857 3250857 1030857 3730765 6040857 3250857 4610973 7310601 9350961 9350601 9350564 7310700 7310161 7310877 9350829 7310404 9350729 3730419 7310161 7310646 4610973 7310959 7310404 9350743 8790200 10110857 9350601 9350743 6760693 8190877 8190770 8790200 9350888 3730419 3730700 8190942 4910857 3250857 7310601 6350765 7530857 3250857 8190877 8190404 6760765 4910857 8190564 8190829 8190877 6990200 8190829 3731002 8190942 7310601 6760700 8190829 8190404 7310419 7310404 7310693 8190829 8190829 6760877 3250891 7310404 7310651 6760693 7980973 9350601 7310404 6990200 9350601 8190404 8190700 9350601 7310693 7310601 9350564 3730829 6760877 8190404 8190371 8190877 8190404 3730877 6990200 6760177 9350564 7530857 3730765 8190404 6760601 3730981 7310959 8190752 6760942 9350601 9350942 4910857 8190404 3250857 3731002 9350829 6350891 4990857 7310877 7770857 4610973 8190961 9671023 9350601 8190877 5370877 3730829 3730700 6760857 8790200 6760601 7310404 7310419 9350564 8190896 6760601 2760404 4911023 4910857 6760646 3250857 6990857 8190700 4911023 3250857 3730601 6350916 7310404 7310161 7310177 4880973 4880973 2370973 7310177 1030877 2370973 2370973 3730974 1030404 7310266 7310994 6770857 3250857 8190404 6990200 8790891 4910857 8190404 6350601 5370404 6760942 7310601 6760693 6760601 7310177 7310564 6350646 9351023 6760857 1030829 8190942 6350404 8190829 6760266 8190942 8190829 8190942 6760646 8190700 6990481 6350114 8190877 8190404 1030404 6760296 6760481 3730229 3730241 6760266 7530857 7531023 6760601 8790891 3250857 3250857 3730877 7310564 6990857 4910857 8711023 6990857 3730177 7530564 6990200 7530857 6990200 8190700 8190564 8190404 7530857 6990200 7530857 4911023 9760200 8190404 8190564 3250857 7530857 7310942 7310924 7310363 7310669 1030404 7310601 7310564 6770857 5370877 6350404 9350601 7531023 6990481 8190942 8190877 6990481 8190829 3250877 7530857 6760877 7310601 7310669 3730229 1030419 1030829 7310129 7310129 4880973 1030638 4880973 7310601 6350177 7310601 6760266 2760114 7310430 9350601 8190700 8711023 6760857 7310765 3250857 8190564 6760857 7530857 3730229 1030829 6770857 7310177 4880973 4880973 4880973 7310161 4880973 4880973 7310161 4880973 2370973 4880973 5650857 9350942 9350937 6760601 6350404 7530857 3730765 8190942 6760266 3730229 7310669 3730229 7980973 6760646 9350519 6760177 5370752 6760177 6990200 6760765 9671023 3250857 2760404 2081023 8790200
4300857 6760973 8190419 8190404 9350601 3250857 3730229 6760857 3250857 3250857 6350601 7310646 6760177 6760973 7770857 6350177 6760564 9350601 6760942 8190419 6760877 9350942 8190404 6990481 8190404 9671023 3730829 6760601 6760266 8190877 3250363 3250857 8190296 8190404 8190877 8190829 7530857 8190752 5370266 9350564 9350601 8190404 8190942 3250857 6760564 8190419 1030829 3730877 9350601 8190419 6760564 3730177 7530857 8190404 6760693 6990200 5370877 6760693 3730601 6760973 6350765 3730137 3250857 6760601 8190404 6760693 3250363 9350601 3250857 3730229 6760877 7530857 9350601 9350564 6990481 8190700 6350891 7310564 6350891 7530857 6040857 8190404 8190829 6990200 7530857 8190700 9350564 6990481 6760877 3731002 6350404 3250857 7530564 6760646 7530857 3250857 3730877 3730296 3250857 9350601 8190877 7530857 8190404 8190894 4910857 8190404 6760646 9350601 8190564 6990857 3730601 8190857 6990857 8190829 3250857 8190829 7530857 7530857 8190404 9350829 6040857 6990481 6760601 6990481 2760754 2760754 3730519 6760700 6350765 7310601 5370266 730770 6760877 6350404 8190519 3250857 8791023 6760877 8190404 6350404 8190071 3250877 8190877 6350404 3250363 8190404 4911023 1030282 3730137 8190961 8190877 8190404 6760693 8190700 3250857 3250857 4910857 7310651 6760700 8190404 8190877 8190404 3730404 6760765 7310601 6990481 6990481 8190877 8190404 9350564 6350114 6760266 6760942 9671023 7310700 1030928 2760969 4910857 9350601 3250877 3250857 3730114 9350601 8790891 8190404 8190829 6350601 7530564 9350006 6990481 8190404 8190404 6760564 8190404 8190404 7530857 8190877 6990200 3250877 3730877 3730241 6990200 8190829 8190700 6760564 7310404 7310693 3730898 6760700 3730229 6760877 3730404 3731023 6760973 3730404 7310601 6760481 3730404 3730601 3730877 3730266 3730404 7310669 3730404 3730974 7310601 3730891 6350857 3730519 3730241 3730241 7310404 1030765 3730700 3730241 3730404 8190877 6350114 3730296 3730404 3730229 8190200 3730765 3730877 3730229 3730241 3730981 3730765 3730601 3730266 6760601 6760857 3730993 3730601 7980973 6760857 3730765 3730241 3730114 3730601 6760564 3730601 3730241 6350857 7310601 3730564 3730404 6350765 6350891 3730419 3730942 6760857 6760857 6350891 3730419 6760942 3730601 6760564 3730404 7310669 6760601 7310601 3730404 3730765 3730241 3730601 3730241 6760481 6760877 7310129 3730114 6760877 3730241 6760942 6760177 3730601 6760765 6351023 3730765 3730877 3730765 3730877 3730371 7310646 6350601 6760857 6350114 5370770 6350601 7310564 8190857 6350601 6760857 3730601 6350891 7310430 6760700 8190564 3730601 6760942 6350177 3730114 6350857 3730564 10110857 6350857 6760564 3730601 3730700 3730765 6760857 6760765 6760857 8190857
8190857 8190419 3730981 3731002 7310430 7310693 1030282 1030829 7310891 7310177 1030419 1030877 1030857 7310651 1030404 7310891 2370973 1030200 2370973 1030877 6761023 3730229 6760646 8190404 6760700 8190877 8190404 8190404 9350601 8190404 8190177 6760877 1030857 4880973 7980973 7310564 7310129 1030829 1030877 7310129 1030829 2370973 1030638 7310564 4880973 4880973 4880973 7310161 1030282 4880973 1030419 1030877 3730765 6760942 6760601 8190404 9350601 8190404 4910857 8190404 8190857 3250937 8190829 8190857 4910857 8190404 8190404 8190857 4911023 6760564 2370973 6760564 3730229 7980601 1031010 3730177 7310669 3730404 2370973 7310200 7310564 1030404 7310177 7310129 1030829 5370877 5370877 8190404 8791023 8190404 6990481 8190877 8190404 6350114 4911023 8190942 3251007 3250877 3250857 8190700 7530857 8191007 6990200 4911023 8190700 6990857 3730564 8190404 8190404 8190687 6760877 5230857 8190404 9671023 3730419 8190404 4910857 4911023 8190404 6990200 8190404 8190829 8190564 8190829 8190700 8190404 8190700 6990481 8190700 8190857 8190404 6350646 8190700 6990481 8190829 8190877 6990481 8190177 8190877 8190857 3250857 8791023 8190877 8190404 8190419 6990200 9350601 6990200 8870414 6990200 9350564 8190404 4911023 3730229 8190857 6990200 9671023 9760200 8190877 8190404 8190829 3730241 6990481 8190829 8190877 8190961 3250877 8190404 5370829 3730981 6350765 8190296 6760266 1030993 7310651 5370829 9350888 6760693 6760177 8190942 8790200 8190942 9350601 5370404 3250857 6760646 3730829 7310994 5370829 6350114 8190404 3730200 6990857 6760857 4630282 6770857 1030877 1030404 1030419 1030877 1030829 7310177 1030200 4880973 7310177 4880973 1030877 1030404 7310177 7310601 4880973 6760942 6350765 3730601 7310601 3730765 3730580 9350601 6760942 6350765 8190829 6760857 3730229 2370973 7310177 7310564 7310651 6760296 7310177 5370877 6350404 8190829 6760942 8190404 6760601 3730404 8190877 9350177 6350177 6760877 9350177 6350404 5370829 8190404 8190857 9350741 8190404 9350961 6990481 8190857 9350601 8190404 4910857 8190942 8190877 8790891 8190942 8190404 3730877 6990481 6990481 6760765 3730229 6760296 8190404 8190942 3731002 5370404 8190942 6760877 9350601 8190877 8790200 6760601 5370404 6760177 8190829 6350765 7530857 8190404 8190404 8190404 8190857 6350601 3730114 8190700 3730601 6760564 8190404 8190419 8190942 3730404 3250857 3730941 9350601 6760646 8190404 3250857 6760177 8190942 3730404 6760877 8190877 6990481 9350177 8190877 8190404 3730229 8190404 6760601 6350404 8190829 3730877 6760646 8190829 9350601 6760646 6990200 6760266 6760266 3730601 7770857 6990481 6350765 9350601 3730114 3730419 6990857 6760942
4630386 4880973 9350729 8190580 8190700 4911023 8870942 8601023 5370752 8190700 8190770 1030877 9040857 8190913 3950960 7531023 3950960 8190942 3250857 8190829 3250937 730857 8190564 8190404 8190700 3250857 3250363 8190200 8190857 9350601 8190700 8190942 6760973 8190404 8791023 6350857 6760700 9350601 7980973 3730229 8790200 5370404 8190700 3730841 8190404 1030993 8790891 8190877 7310994 7310363 6350646 8190700 9350942 4720857 8190646 8190177 9350601 520857 8190404 9350937 4880973 5370200 9350006 7531023 3730700 8190829 9350516 8190404 8190404 8190877 5370877 5370404 8190564 8190404 3730580 8190857 8190700 9350961 8190700 6771010 8190564 6760646 8190404 8190942 9040857 8190700 5370404 8190404 3730404 4300857 8190700 8190700 6990481 9350564 8190700 3731023 4630200 8190857 8190829 8870942 8190404 6040857 3250857 8190829 8870942 8190700 1030282 3730430 4880973 8190404 5370404 3730296 8190877 9040857 3730114 8190942 8870942 8791023 3730942 8190687 730363 4911023 8190894 8190687 1030877 8791023 3250857 8190700 3250857 3250363 6760601 7530857 3250857 8190404 3730974 4911023 9350564 3250857 4911023 6760481 8190942 5370266 1030829 6760942 6760177 8190877 9350516 3730981 1760973 8190404 3730601 7530857 9350601 3730646 9040857 9350601 8190564 8190404 8190564 8190857 8190564 7530857 3250857 4911023 8190404 4880973 3730993 8190700 6990200 7530857 9350601 4880973 3730404 8190857 8190404 9671023 7770857 7940973 6760973 8190942 8190700 8190770 4911023 8190942 3250857 5370571 8190700
8190942 6760693 3250857 6990481 6990857 8190700 7530857 8190404 4990043 1030993 8190700 7530857 8190857 8190560 730937 8190419 8190942 3250857 8190646 8190877 3250857 7530857 3250857 6760564 6660857 7531023 3250857 7310942 9350560 8190564 7310841 5370829 9350006 9710857 6760700 8190404 3250363 8190419 8190404 6351023 8190687 3250857 8190829 3730765 3250891 8870942 1030765 6760601 9350601 8190404 8190687 8190877 3730177 8190564 8190687 8190942 8190404 3730229 8190404 9350601 8190404 6760266 8190700 7530857 8190404 3730430 9350937 8190700 3730601 8190404 8870829 3730646 8190700 8190700 7310700 8190857 8190700 3250857 8190700 2370973 7310363 3730564 8190829 9760857 7530857 3730841 7530857 3730241 3250857 8190877 7310601 7530857 9350937 8190404 2370973 6350857 3730564 8190687 6760765 5370829 6350601 6350177 8190700 3730752 6760857 6760601 9350870 8790200 4880973 6350404 7310891 3250877 8190896 6760177 4880973 8190961 8190200 7530857 8190913 4720200 8870942 8190700 8190700 4911023 7530857 5370841 7531023 4911023 6350765 8190404 6040857 8190404 6760646 1031010 6760481 8190877 8190942 8190896 3250857 5370200 9350772 8791023 6350646 1030857 6760700 7310741 10220857 9350687 8190829 8190942 1030857 8190877 3250857 8190877 3250857 8190877 8190700 8190896 8190700 7310430 9710891 2750857 7530857 8190700 1030928 6040857 8190404 1030877 9350942 8190404 8190700 3731002 8190404 6990857 9350516 3700857 8190752 8190741 3700200 8190812 3250857 7310161 3730004 8190877 8190404 8190646 8190071 3730981 3730646 3250363 8190700 8190942 8190942 8190404 3730601 8190829 8190877
8190404 3730177 8190564 8190687 6040857 7310651 8190404 7530857 8190404 8190857 7310765 8190404 3730877 6350646 6760973 8190700 6350765 3730419 8190404 8190646 8190942 8190857 8190857 8190700 3730229 7980973 3730228 6350891 6760973 6350857 3730765 3730404 6760857 8190857 8190700 3730877 7980973 3730877 3730870 4880973 8190419 1030282 3730700 3730177 8190404 1030404 6760646 2370973 5370160 9350564 8190700 8190404 3250891 7310646 8190752 4880973 3731002 8190700 7310994 7310601 2370973 7310161 3730200 3730419 3730241 3730241 1030282 7980973 6760601 8190857 7310994 3730404 1760973 3730941 8190857 8190404 8190200 3730200 8190404 8190877 8190857 3700857 8190857 3730941 8190700 9350937 6350601 2760043 6760564 6990481 3730241 8190752 7310829 6760765 3250857 8190404 8190829 8190877 6990481 6040857 8190687 8190877 9350601 8190877 8190404 3730404 3730137 8190404 8190829 8190700 7530857 3730229 3730266 4910857 8190857 4911023 520857 6351023 6760646 6770857 8190942 6761002 1030877 3730200 8190857 3730877 8190857 5370266 8190857 9040857 6760765 3730200 8190857 8190419 7310646 3730404 3730700 2370973 8190877 8190419 8190877 5370571 7980601 1030282 3730765 4880973 3730386 7980973 3730430 6760765 6350765 3730941 8190829 8190877 3730114 8190942 9040857 8190404 3700857 3731002 7310669 8190942 8190646 6350765 3730877 3730928 7310363 8190857 8190404 3730296 3730404 3730700 8190857 7310700 1030419 5370877 8190857 1031010 6350646 3730700 4880973 4880973 8190857 6760601 3730200 7310646 3730981 3730646 1030877 3730519 3730891 4880973 3730601 8190857 8190296 7980601 9350601 8190857 3730601 4880973 8190700 3730765 3730891 3730870 8190857 3730765 8190700 8190857 6760601 8190857 8190942 8190741 8190404 8190770 3730765 8190877 4880973 3730928 3730877 8190404 3730981 1030765 7310693 3250857 7310161 8190404 7530857 3730981 7770857 6760601 4880973 3730891 7980601 4630829 8190877 6760700 3730941 3731002 8190404 8190404 7311002 9350601 7310651 8190857 8190741 6990200 8191023 8190404 4910857 6760700 3730601 9350601 9350687 8190700 8190700 8190404 6990857 8190404 3730519 8190700 6040857 5370404 6760601 5370419 7310994 7980973 9350564 8190419 8190700 6760601 3730241 3730296 7310857 3731002 6760700 3730519 7310994 3250857 7310419 9760200 8190687 1030829 8190829 8190877 7531023 4610973 7770857 7310404 3730200 6350857 3730241
3730296 3250857 6760601 6760857 3250857 6760765 8190877 8790200 4880973 3730004 8870743 8190829 8190942 8190404 520942 4630282 8190404 8190404 7530857 8190404 8190857 5370829 3730891 8190857 8190419 9350601 7310700 8190877 8190872 8190700 5370266 8190404 8190404 8190700 8190652 9350942 6350404 8190829 8190700 7530857 6990481 7530857 7310969 4990857 6760973 7310891 7980973 4630829 7310646 3730891 3730404 7980973 3730200 1030404 4630829 8190481 1030404 3730004 5370404 3731023 3730877 3730765 3730646 4630266 6760693 1030877 7310646 4630200 3730200 3730404 3730877 3730870 3730419 3730241 3730241 6760646 7980973 1760973 6760877 6350891 8190857 4630200 3730404 3730700 3730601 7980973 6761023 7980973 3730564 3730765 3730241 3730765 3730829 3730941 3730241 8190857 6761023 3731002 8190481 3731002 3730993 1030829 6760857 3730114 6350404 1030282 9350564 3730700 3730363 7980973 6350891 8190700 3730200 4630266 3730177 9350177 6350404 1030829 3730700 3731002 7980973 6761023 9350942 3730363 9350601 3730404 8190857 7310646 3730765 1030857 7310646 3730241 3730228 8190829 4630282 9350601 6761023 3730741 6760973 3730266 7310404 7310571 7770857 3730993 6760481 8190829 6760942 6350916 6350857 6760857 7310700 6761023 6760765 3730404 3730114 3730891 8190857 5370404 3730241 8190404 4630829 3730386 8190857 3730114 6350857 4630829 8190404 3730891 4630829 6760564 3731002 8190419 8190371 3730519 1760973 7310161 4630829 8190829 6760601 8190857 6760601 7310646 3730200 8190857 8190481 6760646 3730765 3730200 8190857 6760601 8190404 4880973 3730841 4880973 7980973 7310891 3730765 8190404 9350601 3731002 3730765 3730114 3730430 7940973 5370200 3730772 3731002 3730829 6760481 3730700 3730419 4880973 6350857 6351023 3730404 6760765 3730877 8190404 8190857 6350404 6760973 6760857 8190857 8190877 3730928 8190857 8190404 8190877 8190404 3730241 8190829 8190200 3730404 6350601 9351023 3730765 8190857 8190200 8190857 5370404 8190296 8190857 9350177 8190772 8190857 6350177 6760564 3731002 3730363 6760857 7310765 6760601 8190404 8190700 8190870 3730700 1031007 7310669 3730404 3730241 6350601 3730765 5370841 8190857 3730765 3730241 3730601 3730404 8190404 3730177 3730765 9350601 6350114 8190857 5370404 8190177 8190404 8190857 250200 8190481 3730974 8190942 8190404 3730404 8190829 7980973 8190177 3730700 8190404 1760973 6760601 8190942 8190942 6350646 8190857 8190404 8190404 8190857 3730765 3730765 8190857 7310601 8190700 8190857 3730829 8190942 4630200 9350564 8190857 3730942 5370404 5370829 3730942 8190942 3730765 3730404 3730004 8190700 3730981 3730137 6760646 3730765 8190877 8190857 8190877 3730646 6350765 6350114 3730404 3730296 3730993 8190404 3730700 1030404 3731023 3730700 1031010 7980973 6761023 3730519 1030829 3730700 7980973 250200 7310651 3730564 3730519 6760601 8190857 3730928 9350601 8190404 6760177 6760564 3730993 8190481 8190404 3730200 4880973 3731023 3730601 8190404 3730137 8190404
5370841 9350752 3950896 730363 3700857 3250560 9040857 8870829 520961 7531023 4720363 3391007 3250560 3931002 3250363
7310969 7310266 3730981 7980973 7310363 8190857 4630386 5371023 5371023 5371023 1760973 7980973 1030638 7980973 4880973 1030292 7980973 1030200 1030638 1030969 7980973 1030292 1030282 251002 1030928 1760973 1030043 1031002 1031002 7311002 6660857 9350896 2760928 5110205 7310857 7310700 730857 8190687 8550519 5110205 5110371 5110004 7310765 9350601 4610973 7980973 4990857 9350516 9350371 8870424 4720200 4720969 7310700 7980973 2370973 5370571 10220857 8190580 8870580 4610973
7310129 7310419 7310430 4990857 9350687 9350560 7790200 5370687 8870424 8190404 8190205 3731002 8190200 5371023 5370841 8191007 5370841 8191023 8190857 8191002 8190857 4630386 8190857 8190857 4630200 8190857 4630772 8190857 5370841 8191023 5370544 3730200 3731023 8190857 3731002 3731002 4630200 8190700 5370859 3731002 5370571 5370841 5370519 5370841 3731023 3731002 4630200 3730974 3730941 3730646 3731002 8190857 1760973 3730700 4630829 4630200 1760973 3730969 8190772 3730646 4630200 3731002 4630200 4630200 8190857 4630200 6350857 3730114 7770857 3730422 3250857 3730993 5370896 5370741 9350812 9350743 8190687
3950896 4610973 4990928 730200 730364 910200 8870969 7310969 5110549 9350961 8870424 9350961 4990857 9350942 9350516 8870942 9350752 3950560 1031002 1030969 1030292 1030292 1030292 1030292 6350857 8190419 4720371 4720363 731007 4630004 3250580
1031010 1760973 1760973 1760973 1030292 1030638 1031010 1030292 1030292 1030292 1030292 1030282 4630200 4630200 251007 1760973 5370200 5371023 5371023 1030292 4880973 1030200 4880973 1030282 4630200 1030292 5371023 4610973 1030282 4880973 4880973 1030638 3731002 4630200 8190913 8190894 730752 8870414 8870969 730228 730580 4720580 4720580 8190404 8190404 5110004 9350829 5370974 8190700 8870942 1030857 1030043 1030961 1030404 5370519 5370519 6660857 3730841 4630200 4880973 3730241 8191023 1030292 1030857 4880973 4880973 4880973 4880973 4880973 4880973 4880973 1030282 5370481 4630200 4880973 1760973 5110004 4880973 2370973 4880973 4880973 4880973 4880973 1030043 5370200 1760973 4630772 1030292 3731023 1030638 1031010 1030969 6770857 1030292 1030292 7980857 1030928 1030292 1030638 1030282 1030282 1030282 1030282 8790200 8870942
5371002 7790729 5370841 3730700 9350601 8190404 4990928 7790200 5370266 7790829 3250857 8190700 7310205 8790200 6351023 7531023 7310266 6760857 7770857 10220857 2751023 8791023 7310161 8190942 3951002 7790200 7790200 8190700 250580 6770160 7790772 5370754 7790772 9350772 9350687 3250937 8190964 3950896 730937 251007 4040200 8190969 3471023 8190770 6270652 8430652 9350937 5370571 250961 5370519 5370544 5370974 1030969 1031002 1031007 5370974 5370841 5371023 5370974 5370266 5370200 5370200 3731002 1030993 1030200 6770857 1030282 6770857 1030282
4990928 4990928 730928 8870942 4630200 9350993 8870743 8190700 9350896 9350743 9350601 9350964 9350888 5650857 4610973 9350993 3700896 910857 4300857 5370687 2760969 5370974 5370841 250969
4880973 4630930 3730519 4630200 4631007 3731002 5370772 5370754 7980973 1030292 5370544 5370200 5370519 4630282 5370754 4880973 1030282 1030282 251007 251007 8190857 4630386 3391007 7940973 5370772 4880973 5370801 4880973 7980973 3731002 5370772 8190519 5370519 4630913 8190404 4880973 3730200 3730519 3730984 8190772 4880973 1030961 1030292 4630930 4630424 3731023 3730004 3730898 1030292 1760973 4630282 4630969 3250857 7530857 4630200 9350894 7770857 4610973 7310942 3700743 520942 6040857
8870870 7790870 4750870 4750870 2760930 7790870 7790870 3951002 4750870 251007 250961 4610973 1030282 6770160 4630930 9350652 250969 8190652 9350652 4990160 251002 7790870 2761002 250519 250519 4750870 4750870 4750870 4750870 8870870 7790870 5370200 5370544 251002 7790870 7790870 4040200 3730870 8190870 8190481 8190870 730870 7790870 4750870 4750870 730646 731023 7790870 7790870 4750870 4750870 4750870 4750870 7310994 730870 8870870 7790969 4880973 250043 5370200 8190404 251002 4750870 4750870 251002 4750870 4750870 8190870 8190652 3731002 8190652 8190652 730969 8870424 7790894 251002 7790519 7790969 7790870 3701007 3250363 3700770
8870580 8601023 4630857 7790894 6760564 8190700 8190857 3950896 7790870 2760896 4910857 4630580 3730870 1760973 8190580 6760693 7790870 8550580 3730564 3730137 3950896 5370894 9350177
6660857 3730870 3730870 3700870 9040870 9040870 3250580 3700580 3250580 4720580 3700580 9040580 3700580 9040580 8550580 3730870 9040870 1030993 250043 250043 5370894 7790896 7790601 3700870 3730870 2760948 2760948 4750870 3730870 6350857 8190857 6660930 2760741 7790652 7790652 4630913 7790043 4610973 5370930 5370043 2760176 8190870 6040857 4630913 4720961 1030282 250043 4750870 3730870 9040870 2370973 3730870 3700580 8870043 3730229 4040857 7790043 5370896 5370930 2760364 8870870 3250363 250043 3391007
1760973 4630282 5370754 4630282 4630930 4630930 4631007 4630772 7790652 4630772 4630969 3930743 3250877 3700743 8190772 8190857 8190829 2760894
4630200 4990160 9350160 8870870 7531023 3730984 9351023 4630004 3730266 3730981 8190942 5371002 5370741 7790969 8870870 8870870 251007 4040200 910363 4720969 3950960
3251007 8190942 7790601 4040200 4630857 730519 7790601 5370571 4720363 7790601 250961 5370571 7790961 4630200 7790601
3730601 3730564 4720743 4720363 3700928 5370571 5370071 3731023 7980973 3390580 8190646
