224
5370993 1030282 5370481 5370729
7310266 3250363 3230043 5370841 3250937 9350043 9350646 5370870 8190969 5370729 8190894 3730993 8190741 5370894 250969 3730200 8190973 8190973 3950960 1030928
8191023 5370200 1030765 1031002 3730898 3730404 250200 3950772 5370200 1030993 1030282 3730519 7310841 7310993 5370687 8190765 4720857 5370870 5370841 7980973 6760973 5370741 5370741 2760371 4040424 4040200 8190969 7530859
6760564 1030928 1030928 4630930 3731002 1030282 1030984 1760973 1030282 1030984 1031010 1760973 4630282 3730228 4630282 4631007 8190961 250961 5370961 8190969 7980973 8190071 6040857 6760700 4630200 4630200 4630200 4630200 4630913 4630930 7310430 1030638 1030292 1030292 1030646 1031002 1030043 1030282 1031002 5371023 2370973 3730200 4630200 1030993 250200 5370729 4630913 8870580 8871002 7790969
3930422 520969 730961 3700285 3700364 3700960 2760924 8870364 2760043 8870043 730880 8870043 8870043 730496 730646 730767 8710969 9710729 7790841 730960 730282 3930200 3930872 8870772 8870833 730809 910729 4040200 910519 910364 910519 910752 910752 910928 730364 730364 3930961 3230969 910928 910200 910741 9040961 8870282 731007 4720961 911007 731007 731007 731007 731007 3230772 730752 8871007 730646 4720961 7790961 250961 730937 250961 4720969 5370580 4720580 7790580 730646 7790580 731007 731007 731007 731007 4720772 731007 730006 730969 520371 3930646 910928 3700961 520371 250364 8870364 730364 4720961 730961 731007 731007 4720200 8871007 4720519 250519 4720519 2761007 4720961 4720200 731007 731007 731007 731007 730646 3230646 730282 730952 730496 3930646 3930924 520741 3700928 3700928 3700928 3470205 9040580 3930364 3930364 3700864 3700205 3700864 3700519 520519 910729 3930646 3930961 730282 3930200 3930961 3230872 3700364 8870364 910928 3700961 3930961 9040969 4720841 4720580 4720580 911007 3930870 3930924 3930741 3930872 910924 3930414 3930741 3230371 3230414 730741 910371 3930924 3930371 3931002 3931002 3930961 3930961 910928 9040772 4040424 4720580 910928 4720961 910928 3930872 910924 910741 910928 910741 3930961 910519 910928 910928 3700928 3700741 3700752 6660741 2760928 910364 250364 730646 3931002 3930043 730969 730282 910928 910519 910928 910928 4720969 910519 3930386 3930519 3930371 910928 3931023 730961 730961 910371 3700961 4720961 910928 9040969 910928 910928 910371 910772 910729 910741 910928 910928 910928 3700560 3250560 3700961 3700961 3930961 3930646 910928 910741 910928 9040961 910928 3930961 3930961 910928 4040200 3230646 4720544 3230646 4040200 3230928 3700205 8870741 520741 731007 731007 731007 731007 731007 730920 5370888 7790937 730937 730928 730928 3930961 3931002 3930770 3700888 3700770 4720841 3230969
730228 8871007 4720969 4720961 4720741 731007 730754 4720200 4720519 9040580 9040580 9040580 910928 730282 8870282 3931002 3930741 3930205 3700205 8870205 910741 520071 910928 8870364 730580 730580 731007 730752 4720841 8870424 730228 730752 730043 730363 7790580 730937 730496 2760043 2760987 8870580 2761002 7790888 2760743 7790519 7790841 7790937 7790580 9040961 910928 9040961 3700961 3930961 3930961 3930961 3930961 910928 910928 910928 910729 910200 3930961 3700961 910928 3930646 910928 3930961 3930646 910928 3930646 910928 910937 9040969 3930812 3700739 8870364 8870364 4720544 3230646 731007 3230924 3230872 4720544 910937 3930961 3930812 3930646 3930646 910928 3700928 8870282 8870424 9040870 730282 4720741 4040424 9040961 3700752 3700928 3700928 9040961 2570580 3930872 3930646 3700741 520741 520969 3930560 910928 910928 910371 910928 4720200 4720544 4720580 730752 4720363 3700752 250364 4040424 910928 3930646 3930560 3930646 520741 910928 910741 3930961 910544 731007 4720544 4720841 4040424 3700928 4720580 4720580 4720961
520371 520371 730363 910519 730961 730961 3930870 910364 250364 910729 910969 910937 3930770 910928 910928 910928 910729 910928 2760870 2760580 730519 730364 730646 8871007 4720519 4720841 9040961 7790829 9040961 2760580 730363 4720519 4720544 3700928 910729 3930961 910200 730969 8871007 3230646 910928 9040961 8870880 7790937 8870364 4720961 4720363 4720544 4720841 3230872 910741 3930961 3930961 3230205 3230205 910928 3930961 3230969 7790580 730364 730364 910519 3930870 520071 730364 730961 4040200 3230928 730928 3230205 3230969 730928 730364 8871007 8871007 7790519 730519 730519 3930205 3930205 3930646 3700205 3700212 3700928 9040870 3930386 3930364 3930364 8870870 250969 730580 2760580 730364 730363 3700870 3700870 3700870 9040870 3930961 910928 3230969 730961 730961 730937 730228 5370993 730364 910729 3930364 910729 910200 3930961 3930519 3930961 3930519 910364 910364 250580 250519 250580 4750870 730212 730872 3230560 3230043 8870580 3950870 4750870 4750870 3230205 910928 3930961 910928 910928 910937 9040961 3930646 2760364 2760580 730924 730282 8870364 8870364 730364 730364 2760580 2760364 2760580 2760364 2760580 8870364 3931002 3931023 3930212 3700519 730928 730961 730646 730364 730580 8870580 8870580 4720580 520969 3700928 3230928 4040424 910364
8870364 8870364 3930364 3700364 3700741 3930364 730364 730961 910924 8870741 3230646 3930364 3930364 3700364 3700961 910928 910200 910752 910928 910729 3700961 730580 730364 730043 730580 730928 730363 730928 730741 730282 730937 3230969 3930364 3930364 3930364 3930364 3950870 3930646 3700928 3700928 8870282 4720961 4720363 730282 3931023 3931002 910729 3930646 250364 250364 250364 3700364 3930364 3700364 3700364 3700364 250364 250364 3930364 3700364 3700364 911007 3930961 910364 3230969 3930961 3930364 3930364 3700961 910205 3930961 3700961 3930646 910928 9040961 3930961 910560 910371 910043 8870282 911007 3930961 520969 910928 910928 3930880 3930646 8870043 3950729 730364 730364 4720363 730928 8870282 911007 3230969 3700741 3930872 3700741 3700928 2570580 7790969 8870580 2570580 910580 3930961 910928 910928 910928 9040969 910200 3930961 3930961 3930961 3930961 910928 3930872 910741 910928 3930646 3930961 3930961 910928 4040424 3930961 3930646 520969 520969 3700870 3700560 9040969 3930560 730363 730282 730580 730228 730228 730937 730948 3230646 910580 3930961 3930646 4040200 7790371 7790043 4720961 9710739 9710891 9710285 231023 2760942 2760043 2760770 8190043 7790857 3950772 8710770 3700770 9710752 3950960 3930870 8710864 9710770 910937 8710928 3930770 9710923 3700960 2760687 230767 8710285 7790770
8710519 2760961 8710872 2760364 2760364 2760404 2760404 2760114 230920 2760516 8190687 6040857 3250580 3930864 9710767 3930770 9350729 9710729 731007 3930924 3700414 3930741 230920 2760176 2760580 4720741 8710043 9710085 9710752 7790894 8710920 3470504 4630829 910752 730363 230350 3230560 3930857 9710857 910857 8790857 3470752 8710414 910364 7790894 7790888 6040857 8710519 2760071 9710770 9710741 8710371 8710752 730687 2760071 9710414 3250363 3471023 7790516 2760114 2760404 2760114 2760114 2760404 3700870 2080580 6660969 6660880 5230205 5230519 3250560
3930371 3930864 3930386 910928 520969 520071 910371 910969 3930870 910928 3930364 9350729 9350913 4040424 4720544 4720544 4720961 8870364 4040200 4040424 4040424 730519 730364 2760961 4720519 7790743 910519 4720519 910364 910200 910364 910364 250961 250969 250961 250969 250969 8870364 3930519 3930364 910364 3930364 910364 3930386 3930364 3930371 3931023 3930386 3930870 8870870 3930870 3700870 9350071 8870870 3230924 3230371 730364 2760969 730364 3930772 3700772 3700772 520071 910729 3930646 9710729 910544 8870043 8870043 730646 730371 3230646 730071 730282 730969 910200 910200 910519 910519 910200 8870364 730364 4720519 730364 4720544 731007 4720841 3930961 3230646 910928 3930872 3930961 910928 3230969 910371 3230969 3930961 3930864 910200 910544 4720961 910200 910741 3930961 910544 910729 910200 910729 910937 4720961 4720961 910928 3230969 730961 730928 730961 730969 910772 8870043 910937 3930961 3930772 3931002 3931023 8870282 3931002 910729 3931002 910729 910729 4720961 910969 4040424 9040961 3230969 910928 3930961 910364 3930961 730969 910371 910544 730961 911007 730364 3930961 910772 910772 910772 730961 910772 730754 910772 8870772 8870772 9040772 8870772 7790969 8870772 8870772 7790961 7790913 8870772 7790841 7790519 520969 3930770 3700928 910928 3930961 3930961 3930200 3931023 3930961 910928 910969 4040200 9040969 230809 2760924 520969 3230969 3230969 910928 3931023 3930043 730969 730969 3930961 910752 3930961 910729 910928 910043 3930646 3930205 3930812 520969 3930646 910928 9040961
9710767 3700960 9710006 4720741 8710414 9710743 3700414 9710285 3700364 3700414 9710414 9711007 9710006 2760741 3930364 9710752 8710770 3700770 3700870 9710870 8710770 9710770 9710770 9710752 3700770 7530564 3230646 9710864 8190859 7790937 9710888 9710519 8710770 3930880 2760516 9710864 3700870 9710743 5230414 3470422 9710770
9710752 7790687 9710071 9710770 9710920 6990857 8190564 3230996 9710870 3700770 9040870 9710071 3470200 8190888 2760687 9040961 3470924 4910200 8190896 6990857 8190496 6040857 8190687 9710371 9710833 8190071 9710924 3471023 2760896 2760580 2760580 2760404 2760404 2760580 2760404 2760071 2760741 9710770 7530564 3470987 8710519 9710519 9710519 910741 3930924 520071 520741 3470752 2760770 7790519 2760404 2760752 2760404 3230646 3230772 3930772 3930772 3700772 8870772 3700772 2760364 3730993 9350043 910752 3700364 730937 731007 730870 730870 730870 731023 730580 2760580 730960 730580 731007 730961 730870 4720961 730928 910928 4040200 3230969 910371 3230872 910741 910772 910544 2760870 2761023 2760646 4750870 4750870 3700071 3700888 3700772 3700071 3700743 2760364 8870364 250364 7790519 2760364 250519 250519 7790519 7790580 6660580 730519 7790580 730646 7790580 2760580 730928 8870580 8870580 7790841
4300857 8190752 3700924 520071 2080772 8190516 3250857 9710285 8710729 9710350 3700960 9710422 9710519 3930770 9710371 3730752 8190741 8190571 9040857 2760752 2760942 5230969 8190880 7790687 9710923 9710741 8710770 7530580 8710920 2760496 2760770 2761007 2760942 230767 9710200 730071 230414 9710519 5230519 3930519 3930364 6350601 8190859 910560 2760580 730580 8710646 9710767 3390743 2761023 7790829 8710504 9710519 2760752 7790743 2760114 2760404 8710519 730496 9710767 910519 8710519 2760960 2760770 7790841 3230770 9710580 3471023
2760942 3930961 3930364 910928 910371 910519 3930364 910364 3930386 3930364 3930646 3930519 3930519 3700205 910928 3931002 910200 730961 911007 5370993 2760364 730364 2760948 8870364 8870364 8870580 8870580 2760364 2760364 2760364 2760580 2760043 2760580 2760580 2760364 910928 910205 3230646 3930200 3930386 3930864 3930364 9040969 4720961 9040043 9040969 3950772 8870772 3230969 3230969 3930870 3931023 910928 520371 3930870 3700928 3930646 3930864 3930961 910928 3930880 3930961 730969 910205 910200 3230969 3931023 3930646 3930646 910928 8870518 8870424 730071 910937 3931023 3930646 3930924 520371 3930646 8871007 4720544 730646 7790580 8870580 3930961 730961 730961 730961 911007 4720961 250961 8871007 3950960 7790519 8870580 8870580 3930961 3700961 3930961 3930961 3930772 3930646 3930560 910928 910969 910969 3930772 910544 3930961 911007 911007 910544 4720961 4720961 4040424 4040424 8870282 7790969 910928 3930646 3700772 730961 3931002 730371 730371 731007 3230872 3230872 910364 910969 3930371 3930741 3930961 3930772 3931002 8870282 3930772 3931023 3930212 3931002 3931002 3930646 520371 3930646 520969 910729 3930646 910729 910928 3930961 910200 3230969 730228 730928 8870580 8871007 730228 910924 3700796 3930212 4040200 730544 8871007 8871007 3950729 910200 3230969 3230969 3230969 3230969 3930371 3930961 3230969 910924 3930961 910924 3930870 3930924 3930646 3930961 3930924 3930961 910924 3930646 910969 3930646 3930961 3930961 3230205 3230205 730043 730580 4720200 730646 8870580 730928 4720961 730200 8871007 911007 3230646 4720961 4720841 4720841
2760043 8870364 7790580 7790870 3230928 3230371 730961 3930961 910928 8870282 4720363 911007 730961 730969 730646 3930386 3930200 3930519 3930812 3930646 3930872 3230969 3930961 3700961 910371 730937 730043 8870580 730363 730043 730948 730741 730948 730006 730969 910043 910741 3930864 910928 3930043 910928 911007 250969 910969 910969 910928 3930961 910928 4040424 910937 3930961 910205 3700961 9040961 910969 910937 910928 3230043 910043 3230043 730544 730928 730961 8870282 3930646 520969 910937 3930961 910928 3930646 3930961 3930414 910200 3930961 910544 7790729 3950043 8870043 3931023 910544 4040200 8870870 9040969 4040200 2760043 2760043 730964 730961 730870 3230969 3930646 730752 3730928 3730928 3730241 8190801 3950729 910969 4040424 910071 910544 3930961 910071 3930646 910937 8870364 4040200 910928 3700928 3700928 3930646 911007 910580 9040969 4040424 3230928 3930961 8871007 4720200 8870043 730920 4720544 4720969 250580 730928 730496 8870580 7790743 3230646 730071 8870580 730928 8870580 730043 2761002 2760043 7790888 7790937 3700519 8870580 730580 730580 3700043 730371 3230872 4720363 4720961 8870580 730960 8870580 730928 910580 4720544 7790580 911007 4720969 911007 910544 9040961 3930961 3230928 3930961 910928 8870364 730961 3930646 3930519 910544 910580 730580 910580 910043 7790937 910580 7790580 730960 910043 910928 3930646 3930961 910560 3930961 3930961 910928 3930961 910928 3930646 910200 910928 910969 910371 910928 911007 730961 910043 4720969 4720363 8870580 8870580 2570580 7790937 7790580 8870870 8870364 8870043 2760580 730961 730646 730969 7790961 730969 730969 910928 3930646 3930812 911007 911007 730282 730282 730544 730937 730646 731007 730969 4040200 910937 910928 910969 910969 910928 3930560
3700770 3470752 8190888 4630928 4630829 8190752 8190942 9040857 9040857 3930880 8190516 8710414 8710969 8710741 9710580 3930205 300996 8710519 9710739 6350601 3930364 3930519 3930364 3930961 3930961 910200 3930961 910371 910928 910928 910928 3700961 3230969 4040200 4910200 3930961 3930961 3930961 3230969 910200 2760741 8710519 3470414 3930364 4910200 9710996 9710422 9710071 8710752 8710770 9710006 8710560 6990481 9710864 7790770 7790924 910928 3930961 910928 8870364 910364 910364 4040424 4720961 4040200 4040424 3930961 730363 730961 730364 3230646 911007 4720363 3930870 3930646 910928 3930560 3700043 3931002 3931023
2760364 230414 2080580 7790841 8710928 9710071 8710770 9710371 9710864 2760364 2760404 2760404 2760964 250519 250519 2760942 2760942 2760894 2760752 2760580 8710752 730364 2760942 9710969 9710864 2760364 2760404 8710770 3250877 8710752 8710371 520071 8190516 7530564 5230969 520071 9710743 9710952 9710770 9710580 8710580 9710519 8710519 5230969 8710752 8190752 8190770 2080857 4720857
3930043 3250877 9350700 910200 3930364 910519 4040424 3930371 3930796 730364 730580 6660561 1030419 7310177 7310693 730928 3230772 2760364 2760928 3230371 3230928 3700205 2760872 3700928 3700870 2760961 8871007 7790870 2760404 3230205 3230928 8870741 730000 3700961 6660561 9040961 3230770 3230212 9710961 910560 3250580 2760114 2760580 2761007 2760364 2760752 6350114 4720580 3230371 3931023 8870364 3930364 3930205 730961 730364 730364 730364 3230969 3230872 2760364 730364 730364 2760580 8870580 8870580 8870580 910924 3930519 910519 910519 910371 910729 3930364 3700870 3700870 3700870 3700870 910519
3700519 3700519 3700519 8870833 520519 3700519 8870833 3700519 8870364 3700519 3930796 3930880 3930519 3930880 3930519 910364 9040969 2760960 3230770 3230371 6660561 3700205 3930519 3230770 2760969 6660304 3930796 9710969 8710767 8710504 520071 3700205 3470752 2760952 230767 2760580 2760404 2760942 9710961 9710741 8710752 8710872 3470373 9710371 2760741 2760752 2760364 8711023 7790937 3470752 7530580 4630928 4630829 8190687 9710857 8190516 520857 3930857 3470752 9710960 9710729 9710888 8710969 2081023 9710200 3930371 3930870 3700364 8710928 2760897
3470752 2080770 9710519 8870833 3930519 3700519 3700519 4040200 730350 3930872 3930386 6660800 6660880 3930364 3930364 3930386 3930386 3930364 3930364 3930519 3930364 3930961 3930386 3930364 910364 3930364 910364 910364 910364 910364 3930961 910364 910928 910364 910364 8870424 730729 3930870 3930386 3930386 3930212 3930646 910729 910580 520519 7790937 730937 8870580 8870580 8870580 3470200 4720961 911007 910928 910364 2760364 910364 910544 910364 8870364 3930872 3700961 3930646 8870870 910729 3930880 3930212 3930880 3930212 3930961 3930961 910580 730646 910364 910364 4720200 5371007 730646 2760580 4720363 2760580 730114 4720519 8870580 8870580 730928 730364 2760928 2760580 730519 3230969 3700961 3930364 910928 910364 250969 250364 250969 3930961 9040961 3930880 3930646 910969 910729 910928 910928 9040969 9040961 9040961 3930646 8870364 3930741 3930870 8870870 3930870 910729 3930646 3700928 8870364 3930364 3930519 3700364 6660924 2760928 2760928 2760928 8870364 730937 8870043 8870580 5370580 730580 8870580 3250580 3250580 520519
2760961 8550519 9710960 9710414 3470782 3230924 3230772 8710422 7790829 2080857 5230646 2080894 3230770 3700071 2760043 3470752 2080770 3390752 3390960 3700414 3700743 9040969 6660580 8710864 5231023 2760964 4720888 3700960 3470752 8710770 9710770 9710924 9710752 9710920 9710920 9350964 3930770 3470205 9710969 3930560 9710770 9710767 3930212 3930880 9710752 2080770 9710770 3470752 3700752 9710891 3470743 300872 9710350 3700414 9710371 9710920 8710888
8710646 4720741 3230646 3930796 9710796 2760071 9710770 3700770 2080414 3700743 3700364 3700770 9710729 2760580 3700888 9040969 9710770 8710969 910071 3930519 9710071 9710770 9710880 520071 3700880 3700414 3700285 9710928 2760741 910519 7790687 2760071 8190687 9710741 3700743 3700071 3700285 9710888 3930519 9710987 3470285 3700422 3700796 9710205 3700964 7790964 2760404 230948 3230422
3930386 2750212 3700364 8870364 3700857 3700752 3700928 3700928 3700928 8710770 3930519 910071 910364 2760969 2760364 2760743 4720772 9040772 910969 3930519 8710205 8710519 9710519 910519 2080519 910519 3930864 9710969 910560 3950960 2760516 230952 2760942 3930364 3930364 910519 3471023 910071 910519 910928 910364 3470200 3700519 3700519 3700961 8870364 730364 6661007 730364 730364 730961 3930386 3931002 3930519 3930371 3700928 3930646 3930560 910928 3930200 3930364 3930519 910928 910928 910937 910928 910928 3930519 3930205 3930519 3930364 3930364 3930364 3930519 910928 3930364 910544 910519 730364 8870364 910364 2760364 250961 250364 8870364 3930364 3930364 730200 730870 8870364 3930364 3930961 3930386 3930770 3700888 3700870 3700870 3700928 3700928 3930646 730729 730364 730364 4040200 4040200 8870518 8870282 3700928 3700928 8870364 8871007 730519 8870364 8870580 8870424 3931023 3930646 3930961 3930961 910928 3930961 250364 250364 250364 250364 250364
9710770 3470987 5370071 8190961 9710422 3250363 3730071 3731002 3730969 3731007 3731002 8190960 3730920 3731002 5370801 3930870 4720841 2760114 9710767 3470743 9710743 300872 8710928 9710770 5230969 3470743 910364 8710519 3230205 8711007 9711007 8710888 3700743 8190071 3390743 3250580 2080043 7790964 9710743 2760371 2760770 2760043 2760043 2760960 2760504 8710969 3930560 3230212 3930560 3930205 3700752 3930872 3700857 3470752 2760942 9710646 4720888 8710371 8190942 250071 731007 730752 730961 3230969
3700928 4040424 4040200 730870 7790870 7790870 2761002 4720841 520969 730282 730961 730205 730560 730961 7790969 4040200 8870364 2760928 7790580 7790580 7790937 8871007 8870741 8870282 910937 4720371 9040961 250364 2760364 250364 7790961 4040200 520969 520969 4040424 8870043 8870772 8870364 7790937 3930961 3930519 3930961 910519 910928 910928 910928 910928 3930386 520519 910928 3930646 910928 910928 3930646 910729 3930961 4720371 8871007 730928 8870144 8870144 7790519 910928 910928 910928 910928 910928 3930961 910928 3931023 3930961 910928 3930772 3930519 910928 3930961 3930870 3930646 3931023 520969 7790969 520519 7790969 910364 910364 250364 250364 250364 250364 250364 250364 250364 250364 250364 250364 3931023 3931023 3931002 910928 3930646 910928 2760364 250364 250364 250364 2760364 7790519 250519 250364 250364 3930200 3930364 910364 910519 3930519 8870364 3700519 2760928 250364 2760928 2760928 7790870 2760646 7790519 7790841 3930200 3930364 8870364 3700364 3700928 3930364 3930364 3930880 3700928 8870043 8870043 8871002 730646 910519 2760364 3930364 910364 2760364 910364 2760969 2760364 2760043 2760364 2761002 2760364 2760364 520969 250969 910364 910729 3700364 3930364 3930519 3930205 3930560 3930961 3930646 3930646 910729 910937
8870364 8870364 910519 3930519 3930364 910205 3930864 3931023 3931023 3700928 3930772 3700772 520969 3930646 520969 3931023 3930772 3930364 730205 730371 730928 910928 3700961 910928 910928 3930200 3700519 3700519 3930364 3930519 3700519 3700928 3700519 3700741 3700560 3700205 3700928 3700928 3700928 4040200 3931023 3930646 3700961 5230037 8710969 9710350 910519 9710961 8710969 8190741 3470743 9710071 3700888 9710729 4910481 3730942 3730296 2370973 1030404 3730519 4630928 250969 5370282 910200 3930961 910729 910200 910752 730961 730754 730741 730496 910519 910519 3930519 730741 730729 730754 730969 8870772 7790969 7790841 7790841 7790519 7790519 7790913 4720544 4720961 8870043 4720544 730754 730350 3931023 3930646 3930519 520741 3930646 3930772 3930772 3930772 910729 730969 730969 730969 730371 4040424 4040424 4630913 5370961 4990928 9350205 9350205 4990928 9350560 9350646 5370200 7980973 5370200 9350870 5370200 5370841 250961 250200 250930 250200 250200 5370859 1030993 7790937 2760043 2760580 730880 7790580 7790772 7790913 7790841 7790870 7790841 4720519 7790961 4040424
3930364 3930519 9710770 9710285 3470872 9710920 3950960 9710770 3470752 3250560 9710205 910928 9040969 8870772 730961 3930961 3930772 730961 730961 730646 910205 730646 8870364 8870364 2760961 3930519 300872 3700519 3930519 8870833 3930519 3930519 730969 730646 3230205 730961 8871002 4720741 731023 7790961 5370961 5370993 250961 3930772 3930961 730364 730743 3931023 730969 910519 910969 4040200 9040961 520741 3930519 3930961 910928 910928 910928 910928 3700519 730969 3930205 910519 910928 910928 910200 730754 3930519 3930519 3930646 730969 910519 910928 3700928 3700928 3700519 3700519 3700928 3700519 3700519 250961 3700364 3700519 8870833 730646 910729 4720772 730961 7790961 730496 7790961
3931023 3930371 3930043 3930043 910729 910043 730961 730043 731007 4720772 7790961 7790961 7790961 7790937 7790961 730741 730969 3931002 910729 910928 3930560 3930646 910928 910729 520969 520969 4040200 910200 3930519 910519 910519 730560 3930961 3930646 910200 3930857 3931023 3930772 4040200 730961 730282 731007 730729 730937 8870580 731007 730580 730544 730767 7790829 4990928 730371 911007 8870282 730282 3931002 3930646 910937 910544 9040969 520969 3930646 4040200 4040424 7790841 910544 910772 910928 910928 910924 8870518 910729 8870924 3700796 8710205 9711007
1030292 3731002 6760646 5370419 5370200 6350404 8190687 3230560 3230560 3730961 3730205 8190560 3730241 9710928 3470894 3950371 3230857 3470200 730857 3730519 1030419 5370859 2760580 730363 3250363 8190646 8190765 3470923 3471007 4910200 9710752 2760496 3730601 5370071 2760071 8190071 8710770 9710952 8710767 4910200 8190504 7310651 5370743 3730765 8190071 3731002 5370841 5370544 5370544 5370544 1030646 5370481 1030282 1030282 1030993 1030969 7980973 5370200 7980973 1760973 1760973 1760973 7980973 1760973 1030282 1030282 7980973 7980973 1030282 7980973 7310601 6350916 5370841 5370841 4630200 3730646 3731002 4630829 4630200 6760857 3730229 4630829 8190961 9350646 3730993 8190973 8190973 5370888 8190973 8190765 3950371 3731002 8190646 3731002 3730969 3250857 6760564 3731002 3730741 9350752 3730419 3730519 7980973 3730964 5370961 3730984 4630200 1030857 1030292 3731023 1030928 1031010 1030282 1030282 1030282 3730898 1030282 1030282 7980973 4630200 3731002 1760973 1030646 7980973 4630200 1760973 1760973 3731002 4720857 4630580
7310564 10110857 6350857 10140652 3730829 3730004 6760646 7310404 6760942 2760857 6350857 7531023 8190564 6040857 8870518 6760481 3250857 4720200 2760516 8190829 2080894 7310959 5230923 3470752 6760930 9350580 3730969 10220857 10110857 3250857 3730928 3730496 3730841 7531023 8190859 8190942 8190964 3730974 5370829 7980973 6350916 7980973 7310765 9350896 8790200 9350765 4910200 7531023 2760960 8710504 9710043 3470200 8190877 9710857 9710752 3730229 4630960 3730420 1031010 3730229 1030993 9350752 3730942 3730430 3730371 9710891 9710857 3730004 3930857 9350114 3730004 3730071 9350913 8190765
1940973 1940973 1940973 1940973 1940652 5110350 3270652 5110004 5110560 1940973 3270652 5110004 5110560 5110872 5110812 5110006 5110812 5110006 5110006 5110560 5110560 1940652 5110653 5110350 5110371 5110350 5110652 5110812 5110812 5110004 5110004 5110004 3270652 5110560 5110004 5110045 5110812 7310371 5110350 5110653 5110560 5110004 5110560 5110812 1940973 5110004 5110371 5110560 5110045 5110004 5110004 5110006 5110560 5110812 5110004 5110006 5110812 5110653 1940973 5110006 7310205 5110560 5110560 5110350 5110004 5110812 5110652 5110350 5110653 1940973 5110560 5110004 1940973 5110006 5110006 5110371 5110006 5110560 5110812 3270652 5110045 5110006 3270652 5110549 5110872 5110045 5110004 5110371 5110560 6270652 5110471 5110652 5110653 5110350 1940652 5110004 1940652 5110004 5110350 5110560 5110812 5110045 5110872 5110549 5110371 6270635 5110006 5110652 5110653 5110006 5110872 5110004 5110004 5110004 5110350 5110471 7310471 5110812 1940652 5110560 5110004 7310471 5110004 7310371 7310419 5110004 5110006 7310877 1940973 7310829 7310371 1940652 5110560 7310266 5110006 1940973 5110560 5110004 5110004 5110006 5110560 7310196 7310471 3270652 5110471 5110471 5110471 6270652 6270652 3270652 5110652 5110471 5110045 5110006 5110371 5110045 5110006 5110872 5110045 7310371 5110350 5110872 5110371 1940652 5110006 7310652 5110350 5110652 5110872 5110006 7310371 1940652 7310652 5110652 9790652 5110045 5110371 5110560 5110045 5110371 5110006 7310652 5110652 1940652 5110471 5110471 5110045 5110371 7310652 5110350 5590652 1940973 5110371 5110350 5110471 5110471 5110652 5110471 5110471 5110635 5110471 5110471 5590652 5110471 7310585 3270652 3270652 5110350 5110045 6270652 5110350 6270652 5110872 6270652 3270652 5110006 5110006 5110350 5110872 5110045 5110872 5110045 5110006 5110560 5110006 3270652 5110350 5110006 5110006 5110872 5110471 5110471 5110045 3270652 5110471 5110045 5110471 5110471 5110471 5110471 5110471 5110471 5110471 5110471 5110635 5590652 5110471 5110350 5110006 7310471 5110045 1940652 3270652 5110471 5110471 5110045 5110471 5590652 6270652 5110471 5110471
7310571 7310371 7310652 7310560 7310045 7310835 7310205 7310371 10140652 8720652 7310652 9790652 7310652 7310585 7310829 7310652 8720652 10140652 7310652 7310419 10140652 5590652 7310652 8720652 5330652 7310652 7310585 7310652 7310371 7310652 7310652 7310835 6270652 7310652 3680652 7310560 7310877 5590652 10140652 7310560 7310877 5590652 7310371 10140652 9070652 9790652 7310045 6110652 6270652 7310371 7310571 9790652 7310045 7310419 7310652 7310652 7310652 1940652 7310652 7310045 7310635 8720652 5330652 7310371 7310419 5330652 7310652 5330652 7310205 7310635 7310635 7310652 6270652 8430652 7310371 8430652 7310585 9790652 7310652 7310371 7310652 7310652 6270652 7310045 7310045 7310196 7310371 7310835 7310652 5330652 7310585 9790652 3680652 7310652 6270652 8430652 7310266 8720652 7310635 7310635 7310635 6270635 7310635 7310635 7310635 7310635 7310652 7310635 5110635 7310635 7310635 7310635 7310635 7310635 7310635 7310635 7310652 7310652 1940652 7310652 7310961 7310829 7310652 7310635 7310585 7310635 7310471 7310635 7310266 7310652 7310419 7310652 7310363 7310829 7310601 7310693 7310652 7310266 7310652 7310669 7310652 7310635 7310942 7310652 7310652 7310652 5330652 7310652 7310652 7310829 7310652 3680652 7310829 7310652 10140652 7310700 10140652 7310652 7310585 7310652 10140652 6270652 7310419 7310635 7310652 7310471 7310471 7310571 7310959 7310404 7310835 7310419 5590652 7310652 7310363 7310652 7310266 7310419 7310585 7310652 7310585 6110652 7310419 5330652 6270635 7310635 7310635 7310635 7310635 7310635 7310635 7310635 7310635 7310652 7310652 7310652 7310652 7310652 5590652 9070652 7310652 7310652 7310652 7310652 7310652 7310652 7310652 7310652 3680652 7310652 7310652 7310835 7310585 7310877 7310652 7310652 7310652 7310652 7310635 7310652 7310652 7310266 7310635 7310635 7310635 7310635 7310266 7310652 7310652 7310652 7310635 7310635 7310652 7310635 7310635 7310635 7310652 7310635 7310635 7310652 7310652 7310652 7310652 9790652 7310585 5110560 7310652 7310652 7310652 7310652 6270635 7310652 7310571 9790652 7310652 7310652 7310652 7310652 7310652 7310571 7310652 5330652 3680652 7310652 7310877 7310652 5330652 7310652 7310652 7310652 7310652 7310652 7310652 7310652 7310652 7310635 7310652 7310635 7310635 7310635 7310635 7310635 7310652 7310652 7310652 7310652 7310571 7310652 7310635 7310635 7310635 7310635 7310635 7310652 7310652 7310585 7310652 7310652 7310652 7310652 7310652 7310652 7310652 7310652 9790652 7310652 7310652 7310652 7310652 7310652 7310652 7310652 7310652 7310652 7310652 7310652 7310652 7310652 7310652 7310652 7310635 7310652 7310652 7310635 7310652 7310652 7310969 3680652 7310585 7310652 7310652 7310652 7310652 7310652 7310652 3680652 9790652 7310585 7310419 7310266 7310571 10140652 7310700 7310266 7310652 7310585 7310635 7310635 7310652 7310652 7310652 7310585 7310652 10140652 9070652 7310571 7310585 9790652 7310652 7310969 3680652 7310652 7310652 7310652 7310045 7310652 7310266 7310601 6270652 7310585 7310635 7310635 7310635 7310635 7310635 7310635 7310652 3680652 7310652 7310652 7310652 7310419 7310652 7310652 7310652 7310652 7310652 6270635 7310635 7310635 7310635 7310635 7310635 7310635 7310635 7310635 7310635 7310585 7310635 7310652 7310585 7310635 7310635 7310635 7310635 7310635 7310635 7310635 7310635 7310652 7310635 7310652 7310635 7310652 6270635 9790652 7310652 3680652 5330652 7310266 10140652 7310829 7310560 7310652 7310635 7310635 7310635 7310635 6270635 7310652 6270652 7310585 7310585 7310196 7310471 7310652 7310585 7310635 7310635 7310635 7310635 7310652 7310635 7310652 7310196 7310114 7310430 10140652 9790652 7310652 7310635 7310652 7310652 10140652 10140652 10140652 7310564 3730205 7310652 7310571 10140652 7310652 10140652 9790652 10140652 7310652 7310652 7310114 3680652 3680652 6270652 7310601 7310430 10140652 3730829 5330652 7310266 10140652 10140652 7310877 10140652 10140652 9350741 10140652 7310652 7310652 10140652 7310652 7310205 10140652 7310404 7310430 7310404 10140652 5330652 7310877 10140652 7310419 7310652 7310652 10140652 10140652 7310266 10140652 10140652 7310560 7310877 7310700 7310371 7310877 7310993 10140652 10140652 7310700
5110812 5110045 5110350 5110006 1940652 5110006 7310419 5110471 5110635 5330652 5110635 5110560 3680652 5330652 7310652 5110812 7310652 9070652 7310652 7310419 5590652 5590652 9070652 5110652 5110350 1940652 7310571 1940652 5110350 7310404 1940652 5110652 7310652 5110652 7310371 3680652 7310560 5330652 7310571 5110560 7310571 7310652 7310829 5330652 7310652 5110653 6270652 7310652 7310841 7310571 7310877 7310652 5110652 1940652 5110635 5110652 5110652 5110560 5110560 3270652 7310266 6270652 7310371 5110350 6270652 3680652 6270652 7310371 5590652 7310371 5110004 5110006 5110549 5110812 6270652 6270652 7310205 6270652 6270652 7310961 6270652 5110471 6270635 6270635 8430652 5590652 6270635 7310471 6110652 7311007 5330652 5110471 5110471 6270652 5590652 5590652 5110006 1940471 5110471 5110471 5110471 7310471 3270652 5110350 7310471 7310585 9070652 6270652 6270652 1940652 6270652 3680652 7310635 5110471 5110471 5110471 5590652 5110471 8720652 1940471 6270652 6270652 1940652 7310363 1940652 1940652 5110652 5110471 1940652 1940973 7310205 5110560 7310635 5110471 1940471 7310571 5110471 1940652 7310652 7310571 1940973 7310266 7310652 7310205 7310571 1940652 1940652 7310404 5110006 7310571 7310282 7310829 7310652 5110635 5110635 5110471 7310004 7310877 1940652 5110635 7310635 5110471 7310652 1940652 7310266 7310877 5110652 1940652 7310635 1940652 9070652 1940652 5110812 9070652 7310652 5110812 5110004 7310571 5110006 5110653 5110371 1940652 1940652 3270652 5110872 7310371 1940652 5110004 7310652 5110635 7310635 1940652 7310652 5110006 5110812 5110006 7310652 5110045 5110652 7310652 5110652 7310652 5110006 7310829 7310652 5110560 5110045 5110560 7310652 7310266 5110653 7310205 7310205 5110006 7310205 1940973 5110549 7310652 5110560 5110006 7310835 7310652 1940652 5110652 5110652 7310652 5110549 7310266 5110652 1940652 6270652 7310652 7310652 7310835 1940973 1940652 7310205 7310652 7310652 6110652 7310652 1940652 7310652 7310652 5110560 7310652 5110560 5110004 1940652 5590652 1940652 5110004 7310652 7310652 5110560 5110006 7310652 5110004 1940652 7310652 1940652 7310266 7310652 5110004 7310829 1940652 1940652 1940973 1940652 6270652 1940652 3270652 7310419 1940652 5590652 5110560 7310205 1940652 5110006 7310652 5110006 5110006 1940652 6270652 1940652 5110560 5110652 7310652 7310652 7310652 1940652 5110350 7310266 1940652 5110549 7310571 7310652 5110371 1940652 5110652 7310652 1940652 5110652 7310652 5110652 5110652 5110560 5110652 5110652 7310652 5110652 6270635 5110004 1940652 5110004 1940652 6270652 7310635 7310652 5110004 5110652 7310652 5110652 7310652 7310635 5110652 5110635 5110652 1940652
1940973 1940973 5110045 1940973 5110812 7310282 1940973 5110004 1940973 1940973 1940973 7310371 6270652 1940973 1940973 6270652 1940973 5110045 5110004 1940973 1940652 1940973 5110371 7310652 5110652 5110350 1940652 5110652 7310652 5110004 5110812 5110652 5110560 6270652 7310114 6270652 3270652 7310652 1940652 6110652 5110560 5110350 5110653 1940973 5110371 5110812 7310571 3270652 6110652 5110006 5110045 5110560 7310419 1940973 6270652 7310765 7310371 5110549 5110004 7310942 3270652 1940973 5110549 5110004 5110560 7310419 1940652 5110812 7310266 5110004 5110812 5110006 7310371 5110004 1940973 5110812 7310652 6270652 3680652 8430652 6270652 5590652 1940652 6270652 7310419 5110560 5110560 6270652 5590652 5590652 6110652 5110350 5110653 5110350 1940973 1940652 1940973 1940973 5110549 7310652 5590652 5110371 6110652 5110045 7310571 5110812 5110812 5590652 5110004 7310652 5110653 1940652 1940652 7310652 7310652 7310635 5110652 6270652 7310652 5110004 6270652 5590652 1940652 7310652 1940652 1940652 5110004 7310652 1940652 5110560 1940652 7310266 7310877 5110004 7310266 6270652 1940652 5590652 7310419 7310266 5110812 7310652 6270652 3680652 6270652 1940652 1940652 1940652 7310266 7310835 6270652 3270652 1940973 7310829 3270652 3270652 6270652 7310266 5590652 7310652 6270635 7310571 1940652 1940652 5110812 5110652 6270635 5110652 7310266 5110549 7310419 5110560 5110004 5110652 7310857 1940973 5110350 1940652 5110652 1940652 7310829 7310282 7310585 6270652 6270652 7310741 6270652 7310196 7310196 6270652 6270652 8430652 6270652 7310652 7310652 1940652 7310652 1940652 6270635 7310652 1940471 7310635 5110635 1940652 7310471 6270652 1940652 7310652 7310652 5110652 7310652 7310652 8430652 1940652 1940652 7310829 1940652 7310652 7310471 6270652 7310652 1940652 7310652 1940652 7310196 7310585 7310196
230496 2760894 7790888 3470441 2760767 230920 3230422 730969 2750212 3931002 3930770 3930864 3930422 3700519 8710350 3930924 2760770 9710071 3700796 9710891 8190770 3930772 9710729 3470496 3700772 2760924 2760006 7790870 9710870 8710205 2760770 730770 230422 230560 2760580 230560 230504 2760371 2761007 2761007 2760942 2760964 7790870 2760646 7790857 230504 1760973 3730888 4630743 3730422 2760770 230504 230767 2760987 730888 8710930 8870422 5230037 5230037 730414 2760071 6660924 3930772 4020000 3930741 730350 3930772 5231023 9710969 9710964 8710741 8710205 3730205 3730560 8710743 8710743 3470782 4720200 5370560 7790580 7790870 7791023 7790870 7790772 7790969 230496 2760896 3731002 3730043 3731023 3730071 3730920 3731023 3730646 9710071 5370071 7790371 730896 730770 730924 230006 230414 3730371 3730006 3730422 5370071 8190888 8190519 730519 2760743 3470870 8710743 7790743 2760071 2760560 230414 3230996 2760371 6660561 6660212 230350 230741 2760772 2760897 230006 2760071 2760371 2760872 2760872 2760872 2760920 8710176 7790580 7790580 7790741 2760043 2760942 2760516 2760896 2760896 2760516 2760894 2760646 2760964 2760176 2080772 7790964 9710371 3930772 730371 3730984 2760857 230414 6660996 4020000 3230422 230422 3230212 2760996 7790913 2760770 2760205 2760772 7790894 3470205 910937 3930043 5230414 2760071 6660371 2760441 9710071 3930864 8710888 8710414 3700770 9710350 3700888 7790964 2760371 3730519 3730519 3730519 3730519 8190519 2760930 231023 2760043 2760857 3470894 2760414 2760930 2760930 910519 2760961 730646 730205 730928 6660812 3930205 3930770 3470422 3700519 910071 730770 230350 9710519 3930772 730772 730006 730812 230560 230006 230006 8710422 2760961 9710580 2760770 7790205 5230969 5230969 5230350 3700743 9710743 3700743 8790200 2760043 2760176 2760964 2760496 230920 7790870 2760812 2760964 230504 2760504 9710752 7790560 3470422 3470504 3470894 2760114 2760942 2760948 9710920 2760772 7790870 7790772 7790937 2760646 2760043 7790894 7790894 7790913 7790961 5230923 230414 230560 230414 730743 6660996 6580212 3230796 4020000 2760527 2760880 2760006 3470205 3470580 7790741 7790894 9040580 7790371 4750870 4750870 7790937 2760646 2760043 2760772 230920 2760752 2760560 2760373 2760767 3470504 7790770 7790770 7790913 7790913 2760743 2760580 730687 8710414 3700752 5231023 3700071 910071 8870741 9710772 730371 230872 910371 910371 9710772 8190741 8190973 8190973 5370752 5370741 8190770 7790857 3950371 8550519 7790969 3930043 9710928 9710371 3700888
3930812 730741 5230043 3930414 9711002 3930422 3700739 9350422 5230466 730580 730580 8870422 2760752 9710580 8710580 4720580 8190422 5370741 3230857 730371 3470441 730812 3930743 3930205 3700743 910422 3930872 520741 3930519 8710205 5231023 5231023 9350924 730741 2760964 9710519 3730071 9710857 9350006 9311023 8190752 9350071 8710857 5370888 3700739 5230560 9710729 9350006 3930812 9710527 730205 9350996 9350930 9350422 9350930 9350560 730043 730888 5231002 3230924 3700864 8871007 9710371 5230872 3700752 300996 3700560 3470205 6660560 2760960 8870833 9710987 2760043 230496 230920 230414 2760894 7790743 5370043 2760809 9710496 3930371 730350 3230924 3230924 9711023 2760741 8870580 8871007 4720772 8871007 8870741 730928 8870580 8870580 7790580 8870580 7790580 8870580 7790913 4720580 3470772 731007 2761002 3230371 730752 4020000 3230996 3230812 4720519 3230857 8190422 8190422 730043 3930371 3930212 910928 3700422 3230414 5230969 910741 9040969 910200 9710739 3700739 3930560 3700739 3930560 520519 730888 730371 6660350 5230043 730006 730872 9710864 2760071 4720964 730964 2760071 300996 3930796 3700205 3950729 8190205 9350580 730964 730364 5231002 730071 730888 2760872 730350 730519 730872 3470743 3230422 730071 730924 9710006 3230812 3230812 2760043 2760560 8870560 8870580 4720371 8870812 7790518 730888 730741 4720964 4720741 230872 730964 8710987 4720964 730743 731007 3470743 2760176 230560 230920 230963 9710043 730812 300422 4020000 8870741 3700770 9711007 7790743 230924 230924 230006 230006 2760872 2760741 230350 230350 2760006 8870924 7790964 2760948 2760743 2760043 2760964 2760772 2760071 5370896 5370888 730770 730770 2760441 5370743 7790969 230504 230496 8710743 730969 730969 3930924 730350 3930386 730964 730006 2750212 3931002 3730560 8190969 8190371 8190969 730880 9040580 7790560 9040580 3950924 8870424 730006 730043 3930743 5231002 3930560 9710205 730964 730071 2760752 2760371 2760952 230504 8710782 8870043 2760504 2760897 730812 8710782 230809 2760743 730071 9350071 3730371 8190496 8190888 7790371 8190043 8870043 730872 8711002 910371 910928 910071 7790913 7790913 2760772 2760894 7790741 2760894 2750212 730770 730741 2760896 230920 230952
3700422 3700928 3700560 3700743 3700071 9710071 3700741 9710920 9710782 9710071 8711023 9710071 2760872 8190371 8710414 3470200 3470743 3471023 3390960 3950772 7790857 7790857 5370772 5370043 7790857 5370772 5370772 5370043 5370043 2760043 7790857 8870043 7790857 5370371 7790770 7790857 3731002 3730638 3730752 9710466 9710857 230767 9710923 9710496 2760741 3470580 3470752 230809 5370741 9710371 8710857 8710772 910519 9710833 6660880 3730496 8710752 9710580 9710071 9710920 8190812 3470205 8710560 3470743 9710071 9710920 8710857 3730888 3730767 3730772 3470930 3731010 3730043 8190043 4630071 7790857 8190043 3470043 7790371 9710285 9710752 3470580 8710752 9040580 5370964 3471023 4630071 8190888 7790857 9040043 3470580 9710864 9710996 9710580 3470743 8710560 3470580 9710952 8710857 8190043 9710857 4720888 3470743 9710920 9710961 730928 730833 7790743 730071 730772 7790743 9710071 9710924 9710580 9710920 9040872 8710857 8190772 3390752 4300857 2080743 9710770 8710888 9710743 9710920 3700961 3700071 8710888 3470743 9710071 8710646 8190964 8190888 3730743 3730646 7090973 2080857 8710857 8190920 3470857 3950924 2760896 7790743 2760043 5370043 5371002 5370580 5370580 9350580 5370833 5370043 7790729 7790580 6660948 6660948 6660812 8710580 8710743 8710872 6660872 9040580 3700864 730857 8710743 9710964 5230930 9710466 3470743 4720964 3470995 3470285 4630371 4630371 8190770 3730004 8710770 9710930 5370752 3700212 8710880 9710770 9710743 3730422 3730560 3730560 4630043 3730006 5230560 8710857 9710782 3470987 9710071 2080770 3730743 8190888 8711023 5981023 8710743 730006 9710739 3730422 3730770 8710767 8710767 8190770 5370930 3950043 9350071 8711023 9711023 8710924 3700414 9710071 9710729 9710920 5370743 9350964 9350888 5370743 9350560 9311023 9311023 5231023 9710575 8710743 9710462 8710743 8710743 8710743 5981023 8190071 9710920 8711023 8710987 3730496 8190812 3730888 3730772 3730772 8190801 2760006 8190888 2080894 8710743 9710920 8710519 6770160 4990930 4990930 4990930 4990930 4990857 730200 8710888 2760743 730857
730996 6660422 3230560 9350516 7980973 3730638 3730268 7980973 3730004 3731002 230414 5230371 5230037 9711002 730870 3700743 730767 730754 7310460 5230043 6660422 6580212 6660000 7310460 7310560 5370752 5230923 3930812 9350212 730212 730880 2760770 9350924 3230857 2760371 230741 5230930 5230371 9350741 3730638 1940973 7311010 7980973 2760996 230857 230857 6660812 730928 730652 730282 730282 730652 730928 6660924 6660527 6660422 4020000 6660996 2760043 5230422 3230371 6660371 1551023 730896 230504 9710006 3470872 2760770 7790752 3470995 7790937 7790913 1600973 7311010 5370752 9350144 231023 2760801 3730043 3730770 3731023 3731023 8191023 8710969 9710782 9710872 9710864 6900872 3470205 3700864 8190964 3730646 8190741 2760857 9710864 910205 9710739 8190812 4720857 4720200 3230414 2760960 3470205 230872 230350 230924 2760752 7790519 2760560 2760960 2760812 2760772 3470205 2760560 3470205 8190560 3730043 3731010 3731010 3730960 4631010 3731007 3731007 1760973 4630638 4630857 7090973 7090973 7090973 4630913 2760580 8710772 3730071 8710205 2760071 2760741 3470200 4020000 4630928 8190888 9350422 9710205 230422 9710782 3230560 9710422 9710964 9710371 5230205 1551023 2760422 3730812 9350964 3730004 5371010 5370961 8190896 7790857 3930961 300872 3930796 3700212 8190752 3730241 1760973 8190964 8190560 8710646 8710743 6900872 6900872 6660527 2760527 2760422 2760772 230809 230741 9710205 3470205 3230812 8190812 8190422 3470857 3470782 7790770 3470752 2760801 231023 2760857 2760743 2760743 2760071 7790964 2760043 2760880 3700964 3470200 3930872 3930796 9710739 3470995 3730812 3730872 3730752 3730646 3730496 3730460 8190801 6660880 2760205 6660996 4720741 3470043 9710205 8710371 3930741 3700741 9710006 3730812 9350560 9710995 8710422 9710205 3470496 3470504 9350996 3230880 7790687 2760043 2760770 2760043 2760371 2760964
730741 3930414 9710200 6660996 3470580 3730920 3730920 5370282 730888 9710519 230880 730870 8870043 5370888 8711023 6660422 730743 3930880 8870560 9350729 9350729 3700888 520857 9710544 3930961 730964 3731007 3730888 3730580 3730004 2751023 6660930 3931023 9710071 9710809 8710857 3930519 3930519 3700924 9350646 3930857 3930857 730752 3250580 2760772 2760897 2080772 2760924 2080894 3471023 8870043 4720741 9710371 5230872 3470924 3931023 2750212 8870043 9350043 730857 730833 3470987 5370964 9350964 9710782 6660872 8710519 9711023 7790519 2760880 230963 230504 730812 230872 3470782 3730924 7310924 4990930 9350071 9350212 9350872 2760043 730071 730960 9350924 730870 730228 730741 730948 9040580 4720544 4720544 7790894 730872 7790741 7790741 7790870 7790937 2761023 2760043 2761002 9041007 7790937 8191023 3730268 5230930 6660460 2760006 2761002 230924 730754 2760043 2760767 8870043 730212 5231023 2760006 8191023 7790741 3730770 2760770 2760960 3470923 2760770 1760973 3730200 3730357 3730004 4630752 8190043 4630043 8190043 6660872 9710580 7790752 9710580 3700888 5230872 9710071 9710880 4020000 3730743 3730928 8190930 9710969 9710200 6580212 3930870 6580212 3730870 8190801 3730752 3730812 4630928 8870580 5370833 730857 4990043 730928 6660460 730414 230809 3730767 4630638 3730496 3730504 9710930 2760996 730880 3730560 3930872 3470205 9350741 3930961 3930422 3930386 3930872 730282 3230205 3930961 910371 8190519 2760560 8870870 2760964 3470006 9040870 3470200 9710371 9710006 9710872 9040580 9040580 2760772 3700888 2760743 2760741 2760928 7790371 2760741 7790841 9040772 7790894 4630857 1030984 4630857 4630200 4630043 8190043 6660996 730857 300422 3730888 9350043 2760754 6660561 2760960 9710519 9710519 520371 3930857 300872 9710891 730205 8710580 3250580 1760973 7310560 6760765 9350580 1551023 9710782 9710864 4990857 9350580 3230872 730652 4720200 4040424 3700414 9710741 3700796 3700880 3470924 730880 6660527 6660460 2760870 6660460 2760687 6660527 2750212 6660460 8870580 3700580
7790371 7790371 7790924 8870741 7790964 3950043 3950043 730212 6660527 6660527 2760752 2760948 730496 730422 8870870 3930870 9710870 3930924 520857 8870741 3700071 3470422 9710212 3700560 3700960 730071 730888 8711007 730870 731007 5371010 8190930 8190930 8190896 2760896 2760964 2760560 8190519 8190930 8190160 2760857 3700870 2760960 9350870 6660350 2760857 2760924 2760857 9710930 7790560 9350043 2760872 730043 8870580 3730006 4630638 2370973 8190646 7090973 7090973 6660561 730996 3230422 6660527 4020000 3230996 3230422 7790043 6660000 6580212 2760071 3470422 9710422 6660872 2760870 3730371 3731023 3730371 3730560 3730460 1760973 3730043 3730043 4630043 7090973 8190772 230857 2760930 2760741 2760770 8710519 2760176 3470894 2760646 3470772 2760743 3470414 2760924 730996 3230996 7790969 3700205 3700205 3700739 3700857 3700857 520071 3700752 3470205 730857 5370460 8870282 3930212 3700928 4630371 4630857 4630930 4720857 4720857 7310961 730880 9350422 8870282 9350646 9350870 5230037 3230857 3230857 8710285 5370888 6661007 6660527 730422 731007 3230872 2760350 730752 6660996 5231023 9350872 7310741 7311010 7310004 7311010 730888 9350414 5230371 6660006 730371 6901023 4990930 6660880 2750857 6660880 6660580 6580212 3230880 9350422 230422 6660560 3930386 910729 730960 3930371 3930812 3930560 910205 9350560 6660560 6661007 2760422 6660000 6660812 9350880 5230414 730414 7310371 1940973 2751023 8871007 9350888 3730043
8710872 3470743 9040857 8710646 2080414 3700752 8711023 9710414 9710205 2081023 9710857 8190071 3730942 4630752 3730071 3730741 3470752 9710006 9710071 8711023 9710414 5230350 8710752 910857 9710205 8711023 3470422 3730743 8190071 9710920 7090973 4630960 8190770 8190888 3390743 3390743 9040857 8190809 9710285 8710741 9710071 9710924 3470872 9710071 9710496 3470200 9710920 9710952 9710205 8710205 8710770 3470560 3700560 3470560 3730560 4630857 4630752 8190812 7090973 8190894 3700964 3470285 9710752 3470006 3470743 3470752 9710770 3470496 3950560 7090857 3731010 3730646 3730004 7090857 4630752 3471023 3470743 7090973 7090973 8190770 8710371 9710743 9710071 9710920 4630071 3730043 8190043 8190952 3470373 4630752 3730920 4630857 3730496 4630743 4630071 8190767 3470857 9710752 8190770 3470857 3470752 8190496 3470857 8190504 8190504 8710920 3470414 9710888 8710646 9710743 8710767 3390960 4630371 8190770 3390743 9710767 9710924 3470743 3471023 9711023 8710646 9710071 3470857 8190770 9710857 9710071 8711023 3730752 3730420 3730504 3730420 8190741 8190960 8190741 9711023 2081023 230920 2760371 2760857 3730964 8710414 3730357 3730920 3730504 9710888 9710462 3470752 2080770 3470987 2080743 9710964 9350752 8190770 9350888 230422 3731010 3730004 3730743 3731010 3731010 4630930 3731010 7090973 4630638 3730004 2760687 2760687 2760687 8190741 8190772 3730920 8190801 3730004 2760857 8601023 9710964 8601023 3700743 2080894 9710496 3731010 3731010 3730496 3731010 3731023 4630638 3731010 4630857 4631010 4630638 4630857 3731010 3731010 4631010 4630857 4630913 4630913 910071 8190960 8190969 8190205 8190888 3730646 9710969 8190371 9711023 3700741 9710741 9710924 3470743 8190071 4630857 3730420 4631010 4630071 4630071 3390752 1760973 4630200 3730812 3730004 1760973 3730519 4630580 3730646 3730420 3730420 4630200 4630857 3731023 4630200 4630857 4630857 4631010 4630004 4630071 9710920 3470414 8710176 3730888 8190741 8601023 3470987 3470743 8870741 3700739 9710741 3700770 3730743 3730519 3730920 3730071 5981023 8190504 2760960 2760770 2760894 2760894 2760857 9350894 5981023 3700964 3470205 3730964 3730872 3730560 3730993 3730767 3730752 3730770 3730752 9710200 230006 9710371 8710864 9710770 9710924 3730430 3730872 3730496 3730504 3730004 3730646
3930872 2760930 730414 9350924 3700960 8870870 3470200 8190920 8190752 250930 3950960 2761007 9350996 2761023 4720200 8190043 5370071 9350071 6760928 2760857 9350752 6901023 3930364 2760350 6660350 5230930 730006 2760205 6900872 9710864 9350205 3700857 730071 6660212 6660880 6660560 4020000 9350304 3700205 9350205 4720857 5230560 9350043 3930043 520371 7790857 8190920 3730782 3730741 7980973 3730782 8710987 9710782 8190770 8710930 9350580 9350870 6660996 6660043 2760870 2760527 3730743 8601023 6760930 8190422 6660948 9350964 3700580 9350114 9350924 9350687 2760928 6660043 2760897 3700964 9350743 730496 730894 2760741 8710872 5370870 9350560 2760741 2760857 6660741 730772 231023 2760422 2760961 2760928 6660996 2760741 730767 8190504 5370687 8190770 2760857 8190752 8190496 9350752 3700857 9710930 8710857 9350160 8190770 9350924 8711023 8190770 7090973 8190888 8870043 8190960 8870924 8190752 520857 3470752 730043 7790371 7790729 3470870 8190772 7310857 3730519 7980973 730857 5370741 9350743 8710285 8870422 730952 730767 730729 8870424 8870580 9710772 3470441 730496 2760043 8870741 3470752 8710729 3730371 3730752 3730004 8190960 8870812 8190960 8190071 9350560 9711023 8190770 8190160 8191002 730857 730809 7790729 2760897 2760924 2760960 9710200 6660561 2760928 2760071 6660996 6660212 730741 8710864 5230519 5231002 6660371 3700741 8710519 2760741 2760646 9350752 8190519 6660000 6660000 6660812 6660304 7790888 2760205 6660006 2760752 8710422 2760952 2760006 2760752 9710519 6660560 730754 230504 8710772 8710772 8190071 2760960 9311023 6660560 8870741 5230519 520071 3470200 9710880 3700743 520071 9710969 9040969 3470285 5230350 8710924 5231023 8870560 8190422 9710930 7790580 2760857 8190422 2760812 8710857 9710739 6900466 6660000 6660948 6660560 6660304 3230414 6660996 2760071 9710462 2760414 2760964 9710930 8710371 9711023 2760741 8710864 2760964 9350880 9710200 9350924 2760964 2081023 3731023 8190752 8190422 8710930 6900466 6660043 9710930 5370071 230741 2760422 2760741 3730782 3730602 1760973 7311010 7310004 7980973 7980973 7980973 9350741 5230857 9760200 2760071 9710519 3730071 3730200 3730205 3730371 3730205 9350894 5231023 9350414 8710743 3700743 3700770 9710752 9710729 8710987 3470752 9710071 6900466 230767 9711023 3470772 3470995 8710772 3930857 3930857 5231023 8190741 3730924 8710969 8190071 8710969 3470743 2080894 2080894 3730964 9710350 9710414 8710741 8710741 3470414 9710371 9350872 9710414 7790414 3470205 3730519 5370752 8190519 250071 7790741 2080743 2760924 9710422 9350743 5230646 3930200 3230812 3700864 3230205 5231023 2760414 1551023 730996 6660304 2760996 2760580 8711023 8711023
7790752 9710888 3950043 3930864 9350560 5230857 9710006 8190371 3730872 9350560 3730743 3731002 4630960 3730969 8710987 9710212 9710071 3930200 3930205 300996 9710371 9710205 8710176 9350924 3730743 5370870 3730870 1760973 8190870 3730870 4631007 3730920 7090973 4630638 7790888 730880 9710796 4720964 4630004 3390752 9710741 3470422 3700519 9710872 9710872 9040872 3470205 8190504 8710414 9710770 8710741 9350888 3730420 3730924 3730504 3730371 8190920 8190772 7790964 2760767 8710176 7790888 8710414 3470743 5370964 8190888 3470580 8710924 9710743 8190765 3730782 3730920 3730268 4630857 4630071 3470200 5230414 5230350 9710205 3700964 7790371 2080770 3470752 9710770 2760371 9760200 2760422 3950371 8190960 2080519 8190741 8190770 3730646 3730888 3731023 7980973 3930422 3930371 3930560 3930880 3700743 9710350 3700772 8870205 8710772 730857 3930772 910422 3470772 2760812 2080580 9710519 9710872 7790741 4720964 910857 3930741 9710575 9710371 300996 9710212 3700414 9710924 520371 2080772 7790894 2760812 2760114 5371010 4630004 8190888 3470200 2080770 3470752 9710770 3470743 7790770 8710767 3471023 230920 9710772 7790743 2760801 9710285 1760973 4630200 1031010 5370043 8190071 3390752 3471023 2760071 2760897 2760560 8710987 3470752 2080770 3470743 8550519 3470924 3700212 3730422 3730357 1760973 3731002 8190801 2760857 2760801 2760857 2760043 8711023 2760743 3730743 5370687 3930043 3950371 3700741 8710920 9710205 3470743 3470496 9710071 6660000 4020000 2760930 230963 2760043 2760496 8190812 3730743 8190519 250071 1760973 2760857 2760894 3470894 9710371 9710371 9710964 9710580 3470043 7790857 8190043 7790857 4630043 7790857 3950043 7790857 2760741 2760894 8190767 7790841 3730782 3731002 2760801 9710519 8711023 3730969 230857 2760896 8190519 3730228 3730964 3730496 5370801 7790371 9710462 7790964 8710928 3700422 9710796 3470504 9710071 231023 230963 9710043 7790894 2760743 9710743 7790743 3470752 3470504 8190741 9710743 3700414 8190888 9711023 5370071 2760964 7790964 7791023 7790857 3950043 5370043 7790857 7790857 7790857 3950043 7790857 7790870 7790857 7790857
3470560 3700741 3700770 9710496 9710646 3470414 3470923 3470414 3470923 9710646 9710796 9710176 3700770 9710496 3470894 3470923 3470894 2080414 3470894 3700414 3700770 9710809 9710414 9710809 9710646 9710809 9710646 9710414 3470923 9710741 9710414 9710741 9710888 3700770 9710176 3700414 3700770 9710888 3700414 3470894 3470923 9710646 3470894 9710496 2080414 9710544 3470923 9710646 3470414 9710414 9710496 3470894 9710752 9710767 9710646 3700770 9710809 9710496 3700743 3470414 3700752 9710176 3700285 3700770 8711023 9710888 9710414 9710752 8710880 9710752 9710414 3470560 9710960 9710767 2080770 9710496 9710414 9710752 9710414 8710646 9710496 9710767 9710928 3700414 3700770 9710752 8710560 9710880 3700770 3700960 9710422 9710796 9710880 9710796 3700770 3700285 9710741 9710414 8710770 9710996 9710422 5230560 8710371 9710414 3700770 9710960 9710205 9710414 9710796 9710422 3470414 3470923 3470422 9710888 3700964 9710960 9711023 3700770 3470205 9710743 3700770 8710752 3700743 9710960 9710414 9710752 3700770 9710960 9710176 9710996 8710752 9710928 2080414 8710880 9710496 300422 3700285 9710996 9710770 3700770 9710796 9711023 9710770 9710752 9710812 3700880 9710880 9710414 3470752 3470414 9710496 9710743 9710496 8870741 9710809 9710928 3700285 9710960 3700422 9710888 3700796 9710527 8710560 9710996 9710422 9710422 5230560 9710741 9710414 8710880 9710752 9710414 9710752 3700414 3700770 3700960 3700880 9710928 3700770 3700996 3700422 3700996 5230560 9710212 9710414 5230422 9710527 9710422 3700770 3470894 9710212 9710996 3700212 9710796 3700960 9710880 300422 3700205 9710996 9710796 9710544 9710888 2080770 3700880 3470422 9710796 9710796 9710880 2080414 9710212 9710880 9710880 9710796 8710880 9711023 3470205 9710996 8790857 5230857 9350422 3700205 9710770 3730960 3730812 3730812 8710857 9350212 3470200 9710575 9710071 8190812 3470205 8190071 9710422 9710371 3930880 3930996 8870144 3700888 3470743 8190516 2760114 230857 9350560 5231002 3930205 9350114 9350160 6660580 2760964 2760743 2760948 9710466 2760043 2760857 2760857 2760743 7790043 2760964 2760896 2760920 7790516 9710770 2760114 3471023 3730071 8190920 8190964 3470043 9710920 8710930 230963 8710924 9710071 8190371 3730371 3730741 4630741 3730420 5370071 3730770 9350894 3730071 4630071 8190964 8190414 8190071 8190920 8710857 8190969 3730741 8190071 8190920 8190964 8190809 8190414 2760770 2760371 730924 8710872
9710872 3700857 9350996 8190422 8190930 8190870 2080857 2760924 6660527 730043 730205 2760896 9710422 9710422 9710371 300872 8710857 3700870 3470006 3470560 3470560 520969 7311010 7311010 3730870 3731023 8190870 2760857 230504 2760414 7790516 2760960 8710580 9040870 9710770 9710767 9711023 3730752 3730460 8190770 2760920 730930 2760930 8710414 9710350 5230350 3700924 7090973 8190741 5231023 5230371 5231023 2080519 2760767 3470872 9350743 5230519 6660924 3730004 7980973 3730422 3731002 8190560 8190930 3730004 5230857 5230930 6660460 5230422 3470043 3700560 3700043 9710043 7790743 3471023 8790857 9710928 9710752 3230857 3700960 9710646 9710920 8710752 2760930 230350 230350 2760350 730888 5230930 2760894 9711023 2760960 2760857 2760920 7790964 3471023 8190371 230880 8710422 3700888 9710071 2760043 9710782 2760504 2760928 2760928 730350 730996 230560 3230205 3230996 9710575 3470422 7790043 3950043 7790857 7790857 7790857 7790857 7790857 3950043 7790857 7790857 7790857 7790857 5370043 7790857 250930 3950930 5370460 7790857 7790913 7791023 7790913 7790580 7790580 3390580 2750857 2750857 2760960 730743 3470580 7790964 7790964 7790894 1760973 6760930 230963 2760897 3470870 9710752 2760960 6900466 2080894 3700888 8190071 2760043 5230930 230809 2760809 230767 5370770 9710496 8190770 8710857 9710580 3470414 3730993 4630580 3730770 9710857 3730580 3730770 3730646 3730752 3730496 4630930 3730004 3730460 3731002 3730920 4630043 3730004 3730964 8190920 230767 2760857 2760752 2760743 2760964 2760071 2760872 2760857 9710870 9710752 9710580 730770 3930870 5230969 9710969 730870 9041007 9040872 3730004 7980973 3730782 6760930 3731023 3730580 3470987 8190770 3930870 9350071 9710987 9710920 3470857 9710071 3730772 3730043 8190043 7790857 2760646 230924 9710864 2760741 2760930 8710205 8710743 8190160 2760857 3470857 2760743 2760964 2760857 8190964 8190519 7790894 3230880 3230996 2760752 3730004 3731010 5370460 8190930 5370888 2751023 730282 730371 9041007 7980973 3731002 3700205 8870741 910752 3930812 2760071 8190960 4630638 3731023 4630071 8190646 3470857 3470995 3230924 3230371 3230422 3700580 4720741 9710205 3470995 9040872 7790043 7790772 8870043 7791023
7791023 7791023 9711023 230948 7790964 7790888 7980973 6660996 730371 9710043 2760580 3730460 3730268 3730268 3730924 3730006 4630638 4630752 4630752 4630371 8190504 2081023 3470857 3470772 7790371 3730767 3731023 4630857 2760071 730071 3470580 2760743 230963 730519 3700580 3730422 3730422 3730422 3730812 3730004 4630580 3730560 1760973 6760973 8190942 230809 2760373 230767 8710519 8710857 3730496 3731010 3730504 9350872 5230857 9350888 3700743 8710924 3700739 3470006 3470006 9710920 3730004 2760930 2760996 8710767 2760930 730519 730741 6900466 730857 3730580 3730371 3730580 8190371 3230414 9711007 3230857 9710752 3470496 2760930 6660930 6660460 3700205 8711023 3700864 2760752 2760924 6660527 2760371 3950930 8190071 7980973 9710200 9350205 3930200 730282 730996 2751023 730741 730928 730928 730928 9350888 230857 9710857 9710743 9710857 8710930 9710772 9710466 6900466 9710200 8710924 8710770 3470752 2080770 3470752 3470987 2760952 3470743 3731010 1600973 3730920 3731010 3730964 3730043 4630752 4630071 230741 2760960 9710782 8710920 8710752 8190770 8190496 9710857 8190960 8190071 8710371 9710071 9710743 2080857 5230043 2760857 8190071 8190880 8190770 3730767 8190496 8190770 3470200 2760371 2760371 2760496 7790770 2080770 5370752 2760857 2760043 8710743 9710743 7790770 9710782 3470743 8190071 3390752 9710923 9710414 8190767 4630857 8190516 8710770 9711007 9710371 9710920 3731010 3731023 3730071 2760414 8710987 8710176 8710466 230767 7790770 730812 2760857 3930205 8190969 8190964 3730004 8190504 8710930 730496 8710930 8190870 9711023 8711007 8710466 2760043 9710071 2760772 230920 230857 2760857 5370741 8190888 3730602 3730888 3731010 8191010 3730004 8710930 3470857 8710888 8710422 3470930 3471023 2080857 3470857 230952 2760857 230414 2760960 230504 2760770 8190752 2760752 3470987 8710043 8710888 3470894 520071 2760960 230857 6660930 730857 3230422 9350894 8710930 2760441 9710923 9710205 730920 9710923 2750857 9710857 8190960 8190560 6900872 9350741 9350888 9350896 5230857 8190741 8190964 7790857 7790894 8710920 7790743 7790894 5370801 2760801 5370741 1031010 3730519 1030857 4630200 4630638 4630829 4630913 4630928 4630741 8710414 9710767 4720741 8710969 3470752 9710770 8190770 3730646 1760973 9710857 8710466 3730519
3731002 9350414 3230857 6900872 9350006 5230414 3230796 9710923 3230212 3230422 3230304 3230812 8190422 3730357 8190752 8190496 8870414 9710646 2760924 2760414 3730770 3730422 1760973 3730782 8190496 8190371 9710422 9710770 3470752 3471023 9710770 9710071 8711023 9710741 5230414 3730519 8190767 3470857 6760646 8710920 2760350 2760114 2760857 8190006 3730006 3730872 3730888 5370741 8190687 8190960 6900872 8190516 9710466 3470857 8190772 8190414 8190960 3730460 4630638 3730268 4630638 4631010 8190767 4631010 7090973 5230930 5230930 9710422 9710043 3470043 8190371 3470580 9710767 6660460 2760504 2760880 3470580 7790870 9040580 7790752 7790913 8870043 7790913 7790937 7791023 7790857 7790043 7790857 7791023 7790857 7791023 7790043 7790580 7790964 7790857 2760857 2760930 6901023 2760930 2760924 9710422 3470894 7790752 8601023 7980973 3730071 3730782 3730767 3730071 9350964 8710857 8710888 8710857 3470743 9710071 9710964 3930414 3930924 3930371 3930772 9710995 9710006 5230857 300872 3930864 5231023 3730928 2760812 8190969 2750857 730857 3730205 3730205 3730004 3730770 8710930 2760930 2760857 2760857 230414 8710414 2760857 8190519 2760857 9711023 6901023 3470414 8601023 3470743 7790743 8710888 3470782 4880973 5370833 730743 2750857 4020000 9350924 2760930 5230930 8190894 2760942 5370687 3730004 3730646 2760857 8190872 8190872 4300857 3470894 9710422 9710770 9710752 8710646 9710646 3730004 3730357 3731010 7090857 7090973 3230304 4720741 3230205 5370888 8190829 8190043 1760973 8190371 5370772 2760930 6771010 6771010 6770160 5370930 6770160 6770160 5370930 5370580 5370580 730948 7790580 5370460 7790924 8710987 9710969 8711023 8711023 3930857 730952 9350741 9350460 2760964 8710872 5230872 5231023 730870 730741 730969 3930560 910205 4720969 8870880 4040424 4040424 2760371 9711023 8710782 8710043 3470043 3470752 8710857 2760857 8710519 9710527 3730743 3730071 9350888 9350888 8710743 9710920 8710857 3730888 3730743 3730920 3730888 4630743 3730920 9350924 3700285 3700870 9710920 9710496 9710752 8190960 3730960 7090973 3731023
910371 3930796 9040872 9710923 3730071 3731010 3730004 3730357 3730888 8190752 9710857 2760880 2760371 9710770 9711023 3471023 3700770 8710560 9710864 2760422 6660996 8870414 3470205 3730006 4630371 3730371 8710872 3730004 3731010 3730004 3730004 8190043 8190043 7090973 8190043 7790857 8710987 9710466 8710466 8190872 730741 9710371 7790961 9040872 9710006 3230371 9710371 3230872 4720857 910857 3230812 3470006 1760973 3730646 3730420 1760973 4630772 4630071 8190646 7090973 7090973 230857 230963 8710864 9710414 3700741 9710770 8710422 2760754 3700519 3230414 730857 2760754 730754 2760772 230809 230414 2760857 730812 2761007 2760741 8190964 3470772 3230770 910371 9710923 8710880 3930741 4630638 4630071 8190952 3470857 8550857 4020000 5230205 9710772 300996 910560 3470205 910422 9040961 3700857 3470200 9710888 3700043 230504 2760930 3230857 2760857 9710930 9710930 2760741 9710496 3470422 3470205 9710969 5230414 3230857 3730004 7090973 3470857 6660561 3930772 8711023 3700772 3730004 8190205 8190205 3700857 9710772 8710560 8710504 3470857 8190960 8190371 3230772 3230371 3230772 9710752 3700772 9040772 3470205 3470560 9710205 7530560 730414 230350 2760580 730796 9710930 2760205 2760960 8190071 3731010 3730496 3730004 4630200 3730924 3730646 4630282 8190961 8190741 3470285 9710422 9710414 9710519 8190071 3730504 4630071 3700857 3930880 3700739 9710809 9041007 7790580 7790516 8190772 3730043 3730043 3730043 3730004 3730004 3730743 3730752 8190071 8550857 2080857 3730942 3730519 3730942 3470857 4720857 9710930 230350 3470924 230857 2760930 8190809 7790888 8550519 6580212 520519 230857 1920857 730796 8710924 3930422 730071 6660304 3470205 3700864 3470743 3950371 3700519 8710371 9710519 9710960 9710496 3700770 9040857 4630928 3730646 3731010 3730646 8190422 8190422 3230924 9040580 9040857 7090973 4630857 4630638 4631007 7090973 8190880 9041007 9041007 9041007 9041007 9041007 3230371 3230371 730857 3230857 3230043 3230560 3700580 9710796 4720371 7790857 3470894 9710285 3470772 9710772 230857 9350930 2760770 230809 9710930 230767 9710888 9710743 8550519
3470924 9041007 3230812 9710422 9041007 3470200 4630913 3730993 3700857 9040857 3470752 3700212 2760504 2760754 2760741 3230772 6660527 3230371 3230422 3230857 3230857 3230422 9711007 3230996 3471002 5231023 8710924 3230924 8710414 3230796 3230304 3700422 9040961 9040961 7790913 3470373 9710924 7790964 5230043 5231023 3700422 3700888 9040580 9710043 7790964 3470987 9040043 9040772 9040969 3700924 3700422 3730924 3730772 3730357 5371010 8190973 8190071 3470857 3950924 8190422 8190371 3470560 9040961 9040961 9350414 9710960 8190952 3731023 4630857 4630857 4630857 4630913 8190752 3470857 7790516 7790687 8190920 8190964 3470857 3700924 8190646 3730772 3730888 8710857 8710888 3470857 3470930 4720857 3230212 6580212 9041007 3230527 3230812 2080772 6901023 7090857 3731010 3730560 3730743 9710466 4720857 8190770 8870741 2760560 3470772 2080857 9040872 8190964 8710857 2081023 3470987 7790857 2081023 9710646 3470504 8710741 8710741 9710857 8710857 910857 3700414 3470205 9350304 2760857 8190516 3730812 3731010 3731007 3730580 3730560 4630580 8190071 3700739 300996 9710371 5230414 3700996 3700752 9710414 3700205 3470200 9710071 9710996 9040857 8710880 9710770 9710646 3230422 3230646 9710772 9040772 8190952 8190560 3700996 9350560 9710857 8190160 3700205 3930857 300422 3700857 3930880 3700739 9350560 3700519 3700960 9350752 8711023 3470857 8190071 8190071 5230857 9710200 8710772 9710743 3470200 8190888 8710772 9710964 9710743 8870560 3470200 8190752 3700857 3700285 3700880 9710371 3700857 4630928 3730872 4630960 3730006 4720544 9040772 9040772 7790913 8870560 3700741 9710960 3470205 3700888 8870560 3950560 9710857 8710466 9711023 9710987 8190888 8190422 3230422 3230205 3230857 3700741 3250560 9710575 3230560 3230872 8871007 9710371 9710928 3700770 9710371 2760960 9710857 7790857 2760560 8550519 7790770 9711023 9040580 3470743 730857 9710812 230857 9710930 5981023 9710772 3470987 7790770 3470496 2080894 7790857 3470743 1600973 3730646 3731010 4630928 4630071 4630857 3471007 9710930 8710422 9710752 2080894 3390752 3470857 3390960 3390960 2760809 2080414 3470772 3470772 3470857 3730006 7790752 8710770 3470752 8870741 910519 3230770 730812 730560 3230422 3700772 730371 3230371 730560 730857 7790741 6660872
3471023 9710969 3700752 9710544 3700964 9040969 4720363 3470894 9040969 9710205 9710176 3470422 9710422 2760371 2760687 8710414 2760114 2760772 2760928 2760942 2760114 7790516 2760809 3230043 230809 2760772 9711023 2760952 8710646 3470923 9711023 8190414 9710285 9711023 2760414 3470923 7790770 9711023 3471023 2760809 2760373 7790870 9040870 7790752 7090973 4630004 7090973 7090973 7090973 7090973 9710857 9710414 8710857 9710741 9710414 5230646 3700770 9710496 9710414 9710923 3731010 3730646 7090973 8190646 5231023 5231002 3700580 8870741 2570580 9710924 5230646 5230872 9710888 9710888 9710864 5230350 9041007 9710006 9710006 9710864 3730371 3731010 3731010 3730646 7090857 3470857 9710770 8710752 9710071 9710646 9711023 4630960 3730646 3730496 3730960 4630282 4630928 8190772 5370801 2761007 230350 3230205 3930796 3930646 910729 3930743 520071 7790894 3700043 4630857 3730004 4630928 8190646 7090973 8190894 8190646 5230646 3700857 3700996 3700924 3470924 9710205 9710872 2760894 2760752 3470580 3470580 8710580 7790770 2760964 9040580 7790752 3471023 7790894 3470200 7790894 7790964 2760767 7790894 3470200 7790894 7790841 3470894 9040772 7790913 3730646 3731010 3731010 910857 9710857 8710857 9710770 8710767 9710212 8710770 4631010 3730460 3730752 2760801 8710646 3470743 9710519 230496 2760043 9710772 8190960 8190422 9350460 3950043 3230928 2751023 2750212 730743 730880 3230969 8871007 8871007 8871007 730928 730646 730928 9710772 2760961 8710519 3470200 8190071 8190071 8190516 8190519 9710743 8710580 2760752 2760071 9711023 9710371 9710872 3730004 3731010 3730964 8190969 9710770 9710071 9710833 910772 730964 9710987 8710580 8710519 3470200 8710928 8710580 3730004 3730638 3730004 3730004 3730004 8190913 7090973 9040857 8190894 8190872 9710923 8710519 2760770 730772 2760960 2760770 2760772 2760924 3470772 9710770 7790857 3730004 8190646 3470200 5230646 9710888 3470205 2760964 1760973 1760973 1760973 3730646 4630913 8710880 9710796 9710987 8710880 9710743 8710880 3230212 3230212 3230205 9710371 9710969 9710920 2760960 9710071 7790964 9710920 3470752 8710782 2760752 9710205 230496 6660800 2760880 7790752 2760560 3470782 7790888 3700880 9710872 300872 3700741 9710969 3700205 3470205 4630752 9710739 8190071 2760752 8710770 3730767 3730504 3470857 4630743 8190880 2080770
8191023 250200 8190752 5370687 3470285 3731023 4630857 4630043 1760973 1760973 4630930 4630043 1600973 4630004 4630913 8190414 8190770 2760801 3470743 3470743 2760801 7790652 7790913 7790913 3930560 9350071 5370371 2760652 6660561 2760527 3230880 7790743 7790743 7790519 7790888 2760652 3730772 3730772 2760801 8190741 2760857 2760801 3730043 3730043 1030043 230857 9350687 9710930 8870580 3470043 3700071 3700770 3470743 9710996 3470752 3470752 9710872 5230043 5230519 730561 8870741 230006 730743 5370924 5370043 730928 730812 8871007 731007 8871007 3230646 3700580 9040961 9040961 9040969 3950043 4040200 2760801 7790652 8870741 910741 9710864 3930422 3700741 3700519 2080743 9710071 9710920 3470205 9710920 7790888 2760071 9710743 7790743 7790857 3470857 4630043 3950043 3950043 7790857 9711023 3470414 9710969 8710504 9710200 8870741 730350 730496 4720741 3470782 9710770 7530580 730000 8871007 8710519 9710544 3230812 730071 730880 730937 3230880 3230880 3230772 730560 8870422 730646 9040772 8870772 8870772 2760752 6660880 730752 730687 730687 9040043 9040961 5370752 3470200 9710285 2760752 5370071 230414 230414 230809 2760948 2760043 8870580 2760857 9710422 8190812 8190812 3470422 9710770 2760767 3730043 3730043 3730205 3731023 1030857 5370043 3730043 8190960 8190043 8190872 8870741 9040864 9710743 8710770 3700770 9710833 9710964 8710741 230809 230809 230809 730422 2760580 5370043 2760580 8870580 730212 730928 3230304 3230996 730561 8870880 730928 9710996 3700888 3470772 7790743 2760743 3470743 2760560 7790205 3470743 7790371 3471023 3470752 7790205 3700743 6660812 6660812 6660212 230924 7790829 3470772 910371 3700770 3700205 3700205 8190812 3730812 3470930 9710772 9710519 3700205 3700071 9710952 9710891 8710741 9710770 7790752 7790888 9711023 2760741 7790770 3250580 9710996 9710752 9711023 9710575 7790964 2760006 2760809 8550519 7790924 4720841 9711002
7790752 8710466 7090973 3390752 2760043 2760043 2760422 2760772 7790743 7790743 5371007 8711007 2760987 3470743 3470782 3470987 2760896 2080519 7790519 7790687 7790687 2760043 5370043 2760964 8190920 4630580 4630004 4630004 7090973 7090973 4630913 2760801 2760772 2760176 2760043 2760894 2760580 7790964 2760043 7790894 4630043 4630004 4630043 7090973 4630043 7790857 2760350 2760043 230504 230006 2760987 2760687 230504 3470205 8190812 3950560 7790857 7790894 7790516 3470043 3470743 3470743 5370071 230496 2760441 7790888 2760743 2760772 8710772 9710770 8190952 7090973 9710870 9710646 3470782 7790888 2760987 2760043 2760857 2760870 2760920 9710920 7790964 5981023 5370752 730888 4720741 4720519 3470872 2760371 2760371 2760371 250071 9710519 2760071 2760964 2760006 2760920 2760770 5370043 730043 5370043 5370282 730809 3930864 730646 910928 730282 3230996 730687 730205 730561 730371 730770 7790580 2760371 730519 730928 730928 3931002 3930205 3930961 3930519 910519 730519 230560 730043 730560 7790752 3730752 3730872 4630638 4630913 3230414 3230205 5230466 7790580 9710422 4720964 2760560 2760043 2760752 7790888 7790743 3470580 3931023 910519 3930519 3930880 6660304 2760560 730519 8870880 2760205 2760772 2760205 230422 9710422 2760504 9710864 3470894 7790770 3470894 3950960 4630857 4630043 2080519 2760114 7790516 2760646 2760942 2760114 2760964 7790888 9710888 9710212 9710796 8710880 3470924 910772 730961 2760741 8711023 2760770 8710519 7790964 910043 730743 3230043 7790894 7530580 3470373 7790580 8710176 5370896 230504 2760894 7790516 8190920 8190809 8710414 5370752 8870741 730809 9710496 2760504 3930743 730964 730969 8710772 9350894 5370752 6660969 7310993 9350930 5370752 7980973 9350930 5370930 9350888 5370752 5370071 8190043 8190930 8190687 8190519 7790857 8190913 3950772 7790743 7790937 4300857 7790857 730646 730857 7790969 3950371 7790857 8191023 8190772 8190560 7790857 8190772 8190043 9350930 5370930 5370772 7790857 8870580 8870424 730930 5370888 5370743 2760930 6660930 2751023 6901023 7310741 9350930 6660930 9350580 9350580 730857 730743 8190964 4990930 5370964 730857 5370071 2760857 5370964 5370930 7980973 6660930 9350930 6770160 5370930 5370930 9350930
3470006 9710864 3470782 3470924 5231023 9710920 2760006 2760964 9710964 9710964 2760964 9710930 2760741 8190896 9350560 3730205 3730920 5370371 8190071 4630200 3730993 8190964 8711023 8190896 8711023 9710857 9710071 9710920 8710560 9710071 2760422 8710770 9710200 8710752 730770 8711002 8710770 730006 730006 9710462 2760504 910752 2760071 5370964 2760504 8710987 9350888 8190071 8190071 8711023 8710857 9710987 730857 9350560 5230205 5230872 8710864 3930864 9710350 8870772 7790516 2080414 9710767 9710923 8711023 2760350 230006 5230519 5230414 6900872 5231002 9710923 2760930 730894 3230796 6660304 300996 5230560 9710752 3930422 3930200 910969 3930200 9350071 3730006 3730371 3730004 3730004 3730004 4630638 3731002 8190930 3730993 9710930 3470995 9710006 9710872 3470580 3730043 3730960 3730268 3731023 3730420 3731023 3730420 3731023 3700857 3730420 3730420 2370973 7980973 5370580 5370964 9350743 9710414 730770 8710285 3470200 3731023 3730928 3730043 3730004 5230043 8190930 7530580 730952 8870043 8870043 9710043 2760043 2760043 3250043 6660924 6660043 9350043 6660043 730200 9350880 2760894 730894 8190371 3470923 9350741 8190770 1030114 5370752 2760960 8711023 2760770 8710770 8711023 3470743 9710043 9710987 2760880 9711023 7790964 7790043 2760930 6660561 9350043 6660812 2760857 3730241 3730241 1030700 1031010 3730519 1760973 3730602 5370071 8190043 9350114 3230857 3230205 8710770 9350741 9350741 6660930 6660948 9350043 6660043 6660948 6660043 6660948 2760580 6660948 6660371 2760930 3470857 9350043 7790043 3730004 3730638 1760973 3730004 3730043 3731002 3730043 3730646 3730772 3730928 3730043 4630043 5370043 8190043 7790652 8190888 8711023 7790043 8870043 8870043 7790043 2760043 7790743 9710043 8870772 3700772 3700772 3700772 3700772 3700772 8870772 8710772 8710646 3470560 8870205 8870560 3470200 9710743 3700071 3700964 3700043 3700888 3700888 3700205 3470560 9710575 3700739 8190071 9711023 8190071 8190071 2760857 2760857 2760857 8190880 7790371 7790924 8190888 8870560 9350743 8870043 9710930 8190519 2760857 3731002 3730460 3730519 8190930 2760857 3730371 3730004 3730741 8190930 3700857 9350043 9710930 8870043 2760752 8870424 8870424 8190043 2760857 2760857 2760857 8190043 8190888 8190071 9350580 8190930 8190964 8190930 9350964 2760772 3700519 7790371 8190930 3731023 3731023 7310961 8710857 3730004 3731002 9350894 730796 230350 5230857 9350212 7790371 3730772 8870422 3730043 1030829 3731002 2760857 2760857 2760071 3470870 9311023 8190964 8190888 9710964 7790964 8190071 9350930 5230930 3730752 2760857 9710930 2760870 2760964 8710987 8710888 3470743 3470782 8710888 7790888 7790894 7790741 9350071 8190961 9350894 3730646 3730420 3730420 3730420 3730004 3730200 3730646 3731023 3730430 3730646 3731023 2760857 5981023 8711023 3471023 7790857 3950371
3730920 3730560 3730924 730857 230350 2760414 730496 9710043 2760006 7790770 2760948 9040043 7790770 2760496 2760071 8710772 9710782 8710770 9710782 9710519 8711023 9710782 8710504 8190504 910752 3930386 3930386 730960 730071 9711002 4040200 910544 730422 730812 4720969 5370743 8710504 730960 2751023 3230857 3731002 8190930 8190752 3470930 9710200 3470200 9350071 8190969 8190516 8190812 8190687 9710285 9350924 3230205 3230212 730561 3230796 3230796 730880 3230212 3230212 3470580 4720363 9710872 9710872 3470872 9710767 3470373 3390960 4630743 3730071 8190888 8190888 910371 3700414 8710872 7790371 9710969 9710987 5230969 7790752 3930741 3930996 3930880 730969 730741 6660304 3230527 3230422 3230422 8870043 4720969 730043 730880 730560 730770 3471007 9040043 910043 8870043 4720888 3470923 3470504 3470504 910969 3470743 2080770 8190516 2760350 2760006 3470782 7790741 7790371 7790371 9350880 230809 2760812 6660560 9350006 5231023 8190930 3731023 3730741 8190812 9710872 9710930 9710872 7790857 9710350 7790857 2760924 2760924 1551023 9710371 4630928 3730006 3730924 3730924 4630371 3700770 3700285 3930812 3700770 9710752 4020000 8710729 8710928 3930996 3230422 730729 8870560 8870580 8710580 9710496 730809 3930043 3930857 9350743 8190896 3470857 8710857 8190888 9350516 9710928 3700739 9710729 3700205 3930743 9710961 3930796 3230796 910560 9350422 3700743 8710646 8710646 3700888 3470857 7090973 3730993 3730993 4630930 8190888 8190969 8710857 9350743 8190741 8190519 8190888 3470205 7790857 9710928 9710920 3470987 8710176 8711023 3470743 3470782 8190071 8711023 3470782 2760741 8190071 6660930 6660812 8710930 230963 730071 2760924 2760741 2760560 9710782 9710743 9710952 9710767 8710752
5370870 8190770 7790857 9040043 9041023 4990930 730857 730857 5370560 9040043 8190646 3730924 3730741 3730114 7311010 7310924 3730772 3730772 2760857 8870772 910857 910857 730928 730872 3250580 730580 9710580 730114 2760114 2760924 9710864 3470872 7790371 7790969 8190006 8190894 3730743 3730646 3730872 3730741 3730872 3730646 4630371 3730969 3730741 7310959 3730993 8190930 8190801 8191023 8190646 5230043 7790743 230809 9710772 2760071 8710767 9710772 8710772 9710920 8710772 9710920 3470441 8870422 8870880 2760560 9040580 8870424 4720857 3470930 9710923 2760930 730043 730687 730043 730928 8870043 7980973 7980973 3731002 8190930 8191002 4990930 9350930 4990857 730857 2760894 3700772 8870414 7980973 7980973 6660880 9350741 7790857 9040772 9040043 7790841 3930857 3931002 911007 8871007 9040969 4720841 8190964 8190770 3950043 8190741 9040857 3470857 7790969 4990043 730857 9350924 7790969 8870560 3470200 9710043 2760767 3470285 9710519 3930414 8870833 3230880 9350212 8790857 9350212 3471023 8190942 8790857 7790371 3950924 3950960 8190913 3950960 4720888 3950043 3730200 4990930 4990857 2750857 3250857 9350913 7790857 9710414 3930414 3930772 3930200 3700857 3930741 9350212 9710752 3470782 9710770 8710930 3730920 3730004 3730888 3730504 3730004 8190043 8190770 8710466 8711023 8190888 3230527 730071 730071 730071 9350964 730857 9710857 3470857 8190071 8711023 9710782 3470782 8190888 3730743 9350071 9350888 2760743 5370071 8870205 8711023 9350071 4720964 8711023 3471002 3950371 3950043 8190646 2760857 2760043 2760212 2760812 230880 2760857 2760857 2760857 6660043 730896 730888 2760896 5230350 2760006 3470285 5230371 4990857 7980973 3730872 3730006 3730560 3730924 3730993 6580212 4020000 3930870 9350870 730741 8710752 3930386 3930519 3930386 3930386 9710880 3700739 3700739 3700870 9710996 910200 910741 910205 3471007 3230560 3230304 8190896 8710872 5230205 3930205 3930205 8870870 3930870 3930560 9710969 7980973 730857 730857 8191002 8190960 9710857 4020000 9350460 4020000 6660996 6660580 730752 731007 730414 730888 730928 3230646 3470200 5370560 2760560 250930 2760857 2760996 6660880 5231023 2760924 3470924 3470205 7790857 2760857
8190646 7790857 7790741 7790743 3471023 7790743 2760743 3470923 4720888 9040864 8870924 730924 7790414 7790687 7790371 7790516 8870924 7790687 8190687 5230466 5231023 9710006 8190872 7790924 2760924 5231023 3470995 8190006 8190006 8190770 8190741 9350924 5230930 5231023 9350924 3470043 9350729 7790924 8190896 2760350 230350 2760350 8190006 9350006 8190741 8190741 7790857 8190894 5231023 8190371 4720371 7790516 2760924 7790924 7790969 8190414 8190741 2760872 7790741 7790371 7790371 520371 7790924 3470200 7790741 7790371 8710872 3950729 7790894 3470200 6901023 6660422 730212 2760371 9710580 3470580 9040864 8710767 8190964 5230037 6660969 300872 3700772 9710752 8710924 3470872 3950371 9710872 7790741 7790741 3950924 3950729 3950729 520741 9710872 3470872 9040872 9710350 5230646 2760924 7790913 9710519 9710995 2760924 3470924 9350924 3700864 3700796 6660880 9710952 8710205 8870560 9710371 6660872 6660996 3230422 6660996 6660422 2760880 3700422 2760422 4630752 3730700 8190371 8190371 5370371 5231023 6660350 3700960 8710422 2760952 2760741 9710743 3470772 7790741 3470743 2760924 520519 520743 3470924 3470772 3470043 3470772 3950924 3950371 7790741 9711023 7790741 7790741 2761023 3950371 8190006 8190896 8190006 7790924 5231023 3950043 8190371 3730422 4330857 3730872 4630741 9350071 3470930 8190687 6660304 3930205 9350422 3730984 3730872 230952 230920 230496 8710924 7790964 2760960 3470752 2760809 5231023 8190770 2760924 7790770 3470772 3470200 8190071 8710414 9710996 8710872 5230560 3700739 9710205 8710205 9710205 2760770 9710864 8190741 8190519 8190913 3470200 7790741 8190741 9040857 2760741 8870741 3950371 3470872 7790371 8190516 8190872 2760741 5370071 9710200 2760896 230920 230767 2760924 2760770 730952 7310371 2760857 3230857 2760114 2760350 9711023 2760350 3470441 8710920 6660371 9350888 1760973 2760857 3470205 3470200 3930414 5370770 3730071 3730371 8710930 9311023 3730782 7980973 230006 2760960 9350752 5370964 731023 2760857 5370964 731007 5371007 5370371 5370043 5370580 5371007 5371007 6771010 730857 730857 5370371 6771010 5370580 730857 730857 5370687 9350930 5370888 5370071 2760857 730857 8190687 5370752 730857 2760857 8190519 730857 9350741 730857 730857 9350422 4720519 2760857 5370043 2760580 5370930 9350924 2760687 8870424 4720200 2760646 7790937 7790519 8871007 8190888 3731023 3731023 3731002 3731002 3731002 8190973 5370043 2760754 7790743 4720888 2760516 8190752 9350913 7790752 7790841 7790687 5370200 7310460 5370200 5370460 2760350 2760924 2760924 2760371 2760924 9350924 230350 2760857 9710200 3470200 9710741 3700741 8870741 2760857 5370964 3731007 3730519 3730646 5370043 3730241 5370200 1030993 3730241 2760857 8190896 7790770 3471007 8870930 8190071 7790937
2081023 8190964 7090973 8190896 730964 2760043 7790770 7790741 4720964 3930924 9710646 2760924 3470870 9710414 8190894 8190752 8190071 8710176 7790894 3470772 9710924 3470743 9711023 9710767 3700743 8710888 2760496 2760770 2760767 3470752 7790857 8710772 7790772 7790743 7790964 7790741 3470743 8190772 7790743 7790888 230504 2760894 5370043 7980973 230857 5370741 5370888 8870043 7790371 9710857 7790580 7790743 7790857 7790580 9710006 230809 9711007 730560 3470752 9710580 3470043 8870741 8870741 9710580 7790043 7790043 7790741 7790857 7790743 7790770 7790741 7790770 7790043 3470043 9710782 230809 8710770 2760857 1551023 6660880 3930770 3470857 730006 730006 9710006 5370964 3930371 9710920 9710205 8710176 3470987 8710924 3470987 3470857 3471023 7790743 7790913 8190071 5230466 2760857 5230043 5231023 730924 730924 7790371 3700888 3700739 8190687 520071 3700519 5230646 520519 6660350 6660006 3930371 6660872 6660741 6901023 3930741 910371 520371 8190414 8190741 8190872 7790888 8870580 2760743 8711002 5230930 9710006 7790371 8190961 910857 910857 8870741 8190160 8190496 8190741 3700414 3700864 3700743 3700857 520857 910928 9710864 8870741 9710969 5230857 8711023 2760809 5230560 7790371 3470894 3470995 8190560 9040872 8190006 7790857 2080043 2080043 2080894 5231023 3700888 9710575 6901023 5230414 9710960 8190770 8190006 8710743 9710071 7790743 8711023 3470857 9710920 3470743 9710071 8190964 8190741 8191010 5231023 9350924 6660560 3700870 3930924 9710864 3470205 9710743 3470200 8190741 5230037 3700743 8710872 5231023 5230350 8710767 7790937 3470752 3470752 9710285 3700888 3230371 9710071 9710920 3470743 9710071 9710920 3470743 8190071 8710928 9710006 3470205 3730770 3730006 3730646 8190071 9710071 7790560 9710071 9710920 8710743 9710924 8710920 8710743 8710888 8190894 2760857 8190888 3470200 7790924 7790752 7790913 9710285 9710519 9710770 9710519 2760964 9710752 5230205 3470995 8190205 9710864 3470205 9710519 4720519 9710085 7790752 8190894 8190770 230920 2760964 7790888 8870812 2760205 9350560 9710575 3470205 7790894 2760371 2760580 7790371 8710519 6660800 2760205 2760741
4300857 8190006 7790857 7790857 8190560 8711023 9710741 3950960 8190071 8190960 2760857 9710414 3470285 3470923 9710414 9711002 3230770 9710770 3470441 9710743 9710782 8710646 8710752 9710770 3700796 8711007 730770 230767 7790414 8870741 3470006 520741 8870924 3470285 3470924 3470924 3470414 520741 3470923 8711023 3470414 2760350 2760071 3470894 3470894 3470924 9710924 3700796 8710729 9710071 8710729 9710920 7790752 9710960 7790857 3470200 9710930 2760414 2760960 9710923 2760414 2760942 2760960 3230796 9710880 2760371 9040870 9711023 3730006 3731010 3730371 4630930 8190870 9710772 3700770 2760752 9710496 2760880 2760741 9350930 2760942 2760770 9711023 9040872 3470006 3470924 7790371 9710006 7790371 3470924 3470006 3470006 9710006 2760006 6660212 730920 730043 6660996 2760580 2760741 2760652 2760741 230496 730930 6660996 6660460 6660460 8710930 3730422 7311010 3730772 2370973 3730268 3730268 7311010 3730371 7310460 3730942 3730004 2760857 3730924 3730741 3730741 7311010 3730200 7980973 3730043 1760973 8190930 5370930 5370930 5370930 5370580 8190772 730857 7790857 7790857 7790580 7790857 3230422 3250580 2760897 2081023 8190896 9350996 8190422 9710200 8870560 8870741 2081023 8870880 9350560 9350422 9040857 9350743 3470200 7790560 8710767 910043 9710920 3700739 3700212 9710422 9710770 9710743 9710544 7790888 3930560 3700739 9040969 9040969 8870741 9711002 9710205 9710371 3930864 3930414 5230969 9710414 520371 8710414 5230037 910371 6900872 2760114 5370741 730519 5370071 2760043 730743 7790580 5370741 2760948 7790741 2760350 730796 730796 730743 6660800 2760880 730212 6660304 6660561 9710752 9710770 520519 9710544 9710496 3700880 2080414 3230796 3470580 9711023 9350304 3730960 9350924 8190160 8710729 9710857 8710888 9710422 9710772 9710772 9710729 520371 9350006 7790894 3731002 3730371 8190930 9350872 8190741 9710930 7790857 2760952 7790371 3470987 9711023 2760801 2760801 9710200 8710285 230952 8710772 3470987 2760350 5231023 8711023 8710770 9710646 8190752 8710043 8190071 5370752 9350071 9350964 9710729 8710767 9710743 3470441 8710560 9710743 520519 8870812 9711023 9710987 8710205 520857 9710987 2081023 9710544 9710519 3230212 8871007 230422 2760964 7790913 8710176 6660880 2760687
7790371 5230930 9710071 9710739 9311023 9710920 6770160 2760752 9710930 2760371 5231023 8710772 7790371 8601023 2760743 7310004 4880973 3730371 3731002 5230930 230006 5230872 2760371 230872 2760350 2761023 230924 5231023 9350043 2760371 8190930 230872 5370888 5231023 7790652 7790371 9710872 2760872 2760770 2760752 7790743 9350888 8870772 2760969 5370801 5370801 5370833 5370043 2760930 2760043 8870772 5370752 5370772 5370741 5370772 2760987 730894 730743 5230872 6660371 2760964 230920 730371 730857 3731002 7980973 3730580 5370930 2760930 8710519 230963 2760743 230924 230924 5230037 5230930 730006 5370371 9350043 2760928 730414 5370071 2760043 3731002 3730200 7310924 6660930 9350930 3730200 3731023 3730200 3730519 4630930 5370801 2760350 5230930 230920 2760743 5370924 230920 5371002 730964 7980973 9350071 6660930 5230930 9710930 9350964 730071 2761007 730772 730043 2760371 4990857 6660422 230857 6660527 6660930 7310114 7310993 7310993 230857 5370071 2760752 2761007 5370993 730888 230422 230422 6770160 730857 230560 6770160 5370043 5370772 7980973 4990930 4990930 230857 730857 730857 6900466 5370743 730880 230924 6660930 730200 230857 231023 730200 7980973 4990930 230857 6901023 6660043 230741 730414 2760857 2760857 730752 3930200 3930519 730857 2760857 730857 730969 4990857 7980973 7310004 10110857 9350580 9350752 7980973 9350930 4990930 4990857 6770160 4990930 9350930 730580 730580 7310460 6660930 9350930 730857 7980973 6771010 6771010 1920857 4990857 6660422 5370961 730519 7311007 6771010 5370930 230857 6770160 7980973 6770160 6770160 230857 1920857 7980973 7980973 5370770 5370930 8190043 5370772 5370770 9350071 8190942 5370833 9350930 7980973 7980973 7310043 7310114 6771010 6660969 5370770 6660880 6660930 6661007 7310571 230857 6760930 6660930 6660930 730652 1920857 1920857 1920857 230857 5370580 6661007 230422 6660043 7310043 1920857 6661007 6660930 730930 1920857 2751023 6660948 9350580 730071 2750857 9350888 4990930 4990043 9350930 6660948 4990928 730960
730796 2760872 2760205 9350560 8190205 8190422 2760176 9710006 3470772 7790687 7790741 2760857 7790857 250930 2760857 4880973 7980973 730948 6660930 6660043 2760924 7790519 6660924 2760371 6660006 9710371 9710371 2760872 2760741 8190006 8190371 2760857 8190519 2760350 2760646 2760414 2760924 8190687 2760857 8190741 7790857 8190646 4720857 2080580 3230371 730833 6660741 2760580 730414 2760770 2760942 2760960 8190043 3250857 8190942 9710772 7790414 3470441 3471023 3470043 8870043 7790913 3471023 7790743 3470200 9040043 8870043 2760928 8870870 3950870 8870870 7790829 7790829 7790516 8870043 8870043 9710043 7790371 3250043 730741 8870043 7790741 730872 230414 7790743 6660422 8870205 3470930 9350560 6660560 5230205 9350212 6660212 6660969 9350743 2750857 910857 730205 5230930 5230930 730006 730857 300872 730741 8190870 3730006 5370888 8190888 9350888 2760928 9350924 7790857 2760371 4990043 6660043 9350043 5231023 230741 730857 731023 730964 730857 8870043 730043 8870043 730857 730043 730043 8870043 730857 730414 3700043 9350043 3700043 730741 730212 8870043 2080043 8870424 3250043 730796 9710043 730071 730043 910043 9711002 730964 730809 8870043 7790964 8870043 8870741 730964 730870 8870870 3470043 3470414 9710200 3471002 8870741 9710285 2760043 2760043 8871007 9710924 730560 9710864 3470205 9710864 9711002 2760812 2760371 730653 730857 230560 730071 5370888 8710772 230560 3470205 230560 3730782 7310043 3731002 7980973 3730782 3730782 8190043 9350071 730071 2760071 730960 2760752 8710782 730752 730752 730770 8870870 730870 9350888 9350743 8190930 3730782 9350212 9350743 5370371 8190071 8190772 9710200 730043 730741 9350930 9350516 730857 730857 730857 730857 730857 730770 730743 9350160 3930772 910741 730371 910043 9350743 9350924 3250043 730920 7790857 8870212 730212 730646 910043 730071 8190969 8190964 8190371 8190519 3730004 3730942 8190519 3470923 8190371 8710767 9710752 3470987 3470441 9710071 9710743 3470743 9710071 9710920 8710772 3470782 230741 8710519 5370894 5370071 8711023 5370071 2760772 730770 730812 730812 2760205 9710888 8710770 9710496 9350896 3730960 3730993 5370964 8190913 8190741 730371 9710772 2760741 3470772 4630829 3730743 4630371 4630743 4630071 2760114 2760942 8710888 2760743 8710043 9710752 230952 8710770 9710752 3470752 3470782 9711023 3470894 2760920 8710767 9710371 9710371 9710350 9710741 2760857 3700743 8870812 8870422 8870212 8870212 8870772 3700770 7790741 8710646 9710872 9710371 9710371 9710371 2080770 3470422 9710812 7790741 7790516 7790913 7790937 7790913 7790969 7790913 7790913
1920857 5230930 6660560 2760930 230924 230560 730857 2750212 6660304 5230205 9350304 3930205 2760205 9350560 2760857 6660880 231023 230857 5230930 5370752 6660527 9710575 2760652 9350043 2760652 2760652 2760043 231023 4720772 730894 8870772 730687 2760414 7790770 3470772 7790752 730544 730200 730114 730960 730857 8871002 8870212 910043 8870205 7790964 5230043 230422 2760770 6660350 2760371 230809 230872 1030043 3930371 7310043 7310043 7310043 5370043 230741 230350 3470772 3700743 9710743 9710414 3470200 5370752 8190414 2760857 230857 2760043 2760897 2760894 2760928 3730646 3730974 3730974 4630200 4630829 4630829 250200 4630928 4630928 2570580 3250371 730880 3700772 730653 730964 730519 730754 6580212 3230304 9710285 9710960 5230857 9350964 9350880 9350752 5230857 9710212 9350996 3700796 3700741 230496 6660006 9350560 1030282 5370870 9350741 5231002 730561 3930422 3930880 910752 3930422 9350913 9350560 9350560 8190913 3700770 9710575 3700519 3700205 3700560 3700422 9040857 9710960 8870424 9040857 3700519 2760422 2760422 2760580 9710205 9710580 2760857 230741 2760987 3700414 5230371 3700739 9350743 9710857 8190880 3730241 300422 3930560 9710205 6660812 2760743 6660304 8870560 8710741 9710864 8710752 9710928 8710519 8190877 9350765 9710857 9040857 8711023 9040857 9040043 3700205 3700752 3700560 9040043 3700422 9040580 3730928 3731002 4880973 230006 3730200 3730043 7310043 8710857 3700743 9710924 8710872 8190043 3700924 7790516 730857 8190896 1760973 3730043
730282 730414 730928 731023 730371 730729 730200 6660043 730580 6661007 2751023 730200 730928 731007 730741 4990928 4990930 730880 4990928 6660560 2750857 730205 730928 730796 730200 730200 3930870 6661007 730964 730212 6660969 9350043 6660924 730371 730928 730964 8870580 3230043 4990043 730729 6660948 8870282 730812 8870043 730928 9350580 730969 730729 3230205 730200 730200 730924 730544 730928 8870424 9350700 9350872 730006 730969 8870282 730741 730646 5370043 730937 730961 730772 730544 3230772 730687 731007 730743 730743 3230422 730200 3230646 730870 8871007 3230857 730857 730743 730961 730872 4990043 6660006 730741 3230212 3230646 730964 3230969 3930422 4720200 730872 4720200 8871007 9350743 8871007 910200 730646 911007 4720841 7790937 4720741 910928 910371 3230924 910200 3230969 3230422 3230812 3230880 910857 3470987 8710920 3470373 910371 910371 8710729 3470205 8711023 9711023 8710729 2081023 7790888 910857 910752 3930205 3930560 300872 9710969 3930560 9040969 3470200 8710752 9710071 8710504 9710782 8710767 7790516 8190496 9350560 9710928 7790913 730228 730228 730870 730870 730729 730870 730928 730969 730729 3930870 6660741 730200 730200 730729 4990928 730888 730870 730200 730071 730928 6660969 2750212 2751023 6660043 730282 730687 730282 6660527 730870 730770 730928 6660580 730114 730770 2751023 9350006 9350071 8870424 730928 731007 730928 730960 6660580 2750212 300422 3230527 730880 730924 910422 8870424 3230422 9350741 730952 730870 730646 9350870 730646 8870424 730880 9350646 3230646 7790961 4720519 730071 730960 3930200 9350071 3930870 3930870 910200 910200 9350006 4040200 910857 520371 520857 3950729 4720888 8550580 3471007 910729 730282 730282 730114 730948 730729 730833 7790687 730043 7790043 730870 3930961 730114 3700864 730228 8870580 6660043 8870580 3470422 9040580 7790937 2760924 730350 910043 910043 7790969 7790516 910043 3230043 730371 730833 730729 730363 730729 730114 730646 730646 7790741 7790144 2761002 7790519 8870043 9350043 9350043 9350043 9350580 8190942 8190043 3950043 7790857 730228 730228 730228 8871007 8190646 8870414 730960 3700043 3700422 7790752 8190646 2760741 3470414 3470870 4040200 910928 4990928 3930519 3930812 3230205
730228 6660422 730870 730870 730870 730228 6660800 6660371 731007 6661007 1920857 9350580 730928 6661007 730205 6660996 730796 730880 6660527 8870870 730200 730371 2760996 730960 730200 9350043 2751023 730200 3230043 730770 730928 8871007 730752 9350913 730770 9350913 730741 9350646 730928 9350913 730544 730519 9350043 730964 2761007 730646 8871007 8870741 8870424 8870741 8870741 8871007 8870424 7790518 3950371 7790371 7090973 7790857 2760752 2760496 8190930 8190930 3930741 3931023 8870741 730043 6660422 6660043 6660043 2760043 730880 7790371 2760928 7790743 2760560 7790964 2760043 7790043 9710043 7790770 7790841 2760043 6660872 2760205 6660560 2760872 7790519 2760350 2760964 2760743 7790888 6661007 730228 731007 730228 4720772 5370961 2760870 2760772 7790870 8190772 2760422 730880 730212 3230043 730961 730961 8870043 5370772 730043 730870 730969 730969 4990043 730729 8870043 730729 730772 730519 2760969 2760754 2760969 7790969 7790770 8870880 3700043 2760212 8870580 2760928 2760928 730205 730920 730969 730996 730752 8870580 730743 9040864 9350752 730363 730969 730969 730937 4720200 730560 8870580 9350580 8870580 3250580 730729 730772 730772 730870 730561 730646 2760772 4720772 730646 3250043 7790894 9040772 9710772 8710646 9710043 9710071 3470200 8710880 9350930 6660000 9350888 2760928 7790913 9041023 8190877 3950960 3950371 5370930 9350930 4990857 5371010 8190772 3730993 3731007 3730741 6660872 6660812 2760043 730796 6660996 6660304 2760527 6660812 2760560 2760969 2760952 2760371 2760928 2760373 7790937 4631010 4630857 4630930 1031010 2760857 6660930 6660006 2760870 7790652 730422 2760772 5370043 2760043 2760006 7790371 1760973 7090973 5370371 3930560 730857 731007 730519 730729 730519 2761002 8870772 730928 730754 8870772 9040580 7790580 7790743 2760920 231023 7790870 2761002 2760772 6660212 730754 730754 2760043 2760504 7790772 7790752 730496 730948 7790961 2760770 2760952 3470752 730833 730729 8870580 8870212 2760870 5370729 9350870 8870870 9350930 730833 6660350 3930741 3930872 910729 730043 730519 8870833 7790580 8870580 9710796 9710422
3730006 4630857 4630371 4631007 9710200 8711023 8710519 7790961 2760952 7790519 230496 2760772 230504 2760872 2760920 2080414 8710888 3470414 4720371 9710743 9710285 8710924 2080894 2760942 230872 230924 230963 2760414 2760071 2760872 3470772 7790964 5230350 3230812 8710205 5230872 3700796 300872 9040864 7790894 8550519 3930519 730752 8870924 9350937 8190930 9710770 8190504 3950924 5230205 6660000 9710205 2760924 8710729 5230519 9710422 9710891 3471007 7790964 2760770 3230414 4720519 2760964 2760114 8710414 5230519 9710519 9710833 8710350 9710924 9350872 8190043 3730782 5370888 230857 2760752 3470772 8190770 3730006 4630071 3730646 4630752 4630071 4630743 8190920 2760114 2760516 8710519 2760071 5231023 5230519 9710796 9710960 9710888 3470006 3700870 300872 3470422 9040772 3471023 8190519 2080857 4300857 3470743 3470894 3230796 3230527 9710888 3730357 3730420 1760973 3730420 3730004 4630743 4630960 4630741 4630004 5231023 9710519 3470200 3230560 730770 3930205 730969 3930212 3930772 5231002 5230414 8710924 9710205 6900872 6660560 5230422 4720519 3230205 4720888 4720741 8190741 8190741 8190371 3950371 7790857 9710646 9710996 3230414 3230560 9710920 9710422 9041007 2760687 9710888 2760770 2760770 2760752 2760504 2760960 9710770 2760767 230767 2760752 2760752 230809 8710519 7790687 9710519 8710519 9710006 9710920 9710741 3470857 3730430 4630857 4631010 4631010 4630857 4630200 4630200 8191023 230952 230767 2760071 8710519 9710519 5230560 5230037 3930519 9710891 3471023 2760770 2760071 8710519 2760809 2760414 2760770 2760880 2760414 3470772 2760894 2760752 7790743 3230796 3230560 2760996 9710285 4720741 8550519 3700519 6660560 6660880 2760371 3730357 3730004 3730205 3730006 8190812 4630960 8190006 7090973 9710285 9710285 730071 730880 3930743 730880 8710422 3470205 4720964 2760920 4720200 4720371 3470894 4720964 2761007 2760071 2760687 2760920 8711023 5230350 5230205 910422 4630741 8190767 5230872 9710519 2760952 2760371 9710952 3470857 8190896 8190920 2760071 2760414 2760924 7790741 3470200 3730504 3730004 8190872 3230857 9350560 5230872 9710205 3930205 9710960 9710414 5230969 3730646 9710857 9710857 8190414 3470923 3470200 3470580 9710212 9710870 2760752 2760560 2760371 8710864 9711023 5230371 9710371 8710872 9710891 3930864
3470987 3930772 3930796 9710924 3930212 3930770 230350 3470772 7790829 2760114 7790687 8710987 8710888 3470743 7790743 4720857 9710920 4630960 3930205 9710739 910772 3930772 3470205 730812 730894 9710812 8710872 6900872 730371 730371 230350 730888 8710872 3470441 8710782 730894 9710466 7790857 7790894 7790770 7790857 7790857 7790964 7790752 7790841 8710466 730580 730414 4630930 3730782 3730888 3730782 3730920 4630960 3731023 250071 9350743 3230371 3230872 9710888 9710920 8190888 3730964 3730743 4630200 7790961 7790857 7790961 9710071 230924 230857 2760752 8710466 3470772 2760516 2760687 230872 8190043 5370772 8710205 8711023 8710772 3470772 3470772 3470772 3470743 8710646 9710071 8710646 9710770 5230205 3930422 3930772 3930772 3930772 8870772 910752 9710085 8710752 3950930 3470857 9710285 5230466 730770 730770 730872 9710995 9710580 9710772 8710752 3470772 3470772 3470772 7790752 7790894 910928 6660800 3930880 3470200 8710350 8710350 9710870 8710857 9710782 3470987 9710350 9710205 3700770 9711023 3730560 3470857 3730872 8711023 7790857 7790371 8710969 910071 730741 910772 730414 7790969 9710743 7790752 910043 3930414 910371 9710205 910772 7790894 9710987 8710767 910071 9710770 9710964 9710964 9710920 2760896 730952 3730496 3730870 8190870 730743 8710772 9710772 8710772 8710646 2080770 3730646 3730646 5230930 9710930 9710833 3470373 7790924 230920 8710466 730519 9710782 9710462 9710462 9710920 7790964 9710920 3700770 9311023 8870772 9710772 8710969 8710969 9710071 8710646 300996 2760809 2760880 8190371 250930 8190870 9350071 8190969 910043 7790964 4720888 7790743 250519 8710414 8710414 9710920 8710414 8711023 8190519 250930 8190894 3950870 3950870 8190964 7790770 7090857 7090973
8190973 9710462 8710560 8190812 3730888 3730004 8190973 9710864 9710739 9710923 7790770 730894 3950043 3930560 3930422 3930560 8190043 5370560 3950371 9350560 1551023 1551023 1551023 5981023 9710987 8710743 2760857 3730071 2760857 5370770 8190772 5370743 7790857 7790857 8190043 9040857 7790924 3470580 3470580 8550580 8710864 6660304 9710995 3700741 8190752 3730924 3730984 8190801 8190930 5230857 9710857 9711002 3230924 5981023 3700888 3731010 7090857 3731010 4631010 3730812 7090973 3730004 9710857 8710857 9710857 8190741 3470857 3470857 8190687 3470987 3470414 7090973 7090973 7790772 730833 730833 8870833 7790857 8190772 7790652 4630772 7790772 5370833 730833 8870833 8870833 7790841 5370772 730930 730833 7790518 7790913 7790913 5370833 730833 8870833 7790729 7790841 5370993 3470987 7790772 5370833 730833 7790857 3930812 9710205 9710739 3730770 3731010 3730006 3730812 3730964 8190560 8190872 8710466 9710987 3470743 7790752 5230466 6900466 8710872 730006 9710857 3730888 3730006 8190888 730652 3470772 8710924 9710772 8710741 9710071 5230414 9710496 2760741 231023 730833 9710864 3930872 730560 3930772 3930560 5230969 9710880 9710880 520071 7790964 5370741 5230414 3930864 6900872 3700864 9710961 8870924 8190969 3730741 3730004 3470441 3930770 8710729 9710920 8710729 8710987 730920 730687 7310371 4990857 5981023 4990930 4990857 5370833 230857 730857 4990857 4990043 730414 730857 5370930 5370930 730930 4990930 230857 4990930 9350205 730930 230422 4990930 6771010 5371002 9350752 730930 730205 5370833 4990930 7980973 6660872 230872 730857 730833 6660741 230741 730930 730930 730857 730371 9350160 730857 7770857 4990857 1920857 9350930 730857 6660930 730857 8870772 9350043 730200 4990043 7980973 6770160
3470560 8870741 9710212 3730888 3730420 3730371 8190973 3470857 3930996 3930414 3700212 3470441 9710371 9710350 9711002 3470924 2760422 7790770 8710414 9710920 3470857 230767 9710414 9710496 7790414 3470043 4300857 3470743 8710646 9710743 9710923 2760770 9710964 9710350 3470422 9710924 3470752 3470923 9710422 9710924 9710006 9710741 8710285 9710741 7790371 3950870 2760857 4630741 8190519 7790841 7790857 7790841 7790937 9710741 9710964 7790770 9710888 8710924 9710739 9710414 5230560 9710741 3700739 3930741 9710923 9710923 8190414 5230872 5230872 9710496 9710371 9710920 3470872 4720964 2760560 9710739 9710864 3470205 9710924 8190741 3731010 3730646 4630857 3730646 8190812 8190687 3471023 3950924 3471023 3470043 9710770 9710752 9710961 9710422 3230205 9710205 3230560 9710995 3230996 3230880 3230812 3230212 3470995 9710575 2760560 9710920 8710752 2080770 2080772 3730496 3470857 8710930 7790687 8710772 2760770 8190888 3471023 8190770 9040857 8710422 2760770 7790894 3470560 9710519 9710646 9710646 2760767 9710920 3470752 9710870 7790743 8710857 8190952 8190687 3730888 3730743 4630960 4630071 8190930 4630930 8190071 8190913 3470414 9350560 3930560 9710205 9710544 5230969 8710350 9040969 2080894 2080743 9710371 300422 3700205 3930996 9710891 8710422 3700996 8710414 9710880 8710743 2760872 7790770 7090973 3730004 8190767 8190496 8190920 3730770 3730888 8190930 8190888 8190888 9710752 9710987 8710920 3470752 2760741 7790841 8710767 2080770 230767 230504 9710782 8710920 3470752 7790743 3470752 8190964 8190767 3730752 3730496 4630857 4630752 4630928 910857 9710960 5230560 9710928 3700422 4040424 7790741 4630960 4630371 4630743 8190741 3470580 7530580 9040580 7790937 9710544 3470414 8190894 8190812 3730043 3730772 3730560 4630741 4630960 4630071 8190687 8190888 8190646 3470772 5230560 5230205 910422 3930422 3930743 3700205 8190913 9040857 5231002 3470580 3230796 3230770 9710752 9710960 8710752 8710285 2080414 3730767 3730770 3730560 3730363 3730043 3730043 8190043 8190888 8710930 730960 3700205
3700205 5230560 9710743 3470743 8190812 3730812 3730430 4630071 3730646 4630004 8190880 8190687 3470857 7090973 8190960 2760114 8190504 9710920 9710496 3470743 3390743 8190006 4630741 4630071 8190519 8190896 8710043 230767 3470987 9710414 9710923 9710964 2760948 8710752 9710770 8710743 2760071 9710923 9710923 2760952 3730767 8190504 8190960 3470923 3930880 3930880 8190205 8190872 3950960 8190880 8190880 5230414 7790752 9710923 3470285 3470285 9710414 3470285 7790841 7790371 8710743 8710646 8710414 8710743 9710920 8710752 3730770 9710752 8710504 3470200 9710782 4720888 4720544 3470200 9710770 8710767 3730752 4631010 3730752 3730646 3730646 3730004 4630752 8710857 1551023 9710923 9710414 9710414 2760767 3470200 8710770 8711007 2080414 8710782 8710864 5230205 2760006 8710580 8710519 9710071 8710350 9710006 3470006 9710872 3470200 8870144 8870812 7790841 9710205 2760964 2760580 5230519 8190071 3730004 3730767 4630638 3730004 3730004 1760973 3730004 3730004 9710205 5230043 8711023 8711023 8710864 8710371 230872 8710864 3700519 9710920 8710414 3470414 9710043 8711023 3470743 3470924 2760894 2760741 3470743 9710176 3470414 3470743 3470894 2760743 7790894 2760964 9710462 2760770 8190952 8190414 9710930 9710205 3930205 3930205 3930043 3930996 3930560 3930772 910741 8190687 3730928 3730928 3730741 4630741 3730984 9710857 8190071 3730560 3730496 8711023 9040857 9040857 9710414 9710872 2760928 6660812 3230205 9710422 3730004 3730422 8190071 8190741 9710928 9710006 9710646 7790841 3230205 9710205 3230560 8870560 4720888 9040864 730888 230924 8710772 3470743 7790516 3470782 9710782 230767 730752 230767 730888 9710176 3730743 9350752 9710969 8710205 8710969 910071 9710752 4720772 910205 9710770 3470504 5370770 7790516 2080772 7790829 730896 3230205 3930205 3470205 9040864 9350560 5370071 9311023 8710987 8710888 8711023 8190894 3700752 730857 5370752 8190960 8711023 5370770 8190770 3950772 8190894 230496 230006 2760371 3230872 7790414 730964 3930414 9710414 3700960 5230414 3700205 3730752 3730898 3730504 3730898 1760973 5370743 5370770 6660924 3700770 9710729 3730770 8190952 7790741 2760496 7790743 9710770 8190043 3730580 8190071 230920 2760741 730796 3230205 730006 3930741 8710741 3700205 4300857 4720363
8711007 3470923 3470285 8190752 2760114 2760987 8711023 7790743 7790888 8711023 2760743 2760350 730812 9710462 8190888 5370888 8190888 8190888 8190888 4630743 4630741 4630969 5230414 8710205 9710739 3230527 3471007 9040772 7790924 8870043 7790857 7790371 7790841 7790888 2760743 2080580 3470200 7790516 7790913 3470200 5370741 7790857 8190371 2760516 2760687 8710176 230924 9710743 9710772 3470772 910772 3470894 3470772 2760964 2760646 8190767 2760043 8710176 9710414 730888 4720772 3470285 8710987 4720371 9710770 3470580 8190770 8190006 8190071 2760920 8710864 8710772 9710782 8870205 8870924 3470441 3470782 4720964 7790961 3471007 7790964 8710504 9710924 9710809 9710928 3700743 7790888 3470200 8871007 4720544 8870741 9710987 3470414 9710888 9710888 3470743 3470200 9710496 2080772 2080772 3470200 9710923 9710371 9710371 9710741 9710006 3470987 7790894 9710544 8710924 9710741 8711023 8190809 9710864 8710782 9710646 8710924 2760924 730580 730741 230948 2760043 8190043 5370964 2760897 5370993 3470580 9710923 9710414 730205 2760560 730743 2760752 8710772 3470285 9710770 3471002 9350741 6660560 9710205 8710770 730770 5370964 8710466 7790371 9710924 5981023 7790857 5370924 9350964 5370071 8190516 2760580 5370580 2760743 730920 910928 3470200 8870422 4990857 6661007 9350646 9350880 9350743 6660043 6660371 2760741 2760371 2760371 2760371 910519 7790937 8870924 8190519 2760371 230006 2760371 6660006 6660872 6660371 7310961 6661007 2760961 2760928 3930864 7790752 9040772 4720841 7790894 2760646 2760767 2760920 9710920 3470987 2760964 5370371 730961 910200 8190741 730144 3470870 8190752 3730920 8190870 2760350 9350872 3730004 8190960 8190964 8190770 9350043 6660043 6660880 230880 6660212 2760043 6660880 2760741 8870772 2760924 8190772 8190964 5230872 231023 230414 230872 5370870 7310460 6660212 7790580 6660561 9710796 730880 7790888 9710043 9710544 9710872 2760754 2760772 2760894 7790519 2760371 3470200 2760770 2760212 2760996 9710575 8190205 3730770 8190752 8190266 8710857 8190752 4720857 8710414 9710872 9710969 730928 9350741 8870772 730519 6660872 6660580 9350043 2760516 9710205 2760205 8710205 2760969 2760969 250961 8870560 2760896 8190071 8190770 2760350 5231023 231023 2760205 9710200 6660212 6660422 2760969 3230212 5230560 9710422 3230812 9040961 910741 9350880 9350752 5371007 2760006 3230646 3700864 910924 3470006 9710371 9040872 9040872 3950960 8190913 9710864 3470995 3470924 9710924 3250363 3950870 9350913
4630930 4630638 3730004 1760973 4630930 4630930 4630772 8190801 8190888 2760857 250519 2760743 7790857 5370071 8190888 2760857 8710176 2760743 730519 2760872 4720519 2760743 2760743 3470772 7790743 7790580 8190752 7790580 9710466 8190519 2760801 2760772 2760772 2760752 2760960 2760960 230952 2760687 2760687 2760960 2761007 910560 3230969 730928 3930870 3930422 910937 3700964 9040961 3930770 3930741 9710371 4720200 8870741 8870205 230350 2760741 5371010 7980973 3730602 1760973 4630004 2760920 8710466 2760071 2760754 2760754 2760960 7790752 2760560 3471007 2761007 2760580 7790371 730880 8870560 7790414 7790205 3731023 3731023 3731023 3730580 4630580 5370580 8190913 5370741 5370752 7790857 5370752 7790580 7791023 8870870 7790870 7790961 7790841 2570580 3470987 2760920 2760894 730964 8710920 8710987 8190564 8710888 8190071 730767 8190071 730071 8870518 3700205 7790841 8710767 2080770 9710870 910205 9710770 4040200 8710857 9710544 4720964 8710504 7790770 7790937 5231002 3700752 8870144 8710741 3730872 3730420 3730004 1031010 3730420 1760973 8190964 8711023 9710414 8710880 9710770 7790743 2760964 7790519 2760770 2760896 7790772 2760071 2760071 8190519 2760952 7790961 7790888 7790913 3950772 2760896 2760894 2760580 7790580 8601023 8190964 5370964 8710466 7790752 8190752 3470743 9710743 730752 5230037 9710772 9710770 9710857 8710880 9711023 8870414 8710767 8710752 3470743 3471007 910752 910752 9710770 7790857 9710544 5370560 3230857 8190205 3230205 4720200 7790560 4720363 7790518 4720841 7790913 2570580 7790937 4720772 7790841 7790841 7790913 7790841 4040424 7790913 7790913 7790937 7790961 7790961 7790961 7790961 3950043 7790913 4720841 7790913 7790913 7790841 7790841 7090973 3470200 5230857 5230930 5230857 3700772 9710872 3730004 3730638 1600973 1760973 3730004 6660812 8710285 2760205 230809 3731010 3730004 3730004 3730268 8190937 8190646 3930870 3230880 3230924 730857 4020000 5230560 8710729 3470930 8710519 2760809 5230872 8710646 8190741 8710767 8710770 9710496 9710767 9710952 3930212
7790414 8710930 730952 9710462 8710928 7790371 9350741 8710969 2760071 9710920 8710519 7790857 2761002 2760441 6771010 2760930 2760772 2760772 2760857 3470200 7790857 7790857 7791023 4630004 4631010 4630857 3730420 1760973 1760973 8190973 8190973 8190571 3930205 3930961 3930519 730071 910043 3700741 3470894 8190071 8190646 8711023 8711023 8190504 1760973 1760973 1760973 5371010 8190043 8870880 9350422 9350304 3930212 9350870 8190560 910857 8190752 3930857 3230857 910857 9350743 9350646 9350071 3930857 3930857 8190969 9710969 9350880 3230857 3250857 3230857 3230857 5370961 3230857 8190741 3470857 3730004 3230857 730812 8190961 3700857 9350205 9350560 8190516 3230857 3731002 9350930 3230969 9710200 3230857 3230857 8190741 8190961 8190960 910857 910857 9350880 910857 910857 730857 5370896 5370071 9350888 9040857 8190772 8190741 9350212 3700205 7790857 8870424 730653 730996 5370560 730646 730071 8711007 8190071 8190071 730857 730960 230767 730772 230767 230496 230496 2760504 2760071 2760960 2760176 9710772 2760920 3470752 7790894 8711002 3470782 8870772 3470200 7790937 730880 730961 3230772 3230772 3230560 3470772 8870772 3470772 3471007 4720857 8190913 8190888 8711007 730071 8710987 730888 910772 2760772 3730071 8190888 8710857 8190160 730888 8870772 910772 8190969 7790964 9710767 9710772 6660043 9710085 730796 910752 9710782 7790770 9710809 9710752 9710767 6660741 8710285 3930770 9710752 3730496 7790741 2760043 2760043 2760043 2760952 7790752 2760496 7790043 2760646 9710085 230952 2760580 230809 2760580 2760948 7790580 230504 8710519 9710782 8710580 730754 3230872 4720371 9710371 730754 9710772 7790205 7790937 7790580 3230560 730653 3230205 4720772 3230560 4720888 730961 3230772 730772 730496 3471002 4720961 3230772 9040772 9710743 3470752 9710770
9710872 230006 9710414 9710864 730653 2760205 3230560 6660006 9710864 2760006 910519 2760373 2760767 8710864 9710205 8710872 2760770 9710770 9710350 9710519 9710872 9710872 9040872 3470782 7790743 3950043 9710770 5231023 9710212 9710888 8710205 730687 230872 8710741 3700743 3471023 3470743 3471023 3470743 5370741 2760942 9760200 2080043 7790516 7790829 2760043 2760404 2760404 2760043 2760114 2760942 2760687 2760114 9760200 7790743 730580 730519 2760516 2760767 2760942 230963 2760071 2760441 2760952 2760752 2760770 2760516 2760896 2760942 2760952 2760767 2760770 250519 2760772 2760646 2760772 2760770 2760952 2760767 2760752 3470772 2760754 2760770 230496 5230466 2761007 9710741 8710414 3470285 3470285 2760006 8710782 8710872 8710285 2760961 2760752 2760770 730071 4720741 7790961 7790743 8190646 4630580 1760973 4630004 5370071 2760752 230952 4720772 730767 8870741 3470987 8710767 2760920 230560 8710752 9710071 8710519 2760414 2760687 8710864 9710071 9710987 8710888 8710872 8710864 910371 8710987 8710987 9710770 8710772 9710772 2760961 3470782 9710920 8710872 9710920 8710888 8190964 8711023 2760920 2760743 2760920 2760743 7790743 2760857 230920 230920 730212 2760960 2760071 5370560 8190920 3950960 2760752 3470987 8710646 4720964 3470200 9710872 1551023 1551023 9710833 3700519 5231023 3930924 730071 731007 2760371 2760422 2760580 2760580 230006 230006 2760371 230872 730519 230006 2761007 2761007 730770 2761007 2761007 2760371 230504 230767 230560 230504 230350 230350 2760687 2760580 7790743 7790857 8190888 3470200 2760752 2760743 2760071 2760964 910519 8711023 8710752 8710504 2080770 2080770 3950960 3950960 2760043 230504 2760964 9710920 7790841 5370043 5370964 2760894 8190043 8190770 7790841 7790913 730960 8710987 9711002 9710496 2760414 8710782 2760371 7790371 9710995 5370888 8190960 8190973 7790888 8190741 7790857 8710466 3470894 7790752 8710928 8710752 9710924 7790857 8190969 9710422 730414 730880 4720888 3950371 3950043 7790937
8190646 9710857 8710857 6660460 9710371 3730371 8190942 8711023 8190767 8190942 2760857 9350460 9710987 8711023 3470205 7790205 2760896 8190960 8190960 8710767 8710741 2760772 9710920 8870924 9710772 3950371 3470285 9710741 3470414 3470043 7790741 7790743 910200 8190961 8710205 3930200 3700752 3930857 5230930 9710527 8710772 9710371 8710782 9710772 8710371 9710872 2760809 230414 3700770 3470894 9710920 9710888 3470043 8190770 2760896 7790371 8710752 3470743 6900466 6660560 2080414 9710995 9710752 3700071 3930924 5230350 3700964 3700414 3730924 3730004 1760973 3730004 3730004 8190969 9350741 3930414 3930880 9710741 5230560 520857 9710960 9710496 3700071 3700212 3700770 3470752 9710071 3730004 8710422 230880 8710767 7790888 7790743 7790752 230414 7790371 5230646 7790741 3470772 3471023 8711023 8190071 3470200 230952 2760752 9710371 2760114 6660924 8870414 3470752 9710527 3700205 3700560 3470743 3700560 9710857 3470743 8190071 9710987 3230969 5231023 8870560 3230812 3700212 8190767 3730004 3730960 1600973 3730004 8191010 8190888 8190752 7090973 7090973 8190504 8190964 9710888 5230872 300872 300872 9710371 910043 910071 9710422 8191010 1760973 8191010 7090973 1760973 8191010 7090973 8190741 7090973 7090973 4630741 8190043 7090973 8190801 2760414 3470857 3470857 3470743 6040857 3470752 9710920 9710995 3950924 9710646 9710496 3230924 5230872 9710864 3700961 1600973 3730006 1600973 7090857 7090973 8190752 8190741 3470857 9040857 9040857 7790743 7790924 9710752 8710729 3700741 9710864 2760741 2760414 230350 2760741 2760071 8710176 3730888 3730743 7090857 3730004 7090973 8190872 8710646 3470857 8190071 3950960 7090973 3470987 9710414 9710809 3470414 3471023 8550519 2760741 2760414 7790770 2760496 2760928 9710043 3470752 8710560 9710969 3700888 5230872 3930371 8710969 9710043 8710043 9710350 9710888 3470782 9710920 3470772 3470743 9710496 8190767 7090973 3470200 9711023 3950043 3950043
5370580 7790741 730646 5981023 8190765 2760043 7790964 3730268 1760973 2370973 5370894 5370896 5370043 5370894 2080043 730924 730964 8190894 3470200 8190767 8190973 1760973 3230414 1551023 8190741 910857 3470200 7790770 8710987 3470373 1760973 8190870 8190071 8190071 7090973 8190770 8190888 9710857 9710987 9711023 3470422 3470743 8710782 9710969 5230205 9710575 3730268 5370770 3730519 3730872 1760973 3730872 3731023 1760973 8190071 8710772 2760857 2760414 230560 230504 2760504 8870560 7790770 8190772 3250560 8190043 7790580 8870580 910752 9710085 730888 5230519 3230772 7790961 7790371 1760973 8190371 8190961 8190896 2760516 8710770 8710770 9710770 9710772 9710924 7790741 9350071 3730920 1760973 1030993 6760973 8190772 3950560 7790913 7790913 7790937 7790518 8710880 9710969 3470752 9710770 9710006 8190812 2760964 230741 7790741 8710741 6660800 730870 910071 3470205 8870144 3730984 3730646 3730969 3730969 4630004 4630913 8190646 3730363 3730004 3730004 4630743 2760772 8710741 9710864 3470285 9710888 7790937 7790894 3930519 2760373 8710772 2760812 230504 2080580 9710995 9710770 7790516 3470743 7790770 8190043 2760071 7790743 250580 2760896 7790857 7791023 7790857 7790741 3470414 2760894 9710752 7790770 9710414 9710888 3470743 910741 3930864 2760741 3930519 7980973 8190969 8190646 9710961 3250043 5370741 1760973 3730767 4630752 8190772 3930371 5230969 8710880 2080770 3930796 3470782 910071 910043 7790964 7790969 8190969 2760373 9710772 3470987 8710504 3470782 8710285 730894 8710864 3930880 9710205 910371 9040969 9040969 3950371 9710952 3470752 7790964 2760801 5370930 2760772 2760772 7790371 7790964 7790371 3700071 3730646 8190801 3470857 9710782 9710880 9710996 730752 9710205 8711007 230767 7790770 3470205 2760894 2080772 8190071 5370964 8710888 9710071 8710519 9710920 9710519 5981023 7790964 2081023 3470580 9710920 8710888 4720888 8710743 3470743 3470752 2760770 8710646 3470743 3950043 7790371 9710462 3730004 3730004 3730241 9350924 9350924 6901023 5230519 7790894 8710422 3730519 3730960 1760973 1760973 3730646 3730974 8190772 2760896 7790516 7790888 7790743 7790729 730888 7790687 8710772 3470743 7790743 7790894 7790894 7790687 7790770 2080772 2080519
8550857 2080743 9710857 9710743 9710371 9710371 9710371 3700741 4020000 8710924 9710923 5230930 7790414 9710930 5230930 6900466 6900872 9710371 3470580 3470857 7530560 3470987 2080770 3470200 9710496 9710496 9711023 9710414 8710770 9710752 3230770 3470200 8710560 9710519 9710414 8190880 9711007 9710414 9710857 9710646 8190516 9710496 8190894 9711007 8710519 8710770 9710770 9710770 9710414 9710767 9710857 9710752 3470752 3470857 9710952 3470894 9710770 8190371 2760969 2760741 8870043 3730924 3730496 1551023 5230414 9710864 8870414 9710880 9710880 3930864 5230646 4720857 8190560 8190888 8190888 9350560 8190560 3470200 9710872 9710770 3470205 8710872 3470200 2760071 8190043 9710920 3470200 9710923 2760770 8710371 9710857 8710741 8710043 9710200 9710864 9710414 8190767 3700741 9710575 9711007 3470422 3730782 5370071 9710782 9710952 3470752 5230371 9710880 5230371 9710996 9710741 5230560 9710741 3730741 4630752 3730519 9350741 9710923 9710414 5230646 3470200 9710414 5231023 3230414 3470857 2080857 3730920 3730770 3730770 3730741 3730767 3730767 3730812 9350414 8190414 3470857 9710646 3470857 9710809 2760924 3470285 3470894 2080770 3470923 8190896 9710741 9710923 5231023 9710519 9710741 9710809 3470414 3731002 3730928 8190960 5230930 5370560 5230872 9710741 9710350 3470205 9350924 5230646 8710872 9710371 520743 9710371 9710880 9710414 9710741 1551023 8710422 8710285 2760516 9350894 3470857 8190872 8710743 8710560 8710743 9710743 9710960 3470414 9710752 3470580 9710770 9710857 7790752 8710767 9350880 8190371 9710770 7790964 9710880 9710872 9710872 8710422 9710880 8870205 9710880 9710864 8710864 9710006 9710006 8710872 8710767 3230560 9710205 9710864 9710006 9710371 3470872 9711023 9710544 9710544 9350741 5230923 9710544 9710414 9710496 910071 3700212 7790969 5230466 9350888 730857 3730580 8190006 5230872 3470006 8710741 3470894 9710006 3730964 3730371 9710371 8710924 3470894 8710743 3930205 9710422 5230205 9710462 3730920 1031010 7980973 8190812 8190071 3230212 3230414 9710519 5230519 9710575 910205 5230205 9710969 3470743 9710924 9710006 8710205 3470373 9710812 9710743 8870924 8870205 7790937 4720741 9710285 7790371 9710741 8710920 3470995 2080414 5230519 9710872 910741 3470200 3470200 9710739 9710422 3230924 9710796 9710752 9710880 3230796 9710741 5230037 3470772 3470743 8710743 3700560 9710006 9710071 9710371 2760857 2760930 8190043 2760920 2760176 2760812 2760964 2760964 8870580 8711023 8710519 8710743 9311023 9710043 4630930 8710930 250930 3730743 3730782 3731023 3730519 3730646 9350743 9710770 9040864 3700743 3700964 8710928 9710071 8710888 9710767 9710646
3730371 4630741 3730006 4630960 7790741 8190894 9710920 9710920 7790924 2760770 9710872 9710350 3730006 8190872 8190973 8190872 8190646 8190767 9710071 8710741 9710752 9710770 3700752 8190888 8190888 8710519 2760414 8710743 9710371 3230304 5230872 3230560 230414 9710864 3730006 8190006 2760924 7790687 7790888 7790743 3950560 910924 3930924 3930043 3930560 520371 8870924 8190772 2760801 2760952 2760809 7790519 7790870 7790913 7790888 7790841 7790937 3390580 7791023 7790857 7790857 7790857 7790857 7790937 7790857 7790857 7790937 3930205 9710770 9710739 520371 230924 3470743 2080743 3470743 2760743 7790743 230920 2760894 2760743 1760973 3730743 3730964 3730004 8190964 8190741 9710205 300872 9710205 9710350 9710212 3470560 3470414 6660872 3930872 5230872 8190006 4630004 8191023 5370741 4630004 8190913 8710987 8710646 730772 7790888 9710743 5230371 9710770 3700285 9710729 8190894 8190952 3470200 520519 9710770 3470752 9710987 8710928 3470872 3700741 3930924 8870560 8190872 8190913 3950924 5370043 5370752 9710071 3930205 3230371 3230212 3230560 3930371 910544 3230796 911007 3230872 910071 4720964 3700888 2760969 250961 9710205 2080043 3470923 3470043 3930371 8190741 8190371 8190872 2080414 9710960 3700414 9710923 5231023 8190741 3730004 8190894 9350741 3700414 9040969 520519 2760754 2760969 8710888 9710952 8190071 8190043 3470200 9710414 9710414 9710422 9711023 9710285 9710212 8190770 5370043 3470894 8190888 2760071 8190888 7790371 8190043 2760441 2760071 2760772 2760772 1760973 1760973 3730004 1760973 8190772 8190043 8191023 8190920 8710466 9710580 8710752 8710580 6660880 730812 230350 2760414 3470752 9710285 3470205 7790964 8710466 7790888 8190767 3950043 7790857 2760894 2760770 3470743 7790770 3470496 7790888 7790043 2760920 3470043 7790743 2760872 2760043 3470743 7790857 3470772 3470782 4630960 4631010 4630638 4630857 4630004 4631010 4630004 7090973 3390743 3930371 3930205 3930205 3930772 3230969 730371 3230969 3230414 730371 911007 3230371 2760961 9710987 8870043 8710043 2760646 2760770 8710519 9710923 2760767 3470580 2760414 3470200 9710924 8710924 2080770 8190071 3730920 3730496 3731023 4630200 4630200 3730920 2760952 8711023 8190770 7790857 8191023 2760043 230963 2760770 2760743 9710770 7790752 2760920 230872 230872 2760414 230414 230872 2760043 2760741 2760770 8190043 3470043 2760071 8190496 4630071 4630960 4630071 4630004 8190888 9710205 3930870 9710729 9710924 3470752 4630752 3730504 4630004 4630752 5981023 9710920 5230969 3930386
3390743 3730071 5230414 3930414 3930212 2760422 9710920 3730496 3731023 3730888 3730496 1760973 3730920 9710580 230948 2760580 2760580 2761002 2760880 2760527 7790371 8190071 7790913 7790652 8190937 7790743 7790888 2760071 2760043 7790894 2760496 7790888 7090973 7090973 4630004 4630743 3390743 4720857 7090973 7090973 1031010 8190414 8190752 8710880 2080770 8710770 9710646 3930924 3930519 910371 8190888 3470205 910071 2760952 2760896 8711007 9710782 3470782 9710864 910071 910371 8710857 8190071 3471023 9710864 8710767 8711023 2760969 8190969 8190414 8190973 8190205 8190872 3930205 3470373 520743 520071 9710350 9710809 3730420 4630004 8190952 3950960 4720888 8710743 3470743 9710071 230920 230920 8710743 3471002 9710770 8711023 3470782 2760743 230920 2761002 2760743 9711023 2760071 7790687 2760896 2760071 8711007 8711007 4720964 9710920 7790371 2761007 230496 230496 2760960 2760516 2760770 7790743 7790743 3470782 230920 2760987 230414 2760770 230767 4720964 3730920 3730888 4630743 3390743 3470580 9710176 3470752 3470496 7790687 8711002 230496 230767 230504 2760964 3730964 3730772 2760894 250071 5370894 5981023 2760987 7790964 2760687 230952 2760504 9311023 7790888 8190896 4630741 8190920 3700888 8710176 3470857 2760743 8710928 5370743 5370743 3730504 8190519 231023 2760043 230767 7790519 8710176 7790894 2760176 7790888 7790743 3470894 2760964 2080743 8710176 3470743 7790894 3470200 3470782 9710961 8710519 9710519 8711007 7790743 2760770 7790888 7790743 7790888 7790888 7790888 3470200 8190071 4630752 4630200 3730920 910857 910200 3930880 910752 910544 910928 910928 9040961 9040961 3390580 7790580 7790580 7790857 5370743 7790580 2760071 7790888 2760371 2760441 5981023 2760987 2761002 2760964 2760894 3730004 3730268 4630580 7090973 4630071 4630200 3230857 9710580 230920 3250580 2760964 5370964 3730920 5370888 3470200 3930200 7530560 730809 9710833 3930205 2760741 7790743 7790937 7790888 7790743 8190646 4720580 9710580 3470580 3470441 2760176 3471007 9710920 230920 9710770 2760961 3730888 4630741 8710857 4630743 4630071 910857 8710371 8710928 910519 3930212 730560 730969 730969 730205 910928 9711002 730560 910928 8870812 8190205 9710350 520371 3470924 9710743
3950043 7790857 5370282 7790857 5370752 5370770 230741 9711023 8710580 7790770 3731002 3731002 3730496 8190504 8190767 5370071 5370772 5370741 5370371 730741 730960 3930422 6900872 3700741 9710752 3470006 4720200 8190371 8870772 3950772 8870772 3470772 3470200 3470995 3470200 8190205 5370371 730857 910924 4720857 8190752 9710864 910741 730205 3930205 9350205 5230923 3930414 9710987 8870560 9350743 3730071 3730920 3730782 3730646 3730228 3731023 3730580 3731002 2760964 2760930 230504 2760752 6660371 230741 8710872 2760441 2760987 8710857 730888 6660000 5230422 9350414 3730006 3731002 910857 8190888 5370752 8710466 4720857 730770 5370043 230924 2760924 2760960 2760770 9710085 9711007 9711007 730896 6660212 3230872 9350006 2760580 9350872 8190894 6350646 5370371 730743 3930796 3230969 730729 8870560 3730006 8190071 2760071 5370741 3470782 4720772 5370371 730964 230006 2760176 9710995 8870422 230880 2760770 3230872 9710575 230872 2760857 5370870 2760961 5370371 2760870 8870772 2760364 7790961 7790857 8870580 8190770 8190770 5370743 3930872 1551023 8191002 730857 9710772 230767 8710772 8710772 3470782 9710782 3230560 3230422 730560 910519 9350304 3950371 9350422 9350580 5370043 2760770 5370896 7790752 2760920 8870870 9710752 3700414 3700743 8710205 9710743 8190770 230496 2760930 2760960 2760205 2760894 230560 8711023 8190872 8190969 9350646 3930205 9710770 8710987 730205 730560 7790752 7790752 5370460 730812 3230560 730770 9710930 3230857 230872 230872 3230772 730767 8711023 9040772 8710466 5370071 3730646 3730872 3730496 3730646 4630043 8711023 7790857 5370743 8710767 8190071 3470857 8191002 910857 2750212 3230857 9350880 3230857 3230857 730857 3930857 730857 9350212 2760930 9350160 9350930 5370930 2760857 5370870 5370870 9350870 6770160 8190519 2760969 5370741 9350913 2760930 8190969 9350646 8190519 8870772 5370741 9350888 9350930 8190930 730857 9710969 9350043 9710729 730560 5370043 8191002 9350930 8190930 8191002 5370043 9350043 9350913 5370282 730646 8870518 9350913 8190205 9350930 5370741 3950930 9350646 8190772 8190913 9350071 8191002 8190913 8870043 8870580 730770 5370752 9350580 730937 8190043 8870518 8870424 3470200 730560 730880 8870580 8870424 5370580 5370770 9350743 5370071 9350880 8871007 9350646 9350580 9350996 3700857 6660996 8190422 9350006 9350924 8870424 9350560 8190770 9350743 9350560 9350743 9350937 9350913 8190888 9040864 8870560 2760857 9350913 730772 2760857 2760857 5370888 2760952 2760960 8190205 5370741 9350580 9350580 8870772 8190071 8710466 5370961 9350646 3931023 9350937 910544 3930961 910928 9350700 730857 3700864 8870043 730924 3470743 730809
7790752 2760952 3470285 9710741 7790924 2080414 9710414 3390960 7790857 3470857 3470857 7090973 7090973 7090973 7090973 7090973 7090973 7090973 7090973 7090973 7090973 9040857 9710575 9711007 5230205 3470995 9710043 9710371 9710864 3470995 9710006 3470560 9710006 9710422 9710880 730561 8870043 300422 9710527 730212 730043 6660561 3700796 9350212 6660527 3700772 3700212 3730004 4630638 9040857 9040857 9040857 9350894 4990857 3230857 4990857 4990857 5370071 4990857 730857 5370961 730857 730857 730857 4990043 730580 730580 9350580 9350743 9350580 5370752 730580 730857 730580 4990043 730422 730857 730580 730930 730743 730857 730857 730282 730282 8870580 730857 8870580 730928 730937 730964 730964 8870580 6660350 6660741 9350560 910928 5231002 3730004 3730969 3730205 3730071 9350422 3230880 3230812 730960 8870282 730743 3700043 9710923 3930864 3700964 3930857 9350304 3730560 9710857 9350160 3230857 730857 6660812 3230560 910519 910205 8870741 9041007 9041007 9040969 3730646 3730646 3730560 4630928 4630200 4630928 4630928 3730646 4630857 4630004 4630857 4630969 4630913 4630969 4630969 4630969 5230646 910205 9350880 9350880 9350687 730796 730960 9350741 6660996 9350646 3930386 3700961 8870144 9350752 910928 3700961 3700870 8870870 730928 8870924 8870930 8870870 730870 8870424 9350460 730212 8870930 730930 730888 730960 8710752 730870 730969 230496 730894 730580 2760580 230006 731007 730752 730772 730371 730796 730872 730580 5370043 230350 230948 5370687 3730004 3730638 3730043 3730638 3730004 3730043 3730004 3730004 3730460 8190937 8190160 8190930 8870930 8190930 8870870 730043 8870043 7790841 8870930 8870772 8870043 8870043 8870043 7790969 2760857 5230930 5230857 5230930 2760924 6660006 3730638 3730772 3730741 5230930 730930 730924 6660304 910772 3930772 730888 730560 3930212 730924 8870424 910043 730857 9710200 2750857 9350930 730857 6760930 3731002 730857 6660371 4990857 9350741 9350741 2751023 9350043 9350043 730752 9350930 6660930 9350006 9350930 730371 730857 2750857 730857 730928 730964 730729 730687 730729 8870043 2751023 730928 730960 730043 4990043 3930043 730928 730646 730969 730729 730043 730928 8870424 730928 730928 730969 730857 730043 9350043 8870043 730928 8870424 3230422 3930371 3930422 3930414 8710741 3730984 3230212 8710350 730996 730752 3230969 730770 730371 910422 730880 4720772 7790580 730646 2760743 2760071 230952 9710071 2760964 8190920 2760857 7790857 8190043 3470930 9710285 731007 9710285 9711002 3230422 730560 730006 3731002 9350043 7790857 730857 8871007 7790857 230504 730653 730969 3930560 5230205 9710833 9710782 9710006 9350071 730857 5370743 8710414
6660800 2760930 6660212 9350043 9350880 6660043 9350422 9350880 3700285 6660212 6660043 730414 9710833 730924 9350880 9710285 730414 9710422 730796 9350880 9350212 730796 3700285 3700212 9350212 6660880 6660212 9350212 6660880 9350212 9350741 9350414 730741 230880 2760371 6660561 9350765 730857 9350043 6660741 6660924 9350741 9350924 9350043 9350043 9350043 6660880 6660212 6660212 6660561 6660800 6660880 6660212 6660880 6660212 6660880 9350880 9350212 6660561 9350880 9350880 6660212 6660800 9350880 9350212 6660880 9350212 9710796 3930880 9350880 9350212 3700772 3700796 3700772 9350880 8870212 3700772 2760880 3700743 8870772 7790205 2760928 9710212 9710519 5231023 8870880 9710212 3700043 9710796 9711002 3470422 9350212 3700796 9710796 3700880 3700212 9710200 6660880 4990928 9350516 9350071 9350870 910928 3470743 2760743 6660422 2760752 2760772 3470772 9710772 2760928 3700560 2760371 8870880 2760928 2760987 7790752 6660212 2760043 6660561 2760896 3470894 2760754 2760880 3700924 9710923 9711023 3700285 9710767 3470414 3470894 9040772 9710646 3700772 8190687 8191010 8190646 8191010 8190560 8190741 8190160 9040857 8190752 8870880 7790937 3470205 9040043 730371 730969 9710371 9710888 9350870 730770 730729 2751023 730228 8870580 730928 730646 730857 7530580 520857 8190888 730071 9350870 731023 2760743 2760212 7790870 2080580 7790518 6660741 230560 9710205 2760772 2760924 2760371 2760006 7790829 5230872 5230646 3470872 4720371 5230646 3931002 9040969 4040200 9710646 5370687 8870144 3930870 3930741 8870560 8190960 8190969 8190969 3950960 9040043 7790870 8190888 8190772 8190006 8190646 9040857 7790743 2760920 3470200 2760770 7790687 9710519 2760741 250519 6660872 2760872 2760872 2760741 9040870 2760880 7790841 3700743 300872 3700743 9710729 3930770 3930741 3700996 520741 3700741 3930796 520071 8710920 3950371 8190880 9040857 8190888 9040857 6660996 2760527 2760896 2760422 7790829 9710772 8190942 3250043 6660560 2760880 6660460 3930870 3931002 3930870 9040580 3470857 3950371 3250937 3930043 4720969 8870043 230872 3930870 9350729 910071 9041007 4720857 4720741 3950960 8871007 3930870 9710870 9710928 3470743 9710928 2760741 9350880 7790752 9040870 8190071 8710864 3930880 3731010 3730420 3730004 730888 730205 730743 730888 910043 8870205 5370888 9710544 9350741 2760960 730969 8710646 5981023 9350888 910071 9710870 8710969 2760894 231023 230496 6660812 6660800 3230872 3230422 9710422 9710085 8710205 9710923 8710371
730653 731007 3230772 730414 3230996 9710285 9710212 7790937 9710544 3700285 8190770 8190913 8190812 8190504 5231023 3470752 9040872 8190964 3700770 3700924 8190812 8190646 8190937 3470414 9710646 3470422 9710646 3700770 3470200 8870924 6660741 230872 8190930 3730004 8191010 3730004 3730004 2760043 6660000 2760928 6660043 2760897 9350924 6660006 5230371 3930872 8870924 3730924 5230857 9350560 9350870 9710961 9350422 730652 9350996 3470200 3700770 6660350 3230812 9710872 730812 8870043 9350043 2760652 6660212 230422 7790743 7790770 9710071 8870043 8710504 9710544 8710920 9710043 8710770 9710200 9710752 8710920 8870812 9710960 9350752 3230560 8710646 730872 3470772 9710414 7790752 3470200 9710544 8870424 3470987 8870924 7790964 8870422 9710888 3470580 9350687 6660422 3930870 3930880 3930560 3930200 9710969 3930200 9350114 6660350 3930205 3930200 9710496 2760969 2760870 2760752 2760770 2760969 2760414 2760752 2760043 3930743 730796 4990043 2760772 9710880 3470772 2760560 2760924 2760071 2760880 3470200 3470870 3700924 8711023 8711023 3470200 3250857 8190646 8190752 8190560 9710930 730043 5231002 730560 9710923 8710371 230350 3250043 3470995 8870741 9710371 9710872 9710864 9710995 5231023 5230371 9710371 7790741 8870205 2760350 9710864 2760350 9710864 2760350 2760942 9710864 2760809 2760924 2760350 2760964 8710767 8710782 3470930 3250560 3470200 7790741 7790743 8870424 3470422 9710544 9710371 8710646 8870422 7790743 7790741 9710371 9710371 9710544 2760960 9710872 7790371 9710743 7790741 9710544 4720841 3470200 3470043 3470200 9710646 3470987 9710646 9710888 3470200 9710496 3700071 9710544 7790687 8870741 9710544 5230872 8710872 6660872 9350071 9710285 9710987 2760373 8190960 9710200 9350888 2760801 2760516 2760896 8710888 3700743 9350687 5231023 5231023 230006 2760801 2760371 2760652 2760801 2760371 2760942 2760516 6660996 3700043 9350896 5370752 3930371 730729 730888 230006 9350752 3930414 2760801 2760071 2760896 6660812 2080772 8870422 2760560 9710200 5230923 730752 6660996 6660580 730496 730770 731007 730888 731007 730770 730888 730752 7790841 8710043 9710924 9710729 3470752
7790964 7790964 4720772 3700580 3470580 9040580 4720888 9710812 3470987 4720964 730928 9040580 9040580 730924 730580 730741 730580 730646 8870043 8870580 730729 730560 8870580 8870580 9710580 3250580 9040580 9710422 730960 2760071 230767 9710085 7790580 3730752 8190560 2760006 3230772 6900466 230948 730687 9710772 230872 9710872 6660460 730770 3730460 3730460 3730770 3730004 8190043 3230857 9710880 9710870 9710782 9710961 9710969 9710646 5230560 9710924 3930646 3700961 9710580 9710580 4720371 2760071 2760043 2760071 250930 250071 7790964 9710920 2080580 3470580 2760560 7790752 3730241 2760924 2760857 3470414 3470857 3470752 3470870 9710770 8710560 9710071 8710646 3470743 3950924 8190765 3950043 7790913 2760996 3470422 9710043 3470441 9711007 8711007 9710920 3230422 8710422 730888 3230812 730770 730743 730812 9710924 3230996 3230212 8711007 3230880 730960 9710422 8710770 8711007 8710987 9710782 9710920 8710888 9710071 230496 3250043 9710812 8710176 8710646 3470743 3470872 3470743 9710741 3700414 9710952 9710752 9710212 3930212 3930796 2750212 3470752 9710085 910752 3950960 250930 8190043 230414 9710085 3730580 3730580 8710857 3730770 8190880 8190767 8190767 8190371 3470580 2080770 3930770 3700770 3700752 9710071 910071 520743 8710752 8711007 8710504 3470743 8190888 2760924 3470923 2760952 3470580 2760414 2760043 9040870 7790870 7790687 2080519 9710519 3470752 8550519 2760071 6660043 730043 2760043 3700043 3700043 9710743 9710920 8710646 8710743 3470743 9710920 7090973 7790857 3390752 3470496 8710422 2760857 5370801 2760857 7790857 9710200 2760857 7790894 2080580 7790888 3470580 2080772 3470504 3470752 3470857 4630071 4630741 3470857 4300857 8190920 3390960 3390752 9710527 9710782 3250043 3700743 3470205 9710519 9710920 3470006 9710920 8870924 2760924 8710924 8870580 9710371 2760872 3470894 9041007 9710205 9710006 9710371 9710743 9710371 9710872 9710872 3700560
3950960 7790752 3470200 3470200 3470441 3470923 3470200 7790743 7530560 7790741 7790937 3470894 7790913 3471007 731023 730857 730857 5370924 8871007 910043 7790205 8870518 8870043 5370888 730857 2760371 8870424 7790841 7790969 7790913 4040200 8870741 7790937 7790857 9350894 9350894 9710987 730857 2750857 2751023 9710930 730857 3700422 5230872 8870812 3700888 3470560 3471023 7790741 7790516 5230350 9710924 9710006 3700864 5230969 3700414 9710741 3930560 3470205 3950960 8190809 5230857 3700414 2760924 5230646 5230646 8710043 2760043 230504 230920 2760952 2760767 7790741 5230519 4720741 4720544 3950960 6660812 6660741 5230969 910924 9710371 8710729 8190888 8190942 6660527 6660350 5230930 8190741 4720857 4720857 3250937 3470043 5230466 5230422 2760857 6660880 9350043 910969 730857 730282 730282 730580 7790652 3950043 4630043 7790772 6660000 6660996 730371 730920 8870043 730561 9710527 9710422 8190942 8190687 9040772 9040969 910937 6660996 730212 9710205 2760897 2760422 3470043 2080043 7790937 9710872 9710864 3950560 3470205 3930872 3930812 3470857 6660350 3230646 230350 2760942 2080519 2080772 3700772 9710205 2760006 9040580 9040864 9710350 5230969 3930212 3930371 9710870 9710371 910924 3700741 3700864 3470200 9710544 2760043 230924 2760809 3470285 7790741 7790687 5231023 3470504 9040961 7790770 7790144 7790519 2760952 7090973 6660872 8870741 9710864 7790043 9040043 7790560 520969 520969 520969 910772 3230205 730880 730770 730752 730880 730924 7790752 3230414 730928 2760948 3700580 9350460 3931023 3930772 910772 3931002 730928 9710200 7790729 2760006 2760043 3470205 3471023 3470414 3700560 9350560 6660304 3230560 730212 3230996 9710961 9040857 3700772 9040772 9040857 3950772 9350687 9710923 730687 6660043 730687 8870741 730519 2760527 6660880 6660996 6660000 6660812 6660996 6660560 3230205 9710995
3470924 9710739 8190942 3230996 3470857 3230646 9041007 4630638 3730420 4630200 1760973 6901023 5230923 2080414 3470560 1600973 3730004 1600973 8191010 8190770 2080770 2760767 7790770 8190043 250930 8190496 3730888 4990857 9350930 9350743 2080857 9710923 9040857 9710857 3730205 3730743 9710880 9710796 6660043 3930870 6660561 6660000 9710422 3470504 3470923 2760743 2080770 3470752 9710996 3470422 230350 6901023 2760414 2760741 3470930 5230646 3470995 3470043 9710964 9711023 4630928 3730924 1760973 250930 1760973 1760973 4720964 9350888 2760896 2760350 8710857 1760973 8870414 9710809 3470924 8710872 8190560 8190071 9710857 9710743 9710741 7980973 3730504 3730646 3730961 9710741 3470857 3470923 910071 9710961 9710462 5370888 8190371 8790857 8190888 8190752 8190913 8190888 9710200 9710752 910752 3930414 5230350 3470205 3700422 520371 6660460 730833 6660422 2760930 9350560 6660460 730043 6660043 6660460 9350071 6660996 3230414 6660741 6660580 1551023 8711023 2760373 9350414 730857 730857 3230205 2760857 730857 3230857 8190960 3730741 8790857 8190071 8790857 8190888 9350114 2760857 9350894 9710200 3470743 9350071 8710767 8190770 8710857 8190371 8190770 8190894 5230857 9711023 9710212 8870812 9710575 8710560 9710857 9040857 3470857 8711007 9710466 9710770 9710752 300422 3700205 5230422 9710414 9710888 3700870 8710350 3470200 3730371 3730924 3730006 3730872 8190752 8190071 9710739 3700205 2760687 7790741 8710285 730920 8711002 3230872 910924 5230205 5230560 9710872 9710952 8190809 8190371 1760973 2760741 8190973 250071 9350414 6660948 730580 6660561 6660212 2761007 9710580 4720580 7790580 9040580 8550580 7790580 8550580 8710043 8710043 2760770 2760770 7790205 3470772 9710772 7790964 3470772 3470743 9040043 8190812 5230857 6660043 730880 230560 9710923 9710414 730560 9710772 2760205 3470772 7790752 9040772 3470205 9710923 9710414 9710741 2760960 9710496 9710414 4020000 6660996 6660527 2760880
9710527 730752 4990930 730888 730930 730880 730743 2760752 8710422 3470043 3470422 8710519 5230350 6660996 8870422 2760422 9710743 2760371 9710752 730996 9710741 3230371 910924 910422 6901023 9711002 5230422 9710880 3930924 6900466 9710371 1551023 9710772 520519 3700205 9710371 9710872 9040864 9710864 730350 730741 8710371 9710575 9711002 2760857 5230422 730371 9710864 5231023 6660924 5230519 8710872 9710864 2760350 3470924 9710371 6660872 730952 8711023 8870924 3700285 9350741 3700043 3700741 9710928 9710770 3700960 9710964 9710414 3700043 3470414 9710350 8710872 2760857 730857 8870833 8870580 7790752 7790580 3470422 3470580 3470924 3470752 8710560 2080770 2080770 8710987 9710812 8710987 3470205 9710964 8710519 9710071 9710071 9710770 9040872 9710414 9710496 9710924 9710952 5230371 5230923 5230560 9710741 9710646 8710872 3470743 8710864 9710414 9710888 9710071 9710952 9710414 9710741 8710285 9710888 9710414 9710964 3470894 3470924 9040872 8710888 8710371 9710782 3470373 3470995 3470006 3470200 9710920 3471023 8710864 9710864 9710741 9710923 8710414 5230923 9710414 9710414 9710371 9710952 8710743 9710071 9710952 3470752 3470496 9040043 9041023 9040043 7790770 3470772 7790937 8190741 7790752 8710422 9710920 8710772 2760924 230948 9711023 2760809 9710770 7790414 7790752 7790894 7790924 3950924 3950371 8710176 3470894 3470743 9710996 8710560 8710864 6660580 9710371 9710872 9710371 9710864 6660212 6660212 9710880 9710796 6660880 300996 5230560 9710739 9710422 3470422 9711023 3700888 3470743 3470752 3700888 3700743 3930743 3250043 5231023 3700519 5231023 3700580 3700580
3730920 1760973 3730004 8190930 3730004 4720857 7790913 7790857 8870422 7790519 7790519 730770 5370043 8190888 8190930 8190930 730414 3470857 8190741 5230930 5230037 3930371 3930212 3700212 3700414 9350924 8870580 8190752 2760948 7790741 2760043 2760071 7790964 8190504 8190772 2760414 2760043 2760414 9710741 2760960 2760741 2760743 7790888 7790857 8190519 8190741 8190519 5370993 730857 730741 3230880 730741 730928 730743 8870580 8870414 4720544 4720741 8190519 7790371 7790857 7790913 7790913 7790937 3950924 7790743 4630752 8190973 9040857 9040857 9710414 5231023 7790857 9710414 9710930 230006 230006 2760772 2760942 230924 9710857 8190930 8190772 9710930 730969 730961 3230212 8870422 7790414 3950043 3731002 7790857 8870580 730928 3230422 3230043 730888 7790857 3730928 3730004 8190043 4630928 8190646 2760857 230920 8711023 8710422 9710071 3730357 3730004 8190043 3470930 8190071 8190913 9040857 8190913 8870812 3230857 3230304 3930796 3930857 730752 9710200 9710212 7790770 8190772 8191023 8191002 3230205 300996 9711007 6660561 9710996 9711023 8190964 3730422 3730560 3730920 3730386 8190043 5370043 8190560 7790857 8190043 5230466 3230371 3730924 3730006 8190043 8190913 8190043 8190913 3950043 8870043 3230043 7790516 9710743 9710770 3470200 9710071 3470743 8190071 3470857 7790857 3470200 8870580 3471023 3470580 8870205 2760560 2760560 7790043 7790043 3950043 3950043 3950043 8190504 8190752 2760857 8190043 3471023 7790857 7790888 4720580 2760580 4720580 8870580 4720580 8190043 7790857 7790857 8190006 2760006 7790741 7790857 7790857 7790741 7790857 7790741 9710772 3700422 8870930 7311010 3730602 3731023 3730200 3731002 3731010 3731023 1760973 3731023 8190870 4630043 8190741 8710857 9710930 2760930 6660930 2760404 8710930 9710930 2760880 2760752 2760857 7790888 2760770 7790829 7790829 2760767 2760504 5370743 8190071 2750857 3700580 8711002 730282 9350888 8870930 730071 730964 3700043 3730043 3730460 2760872 3730241 1031010 3730646 3731023 1760973 4630580 4630580 8191023 8190765 3250857 2760857 7790888 3470200 2080043 2080743 8190964 3470743 9710743 3950924 9350888 4990043 730888 2750857 730924 3700043 7790894 8601023 7790894 2760896 8710205 9710812 3730004 3470857 8190894 6660880 9350888 8190422 250200 9040580 7790580 7790580 9350996 3470580 9350422 8870930 9710995 2760960 6660930 2760205 3730602 3730043 3731023 3731002 9710575 9760200 6660948 3730924 3731010 3731010 3730004 3731010 3730004 3730646 3731010 4630857 3730646 8550857 3950043 8190872 3730228 3730006 3731023 4630200 3731023 3731023 3730872 1760973 9350894 8601023 3930743 730880 3930212 8870580 730043 5370580 730880 7790857 7790580 7790937
7790857 7790964 7790857 4630071 4630580 4630752 4630004 4630913 7790371 9710872 3230560 9710350 4720857 9710872 7790043 7790841 4720741 7790964 8190969 910200 910857 9710739 9710575 9711023 1600973 3730560 3730560 3731010 7090973 7090857 7090973 7090973 8190812 8190160 9040857 5370833 730754 8870833 7790729 7090973 3950772 5370772 730833 8870833 4630930 8191023 7090973 3390580 8191023 8190646 8190930 3950772 7790772 730833 8870833 7790857 8190772 7790857 4630913 2760772 730833 8870833 8870833 7790729 7790729 7790841 7790913 7090973 5370772 5370833 8870833 8870772 1760973 8190043 7790857 7790913 5370772 730930 3731002 5231023 3700857 9710527 3470924 3700772 2080857 8710880 3700960 3700796 230414 730930 730741 8710466 8710466 8190888 3730006 3730888 3730004 3730004 3730920 4630004 5370833 8870833 8870833 7790857 3950772 7790857 7980973 8190043 8190913 8190560 4630200 8190646 8190913 7090973 8190812 1760973 5370930 8191023 1760973 8870930 7790857 8190930 8190930 8190812 8191002 3950043 3730004 8190930 4630772 1760973 730833 8870833 1760973 5371010 8190772 7790913 3950772 4631010 730857 4990930 4990930 6771010 7310741 7310004 6770160 6660930 730422 3730422 7980973 7980973 6660930 6660872 6660930 4990930 6771010 4990928 4990857 4990928 4990857 4990857 4990857 6660930 4990928 4990928 730857 4990930 4990857 6660930 4990930 4990857 4990930 6660930 2751023 4990857 4990857 4990930 4990857 4990930 730930 7310924 7310004 1920857 9350930 6660930 1920857 6660930 4990043 9350930 4990928 730930 2751023 6660930 4990928 730422 6660930 4990043 5370870 7311007 4990930 730880 1920857 730857 730857 730857 7980973 4990930 7980973 4990930 730857 730930 730930 730930 7980973 7980973 4990930 730857 730857 730857 730857 730857 4990930 9350930 4990930 9350930 4990930 4990930 4990930 730857 4990857 730930 731023 7980973
5370930 8190930 7790857 8870772 7790144 7790857 8870772 7790857 9040772 7790857 7790752 7790752 7790857 3950960 8190504 7790519 7790519 7790519 7790519 7790519 7790519 7790519 7790519 2760754 7790519 7790519 8870870 730857 2760071 8190765 2760948 7790752 8190765 8190043 8190765 8601023 4630930 5981023 2081023 3930364 4630772 9350646 230350 2760857 5370741 3730770 3730268 3730043 3730767 8710930 8190071 8710743 8190960 9710782 9710920 1760973 3730004 5370071 5370964 2760743 2760176 2760857 8601023 2760741 5370043 3730004 8190964 8190043 7090973 3950870 7790743 2760743 2760043 230948 9710071 7790888 3470043 9710920 7790888 3730602 2760496 230504 9710414 2760350 2760894 2080743 2760964 2760743 8190772 2760870 2760897 5370924 5370894 2760857 8190071 2760857 2081023 2760964 5370888 3730964 5371023 5370894 9350964 4630829 3730496 3730504 3730646 4630930 3730646 8190870 8190770 9311023 8710414 2760752 2760952 2760857 8710741 9710772 3950870 9710920 3950772 3730004 3730460 9350964 3250857 5370888 2760960 2760920 8190741 7790888 2760743 3470870 7790894 7790964 7790741 7790741 7790913 7790560 3950870 1760973 2760043 2760857 8190964 7790580 3950043 7790964 8710743 8710743 3700888 730888 2760441 5370741 2370973 3730268 3730870 9760200 9710923 3730891 5370560 5370870 5370071 8710729 8190504 9710857 1600973 3730357 3730004 3731010 4630638 3730646 8190043 730930 6660812 730928 730205 2760872 2760809 3730430 3730004 5230923 2760924 2760960 2760741 2760646 2760741 730928 3230880 8870812 8710580 3470200 7790752 8710772 2760857 730928 730888 730743 730646 8870580 730071 730114 8710924 3700519 8710729 9710071 3470987 730071 3930961 730857 9350580 5370930 5370043 730560 3731002 1760973 4630043 5370888 8190964 2760857 3730743 1760973 3730268 4630743 1760973 8190519 2760857 9710891 3470743 3470743 9350896 9710741 8710928 8190646 8710176 4720857 9710462 9710920 3700741 5370460 8870741 8190752 8191002 3470857 8190888 8190896 2760560 7790913 3950924 2760969 6660930 2760772 8710930 9350964 730857 7310993 3930857 910857 520371 230920 8601023 2760043 3730602 3730420 3730268 7980973 3730004 3930371 9710371 5230350 9350729 8710729 9350752 8710987 9710071 8710987 9710071 8710987 9710782 8190504 3250857 5230422 6660000 730741 230496 3470441 9710782 2760743 2760857 2760071 9350870
730653 7790857 3700857 9040969 3950371 7790770 7790752 7790937 9350422 2760212 3700857 9711023 3950930 3950043 8870741 8870043 7790969 3230796 7790857 730888 9710006 4040424 520071 520371 7790144 2760961 2081023 2760373 8710767 2760857 6660741 8870870 730414 3470205 9710071 8190071 910043 9710864 9710961 9710350 9710350 3470752 910752 6660800 6660350 230952 730752 730870 7790580 730960 9040580 7790770 8550580 3950924 7790924 8710519 730212 2750212 9710772 3700752 3470200 3730004 3730004 8190930 3950772 9710752 7790414 2760960 2080770 7790752 3470414 7790741 4750870 4750870 7790841 7790888 9710646 8710646 3470782 3470580 8710729 9710752 8710767 8190504 7790857 9710960 230924 3930422 730741 9710961 3470200 7790857 5370772 5370833 8190043 230952 730743 9710414 7310741 9350006 3470205 910371 9040961 7790741 7790519 7790857 7790371 7790857 9710085 730888 2760752 2760857 2760857 7790741 3700770 9710752 9710809 9041023 9040864 8190071 8711007 4720964 2760176 8710519 3930519 3930770 3700857 8710857 730496 4720772 3470752 8711023 730772 8710741 8710770 7790770 730767 730952 8710772 3470743 3470772
7790857 2760857 8190770 7790857 9350930 730833 8870833 8870930 7790857 7790857 8190071 3950772 7790924 7090973 7090973 3730004 7790857 730833 8870833 7790857 8190772 7790857 7790857 3730004 2760754 7790857 3950772 9040857 8190913 3950560 8190646 3950772 9040772 9710006 3471007 3230205 3950371 910071 8710920 8190770 8710466 3470200 5230857 9350924 9710371 3470006 8190964 3730960 3730891 2370973 3730420 3731023 3730200 4630752 9350880 9710212 9710575 3930924 9710371 8710752 8710743 9710952 8190888 3730782 730071 3470200 9710872 8711023 3730004 7310560 8190071 3730969 8190829 8190964 1760973 3730357 8190973 910200 9710200 8710930 9710782 7790770 2080772 8190920 8190043 230504 9710923 230880 8710466 7790770 8710466 9710466 3390580 7790888 3470743 3390960 8190371 8190043 5370964 9710987 7790969 2080894 3471023 8190043 3730460 230963 230920 5370043 230857 3730888 1760973 1760973 8190516 8190741 7090973 7090973 1760973 7090973 1760973 7090973 7090973 7090973 730212 6660422 2760896 5230930 8190772 8190560 8191023 7090973 8190894 3470857 8191010 8190920 7090973 8190752 8190071 8190920 8190006 5230560 5230969 2760969 6660996 5230414 9710923 9710741 9710285 3730891 3730071 8190752 9710857 8710560 9710006 910560 9710969 5230414 3470987 8710466 7790371 3950924 7790913 1760973 8190519 5231023 9710580 3470200 9710969 8710414 9710923 3470200 9710924 4720519 3950560 3950043 3950043 4720857 3230414 910857 3930857 3700996 8710504 8710504 8710729 3930200 3930212 3730969 3730969 4630282 3730969 3730371 8711023 3470857 9040857 8190894 3730004 3730004 6760930 5370043 9710770 8710646 730743 9350743 3730920 4630752 3730071 3730920 3730888 9350894 9710857 9710071 8190872 9710741 3730504 5231023 9710857 9710371 9710857 9040872 3700560 3730241 3730004 1760973 9350212 8190519 3470200 9710371 5230414 8710466 3730504 9350880 3930043 8710646 3250857 9350872 3730924 3730043 3730496 3730114 3730420 3730920 3730004 3730646 5230969 9710422 9710969
4300857 9710857 4300857 9710930 3730741 3730872 8190964 3730496 3470743 3470782 2760857 3730870 3950371 9711023 2760071 3950960 9710071 8710924 9710462 9710891 3930924 3930743 910371 9710371 9040864 4040200 7790752 7790752 8870043 7790857 8190043 2760043 2760964 8190888 5370888 4720964 8710466 8710888 9710891 3470752 2080414 9040857 3470987 3470504 3950960 7790964 7790857 7790857 910857 9710857 8190920 9710857 5981023 2760857 3731023 3731010 3730200 7311010 3731023 1760973 3731023 8190896 3471007 730857 8190964 9710770 8710782 6900872 730952 3470441 3470200 8190920 3730870 4630071 8190888 8190870 8190646 3950870 3950870 7790857 7790516 7790964 7790964 8190801 910857 5370964 730071 3700770 3470205 9710770 8190752 9710212 8710857 8190960 9710891 3470373 8710176 8710646 8710888 9710767 8710504 7790743 7790741 7790516 3470987 7790743 8870043 8190969 9710920 8710043 8710043 2760920 8711023 3470743 1030638 6771010 5370930 5370930 2760960 8710285 9710752 9710519 3700743 3470285 3470752 3950960 8190741 2080894 4720964 8190930 8190801 7790964 8190964 4300857 3390743 7790857 7790857 3390743 8190516 9710285 9350422 730812 3930205 3700212 520371 3390743 3390743 520857 7980973 8190973 9350560 8190930 3731002 8190930 9350930 8190043 5370930 3731002 3731002 9350930 9350930 5370930 6771010 730857 8190519 8190930 7790857 3950043 8190888 7790857 8190043 3950960 8190752 7790829 3470043 3470743 8190071 2080043 3470043 7790518 2760371 5370833 6660561 2751023 6660422 8870812
730948 5370888 7790752 8870580 8190752 9350043 3250043 3250560 7790829 7790043 8870043 3470930 8870043 9040043 2750857 730857 3730460 3730004 3730460 8190930 5370043 2760857 6660930 6660930 6660930 6660930 6660880 6660948 8870772 9710646 7790857 7790888 8550857 9040870 3230422 3230205 6660996 3700205 3470205 9711007 300872 3700580 3700580 8190371 9350580 7790857 3950371 9040864 8870043 8870772 7790829 7790913 7790857 7790829 7790752 5230872 300422 9710870 3700924 3700414 9040969 8190043 8870580 8550857 8550857 730948 730857 3700857 730948 8870580 9710580 7790752 3950960 4630071 8190560 3950560 3950560 9040857 4990930 4990930 3930386 730857 730969 8870580 520071 2760043 9350460 6660460 2760928 9350460 3700870 3700043 3700043 6660948 3930043 8870580 7790913 8870580 8870580 7790752 730809 7790729 8870580 9350460 3700422 3470752 3700743 9710646 3470752 8190930 8190160 3730004 9040857 9041023 3470857 230767 2760960 9710923
8190964 8190894 7790857 3471007 3471023 910752 3470894 910205 8190765 9710923 5230414 9710923 9710414 3470504 9710809 2080414 3470285 7790752 8190414 3730504 5230857 9710952 9710496 3730043 3470441 9040857 9710729 9710924 5371010 6350857 7310004 7980973 5370841 8190741 3470200 9710350 5230350 5230414 8710924 8710767 8710857 4880973 6660872 9350741 9760200 9350114 300872 6770160 3470930 3470752 2080772 8710767 8710371 910560 8710504 9710752 3470872 9710743 520857 3950960 2760857 730880 730752 730796 8870424 7790772 730952 730857 730200 731023 731023 8870580 8870043 3950729 8870580 3730646 4630913 4630071 4630580 4630580 520741 4630857 4630930 4300857 7790857 7790857 8191023 8190801 3730229 1760973 8190519 4720200 8191023 8190961 4720857 4720857 3950960 3470752 7310043 4990043 3730043 5230872 230006 9710864 9710466 8710285 8710729 4910481 9710872 9710767 9350071 8710752 9311023 8710743 9710920 8710888 8710646 9710952 5370741 9710770 8190888 9710782 9710796 8710770 8190896 3730071 9350006 3700205 3700739 9710924 3730888 8710176 3730560 3730888 8710987 6900466 3230857 3230371 7310924 1760973 1030993 6761023 250930 4630200 4630200 1760973 3731023 1760973 4630772 9711023 2760857 3470857 8710857 3470857 8190071 8190770 9710200 8190752 5370729 8710285 8710857 5230857 5231023 3730371 3730872 3730006 3730888 3730743 4990930 8710767 9710770 7311010 3730200 3730496 4630200 8190896 8711023 730812 230857 8710580 3470923 3230414 9710782 8710987 3470414 8711023 8710285 9710782 3230560 730857 8710987 8710930 730833 9710833 9710071 6350404 4910200 8711023 5370071 2760752 4720363 3230527 730872 3470995 9710987 3470752 8190414 8190422 8190560 8190812 8190973 9350560 3700996 2080043 3470560 9710872 3470006 9040857 8190767 2760857 2370973 3730268 3730371 3730519 8190519 3730580 5370743 9710930 730770 8190071
4040200 8870924 7790969 7790969 4040424 4040200 7790913 4040200 8190812 3470857 9710422 3700519 9350006 2760996 2760422 5231023 2760770 3470205 7790743 7790743 3730743 3731023 3730043 4630857 4630638 4630004 4630638 3730071 8190752 9350888 9350888 8190960 3230872 8710857 5370687 2760114 230496 2760043 2760964 2760043 7790687 7790964 7790743 2760743 5981023 230809 7790741 730743 9711023 3230872 3730006 8190205 8190071 3700414 9710729 9040969 7790857 8190006 4720544 3730004 8191023 5370741 7790857 4720544 7790371 5370371 5370894 2760071 2761007 4720888 3471007 7790888 2761007 7790516 4720772 7790743 2761007 7790741 9710200 7790752 7790857 7790770 8190741 7790519 2760857 7790857 7790205 8870424 7790841 4720363 4720969 4720544 3470414 7790741 7790937 7790770 7790752 2760920 9710920 2081023 8190741 3470987 3730770 3730741 3730993 9710930 8190741 5370770 3730519 3730268 3730752 1760973 3730004 3731023 8710752 9710930 3730782 9350930 230857 4720371 4720363 7790913 8870741 7790937 8870741 910200 230767 3230560 230767 2760752 2760960 5370741 7310560 3730560 3730960 3730770 2760857 5370829 9710923 3730422 8190752 2760894 230963 9710580 2760414 8710969 5230560 2760422 9710422 910422 4720519 910200 730960 730857 3230812 3230560 8870422 9710422 4720772 3230560 730812 4720969 5370993 7790961 730872 7790741 5370924 8710930 3470930 4720857 2760857 2760964 3470200 2760896 2760516 9710544 9711023 7790964 1030043 1760973 3731002 9350741 9710969 9710923 8190741 3730205 230006 6771010 730770 2760580 2080580 2760920 8190888 3730357 9350888 3230422 910580 730857 8870741 5230037 9710888 9711023 8710767 9710770 9710960 9710770 8710928 3950960 2760960 520857 8190741 8190646
7791023 7790580 8710782 9710085 8190973 5371010 3950870 730964 8870833 3700964 8870772 7790741 3470743 9040872 3950960 8190496 7790857 3470200 7790857 3390960 4630857 9040857 8190414 8190960 4630913 8190973 8190519 7790752 5231023 2760812 9350414 8190888 2760880 2760741 8870772 7790772 2760952 8870043 2761002 8870043 8870043 5370460 8870043 8870043 9350043 9350043 9040043 8190560 8550857 8550857 6770160 2760371 7790870 2760857 910200 3930422 8710782 7790743 3471007
3230857 9350422 9350872 3230560 3930880 3700205 9350560 8870205 3730006 8190741 8190741 9040580 8870043 7790516 8870924 8870924 9040043 2760872 7790371 8870043 2760043 9710422 3700043 3250043 4720857 7790371 730796 9710864 9710864 730743 730857 5370770 5370772 3730371 3730241 3730371 8190812 5370071 730888 730857 730857 3930200 910729 5231002 3930857 7790743 910580 7790829 730812 9350114 7790729 9710043 9350888 8190960 230924 2760752 2760741 2760857 5230930 5370580 230350 9711023 5370888 7310924 8190930 2760770 9710200 8190741 5231023 9710519 2760969 9350741 6660741 9710414 8710930 3230770 2760006 1940973 9350006 8711007 3730928 3730812 3731002 2760857 9710741 9350414 8870741 8710770 3470752 9710743 9710920 9710752 9710071 5981023 8190964 3470743 2080743 8710987 5981023 5981023 8190888 8710743 3470924 250930 5370930 2760809 9710519 2080414 8601023 9710580 8870414 8710043 2760770 2760043 2760043 2760071 230920 3470043 7790964 7790964 7790829 2760071 2760043 230920 5370896 230963 2760043 4630638 8190752 8710888 2760441 5370743 8190496 2760857 9710920 9710995 5370930 2760176 8710969 8601023 5370930 2760857 2760894 3470743 3950043 3730743 3731002 3731002 5370896 2080743 8601023 9711007 8190414 910071 9710782 3731002 7980973 5370964 8190071 3470872 9710414 8710880 9710770 9710952 8190519 8190516 230496 3470987 8710043 7790743 9711023 3730504 3730888 4630930 3731002 6660371 9350743 730880 9350560 2760071 8190961 5370071 730964 5370043 5370043 5370071 730857 4720964 8190888 3730071 3730872 3730888 4630743 3730646 3730496 2760687 7790857 3470772 5981023 8710772 7790888 8710743 3730782 5370371 5981023 2760897 4720741 4720519 3730964 3730496 3730767 8190770 8711023 2760071 2760897 2760960 2760964 2760964 2760894 2080743 7790580 2760894 2080519 520969 3930770 3700071 730770 8710772 8870424 3230928 730888 3700961 3470200 9350743 2760952 3700864 8190888 2760857 8190894 2760646 3470772 8190888 3730888 231023 2760896 230924 2760646 231023 9710071 9710920 7790741 7790741 7790741 3700888 2760987 2761002 8710466 7790743 2760857 8190894 2760212 8710176 2760743 3730460 3730924 3731023 2080857 9350516 9350894 2760770 3470930 2760772 8601023 2760872 9040043 9710212 7790371 2760857 2760741 7790857 9350964 3470857 8870741 5370801 5370371 2760896 9710930 230504 9350930 230857 2760857 2760930 8190930 9710422 9710200 2760948 5231023 8870580 8711023 9710960 9710422 9040580 3470580 3730004 2760930 8870833 7790894 3730964 2760960 2760894 9350752 8710888 1760973 3730602 1760973 3730357 8190870 1760973 9350964 9710350 9710928 3470504 9710496 9710071 2760752 7310993 9350743 9350924 5370964 9350043 2760857 730924 2760857 8870772 3930857 730857 730857 9350560 730071 910544 4720857 730857 9350752 5370770 9710462 9350964 5981023 8870741 5370743 3731023 3730743 3731007 3730496 3731002 3730043 5370043 9350560 8190770 8711007 2760071 2760767 4990043 5370841 8710987 730857 9350888 3250857 8190964 3730200 3730984 3730743 4630071 8190913 8190896 8190888 2760857
3730580 3730993 3731002 2760857 2080857 9711023 8190888 3730964 8190888 8711023 7790964 3730969 8190371 910741 9350160 3250043 7790888 7790743 3730646 3730743 3730580 3730872 8190894 8190964 3470923 3250580 8710580 9710580 3470580 3470580 2570580 7790580 7980973 7310004 3731002 3730964 8190888 8190071 2760741 730964 3250043 730114 9350896 9710987 9710864 3470580 9710964 9710960 3730371 3730928 250580 9710580 3470580 8711002 2760114 2080580 8870580 730924 2760930 7310004 3731002 230809 3470200 730888 8190930 9710857 6660212 3731023 3730043 3731023 3730743 3730422 3730422 8190894 300996 9710857 300996 9710796 9710739 5230350 6660924 6660560 3730004 3730942 730857 730282 2760952 2760373 3470441 2760960 2760770 9350071 3731023 3730006 8191010 3730371 3730004 2750857 2750857 9710930 230924 230857 9710930 3230857 3730205 3730741 3730371 5230923 3470923 3730205 5230923 2760857 2760752 2760942 2760969 730414 230414 3470285 3730770 2760880 230963 2760752 2760743 5230872 5230519 5230205 7790857 9710872 9711023 8710285 3730004 3730960 3730741 3730004 8710857 8190741 3730770 3730974 3730924 3730969 3730960 9350560 3930386 230741 9710414 3470930 9350752 5231023 9710960 5230371 2760857 9350160 3930857 9350560 2760071 3930857 9350160 9350414 3730767 3730872 8190964 9350894 5231023 2760144 2760964 2760770 2760857 3470200 8190964 5230857 9710741 1551023 3930857 6660880 6660561 9350516 2370973 7310857 3730043 3730241 3730241 3730241 9350894 3700964 8710857 2760770 3470743 8710741 9710964 3700743 2760770 2760743 3470752 9710770 9710930 3730743 9350964 3930857 9350888 8601023 9760200 2760894 2760857 730743 9710176 8190071 9350743 8190964 8190964 8190896 8190964
9711002 6660561 2760414 2760770 9710930 2760857 2760857 230504 2760754 2760930 2760857 3730741 3730646 3730560 3730928 3730928 3730924 3730924 3730924 3730924 9350924 3730924 8870924 8190930 8870924 3470930 8190930 3730004 3730004 3730496 3731010 3730504 3731010 3730741 6660212 8190043 9350212 6660212 2760857 9710741 9710857 3730770 3470923 8190741 9710741 10110857 3730460 3730371 4630930 8190741 9710414 2760422 2760960 9710796 7790857 2760770 6660043 6660880 230809 230414 5231023 8190930 8190006 6660800 9710422 3930770 3700205 3930812 8190888 8190205 3730205 8190812 8190870 2760741 9710043 9710864 2760741 2760741 2760741 8190741 8190741 3470872 9711023 9350741 730282 2761002 730580 730043 730071 730519 730071 2760043 4720580 2760580 730422 6661007 730870 2760212 230422 730043 2760894 2760743 6660212 230006 230006 2760857 2760857 2760371 9710422 2760996 230422 6660996 9710212 6660422 2760580 730519 2080519 2760752 2760924 730894 2760969 2760896 2760969 2760894 8870741 9711002 730043 730796 6660527 6660043 6660043 6660043 6660043 6660043 2760687 9350741 730770 3700752 730687 3700285 9710496 8870414 300872 3700519 3700519 730496 3700519 3230772 730960 730767 730952 4720969 730752 8710880 9710205 4020000 2760987 2760441 730560 230504 230857 730888 730752 2760969 7790371 730741 730043 8870043 3250363 9040043 3470580 8711002 730952 730888 8870772 9710496 730371 730872 9710772 730741 730872 7790371 3470872 3470200 2760687 9710519 8190519 8190872 3730519 8190519 7980973 8190043 8190371 8190071 2760743 2761023 2760071 2760952 2760580 5370043 2760071 230422 2760743 230924 230880 730924 2760928 2761002 2760743 230857 9350930 6760930 6760930 3730004 3730071 3730004 8190043 3730004 8190930 8190071 730812 730752 730969 730560 730560 2760964 2760043 730519 9711002 2760896 7790894 730964 8870043 2080043 730964 6660043 6660043 2760741 2760741 730560 230920 2760422 230948 9350560 730741 2760930 2760371 2760043 9711023 8870580 2760948 2760952 7790371 9710519 8710987 9710519 8711023 9710527 8710857 8710930 5370071 8710580 6660561 3730960 3730960 3730993 8710857 3730560 6660000 6660527 6660460 6660422 6660924 7310560 7310460 8190043 3730004
9710782 8710930 730930 730212 730930 4990930 5370888 4990930 730857 4990857 6660800 6660812 9350646 9350687 9350043 730857 9350743 9350646 8190930 9350741 8190205 8190752 7790857 730857 5370752 9350043 9350930 2760952 4990857 4990930 4990930 7310460 6661007 7310004 9350752 5370894 730857 2760580 730888 9710422 3731002 8190930 8190930 3731002 3730969 9350930 9350071 9350880 9710930 3470930 730920 730924 9710741 8190741 9711023 9350930 8710930 8710930 730888 9711023 8190960 730371 8870518 3700205 9350743 8190913 8190770 3470200 8190752 8190880 3731023 3730752 4630371 5370371 2760857 5370071 1030993 2761023 7790205 2760969 230924 3730920 3730772 7310924 230857 3270652 7310043 7310043 8190371 9710857 8190043 9350043 8190888 8710782 230920 2760371 8710770 2760770 6660872 6660924 2760741 230422 230948 230741 2760772 2760857 230920 230414 230414 6660422 6660969 6660930 6660880 3230880 230350 9710085 9350071 5230930 730752 9710930 2760743 8710741 8710772 8190071 3250857 8190765 6040857 8190422 8190767 8190496 8190043 3470857 520857 7090973 9350205 9710006 2760752 9710772 2760371 2760006 2760560 2760924 2760404 2760205 6660560 6660561 8870144 6660560 6660006 2760371 6660880 6660212 6660561 8710864 2760414 230006 230496 730770 9710772 9710920 230857 6660371 9350743 5230930 7980973 3730205 3731002 3730205 3730205 3730422 3730460 9311023 230963 730772 230496 730519 230924 230006 5231023 5231023 5231023 5231023 9710462 230006 2760580 8710930 2760969 8710205 7790729 8870043 7790743 8190888 230880 230504 6760930 3731002 7311010 230920 231023 230920 2760043 230920 8711023 9710920 2760964 9710930 230963 2760114 8710285 2760857 8710864 2760770 3730960 3730960 3730268 3730752 3730752 3730043 3730043 8190770 8190896 9710770 7790857 8190043 3730268 3730006 4630930 8190888 3730993 3390743 8190888 8190767 8190913 8870424 8870424 730646 910937 910772 9350913 8190371 8190752 8190043 8870424 730687 730071 730809 730743 2760071 730752 9311023 6660930 230952 6771010 2760930 730772 2760857 3730638 3730638 3730767 3730638 5230857 8710930 8711023 9311023 2760071 2760964 9710580 2760812 2760743 230920 730560 2760857 230504 230560 8710772 8710857 8190896 9710857
9350160 8870930 7980973 2760754 2760857 7790829 8870772 9350930 230857 8710857 2760741 8710857 8190770 8190964 2760952 2760504 4880973 3730004 9350741 6760930 1940973 3730638 8710930 3470200 8190043 9710920 730743 9710782 730952 1551023 5230930 6660741 9710772 5230646 3730422 7311010 7980973 6350857 6760930 6350601 8711002 7311010 2370973 2370973 7311010 7980973 730857 5370282 730857 8190043 3730043 3731002 3730043 3731002 3731002 3731002 3730984 3731002 730652 7790743 730071 2760772 2760772 730809 3700772 2760928 7790580 730071 3230043 3700580 2760043 730772 730964 730964 730928 2760772 8870043 8870560 3470200 7790770 3470043 7790770 7790964 9710043 7790741 4990857 7310004 1030282 4880973 3730241 5370770 5370888 5370371 2760857 8190930 730857 5370772 730043 8870741 7790580 7790937 7790937 7790937 730071 730767 730114 2760350 7790888 7790913 7790516 730896 8710767 7790743 7790371 7790937 8870043 7790770 8870833 7790743 7790937 2760741 7790969 7790937 8870772 8870560 7790829 730888 9711007 7790964 3471023 5370930 730857 5370930 5370833 730960 8870043 5370924 730960 8870424 8870043 730114 3230414 3470205 730205 3930205 730960 730752 6660006 730812 6660371 730770 2760043 6660872 6660948 8190829 730857 8190371 8190371 8190872 8190741 7790888 3470373 7790913 7790741 9710646 730205 7980973 7980973 7310560 1760973 5370743 8190870 7980973 730043 731023 7790580 8870580 8870043 7790857 3950924 7790857 731007 731007 730646 4720857 8870880 8871007 7790741 730006 7790857 9710544 8870741 2760504 730924 7790729 2760924 2760969 730969 730282 730741 730414 730752 730928 2760924 7790371 730920 6770160 5370743 2760371 730071 7790829 2760114 5370888 2760414 7790829 6771010 6770160 730930 5370743 730930 730767 730857 730857 8870741 730964 8870424 8870930 8870518 9350687 730857 3700043 2760857 730741 730857 2760741 730071 8870424 2760580 730857 730071 730857 730043 3470043 6660422 6660996 6660924 5230422 6660350 8190894 9350924 2760560 3730071 7311010 230857 3700964 3930422 8870924 731007 2760527 9350687 3730638 7311010 7310043 4880973 1030638 3730782 7310404 7310043 6660350 8710872 8710414 5231023 7980973 6350857 7980973 3730004 3731002 8190043 8190687 3700857 2760857 3250857 8190888 8190071 8790857 8190942 3250363 8710519 8710519 9710864 9760200 9350071 5370043 6660872
9350930 8870930 7790857 7790969 4040200 3731023 7311010 4630282 9350894 3730043 3730580 8710857 5370743 9350560 7790857 9711023 7790741 3470043 4630200 7311010 3730928 3730928 3730928 3730560 730212 7790580 8870282 4990043 5370752 5370371 730857 9350913 730964 7790969 3730228 7980973 5370961 4630282 1760973 4880973 7980973 3730043 5370560 3731002 7310741 9710200 5370964 9711002 7790857 3471002 7790964 7790770 4630200 3730268 3730043 3730043 5370930 8190043 5370371 9350560 4990930 6771010 730857 730857 730646 8870424 7790969 7790518 7790969 7311010 4630200 4630580 5370043 5370043 730857 730812 3230857 9350888 5370743 10110857 7310043 7310560 3730205 7311010 3730422 2750857 730857 7790857 5370043 7310205 5370371 730646 910519 520519 4040424 5371010 9710930 8190964 1031010 7310371 3730770 3730004 3730071 3730071 3730700 3730519 3730646 3730071 3730920 3730646 3730560 5370964 3730043 3730772 3731002 6771010 3730772 3730043 3730580 3730580 3730580 8190422 3730928 3730920 3730928 3730924 9710923 5231023 9710857 4990930 8190961 8190205 8190880 8190646 3950043 7790857 7790857 7790857 8190043 8190942 8190160 8190043 2760857 7310460 230414 230496 230560 730857 730857 730857 9710857 9710857 730812 3230857 730857 2751023 730857 8790857 8190969 730857 3700857 8190741 9710857 9710920 8190969 910857 7790857 3470857 3470857 8190160 3470857 8190071 9710857 9710414 3230812 9710414 5230857 9710857 9350160 3730743 9710857 3700857 9040857 8190160 9710857 8190160 3470857 8190920 9710920 8190071 9710772 8711023 9350743 8190071 730857 730071 5370896 5370924 8710969 9710462 730741 910857 910857 3470857 8190741 7790772 2760857 1031010 1031010 1760973 1760973 5370743 230920 230857 2760930 6770160 5370930 7790519 230920 3470930 7790516 230857 230857 230963 230496 2760857 2760857 8190767 2760752 3470857 8190770 8190071 9710920 9350304 9350205 8190961 3730920 3730770 3730993 3730993 3730993 4300857 9040857 8550857 3470857 8190772 3470857 9040857 3470857 8190160 3950960 3470857
9710923 5230466 8190160 9710930 8190752 3470857 8190160 2370973 2370973 1030928 3730460 7980973 1760973 3731002 1760973 1760973 3730928 3730004 3730004 9710752 9710857 8710857 8710987 2760772 2760896 2760857 8190772 3730004 3731010 4630928 7090857 4630930 3730004 4630930 8550857 8550857 8550857 8550857 8550857 9710872 7310205 730371 7310741 7310741 3930205 3470857 3730560 3730646 3730004 8190160 3730993 6990857 3250857 3470857 2080857 8190888 3730888 8710205 3930857 9350160 9710772 9040857 9710371 230350 3470857 9710888 9040772 910741 2080772 3470857 3470857 8550857 7310741 9350743 9350924 3730205 3730772 3730960 9710857 8710857 9710739 730961 730144 730200 1920857 7310857 7310857 1030200 1031002 230857 230414 6760930 8190964 8190071 9040857 9040857 8550857 8190913 9040857 8190160 8190969 520857 3470857 9040857 8190687 8190160 520857 8190809 3470857 3730993 3470857 3730460 730857 5370043 730857 730857 730857 730857 730948 6580212 8190160 8190160 8710857 730857 730857 9350741 3730960 9710857 8710857 8710930 2760960 9350930 8190160 8190160 2760857 8190752 9350752 2760924 3730770 2760857 8190930 2760857 2760414 2760857 2760960 3730519 2760422 9040857 8190160 7790857 8190160 9040857 8190160 730857 4990043 730857 230857 730560 5370770 8190160 8190160 7790857 730043 730043 730857 8190160 7790857 8190160 9040857 9040857 9710857 3730560 9040857 9040857 8550857 8190160 7790857 7790857 7790857 8190160 3470857 7790857 9040857 7790964 7790857 5370560 7790857 9040857 8550857 9040857 8550857 8550857 9040857 4300857 3470772 230952 230414 730772 230920 3730004 3730920 3730772 3730504 8190772 8190519 8550857 8550857 8550857 8550857 9040857 7790857 2760741 6660212 9350304 9350996 7790205 3700519 4300857 8550857 2760043 231023 7790741 7790752 9350752 4990857 730857 9350006 2760857 8190872 2760857 5370371
7090973 4630857 4631010 8190973 9350894 6660924 9710796 9350043 6660561 2080580 9710496 8190006 4630371 3730371 8190741 5370833 6760930 730371 9710930 9350872 9350872 3730004 3730357 1600973 3730200 3730200 3730924 3730924 8190894 5370896 5371010 9710043 3230212 8711007 3471007 3470894 8601023 8190964 8190422 8190964 3470857 9350743 4990857 910200 8190767 9040961 3230646 9041007 4720857 3470205 8190646 9350930 9350043 2760857 730071 3470205 5230037 3470043 9710006 9710872 9710872 9710646 2760857 8190371 5370964 3730961 4330857 8190872 2760767 2760043 6660580 5370752 730857 730857 3230857 8710987 9710782 8710888 3471007 8190920 3730004 3730357 3730004 3730920 8190043 8190371 8190071 2080857 2080894 2760741 2760857 2760772 2760964 2760896 3470772 3730004 5370741 2760752 231023 8190772 2760857 5370772 2761007 230496 230414 230880 6660996 2760687 3730460 3730888 3730870 7310560 3730870 3730870 3730460 3470872 3470872 2760987 2760752 2760371 2760897 3930200 730928 730964 9350741 3230527 5230205 9350870 5230857 730948 3730580 3730004 8190043 8190043 8190960 8190894 8190043 3470857 2760857 8710350 8710350 7310045 7310045 5231023 3730371 6760930 2760960 2760770 7790741 3730888 3730888 3470857 9350743 8190894 9350896 5230646 3730371 6660371 2760414 230809 2760857 8190930 3730741 3730043 3730960 3730114 9350071 8710770 730071 8710043 3730602 3730638 3730872 5370770 2751023 6660460 9350888 2760930 2760205 2760896 3730004 3731002 8190371 8710767 2760924 2760414 230350 9350888 2760930 3730004 1600973 3730004 3730268 7980973 6350765 3730004 3730960 3730772 8190519 8190770 2760857 2760964 2760857 8190964 9711023 2080857 8190767 8190043 9710043 9710857 9040864 3730241 8190870 7790743 7790894 7790687 8870144 7790770 2760767 3470580 3470752 3250043 2080770
730371 730687 730752 3731002 3730422 3950043 3950371 7790969 3731002 8190964 9350752 7790961 8710580 9350894 3730782 3731002 9710930 3930770 3700743 9710995 9710006 8190560 4040200 7790969 7790652 3730960 8190770 9040857 4040200 730969 730969 730729 730809 730969 730741 730969 730809 730969 730969 3930519 3930519 730969 730969 730969 730969 730969 3931023 3931023 730729 910519 8190160 8190801 3731002 9350580 5370580 9350580 9350580 9350580 9350580 730857 1030282 1030282 7310741 730857 5370071 2760930 230963 8710930 9350743 9350964 8190687 2760930 230741 2760176 9710930 230924 230809 7980973 3470043 7790969 1760973 3730782 2760071 730960 6660527 6660880 5230560 9710739 8870924 3470772 730796 10110857 8190896 5230969 3730638 3730638 3730961 8190973 8190930 8190560 9350870 6660930 9350043 2760580 2760857 9350516 730920 3730071 8710043 1760973 8190043 8190741 5370687 3730205 7980973 5370200 9711002 230857 8710414 9350646 8190888 8870924 520371 9350560 8870414 9710833 5370896 730857 10110857 6760942 3730357 3730004 3470772 2760770 9350752 3730772 3730772 3730770 2760857 2760896 2080857 9760200 8190942 3730772 3730924 3730422 3730371 3730241 2760770 8190894 7790371 230809 3730638 3930772 3730638 3730004 7980973 1760973 3730004 1760973 3730004 9350160 8190772 8190772 8870772 7790857 6760928 3730004 3731010 3730004 3730004 3730004 1760973 3730004 5230930 10110857 9350043 7311010 3730638 3730638 3730772 3730888 8190741 230857 6660930 5981023 6660996 9350304 5370896 5370043 6660872 6660872 9350414 2760930 2760857 230924 2760942 730888 730114 730687 730888 2760371 6660043 5981023 8710930 5370924 2760371 9710772 3470441 8190772 6660969 8190752 9710888 3950960 3470200 730888 730930 230857 6660460 730560 6660580 730896 3730961 3730357 3730638 5370752 4990043 3930414
3470285 9040969 9040969 3470373 2760373 2760969 2760770 3470373 8710767 7980973 9710580 4720772 8190772 3730004 1760973 3730752 7090973 8790857 8190942 9710924 9710770 8190930 8710987 9710770 9710772 7790964 3470857 8190952 2080414 3470200 9710961 9710205 9710857 8190767 3950960 3930924 9710739 5230560 3700414 3930857 8190952 3950960 3470043 9710006 9040864 3470752 3470205 9710969 9710809 910560 8190646 9710496 3230872 9710519 8190071 9710987 9710920 3470987 8190752 9710770 3700741 9710729 3470441 520371 8190741 3470987 3470857 8190071 8190920 8190741 3470200 9710770 9710741 9710952 8710924 9710924 8190937 3470857 9710205 9710414 9710796 9710996 9040969 230496 6760930 2760441 2760857 230952 2760857 9710752 8710767 2760043 2760371 7790580 7790371 8190519 8190973 8190043 9350304 9040969 910741 520371 910729 9710961 910729 910071 9350924 910729 910741 911007 5230414 910200 9710995 730646 3930924 730770 3930770 3930864 3930880 3930870 3930043 3700870 3930870 9350304 9710544 3930422 3930796 4040200 9710969 9710205 910928 3470205 910752 9040969 3470772 9710371 3730200 8190930 8190930 3950371 910937 9040969 230857 9710527 8190752 9311023 9710743 3700743 3730004 1760973 8710466 5230466 4720772 3470580 7790937 3470857 7790743 3700960 3470987 9710544 730767 8710466 730857 8190043 9710857 9710466 9710496 3470857 8190801 3230857 3230812 7311010 3730638 3730004 3730872 3730984 3730741 5230857 3730924 9760200 8190741 730857 5370930 730770 3230857 5370560 2760930 730205 730560 730071 8710043 8710857 8710782 9710071 8190930 8190888 3470857 5370071 3470580 7790770 7790888 7790743 4630857 4630200 3730004 5230857
3470006 9040043 3470414 3470872 7790857 9710285 9710414 9710527 9710833 5230422 9710772 730996 8870205 9710422 9711023 3950960 3470857 8550857 3950371 9040872 8550857 2080414 730414 5370888 2750212 2750212 3730004 8191010 7090973 7090973 7090973 7090973 7090973 7090973 7090973 7090973 3930422 6660561 6660304 730870 6660043 5370043 9350043 3931023 730969 730857 730200 730857 730857 9350930 9350930 5371007 5370888 8870043 7790857 4720857 4720857 3470857 9710960 5370371 5370741 5370580 5370043 8191002 730857 8190043 730414 5370043 3250043 730870 730870 3470752 730006 3250043 730924 6660460 8870580 2760741 8870043 9040043 7790857 2760896 230963 6900466 730212 9710422 3700519 910043 3230880 910043 910422 6660969 230920 4020000 730422 8870043 9710422 2760880 730422 730880 730888 8711002 8711023 730770 730770 730952 2760767 730752 8711002 730767 730969 3470987 7310460 7310460 7980973 5370770 7790857 9711002 9710752 3470200 3470987 8190770 8190930 3470200 8870772 8870924 9350205 8190371 2760373 9710891 8190964 9710930 9350872 8190560 9710414 9041023 3470872 910371 8870212 9710880 910519 7310266 7980973 5370930 7980973 7980973 2760930 7790857 730888 8190812 7790741 8870560 8870924 7790741 3470373 7790752 3470924 3471002 3471002 9710888 9040969 8870741 730894 7790743 9040864 9040969 8870741 9710200 7980973 9350930 730560 8191002 5370993 8870518 8870580 7790937 8870422 8870424 4040200 5231023 9040864 9710646 910371 9710872 9710872 910371 9710960 8190741 7310741 7310004 7310601 7310043 9350872 730371 2760350 730687 5370924 6660304 9710350 9350580 9350212 9350071 8190812 6660000 6900872 1551023 9710741 9710200 3700414 6770160 7310460 8190741 9350930 9710414 8190422 8190741 7790770 9040857 7790913 7790913 9040969 3950043 7790937 8870580 3950371 9040872 6770160 7310460 7310993 5370460 5370930 8190043 3950930 7790857 7790741 7790371 7790857 3730496 7791023 7790857 7790770 7790857 8190930 5370772 7790857 7790857 7790857 910544 3930212
8710772 9350071 6660006 7311010 9311023 9710930 9710782 6660000 2760741 2760987 9710205 8711023 3700205 9710739 3730920 3730960 230880 8710930 230504 7790770 230952 9710519 9710519 9710519 9710870 8710930 2760071 8710205 8710782 8710560 3930371 5230205 3930560 9710987 300872 9710995 3470200 8190006 9710006 3470743 3730357 3730812 9710739 8710857 9710739 8710864 9710930 6660872 730743 2760006 9710371 2760371 9710864 3950870 3950772 2760770 2760687 3730560 3730993 8190812 230767 230504 8710043 3700560 3730357 9710857 8190964 8710205 6660000 9710782 4020000 4020000 3230812 9710527 5370930 9350422 2760857 5370752 7790580 4720857 5230043 3471023 8190516 3730638 3730743 730857 8710930 9710043 2760894 2760987 8190516 7790770 5370371 9350894 4720857 7790752 7790857 3470200 3471007 3950960 8710646 8710857 8710743 3470414 3470414 9040857 3470752 2760743 8190496 9040857 3390960 9040857 2080857 9311023 9710930 6901023 230872 9350741 4720964 2760961 8710772 7311010 3730770 3930212 9350924 5230414 2760880 9710043 730960 8870870 6660561 8710752 9710770 5230872 5230872 6660527 3230996 2760422 9710043 3470580 8190043 9350560 3950560 3950371 9040857 9311023 230350 2760687 2761002 2750212 730212 9710782 8870144 9710920 9710920 9710920 8190964 3470870 8190071 8190741 8190741 8190646 7790652 7790652 730937 5370043 2760043 2760071 8710987 9710870 2760741 9710496 9710864 8710857 9710995 9710995 730870 731007 3700743 3700870 8870580 8870580 8190071 9710857 9040857 6040857 8550857 3470200 2760752 5230371 5231023 8710857 3470200 9710770 3470894 7790841 9710752 8710770 9710770 8710752 6660880 2760928 6660212 8190752 3730268 3730004 3730004 7090973 7090973 9710857 6660561 2760857 9311023 2760741 5231023 9710371 9710960 3700414 3930796 910752
3230371 5230872 730114 5230646 5230466 230006 2760741 230350 6660043 730857 3230527 2760527 3230422 3230857 3730741 3730741 5230466 5231023 9710200 8710864 8710930 2760752 2760920 2760741 8710741 2760741 8710741 9710864 2760176 2760560 8711023 8870043 730414 6660000 6900872 6900872 1760973 3730872 8190930 3730993 8190687 8710930 8190043 8190772 8710872 7790969 5231023 9710872 3470205 7790371 2760743 5230043 7790371 9710371 5230872 3470285 2760924 9710414 6901023 5230872 9710923 2760580 730888 9710580 7790743 7790888 7790743 7790888 3471002 8710285 8710924 7790894 2760371 2760743 8870870 730924 2760924 230350 230350 5230350 2760924 2760006 5230371 2760006 8190741 5230930 5230466 9350560 9710205 730924 3470200 7790741 5370460 9350872 8190930 2760371 5370741 9710414 9710414 9710923 8710414 2760809 7790414 5230043 2760176 8870043 7790043 7790969 8190930 7980973 7310460 3731002 4990857 9350687 730857 9350741 9350930 7310924 7310741 8711023 9350964 9350888 8190414 8190752 2760071 9350422 5370888 3470200 8870741 3250371 7790888 8190964 7790964 7790964 7790888 7790969 7790894 7790913 7790913 5370741 730144 2760144 2760144 8870144 2760770 2760144 2760144 2760144 9710743 2760144 2760144 2760144 2760144 2760144 2760144 2760144 2760144 2760144 3470894 2760960 2760857 5370770 2760857 2760144 2760144 2760144 2760144 2760144 2760144 2760144 2760144 9350144 8190960 8190071 2760371 9710200 3470857 9710857 2760071 5981023 8710176 9710964 2760964 9350894 9350896 3730993 8190930 8190960 3730993 8190964 8190888 3470930 8190880 8190741 8190964 8190071 8190894 6900466 5370888 8190913 7790857 7790964 7790743 7790964 9040043 7790913 8190422 8870422 2760212 6901023 8790857 9350743 9710870 2760894 9710285 9710987 9710870 3470894 2080414 9350414 2760857 2760857 2760857 9350870 2760924 3470870 9350870 3250857 8190870 2760870 2760870 9710870 8190870 8190870 9710870 3470870 9710870 2760870 3470870 9040870 2760894 3470870 3470870 3470870 2760809 9350870 2760870 8190870 8190870 8190870 8190870 2760870 8190870 8190870 8190870 9040870 8190870 9710870 2760857 5370930 2760857 2760857 2760646 2760964 7790144 2760646 2760144 8190519 7790144 7790144 7790144 2760948 2760043 9350043 2760043 8190043 8190043 2760043 2760043 2760043 2760043 2760043 2760043 7790043 7790043 2760043 2760043 2760043 2760043 2760043 2760043 2760043 2760043 2760043 2760043 3250043 7790043 2760043 3250043 7790043 2760043 3470043 3470043 2080043 3250043 2760043 9350043 2760043 5370043 2760043 8190888 8190043 730043 7790043 7790043 7790043 7790743 7790516 7790743 7790752
730770 730114 730888 230741 5230519 3470580 7791023 2760741 8710414 2760176 2760043 2760687 7790770 7790964 3470857 7790857 9710743 8710414 8870560 9710422 3730004 3730004 4630638 3730646 4631010 3730767 4630930 3730646 4630638 8190043 2760952 2760960 6660930 230924 6660006 6660371 730870 6660969 5231023 730560 8870870 8870422 8870870 6660350 2751023 3930205 9350006 4631010 4630580 2760496 250071 2760646 3730782 3470285 5370888 8710864 3470743 6900872 730770 9710752 2760743 2760960 8190894 8190496 3730268 3730420 3730420 1760973 1030857 1760973 3730241 3730496 3470857 8710350 8190071 9710729 8710872 9710770 9710741 3470743 2080770 3470414 7790937 7790913 910752 9040961 8190888 2760872 2760752 9710891 8710864 9350071 9350212 8190930 9350646 8190801 8190560 2760652 7790652 5230646 9710752 7790888 3700580 3930212 9040969 3930560 9350422 9350414 5231023 9710960 3470743 8710422 3730071 5230923 9350144 9711023 3730829 3730960 3700739 9350560 730896 730200 3230422 230857 9350516 730205 6660872 2760205 910519 9350687 2760857 8190371 7790961 730894 231023 7310043 4880973 7310043 7310004 9350752 7980973 3730386 5370930 9350930 9350560 9350560 8190772 2760857 7790857 7790857 300996 3700422 4880973 230857 230920 730560 730071 9710995 6660872 8870580 8870422 8870741 7790741 8870580 250200 3730268 1031010 1760973 1760973 8190205 9710071 8190071 8190872 8190071 3230043 5231002 9710741 3700071 8190969 8190969 8190969 4040200 5370743 8190043 3470285 8190687 2760741 6900466 730857 9711023 8711023 9710466 4720857 9350924 8711023 730743 9711007 7790924 8871007 9040870 4720363 1030857 6771010 6660304 9710920 2760772 230963 2760441 3730519 3731023 1031010 3730200 1760973 3730043 4630200 7980973 6660043 2750212 1030857 1030993 2760857 2760857 2760964 8190829 3730888 8190870 5370043 2760043 7790937 3471023 3471023 7980973 9710200 3230872 1551023 9350872 3700864 3230796 9040969 9710285 7790560 2760741 9040580
3731002 8190973 9350006 3930560 3930872 9040969 3470006 3470560 3470205 3470006 3730646 8190913 8190646 8870741 7790371 8190071 7790687 2760114 6771010 730964 2370973 2370973 3730602 2370973 1031010 3730004 3930200 3931002 3930857 3730984 8190969 8190969 9350741 3700924 9710891 8190942 2080519 910752 3931023 730888 730560 3230205 730144 6660800 2760857 2760422 2760371 8190071 7790888 3950560 2760754 2760754 230414 730071 6770160 230952 230767 3730638 5370071 230872 730580 730580 9710872 230496 2760580 3730580 3730043 3730268 3730974 9350071 5230519 9710006 8190071 8190519 9710770 3731002 910371 730519 730205 3930864 730561 730560 2750212 8870741 730969 910519 730969 730043 730969 7790969 3470414 910969 9710006 5370043 2760043 4630043 1760973 4630200 4630752 2760942 7790743 3470043 3730496 3730519 8190496 1031010 7980973 1760973 5370964 5370930 230496 6771010 6771010 2760801 1030638 3730229 3731023 7980973 5370743 730857 5370071 5370894 7790888 730043 230496 730371 7790857 1760973 7310043 3730580 2760580 5370460 230767 8190870 5370930 5370870 3730519 2760580 2760071 5370993 230422 230920 2760441 1031010 1760973 1031010 3730888 9350743 8710414 8190770 5370752 6660969 730687 910519 3930864 3930872 3930043 910580 3930043 3930205 9710924 8190960 5230646 8190964 3470200 9040864 9350071 9350729 520857 7790743 8190741 9040857 8191002 7790857 7790857 7790857 7790518 2760928 2760754 2760754 3700519 9710462 9710205 9710770 3470752 3470857 3730993 9350071 7790518 520071 7790888 8550519 8190741 9350729 9350729 1760973 5370580 5370741 3250580 230006 2760930 9710422 2760801 8190560 2760812 3730519 2760857 1920857 2750212 9350212 3930519 3930743 9350006 730371 9710864 910857 9350743 8190741 520857 9710739 9710741 3700741 9710752 3700414 9710422 2760754 8190752 3470200 7790857 9040857 7790743 5370043 7980973 9350160 9350071 3700857 8870772 7790857 7790857 8870880 230741 5370729 5370829 9350516 5370687 230422 7311010 3730420 3730420 8190516 730371 730872 730888 730646 730371 730043
4910481 7530564 8190942 7530564 7531023 3250363 4910200 4910481 4910200 6990481 3250371 8790891 4910481 3250937 6990481 3250877 6990481 6990481 3250877 4910200 7530859 3250937 8790891 4910200 8790891 4910481 4910481 3250937 7530560 3250937 3250560 4910481 9760200 3730404 9671023 9350765 6760601 8870924 8790891 2760404 8870741 3470200 3250857 9350114 9350564 6990481 4910200 3250363 8870741 8790891 4910200 4910200 8790857
6990481 8190937 6990481 7531023 9350937 8190859 6760601 8190942 8790857 8870741 8190877 4910481 3250857 4910200 7531023 6990481 4910481 3250877 8190877 3730891 4910481 3730404 8190765 4910481 1030857 8190942 8190765 8190809 3730137 3730564 8790857 3250857 6990857 1030292 6990481 6990481 6990481 7530564 730363 6990481 9350177 8790857 8190765 4910200 3250937 3470857 9350646 3730114 8790891 4910200 8190419 9350564 7531023 5370266 5370419 8790891 9350564 8790857 3250937 5370829 3250877 8870741 4910200 8790857 8190687 1920857 9350765 5370877 6990481 3950960 8190516 3250937 3250363 5370419 9350564 6350404 9350741 8190937 2760942 4910481 8190564 4910481 3730404 8190942 8190829 9350765 8190829 4910200 4910481 8190765 8190877 3250937 8790857 3730601 6350765 3250857 8790857 3730765 8790857 3730993 6990481 6990481 3730974 8190829 6990481 8190687 6990481 3731023 9671023 8190765 2760857 4910200
1030993 9350114 9040857 7530564 4910200 6990481 6990481 6990481 4910200 6990481 8790891 8190942 4910200 8870424 7531023 6990481 6990481 6990481 3250937 4910481 4910200 8190896 7531023 6990481 4910200 8190765 4910481 9350937 9350114 5370877 8190419 9350114 3730114 3250857 3730765 8190516 8190942 3250857 8790891 8190765 3730404 5370419 8190266 8790891 3250937 8790891 8190765 3250857 3250937 4910481 9671023 6990481 7531023 4910200 7530564 3250937 8190765 4910481 8190564 9350564 4910200 6760646 8190765 4910481 8190937 4910481 3250363 6990481 3250363 8190741 7531023 3730404 3700857 3250937 9350564 3470200
null
null
5370961 731023 7790841 5370829 5370829 8870870 250961 5370729 5371002 730363 5370859 7790961 3730974 250969 250969 250969 5370729 250969 4990930 9350765 1030969 5370841 5370481 5371002 5370829 8870424 5371002 7790729 5370961 7310282 5370266 520969 5370859 4720857 5370282 5370961 7790857 5370841 5370961 5370961 5370877 5370841 730928 5370200 5370200 5370961 5370266 5370772 3950772 7790937 5370961 5370841 250969 731023 731023 7790969 5370961 3950729 5370481 5370544
8190969 5370282 7790961 3950772 8870741 7790969 3470772 7790913 5371023 910200 4720841 3930200 3930043 5370544 3950930 250969 4630969 4630200 5370729 5370729 3950772 4630282 4720841
null
5370772 1031002 5371023 1030282 5370200 1030043 1030282 1030282 1030282 1030282 5370481 1030282 1030282 1030282 5371023 250200 250200 250200 3731002 1030638 1030857 1030700 5370200 5371023 1030993 1031002 1030928 1030282 1030857 1030282 1030282 7980973 1030282 5370200 1030961 1030282 1030282 3731002 1031010 4630200 5370870 250200 5370772 5370833 5371002 5370200 1031002 5370801 1031002 5370870 3950772 1030292 1030292 1030993 1030993 1030928 7790516 5370481 5370829 5370930 5370266 5370964 8190419 7310959 5370894 3730241 2760114 2760687 2760646 5370371 7310669 6760481 6350177 5370687 250200
null
null
null
null
null
3950043 5371023 4630200 4630200 4630200 4630928 1031010 3731002 4630200 1760973 4630200 4630200 1030292 4630200 1760973 4630200 4630200 1760973 5370841 4630282
null
8190969 520743 6770160 7790841 7790518 3950043 250961 250961
3390580
null
1030984 1031010 1031002 1760973 1031010 1031010 1030646 4630200 4630200 4630200 1030984 7980973 1030282 1030638 7980973 1030292 1030282 1030638 1030292 2370973 1030282 1030292 1030292 1031010 1030638 1030292 1030292 1030638 1030282 4880973 1030282 4880973 1030292 1030282 250200
null
3230560 9041007 3250877 3471002 3250937 7790516 7790687 3470200 8790891 730741 8711023 2080894 3730137 2760928 4330857 1030419 8190687 8190687 8190942 5370741 7790743 1030282 8190765 2760857
null
null
null
3950043 250200 250200 4990928 730770 730071 8871007
null
5370870
null
8711002
null
null
null
5370481 4720200
250961 3950043
3950729 4630200 4720544 250961 5370961 1030282 5370729 3950729 4040200 2760646 5370961 7790961 3950870 3950930 5370544 250969 3950043
3950729 5370729 3950729 5370961 3950729 5370729 5370729 3950043 5370961 3950729 3950729 250200 5370961 5370930 7790857 5370200
null
5370841 250969 5370729 4040200 5370859 9350765 5370877 3950729 9350646 5371023 5370729 8190969
5370961 4880973 4880973 1030292 1030282 5370481 5370481 5371023 4630969
910928 8870282 4040424 9040961 4880973 4880973 1030984 1030292 5370200 1030282 4630829
8790891 5370729 3950729 8190646 4300857
7790519 3950729 7790857 7790841
4630928 5371023 4630200 5371023 1030646 250200 4631007 4630282 3950960
null
null
null
null
null
null
1031002 250200 5370729 250200 7790841 7790937 5370961
null
3950043 3950043 5370481 5370772
null
null
250969
4630282 5370481 5370961 1030292 5370729 5370993 5370829 9350937 5370729 3950729 250930 3950729
8871002
5370481 5370481 5371023 250200 1030282 4630200 1030292 1030984 1031010 1030292 1031002 7980973 1030282 1030292 1030292 1030292 1030282 1030292 1030961 7980973 1030646 1030282 1030282 3731002 4630200 1760973 5370200 1030282 1760973
3731002
5370481
5370930 4630200 1031002 1030282 3730386 1030984 1030638 1031010 1030857 1030282 1030292 1030646 1030292 1030857 1031010 4630930 1030043 1031002 1030984 1030646 5371023 5371023 250200 250200 250200 5371023 5371023 250200 3950043 250200 250200 4630200 1760973 1030984 4630930 1030282 1030292 1030292 1030638 1030638 1030292 1030200 1030282 1030282 4880973 1030292 1030200 1030282 4880973 1030292 1030282 1030292 1030961 7980973 1030282 1030700 5370200 4630200 1030984 1030961 1030984 1030282 5371023 1030646 1030282 1030993 5371023 1030993 7531023 1030984 1031010 1030282 1030292 1030282 1030292 1030292 1030292 4880973 1030292 4880973 4880973 1030292 1030292 1030282 5370544 5370200
5370961 7790841 4630200 7980973 3950729 9350700 9350765 9350700 9350752 7310765 7310700 7310129 7310993 9350752 7310601 6760973 5370841 5370419 5370266 7310959 7310114 4630928 1030984 1030292 1030282 7980973 7311007 7980973 7980973 4630282 1030292 1030857 1760973 1030984 4630928 4630928 4630200 4630200 4630200 3950043 4630200 4630200
1030984 1030646 4630200 4630200 1030646 1030638 1030646 1031002 1031010 1030646 1031010 4630200 1031010 1030646 4630200 4630043 4040200
5371023 5370833 5370841 3950772 5370729
5370043 4630928 5370841
null
null
null
4040200
null
null
4720363 4040200 9350043 7790857 3950960 5370687 7790652 8870741 9040969 5370200 250969 5370481 5370481 4990930 7311021 5370266 7790652 4720363 5370729 5370200 5370841 7310961 4990928 9350700 5370841 5370961 5370282
null
3250857 3730241 8190877 9350564 8190266 8190419 3730419 9760200 6760564 8190516 6760942 1030829 8190564 8190765 3730419 9350741 3730241 8190765 8190942 8190266 8790857 8790857 8190859 8190765 8190877 7531023 8190419 6990857 8190419 3730765 9350700 3730363 3730928 1760973 3730765 8790857 4630829 8190942 8190829 8190877 3730841 8190877 8190419 3730765 5370877 8190071 8190942 3730765 3731002 9350114 8190765 9350700 8190937 8190829 8190859 8190765 3730765 4910200 9350177 3730993 3730877 3730891 4630282 3730829 8191023 6350177 8190937 8190829 6760646 8190942 8190765 3730004 8190829 9350114 6040857 3731002 3730984 9671023 8190646 3730430 8790857 3730829 8190859 8190937 2760404 8190829 8190859 3730363 3730241 8190371 8190646 6760601 3730241 3730241 9350646 8190942 8190765 8190829 8190942 9350564 8190371 3730114 3730177 8190942 8190765 3250857 8190765 8190942 9350687 2080857 3730829 3730646 8190765 6990857 8190877 3730993 8190516 3730928 3730765 3730404 3730974 6760601 9350564 6990857 8190942 8190564 4630928 8190829 3730404 9350564 8190829 3730646 3730877 3250857 8790857 8190859 8190765 8190829 3730841 6760601 8790857 4910481 8190765 3730114 8190942 8790857 8190942 6760564 6760646 6760601 8190942 8190564 8190829 3730114 3730601 4630282 8190687 8190877 8190859 7531023 8790857 3730700 3730765 8190765 8190829 3730601 8190571 8190877 3730404 3730564 9350564 8190371 8190564 4910200 3250857 9350700 9350114 3730404 3730241 6760564 3730993 3250857 8190877 3250857 3730419 9350765 9350765 6990481 8790857 3730646 8190913 3730137 8190829 1030765 8190961 8790857 9350646 8190829 6760928 9350114 3250857 6350404 8190765 3250857 7530564 9350765 9350924 8190829 8190942 8790857 3250857 8190266 8190765 2370973 9350765 3731002 8190560 8190765 3730928 9350765 7980973 7310969 7310419 5370266 9350765 3730765 8190942 8790857 8190829 3730601 8190571 8190859 3730993 8190859 8190516 9350765 8190937 6760646 3730841 9350741 10110857 6760942 6350601 7310700 7310560 7310564 7310857 7980973 7980973 7980973 7310564 7310693 1030282 7310564 7980973 1030877 7310177 9350937 8190894 8190829 8790857 9350964 9350765 8190516 9350894 3730004 2081023 6350891 6760601 8190266 8790857 8190877 3731002 8190937 9350114 9350646 6350857 730937 9350765 6350601 7310877 3730229 5370419 3250857 10110857 8190516 8190829 6760942 6760942 8190422 8190765 8790857 6760693 9350765 4910481 3250857 6760765 3730404 8190765
9350177 3730941 9350564 8190877 6990481 3730829 4630282 3700857 8190829 3250857 8190560 3730177 8190877 8190006 7531023 6990481 8790857 9350700 3730993 8190419 1030993 9350765 8790857 8190829 9671023 8190829 8190741 3250857 8190419 3250877 8190937 8790891 10110857 7310564 6350857 1030419 7310564 7310942 1030638 1030877 1030282 2370973 3730200 7310177 2370973 7310363 3730177 7980973 8790857 8190829 6760601 8190571 8190961 9350700 8190942 9350700 8190765 2370973 1030114 4330857 1030857 3730229 3730942 8790857 4630829 3250857 9350564 3730772 6350404 6350601 6350404 6760877 9350071 3730974 8190571 8190894 5370266 6760646 8190829 3250857 8190371 3250937 8190880 8190829 2760857 9671023 3730241 8190765 9350560 8190687 6760481 3730580 5370687 3730942 6760973 8790857 9350765 6760601 8190765 6760601 8190829 8790857 8190877 9350071 8190942 5370752 7980973 8190859 9760200 8190942 7310765 7310161 7310601 7980973 5370829 8190829 3250857 8790891 4910481 7310564 8190419 9350765 8190516 8190564 3250363 6760646 8190765 9350700 8190765 8190829 3250857 9350564 8190942 3730646 8190741 8190765 3250857 3730420 3250857 8190419 6760942 8190942 3250363 3250363 8190571 3250937 8190765 4720200 3730993 3730363 8190942 8790857 9350646 8190942 8190687 8190829 8790857 7531023 3730841 3250857 9350646 8190961 3250857 4630928 9350114 3470200 3250877 9671023 9350177 8190516 6990481 8790857 250200 9350765 8190896 3250877 7530859 9350765 9350765 3730765 8190765 9350700 9350564 8190872 3250857 4910200 9350564 3950371 8190770 8790857 3730564 8190877 8190859 3730646 9350700 3730700 9350700 3730114 8190419 3250857 8190266 9350880 7530564 8190687 8870212 9350564 8790857 8190942 4910200 8190877 3950371 8790857 3250857 8790891 8190942 8790857 8190877 8190741 3730200 8190973 8190942 3730241 8190937 9350114 8190942 7310114 8190765 8190877 9350646 3250371 3730981 9350564 8790857 3250877 3250857 8190765 6760601 8190266
3730981 8190752 9040857 5370741 8190942 5370419 8190516 7980973 8190765 3730601 3730241 8190888 3730700 8190564 9040857 8190646 1760973 8190829 1030829 1030857 1030984 1030829 6760601 3730363 1030282 9350700 8190765 8190564 8190765 8190942 3730404 9350937 8190913 8190937 8190765 5370266 3730363 3730974 8190071 3731023 6040857 9040857 8190937 7531023 6350177 3250937 5370877 7310161 1030282 5370877 8190571 4630829 7940973 3731002 3250857 2760857 5370896 3731002 5370894 8790857 250071 730928 8190266 6760700
7310177 3730404 3730177 1030928 3730177 3730296 3730404 7980973 3730241 3730177 1030877 3730981 3730177 1030404 3730829 7310161 3730404 3730177 7310601 1030266 7310177 1760973 6760481 3730229 7980973 3730229 7980601 3730772 4330857 3730114 1030419 3730981 1760973 3731023 7310564 3730200 3730241 3730564 7310404 3730241 7310564 1030292 3730829 7310564 3730419 7310693 1030829 7310564 3730974 7310564 3730519 3730765 3730564 3730228 3730829 1030877 1030282 3730829 3730200 3730765 1030877 3730870 3730877 3730404 3730974 7310601 7310129 3730891 3730241 7310564 3730877 6760857 1030765 3730296 3730386 3730241 3730870 3730200 3730765 3730200 7310651 3730870 3731002 6350891 3730419 3730700 3730241 3730200 3730974 3730519 3730229 4630200 7310564 3730765 3730829 1760973 1030993 7310601 3730700 3730969 3730419 3730941 1030829 3730942 3730241 4880973 3730404 7310765 3730941 7980973 1030829 6760857 3730404 7310161 3730419 3730928 3730404 3730177 7310564 7980973 3730177 7310564 3730928 3730241 3730601 3730870 1030877 3730229 1030877 3730870 7311010 3730200 1030114 6760601 1030404 3730974 7980601 3730229 3730200 3730241 7310765 3730898 3730519 2370973 6760296 3730765 3730241 3730877 7310651 1030829 3731023 7310404 3730829 4330857 3730114 3730519 7310430 1030877 3730404 3730241 3730942 3730386 1030877 1030404 7310959 1030877 1030404 3730974 3730241 3730266 1760973 3730386 7310404 7310177 1030877 7310129 3730829 1030877 3730974 3730877 1030266 3730114 1030877 3730200 1030114 7980973 1030282 3730114 3730200 3730981 1030114 7310601 3730974 7310601 7310564 3730765 7980973 3730877 1030765 3730601 7310564 3730229 3730241 4330857 4330857 3730700 3730601 1030765 3730200 3730177 6761023 3730404 3730419 3730241 3730974 7310564 3730404 1030419 3730404 1030877 7310404 2370973 7310161 7980973 3730296 7980973 3730700 1030829 7310161 3730229 7980973 3730200 3731002 3730765 3730296 3730241 7980973 3730942 3730200 1030282 3730928 1030266 3730371 1030266 3731002 3730601 7310765 7310177 1030404 7310601 7310601 3730241 4630200 3730829 3730891 6350601 3730700 7310404 3730200 1030984 7310651 3730241 2370973 1030877 3730974 3730296 3730601 3730564 6761023 6350177 3730877 7310564 3730241 3730200 3730404 3730765 3730296 3730404 3730419 3730942 1030928 6350891 3730877 3730404 3730229 7310841 3730519 3730200 7770857 1030700 7310669 7310601 3730841 3730519 7980601 1030765 3730829 1030282 3730404 7310601 3730981 7310891 3730829 3730700 3730229 3730700 7310177 3730870 7310363 7310924 3731002 3730419 3730200 3730363 6350857 3731002 6350765 7310404 1030282 3730241 7310404 3730981 6761023 7310765 3730601 3730928 3730829 3730241 3730891 7310601 2370973 3730229 3730601 3730519 1030984 3730114 7310669 4880973 3730229 7310564 7310835 7310045 7310601 3730205 7310430 7310669 2370973 7310835 7310430 7310363 3730404 7310601 7310564 7310857 3730296 3730870 3730765 3730601 7980973 3730200 7310969 3730601 3730974 3730700 3730114 7310601 3730981 7310959 3730891 3730386 7310669 7311021 7310601 3730200 7310564 3730981 3730419 1030877 2370973 7310669 3730241 1030282 1030638 1030829 7310177 7980973 3730200 3730404 3730241 7310877 1030857 4330857 2370973 2370973 2370973 3730114 3730974 7310266 7310841 7310571 7310942 7310363 7310841 7310363 3731002 7310601 6760481 3730229 1030282 7310404 3730177 7310765 3730765 7310430 3730200 6760296 3730404 3730200 7310129 7310177 3730296 3730877 1030266 3730241 7310161 7310404 1760973 3730519 7310857 3730974 1030877 7980404 3730200 3730241 3730241 1030419 3730891 1030282 3730981 3730386 7310564 3730241 3730404 7310700 1760973 7310959 6761023 7310404 6760177 3730363 7310564 3730969 3730177 3730241 1030928 5370829 7311007 7310669 1030282 3730404 2370973 6350404 3730241 3730974 3730386 3730841 1030928 3730961 3730765 3730296 3730200 3730877 3730404 1030984 3730296 1030829 3730177 1030829 3730981 3730765 3730241 3730200 3730229 1760973 6350404 3730974 3730241 3730564 3730519 3730404 7980601 1030877 3730004 3730200 7980973 3730829 7310564 3730974 2370973
7310877 7310891 2370973 7311010 3730877 1030857 1030114 1030282 7310961 7310404 3730296 7310693 2370973 1030857 4880973 7310651 2370973 1030282 3730229 3730241 7310564 2370973 1030877 1030829 7310564 7310651 2370973 2370973 2370973 7310161 7310693 1030877 2370973 7310177 7310669 3730898 1030419 2370973 1030829 2370973 7310601 7310129 1030419 2370973 1030829 7310560 7310601 2370973 3730200 7310601 1030266 7310601 1030969 7310891 2370973 7310651 1030829 1030404 1030857 7310700 7310891 2370973 4880973 7310891 7310601 1030266 7310161 7310601 7310404 7310161 7310669 7311021 1030857 7310700 3730200 1030877 7310841 7311021 7310835 7310669 7310841 1940973 7310601 7310404 1030292 4880973 7310404 7310177 1030829 2370973 4880973 1030638 2370973 1030200 7310114 2370973 2370973 7310877 2370973 1030292 2370973 1030700 2370973 1030282 7310765 3730177 7310564 7980973 7310601 7310700 1030404 2370973 1030419 7310177 7310129 1760973 1030282 7310700 1030282 1030829 7310601 1030404 3730386 3730981 1030829 7980973 1030829 1030877 4880973 3730241 1030266 7310114 4880973 7310129 7310177 1030200 7310129 7310161 7310129 7310651 7310161 6761023 7310891 1030857 7310601 7310564 3730241 7310564 7310651 3730200 3730200 1030829 2370973 3730974 1030829 7310564 2370973 7310601 2370973 3730241 3730829 7310404 3730177 7310564 6760481 7310564 1030114 1030282 6760857 7310651 3730200 7310700 1030829 7310564 7310129 3730419 7310877 1030282 1030419 7310877 7310891 7310161 7310404 1030419 7310161 7310404 3730177 2370973 7310114 7310161 1030829 1030404 7310161 2370973 3730177 4880973 7310161 1940973 7310700 7980973 1030829 7310129 7310891 3730601 3730229 7310651 3730266 1030928 7310601 2370973 7310765 7310601 7310564 1030404 7310564 1030404 7310601 7310857 7310765 2370973 3730700 2370973 1030877 7310651 7310177 7310564 7310404 7310161 7310564 7310564 3730974 7310177 2370973 7310177 7310161 4880973 7940973 7940973 4880973 7310129 7310177 7310601 7310564 7310601 7310564 3730241 7310765 6760481 1030282 7310404 7310765 1030877 7310765 7310161 7310601 4880973 7980973 4880973 2370973 3730229 7311021 1030961 7310404 3730419 3730700 7310765 7310877 2370973 4330857 2370973 1030829 3730241 1030829 1030282 7310700 3730829 7310765 1030877 1030404 7310959 1030928 4330857 7310161 6760857 7310765 1030877 3730241 3730200 7310571 7310363 7310404 7310601 1030282 7310601 7310700 3730229 3730519 7310700 7310669 2370973 7310841 7310700 7310161 7310942 7310669 7310161 7310564 2370973 7310669 1030857 1030829 7310564 3730266 7310765 7310564 4630200 7310114 3731023 7310564 3730404 7310601 7310564 1030877 7310404 3730765 3730296 1030404 3730114 7310601 6760857 7310430 3730974 7310564 2370973 3730981 7310571 7310363 7310266 7310601 7310564 5110006 7310560 7310877 1030419 7310564 7310765 2370973 7310564 7310404 7310564 2370973 7310829 4880973 7980973 1940973 7310419 7310564 7310266 7310371 7310765 1030829 2370973 7310430 6760481 3730296 1030404 7311007 1030114 7310601 1030419 1030282 7310564 7310177 1030877 3730229 1030877 7311007 7310205 7310877 7310560 2370973 7310571 2370973
7530564 8190913 1031010 1030404 7310177 1030993 5370930 8190829 3731002 6760857 3731002 1030877 1030282 5370419 3950960 8190765 3730241 5370419 8190765 8190687 8190765 8190646 3730404 1030404 7980973 1030877 1030993 8190829 5370829 3730928 7980973 1030292 1030200 1030404 5370419 8190765 7530859 7530859 6990481 8190765 6990481 4910481
7310177 3730877 7310161 7310669 7310601 1940973 1940973 7310765 7310266 7310419 7310841 3730870 3730981 7310177 6760601 2370973 3730200 2370973 2370973 7310765 7310161 7310765 1030282 7310564 7310601 7310564 7310765 7310601 7310404 7310114 7310114 7310669 1030266 1030829 3730296 3730765 3730601 6350891 3730601 6760942 6350646 9350870 3731002 1030114 7310669 3730981 3730646 3731002 1030877 3730404 6760481 1030419 3730829 3730700 7310669 7310765 7310969 7310669 7310765 7310765 7310129 6350857 3730829 6760601 6761023 3730765 3730765 1030829 7980973 7310601 7310961 4880973 4880973 4880973 7310177 7310669 3730765 7310601 7980973 3730404 7980601 3730200 3730229 6760601 1760973 7310177 3730870 1030404 3730419 7310564 7980973 6760296 7310430 7310129 7310564 6760481 6350177 3730241 6760296 6760481 6760296 2370973 7310564 3731002 7310765 1030993 7310177 1030404 9350177 6760857 6761023 6760601 3730404 7980973 3730601 3730404 8190765 5370877 3730404 6350765 1030877 3730765 6760765 3730601 7311010 5370877 7310693 3730386 2370973 7310700 7310161 7310765 7310601 4880973 4880973 7940973 4880973 7310129 7310177 3730981 7310891 3730419 3730700 3730241 6760877 3730601 6760481 1030419 7980601 3730386 6350765 7310765 3730601 6760877 3730404 7980973 3730601 6760857 7310669 7310129 6760481 3730829 4880973 7940973 4880973 7310571 1030404 7980973 1030877 6760857 7310765 3730870 7310129 3730765 6760877 6760177 8790857 7310601 3730229 7980404 7310765 7310129 3730241 7980601 6760857 7310114 1030877 7980973 7310129 7310669 7310564 3730241 8190829 7310564 3730765 6760857 3730404 6350177 3730200 1030928 6350891 3730870 3730404 1030877 7310891 3730419 7310564 1030638 1030638 6760296 1030282 3730877 3730386 7980973 7980973 7980404 3730974 3730877 4880973 1030829 3730981 3730877 7980973 1030266 6350765 7310651 7310129 3730419 7310129 3730765 1030282 1030765 3730241 7310129 3730993 7980404 6350891 7310601 7310129 1030266 3730765 7310601 3730981 7310601 6350404 1030404 3730419 3730229 3730241 1030877 3730601 3730404 7310891 7310430 3730646 1030200 8190877 3730404 3730404 3730829 1760973 7310765 1030404 1030829 1030282 7310161 6761023 7310669 3730877 3730241 6760877 3730177 3730942 6760266 7310205 7980973 3730877 6760857 3730404 7310765 6760296 7310693 7310601 1030404 9350765 3730296 3730981 6350601 6350857 1030266 6350601 2370973 3730404 7310114 6350601 7310700 6760765 7310877 3730404 3730200 3731007 7310404 3730200 7310404 3730765 9350700 3730772 6350177 2370973 7310765 1030877 7310430 1030266 3730765 1030877 6760266 3730765 4880973 1030877 7980404 7310765 3730241 1030877 7310693 7310129 3730177 7980404 7310161 7310765 7310601 7310601 7310564 7310114 6350765 3730519 3730601 1030266 9350765 7310601 3730229 3730601 6760700 6760765 3730601 6761023 2370973 3730601 7311010 7310363 3730700 1030404 7310601 3730519 3730404 3730765 6760942 1030404 6760177 7310564 6350114 3730870 3730241 5370419 3730404 7310129 3730177 6760877 3730229 1030200 6760857 6350404 3730700 2370973 3730296 6760765 7311021 3730829 6761023 6350601 6760942 9350765 3730870 6760928 3730765 7980601 3730114 6761023 8190765 3730200 10220857 1760973
7310177 3730296 1030282 4880973 3730296 4880973 7310161 7310404 2370973 7310161 7310404 1030829 7310129 3731002 7310161 7311021 7310601 7310404 1030292 7310161 1030404 2370973 3730177 7310564 3730229 7310129 3730296 7310961 3730974 3730296 7310564 3730004 7310765 7980601 7310129 3730229 7310404 3730829 3730268 7310891 7310601 1030961 1940973 3730829 7310700 3730205 3730177 1030877 1030404 7310669 7311021 7310404 3730296 7310161 7310841 3730296 7310161 7310571 7310363 7310877 7310841 3730404 7310651 7310161 3730200 7310161 3730200 3731002 3730877 3730765 3730296 7310564 3730765 3730004 7310765 3730296 7311010 7310651 3730296 3730519 1030419 6760857 3730229 3730419 3730200 3730229 7310404 3730419 7310877 7310114 3730969 7310266 3730519 7310700 3730229 7311021 3730229 3730200 1030877 7310601 7311010 2370973 7310669 7310700 2370973 7310564 1030829 7310564 3730229 3730177 3730404 7310700 7310404 7310177 7310700 1030404 3730419 7310161 7310669 7310161 3730981 3730765 4880973 3730404 7310765 1030877 3730229 7310841 7310669 7310841 7310601 6760481 2370973 7310601 7310161 7980973 7310114 7310601 3730386 7310891 1030419 7310564 2370973 7310564 1030765 7310601 4880973 7310651 7310601 1031010 2370973 3730296 1030282 7310765 2370973 3730870 7310601 3730200 3730229 7310669 7310651 7310601 7310177 3731002 3730829 3730564 7310404 7980973 7310404 7310601 3730961 7310404 3730829 7310404 3731002 7310765 7310564 2370973 1030765 3730877 7980973 3730241 7310129 7310669 5370877 7310651 6760601 7980973 7310601 7310693 7980601 7310129 3730519 7310601 6761023 7310651 3730580 7310404 3730229 6760601 1030200 3731002 7310404 1030765 7980973 1030877 7310564 7310765 7980973 7310693 3730519 6760296 7310161 7310564 7310404 3730601 6761023 7310693 3730601 2370973 3730241 3730829 7310564 3730241 7310601 7310601 1030877 3730404 3730419 4880973 7310693 3730700 1760973 3730829 7310564 3730404 3730974 1030282 7980973 3730266 3730765 3730371 3730928 6771010 7310266 7310765 2370973 7310161 3730404 7310765 6760857 3730200 3730877 7310129 7980973 7310601 3730700 3730229 5370877 7310700 3730404 7310161 3730519 3730296 3730981 6760857 3730241 3730519 6760857 3730519 1030877 7310404 7310601 7310004 7310177 7310969 3730877 7310564 3730404 3730829 1030404 6350857 6760857 1030404 3730601 3730877 7310404 7310430 1030700 7310404 5370829 1030282 6350857 3730404 7310430 1030404 1030292 1030282 3730564 3730404 7310651 7310693 3730519 3730981 3730200 3730296 3730891 1030877 7310765 1030877 1030282 3730296 1030404 7310959 7980601 7310564 7310669 6760481 3730700 7310651 7310669 1030282 2370973 6760177 3730981 7980973 3730564 7310765 3730200 3730229 3730601 7310601 1030928 3730981 4880973 7310430 2370973 1030829 7980973 6760857 6760177 4630200 3730519 3730877 3730386 6760296 3730404 7310404 1760973 3730200 7310129 3730296 3730241 7310959 7310601 7310564 3730829 3730386 7310601 7310129 7310363 3730841 6760564 7310765 3730241 3730877 1030404 3730601 6760942 3730114 3730601 6760266 3730241 3730580 7310651 3730386 3730877 3730898 3730241 7310177 6760857 7980973 3731023 3730229 6760177 3731007 3730177 6760857 3730241 3730177 6760857 7980404 3730519 6760857 6350404 3730700 3730404 6760177 1030043 3730765 7310177 6760296 7310601 3730404 7980973 7310601 3730981 7310765 3730519 7310564 2370973 5370877 7310601 3730969 1760973 7310601 3730564 3730765 6760857 3730229 7310601 5370200 7310891 7310700 3730200 7310841 7310564 1030282 3730829 3730200 6350765 1760973 3730404 7310601 1030282 7980973 1030700 7980973 3730177 6760857 7310891 7980973 3730200 7310693 3730177 7310765 1030114 7310765 3730404 3730601 3730404 7310601 3730942 7310404 7311010 7310765 1030266 7310177 3730404 7310177 7310601 4880973 7980973 1030765 7980404 3730296 1030404 7310765 7980404 1030829 3730829 1030993 1030829 7310564 3730229 7980973 1030877 1030993 7310765 7980973 3730601 7310700 3730765 7310601 3731002 6350404 7310161 5370200 6760177 7310129 7310177 4880973 6760877 3730386 3730404 7310601 3730519 6760481 3730941 3730229 7310564
3730177 3730981 3730229 5370877 3730981 3730229 3730296 6760973 3731002 6760601 3730700 6350177 3730519 6350891 3730601 3730981 6350891 1030877 3730229 3730137 3730404 3730829 3730564 6760177 3730229 3730601 4330857 3730241 6760481 3730941 3730981 3730829 3730241 6350891 3730404 8190519 7310564 3730404 3731002 3730177 5370877 3730981 6760177 3730765 5370877 9350177 3730877 6760693 6761023 3730981 6760765 5370877 9350765 6760601 3730241 3730137 6760693 6760693 6760765 3730941 3730241 3730430 5370419 3730765 1030282 5370877 7310430 3730891 6760296 3730296 6760481 5370841 7310601 3730241 3730765 3730601 6760481 3730404 7310601 3730229 6760942 7980973 3730700 9350114 6760942 6350114 5370829 6760481 5370894 6760177 3730700 6760601 3730404 7980601 6350177 3730564 9350177 6760481 5370266 6760857 3730404 6760700 3730404 3730430 3730404 9350177 6350601 3730404 6350177 6760942 6350177 6760877 3730841 3730974 5370877 5370266 3730829 3730404 7980973 6350177 6760928 3730829 8190877 8190829 6760601 3730228 1030282 9350114 3730241 3730229 6761023 6760877 7310765 3730981 8190765 3730296 3730765 3730601 3730765 3730700 6350891 3730601 3730404 3730700 6760700 3730765 6760700 6350765 6760177 3730829 9350564 3730177 3730601 6760296 7980601 3730241 9350177 3730700 9350114 1030993 3730877 3730114 3730229 6760646 6350404 3730580 3730981 3730177 8190877 3730981 6350857 5370877 3730829 3730928 6350404 5370829 6760693 3730419 5370877 3730765 6760481 3730241 6760601 3730981 3730241 6760266 3730765 6350891 6350891 5370877 6350765 5370877 6760266 3730519 8190519 6760700 6350114 6761023 3730981 3730266 6760601 3730601 6760693 10110857 5370877 3730941 3730229 1030700 3730241 8190419 6760266 3730765 5370829 7310564 6760765 3730601 3730564 6350891 3730241 3730519 3730519 3730266 3730519 6760564 6760942 3730829 6760857 3730601 6760942 3730404 7310877 3730601 3730519 9350177 3730877 6350177 1030282 5370266 3730765 6760877 9350765 3730877 3730404 8190859 9350177 3730241 6760857 3730765 3730137 6760877 3730981 3730241 3730177 3730241 6350916 3730404 1030993 3730765 6760266 7310601 3730941 6350765 7980973 6350891 6760296 3731002 3730891 6760700 3730296 6760857 3730229 6760973 6350404 9350114 3730241 3730765 6350601 6760564 9350765 3730601 6760942 6350765 7310564 6760177 6350177 3730841 3730519 3730241 6760601 6350916 1030829 9350700 3730177 3730519 3730564 3730646 6760564 6350404 6760177 3730765 3730700 6350114 6760877 3730241 3730877 6760693 3730241 3730981 6350765 8190942 3730829 5370371 3730519 1760973 5370687 3730700 6760601 6760601 3730961 6350404 6760700 9350765 3730241 3730404 3730114 3731002 9350765 3730601 3730765 5370877 3730877 6760481 3730601 6761023 3730765 6760266 3730241 3730241 5370829 8190942 3730114 3730928 6760700 6350891 5370419 7310404 6760942 6760857 9350177 6760646 3730114 9350177 6761023 3730114 3730993 5370877 3730404 3730404 9350177 3730564 3730765 6350891 6760564 8190829 6760877 3730229 3730829 8190942 8190829 6760481 6350177 8190877 3730981 3730177 6760877 3730241 5370877 6350404 3730404 3730765 5370877 6760857 6350765 6760481 3730519 3730765 6760564 7310765 6760601 6350404 3730114 3730981 6350114 6350114 6350765 3730877 3730765 6350857 3730981 6350765 3730137 3730404 6350765 9350114 3730601 6760481 6350891 3730765 3730137 1030700 6350916 6760601 3730700 6350916 6760601 3730601 9350765 3730829 6760700 6350891 3730601 3730700 3731002 3730404 6760177 3730564 6350177 3730241 3730430 6760877 3730229 3730877 6350404 3730137 1030993 6760177 3730765 3730404 6350857 6760877 6350891 3730296 6350404 3730241 6350114 6760765 1760973 5370419 3730877 3730519 4630928 6760601
8190564 8190564 4910200 8190765 8190564 8190859 4910200 8790857 8190765 6040857 6760877 6990481 8190765 8790857 8190765 8190419 8190877 8790857 8190942 4910481 3730829 8190765 8190942 8190877 8190765 3730137 3730601 3730700 8790857 8190942 8190765 9760200 8190765 8190765 4910200 8190942 8790857 4910200 8190765 8190829 6990481 8190877 6760564 8190877 4910200 8190877 8190877 10220857 9350937 6350765 8190942 6350114 8190071 8190765 4910200 3250857 8190942 3250857 8190765 8790857 3730137 4910200 8790857 3250363 8190942 8790857 8190765 8190859 8190765 8190419 8190896 8190646 8190765 8190765 520857 9350964 9350894 9671023 9760200 8190896 3731023 8790857 5370896 6760601 4910481 8190765 8190877 9350646 3730877 3730404 3250857 8790857 8190516 8190829 8190564 8190516 8190877 9350700 9760200 8190687 8190564 8190564 8190829 8190937 9350765 8790857 6350601 8190266 8190942 3730137 8190765 8190516 8190765 8190877 8190765 8190765 4910200 8190942 6760700 8190942 6990481 4910481 8190564 4910200 9760200 8790891 3730993 8190942 6990857 4910200 8190877 8790857 8190564 8790857 8190877 8190765 3250877 8790200 8190564 8190765 8790857 3250937 8190765 8790857 8790857 4910481 8790857 3250857 8790857 8190371 8190765 8190942 8790200 10110857 8190765 8190859 6760601 8190765 8190765 8190829 3730137 6760877 8190859 7531023 8790857 8190414 8790891 4910481 8190765 4910481 8190829 8790857 8190266 4910200 6760564 8190741 4910200 4910200 9350114 6990481 3250857 6760601 8190829 8190809 4910200 8190877 7310564 8790857 8190765 8190942 8790857 8190877 8190765 8190877 8190765 9671023 3250857 8790891 8190765 8790857 6760266 8190765 4910481 8790857 8790857 6760942 6760942 8190942 8190829 9350564 8790857 8190519 8190765 4910481 9350937 8190942 8190687 4910200 8190765 9760200 3250857 8790857 8190829 8190829 6990481 4910481 8190877 8190942 4910200 3730993 1030829 8790857 8190564 4910481 8190765 6990481 3250857 6350601 6990481 4910200 4910200 8790857 6990481 9671023 9671023 6990481 8790857 3250877 8190877
3730137 5370877 3730981 6760973 9350564 3730765 8190877 3730404 5370829 6760601 6760942 8190829 9350700 9350765 6760601 8190765 5370877 5370841 3730404 5370266 8190877 8190765 9350937 6350404 8190829 6760700 8790857 8790857 6350114 6350891 6760601 8190765 6760601 9350765 6350765 6760266 3730580 6350404 6350601 8190829 6760700 5370829 6760973 6350404 6760693 6760177 9350700 8190765 9350114 9350765 5370877 9350114 6760877 8790857 6760693 8790200 5370877 3730700 7310601 6350404 3730993 5370877 6760700 8790857 8190765 5370841 3730829 8790200 3730993 6350601 6760942 8190687 6350177 6760700 9350114 5370829 6760765 9350177 8190942 8190942 6760564 9350646 8190829 3730993 6760857 8790857 3730137 9350765 3730601 3730993 8190829 6760564 10110857 8190877 6760765 4910200 8190829 6760564 6350404 3730229 8190829 8190765 6760564 6760601 3730419 6760877 6760601 8190877 6760177 3250857 3730404 8190687 6760646 6350404 9350114 5370877 3730601 6760700 6350765 8190877 6350765 4910200 3730981 8790857 6350404 3730765 8190829 3730981 6350765 3730404 6350114 4910200 6350891 6760601 9350765 8190765 6350114 3730829 5370877 6760942 3730829 9350564 6350404 3250857 8790200 5370877 10110857 9350700 5370877 3730765 8190765 6760693 8790857 9350114 6760601 3730765 6760693 3730765 6760765 3730137 9350114 3730404 3731002 6760700 8190765 7980973 6350916 9350006 6760700 6350765 6760177 6350177 6760700 3250857 8190419 6760942 9350177 8190829 6760942 7310430 8190877 3250857 8790200 3730877 8190765 8190571 6350177 9350937 8190942 6350404 6760601 8190765 6760693 6760877 8190765 8190877 6350765 7310404 3730993 8190564 8190687 3730419 3730700 3730974 8790857 6760601 9350765 8190829 9350872 3730404 9350564 6350765 6760877 3730404 9350765 3730829 6350765 5370877 3730941 8190765 3730765 6760601 8190765 6760700 8190765 6760601 8190937 4910200 8190765 6760700 3730404 8190829 9350564 6350404 4910200 3730404 3730700 6350891 6760296 6350404 8190829 3730765 9350700 8190765 6760877 3730981 8190829 8790857 6760765 8190266 8190765 8190942 3730765 9350700 8190765 6760601 9350765 6350177 6760700 9350114 9350765 6760693 9350700 6350916 6350601 4910200 9350177 3730404 7310430 3731002 3730765 3730765 6760646 8190765 9350114 6350177 8190877 6760928 8190765 3730993 8190829 6760693 6350857 6760601 8790857 6761023 10110857 9350765 8190829 6760942 8190765 5370877 8190942 9350114 8190571 8190765 8190877 4630928 10110857 8790857 8190877 5370841 6760601 3250857 5370266 5370829 9350700 6760646 8790857 6350114 6760601 6350404 3730765 3730765 9350580 6350765 6760601 3730993 8190765 8190765 5370877 8790891 8190937
8190942 8790857 8190765 6040857 8790857 8190877 8790857 4910481 4910200 4910481 6990481 4910200 8190765 4910200 6990481 6990481 8190877 8190829 8790857 8190859 4910481 9350765 9760200 8190765 4910200 4910481 6990481 8190961 6990481 4910481 3250877 8190829 8190765 6990481 8190877 8190765 8790857 4910200 6990481 4910481 8190829 9760200 6990481 4910200 4910200 6040857 8790857 4910481 8190765 8190765 8190829 4910481 6990481 4910200 6990481 4910481 8190880 6990481 8190877 8790857 6990481 8190877 8790857 8190877 8190942 9671023 4910481 8190765 8190829 4910200 8790891 8190564 4910481 4910481 4910200 7531023 6990481 8190765 1030877 1030857 1030292 7310601 3730404 7310669 8190765 2760928 3250857 8190765 3730404 7310651 9350114 9350765 5370200 3730241 3730363 3730961 3730765 6760693 7310564 7310765 1030829 7310564 1030266 7310161 7310404 3730241 6761023 8190877 8790857 8790891 8190877 8190765 8190877 3730241 1030282 2370973 3730898 7980973 3730981 3730765 6760646 3730765 3731023 7310129 3730841 7980973 3730700 9350700 8190765 4880973 4880973 7310669 4880973 7310404 7980973 6760481 8790857 9350564 6990481 8790857 6760481 8190877 7530564 8190765 8790857 7531023 8190829 6350404 3250857 5110549 7310266 7310282 3250371 8790891 9350765 2760404 3250877 8190765 8190765 8190829 1030829 2370973 4880973 2370973 3730404 3730765 1030404 1030200 7310161 7310404 7980973 7310404 7310177 4880973 4880973 4880973 2370973 1030638 1030404 4880973 1030266 3730981 8190765 8790857 2760857 6990481 3731002 5370200 6760942 7310693 4330857 1030700 7310404 1030877 7310404 7980601 7311021 7310129 7310177 1030877 7310404 1030969 6760296 1030404 7980973 3730829 6760601
3730981 4880973 1030200 4880973 4880973 1030200 5370841 1030993 5370859 3730241 3730941 1031010 1030282 1030292 4880973 1030857 1030200 7980973 1030292 1030993 3731023 4630200 1030928 1030984 1030969 1030282 1030200 1030292 1031002 250200 250200 5371023 1031002 4880973 1030638 4880973 1030200 1030292 1030857 4880973 1030200 1030292 1030292 1031010 3950772 4630580 5370859 5371023 8190765 2760857 9350888 5370687 1030993 1030829 1030292 1030646 4880973 1030043 1031002 4630772 4630913 1031002 1030282 1030646 5370841 5370200 5371023 4631007 5370961 5370743 8190765 4630200 4630200 1760973 4630200 1030200 1030200 1030200 7980973 5370200 1030857 4880973 2370973 2370973 4880973 4880973 4880973 4880973 1030638 4720363 4630200 6350916 9350888 8790200 5370841 1030282 1030282 1030961 1030282 1030282 1030292 1030292 1030282 1030961 1030292 7980973 1030282 1030282
3250857 8190765 2760404 8190829 8190519 6760177 8190266 1030282 7310564 5370877 6760973 8190829 2760857 7531023 8190765 3730430 6990481 3730601 3731002 5370200 4880973 7310765 1030282 1030877 2760114 8190765 8190877 3700857 8190765 8190877 6350177 2760404 6350177 6760646 6350765 1030765 7310700 3730241 1030857 1030638 7980973 6760481 5370200 9350765 7310601 7310564 8190942 8190829 3730386 2370973 4880973 2370973 7310700 4880973 4880973 4880973 4880973 4880973 4880973 4880973 4880973 4880973 4880973 4880973 2370973 7310669 7310161 3730961 2760404 1030282 7310765 7310161 7310129 2370973 4880973 4880973 7310601 1030928 3730829 8190870 6350601 8190266 4910481 3730877 9350564 3730993 6760857 4880973 1940973 7310829 3730404 7311007 7311021 4880973 7310043 6990857 9350765 8190877 8190877 8190942 8190646 8190571 3730601 9350177 7310564 1940973 7310363 7310571 7310266 3730296 7310829 1030877 7310404 7980973 7980973 1760973 6760857 3730961 3730928 6350891 8190942 6760646 9350765 9350765 8790857 8190765 8190829 3730229 8190877 3730241 3250857 7310669 1030877 1030993 1030282 7310430 5370877 1030404 3730241 8190646 8190765 4630282 8790857 3730974 9040857 1030282 7310564 8190829 4880973 7310651 7980973 7311021 1030829 7310693 1030829 6760693 8190942 3730241 5370266 1030829 7310564 1030928 4880973 1030877 1030266 7310177 2370973 7310177 7310841 1030829 7310564 3730765 7310700 6990481 8190741 8190859 4910200 3250857 8190942 7790937 8790857 3730981 4330857 1030829 7310891 7310601 1030404 7310601 7310601 7310114 3730765 1030114 7980973 6350916 6760177 6760857 8190829 3730941 6990481 6990481 8190859 6760942 3730200 1030419 7310765 3730765 4880973 4880973 1030114 7310177 1030266 4880973 1030829 1030266 2370973 7310177 1030877 7310177 7310564 7310601 9350564 8790200 3730829 8190765 3730700 1030404 7310601 4880973 7310601 4880973 7311021 1030266 3730601 8190765 8790200 6760700 5370877 7980973 1030993 9350870
3250363 7530580 9040580 3470857 7980973 7310282 7311007 3730404 8790857 3250857 3730229 3730241 6760601 1030404 1030877 7310404 7310177 4880973 4880973 4880973 4880973 4880973 4880973 2370973 4880973 4880973 7310129 4880973 1030829 1030969 7980973 2370973 7310700 3731002 3730177 6990481 7310669 3730981 3730981 7310161 2370973 2370973 4880973 4880973 4880973 7310857 2370973 2370973 7310942 7310161 7310891 3730241 3730601 3730872 3731002 6350646 8190571 8190571 3730700 6760700 3730646 3730941 6761023 6760765 5370071 4910200 2760652 5370841 8190687 8190859 3250937 8190877 6760601 3730241 8190829 3250857 1030700 1030829 1030419 1030404 1030829 6350765 3730363 1030114 4880973 3730519 1030993 6990481 8190942 3730981 6350404 1030266 1030829 1030200 4880973 4880973 4880973 2370973 4880973 4880973 6350177 6760928 3730580 730580 7530580 3250580 3250580 8190496 7311007 4720580 7310969 3730700 8190942 3950371 7530859 3250560 7530859
7310129 3730891 3730419 3730981 4880973 7980973 3730177 7980973 3731023 1030419 3730404 3730177 1030829 3730519 3730519 3731023 3730519 3730386 3730241 3730419 3730404 4880973 3730829 1030877 7310765 3730829 3730200 5370829 1030857 7310891 3730700 3730765 1031010 3730941 3730114 3730941 3730229 3730601 1030404 3730200 7310564 7310651 2370973 7310700 3730229 3730961 3730296 3730700 3730941 3730419 3730564 3730404 7980973 3730519 7310959 3730404 3730829 3730700 3730829 3730700 1030282 7310161 3730404 3730974 6760857 1030292 3730419 7310560 7980973 3730700 7310404 3730200 3730974 3730200 7310700 7980973 3730200 7310404 1030928 1030404 2370973 1030829 7310700 3730200 3730877 7310177 7310161 7310564 2370973 1030829 7310877 1030969 7310601 7310404 2370973 7310601 1030404 3730772 3730296 3730386 3730229 3730877 3730200 3730114 3730877 6760857 3730891 3730961 3730228 3730974 3730700 3730241 3730404 7310651 6761023 3730200 3730114 3730296 7310564 3731007 3731007 6760700 3730386 3730601 3730200 3730974 7310430 7980601 3730200 4630829 7310004 3730200 3731023 6760942 3730969 3730422 3730564 3730363 3731002 3730519 3730564 4330857 3730601 7310564 3730646 3731002 3730114 3730114 3730601 3730580 1030700 6760177 7310404 2370973 3730993 1030928 3730841 3730928 3730404 3730241 3731023 3730177 7980404 3730200 3730200 3730177 3730601 3731023 3730200 3730974 3730765 7310114 3730200 3730200 1030282 3730974 1030877 7310765 3731002 3730404 3730200 1030829 2370973 3730200 3731002 4880973 3730404 7980973 3730404 3730200 2370973 7310693 3731002 3730898 7310601 7310601 7310765 3730200 3730974 7310161 3731002 7310601 3730404 7310161 3730200 2370973 3730200 1940973 3730200 7311010 7310161 4880973 7980973 7310177 3730200 1030282 1030928 7310857 2370973 7310161 7310700 3730200 3730200 1030765 7310601 1030292 2370973 2370973 7310961 3730419 3730961 3730942 7310564 7310891 7310942 3730519 1940973 7310841 1940973 7310700 2370973 3730877 3730974 7310601 3730296 1030282 3730419 3730974 2370973 3730898 7310161 3730519 1030282 1030857 7310404 1030877 2370973 3730200 7310404 3730961 2370973 3730241 2370973 7310161 3730200 2370973 6760857 1030969 1030969 1030114 7310857 7310404 3730200 3730941 2370973 3730519 6760857 3730765 1030282 3730765 1030857 3730200 7310601 4880973 4880973 7310161 7310363 7310114 7310129 7310891 7310669 7310161 2370973 4880973 2370973 7310161 4880973 7310601 2370973 7310959 2370973 1030419 7311021 7310942 7310652 2370973 1030404 7310161 3730898 7310404 7310601 3730700 3730200 7310891 7310700 2370973 7310177 7310129 1030829 2370973 7310961 7940973 4880973 4880973 2370973 4880973 7940973 4880973 7310891 1940973 4880973 7310129 7310857 4880973 1940973 1940973 1030857 1940973 1030200 7310857 2370973 7310857 7310129 7310114 3730870 7310601 1030928 1030829 3730200 7310601 3730419 7311007 3730200 7310669 7310564 3730200 1030292 3730200 3730200 7310700 1030292 7310601 7310564 7310564 3730200 7310177 7310564 3730404 3730829 3730200 7310765 7310564 3731002 3730765 1030877 3730200 3730829 3730601 7980973 3730229 1030765 7311021 7310404 3730200 6760481 7310404 3730419 1030877 3730404 7310877 2370973 7310161 7310404 1030829 3730974 7980404 3730419 1030829 7980973 3730981 3730296 7310129 7980973 7310601 7980404 3730177 3730200 2370973 7310765 7310564 7310765 3730241 3730200 3730700 3730200 5370200 3730891 3730241 6760857 3730829 6760857 1030114 3730700 3730891 2370973 6760857 7310161 7310564 1760973 3730829 3730114 3730829 3730974 3730928 7310651 3731023 3730700 7980404 3730177 3730765 3731023 2370973 3730974 3730974 3731002 3730200 3730829 3730700 3730961 3730177 3730296 3730404 3730200 1030292 3730974 3730296 3730177 4330857 3730200 3730200 3730404 3730829 3730942 3730765 3730177 6760481 3730519
3730266 3730841 3730928 2370973 3730419 1031010 3730404 1030765 3730601 3730200 3730941 7311021 3730580 3730241 3730266 3730829 4880973 3730974 3730177 2370973 3730700 3730241 3730829 1030404 3731023 7310404 3730177 3730601 1030282 3730200 4330857 3730942 3731002 7310942 3730891 4880973 3730891 2370973 3730898 3730974 2370973 3730200 7310765 7310857 7311010 2370973 4880973 3730200 7310700 7310669 1940973 7310177 7310564 2370973 7310835 7310601 7310835 7310129 7310571 4880973 7310601 7310363 7310669 3730942 2370973 7310835 3730700 7310700 2370973 7310601 6760857 2370973 3730296 3730200 7310765 3730200 7310004 1030292 1030877 7310129 1030829 4880973 7310266 7310363 4880973 1940973 7940973 7310857 7310857 2370973 7310601 1030114 7310601 7310601 7310129 7310161 7310564 3730200 3730200 4880973 7310877 3730898 7310700 3730200 7310601 2370973 7310765 7310161 7310161 7310669 7310891 7310161 4880973 3730296 7311021 1030829 7310564 7310161 7310841 7310829 2370973 2370973 7310601 3730200 4880973 7310765 7310004 7310857 1030877 7310571 7310765 3730974 7310835 7310404 7310363 7310177 7310857 7310404 3730200 7310857 3730200 3730200 2370973 7310601 2370973 7310177 1940973 7310114 7310419 4880973 7310942 1030969 7310266 7310564 7980973 7310177 4880973 4880973 2370973 4880973 1030829 7310765 3730200 7310571 7310857 2370973 7310601 7310601 2370973 7310404 7310765 1030282 7310404 2370973 7310857 7310363 7310177 7311007 1030404 7310177 1030877 7310161 7980404 3730177 1030829 6760481 3730386 3730974 3730765 3730296 3730404 3731002 3730877 6350404 3730200 2370973 7310161 7310857 7310564 2370973 7310601 2370973 7310404 7310857 7310601 7310891 7310161 3730200 2370973 7310404 7310114 7310571 7310266 7311010 7310841 7310363 2370973 2370973 7310601 3730519 7310363 7311021 7310841 3731023 7310266 7310891 7310601 7310564 1030857 7310829 1030829 7310404 6350857 7310363 2370973 7980973 1030877 2370973 3730974 7310430 7310404 3731023 6760481 3730200 1030877 6760942 1030292 6760601 7310129 1030829 1030282 3730898 3730200 3730765 7310651 8190877 2370973 1030282 1760973 3730942 3730765 1030877 3730404 3730765 3730601 7980404 3730765 5370829 3730969 7980973 3730974 5370419 3730241 7980601 1760973 3730928 8190829 3730404 3730700 3730928 3730700 7310891 6760857 6760857 7310363 3730519 3730114 3731002 8190571 3731002 6350891 7310835 6350857 3730700 3730404 6760177 3730841 3731023 3730974 3730419 3730241 3730765 3730601 3730404 9350765 3730404 3730765 3730137 3730974 6350765 7310857 7310877 1030928 7310942 2370973 7310601 7310161 7310891 7310857 3730200 7310969 7310564 7310114 4880973 2370973 4880973 1030638 7310765 2370973 2370973 2370973 7980973 2370973 7310404 7310700 3730404 3730177 1030282 2370973 3730700 7980973 3730829 7310430 3730942 7310404 7310601 1760973 1030404 3730177 7310564 3730177 2370973 3730974 7310419 7310129 7310829 7310765 7310969 3730200 7310765 7310564 3730200 3730200 3730404 9350177 2370973 1030404 3730200 3730601 2370973 3730765 6760296 3730404 3730765 7311021 3730229 3730974 1030419 1760973 3730229 3730601 3730974 7310765 3730974 3730241 2370973 3730519 3730404 3730700 3730974 3730419 3730993 7310651 2370973 3730942 3730765 6761023 3730241 3730419 3730700 3730241 1030282 3730765 3730386 7310765 2370973 6760857 4880973 2370973 3730229 3730200 3730601 3730419 2370973 1940973 7310891 1030419 3730200 7310404
7310835 10110857 7770857 7770857 9350765 7310693 6760266 7310961 7310961 7310942 10110857 9350765 7310571 7310363 7310571 10110857 10110857 6760928 7770857 7310114 7310993 7310601 7310993 6760266 7310693 7310700 7310959 7310601 7310877 10110857 10110857 7310601 7310114 7310829 7310700 7310829 7310564 6350404 10220857 7310404 7310961 7310404 7310129 10110857 7310877 6760266 7310877 7310700 7310404 4990928 7310430 7310942 7310993 7310564 6350857 7310571 7310430 7310404 10110857 7310404 7310266
7770857 10220857 7310430 7310404 7310004 7310282 7310877 7310877 7310765 7310835 7310835 7310363 7770857 7310877 7310161 7310404 7310961 4990857 7310564 6760930 1940973 7310404 7310942 7310430 7770857 6760266 7310363 7310571 7310404 7310765 7310601 7310430 7310114 7310571 7310829 7770857 7310601 7310765 7310114 7310571 7310835 7310993 7310404 7310924 4990928 7310114 7310829 7310942 7310114 7310404 7310877 7310114 7310419 6760877 9790652 7310835 7310835 7310829 7310829 9350687 7310877 10220857 7310835 7310841 7310430 7310601 7310430 7310404 7310114 7310993 7310114 3730386 10220857 7310942 7310601 7310129 7310404 7310829 7310829 7310942 7310266 7310266 7310829 7310961 7310835 7310877 7310371 7310601 10110857 7310835 7310835 7310114 7310829 7310993 10220857 7310841 7310282 7310959 7310404 7310419 7310841
7310693 10110857 7310700 7310765 10220857 9350114 7310993 7310765 10220857 7310419 10110857 7310993 7310363 7310114 7310266 7310114 7310942 7310371 7310877 7310765 10110857 7310993 7310841 7310829 7310651 7310571 7310700 7310404 7310877 7310877 7310114 7310961 10220857 7310161 7310571 7310404 7310571 10220857 6760942 7310765 6760177 6760266 7310601 6760928 7310404 7310993 7310571 10110857 7310942 7310571 7310564 7310765 10110857 9350700 6760877 9350177 10110857 7310765 10110857 7770857 7310560 7310924 6350857 7310571 7770857 7310924
4630829 3730404 3730200 7310693 5370877 5370829 8190877 8190859 7790652 8190829 3730961 3730601 3730404 6350177 8190765 250961 3730981 3730765 1030292 1030829 1030282 6760942 8790857 4910481 6990481 8190765 4910200 6990481 2370973 1030282 7980973 6760177 7531023 8790891 3950960 6660930 730200 730560 6990481 4990857 731007 7311007 7530580 9350870 9350114 4720961 3230646 4720200 6990481 7530564 8790891 9040961 1030829 1030292 7310177 1030282 8190765 5370877 3730404 1030200 1030404 8190564 8790857 4880973 1030200 7310891 6760646 5370877 6350916 2760857 6760601 7310161
1760973 1031010 1760973 1030404 1030984 4630200 4630282 6760700 3730177 1030266 4630200 1030857 1760973 3731023 1030282 1030200 1030292 1030282 4880973 4880973 4880973 4880973 1030282 4880973 1030282 7980973 8191023 3731002 4630200 3731002 1760973 3731023 1760973 3730961 3730646 3731002 1030984 4630200 3730200 3730646 3730200 3730961 1030282 1760973 5370200 7980973 1030700 4630200 6761023 6350857 3730419 3730404 3730241 3730646 3730941 6350646 3730496 3730386 7980973 4630200 1760973 4630200 1760973 1030984 3730646 3730430 3730228 3730841 3730941 1030266 3730646 3730646 1760973 3731002 4630200 7980973 3731002 1940973 7311021 7310700 3730200 3730646 1030928 3730386 4630200 3730646 1030646 1030282 3730646 1030292 1030282 1030282 1030282 1030282 4880973 1030292 1030200 4880973 4880973 1030857 1030200 4880973 1030857 1030200 1030200 4880973 1030282 1030638 1030857 1030282 4880973 3731002 3731002 2370973 3730386 1030928 1030282 7980973 1030282 3730898 7980973 3731002 7980973 7980973 7980973 3730974 3731002 7980973 3730386 4630928 3731023 7980973 1030969 3731023 1030282 1030292 1030282 1030638 7310693 3730898 4880973 3730200 3731023 1030282 7980973 3730200 7980973 1030292 4880973 1030282 1030282 1030282 1030200 4880973 1030993 7310669 3731002 4880973 3730200 7310282 7310969 7311007 3730241 5370961 2370973 3730200 5370200 3731002 3730200 3730386 3731002 3730241 1030292 7980973 3731002 7980973 3731002 2370973 1030984 3731002 3730984 3730004 1030282 7980973 7980973 3730700 7980973 7980973 7980973 7980973 3731023 7980973 3731002 3730200 1030292 3730200 3730200 7310114 7310857 7310765 7980404 3730241 3731002 7310857 3731007 1030282 3730993 3730200 3731002 1030292 8190870 7311010 3730200 3730898 3730646 1030282 1030993 1760973 1030292 4630200 8190571 3731023 3730870 3730200 3731002 7310161 7310430 3730296 3731023 3730200 7980973 3730961 7311021 3730200 7310700 3730200 7310601 3730888 7980973 7310961 7310404 7310601 7311010 7310652 7310961 7310765 7310829 7980973 7980973 7310161 7980973 3730200 7980973 7980973 3731023 7310004 1030282 5370200 1030282 3730200 1030282 3731002 7310969 3730228 7980973 1760973 1030928 7980973 7980973 3730241 3731023 7980973 4630200 3730386 3731002 1030984 3731002 3730200 3730961 5370200 3730200 7310857 7311021 7310419 7310857 3731002 7310857 1030857 1030993 7980973 1760973 1030282 2370973 3731023 1030282 3730004 3730386 3730363 7310835 1940973 7310430 3730200 7310969 7310161 7310700 3730228 7980973 7980973 7980973 1030282 4880973 2370973 4880973 4880973 2370973 1030419 4880973 1030292 7980973 7980973 9350700 3730961 3730363 3730519 6761023 3730386 3731023 3730496 3730241 3730386 3730974 3730974 4630200 1760973 3730984 3730765 3730646 1760973 9350888 6760857 4630200 3730841 3730004 6350857 3730420 3731002 6350765 6760973 6350857 3731002 4630200 3730767 7311007 3730205 3730419 3730974 3730200 3730969 3730969 8190571 3731002 7310765 3730974 6760646 3730266 3730941 3730266 8190571 6760857 3730841 3730363 4630282 4630282 1030984 1760973 8191023 5370481 3730984 4630928 7980973 8191023 3730941 3730241 4630200 1760973 9350765 7310161 7310282 7310857 7310363 7310841 3731007 7310741 2370973
4040200 910928 4040200 7790913 3950729 3730974 9040969 730646 3470857 8870741 8190812 9350646 8870424 4720544 4990857 9040580 8190942 7790937 4720741 6040857 4990928 7530859 3470200 9350687 3930770 910544 910857 7790937 7310877 3250043 3250857 9350700 10220857 3250857 3730004 8790857 8190961 9040864 4040200 4040424 4040424 7790580 4040200 4630200 1031002 1030961 1030043 5371023 1030292 1030638 4630200 1030282 3731002 1030638 1030292 1030969 1030292 4880973 1030292 1030292 1030961 1030292 1030292 1760973 1030993 4630200 1030646 1030857 1030857 1030043 1031002 1030984 250930 4630043 1030646 1031002 1031002 1030282 1030282 1030282 1030646 5370200 1030857 1030857 1030200 1030961 1030857 4630200 7980973 1030292 1030292 4880973 1030282 4880973 4880973 1030292 7310419 4880973 5110549 7310961 4990857
5370841 6760928 6350646 4630580 8190973 5370859 5371023 4630580 4630282 5370841 8190961 9350937 5370841 7770857 8190937 8190571 8190961 250969 5370741 9350765 8190859 5370841 8190913 9350937 8190937 8190646 5370841 5370729 5370859 9350937 3950930 8190937 8190937 8190973 8190937 8190859 5370841 4631007 8190969 8190646 4630282 8191023 5370544 8191023 7310765 9350872 9350896 9350894 8190043 3731002 5370729 4630282 4630928 250961 5370841 5370841 4630282 4630200 1031002 4880973 1030292 1030200 1030292 1030200 1030200 1030043 1030282 3730386 1030200 1030282 4880973 1030292 1030292 1030638 1030282 1030282 5370282 8190646 8190913 8790857 3730564 1030857 3730898 4630580 5370200 5370200 1030282 5370544 3731002 5370200 4630928 9350913 10220857 3730601 3731002 8190829 4630282 4630928 8190913 4630200 5370841 3731002 1760973 4630928 8190973 4630200 4630200 3731002 4630928 5370841 4630282 8190519 5370859 8191002 8191023 5370544 1030200 7980973 5370961 1030961 3730898 4880973 1030200 1030292 4880973 1030638 4880973 4880973 4880973 4880973 4880973 1030857 3731002 1030984 1030282 1030292 1030969 1030282 5370200 3730898 4630200
6350857 4330857 1030638 1030857 5370266 7311021 5370841 5370741 1940973 7311007 7310430 3730200 7770857 6760646 5370841 4630200 5371023 1030984 5370859 5371023 8191023 8190872 6040857 4630928 1030646 6760765 5370481 1030969 1030282 5370859 250969 2760687 4720363 7790841 7310841 7770857 730937 2760857 4720544 250200 1030857 1030984 1030646 1031002 4630200 5371023 1030282 5370801 1030984 1030646 1030282 1031002 5371023 250200 5110004 5110560 7310571 6350857 9350700 7310841 2370973 7310266 7980973 4330857 3730228 250200 4630200 1760973 250200 250200
3930371 3930770 9350752 3470200 7310363 6350857 8190961 3730646 4880973 9350071 7310961 4720841 8870424 5370282 8870772 5370859 7790857 9040969 5370841 7310993 911007 9040961 7310841 3250363 3250363 9711023 5370841 8190937 7770857 9350996 7530859 3950560 3950371 3250937 9350114 4630928 5370741 5370772 8190859 9350752 4720841 3470894 7530560 3230205 3250857 4990857 7530580 3250363 8190765 9040872 8790200 8190859 8190937 9350937 9710864 8190859 8190571 4720363 3250560 7530859
7940973 5110549 7980973 9350560 910857 4040200 4040200 4040200 8190371 8190937 5370841 4630913 9350937 8190071 6040857
7790961 3230928 3950870 4040424 9350894 7790516 8191023 7790961 9710870 8190964 4630829 3730870 8190870
6350404 7790894 3730420 8190071 1030266 5370371 9350870 9350646 7980973 1030857 4720544 250969 7790969 7790969 5371002 5371007 3700752 9710857 3470857 9710519
8190877 6760296 6760601 8190870 5370043 4720544 7790961 7790937 7790841 7790961 8871007 7790969 3731002 4630928 4720969 4720969 3950870 8190969 1030292 1030282 7980973 1030292 1030282 1030292 7980973 4880973 4880973 4880973 1030292 4880973 4880973 4880973 1030282 4880973 1030282 4880973 1030282 1030282 3730765 7980973 7310891 7310419 7310891 7310571 7530859 3470414 8190937 7980973 1030292 1030877 7980973 4880973 1030292 7980973 4880973 1030282 1030292 7980973 1030292 1030282 1030282 1030292 7980973 7980973 1030282 1760973 5371023 3730228 4631007 250200 1030993 1030282 1030877 1760973 1030282 1030292 1030638 3730898 730646
8190571 8190765 7310829 8190765 7980973 3250857 520743 7310669 8871002 5370993 7790969 5370993 3730004 4630004 7090973
8790857 3730928 7310571 4720857 9350160 8870772 3700960 8190765 7310829 10110857 8190888 6990857 7790829 7790894 6760857 8190888 9040870 6350857 8190870 3950870 8190870 4720857 5370043 5370894 2760896 7530580 8870870 250930 3731002 4630969 8790857 3731023 1760973 1030266 8190571 7310161 7310363 2760857 3730870 2760857 5370870 3700519 4630200 8191023
4720857 250071 3250857 8190870 4720857 3730870 5370870 5370870 5370896 5370964 3731002 5370043 4630928 1030993 1030829 5370200 1030993 8190870 2370973 3730870 9350114 8190519 7310430 9350870 4720857 8190519 3730386 9350870 8190870 6760857 9350687 3950960 8190894 250071 4720857 7310571 8190961 3700964 250200 5370801 9350114 3700857 5371007 4720200 8190519 4720519 4720857 250519 5371007 5370282 3730357 4720857 3730228 3730519 8190765 9040857 4720857
730114 7310282 4990928 2761002 7790969 7310571 9350743 5371007 4720519 1940973 1940973 7311010 5370870 5370870 5371007 3730870 3390580 4720961 7790857 5371007 4630200 4631007 5370071 3730519 1940973 5370829 5371007 4880973 3950870 4720857 4720519
7310460 7310564 7310460 7310460 4990043 9350043 910857 8190969 3950043 4720363 910043 4040424 9040969 9040969 8190043 8190969 730969 910043 910857 3700857 910857 910857 9040969 910043 9040969 3730969 2760969 8190043 3950043 9040043 7980973 8870043 250969 910200 3731002 9040969 9040969 4040424 9040969 9040969 730969 910772 910043 8870043 8870043 9040043 9040969 2760870 2760870 7790969 730363 2751023 3930200 910043 8870282 4040200 730961 730969 730282 910937 3930961 9350752
8190519 4750870 730282 7310196 6771010 7310993 3730386 5370870 8870870 5371007 4720857 5370870 5370729 5371007 6760973 3730404 7310669 7310669 7310669 4880973 1030282 3730981 3730519 5370870 5370841 5371007 3730898 8550857 5370961 4720961 3730460 2760857 2760857 4750870 5371002 3950960 3930519 4720519 8190646 730043 7790841 4630200 5371010
null
3950043 4630282
4630829 1030646 1030984 1030282 1030282 4630200 250200 4880973 4880973 1030282 1030282 1030282 4630200 3950043 250930 4631007 8190516 2750857
5370729 3950043 8190266 8190266 1030200 1030200 4630829 250200 1030282 1030646 8190646 250200 4631007 4630913 7530859 4630200 1030646 4630772 4630200 7310857 7980973 4630200 250200 5371023 4630200 4630200 4630200 1031010 1030292 5371023 7980973 7310669 5370481 5370729 3730969 250200 250200 5371023 250200 5370841 250200 250969 1760973 4630930 1030984 1030857 1031010 5370481 5371023 4630200
