212
null
9350700 5231002 9040872 7310829 9350937 4040200 4720544
5370841 3950729 3700888 3250857 8190765 8871007 9040961 3930414 9350765 4990857 9350043
null
5370829 5370544 5371023 250580 1031010 4880973 4880973 4880973 4880973 4880973 4880973 1030282 1031002 1030282 1030282 1030984 4630200 1030646 1030646 4630200 5371023 4631007 5371023 7980973 1031002 1030993 5370043 5370841 5370841 5370200 8871002 4630969 1031010 1030282 1030200 4880973 1030200 1031002 1030961 1030043 5371023 250930 5371023 4631007 4630200 4630928 4630200 1031010 1030292 1031010 1030646 1030646 1030984 1030646 250200 4630969 4630043 4630200 1940973 4880973 4880973 4880973 1030282 4880973 5371023 5370841 250961 4630200 1030857 1030292 1030292 250200 250200 1030646 1030857 5371023 250200 4630200 1030646 1030043 4630200 4630200 1030419 1030638 1030292 1031002 1030638 4880973 7980973 4880973 4880973 4880973 1031002 7980973 5370200 1760973 1760973 4630200 1030646 1030646 250200 1030646 250200 3731002 4880973 7980973 1030200 1030638 4880973 1031010 1031002 5371023 1760973 1030646 1030993 250200 7980973 4630930 4630200 5370752 5370544 1030857 1030638 4880973 1031002 250930 250200 250969 1030646 1031010 4630200 4630200 8191002 3731023 1030961 250200 8870282 4040200
5370282 730857 3470200 8190973 4630772 5371023 1030984 1031002 5371023 8190043 8550857 4630913 4630913 8190942
3390580 4630580 1030993 4630928 4630200 1030857
4630043 8190765 5370729 9350896 7311021 9350765 7980973 4630004 3390580 1030282 1030200 1760973 4630200 4630772 5370200 1030646 4630200 1030646 250519 250200 4630928 6760693 6760296 8790857 6350404 8190765 3250857 4631007 4630200 250519 4630200 250200 4630200 1030857 1030857 1030638 1030646 1031010 1760973 1760973 1030646 1030969 4630772 8190829 8190266 4720857 9350700 5370687 9350894 5370894 9350687 7310959 9350894 9350687 5370829 9350516 7310430 1030928 9350765
1030646 250200 3390580 4631007 7791023 250200 1030984 250200 250200 250200 4630043 1030646 1030646 1030646 250200 4630043 1760973 250969 1030646 1030984 4630200 6760700 9350700 5370770 6760693 5370419 4910481 8190571 8190414 7531023
8710752 3470743 9710964 6900872 8710580 2760371 7790888 9040872 3471023 3230371 3930796 3700888 9710212 8711023 2760770 2760071 2760964 5370888 3730752 3950960 8710519 3470743 3730920 3730770 3730920 6760765 3250857 8190942 3470200 3471023 7790829 7790043 7790937 520969 9040580 8871007 7790913 7790580 1940973 4330857 730364 9710519 2760687 3250857 7790937 3950043 1760973 1030646 4630200 4630200 1030646 3731002 5371023 250200 5371023 4910200 5230205 5110004 2760371
8190896 7790937 7790857 6350646 8190942 3250857 8190937 8190859 8190888 3390960 8190859 3730872 5370071 5370964 3730496 250200 8190752 9350646 9350700 8190969 9350646 2760422 2760371 230948 2760422 9710743 9711007 9711007 2760580 8710580 2760752 8710752 9710961 7530560 3250363
7790752 6580212 3230812 3230812 8190752 8190880 3470504 7530580 6040857 910937 7530859 3950043
3930770 9710924 8710205 8710767 9710969 9710969 9710770 8711007 9711007 2760043 2760516 2760364 2760071 9710870 9710752 9710752 3470870 3470870 9710414 9710960 910752 9710969 910364 9710752 9040969 8710743 9710752 3700880 8190960 9710864 9710371 9710969 8710880 8710752 9710770 9040864 3950870 2760114 7530564 3470373 2760961 230496 230948 230963 2760580 2760743 8710466 8190920 3470743 9710770 9710729 520371 7790857 8190937 8190752 8190952 2760942 2080770 8710504 3470752 9710646 5230560 7790770 3471007 8710872 520071 3470752 8711007 9711007 3471007 8870364 8190896 910071 8710729 8710928 9710071 9710071 8710646 9710071 8710646 3470752 3470752 3930796 5230350 8710371 9710752 3730993 3470857 4300857 3390743
8190961 3730993 8190571 3730872 3390960 5370772 250969 3950371 9041023 4040424 4040424 3930924 5230969 8710864 8710969 3470987 9710729 8190419 5370687 8190961 2760364 7790841 9760200 2760114 2760114 2760646 2760752 7790937 8710770 8710880 9710770 8710767 9710770 9710888 9710870 9710752 3470870 2761007 2760176 7790743 7790964 3930864 910364 3230371 3230872 9710961 8711023 4630371 4720363 8710770 9710880 8710504 9710729 9710371 9710872 3470200 520071 3470504 9710770 9710880 3470752 3470752 230920 2760114 7790770 9710960 9710923 9710414 3470580 9710770 9710006 9710752 3700960 9710741 3700888 9710496 2080519 9710646 9710888 8710350 910371
910544 4720969 4040200 3250857 4720741 9710770 9710752 3470752 8190770 5370829 5370961 910729 8190872 250961 3930386 3250560 8190920 8190964 8190888 9710864 2760752 3230770 3230770 9710006 2760404 230006 230496 2760043 2760205 8711023 2760952 8710580 3930422 9710864 7790829 2760924 6660371 3250560 230872 9710200 9710414 9710371 3700414 8190765 4300857 3930364 8711023 2760404 8711007 8190770 8190952 3470857 4720857 7790752 3390752 7530564 9710864 9710729 3700205 8710350 3700928 3250877
910205 910560 3470560 3950960 9760200 6760700 6040857 4630857 4631010 3730646 4630857 7790894 3470496 230952 5230371 3250580 9710920 2760071 3470857 8710880 6660924 9710414 9710928 5230205 5230857 7530560 4720857 2760942 8710580 2760920 8710466 8710969 7530560 3250560 230741 5230560 2760071 8190770 8190767 3470200 3470285 3470504 9710646 3470205 9710888 8190937 300872 8710371 9710770 9710960 8190859
7790841 7790741 3471007 4720363 5230519 8710924 3470580 9710519 9710071 2760960 3471007 3470743 9710743 9710770 9710770 9710770 2761007 7790894 8710504 3230969 9710006 9710872 9040961 8710729 230872 3250371 3230205 3470995 4720371 3700212 8190880 9040857 8190888 910741 3930872 3930205 3930560 910205 910071 9040961 9710350 8190687 8190888 4300857 3930386 3930870 9710891 4630743 8190801 2760071 9710920
910560 6990481 7310841 9350114 8790857 9350114 8190872 3730560 9350177 5370741 5370833 9350743 7310942 5110004 7310601 7310829 7310114 7310419 9350564 8190942 6660948 3700752 5230646 9710872 3700752 3470752 8190071 8190952 3950960 3950960 3470743 9710071 2080770 3730920 9350888 3470857 5370687 7770857 2760687 2760580 2761007 2080414 8710285 7310924 9350646 9350114 5370829 5370741 5370770 8190571 3470200 8190942 8190896 2760364 8710741 5370888 3730646 3730829 3730741 3730765 3731002 3731002 8190973 8190973 7790652 8190564 5370687 2760364 2760964 2760960 7530580 230809 2080772 9710857 9760200 7530859 3250857 8190937 8190687 8710864 6350857 8190942 3730841 6760973 6350114 5370859 8190516 8190687 6040857 9710371 3731007 2370973 9710752 8710888 3700964 8190765 3730564
1030282 8190767 3470752 5371023 1760973 4630200 1760973 5371010 8870424 3730960 3730200 3730646 3730942 3730891 2080857 5230037 8190687 9710891 3470987 9710580 9710741 9710920 6040857 4630928 4630913 4630004 4630928 4630772 4630200 4630200 1760973 5371023 3731002 8191023 4630580 4630282 1030282 7310741 3950960 6350404 9350114 8190419 8190964 5230923 7310924 7310924 9710960 8710770 8710920 3250580 2760580 9711002 8710580 7530580 3470441 230496 8711023 3250363 2760580 7790888 8710770 2760752 8711023 9710752
9350888 8710864 3700752 3930371 6660872 5230519 7310961 9710961 9710200 3470923 9710952 8710371 3950371 9350564 9710891 8710969 2760580 3931002 2080519 10220857 6350857 9350894 9710923 9710870 8190571 3470496 8710770 2760504 730422 730729 730282 8871007 2080770 230741 2760752 2760960 2760942 5370071 8190942 8710770 8710285 9041023 3390752 7790687 2760414 730960 6660371 6660969 3230371 730071 8710987 8710857 8711023 3930864
3470782 520071 8601023 730282 9710767 9710580 9710527 8710205 9710741 8711007 3470752 9710739 2760964 3471023 2080894 3950729 3230772 5230646 5230205 9710285 9710952 9710752 9710891 3470752 3930770 3930872 910928 3930560 8190687 9710205 9710864 9710864 6990857 9350964 3730993 6350114 8190767 7770857 3730200 7310601 7310404 7310363 6350646 9710739 9710285 3730941 3730564 3730981 3730767 3730960
3700422 3700880 2760371 3230414 910205 4720841 8790857 8190973 9711023 9040857 230963 9710414 5230872 8190937 5370043 1030993 250200 1030282 9710371 9710729 8190942 3730993 8190646 7530580 9350580 3250857 9350937 230952 230496 2760770 2760767 7790857 6350114 3250363 8190859 4990928 4990857 4990857 6660948 2760872 3930560 8190266 4720363 4720544 6660006 6660996 300422 9710043 3471023 9710071
3470995 2081023 8190571 6760857 8790857 8190961 6660212 3730205 3730829 6660969 9350516 2760350 8790857 9710729 8190937 5370580 8790857 9710857 8710928 8870422 7530564 3950960 4630928 6760857 6760481 6760646 7770857 3730741 3731007 3730993 3730363 3730928 5370859 2760043 8710743 2760741 2760857 8190765 5230872 9710870 9710575 8190960 8190371 8190937 9350687 8710969 8710752 4910200 8190877 3250857 8870924 2760404 8710466 2080770 7530580 3950772 8190859 6040857 8190859 9710952 9710752 9710752 3700960 4910200
3730266 9710285 6350404 3730114 3730419 1030266 3730114 1030638 910857 8710560 9711002 2760741 2760404 2080894 3700739 8190687 3730891 6660741 730928 730833 730937 6660880 3470743 9710870 9710071 9710920 9350752 3730765 3730404 8190765 8190419 6760693 6350916 9350700 7980973 7980973 7980973 3230969 9710205 9710739 3730993 8190571 8190942 8190859 8711007 9760200 6350646 3250857 8190767 8711023 3470743 8190888 9710891 7531023 7531023 9710575 8190765 8190960 3950371 9350114 5230969 8710560 3470205 3470894 5230350 5230646 9350114 2760741 8710770 9710923 8601023 3930414 4910200 8190937 910928 8190765 3470200 7790741 7530560 9760200 2760942 2760114 3930205 3930212 3930796 3930741 9710729
8710729 2761007 2760961 2760404 8710422 8710770 4910481 8190960 3730601 4630829 3730114 3730114 3470285 3470285 9710085 6990857 3470496 8710285 9710743 3930796 8710646 9710071 9710752 9710739 9710422 9710996 8710888 9710071 3470743 3700796 3700960 3470743 3470743 3470743 3390743 3470504 2080770 2760743 2760743 2760924 9710960 9710880 9710870 9710870 9710870 9710864 9710969 3930519 3930519 9710969 3930371 9710924 7530560
910205 5230519 9710833 3230212 6660996 3250560 9710857 9710864 6660872 2760741 2760422 2760404 2760896 2760516 9710200 300872 3250363 2760580 8190829 9710864 8710729 9710809 7790894 3930996 3930770 3730114 3730564 3730564 3700752 5370772 5370772 7790857 7790772 3950772 7530560 8190519
4630200 4630200 1030984 1030292 3731002 1030292 5370200 250200 7310993 5110872 5110006 1940973 6270471 1940471 1940973 5110004 5110471 1940973 5110872 5110471 7310471 5110471 7310471 6270652 5110471 5110471 5110471 6270652 1940471 7310835 6270652 6270471 7310471 6270652 7310471 6270471 7310471 6270652 6270652 7310471 7310282 7310266 5590652 5110872 5110549 1940973 5110004 5110471 3270652 5110872 5110004 5110004 5110004 6270652 5110045 6270652 6270471 5110872 7310571 7310371 7310363 7310765 7310266 7310765 7310877 7310282 7310829 7310266 5590652 7310419 7310471 6270652 5110004 4990857 7310835 5110350 6270652 7310471 5110350 6270652 1940973 7310419 7310471 7310829 7310419 5110350 5110045 5110560 5110004 5110872 5110471 5110004 5110471 5110471 5110471 5110471 5110045 5110371 5110471 5110004 5110371 5110653 5110006 5110004 5110471 5110471 5110812 5110471 5110350 5110560 1940471 5110471 5110471 5110471 5110004 3270652 5110812 6270471 6270652 5110004 5110004 5110004 5110004 5110004 5110872 5110812 5110004 5110045 5110006 5110371 5110004 5110560 5110350 5110653 5110560 5110006 5110045 5110350 6270652 5110872
7310652 7310652 7310652 7310652 7310652 7310635 7310635 7310635 7310635 7310635 7310652 7310585 7310652 9070652 7310585 7310652 6270652 7310652 7310829 6270635 7310652 6270652 6270652 6270652 7310571 6270652 7310266 7310829 7310835 7310419 7310571 7310652 7310266 7310652 7310266 7310835 7310652 7310652 7310835 7310652 7310652 7310652 7310652 7310652 7310282 7310652 7310652 7310835 7310571 7310652 7310652 7310652 7310371 6270652 6270652 6270635 7310652 6270652 6270652 8430652 8720652 7310942 7310835 7310652 5590652 7310835 7310652 7310652 7310571 7310652 7310652 7310652 7310266 7310652 7310652 7310652 7310652 6270652 7310371 6270652 3680652 7310571 8430652 7310652 6270652 5590652 8430652 7310419 6270652 7310652 7310266 7310652 7310635 7310635 7310635 7310585 7310635 7310635 7310635 7310652 7310585 7310652 7310652 7310635 7310652 7310652 7310652 7310652 8720652 7310652 6270652 6270652 10140652 7310829 6270652 7310877 7310877 7310282 7310585 6270652 7310652 7310652 6270635 7310652 7310635 7310635 7310635 7310635 7310635 7310652 7310652 7310282 7310652 7310652 7310652 7310652 7310652 3680652 7310652 7310652 7310571 7310635 6270635 7310652 8720652 6270652 6270652 6270652 7310835 3680652 6270652 6270652 7310652 8430652 7310652 7310419 7310652 7310652 7310652 7310652 7310877 7310652 7310652 1940652 7310652 7310652 7310652 7310652 7310652 7310835 7310419 7310652 7310266 10140652 7310266 3680652 6270635 7310652 6270652 7310266 3680652 7310635 6270635 7310635 6270635 6270635 1940652 3680652 7310829 7310635 7310652 7310652 7310635 7310652 7310635 7310652 3680652 7310635 7310635 7310635 7310635 7310635 7310635 7310635 7310635 7310585 7310652 7310877 7310585 7310652 7310266 5590652 7310652 7310571 3680652 6270652 7310371 6270652 7310266 6270652 6270652 6270635 7310635 7310635 7310635 6270635 7310635 7310635 7310635 7310635 7310635 7310635 7310652 7310652 7310652 7310471 7310652 7310652 7310652 7310877 7310652 7310652 5590652 7310652 5330652 7310652 7310652 6270652 7310266 5590652 8430652 7310266 7310969 7310652 6270635 7310635 7310635 7310635 7310635 7310635 7310635 7310635 7310585 7310652 7310635 7310652 7310419 5330652 3680652 7310877 10140652 7310829 6270652 7310877 7310419 7310741 6270652 7310114 6270652 6270652 9790652 7310835 7310371 7310652 5590652 7310652 7310635 7310635 7310635 7310635 7310635 7310635 7310635 7310635 7310635 6270635 7310635 7310652 7310635 6270635 7310635 7310635 6270635 7310635 6270635 7310635 6270635 6270635 6270635 7310471 7310652 6270635 6270635 7310635 7310835 6270635 6270635 7310652 6270635 6270635 5590652 7310652 7310652 7310652 7310652 9790652 3680652 7310652 7310404 7310266 10140652 7310266 10140652 7310266 10140652 5330652 6270652 7310585 7310652 6270635 5590652 6270635 7310371 6270652 6270652 6270652 3270652 5330652 6270652 7310741 6270652 6270652 6270652 5110812 7310652 7310652 7310266 7310652 7310585 7310652 7310635 7310652 7310652 7310652 7310652 7310652 7310419 7310652 7310652 7310652 7310877 7310652 7310652 8720652 7310205 6270652 7310266 6270652 8430652 10140652 6270652 10140652 5590652 10140652 8720652 10140652 7310419 7310282 7310430 7310652 7310835 10140652 7310969 7310835 7310161 7310835 7310571 7310841 6270652 5330652 7770857 6110652 7310266 6270652 5590652 7310829 6270635 6270635 3680652 7310652 10140652 5330652 7310877 7310282 8720652 7310571 7310652 7310635 7310635 7310635 7310635 7310635 7310635 7310635 7310635 7310571 6270635 7310652 7310266 7310652 7310877 5330652 6270652 7310282 7310371 6270635 7310652 5590652 6270652 6270652 7310829 8430652 9070652 8430652 6110652 5590652 7310652 7310652 7310993 10140652 3680652 7310652 7310877 3730386 7310652 7310635 7310635 7310635 7310635 7310635 7310635 7310635 7310635 7310635 7310635 7310635 7310585 7310635 7310877 6270635 7310585 5110652 7310652 6270635 6270652 6270635 7310652 7310635 7310652 7310652 6270635 7310652 7310652 7310652 7310635 7310877 7310652 7310419 7310652 7310652 7310635 7310652 7310571 7310652 7310635 6270635 7310652 7310877 7310652 7310635 7310652 7310652 7310652 7310419 6270652 7310571 3680652 6270635 6270652 6270635 7310652 7310652 7310371 7310652 7310471 7310635 7310635 7310652 7310652 7310652 7310652 7310652 7310652 7310652 9070652 7310114 6270652 8720652 6110652 7310829 6110652 7310652 1940652
7310635 7310635 7310652 7310635 7310635 7310652 7310652 7310652 7310652 7310652 7310635 7310635 7310635 7310652 7310835 7310652 7310652 7310652 7310652 7310652 7310652 7310635 7310652 7310652 7310652 7310652 5110635 7310652 7310635 7310652 3680652 7310635 7310635 7310635 7310652 7310652 7310652 7310635 7310652 7310652 7310652 7310635 7310652 7310652 7310652 7310652 7310652 7310652 7310635 7310652 7310635 7310635 7310652 7310652 9790652 7310652 7310652 7310652 7310266 7310652 7310652 7310635 7310635 7310652 7310635 7310635 5330652 7310635 7310635 7310635 7310635 7310635 7310652 7310969 7310652 7310635 7310652 7310652 7310652 7310652 7310652 7310652 7310635 7310635 7310652 7310652 7310266 6270652 7310942 6270652 5330652 6270652 7310652 7310635 3680652 7310635 7310635 1940652 7310877 7310652 7310652 7310652 7310765 7310652 7310652 5590652 8720652 7310635 7310835 7310652 7310835 7310652 7310266 7310282 7310652 7310652 7310652 6110652 7310652 6270635 7310652 7310419 6270652 7310585 7310835 6270652 7310652 7310877 7310652 7310652 7310585 7310652 7310635 7310635 7310635 7310652 7310652 7310652 7310652 7310471 7310652 7310635 7310652 7310829 9790652 10140652 7310652 7310652 6270635 6270652 7310585 6270635 10140652 6270635 6270635 7310652 5110653 7310652 7310652 5590652 7310585 9070652 7310585 7310652 7310652 7310471 9070652 7310652 7310652 7310841 5590652 7310652 7310266 7310585 7310585 7310652 8720652 7310652 1940652 7310585 7310585 7310585 5110812 7310266 1940652 7310419 6270652 6270652 10140652 1940652 6270652 7310585 7310835 7310635 6270635 7310652 7310471 7310471 3680652 7310471 7310571 3680652 7310652 7310652 7310652 7310652 7310652 7310652 7310652 7310652 7310652 7310652 7310829 7310652 7310652 7310571 7310652 7310652 7310652 7310585 7310693 7310652 7310652 7310652 7310652 7310652 7310652 7310829 7310652 7310652 7310652 7310652 7310652 7310635 7310471 7310635 7310652 6270635 7310652 7310635 7310635 7310635 7310635 7310635 7310635 7310652 7310652 7310585 7310652 7310652 7310652 7310652 7310652 7310635 7310652 7310585 7310652 7310652 7310652 7310585 7310652 7310652 7310969 7310635 7310652 7310829 7310652 7310652 7310635 7310652 7310585 7310652 7310652 7310652 7310652 7310652 7310835 7310652 5590652 7310585 7310571 7310652 7310652 7310652 7310585 7310419 7310652 7310652 7310652 7310652 7310835 7310652 7310652 7310585 5330652 7310652 7310652 7310652 7310652 7310652 7310652 7310585 7310652 7310652 7310585 7310652 7310652 7310652 7310652 7310652 7310652 7310652 7310652 3680652 7310652 7310652 7310652 7310652 7310652 7310652 7310652 7310652 7310652 7310635 7310635 7310585 7310635 7310585 7310635 7310635 7310635 7310635 7310635 7310635 7310635 7310635 7310652 7310635 7310635 7310652 7310471 7310652 7310652 7310635 7310652 7310635 7310652 10140652 7310652 7310652 10140652 7310652 7310652 7310652 7310585 7310652 6270652 7310652 7310652 7310652 7310652 6270652 7310652 1940652 7310585 5330652 7310585 7310652 7310652 7310585 7310585 7310652 7310652 7310635 7310652 7310419 7310652 7310652 7310652 7310652 7310652 7310652 7310585 7310652 7310652 7310635 7310585 7310652 7310835 7310635 7310652 7310652 7310652 7310652 7310652 7310585 7310652 7310877 7310652 7310652 7310652 7310652 7310652 7310585 7310652 7310877 7310652 7310652 8720652 7310652 7310635 7310652 7310652 7310635 7310635 7310635 7310635 7310635 7310635 7310652 7310635 7310652 7310652 7310652 7310571 7310652 7310652 7310571 9790652 7310652 7310652 7310652 5590652 7310652 7310652 7310652 7310652 7310585 7310652 7310652 7310652 7310652 6270635 7310652 7310635 7310652 7310635 7310652 7310635 7310652 7310635 7310635 7310635 7310635 7310652 7310652 7310635 7310652 7310652 7310652 7310652 7310652 7310652 7310114 7310652 7310266 7310652 7310841 7310652 5330652 7310404 7310652 10140652 7310419 7310652 7310652 7310835 7310266 7310652 7310652 7310652 7310652 7310652 7310652 7310585 7310652 7310266 7310652 7310877 7310652 7310652 7310652 7310835 7310652 7310585 7310829 7310652 7310765 7310652 7310282 7310585 7310652 7310652 7310652 7310652 7310266 7310652 7310877 7310419 7310652 7310652 7310652 7310652 7310585 7310585 7310652 7310652 7310652 7310652 7310652 7310635 7310652 7310652 7310652 3680652 10140652 7310419 9790652 9070652 7310266 7310652 7310652 7310652 7310652 7310652 7310266 7310652 7310652 7310635 7310652 7310652 7310635 7310635 7310635 7310635 7310635 7310635 7310635 7310635 7310635 7310635 7310635 7310635 7310635 7310419 7310635 7310635 7310652 7310652 7310652 7310652 7310652 7310652 7310652 7310635 7310585 7310652 7310652 7310652 7310635 7310652 7310635 7310635 7310635 7310635 7310635 7310635 7310635 7310635 7310635 7310635 7310635 7310635 7310652 7310652 7310266 7310652 7310877 7310652 7310652 7310652 9790652 7310652 6270652 7310571 7310652 7310266 7310652 7310652 7310835 7310571 7310282 9070652 7310266 7310835 7310363 5330652 7310700 7310693 7310652 7310560 6270652 7310700 7310404 10140652 7310652 7310652 7310835 7310560 7310841 10140652 5590652 6270652 7310652 7310652 7310652 7310652 7310652 7310652 3680652 7310877 7310652 5590652 7310652 7310652 7310835 7310652 7310652 7310835 7310652 7310652 7310652 7310652
5110549 5110549 5110549 5110006 5110812 5110560 5110549 5110350 5110004 5110560 5110004 5110653 5110006 5110350 5110006 5110045 5110653 5110004 1940973 1940973 5110812 5110350 5110004 5110371 5110045 5110371 5110872 5110560 5110371 5110549 1940973 5110371 5110812 5110812 5110004 5110350 5110812 5110004 5110812 5110371 7310829 5110560 5110652 3270652 5110371 5110006 5110004 5110872 5110006 3270652 5110350 5110560 5110549 5110653 7310652 5110549 1940973 5110006 5110560 5110549 5110812 5110004 5110560 5110004 5110812 5110004 5110549 1940652 7310652 5110560 5110549 5110560 5110560 1940973 5110560 5110560 1940973 5110560 5110004 5110004 5110350 7310371 5110045 5110549 7310371 1940652 7310266 5110653 5110045 5110471 5110652 1940652
3390580 9040857 3700580 9710006 9040580 8870812 730928 8871007 730752 730228 730880 730796 730928 3230527 8870282 730580 730646 8870282 730544 3230996 730812 730812 8870580 730071 9350996 730952 6660996 4720200 730894 5370282 3730422 3700857 5370741 730857 730928 730928 730928 730646 730948 730741 8870580 9710580 730580 8710928 8870741 8870518 8870812 7790913 4720363 8870580 7790913 4720580 9710809 3930560 9710741 3930560 3470441 8710924 8710772 2760743 9710743 3230304 8870422 730212 910580 7790752 3950371 8190646 7790857 9710864 8870880 7790841 3950371 7790937 8870580 730928 730646 8870580 730580 730928 8870580 730580 8870580 8870580 9710864 3700864 8870580 730580 8870580 8870772 730928 8870580 730969 730812 3700519 8870580 4720544 8870580 730928 8870580 8870043 730928 730741 8870580 3700580 8870580 8871007 8870043 8870580 8870580 8870580 8870424 9040580 8870580 8870424 8870580 3950043 3950043 2570580 8870741 7790841 9040580 2570580 3930924 3700414 3700285 9710741 300872 8870772 730561 3700880 8190560 9040969 9710782 3700285 9710496 3470200 2760772 2760754 3700864 4040200
9710872 6900872 3230872 9040864 3700857 9710864 910928 9711002 9710371 7790580 3950772 7790924 4040424 3470414 9710969 8870772 730205 230872 730561 730646 3700519 3700857 5370930 7790937 3950043 8870772 731023 7790870 9350913 9350930 3700519 7790857 8871007 4720200 8870580 8870772 8870580 8870518 8870043 730857 730857 3731002 7980973 9350580 9350071 9350743 9350894 730924 9350741 9710580 9710200 9710285 5231002 730812 730924 6901023 730857 730741 5231023 9350741 730371 9350741 730857 3230560 730741 730952 9710205 9350071 9710864 6660527 730880 9710930 730743 730857 9350414 9710930 9710923 9710200 730071 3230414 730857 9710930 730414 3230371 730857 730857 9350924 9350071 730857 731023 3230422 730743 2760969 730888 4720741 8190371 730888 730964 730857 9350580 730071 730743 730743 9350580 730888 5370964 730857 730857 910519 730071 730857 730544 730857 730743 730888 3250043 8870930 9350043 730857 730857 730857 9350743 5370743 730888 9350888 730857 730857 730857 730857 730743 2760743 730857 3250363 730964 730371 9711023 730071 730857 730743 910580 730646 3250043 8870741 730937 8870741 7790687 730560 8870580 8790857 3250580 8870043 8870424 8870043 8870741 7790741 8870580 8870741 3250580 7790741 3250580 4720741 4720200 7790743 3230646 4720961 911007 730646 4720371 3230646 3250560 3230646 7790741 3230646 4720961 4720371 3471007 4720888 4720741 7790964 7790964 4720841 4720200 4720363 4720363 4720741 5370071 9350930 9350414 9350888 2760857 5370560 4630580 9040961 7790371 4720741 9040043 9040043 9040043 7790743 4720964 4720888 3250560 5370841 9350930 9350460 9350872 8190741 9350646 8190969 8870560 3250560 4720969 2760969 3470205 3250560 3250560 3470205 3470043 3470043 9040580 7530560 3470560 4720888 9040580 4720363 4720964 7790964 9040580 3731002 9350043 9350646 910857 8190961 4720961 4720888 4720888 4720888 8190961 5370961 8190687 910043 7790888 4720964 910580 910580 910580 910580 910580 5370930 9350930 5370371 5370741 5370580 8870580 8870580 8870580 730948 7790580 3250580 730948 730948 730948
9040580 9040580 9040580 8870580 8870043 8870043 7790913 7790770 8870580 8870560 8870043 7790580 7790580 8870741 8870043 8870043 7790913 9040580 4300857 9710872 7790743 3950924 7790924 4040424 4040424 520371 9040961 3230646 8870282 3700422 8870741 8870560 8870741 3230924 910928 9350304 730928 8870580 3700580 730752 5231023 3930872 3930741 3250580 910071 8870422 7790741 8870580 8870741 8870560 3700924 8870924 3470872 8870580 8550580 910560 9040961 910580 3230646 9040961 520741 910924 9040961 9040969 9040969 9040969 8190880 8190560 8190913 8870741 8870880 9040580 3950043 9040969 7790937 7790580 3700924 4040424 9040969 7790741 7790580 3700043 8870518 8870580 730560 9350304 8870580 3700580 5230646 3250580
4720841 9040872 4040200 910857 3700857 8870282 520743 3700770 520741 910928 9710741 3700741 3230924 9710422 730282 730948 730580 8870580 8870282 910729 730948 910580 2570580 9040580 3930857 9710872 9710872 3470924 520741 9710891 3470872 7090973 4630928 3730924 910741 910741 730924 3700043 4720841 9040580 7090857 9040857 3930961 910422 4720363 520969 8550580 7790913 7790580 8870812 8870560 8870580 8870580 730948 730948 730937 3700580 730937 3700580 730924 730928 8870560 730371 730212 8870043 730928 730928 730580 8870422 730043 3930200 8870580 730350 8870580 730928 8870580 8870043 730928 8870580 730924 730928 8870580 730646 730646 730205 730948 730371 8870580 8870580 730928 730880 9350646 8870580 8871007 8871007 8870424 9040580 730544 8871007 4720363 7790741 3700864 4720841 8870924 4720544 7090857 8191010 8191010 8191010 8190964 730896 520743 7090973 7090973 8870580 4720969 4040200 910580 4720969 4720371 7090973 7090973 7090973 7090973 7090973 7090973 910928 3931002 8870282 730812 730646 8870422 8870772 8870772 730212 3700772 8870422 7790772 7090973 4630772 7090973 8190006 8550857 8870580 8870043 730646 7790580 3930646 910580 910580 520741 910924 910924 910924 520969 8190894 7090973 3470924 4720888 9040872 3950960 4720961 4720961 910928
7790043 7790741 8871007 8870043 8870580 730580 730924 730948 7790371 7790580 7790371 7790519 2760371 8550519 7790913 7790894 7790913 7790144 7790580 8870560 9040969 3700961 9350144 3230796 3700870 8870043 3230043 3700580 3700422 9040043 9040961 730812 2760930 6660460 730796 6660460 8870560 2760857 2760930 2760930 6660043 9350304 731023 730930 730930 5370729 730729 730930 8190160 7790743 910741 9710924 8870741 4720544 910580 4720969 8870282 4720969 730961 730937 730961 8870772 8871007 3230422 3230043 3230996 3230422 3470580 2080414 9040870 2760964 2760743 2080519 9710422 910544 910729 3931023 9710205 9040580 8190422 7090973 9040857 9040857 8870812 2760371 7790870 2760880 7790752 7790913 2760924 2760144 7790371 8190741 8190809 9710930 9710371 9710872 9710864 7790924 2760809 2760414 2760960 2760809 3470923 2760414 9040870 4750870 9040969 3930996 3930560 3930422 8870282 730646 730924 2760772 7790870 9040580 9040857 3390743 7790894 9040043 9040043 9040772 2760422 6660212 6660996 8870043 6660996 9710212 9041007 7790516 9040857 8550857 9040043 7790752 7790043 3470414 2760350 9710580 7790924 730770 730000 9710371 8710872 7790741 8710864 3470580 9040969 9710646
8550519 2760987 2760422 2760422 7790770 7790519 2760504 6660996 7790519 2760996 7790519 7790752 2760071 8550519 3470200 2760560 8711002 3700519 8870205 6660812 2761002 6660006 6660460 3700772 2760371 2760741 2760924 7790752 2760880 7790560 7790519 7790519 7790519 8550519 730948 8870043 730996 230422 230920 6660996 730043 2760580 2760422 8870880 6660212 2761002 2760770 2760880 3471023 3390960 7090973 7090973 3700924 3700964 520071 520743 8710646 8710504 3470752 2080770 3470752 730071 730880 2760928 2760422 2760741 2760928 2760870 2760006 2760880 3470006 2760006 7790560 7790870 8550519 7790913 8870043 730948 730948 730770 8870580 730948 3700580 8710767 730948 9710043 8870043 3470580 910928 3700961 910969 3700739 3930796 3230304 9350964 3930880 9350646 4720544 4720857 9040870 3700422 730948 730282 730580 730646 9040580 2080894 910200 8601023 8190752 4720857 3390580 910580 4720772 5370772 730772 4720772 7790144 3470772 8190770 4720857 8190952 7790752 520071 3700770 3470743 3470743 3470743 730646 7790580 4720580 910519 8870580 8870580 8870580 730969 9710580 9040580 910580 910580 9040580 9040580 9040857 9040580 9040580 9040580 7790580 8870043 4720580 7790580 8870580 8870580 7790913 8190809 7090973 3930857 3930880 9710969 910741 7790741 7790937 730043 8870043 730043 2760043 2760646 2761002 2761002 7790870 9040870 7790741 9040772 7790913 7790913 7790913 3700961 3700205 910928 9040969 9710422 3470043 7790043 7790937 7790913 8870043 3230996 3230422 9710996 3470580 3730004 4720857 4720857 4720857 3700580 3700739 3700870 8190646 9710920 8710422 9710924 3930371 8870560 3700422 520071 9040969 8870043 8870043 9040043 3470043 8191010 7090973 3390960 9040857 2080770 8190952 910560 910043 9040580 9710006 9040043 9710864 9040043 9040043 4720964 3470580 2080580 8550857 3470857 9040580 9710864 3470580 9040580 4720580 4720964 9040580 9040043
2761002 8870580 730928 8870580 8870043 9350646 731023 7530580 8870043 8870580 7790841 4720363 7790913 4040424 7790937 3700857 8190371 9350930 4990857 730857 730560 5370930 9350205 730857 9350160 730560 730870 2760969 3730646 8190422 8190894 8870518 8870282 730646 3930772 730212 3930519 3931002 2760894 730812 2760580 2760646 730812 2760897 2760144 2760560 2760422 730857 6660006 730961 730741 730144 730870 730228 730928 910580 730928 730144 730144 730969 731007 730969 730928 730969 910519 4720200 730880 2760176 2761023 2080043 8870772 2760687 7790857 2760996 730880 3230796 6660304 300996 3470857 9350516 3700857 3250857 8790857 2760894 7790580 3950930 7790857 2760812 8190812 8190894 3730004 7980973 8190930 8190913 8190646 8190913 3700870 3700796 8870880 730561 730000 3931002 730969 730961 730646 731007 730228 730928 730928 730580 730144 8870043 730928 8870043 2761002 8870870 730212 2760996 2760043 7790870 8870144 730857 730928 730928 6660580 9711002 730687 9710371 9710580 9710200 730880 8870424 730812 910729 9710969 910519 910371 3730386 7980973 8190930 9350422 3930422 9350006 3730004 8190969 8190969 8190006 6660996 3230527 9350560 3930796 910741 3930212 910205 3930519 3930212 2760928 730870 2760580 2760580 730580 730212 730928 730000 8870424 8870144 3930646 3930880 3930961 3930812 910519 3230880 8870043 730205 730580 730580 730580 730870 730772 9350460 730580 730930 730043 5370580 7790964 3930741 9350422 9350304 8190752 9350560 8190973 3730969 3730004 3731002 3730969 3700857 9710752 9710414 3470857 9710752 6660212 5230371 9350964 8190752 5370896 2760857 5370801 2760743 2760857 2760071 7790772 3730772 3730602 5370801 8190964 3730004 3731023 1760973 2760801 1760973 2760857 9350043 2751023 3930371 3930772 3930772 9710987 3930857 3930519 8870144 3930519 3930961 9710006 5370772 2760371 8870580 2760371 230952 3730519 8190519 5370801 8190801 8190772 230857 2760371 2760371 2760872 2760872 8870741 2760741 8190770 2760043 2760043 3470930 8190043 8190930 8190043 8190772 230924 730857 3730004 1760973 4630638 3730004 8190646 8190872 9040857 8710371 9710782 910857 9710205 9710176 3470987 3230857 3730960 3730004 3730357 3730767 3730767 4630200 3731023 3730004 3730004 7310924 9350752 3730580 9710006 8190371 9710466 3470857 3950560 3470504 4720857 8190371 3950729 3930205 3700880 3730984 4630969 520857 7790937 3930519 9350741 910857 8870424 7790518 2760646 3470987 7790964 8190043 3950043 8190812 8550857 9040580 7790913 3930812 3930872 3930741 3930560 3930560 9710422 3700205 9040969 7790969 8190913 9040857 5370772 5370930 5370930 5370930 2760414 8190741 7790857 7790913 910071
3700043 9710920 8870741 3700796 3230422 3230796 3230646 4720363 4720200 4720964 8190896 8190043 8870364 9710285 8870580 9040043 9040864 7790841 2570580 9040580 730870 8870741 3700580 8870422 3230796 730646 730924 8870580 7530580 730544 730928 730363 730371 9350460 3230422 4040200 730928 8870424 730928 730880 9350422 730928 6660948 9350560 730960 8870043 730928 9040580 3700580 730928 730646 730043 5370580 730870 730544 730937 3230646 8870043 730928 730767 3700870 730928 8870580 730544 730928 8870424 5370580 730948 8870043 4720580 730928 8870043 730928 730948 730646 730948 730894 8870424 8871002 730928 730741 8870580 8870580 8870424 5370580 730948 8870580 8871007 8870580 730729 730948 8871002 730729 7790937 730363 8871007 730880 8870580 8870043 8870424 730422 3700043 8870043 8870043 3950043 730729 3950729 9040580 8870043 8870833 3950729 8870741 7790937 2570580 520371 9040580 4720363 9040969 3700928 7090973 7090973 3700043 910928 3700770 9040580 9040580 3700560 910928 9040969 3470872 3470743 9710880 9040969 4040424 910741 910544 3700796 9040969 9040969 9040969 9040969 9040969 9040580 8871007 8870580 730646 8870580 8870924 7790913 730282 8870580 8870424 7790937 730928 8870424 4720544 730928 8870518 9040580 8870580 8870580 8870741 730363 8870741 8870424 8870424 8870424 8870518 8870043 8870741 8870424 8870580 8870924 7790969 3950043 7790518 7790913 8870518 7530560 9710580 9040580 3250560 9040969 2570580 3470924 3470924 5230646
7790580 9040043 8870580 3700580 8870580 8870560 8870580 8870580 730924 9040580 8870422 8870422 8870422 9040580 3250560 9040580 4720363 7790580 8870560 4720544 9040870 8870043 3700888 3470441 3700580 3700043 3700580 3700864 5230646 3250580 8870741 8870580 7790841 9040580 7790888 8870580 3700580 2570580 9040043 8870580 8870580 8870580 8870580 8870580 730006 8870205 8870580 8870580 8870580 8870580 9711023 6660948 8870741 3230880 8870580 8871007 9710864 8870741 9711007 730371 730741 8870580 8870518 8870212 8871007 8870580 8870741 3230928 8870282 8871007 730363 4720544 8870580 3950371 3700741 3700864 3700580 8870580 8870924 8870518 7790741 3700741 4720544 8870924 4720363 8870580 8870580 9040969 7790580 9040580 8550580 9710880 9040969 9040969 730741 8870043 9040043 8870741 7790519 2760754 7790857 3471002 7790580 7790964 7790741 5231023 8870924 5230043 3250580 3700580 9040580 3700422 9040580 3950870 8190560 910924 520969 3700071 3930770 730924 8870560 910580 9040580 7790560 7790371 8870043 8870043 2760960 8711002 9710782 3470043 9710782 9710200 2760964 5370043 8870580 730580 5230043 9710006 3250371 8870580 9710544 3470752 3470752 2760071 9710782 3700996 7530560 3930560
5370930 3950930 5370544 8191002 5370200 5370833 8190422 8191002 5370580 7980973 5370930 9350580 5371010 730857 731023 8191002 730857 5370833 7980973 9350930 5370930 9350930 730857 5370930 5370833 4990043 731023 5370930 5370930 9350930 5370930 5370043 9350930 9350043 5371010 730857 5370043 730857 5370833 730857 730857 5370282 8191002 5370930 730857 5370580 9350043 8190930 5370930 5370729 5370729 8190930 8870930 9350580 5370580 6771010 5370930 9350043 5370930 9350930 5370580 730857 5370741 730857 5370580 731023 9350043 9350646 731023 5370772 5370993 9350580 5370580 5370043 8190973 8870424 5370729 5370460 7790857 731023 8191002 8870580 3950930 730857 8870930 5370043 730857 7790870 8870043 7790857 5370841 5370833 3950043 731023 5370580 5370580 5370833 5370580 5370071 8190772 730857 730857 730857 8870772 7790857 7790857 3950043 8870043 8870930 5370043 5371010 730857 7790857 5370580 5370460 730870 8870424 8870424 8190043 7790580 5370043 7790857 730857 5370729 5370043 8191002 7790857 8190913 3950930 8191023 5370043 7790857 7790857 5370580 5370043 5371010 730646 7790043 7790857 5370580 8870424 3230928 3700857 9350880 9350924 9350924 730888 230963 5370043 7790857 8190071 8190772 8190043 5370071 2760770 9350752 1760973 8191023 8190504 8710969 9350741 3470923 520857 2760857 9710519 8190770 3470772 2760920 230963 2760743 7790770 8190043 7790857 5370043 9710371 9710285 730371 5370071 2760580 2760580 9711002 730371 730880 9710772 3470422 9710969 910857 9710466 520857 520857 3470743 8550857 7790857 7790964 3470872 2760872 7790371 7790580 8190504 4630857 1760973 4631010 4631010 4630857 7090973 2760741 2760580 9710864 2760948 8870422 7790580 7790857 8191010 7790857 4300857 8190952 3470752 7090973 3390743 8870741 8190772 2760857 2760857 5370580 9350560 2760371 5370580 2760857 5370580 8870580 2760580 2760580 3230924 9710872 9710872 230857 230857 9350160 730857 730857 730857 730857 730857 3230857 730857 9350160 3730357 7090973 3731010 4630638 7090973 4631010 7090973 4631010 4631010 4630913 4631010 4300857 9040857 3930646 3230304 910928 4720857 910928 730857 3230646 4720371 4720969 7790743 7790857 9711023 7790770 7790752 4630752 3730767 4630857 4630960 4630913 4630913 4631010 3470504 3470924 3470924 3470006 3470006 7790888 3470580 7790857 7790964 7790913 3390743 3390743 3700741
8870580 8870580 8870580 2570580 7790580 8870580 8870580 7790580 8870580 9040580 9040580 2570580 8190741 3950371 3230371 3700212 3930560 910422 730872 9710996 910580 910580 3471002 7790888 9040043 7790371 910580 5230646 5230560 3700043 9040580 8870741 8550580 9710371 9710371 730872 9710371 3470200 8870741 7790741 9040580 3700864 2570580 9710646 520969 520969 910928 910741 910924 910371 910741 3930872 3700580 3700422 910741 4040424 9040969 910928 3700961 730741 8870422 3950924 3950924 7090973 3700857 3700964 9040857 3950729 3470987 910371 3930872 3930371 3930743 3700880 730969 9710414 3470285 9710646 3700414 8870580 3230527 730646 730857 3230996 910422 4720371 3930371 3931023 3700924 3700205 9040969 8870741 9040969 7790937 3250580 9040580 9040580 9040580 8550580 2570580 3700752 910924 9710580 8870924 3470772 3470043 3470373 4720371 4720741 8190071 7090973 4630071 7090973 7090973 8190646 3700857 9710414 3700741 3700864 9040864 8710350 910741 910924 9710496 3470924 3470772 7790969 2760924 7790205 7790964 230924 2080414 7790580 9710176 7790580 3930924 3930772 3700580 8870580 7530580
910752 4720857 4720857 9710741 910857 9710872 3700924 9040857 8550857 9040872 3470857 3470857 2080894 8550857 7090973 7090973 7090973 4631010 4631010 7090857 7090973 7090973 4631010 7090973 3730924 3730741 5231023 3930812 3930043 910371 7090857 4630969 7090973 7090973 9040857 9710285 910857 520371 910371 9710857 9710872 9710857 520857 6040857 7790770 2760809 7790857 9710285 8190160 8190801 8710930 2760857 230857 3730422 3470857 8710857 8190952 9710285 5230466 2760006 7790857 3470872 4300857 7790964 3730924 3730371 3730371 8190801 8190414 7790857 8190371 7090973 7090857 7090973 7790857 7790857 8711023 730924 3930924 8710920 7790752 3950960 2760350 2760857 2760920 5370961 730729 730729 730729 8870282 4720544 8870424 730928 730857 730896 730960 9350700 9350752 3700857 6660948 730857 3230857 8871007 8191002 9040857 9350913 730071 2761007 8870424 8871007 3230646 8871007 730857 9350580 7980973 5371010 8871007 5370930 7980973 5370833 9350580 9350930 9350930 5370930 5370833 9350930 9350043 5370930 5370930 5370200 730857 730857 5370282 7980973 7980973 5370930 4990857 730930 730857 5370930 730857 7980973 5370930 730857 730857 9350930 7980973 5371010 7980973 5371010 730857 730857 730857 5370580 730857 8870580 5370930 730857 9350580 8870580 5370282 9350160 7980973 5370043 730930 9350930 9350930 9350930 8870930 5370930 730857 9350930 8870930 8870772 7980973 730857 5371010 5370729 5370580 9350930 9350930 9350580 730857 9350930 9350043 9350043 730857 5370580 730857 8870580 730930 5370930 5370833 8870930 5370580 9350646 730857 730857 5370772 5370961 730857 730930 5370930 9350646 730857 9350930 730857 5370580 9350580 5370580 730857 9350930 5370043 731023 9350646 9350930 730857 9350580 9350422 7790857 5370043 5370930 5370930 9350160 730857 730930 730857 5370930 8870580 7790857 3950930 5371010 5370282 5371002 5370930 5370930 3950930 8870580 5370043 5370993 5370580 730857 730857 5371007 8191002 5370930 8870043 8870043 5370043 5370772 5371002 5371010 730857 5370043 8870424 8191002 8191002 5370580 730857 8870580 730857 5370930 8870043 8870580 8870930 5370930 5370043 9350580 730857 8870580 8870580 8191002 730857 730857 5370930 5370580 730857 730857 8870930 730646 5370580 8870930 730646 8870930 731023 7790857 730857 8191002 9350580 5370043 5370580 8870043 8870424 5370993
3390580 3700928 8550519 3470857 3471023 4720964 4720519 8710176 3470743 3470743 7790857 8190071 8190920 4630071 7090973 7090973 7090973 7090973 7090973 7090973 7090973 7090973 7090973 7090973 4631010 3390743 9040872 520371 910969 520741 3700741 3700870 3700364 3700364 9040857 3470743 9710920 250071 8190071 8190920 4750870 3700770 4720544 730646 910729 9710928 3470743 9040961 9710872 7790741 9711023 7790888 3930560 9040969 9710924 9040870 2760006 2760071 7790580 9040872 8550519 9040580 2761023 7790870 2760560 2760930 2760870 2760741 2760924 3470743 2760414 2760924 7790894 9710920 2760071 2760071 9710920 7790752 9710920 9710920 3390580 9710770 250071 9710920 4720964 9040580 7790857 2760857 250580 2760857 7790580 3470580 7790964 3471023 2081023 8190872 2760930 2760857 2760043 2760043 2760857 5370460 2760880 8710770 7790560 3470752 7790560 9710920 2760071 3470987 3470580 7790964 9710864 9710864 2760006 2760924 7790743 7790964 7790964 3470872 7790894 7790857 7790857 2081023 7090973 7790870 7790964 9710952 8710646 7790964 7790894 3471023 7090973 4630960 4630857 4630043 4630913 7790964 3470743 520969 3930646 910729 4040424 7090973 7090973 7790888 2760752 2760920 7790752 9710920 7790888 3470373 7790961
8870580 9710872 7790371 7090973 3471023 2760043 2760857 2760752 3470441 7790770 7790857 7790857 7790857 4300857 3470752 9710920 2760071 8190812 8190880 9040857 9040857 3930646 3930857 3930646 9710006 9710006 9710006 7790741 7790770 2760924 7790580 2760580 7790371 2760741 8190741 4630930 7090973 7090973 7090973 3390960 7790857 3470496 7790857 2760043 2760920 7790770 7790770 7790770 8190952 3950043 7790857 8870741 910924 8550519 3230928 730580 730857 8870580 5370580 730857 9350913 8190942 2760857 730772 8870772 730772 730928 8870772 8870772 730857 8870772 730857 730812 730772 8870772 730857 3230772 9350896 3230772 730928 2760857 5370752 8870772 8870772 730772 730857 730857 730857 8870772 3230772 730772 8870772 730928 730857 730772 6660006 2760205 2760857 9350144 8190519 730857 2760646 2760928 2760928 730857 9350930 9350930 2760930 730857 6660872 9350560 2760969 730888 5370896 730888 730772 730371 9710772 8790857 9350144 6660006 8870930 9350924 5371007 9350894 730857 5370772 730772 9350560 730857 730857 9350930 730812 6660930 9350930 9350580 9350743 9350930 730857 5370560 730928 5370371 730930 9350741 730205 730857 9350460 6770160 730857 730772 9350894 9350765 9350888 9350913 9350930 730857 2760857 730857 9350752 9350580 730857 9350930 730857 730371 5370741 730114 730857 9350687 9350580 9350006 9350930 9350114 730772 730857 8870772 730924 8870772 9350924 6660580 730857 2760371 3230371 730371 730743 730350 730741 6660350 5370741 730741 730741 5370580 730770 5370580 730006 730924 5231023 9350924 5230037 730924 730743 730857 8190872 730580 730580 730580 730371 730371 9350580 730857 730228 730741 8870414 730857 730741 9350646 730857 910200 730857 730952 730646 9350460 730857 8870424 9350043 8870580 9350894 8870580 9350687 730741 730857 3950043 730363 8870580 8190043 730857 730496 9350896 730857 9350894 8870930 8870580 730646 730857 730857 9350646 8870580 8190888 8870930 8870870 8191002 730857 730960 8870518 730743 3950930 8870580 730857 7790857 9350646 9350646 8870424 2760043 8870580 8190043 8870424 5370043 7790857 8870043 8870580 8870043 7790969 3950043 7790857 7790913 8870580 7790580 7790729 7790518 8870043 8870580 8870580 7790913 8870043 7790857 7791023 7791023 7790857 7790580 3950729 3950043
8870741 3470857 7790857 3390752 730928 730928 730857 8870414 3470580 8870924 4720519 9040580 9040580 8870518 8870741 8870043 3230043 8870880 8870741 3700043 9040580 9040857 8550857 4300857 9040043 3470560 3700743 3700580 9040580 3700580 3700580 3700580 520371 9710006 9040961 9040857 9040864 3470006 3230872 3230560 3470200 3470200 9350924 4720857 9040857 9710741 8870741 9710872 9040872 7790043 7790371 8190960 8190913 9350729 3700422 9040969 9040580 9040043 3471023 3950043 7790560 7790516 3470504 7790371 7790752 3470987 9040580 9710580 4720371 2080580 7790741 7790894 7790518 3470043 7790841 3470743 9710782 7790770 8870043 7790371 3470580 7790743 3470043 8550580 7790580 9710920 3930870 9710422 520743 3930812 8870560 9710739 8870422 8190812 8190812 9040857 9710924 2760924 2760924 2760371 7790519 2760741 2760880 2760872 2760754 7790741 2760924 7790964 7790519 7790894 3700741 3700285 3700870 9350460 8870043 730043 730948 8870580 3230422 3700580 7530580 9710580 3471023 7530560 7790752 2760504 3471023 3930422 8870772 730969 730872 730741 3930924 7790913 7790964 9040872 9040043 3470414 7790743 7790870 2760772 2760006 2760006 9711002 7790913 7790743 8870741 7790841 910924 5230646 9711023 7790841 8870870 7790205 2760404 7790841 7790371 7790841 7790414 7790770 7790043 7790043 7790043 7790964 250519 7790519 7790770 7790752 7790741 8870580 3930872 3930741 9710350
5371010 8190913 5370687 2760422 730796 730880 6660880 730580 730729 3931002 4720969 8870205 730205 730928 9350687 9350580 9710422 3700580 730580 730580 8870580 730833 4720580 730928 730754 8870772 730560 730948 8870043 7790969 4720964 3250043 2081023 4630004 4631010 4630043 4630913 4630913 9350964 730043 8870043 9350870 8190752 1760973 3730496 4630960 4630928 2080894 2080894 8190896 4630743 1760973 1760973 730043 2760043 3471002 5371010 4630743 3950930 4720857 7790857 4630638 4630913 7090973 3930212 3700996 520969 2760646 7090973 7090973 7090973 9710960 3390752 3470285 3930212 3930770 3930646 910729 3930961 8870518 8190896 7090973 9040857 7090973 4630913 7090973 3950043 3950043 3700422 4630913 7090973 7090973 4040424 9040872 9710969 3930872 910371 3390580 3390580 3390580 4630004 7090973 4631010 7090973 8190888 9350071 520857 3700888 4630969 3730646 4630857 4630200 4630913 4630857 4630913 4630913 9350880 2750857 730948 730812 8870580 730043 730043 8870741 7790729 7790516 7790829 7090973 1760973 8190872 4750870 2760754 2760894 2760897 3700422 2760896 8190752 3730646 4630580 3730420 4630928 8190973 8190646 8190043 9350460 730930 7790743 7090973 7090973 7090973 4631010 7090973 7090857 7090857 8190043 7790857 3470930 3950043 8190071 730006 910772 9710580 2761023 2760741 2760772 2760812 7790770 7790964 910071 3700928 8190969 3730984 4630928 4630928 4630928 3390743 2760964 4631010 4630071 7090973 910580 8870580 8870282 4720544 5370043 7790857 5370770 2760948 3250043 730896 3700580 9040580 8190894 7790516 7090973 8190872 9710872 7790516 4630772 4630857 4630371 4630857 7090973 3950043
7790519 3470743 7790743 7790743 9710864 9041023 9040043 2760928 2760371 2760371 2760371 7790371 7790687 3930560 730928 7090973 4630638 4630638 4630638 4630969 7090973 9350160 730857 730857 730930 8870930 3950043 7790913 8870580 5371002 5370460 730646 7790729 2760043 7790857 5370896 7090973 5370043 7790857 7790516 7790580 7790913 9040864 2760812 2760212 8190896 9711007 4631007 4630371 3730560 4630580 4630004 4630752 3470504 3470504 2760770 2760071 9710043 3700580 8710043 7790743 3390580 3470857 3950924 3470857 7790516 3471023 4630930 5370930 5370687 5370896 9350646 4040200 8870580 6660948 3700580 8870282 8870580 730043 730928 7790580 730928 730580 8871002 8871002 730496 730646 730928 730646 7790729 7790580 8870580 910200 8870282 910928 910741 5370043 5370460 5370043 730228 730729 4720580 3230646 8190741 3700870 8871007 730961 911007 8870282 9040969 7791023 8870741 3471023 910752 4040424 9710969 3700880 520969 9040969 3730004 4630930 1760973 8190071 3470857 9710770 2760767 2760071 9710870 3700888 3730964 4630743 4630071 3730646 4630913 4630004 3470857 730687 2760924 6660948 730580 730043 8871002 730928 730809 8870580 2760928 2760006 3470200 2760743 4750870 7790964 8550857 4630913 3390752 2080743 2760857 2760743 2760969 8190964 3470743 3470743 9040870 4630857 4630969 4630969 4630969 4630743 3390743 3470743 4630743 7090973 4630743 4630071 4630913 5231023 2760043 6660460 6660948 6660948 8870580 3700960 730006 730770 8601023 8870422 2760920 5981023 7090973 8550857 3950043 3730872 4630969 4630969 9350043 9040857 9710527 9710422 4630928 4630913 4630928 4630004 4630913 7790519 7790519 7790687 7790913 9040580 910928 910928
2760043 3700580 730928 5370993 730228 8870580 730580 2760006 3250371 4720371 7790580 7790580 7790580 2760043 9710920 7790752 3470496 7790964 3470504 7790770 9710580 3700519 9710200 730872 2760371 731007 4720200 730496 8870580 7790743 7790770 7790414 7790894 7790519 2760894 2760964 7790519 2760743 2760176 2760043 2760741 2760580 5370460 730350 730920 8870741 8870741 2080414 3390580 3390580 7790772 7790772 7790841 8550580 7790913 8550580 3390960 7790894 2760964 7790743 7790894 7790519 2760176 7790964 7790964 4630043 1760973 7090973 7790857 7790857 7790743 7790964 2760071 7790964 7790841 2760896 2760964 2760924 9710580 2760741 3470894 3470414 3470580 2760043 2760752 2760770 7790580 9710580 8870580 4720371 7790741 8190071 2760646 7790516 7790516 910924 4040424 3930646 7790969 3700741 3700743 520741 7790888 7790519 2760580 2760580 3470043 2760071 7790752 2760770 7790516 2760752 3470496 7790043 7790770 7790857 8550857 3950960 3390960 9040969 520969 910560 9040969 520743 7790913 3950371 7790894 3390580 8870741 910422 730880 910422 910043 730961 910772 9040969 2760580 2760580 7790580 9710519 2760496 2760952 2760043 7790770 2760646 7790857 2760960 3471023 250930 7790857 9040969 3470414 7790964 2760496 3470752 3470504 7790770 7790888 4040424 7790743 9710071 3470580 3470857 3470580 3390580 2760580 9711023 8711002 8870580 8710043 9710422 7790580 3470580 3471007 9040857 4630004 4630969 3390743 7790964 2760176 2760897 9710580 2080580 3471007 3390580 7790894 3731023 4630913
7790857 3470857 4630004 3730004 4630043 4630857 8191023 7090973 9710923 3230414 9040961 8190961 3950924 8190741 3930043 3700924 3470924 520071 520743 9710646 8870560 7790205 7790205 8870560 2760928 2760043 730652 8870580 8870580 8870580 8870580 9040580 4631010 3470857 3950772 7790888 9710043 7790743 2760043 2760996 8870043 2760928 2760646 2760580 4720580 8871007 2760880 2080580 9040580 3471023 8190767 3470923 9710580 9710923 8710752 3470580 9710770 3950960 4630071 4630071 4630004 4630580 4720363 7790961 910519 8871007 8870282 730857 5370580 8870580 731023 8870930 8870580 7790516 3470857 2080519 3471007 4720888 4720519 4720741 9040864 8550519 3950043 4630580 4630580 3470043 2760964 3470580 9710580 3700580 4300857 1760973 4630200 3731023 1760973 4630913 4630580 7790964 7790894 2080743 7790894 7790894 7790894 3470752 3470772 4720964 9710580 9040772 3470043 9710770 9711023 3470200 3470504 8190504 8190801 3390752 7790652 7790652 7790516 3470373 7790964 730952 7790741 7790770 3470504 7790516 2080772 7790752 3700864 910741 3700864 3390960 8870560 9040961 7790964 7790743 3470743 7790743 3470743 3470743 8190767 3390960 7790888 7790743 7790519 3470743 7790743 2760071 3390580 3950043 4630071 3470923 9041007 9040961 9040961 730282 730729 730646 730646 520071 4631010 8190646 4630371 9350006 3250580 730371 3700580 3700580 300996 3700422 3700741 910544 4720969 4720363 2760687 730928
7790519 2760880 7790752 8550519 5370961 3700580 3950930 3390752 8190896 910544 910741 7790516 2760350 9040580 8870833 8870580 8870043 730646 3700772 8870741 7790580 7790687 7790857 8870580 7790969 4631010 7090973 230872 2760872 7790580 3930743 910928 910772 9350304 9710996 730560 910772 730741 730071 7790741 7790519 2760770 2760043 2760176 2760897 2760964 7790741 8190894 8190896 2760580 2080519 3471023 9710857 3470857 8190964 4630913 2760772 7790841 7790741 7790741 7790043 7790043 7790580 9710767 3471007 4720741 7790913 3470043 4720841 2760496 7790752 7790580 2080580 7790752 8190952 3390752 3470496 9711023 9710872 7790770 3470930 7790841 8710519 7790770 2760770 2760176 7790743 7790888 5981023 7790888 7790770 3470496 8190496 4630580 3390580 2760743 7790371 9710580 7790371 7790371 9711002 7530580 730924 7790770 8870424 8870580 8870924 910928 4720857 9040961 3700888 910928 9040969 9040969 4720741 7790371 9710772 3250371 2760872 2760441 7790580 7790580 2760767 7790752 7790743 7790770 7790888 3390960 910928 910928 9040969 520857 7790043 3470043 7790743 3470580 3390743 7790743 7790964 520741 3930796 910924 8190913 4630969 4630913 4630969 4720741 7790752 7790752 2760896 9711007 4720741 7790741 3470580 7790964 7790770 7790964 7790857 250930 4630913 7790687 7790770 7790687 7790516 910422 9711002 910043 7790964 8870043 8870580 9040580 9041007
9350422 5371010 9350741 730741 730857 9350872 730857 730857 730969 730857 730857 730857 730580 730857 730857 730857 730857 730948 5370580 9350043 5370580 9350414 9350580 9350930 5370930 9350646 5370043 5370930 9350913 5370741 9350930 9350913 730212 910200 731023 910741 9350580 730741 6660948 730857 9350894 730969 730857 730948 730969 730969 5370371 9350043 8190969 730857 7790969 910857 730071 730857 730857 8190969 5370993 730969 730857 5370043 7790857 730969 4040200 5370043 7790857 9350646 7790969 7790857 7790857 7790857 5370460 7790857 730857 8870043 5370580 8871002 3950930 7790857 5370580 7790580 4720544 8870580 3950043 5370043 3950043 7790857 8870043 730948 3950930 7790857 730857 8870930 8870580 8191002 3950772 5370043 8871002 7790857 5370043 5370580 4720200 7790857 8191002 8191002 7790857 3950043 3950043 730857 7790857 8870580 5370772 7790518 8870930 5370993 7790857 8870833 7790729 7790857 8870043 7790969 7790580 8870580 8870580 8871002 5371010 7790857 5370043 8870930 7790580 7790519 8870580 8870580 8870580 7790857 5371010 8870580 8870580 7790857 7790857 7790857 8870043 3950930 730646 7790857 8870580 3950043 8870580 5370580 8870580 7790580 8870930 8871002 5370460 5370043 8191002 8870043 7790580 9350646 5371010 5370043 8871007 5370580 8191002 8870930 5371010 5370729 5370729 8870424 5370460 8870580 731023 5371002 730857 5370580 8870424 730857 5370580 5370043 730857 7790969 7790857 8870580 7790857 5370841 730857 8870580 5370729 8191002 731023 5371007 730857 5370043 5370580 8870580 8870424 5370043 9350646 9350930 730544 730200 730930 5370930 730857 5370043 731023 8870930 7790857 5370043 7790580 7790857 7790857 7790857 5370043 731023 730646 5370460 8190772 8870930 7790857 7790857 7790857 8870043 3950043 730646 730812 730646 2760930 5370894 2760857 2760857 5370894 5370894 9350930 2760894 8190422 8870422 3931023 3930796 8870560 2760422 3700580 9350880 3730460 4630638 4630928 4630200 4630200 4630200 4630743 910857 520969 9710969 8870043 8190969 3390743 4720888 9040857 8871002 730580 8871002 8870580 7790841 7090973 9040043 7790741 7090973 730228 8871007 4630004 4630004 4630743 8190964 7790043 2760948 7790743 7790043 7090973 7090973 7090973 7090973 2081023 7790888 2760964 2760996
7790913 3950960 7790937 3950371 3950371 3950371 3950924 3950924 3950960 3950043 7790894 9350880 9350872 3700960 8870812 3950371 7790841 9040043 3950924 7790913 7790913 3470752 7790770 9040872
9710920 3950371 3471023 3471023 3390960 3950924 3390752 3700924 9040872 3930043 730809 730371 2751023 9350872 3700422 3730646 9350414 1030993 2760857 5370580 5370371 2760371 3950924 3950924 8870043 7790841
3390743 3470752 9710969 730924 8710872 4720741 730350 730924 7790043 7790741 3470772 2080772 3470580 7790770 7790857 4300857 3390743 9710864 2760872 9710864 3471002 2760560 7790964 7790964 3950870 9711002 9710864 9710961 3470205 910741 910741 3470560 7790894 9710176 8710646 910043 9710085 2080043 9710371 3470995 3470006 9350880 6660527 9350043 730928 6660948 730414 2760741 730646 3930205 3930796 910205 8190880 910857 910857 2760743 2760006 9710371 2760371 7790964 9040772 9710888 9710864 730741 730561 730964 730743 8870772 730880 3230772 7790580 8870580 9710872 7790371 3470200 4630960 8190894 8190519 8190888 8190888 9710071 3230969 3230812 730422 230872 7790205 730741 730752 2750857 3931002 3930205 910928 3930646 910560 3930646 3930560 9710646 9710964 8710743 8710043 3730743 3730560 3730924 9350924 5230414 730964 8870282 3230422 3700743 730646 3230043 8870580 9040580 3470752 3470743 9710770 730812 4720371 730752 9710371 8870812 3470995 910544 9710350 910043 3230812 3470200 9710996 5230466 9710580 3730812 3730004 3730560 4630580 7090973 9710864 9710996 910422 9710205 3230996 2760422 730560 730888 8871007 8870580 8870424 3230043 5231002 3230812 3230304 9710422 8190888 8190752 3700880 8191010 7090973 3470200 8190960 8191010 7090973 7090973 7090973 7090973 9350880 3470205 8870043 9710872 3470872 3950371 9710285 3470043 4630960 4630741 7090973 3470857 3470930 3700960 3700880 3700924 3700422 4630928 9040857 9040857 3930880 9710770 2080770 3471002 3470743 9710920 4720964 9710920 9710580 3230205 3230996 8870880 3700996 4720741 3470414 4040424 7090973 9710969 3230212 5230422 9040857 3470987 9710752 9040580 7790770 2760964 8710176 3470743 3470752 2760743 9711023 2080857 3470200 3470043 2080519 9710006 9710729 5230422 3930796 9710422 9040969 3700796 3230304 3700996 3700739 3930422 910371 9040969 8190770 9710743 9710880 9710350 3470422 9710006 3470987 9710414 3470006 9710414 3470752 3390960 9710864 730770 9710923 3230560 3471023 8710504 8710646 9710371 9711002 3470995 2760924 2760580 9710952 2760006 7790964 7790743 3470504 7790371 9711023 7790969 8710646 3700752 2080414 9710770 9710767 8710752 8710767 9710770 3470752
3470743 3470743 3470743 3950043 3470857 3950371 9711023 8190496 4630071 7790857 7790857 5370964 7790743 7790894 250519 7310857 9350646 3950960 9350205 8190913 4630913 3470857 9040857 8711023 8710043 9710767 2760373 2760043 2760752 3470752 8710872 9710782 2080580 3700752 9710371 9710872 9710928 3700741 3700414 9710741 3930772 910043 3930812 3470205 5230872 9710371 9710006 3930371 8190870 5371010 3950930 3390580 7790857 7790770 8550580 9040043 3470043 3470924 7790924 3470987 3950371 7790652 3471002 7790741 9040857 7790857 3470043 7790770 7790741 9710350 8710350 3230924 3470200 9710006 3471007 4720363 9710212 9040580 3230212 8870741 9040580 3700996 9710212 9040580 8870924
9040772 8870741 7790580 3700580 3700580 3700580 6660948 8870580 2760043 2080580 2760043 730743 8870580 3700580 8870580 7790894 2760071 2760580 2760176 4720519 8870580 4720363 8870870 3700743 8710928 8870741 3930872 9710371 3950729 9350930 8190741 5370833 5370833 8190560 9350422 7790857 3950930 3950043 7790857 7790857 7790857 7790841 9040961 9040961 7790961 2760928 2760880 8870580 6660350 2760527 2760043 7790371 2760646 2760960 7790913 9710772 9710043 8870205 3950960 8190504 9040857 9710996 7790043 7790043 7790043 2760928 7790937 7790371 7790841 7790516 9040772 3950043 7790857 7790043 7790043 7790857 7790857 9710350 3470043 9040043 3700964 3470924 3470772 7790841 7790924 7790913 9040772 7790371 7790371 7790043 8870043 7790924 8550580 9040580 2570580 2570580 8550580 3950960 7790580 9040580 8550580 9710961 3230205 730371 730144 3230560 7790961 2760928 2760527 730812 8870741 730043 8870560 7790518 7790560 8870580 3700043 9040969 3700857 8870924 2760952 8870043 2760741 8870043 7790969 7790937 9040580 3470580 3470580 3700743 9040969 9710872 8870424 7790961 7790961 9040961 7790841 9040969 8870580 9040580 8871007 2760857 2760960 730870 730200 730809 730580 730519 731007 730752 730920 8870580 4720888 9041007 4720519 4720961 7790961 9040961 9040961 8190961 8190961 8190646 8190961 7090973 8190973 8190646 9350043 730948 730857 730212 730772 8870580 8190043 2760371 2760371 2760872 4630928 7090973 7090973 9710857 9350560 2760857 3470580 3470580 9710969 910928 9710924 9040864 9710422 7790043 8870043 3700043 9040043 3700043 9040043 8190043 8190043 8190160 7790043 7790841 9040580 9040969 3700205 8870518 730767 3230924 9710496 520741 7790741 731023 730857 8870772 3250580 3950772 7790857 7790580 9040969 7790752 9040580 7790964 8870282 3230928 9350880 8870930 3930996 3230422 9710422 8190422 730144 2760930 6660460 6660304 3700770 7790770 9040772 9350930 9710930
7790937 8870043 3700422 8870580 730796 8870580 7790580 8191010 7790870 7790888 8550519 8870043 8870043 9040580 2760646 7790414 7790043 7790687 7790841 7790841 7790964 9040580 4720580 7090973 3950043 2760043 3470870 2760857 730870 6660948 3470870 7790580 8870580 7790888 8870580 4720888 9040870 8710580 730560 730422 730812 730000 730043 730560 7790580 8870580 6660460 8870043 8870043 3950043 8870741 8870741 4720363 910071 9710767 8710646 9710743 520071 8710872 7790888 7790857 7790043 7790743 2760960 2760071 2760043 7790205 7790841 9040969 8550519 3700743 2570580 8550580 9040580 8550580 2570580 7790043 7790687 9040043 3700928 3931002 8870282 3931002 910928 7790729 9350205 4720969 3700205 8870282 9040580 8870580 9040857 3930880 910364 8870043 3930205 520371 3950371 8190969 3950560 2081023 2760371 9710872 7790371 7790741 7790741 9350741 8710864 5230350 3470580 7790924 9040870 3700870 9710870 9710920 3700964 911007 910729 8601023 2760964 6660800 6660800 6660880 9710422 300996 2760422 2760894 2760560 2760880 9710739 2760880 3470205 4720200 3950870 730212 730964 9350580 730870 8870772 2760646 7790519 9040969 7790969 3700870 520969 9040969 730948 730888 730646 730646 730043 730043 730646 730646 730969 910969 730646 730969 910969 910969 9711002 9040969 3700071 3700752 3700770 9710952 3700752 4720544 8870518 9350071 8870282 3700870 730894 3931002 3930796 3700422 731007 8871007 7790205 2760560 2760006 2760560 2760205 2760205 9710371 2760371 2760006 2760560 2760646 3470870 2760770 3950870 2760952
2760144 910924 3930741 2760371 730000 2760580 2760527 230422 3230422 730796 910544 520969 910969 911007 4720969 4720969 4720857 3930205 3930205 9350304 3230422 730646 910043 3230560 4720371 4720969 7790414 2761007 2760930 5370870 2760930 8190960 8190770 8710857 9710880 3950560 4040200 250930 2761023 2760772 2760772 2760516 3250877 730894 2760580 730422 7790894 2760924 730741 3730004 7090973 4630071 4630004 8190961 3950371 8190371 2760857 5370833 3230772 730646 730870 730928 8871007 9350646 9350205 230560 730043 7790580 3730004 3250857 3230812 730652 8870422 7790371 5370043 9710812 7790560 7790913 7790841 4630741 4630857 4630004 7090973 8190920 3470200 9350743 8870364 910364 7790743 6660212 9350765 3230371 5230560 230880 230560 230496 230767 2760043 2760772 2760812 2760496 8710466 7790857 7790043 8870741 9710864 730741 730043 2760371 5370580 730043 2760928 6660560 730205 4720580 3470205 7790687 520071 5230414 9710870 910519 2760969 9710519 3950371 2760969 520519 5370894 2760772 2760930 2760930 250519 7790857 2080772 7790964 3950772 2760414 2760373 730212 9710527 2760071 8190519 3700519 9710891 3700285 9350741 2760205 3700870 2760350 9040864 8190371 2081023 9710006 3700364 9710519 9710575 9710920 9040857 9040857 8190872 730969 2760969 2760969 3700519 2760969 2760969 730519 910519 9711023 7790969 7791023 7790857 5370560 3950043 730969 8190765 7790913 7790913 4630913 8190809 3950371 730969 230414 730043 730043 730043 5230872 9710043 910371 910043 910371 910928 3700796 8870880 3931023 9040969 8190952 8190765 3471023 910924 3471023 3470205 910937 9710969 3930796 3930924 3930924 3930924 3700924 9040969 9040969 3390743 8870741 4720772 7790560 3470772 730924 910772 7790937 4720363 7790964 3470200 7790371 8870043 8870424 730857 4720200 9350937 9350580 8870741 730928 3250580 9350700 9350937 730809 730870 910200 730414 730200 730857 5370282 730743 8870580 730928 9350071 730071 730872 9350741 730888 730928 730496 730363 730560 730969 910741 730969 730857 730969
9711023 4720519 7790857 3470772 9710006 8190752 2760770 2080414 3470285 3470923 3470923 4720741 7790414 7790772 2760960 7790752 2761007 7790770 4720772 4720772 7790772 3470872 3471002 2760350 9040864 7790205 7790560 7790752 8870560 7790969 2760961 730212 9710422 4630928 8190560 7090973 7090973 3470043 730000 9710527 3230772 7790964 7790894 8711007 3390743 3470752 3470752 3470496 9040043 3470504 3470504 8550580 4720741 7790969 7790518 8870424 8870880 7790969 9040969 7790888 9710371 9040872 4040424 9041007 4040424 4630928 4630928 8190961 3230772 9350304 8190516 8190896 9710857 5981023 7790888 7790888 7790519 7790888 9710891 9040870 9710414 6660460 730144 730964 9710987 8870741 9350160 8190006 3950560 7790857 3700864 2760741 6660350 730796 730144 9040870 2760350 2760924 7790144 8550519 8710864 730144 2760205 9710519 8710930 2760071 8710580 9710519 8710519 8190920 4630580 4630580 4630580 4630071 8190888 4630580 7090857 7790913 7790043 7790741 2760964 2080414 9710496 7790743 7790888 3470772 7790371 4720519 2760754 4720544 2760812 7790752 7790741 2760043 2760948 8550580 2760754 8870880 8870212 9040969 910519 4630960 4630857 4630857 4630913 3950960 8190741 9710872 9710872 7790371 7790770 7790888 7790913 7790560 7790770 3950560 4630371 4630752 5370770 230963 730770 8711023 8190519 8190071 8190071 7790857 3950371 7790770 9040857 2760857 5370043 3250857 7790829 2760754 231023 2760772 7790516 3470772 7790770 7790964 7790913 7790888 4720857 4720371 4720964 7790964 7790894 8190414 5230930 8190371 8190964 8710857 3470772 7790743 2760743 3470772 7790770 7790857 3470743 7790743 7790743 4720741 9710350 3471007 7790519 7790371 7790741 7790888 9040872 9040864
7790772 7790772 7790772 7790772 4630772 4630043 2760580 730000 230920 7790752 7790772 8870580 9710772 7790580 7790580 7790580 7790857 230920 7790743 7790770 7790752 7790888 7790752 3470504 230872 731023 2760930 730880 2760930 730561 2760930 2760741 2760872 7790857 2760371 7790580 7790741 7790580 7790580 2760371 7790857 7790371 2760371 7790560 9710212 4720964 4720519 3471007 6660561 9710371 9710580 2760176 8190930 3730371 3730872 3730872 4630580 8190973 7790841 7790857 7790857 7790964 2760043 2760043 730743 2760580 2760924 230924 8870741 2760371 8710924 9710519 2760897 9710176 7790752 8711023 8870580 7790371 3470580 7790741 9710741 5230037 730006 5230969 5230414 5230037 9710782 9040864 3700285 9350924 3230212 730652 2760961 910519 9710961 8190752 3730004 7090857 4630638 4630638 7090973 7090973 8190371 230006 3930205 1551023 7790729 520519 9040772 9040969 8870144 6660304 730996 3230422 3470205 2760996 2760560 7790516 7790894 3470422 9040772 910857 4040200 730772 7790772 2760043 2760043 2760043 2760043 2760043 2760772 2760894 2760894 2760930 2760043 230767 2760414 2760896 2760896 230952 2760646 2761007 7790518 3471023 3470504 7790913 7790937 910371 730872 230496 730519 730422 2760880 2760560 3700519 2760924 910519 4630741 7090973 3470857 9710466 8710519 2760857 7790371 2760924 2760857 2760350 8190752 4630071 4630071 4630071 3390743 9710770 7790752 2760770 3470752 8190770 4630638 4630960 8190071 9710414 730741 730754 3470987 7790371 1031010 1031010 1760973 8191023 3950870 2760414 2760960 2760809 9710205 5230037 2760560 520371 8870741 8870560 9710205 8870560 2760006 3950560 7790857 2080743 9710964 9710857 9710006 910772 7790043 7790913 9710864 9710371 9710741 5230560 520519 9710422 3930880 6580212 3930560 7790516 7790913 2760043 2760043 2760043 2760580 7790841 7790913 8550580 3230371 730741 8870043 9710043 230414 230880 730071 9710987 7790580 4720888 6900466 2760960 2760414 2761007 2761007 4720519 9710519 4720200 2761007 2761007 2761007 2760960 2761007 3230770 2760422 3470580 4630580 4630580 8190043 2760960 2760741 2760043 2760960 5231023 2760580 2760580 730560 7790752 2760006 8550519 8550580 7790841 2760043 231023 7790888 2761007 730888 730888 730043 730560 730888 2760043 7790043 7790743 7790857 2760969 2761007 230504 7790770 7790752 7790964 4720964 2761007 2761007 730519 6660741 3230304 9710422 8870741 8870741 7790752 8870580 4720580 4720200 730880 731007 730646 731007 730880 8870043 730741 730960 730414 8870741 730741 730729 730741 730928 8870043 730743 8870043 730928 8870043 9350888 730928 730496 8870424 730960 730580 730228 730580 7790580 730928 730924 730646 9350880
731023 8871002 8871002 730228 8871007 8871002 8870870 9350043 731023 730741 3700043 9350880 8870741 8870043 3230924 730809 730560 2750212 730996 730422 730560 6660304 8870560 730646 730561 9350924 5370752 8870772 730646 9350930 5370282 9350646 730228 8870424 6660948 730857 730006 730646 730948 8870580 730948 3470200 730544 8870870 5370580 8870424 8870741 8870424 730961 3950870 3230796 8870741 8870424 8870924 730212 730930 730857 730544 8870772 730544 730646 730880 4720544 4720857 730924 4720969 7790969 9040969 4720969 4720841 4720544 3950924 8870772 8870772 9040772 8870424 4720200 7790913 7790969 7790961 910205 910544 7980973 8191002 7790913 7790913 8870880 3700212 8870212 8870880 8871007 8871007 8870422 8870580 9040580 9040043 6660561 9040043 7790857 8870580 8870212 7790580 7790752 8870212 9040870 9040870 9040870 3950960 3700880 9040580 7790913 9710496 7790913 7790741 8190043 7790924 7790969 7790913 8870880 7790752 9041023 7790913 9040872 8870518 8870518 8870043 7790841 730857 2760969 7790913 4040200 730969 520969 7790969 7790969 3230880 8870424 5231023 3930872 8870422 9710580 7790743 9040580 7790969 9040043 730144 730561 8870144 7790752 8870518 730560 8870580 4720363 9040580 9040580 9040580 9040580 9040580 8870580 9040580 9040043 9040580 7790937 3700580 7790580 8870580 7790741 9710864 730561 730857 6660930 6901023 730857 8190973 8190913 730857 730857 4630580 8190519 2760371 730371 5231002 5230519 5230872 910519 5230872 9710371 3950729 3470200 3730984 4630371 4630371 8190043 730205 6660560 730519 5230414 730857 730144 730371 2760961 7790770 7790741 910519 9710969 8870560 9710519 520071 9040969 8550519 9040969 3700741 9710519 9350741 5370930 730857 6660872 730371 230006 5231002 2760924 230414 8871007 8190006 730930 230948 5370687 8190043 5370043 5370741 5370043 9040857 730114 8190519 8190371 730729 730741 230872 730350 520741 8191002 9350160 9350160 5370729 3950930 5370961 730646 910580 7790580 4040200 8870518 3950371 8870282 8870580 3700961 730961 730646 910580 730646 8190960 6900466 731007 230741 2760441 730857 2761002 230422 230872 230560 2760043 2760801 230560 9710422 3470772 730560 2760894 8190772 9710466 3250363 8870924 8870880 2760496 7790518 8870870
8871007 4720969 9041023 910928 8871007 8870741 8871007 9710544 5230646 5230037 230006 230006 730857 3731002 3730924 7791023 5370894 2760964 7790519 730896 3731007 3731023 3730770 4630580 2760857 730754 2760441 9710857 3730767 4631007 1760973 3730241 5370888 2760987 2760071 2760743 6660872 230350 230350 2760350 730741 2760743 5370930 3730646 4630580 5370772 7790371 2760371 2760006 7090973 7790894 7790857 2760930 230920 230006 2760964 7790964 2760580 7790964 2080519 7790770 9710414 5230560 9710870 3700857 9710796 9350880 8870144 9350144 3931023 6660969 730519 730560 730144 2760646 2760928 2760350 8870870 3470743 3470743 9040864 2760144 730144 230920 2760043 7790888 7790964 7790964 7790857 7790741 9710006 5230037 5230037 730144 6660741 730212 5231023 3930519 9710739 7790969 2760924 7790729 7790371 7790857 8870518 8871007 8870741 2760205 730857 230880 3230796 730880 3230880 730212 730964 3700772 9710176 8870422 2760371 300872 2760144 8870144 2760928 6660006 730205 730969 2760969 2760205 8190519 8190930 3730969 3730812 4630371 5370743 2760964 7790519 7790519 5370896 4630743 8190870 4630930 4630930 4630930 250930 4630930 250930 2760043 2760043 8710043 8710752 8710519 230496 230767 8710519 5230422 2760996 730770 2760752 2760770 8870414 2760205 730561 2760422 730880 730880 730422 910519 2760754 2760969 910519 7790752 3950960 2760961 2760770 2760646 2760373 2760752 2760812 2760752 4720772 9710371 6900872 2760741 7790741 4720519 8870741 9710519 8190519 4630741 4630741 4630741 3950043 3950043 8870043 3470857 7790741 8870580 910371 7790841 8870741 910071 8870560 8870580 5370371 2760071 730560 4720544 8870518 8870580 730770 8870812 730770 730741 730937 8871007 8871007 8870580 3700519 730928 7790729 8871007 730741 8871007 730928 730646 8871007 730928 5370993 910071 8870424 3230928 8870741 8871007 8871007 8870043 8870741 8870424 8870741 8870518 8870518 2760961 730519 730652 730652 9350560 6660880 9350741 9350741 3930414 8870741 230496 2760043 2760414 2760930 7790741 730952 730767 3700285 9710809 2760373 2760770 7790870 2760928 3700870 9710496 9350765 2760961 730796 3930880 6660212 730796 730212 2761007 3230880 7790752 4630857 4630857 4630857 4630857 4630913 3930414 3930870 6660880 3230304 3230996 730422 230422 230504 230952 230496 2760043 230920 8710519 9710043 2760969 730071 2760924 2760924 230006 2760043 7790964 2760006 7790580 7790518 7790870 730496 730870 2760770 2760404 7090973 4630930 3950043 2760071 2761007 2760580 730812 2760580 2760580 2760043 230920 730964 2760987 7790888 7790743 7790888 7790888 730560 7790743 3470782 7790741 7790580 8190560 910043 730043 730043 2760371 7790961 7790743 230872 730964 6660350 9710371 2760872 2761002 730350 730870
5231002 8870924 730833 730043 8870741 7790371 730924 7790741 5370833 7790580 7790770 2760043 2760752 230496 2760770 730043 730752 7790770 3950043 731007 730772 730772 730880 730880 730796 730880 9710920 5370833 6660000 6660812 9350071 8190205 8190812 9710739 8190560 3470560 2761007 7790519 2760580 7790964 7790964 7790888 7090973 4630857 7090973 7090973 7090973 2760176 730920 730924 2760743 4720772 4720371 9710857 7090857 4630857 4630913 8870741 4720544 7790752 730752 8870741 3471002 9711002 730741 8870812 8870424 730928 730496 8870741 2760928 730071 8870424 8870580 8870205 7530580 8870518 8870424 730646 9040872 3230969 4720519 8870518 8870282 4720544 4720544 3470200 8870924 4040200 8870580 8871007 7790580 3471002 4720969 7790969 7790913 7790518 7790371 7790519 8870212 8870424 7790913 7790913 9040580 7790913 3950371 9040580 4720544 2760894 2760964 3700964 2760741 300872 9710864 6660800 6660212 6660880 6660212 6660561 730833 730833 730772 730969 230872 230872 2760872 3230527 9710422 3230560 9710371 3730812 2760969 520519 3930364 9710496 730496 230422 730646 2760422 8870043 730969 730652 730888 730770 8710782 730952 3470441 3731010 4630743 5370071 730796 730796 2760580 4720772 8870580 2760772 2080772 7790580 8190896 5370888 5370964 730580 6660580 7790772 7790580 7790888 730071 730961 8710176 4720964 4720961 4720961 730888 730888 9350144 9350422 6660304 730743 730888 730888 730422 730729 730743 3730984 4630857 4630857 730212 730371 9710519 3470285 9350212 9710205 9710809 9710833 3930371 730371 230872 230006 5370772 730560 8711002 2760767 230504 2760504 2760373 2761002 2760960 2760580 2760580 2760580 730580 9710752 2760496 8190504 8190930 5370770 2760752 3731010 3730519 3730741 5370829 8190646 2760872 730496 730519 8190930 3731010 3731010 3731002 8190973 3230205 6660930 730870 6660527 5370993 2761007 7090973 9350646 8870518 8870518 8870518 9040969 4720544 4720544 7790741 7790913 4720969 4040424 7790913 4720544 4720544 3950729 3950924 3950960 9040043
3470205 9040969 3470043 9710006 3470752 4300857 9710920 910560 2760960 4720888 8190071 7090973 7790857 2760741 2760930 230872 230006 230872 7790580 2760580 230560 2760743 7790580 3730519 5370580 4630071 250580 7790857 7790857 9040857 9710646 9710969 3930414 8710969 2760371 6660872 730754 7790205 4720371 8870205 3470872 7790205 3471023 8550580 910519 8870924 6660350 5230350 3470205 7790371 731007 2760580 230422 2760801 230006 2080772 7790857 7790580 8550580 7790857 7790560 7790580 2760752 2760496 7790743 7790841 7790743 7790580 231023 2760580 2760741 8870414 3470580 3470496 9710772 7790743 7790371 230872 7790741 3730006 4630857 4630857 7090973 4630371 4630913 4630913 4630913 4630913 2080770 9710772 3700414 2081023 3470414 8550519 3700519 9710212 9040969 8550519 4720580 7790043 3470580 2760071 730880 2760043 730043 730924 730880 2760741 730560 8870580 4720580 7790580 3470200 230952 730888 730071 2760741 2760414 6660800 6660422 730653 730519 730741 2760176 730006 730743 7790888 3470580 3470205 3470857 2760043 2760071 2760772 2760071 2760043 2760043 2760646 2760496 2760996 730006 9710422 2760741 3470200 730880 8870812 7790371 3470422 7790841 7790961 730969 731023 7790841 7790518 5230466 3230924 5230930 730880 730880 3230212 3230422 2761007 3230560 2760880 4720519 4720519 7790964 9711023 730743 230924 910519 3230996 9040772 9040772 7790913 9040772 9710872 9710872 9710371 1551023 6660872 730561 5370741 2761007 9710872 3230872 4720519 4720519 2760857 730964 4720519 7790913 3470414 2760176 5231023 2080414 7790519 4630930 4630930 1760973 8190969 9710924 3470857 3470995 9710043 7790964 8710519 6660969 3930870 6660969 3700741 9350880 3700212 3700796 8870212 8870741 520071 9040864 8550519 7790913 8190741 730770 2760350 910741 3470414 7790894 7790743 7790969 7790937 7790752 2760772 730743 7790741 7790741 2760754 7790894 7790741 2760896 730212 2760144 2760961 6660800 910200 2760212 6660561 2760880 2760857 9040857 2760580 2760580 2761007 2760580 7790580 2760964 7790857 7090973 9710888 300872 2760741 2760924 730969 3930519 6660371 3930864 6660560 8870364 9710422 3930212 9710071 8710772 9710833 8711002 730896 8710782 730752 730741 7790752 230560 230560 3230422 2761007 730519 2761007 3230646 7790924 8870560 3470772 2080772 4630857 520857 3950043 7790857 9710960 730969 730880 730924 6660924 9711002 2760969 730741 2760924 2080519 7790964 730371 730519 230560 730422 3230996 730880 730580 2761007 2760422 730205 730928 8871007 730519 730754 730812 8870924 7790888 8870580 7790888 8870580 7790913 9040772 7790371 2570580 8190741 3470923 8190504 8190960 8190752 230963 230920 8710987 730770 730752 730496 730071 8710205 8711002 4720857 3730782 3730504 3730767 3731023 4630752 3730984 3730646 4630960 4630071 8190646 2760969 2760969 2760969 3930796 5230923 2760952 9710285 3470414 3470285 8190741 3730560 3731023
8870924 3950371 8871007 8870924 4720544 8870741 8710924 9711023 3730924 4630960 8190770 8190516 730205 730772 730772 730212 7790772 730880 8870772 7790961 8190646 5370043 7790770 230857 230006 230006 230006 2760114 2760942 2760687 2760942 2760930 2760930 2760580 2760930 230963 230767 2760996 230920 2760952 2760071 7790964 7790888 9710770 8710646 9710920 8710646 9040864 8710741 3700741 8870741 730519 730928 230350 2760043 730043 2760772 5370460 730422 730544 7790937 7790937 7790913 4630043 4630928 4630913 3950043 5370741 8710782 3470200 8190741 3730752 3730496 3730646 8190646 3470200 9710414 3700772 6660460 730350 7790969 730809 730006 7790829 2760114 2760857 230350 2760754 2760371 230006 8710414 7790414 4720519 3730519 3730924 3730741 4630960 4630913 4630928 8191023 4630043 4630580 4630928 4630741 3950043 3390580 8870043 3950043 7790913 7790937 7790913 9040043 7790371 4720544 910544 7790913 7790913 8870424 8871007 8871007 8550580 7790741 7790937 3950043 7790913 9710519 7790964 9040857 3470857 4630857 3730504 3730646 4630752 4630857 4630960 4631010 4630928 4630928 4630913 2760857 2761007 230414 2760930 2760770 230952 2760767 2760960 2760043 3730920 4630857 4630857 4630638 4630752 4631010 7090973 8190516 2760741 8710466 4720371 7790371 2760006 9040864 7790857 3471023 9710414 7790743 3390752 4630960 4630928 7090973 4631010 4631010 4631010 4630752 4631010 4631010 4631010 4630913 2760857 3470752 3470987 3950371 8190752 4630857 4630741 4630638 4630743 4630913 4630913 7790913 7790894 7790770 7790841 2570580 3470422 8870924 3950924 3950924 9040864 3950960 7790752 730928 730928 2760652 6660350 8870424 230857 230924 231023 230414 2760043 6660996 730741 2760960 7790969 8710519 230767 230504 2760580 730743 2760743 9710920 9350964 2760371 9710864 2760350 910772 7790772 910772 9710872 231023 2760414 2761002 230414 230741 230414 2760371 2760580 2761007 2760767 2760772 7790144 7790770 7790580 2760580 2760767 2760752 2760772 2760770 3250043 9711002 730363 9711002 9710864 7790743 3470580 3470504 2760496 2760071 2760930 2760741 2760872 2760580 2760071 2760964 2760930 7790741 2760743 2760071 2760754 3470772 3470743 3470200 2080414 3470285 9710646 3470924 3470772 7790743 7790888 9710809 3470414 3470872 7790969 8870414
2760987 7790580 7790743 7790857 2760743 3470743 5370743 730880 6660212 8870422 730857 2760741 2760930 7790144 730857 9040580 2760969 9350114 730205 730754 730754 8870741 730969 730969 3930870 730870 910969 730969 2760767 9040969 520969 910857 520857 9040857 910857 910422 9710422 7790888 7790857 7790857 7790857 7790857 3930857 9350743 9350888 9350144 731023 2760801 8190801 2760896 8870043 7790743 7790913 7790743 7790964 7790913 7790841 730894 730894 3230422 730969 6660996 3700772 730996 3730422 7090973 9040857 7790857 2760652 2760996 230880 8190519 8190560 8190894 8190880 7790857 7790964 4300857 9710285 9710006 9710961 9710212 910924 8710880 910519 2760880 2761002 7790205 2760043 7790888 7790743 3730646 4630857 3731023 5371007 3230880 9350212 2760801 2760896 730894 7790964 3471023 2760504 2760752 2760770 2760496 3470580 7790743 3470772 7790580 5370043 7790870 2760043 7790964 2760071 3470580 3950930 7790857 8190071 3250371 730043 730772 730653 730687 730857 730350 4720519 8871007 7790857 7790857 3470923 9710414 5370770 2760741 731023 730144 730928 730752 730752 730770 730924 2760371 730969 730969 8870144 9350743 3700519 3230796 3700071 300996 3700422 4720544 4720371 9710872 8870580 7790937 8870741 8871007 8870741 8870518 8870741 2760928 730872 730071 8871007 9350212 8870741 8871007 730071 9350580 2760961 730928 730741 730888 730928 730544 730741 730928 730770 730928 730646 730741 8870580 730928 730928 730752 2760961 6660872 9350071 730928 8870424 730928 730928 730200 730880 5370371 3930200 730870 730646 731023 730937 730880 730200 730857 730880 730928 8870282 730888 730580 3930212 8871007 3230796 730743 730857 731007 730200 8870580 730544 730580 8870580 730928 730857 5370993 6660741 730996 731023 730200 730043 730857 730969 730857 730646 8870424 8870580 8870043 9350741 730741 730350 730350 730857 8870518 730924 8870043 8870518 9350913 9350646 9350880 8870043 8870043 8870424 730743 730741 8870741 8871007 8871007 730928 8870580 9350646 7790857 8870741 9350930 8870930 9350460 730544 7790857 8870043 8870043 8870518 8871007 8870580 8870424 8870424 3950371 730857 9350580 9350913 8870424 5370993 8870518 9350043 8190772 2760857 8870043 5370741 5370043 3230857 8871007 3230857 3230928 8871007 8871007 8190043 8870424 8870282 730857 8870833 8870518 8870424 3950043 3731002 8190422 8870424 9350880 3700422 730880 9350212 9350043 730043 730371 8870772 5370743 5370741 730796 7790857 8870043 730212 730646 730857 730857 730560 730772 7790857 730371 730741 4040200 730880 3470422 8870518 730741 730872 730857 9710864 8870424 9350930 7310043 5370930 9350006 5230872 9350006 730857 5370580 7790857 730561 7790752 2760414 730924 730928 9710496 2760924 8870580 730646 8870043 730646 730743 9350996 9350930 9350930 9350646 730928 8190422 730857 8870424 7790969 8870414 730646 8870580 8870560 9350580 8870580 5370741 8870560 730363 730812 730857 5370071 8870580 730924 8870518 8870580 2760580 730363 8870043 8870518 8870930 8870043 9350580 9350880 2760580
8870580 7790857 8190519 9350646 730857 5370924 730924 5370993 730857 730857 9350930 2760930 2760857 730006 5370993 731023 730857 730857 9350930 730930 730857 730857 730880 731023 9350460 8870043 5370888 2760371 2760371 2760857 8191023 2760857 2760364 2760371 9350996 6771010 5370930 9350996 5370924 2760928 5370371 8870364 730364 2760364 5370071 8870424 9350043 5370043 5370266 8870043 5370930 9350043 7980973 9350930 9350930 9350888 9350964 9350924 730930 5370741 730364 2760364 2760043 730857 5370930 8870414 8870930 8870580 5370282 8870364 5370964 9350930 2760930 730857 5370888 5370930 730857 2760930 9350930 8190930 5370930 4990857 730930 731023 5370043 730857 9350043 9350930 9350422 730857 730857 730952 730930 730857 2760930 9350930 5370888 5370772 9350930 7310460 5370200 5370930 9350741 730200 730857 9350580 730857 730857 9350071 9350930 730857 5370930 730857 730364 730969 730969 730857 4990930 9350930 730930 730857 9350930 6770160 5370371 730205 730857 4990043 5370930 730857 730928 730422 730857 730212 5370930 4990930 7980973 5370770 730857 730200 9350930 730857 730857 730741 2760741 730857 6660422 5370741 5370930 6660924 9350930 5370930 730857 730006 9350930 9350580 5370930 730646 9350144 4990928 730144 9350741 9350930 9350414 9350741 9350144 9350930 730857 9350144 9350144 730144 730144 6660880 730144 9350144 9350880 6660212 9350930 9350930 8870422 730857 2760930 9350930 2760857 6661007 730930 730857 730422 9350741 9350930 9350422 5370930 730752 9350930 9350043 5370580 6660930 730422 730857 5370729 730870 9350870 731023 730857 730870 730857 730857 9350930 730371 9350741 730857 730857 730857 6660948 730857 9350043 7980973 9350930 4990930 9350930 5370770 730857 9350580 2760857 9350996 6660930 6660560 730422 730812 9350741 9350996 730560 9350043 9350560 730857 730560 9350930 730930 730043 9350930 730857 730205 9350741 9350205 8190205 730205 730857 730857 5370930 730043 9350422 731023 5371002 730857 8870580 730857 9350880 9350880 730857 730857 730969 7790857 730857 5370371 9350043 5370930 5371002 6660930 5370930 730857 731023 2760857 5370833 730857 730857 730857 9350930 9350580 730857 8870422 730857 730857 730857 2760857 5370043 5370460 730857 5370930 730857 5370460 730870 730857 8870422 730857 730857 730857 730857 730857 9350043 730857 5370371 730857 9350212 8191002 730857 5370043 730857 7790857 730857 2760857 7790752 9350460 730496 3950043 730857 5370743 5370772 9350043 4990043 8870930 5370930 730857 730200 730857 730930 5370924 730857 730767 5370371 730857 5370043 5370043 5370741 730857 9350741 730930 730857 730857 9350930 9350872 731023 730857 5370043 730741 730857 730857 5370743 730200 5370833 5370743 5370371 730741 730857 5370741 730930 9350924 730930 730930 730857 730857 730857 730857 730071 730857 730857 5370043 5370930 730071 9350043 5370043 730857 5370071 730857 730833 9350930 730857 2760857 730857 730857 730857 9350043 730833 730205 4990857 5370930 730043 7790857 8870580 5370772 9350872 9350930 730857 731023 5370043 730200 5370580 8870580 730857 730857 9350930 5370833 9350930 8870930 730857 730857 8870870 5370043 9350930 2760043 730043 730857 730857 730857 730857 730043 2760857 730857 8870772 8870772 8870424 8870772 730930 730930 730200 9350743 4990928 730857 5370741 730544 5370043 730646 730857 5370833 8190772 730857 730857 8871002 730857 730857 8870043 5370993 8870580 730937 2760928 730857 5370043 730857 5370930 730544 730646 8870580 730729 5370043 730857 8190043 9350930 2760857 8870580 730857 2760969 8870424 8870043 731023 731023 8870043 8870930 730857 5370043 730857 730857 8870424 9350160 5370043 730857 5370460 730043 731023 9350930 730043 5370460 7790969 9350043 5370043 730857 5370833 730772 5370772 730754 730519 730857 730741 730857 730646 8870772 8870772 8870518 730752 5370071 730857 8190930
730928 730888 8870422 8870580 7790969 8870924 8870422 7790961 730880 8870422 4720741 8870924 8870043 5370993 5370043 8870424 730560 7790741 8870518 7790741 910752 910544 8870580 730924 8870424 8870772 730544 7790924 8870580 730888 730752 8871007 4040200 730363 730212 730646 8870043 8870043 8870043 8870043 3950371 730964 8870741 910928 730646 3950729 8870518 8870424 8871002 8870424 2570580 3950729 8870580 7790913 4720544 4040200 9710809 9711002 8190741 730969 8870424 8870741 730880 730872 730928 3930200 730928 730960 910928 2760961 730212 8711002 8870422 3230422 910519 730857 9350422 731023 730857 4990928 730888 2760043 730752 730071 730071 730857 730646 730561 730880 8870424 730796 730928 730371 8870580 730928 730960 730741 730928 730928 5370752 730928 8870424 9350043 730857 8870772 730857 730857 9350646 8870043 8870924 8870043 730796 9350460 9350460 6660741 730371 8871007 730741 8870580 8870580 730924 730809 8870424 730560 730770 730928 8870580 730544 8870424 2760880 8870043 4720363 8870580 8870424 8870580 8870518 7790937 7790518 910043 730560 8870043 7790741 8870043 7790937 7790961 2760969 730646 8870424 9350924 9350870 8871007 8871007 8871007 4990043 4720888 910371 730969 730928 9350924 730924 4720969 8870414 8871007 4720544 4720544 9710544 4720888 7790969 8870043 730496 3950960 910544 7790741 2760960 7790913 4720544 8870924 8870924 8870741 7790841 8870043 730767 3470752 730646 3470580 8870580 3470580 8870518 8870518 8870043 7790729 8870580 7790580 8870580 8870580 7790913 3950371 7790913 4720969 4720857 4720857 4720888 3950371 4720857 7790913 3471007 3470894 4720371 7790969 4720888 4720961 7790961 2760741 3950371 7790518 7790371 3471002 9710527 3230212 730114 6660006 730646 4990928 730205 730652 9350043 730043 3230796 730796 730880 6660880 730422 730200 4990043 4990043 4990043 730928 730928 730200 9350043 5370930 730857 9350646 731023 730857 9350752 730200 6661007 7310993 9350580 6660580 9350580 730200 730857 730646 9350580 3230996 730857 730544 9350580 730544 5370888 9350888 730363 731007 730071 3230857 730857 5370770 6660948 6660948 730870 730857 9350930 730857 730928 730228 730200 730646 730212 730857 9350752 8871007 730857 730857 730857 8190752 730857 7980973 730646 9350913 730857 730857 730857 730857 730928 730857 730928 9350930 9350930 9350043 5370371 8870580 9350422 730928 9350646 9350913 730857 730928 730928 8870580 9350580 730646 730924 2760043 9350729 5370930 8870930 731023
8870580 7790580 730580 3470205 7790580 8870812 2080580 3471023 2760043 2760043 230924 730422 8870043 3470923 2080043 2760043 7790924 9710043 9710043 7790371 7790841 3470006 3470772 4630752 7090973 8190741 3470580 730857 6660422 730422 730561 9710527 9710422 730996 9710796 9710212 3470923 7790752 9710414 3471023 7790770 4720964 3471007 7790743 3950371 7790043 7790964 520371 520741 7090973 520969 520969 3930924 520741 3470872 9710969 520071 9040969 9710496 9710752 8710969 9040969 3470580 7790580 7790743 7790580 8550580 9040580 8550580 9041007 3470872 7790043 3470043 3470743 9040969 7790969 910924 910924 9040969 910924 3950960 4630638 3730872 4630638 4630638 3730043 4630930 1760973 3730460 3730268 3730460 4630930 5370801 5370460 7790857 7790857 7790857 8190043 3470782 7790857 9710920 9710920 9710920 9710575 9710864 9710995 9710205 9710864 5230205 3470560 9710205 3470205 3470560 9710006 4630200 4630930 3730460 4630960 730896 8710466 9710462 4630371 3730888 3730920 3730357 4630004 7090973 7090973 7090973 7090973 3390743 7790043 7790580 7790580 7790841 7790741 7790857 7790857 7790580 7790894 9710462 3470285 3470872 3470924 910969 3730071 3730920 3730888 1760973 8190920 4630752 3390743 7090973 3731023 7980973 3731002 4630638 8190888 8550857 3390580 3230880 6660561 300996 6660422 8710422 9710880 9710422 7790752 9710857 4720888 8710743 5230350 9710006 8710350 3470205 3230880 8870580 3700212 9350646 9350880 9040857 3700880 9710872 9040872 3470995 7790580 9710996 8870043 9710527 9710996
9710575 9710205 3700924 3700796 3700996 9710212 9710891 3470752 8710646 7790741 2760176 9710422 9710422 8190560 8190560 9710205 3700422 3700996 9350924 9710371 5231023 8190414 9040857 9040857 3950560 9710924 5230560 9710812 3470923 9710770 8710176 3700880 3700071 3700796 3700880 3470872 3470560 3470872 3930212 4020000 3930996 9710880 520371 9040969 3470894 9710996 9710422 7790894 9040043 9040969 9040969 9710969 8710422 2080770 9710770 3470894 3470872 8710422 9710422 9710812 3470894 8710888 3470870 3470560 7790770 7790770 3470496 3470504 7790770 7790857 7790752 7790961 7790752 9710812 2080743 3470743 2080743 2080743 9710176 3470422 8710880 3470200 3700964 9710743 9710646 9710812 3470422 5230422 9710888 3470560 730043 7790518 7790913 2080043 7790560 9710743 2080743 3470743
3700739 3700414 3700414 3700880 3470422 9041023 9040857 9041023 9041023 3390752 3390752 3950960 3471023 3700560 9040857 4630913 4630928 4630928 3730812 4630928 4630752 3470857 3470857 9710414 9711023 9041023 9040580 730809 730964 8190646 8190071 300872 9710350 5230969 3930212 3930212 3700796 3700796 3700043 9710864 3700739 300996 3700422 3470924 6660996 9350414 8870741 9040857 9350752 3470772 9711023 3470043 9711023 7790894 3470205 3470205 3470560 9710205 3700205 8190006 8870560 3470894 3470504 9710575 3700205 8710772 3730812 8190560 3730560 4630752 4630071 4630928 7090973 4630928 8190043 8190880 9040043 7790913 7790894 3700743 2570580 4630004 7090973 7090973 7090973 4630004 7090973 9710006 9710371 9710371 300872 3700880 4040200 4040424 3470923 3950960 4630741 4630857 4630043 3390580 9710422 9710422 5230560 9710212 9710924 4720857 4720857 3700880 3930880 910560 9710006 9710200 9710371 8710560 3700519 9710864 3470205 3470560 3470560 3950560 7790857 9041023 4300857 9710960 9710960 9710996 3700996 3470422 9040857 3470857 9710796 9710880 3470924 4020000 300422 3700741 3700796 9040969 3730928 6660741 9710739 2760560 9710575 9710575 3700205 3470743 8190071 8190205 9710857 300996 8710350 3700743 9710205 9710857 3700205 3700560 9710575 3470743 3470205 9710857 3950560 9710920 8710422 9710071 9710743 9710071 9710770 9710964 9710920 9710006 9710350 3700739 3700422 300996 9710519 8711023 9710743 8190160 8190205 9040857 3700519 9710872 8870560 3700864 3700880 9710796 3700996 3700205 3700519 3700205 3700422 3700205 8870144 3700205 3700422 3700422 3700796
3730872 4630371 9710857 9040969 9710995 7090973 4630638 3730984 3731010 4630638 4630928 9350880 3700212 9040857 9710880 9710580 9710580 3470857 3470857 8190812 9040043 3470422 9710739 8190888 8710924 3700752 3700752 3730752 910857 9710812 8710924 9710646 3700560 9710960 3700964 9710924 5230646 3470422 3700739 910937 9710767 910752 910544 4720363 8870772 7790961 8870043 3470772 8190516 3730743 5370043 5230560 3700741 9710857 8710560 9040864 9710212 9710872 8710560 9710812 9710812 3930880 3930422 3700880 9710924 9710371 3930743 8710872 8190770 4630071 8190752 4630371 4630580 4630960 4630580 3950043 3390580 4040424 4040424 4040200 4040200 9350580 3230422 9350996 9710920 3700580 9710987 3470743 9710864 5231023 9350880 3730560 3730812 3730580 3730560 9710205 3470857 8190371 3470743 8710176 9350743 6660006 6660880 9350888 9350964 9350580 9710580 9350071 3700580 9710422 9710996 9040580 300422 8550580 7790857 7790857 9040772 8190872 7790752 3230857 4630930 3731002 5370371 5231023 3731023 3730422 4630857 3730741 3730812 4630043 4630930 8190043 8190414 2760071 9710772 9040864 8870580 5370924 4720371 8190872 4720857 7090973 4630580 8870741 4040424 4630928 4631007 9040961 3700743 9040961 9040857 3470743 9710212 8870205 8711023 8190071 3730422 7311010 7311010 3731002 3730004 3731002 8190812 3470857 8190767 3730741 3730767 3730961 8710857 8190952 8710857 8190772 8710414 3470560 9710864 3700414 8710770 9710071 9350422 3700857 5230857 9350872 8190960 8710772 9710006 9710371 9710496 3730960 3730984 3730580 3730580 3730646 4630200 4630580 3730969 4630580 3950960 9040857 3470200 910580 3470857 7790913 3390743 9710920 3470995 2080770 9040043 520743 8870924 3950729 9040857 3700205 3700880 7790770 9710371 3730560 3730560 9350752 3470200 9710743 3470782 9040857 5230519 9710995 9710812 3730071 9711023 9350071 3471023 8190043 8190422 8190043 7790888 7790743 4720964 3470422 5230560 9710422 3700864 3700864 9710212 3700770 3700741 9710743 3700770 9710743 9710880 8190812 8190741 9710422 5981023 7790687 9710888 9710575 3700519 9710422 3700880 3930796 3700964 3700212 9710888 3700414 730743 730743 2760006 2760560 8870560 8870560 8870880 8870212 7790857 7790857 7790652 7790937 3730993 4630857 3730422 3731002 3731002 3731002 4630638 9350414
6660304 8870560 7790687 7790687 3470205 731023 910043 730924 730006 910729 910729 910200 910205 910580 4720969 4720969 5370687 5370371 9350006 2760006 9710006 8190872 7090973 3470006 520857 5230646 3700414 9710741 2760652 3470422 250071 9040870 9040870 3931002 730969 3700043 730928 3930422 3930772 3930880 3470772 230560 2760770 230422 9710519 9710462 2760924 2760809 730880 730920 2760928 230560 2760371 2760043 2760857 9350422 7790857 8190772 4630928 7090973 8190812 2760857 8190952 2760767 2760767 2760857 2760752 230496 2760770 2760770 2760952 8190767 2760752 7790857 2760770 2760772 2760857 2760952 8190770 2760767 4630930 3730772 3730960 3930371 6660371 730371 8870741 3931023 3930796 7790964 7790857 7790888 7790888 9350870 6660924 730928 9350924 730205 8870833 8870772 4631010 4630857 730857 730519 3931023 520519 8550519 7790913 7790924 7790043 730741 730752 730928 520519 5370930 7791023 5370930 5370833 7791023 5370043 5371002 730969 8870560 2760969 730969 910200 730969 5370961 910200 730646 731023 7790969 8870043 8870043 4040200 910772 5371010 5370961 5370961 5370801 2760754 7790961 7790961 7790961 7790772 7790772 910729 3930422 3930772 9710422 3230880 730796 730796 3230880 3730004 3730004 3730767 8190422 8190913 9350560 3700739 3930422 8870870 3930870 730741 8870414 3700414 8870833 9350741 730496 2760930 730930 731023 7790857 730496 730646 8870870 9350212 6660560 9710422 3700422 730752 8870364 9350996 4630913
3470743 9710071 9710176 8190414 3730924 3730357 7090857 7090973 7090857 7090973 7090973 8190741 3470414 3470857 8190952 3730004 7090857 8190422 300996 9710739 3730422 7090973 8190560 8190888 3471023 9040857 8710646 8710782 3230560 9710729 3471007 910071 9710872 8710646 3470857 3470857 3470006 9040857 3470857 910857 8190371 9710796 3230796 8870282 8870282 3230857 8870282 8711007 3700796 3470422 3470857 9710414 8710770 9710952 300996 9710006 9710743 3470496 7790205 8190741 8190560 9710739 2760770 7790857 8190952 8190646 8190969 9710646 3700964 9040969 7090973 7090973 3950043 7790043 7791023 7790857 7790937 730857 5230872 9710285 8710752 9710891 9710071 3470743 2760920 2760857 8710767 9710987 3730004 3730004 7090973 1760973 7090857 7090973 9710857 8710857 9710857 3470857 8190809 9710857 3731010 7090973 8191010 8711023 3470872 9710519 9710812 3730560 7790857 8190519 8191023 250930 3950043 3950043 8190646 3390580 3390752 7790371 2080743 9710920 8550580 8710176 3470924 9710960 3470894 3470743 3470743 3470872 9710888 9710285 3470200 8190741 4630071 8190809 8190071 3470743 9710176 3471023 2760809 2760964 9710043 9710646 9710770 9710872 9710872 5230560 9040857 9040857 910371 3470205 9710888 910422 8190812 9040857 3950560 4630371 8190872 5230872 9710371 3470894 3470414 3950560 9710809 7790888 2760350 2760809 3470580 2760964 2080743 3930519 3930519 520371 3700205 9710519 3700205 3470205 7790770 7790964 8870741 9710422 9040857 3470580 8710176 3470580 3470580 4630743 7790913 2760857 2760964 2760043 7790969 9710006 7790770 3470995 3470772 3470782 7790580 2760894
7090973 3731010 8190812 7090973 8190812 7090973 4300857 3390960 9710888 9710527 3731010 3730004 3730004 7090973 7090973 8191010 8190043 9040857 3470857 8190006 9041007 3470857 3471023 9710960 9710414 3700770 9710212 4630857 7090857 7090973 4630638 7090857 7090857 7090857 7090973 7090973 9710880 9710371 3730004 1600973 3730004 3730004 7090973 1600973 3731010 3730004 8191010 7090973 7090973 8550857 7090973 9710580 9710527 3470422 3470857 3730004 3731010 3731010 3730004 4631010 7090973 7090857 7090973 7090973 7090973 8190006 3470560 8191010 7090973 7090973 9710872 7090973 7090973 8191010 3470894 9710960 9710888 8190560 3730357 7090973 3950560 9710739 8710880 3470200 8190006 3470782 2760857 3730004 7090973 7090973 9710857 3230880 3230527 4720969 3470857 4630071 4630913 4630930 7090973 8710857 2080414 3470924 3470006 8190006 4631010 1600973 3730004 7090973 7090973 7090973 7090973 7090973 7090973 8190880 910857 9040857 9040961 731007 3230646 4720200 9711007 9710496 8550519 8550580 3700857 3930422 8710880 3700964 9040857 3470894 3470752 9710071 8710414 3700560 5230350 3470560 3470006 9710864 3930961 7090973 3731002 5230350 9710350 9710646 3470285 7790770 2760741 3700796 9710085 3230857 3470752 3470857 3250560 9040857 1600973 3470414 9711023 9041023 9040857 2080770 8190043 3470857 3470580 3470504 7790857 7790857 7790857 7790857 7790857 8710743 3930924 3930857 9350880 3731010 3730638 3730984 3730812 8190964 3731010 1600973 8191010 2080857 3730006 3730924 3731010 3730004 3730004 3730004 7090973 8191010 5231023 7090857 4630741 3730004 7090973 7090973 7090973 3950960 3930770 520071 8710857 9040857 9040857 9710752 8710767 2080770 3470752 7090857 3730496 7090857 4631010 7090973 9710864 9710350 3470857 5230414 9040857 3730872 3731010 7090973 7090857 3390743 8190646 8550857 3730646 8190964 9710462 9710212 9710646 9710964 2080743 8190043 5231023 8870212 9710422 3470205 8190687 8190770 9040857 3730496 4630752 7090857 3730004 4631010
3700964 3700071 7790560 3950560 3470894 9710872 3470894 3470205 9350043 8870424 9710200 7790371 7790743 9711023 9040043 7790964 9040043 7790743 3470414 9040969 3470200 3471023 7790743 8190071 3471023 3470285 3470414 9040969 9710544 7790894 3470285 5230872 3470414 9710741 9710741 3470414 9710285 3470414 5231023 9710285 9710809 3470200 2760872 9710964 8710924 9710544 9710743 9710924 9710646 3470504 9710741 9710741 9710414 9710752 9710414 8710285 3470414 9710496 9710924 3470414 9710371 5230646 3470414 9710741 9710646 3470923 8710646 9710285 3470414 9710960 9710743 730969 730960 9710006 3470043 9710544 3700741 3470200 7790770 9710920 8870414 3470200 2760920 3471023 9710770 3470752 3470752 7790516 8190560 7790857 9711023 3470200 7790888 7790857 8190960 8190752 7790770 7790371 7790371 7790964 7790770 3470200 3470373 9040043 3470414 9710646 9710809 520743 7790913 7790829 9040043 8190371 3470200 2760809 9710285 3470414 9710646 8870414 9710891 7790924 8190741 8190960 8190809 1030993 5370930 5370930 2760857 3470200 7790888 3950924 5370930 9350930 5370071 8190371 8190071 8190371 2760371 3950371 8870924 3470200 8870043 7790857 8870924 7790729 3470043 2760414 2760809 2760924 9711023 8190519 2760857 8190770 9350741 8190741 8710930 7310741 2760857 8190767 8711023 8711023 8870924 3470200 7790752 3470414 8190888 9710043 8710741 9710924 3470414 3471023 9710872 3470924 3470894 3470923 9710741 3470924 3470414 9710960 3470924 2760741 3470200 2760770 3470200 7790894 3470987 9710285 3470987 8711023 9710741 9710960 3470924 3470414 8190741 3950043 9710285 3470200 3470894 5230350 3470924 8710414 8710924 3470414 3470414 9710350 9710496 3470414 3470987 8710741 9710741 9710741 9710960 9710741
9710920 1600973 1600973 8190930 3731010 3730004 3731010 7090857 7090973 7090973 7090973 7090973 7090973 7090973 3950560 5230872 3470743 3470857 3700422 9710462 9710350 9710872 9710462 9710880 9710796 3230304 9710205 9350414 3700422 9710996 2080414 4630857 3730646 4630857 4630930 3730004 8190930 8190870 8190913 9040857 9040870 2760414 230924 8710205 3470743 3700205 9710071 3730888 3730888 3730004 3730004 3730004 8190071 7090973 7090973 8190913 8190496 8190888 4300857 8190646 9710969 3930646 3930212 3930741 9710872 9710371 9710371 9710741 3470995 9040857 5230350 9760200 5230350 9710422 9710739 9710371 9710071 8710560 8711023 8710864 3470782 9710071 3470414 9710071 8190496 9710071 9710071 8550519 8190930 3470857 7790857 8190952 3470857 3470043 9710422 230560 2760743 230920 9710920 3470205 3471023 9710575 3470560 3730004 9040857 3470857 7790857 9710414 8710741 9710888 9710212 9710350 3470205 9710924 9710527 3470752 9710575 730888 8190422 8190880 9040043 3470200 9710646 8710767 7790371 2760770 8710924 2760812 3470752 9710880 8710770 2080770 9710212 3470752 3470422 9710770 3470752 3700888 3700888 3470743 3730560 7090857 8190888 9040857 8190964 730560 730006 9710422 4040424 910928 3930880 3700770 5230350 9710371 8710872 9710414 9710741 3700414 3700752 3700205 9710812 3470857 8190560 9710857 7090973 8190812 7090973 8190560 8190969 3950870 8550580 9710071 5230857 9710205 9710212 9040857 2080857 2080519 8190006 7090857 3730560 5230857 9710923 9710414 8710857 7790857 5230560 7790857 8190371 3470285 8190687 9710857 9710857 9710812 9710812
2760043 7791023 4630752 3390752 8190496 3390960 8190504 2760043 730519 2760809 2760741 7790414 2760960 7790770 7790205 9710519 9710772 3470422 9710880 910071 9040961 9040961 9040961 9040969 9040969 9040969 9040969 9040969 7790969 9040969 7790519 730350 730043 9710527 5230043 9710422 3470504 7790741 2080043 9040043 7790741 8870580 7790964 8190071 9710466 3230422 730580 230350 3470995 3470924 9350006 3730872 3730560 3730043 3730043 8190930 8190160 8190071 8710930 7790741 730772 730833 730729 2760987 2760964 7790752 8711023 8190812 8190371 8711023 8711023 7790743 9710071 2760176 2760964 2760754 7790870 2760987 7790770 7790857 8710504 7790652 730350 8190741 3730004 7090973 9350580 730930 3470743 3950043 730924 6660043 2760948 6660422 730772 2760942 5231023 2760652 3470870 730809 9710006 9710741 4630857 3730404 3730363 3730460 5230930 7790580 9711023 7790961 730496 730560 3930422 730646 3930996 8711002 730414 8190741 4630638 7090973 8190930 8190930 7790857 2760857 7790964 7790964 7790888 4630772 3730772 4630930 4630638 4630638 3950930 7790857 7790043 7790043 7790043 7790043 7790043 7790913 5230422 5230043 5230560 3470043 7790752 9710006 730560 4720741 3470580 9710176 730580 6660996 730960 9710414 8870043 9040580 9710043 3730006 3730560 3730560 3730043 8190160 8190646 8190942 7790687 8550519 7790687 8550519 8710205 9710205 8870812 3930212 910422 8870043 9710995 3230422 300872 9710006 730646 3250043 7790752 7790743 3470200 9710043 7790857 7790770 3470872 7790857 7790888 2760071 3470987 8190414 8710519 2080519 2760897 2760896 3470772 7790888 3470200 7790857 2760894 7790894 7790741 3470872 4720580 730880 8870422 8870880 9040580 7530580 8870043 3470200 9710043 9040043 7790371 4630580 9710864 5231023 9710812 3930205 2760987 730888 7790888 8710422 7790888 2760043 2760043 8870741 3471002 5231023 910371 4720741 3470205 3390960 5230350 9350743 3700739 5230350 3470006 9040857 5370460 2760043 2760043 230767 2760496 2761023 2760770 2760770 8190770 2760043 2760952 9710043 7790687 2760752 7790580 3470043 2760770 7790752 3470872 7790743 3471023 4300857 3390743 7790913 7790913 7790913 7790743 7790772 3470043 2760043 7790743 7790894 7790888 7790743 7790743 9710043 2760872 9710462 3930205 9350071
3700212 300996 3700880 9350872 9710205 9710739 9040864 5230350 8190006 3950560 3950560 6901023 7310560 9040857 9710580 730964 730796 2760894 5370894 3470580 8190646 2760857 5370043 2760422 2760896 2761023 3730422 4630772 9040969 910371 910928 3930857 3930371 3930864 3230880 730924 3930212 520743 910928 8870924 3930646 9710205 730371 730414 3930770 3230414 730767 6660800 8711002 730928 3930212 3230414 730770 3230796 730205 9350924 3930386 3230796 730928 730969 3230371 3230043 9040969 910928 730071 2760350 3700043 9350205 3730422 3730741 3730928 3730004 3730969 3731002 8190741 2760987 231023 3730964 8190043 3730004 5370894 730519 2760071 230496 230952 9311023 730857 3930212 3930872 9350160 9350924 3700422 7790969 730969 6660812 730560 6660212 6660561 2760924 730857 3731002 3730872 3730872 3731007 4631007 8190646 8190687 8190964 910043 9711002 5230646 9040969 9710961 9040864 9040857 8711023 8190920 4630960 4630857 4630857 8190969 730964 730969 3470772 7790516 6900872 230880 230767 2760857 8601023 8710872 2760770 2760857 8601023 7790894 7790894 9710200 5230350 5230646 910071 910205 9710371 2760872 2760560 8190043 2760896 7790870 2760743 7790752 2760752 3470743 2760071 2760071 7790964 3930212 9710880 3700864 231023 230414 230857 730561 9710796 2080043 2760043 7790752 730371 3930371 730371 3930770 910043 3700205 520371 3930560 9710924 9710212 3930924 3700422 3470924 3700924 520371 9040872 230948 730043 9710987 3470580 8190969 4040200 7790969 9710857 2080743 9350743 9350006 3470872 8190560 9711002 3230969 9710930 3930812 9710496 8710646 9710741 9710414 9711023 5370741 9350304 2760770 2760857 2080580 3470743 3470200 4630928 4630928 910371 3930743 520743 9350743 4720200 730653 4720969
4040200 7790969 4040200 9040969 3470772 7790857 520857 9040969 3700888 3700888 3390752 8190772 3390580 3390580 3390580 3950772 7790857 4630580 3390580 7790857 7790857 9710969 9040969 9040969 7790969 3950729 7790560 7790913 7790371 7790829 7790518 7790043 3950560 7790770 7790752 7790043 7790043 7790043 7790043 7790969 8870043 8710043 3700422 3470205 9040872 3700996 9710422 8550857 4720371 3230872 3700864 3930422 8870924
4040200 7790857 7790560 4720544 7790913 4720888 3471002 9041023 520519 7790857 7790743 7790743 3470782 3470782 4720964 4720888 7790857 7790043 7790969 4720888 3471002 7790743 7790743 5370833 7790969 7790969 7790969 7790969 7790969 7790969 7790652 7790888 8190969 7790857 8190043 8190964 3950930 8870518 9040969 7790913 7790961 7790969 910772 910772 4040424 7790913 7790913 7790894 7790913 1760973 1030638 8190930 8190519 9350880 8190872 3930796 520371 3950371 7790371 4720544 3470772 910560 8870560 7790580 7790580 2570580 7790913 7790969 7790770 7790937 8870043 7790969 4040424 4040424 4040424 9040969 7790969 7790741 7790969 7790857 7790752 3950960 7790913 4630752 8190496 8190504 4040424 4040200 3471023 7790913 7790770 7790961 7790961 7790961 7790961 7790770 7790752 7790969 7790969 7790961 7790913 7790752 4040424 7790770 8870518 7790964 3950960 8870424 5370964 5370894 9350752 2760857 2760857 7790857 5370743 5371010 8190973 3950960 7790857 7790969 3471023 7790770 7790770 7790770 7790741 3950960 910772 9040961 7790752 7790913 7790961 7790961 7790961 7790961 7790961 7790961 7790961 7790043 7790043 7790043 7790913 7790043 5370043 8870043 8870043 910772 910772 910772 9040961 7790969 7790752 7790752 7790913 7790913 7790560 4040424 7790969 8550519 7790888 7790743 3471023 8190071 8190496 3950729 520857 520071 3950729 7790729 7790729 3950371 8190913 8190772 8190960 7790964 7790043 7790894 7790857 7790857 7790770 7790752 3471002 7790894 7790964 7790913 7790580 7790741 7790969 7790894 7790894 4720544 7790518 2760006 7790969 3950560 7790741 7790518 7790371 3470043 7790770 4040424 4040424 9040580 7790964 4040200 4040424 4040424 7790857 3950043 8191023 3950772 8190969 7790857 7790857 8870043 730754 5370741 2760371 230504 730422 8870580 7790752 730812 7790752 7790857 8190371 7790857 7790857 3471002 7790857 910741 7790770 7790752 3950960 7790913 3950960 8191002 9350646 8190043 8190560 8190422 8190071 3470200 7790518 7790729 7790743 7790964 8190964 5371010 3730646 7980973 5370870 8190870 9350930 8190870 5370743 5370894 8870422 8870880 910544 7790743 7790913 8870518 8191023 9350580 3470200 5370043 8190043 9350043 8190930 8190043 5370888 5370964 5370743 2760857 7790913 8870772 8870772 2760964 7790888 2760770 2760857 2760952 730767 3470043 7790752 2760960 7790913 8190964 5370770 730767 8870870 2760969 2760441 9350460 8190043 8190519 2760857 4630960 5370770 5370770 3731002 9350743 5370752 8190496 2760920 5370964 5370964 5370888 2760961 730857 8870580 3470200 7790580 7790580 7790870 5230969 5231002 5231023 6660006 3230371 3230872
5370924 2760006 7791023 5370371 5370071 5370888 9710987 3470987 8190964 8710646 8190888 3471007 730350 8870741 8870924 3230371 9710580 9040864 7790913 730752 7790913 7790043 7790043 7790894 7790772 5370580 910580 3230371 4720741 7790743 2760371 2760043 3470043 3470043 7790743 7790043 7790888 7790888 7790888 7790969 730371 730969 2760969 2760071 7790741 8190519 5370043 2760043 2760942 7790743 730920 3230422 730880 730996 730948 730043 8870772 730043 7790580 230920 730772 8710466 730952 910772 7790961 7790516 3470987 3470373 7790743 3950924 3950960 9711023 3950960 7790743 3950371 3470752 7790913 7790770 3950924 7790371 7790741 9040864 2570580 8550580 9040872 520857 730809 5230037 3930414 6660969 730741 910928 910544 520969 9040969 7790371 4040424 4040424 5370741 3730743 4630282 5370772 5370043 7790743 9710043 8710772 730772 7790913 3470504 7790857 9040772 730969 730888 730961 910071 8870422 9711002 730809 7790371 8190770 8190913 910371 730809 9710741 5230969 910071 910729 8870205 730961 910560 730770 910519 9710519 3930741 2760872 730371 7790371 7790752 5370371 7790969 7790743 2760496 2760071 7790743 9710782 7790580 3950960 7790518 5230969 3930741 9710969 7790414 910071 7790969 7790964 730952 2761007 4720888 9710285 3470200 9710864 910924 9710960 8190870 910519 910364 910364 910364 3230924 4720519 2760928 9710422 3470504 3470373 3470043 4040424 910544 9710923 910043 3470987 3470872 9710969 520857 1760973 7790857 7790741 8870772 8710772 8870741 3930414 3700285 8710924 520741 2760772 730969 7790371 8710560 7790969 250930 4750870 4750870 730043 8870205 6660212
4720544 4720544 4720544 4720580 4720772 4720841 8550857 4040200 910580 910580 8870580 910928 910729 910580 910969 910928 9040857 8870772 8870772 730754 730200 8871002 7790969 7790969 250519 2760928 8550519 4750870 4750870 9040969 730969 8871002 730772 8870424 7790857 8550519 730969 2760872 9350872 2760741 2760857 2760857 3950371 8190872 8190872 9710739 8190006 2760560 2760857 2760006 8190812 9040870 4720580 730228 730772 3700580 7790964 7090973 2760880 9040870 8550519 3471023 9710371 7791023 7790519 2760924 9040969 7790371 7790969 910937 730646 730212 730561 4720580 8870422 4720580 910729 910928 3930961 910200 910544 4040200 730646 731007 730870 730646 3470772 7790888 8870741 910544 4720969 5370993 5370043 730870 7790913 8550519 9040857 8870212 730519 4990043 730422 730544 5371002 730961 730646 910580 4720544 730857 7790924 7790752 7790888 3470772 9040857 9040772 3390752 730228 4720969 4720200 730687 4720544 4720544 4720544 4720888 4720741 730212 230872 7790743 5370743 730743 730961 730743 730560 730212 3700422 3470205 9040772 2760772 2760772 2760772 2760920 2760364 2760176 2760924 2760741 2760043 730043 2760924 2760422 2760812 2760205 7790371 7790560 3470422 2760741 7790205 2760043 2760071 2760043 2760414 2760527 7790772 7790913 7790580 730770 3730241 8190973 4630743 4630371 8871007 730646 7790371 7790752 2760043 2760770 7790741 7790371 7090973 7090973 3731010 7090973 4630913 2760364 2760770 230496 2760770 3470743 910371 730969 730812 3470772 8870812 7790371 7790964 2760504 2760767 2760743 2760580 7790205 7790743 7790913 4720371 730772 730371 230872 2760043 2760580 2760043 9710006 7790560 7790580 7790580 7790937 730969 730560 731007 730767 730880 730561 730880 730006 5231002 9350924 3700743 5230560 8710880 9710006 3470872 9040857 7790857 7790857 3950371 7790371 3230872 8870043 730212 730772 910772 730772 6660304 910772 4040200 3470200 7090973 3470200 3470414 3950560 2760560 3700519 3470422 9710519 3470200 2760743 730519 2760924 2760071 3730920 3730888 4630004
7791023 7090973 7790857 8190519 5370687 5370888 7790857 3470200 7790743 7790913 7791023 7790857 7790857 7791023 7790857 7790857 7790857 7791023 7790857 7790857 7790857 7790857 7790857 3950043 7790857 7790857 3950043 7790857 7791023 7790857 7790857 7790857 7790857 3950043 7790857 7790857 7790857 250930 7790857 7790857 3950772 7790857 7790857 3950772 4630043 3950043 7791023 7790857 7790857 7790857 7791023 7790857 250930 7790857 7791023 7790857 7791023 7790857 7790857 7790857 7790857 7790857 7790857 7790857 7790857 7790857 7790857 2760071 7790857 7790857 7790857 7790857 7790857 7790857 7791023 7790857 7791023 7791023 7790857 7790857 7790857 3950870 7790857 7790857 7790857 7790857 7790857 7790857 7790857 3950043 7790857 250200 250519 250519 7790857 4630043 7790857 7790857 7790652 250930 7790205 3950930 7790652 7790652 7790652 3950870 250930 7790857 7790857 250930 7790857 7790857 7790518 7790857 3950772 7791023 7790652 7790913 7790857 7790857 7790652 7790652 250930 250519 7790913 5370741 8190519 7790043 2760801 5370888 9350144 9350894 730857 7790964 730580 730770 730754 4720857 4720857 2760857 5370801 5370752 5370801 2760857 5370772 7790857 5370460 7790772 7790857 2760043 2760422 7790772 7790913 7790913 7790913 7790913 7790913 2760801 231023 5370964 3471023 7790772
8191023 5370043 7790857 3390580 7790857 3930880 8870812 730928 8870282 3930646 9040961 9040961 7790857 3950043 7790913 9710527 5230560 3700205 9710006 9040872 7790519 9710519 9350924 520371 3700205 3470872 3700205 3470205 3700796 3700739 3700741 520371 520371 9040969 4040424 8190043 3950043 7790894 2081023 7790894 7790888 7790894 7790969 3470200 7790743 5981023 9710371 9710371 8190043 3950371 8870560 8870205 3470043 7790371 4720371 4720371 3950371 3950371 7790857 7790857 7790743 2760043 2760924 2760043 7790913 7790752 9040043 7790913 7790857 7790743 7790743 2760930 5370043 2760043 2760580 5370580 730996 2760043 7790924 9350422 9350304 7790961
7790913 7790519 7790743 7790841 9711023 2760948 2760964 7790770 730767 730580 730228 730964 7790743 7790770 8870580 8870580 7790580 7790580 3250043 9040043 3470580 7790741 7790741 7790741 7790924 3470043 9040043 8870924 9040580 730857 7790857 7790580 8190741 7790894 7790894 3470200 3950043 3470373 8710176 7790743 3470987 730767 8870580 730857 8870580 9710519 910752 3470414 3470923 5370888 3470580 7790580 3470205 8870205 7790580 7790043 7790857 3470422 3950043 520371 910371 9710212 910371 9710996 3471002 3470006 9040872 9040872 4720741 3470924 3470924 9040872 9040872 7790857 520371 3470414 7790741 7790743 8870043 8870741 3470200 9710043 7790894 7790969 910741 7790913 8870924 7790371 7790913 7790913 7790894 9040864 3470924 3470924 3470924 3470006 3470006 9040872 9040872 7790857 7790924 7790924 7790741 3950043 7790741 7790961 7790924 7790969 7790741 9040043 3470043 3950924 3470006 4720371 3470872 9040872 9040864 3470995 3470995 3470924 3470006 3470006 9040872 9040872 4720741 7790741 3950924 7790857 8190006 3950729 9710872 3950729 7790729 4720371 7790924 3470006 3471023 9040872 9040872 3950043 910729 730969 730969 910544 910544 910544 910752 3950043 3950371 520371 910371 3930872 3930872 730741 9040872 7790741 8190741 3470857 910043 910729 730350 520741 3470043 3470872 9040872 3470872 9040864 910729 730646 730282 730969 730969 910043 7790969 910729 8870924 730924 8870924 730006 730872 3470924 9040872 3470924 3470006 730729 730350 8870741 4040424 3950043 4720741 3950924 4720741 3470924 3470924 3470006
9710872 3390743 910741 910772 3700924 8870880 8870043 8870560 8870880 9040969 8870422 4040424 9040864 3470872 4720371 3230043 730560 730653 730000 8870205 730812 7790205 7790857 7790743 2760812 3470560 7790913 7790964 2760006 2760964 730071 2760857 9350743 3470752 3470987 9041007 8870833 9710864 9710864 9040969 8870741 730880 3230212 8190741 9041007 9040969 4040424 7790894 7790969 3470987 3470200 3950560 9040969 9710646 3390960 7790580 7790913 910924 910371 910560 7790969 3230560 8870422 3470205 9041007 4720544 8870205 4040200 910544 9710796 9710212 9710880 9710872 9040872 3470200 9710880 9040969 9040969 4040424 7790969 520371 3930212 4040424 8870205 4720969 8550519 9040969 910741 3930796 8870212 9710646 9040969 9040969 4040424 9040969 3470924
3471023 8190646 7790857 7790857 3950960 8190560 7790964 3470200 7790888 3470043 9711023 7790752 8190560 3470857 8190687 7790894 3471023 7790857 8550519 7790752 7790894 7790894 7790964 7790743 3700519 8870560 2760928 9710987 8711002 8190043 3470930 8870043 8711023 7790743 9710085 3470752 7790743 8190767 3470200 3470504 7790741 7790913 7790829 9710796 3470200 8190071 8190071 3470504 3950960 3390743 7790743 9040043 3471007 7790964 7790888 5230043 230924 7790752 3470987 7790888 7790772 9710782 5230969 5230037 9040043 8710872 3471002 3471023 730350 3730071 3730071 8190071 8190371 7790752 3470743 3470043 8710285 7790888 3470441 3950371 8190952 8190920 230963 2760043 2760964 5981023 5231023 5230872 9710527 8710350 230504 230952 2760741 8710924 5230350 9710422 3730812 3730371 8190888 3470857 8190687 8190896 3470872 9710964 8190071 4630071 4630371 3730560 4630913 7090973 8710414 910857 3700880 8710350 9710205 3470924 3470205 9710575 8190006 4630371 4630371 230496 7790741 3470205 7790741 7790371 7790687 8710043 2760043 9710071 7790414 8710043 7790371 9710770 7790964 730741 910371 5230969 910924 5230646 520969 3470872 3471023 9710646 9710371 9710371 9710285 3470414 4630371 3730006 4630371 4630928 3390743 9710743 9710371 9710743 5230205 3730812 8190006 9040857 3950960 3700519 9710544 5230872 730924 3230646 9040772 9040772 8870741 8870880 9711023 230560 230560 2760580 6900466 2760043 230414 2760767 230741 230006 230872 8710350 9710414 3700864 3470006 3470924 9710006 9040872 8710741 730205 9710961 7790371 230880 730743 9711002
8870422 730796 2760422 730043 7790043 7790043 730043 7790043 8870043 730043 8870043 8870422 9040969 910969 4720580 730928 4750870 8870870 4720519 911007 8871007 8870560 910580 8870518 910560 910422 7790580 910580 4720969 8870812 730812 8870560 520969 520969 910580 7790969 9040969 9041023 9710646 9710496 7790580 3700043 3470422 7790857 8190071 5370743 730043 231023 5370993 2761002 730043 2760772 2760043 7790888 2760504 2760071 7790770 7790752 7790580 2760752 7790580 2760580 7790580 2760952 7790772 2760752 8870580 730754 8870741 7790961 7790580 7790752 7790752 2760924 2760960 7790741 4720741 8870741 9040969 8870043 8870741 730754 7790961 730928 4040200 8870144 2760212 7790969 3700880 9040969 9040969 8550519 3700212 9040969 9040969 910772 2760772 8870772 910772 8870772 8870772 910772 910969 7790519 910772 8870772 7790519 7790969 8870518 7790969 730646 910205 8870144 8870924 9040961 910928 4040200 4040200 8870424 4720371 8870424 8870924 5231023 9040864 4040200 8870282 730969 730496 8870282 8870741 730646 8870741 911007 8871007 7790961 4040200 910544 910071 8870741 8870518 8870282 910544 910580 4720969 4040200 910729 520371 8870282 910544 9350160 4040200 910857 4040424 910544 4720969 8870518 7790969 520969 4040200 4040424 910729 8870282 8870282 8870282 4040200 4040200 4040424 7790913 9040969 9040857 730960 730071 730960 730580 730948 2760646 8190770 7790580 7790580 9040580 3470772 730770 910772 7790770 9710646 8870924 3470200 910071 2760752 8870772 730770 7790580 7790752 3470580 7790580 7790580 7790888 7790964 7790913 7790964 2760948 7790964 2760043 3470441 7790888 3470772 7790743 7790743 7790743 7790743 7790580 7790772 7790772 7790580 7790743 2760743 7790743 2760743 2760920 7790888 3950371 9040969 9040969 7790913 730544 730646 730920 8870812 2760071 7790371 7790913
7790888 3470504 3470504 7790770 7790770 3470496 3471023 7790743 7790888 7790770 7790857 7790969 7790857 7790857 3950371 7790371 7790741 7790913 7790969 7790913 9040580 8550580 7790741 7790913 7790741 7790888 3471023 8550580 7790969 7790969 7790969 8550580 7790913 7790913 7790752 7790743 7790888 3950924 7790371 7790888 7790969 7790969 4040424 7790969 7790913 7790913 7790913 7790913 7790964 4040200 7790964 7790743 7790888 7790888 7790743 3471023 7790913 7790888 7790888 7790913 9040969 7790969 7790969 9040969 3950043 7790857 7790888
5370071 5370888 730857 730809 5370930 3950930 5370741 7790964 8550580 9350930 5370371 730857 9350872 9350743 9350114 730870 730870 730752 730870 9350870 730870 730969 731023 8870870 8870930 8191023 8190969 8190772 7790969 7790729 7790969 3950772 5370964 9350752 2760371 6660800 9710422 730880 730646 8190872 9350930 9350580 8190006 9350160 8870560 8870424 7790913 7790772 4630200 3731023 8190930 8190930 8870741 4040424 9040580 8190560 5370043 9710772 7790857 730043 731007 4720961 3230872 8871007 4720961 9041007 9350996 3470930 3950371 3470205 4630928 4630772 8190646 4040424 8870560 9040961 730767 730964 730114 3471002 7790894 8190894 5370896 3250560 3950371 7790857 7790894 7790770 7790560 5370729 7790857 3930772 8870772 730928 730071 9710928 9040772 910772 9350212 7310969 3731002 3730241 9350580 7790371 7790743 9040772 7790913 7790729 7790729 7790913 7790913 4630772 4630928 520857 3930646 3930212 3700580 3700580 9040969 9040969 8190880 8870560 8870422 910924 910729 9040969 520371 3470205 8190772 8190772 7790857 7790937 3950371 7790969 9040969 7310560 1030969 9350422 910857 3950371 9040857 9041023 3700212 8870422 9040961 7790857 8870212 7790961 7790857 7790857 7790961 7790857 3700414 8710928 9710414 9710071 9710071 3700560 3700752 3700205 9710809 9710920 9040864 3700519 3700364 910580 730857 6660872 5370770 8190741 9350741 5370930 9350924 6660006 5370961 730857 9350560 730006 9350752 3470006 7790969 3930864 3700924 3470924 9710006 3930560 910772 910772 5230969 8870924 910772 4040424 7790371 730743 5371007 9350205 5370371 5370371 8190043 9711023 3950371 8190812 7790519 7790752 8870364 7790687 9710519 3700519 3700519 3700964 3700519 3700519 7790205 3470200 7790964 7790969 5370770 730371 730371 7790913 4720741 4720772 8870043 4720741 7790857
7790937 7790857 3950772 7790371 2760043 2760770 7790894 8870833 7790743 9040772 7790729 9710043 9040969 8870880 3700212 910741 3700880 9710212 9710969 3930414 910857 8870741 9040969 730796 3700580 7790580 3950772 7790857 7790857 7790741 8190646 8190646 3931023 3930386 3930205 730646 8870043 8870812 7790752 7790770 3930872 3930870 3700752 520857 7790857 9040857 9040580 9040043 7790913 3950043 9040969 3700739 8870560 9040969 4040200 3950870 4720969 7790913 7790205 7790205 7790913 7790969 7790913 9040857 3700285 7790580 8870043 7790580 7790580 3470580 8550580 7790741 2760580 730741 5370741 730741 9710371 9710872 3700285 6660741 8870833 5230923 3700285 3930924 5230037 910924 8870741 7790371 7790580 730872 9710872 9710580 9710864 9710864 9710872 2760872 7790741 8870580 7790371 7790741 4720741 7790961 910519 910200 3930519 910519 5231023 910560 9710969 3950371 7790841 3950772 8871007 4040200 4720969 7790969 4040200 7790913 9040969 7790969 7790969 9350741 3930872 910544 3230371 3230872 910928 910371 8190006 4720741 8190516 3470200 3230872 9350872 3930864 730924 8870518 8870422 3700422 5230646 3930924 520519 8870924 7790969 7790841 7790580 3470200 7790371 7790741 7790580 7790964 4720519 4720857 4720200 4720741 7790857 4720544 7790741 9040580
8550857 9040872 9040969 3470743 7790741 7790857 3390580 5370894 2760772 7790894 7790857 7790580 7790964 7791023 2760996 2760212 9040870 7790870 2760560 4750870 7790913 7790205 4720544 3230880 8870580 730796 8870580 7790580 7790580 730580 730212 3700422 8550580 7790518 7790964 7790580 7790580 9040580 7790043 7790043 8870580 8870580 7790870 8870422 4720741 4720580 2760880 2760212 9040969 9040772 7790043 2760872 3470995 3470205 3470560 3950043 910969 910969 910928 4720969 520519 8871007 9040969 9040969 9040969 9040969 3700212 9040969 3700796 4720519 730880 8870924 7790518 8190880 8190896 3230796 3230880 4720772 8190646 7090973 7090973 7790894 3470043 7790894 8870422 7790205 8550519 7790857 730796 3470043 8870741 3470580 7790580 730006 7790371 4720741 3700212 910928 4720969 9040969 4720961 9040961 8870424 3950560 3470560 7790518 7790205 2760646 5370993 7790741 910519 8550519 7790913 3700364 3950960 3950371 7790857 7790580 7790580 730646 7790913 910544 910857 520969 520969 9041023 3950560 8870144 7790144 7790519 7790519 7790519 2760414 9710872 7790741 9710741 7790371 3950960 8870924 8190880 9040857 8870422 8870580 9041023 910519 9040580 7790857 8870580 4720580 8870580 5370580 8870580 910560 2760560 3700580 3700580 8870880 9040580 8870414 8550580 3470205 3700212 8190969 7790969 3950043 7790580 8870580 730948 3930880 8870422 9040580 4720857 5370580 7790857 8870580 8870580 8870580 2570580 8870580 8870518 8870043 9040043 9040043 9040043 9040043 7790857 7790857 8550519 3950043 7790580 8870043 7790580 4720200 4720200 5370743 7790144 4720969 4720519 7790857 7790580 7790913 3390743 7790964 7790043 7790969 5370993 5370894 5370961 911007
9041023 8550857 4040424 9040043 910857 9040969 7790969 9040969 4720580 4720580 4720580 4720580 4040200 8870880 4720580 4720200 4720772 3230880 4720519 4720519 7790857 7790857 7790741 7790913 7790580 8550580 8550580 8550580 7790969 910205 910043 8870422 9040580 3950560 7790580 7790888 730920 8190888 4720964 5370772 7790580 7790580 8550580 4720772 4040424 7790518 7790857 4720580 7790961 7790964 4720964 7790580 7790580 7790741 7790518 7790518 7790371 7790580 3470285 730767 6660924 730809 8870414 730809 8871007 8871007 8871007 8871007 4720519 9040580 8870772 8871007 8870282 9040961 9041007 9040580 7790913 3470200 5370071 2760071 730043 730043 2760043 8870043 2760743 7790743 4720961 4720961 4720964 8190969 7790857 730857 7790857 2760987 2760964 2760580 2760920 5370743 7790857 5370964 9350560 730560 4720200 8870741 4720857 8550857 7790888 7790752 7790741 9040772 520857 520857 9040857 3950371 520857 3950729 3930646 8870741 8870741 9040969 3950729 730770 3470373 520519 730043 730743 3470782 2760071 520071 7790743 3470743 7790743 7790743 7790743 8870772 7790743 7790964 7790964 9040961 3930796 8870212 8870880 7790729 8190646 3930422 3930422 4040200 520969 910969 730560 911007 7790043 7790043 7790743 7790743 7790743 3470782 2760071 9040772 7790888 7790580 7790743 4720580 730857 8870580 7790580 8870043 7790580 7790857 7790580 8870924 2760964 4720519 2760743 4720888 8711023 8870144 7790043 7790743 9040043 4720544 4720888 4720964 4720888 4720888 3471023 3471023 7790743 3470580 7790580 8870205 8190896 5370772 5370580 730580 8870580 8870043 7790969 730646 4720544 4720200 910544 7790961 8870424 9040043 7790913 7790857 9040043 8870580 5370961 910857 9350937 8871007 9040961 730880 8870422 4720200 4720519 9040857 3950924 3471023 3470200 9710782 4040200 910580 7790752 3471023 8710466 5370043 2760043 8870043 730888 7790743 4040200 4040424 9710205 2760812 8870212 8870043 4720200 3470782 7790043 7790743 7790043 7790964 7790841 7790894 7790743 7790969 7790913 7790894 7790857
9040857 3390743 3700796 3700880 8550857 3390743 8190560 9350422 8190973 9040857 3470560 8191010 8191010 8190006 7090973 3390743 9040872 3950371 3390960 3730741 8190809 4630741 3470414 3470924 3390960 3950960 2570580 8190913 520857 8870205 9040969 9040969 9040580 9040580 4720580 4040424 8190767 520857 3390960 3950960 8550857 8550857 3950560 8870560 2570580 2570580 9040580 8870518 4720580 4720580 8550580 8550580 8550580 9040580 2570580 2570580 7790752 2570580 7790770 2570580 9040580 9040580 3470504 2570580 7790752 3471023 2570580 2570580 7790580 2570580 3470580 3470580 3470580 9040580 9040580 9040580 8190160 8870560 8870580 9040580 4720969 8870580 8550580 8550580 8550580 8550580 9040580 9040870 9040580 7790770 8870812 8550580 9040580 7790969 4720857 9040961 9040961 9040961 4720772 4720857 4720857 3730043 8190043 8190043 8190043 8190043 8190043 3730043 8870043 8190043 8190043 8190880 8190043 8190043 8190043 8190043 8190043 8190043 3700043 8870043 8190043 8870043 8190043 4630043 8190043 5370043 8190043 3730043 9350888 5370043 2760930 2760772 2760930 8190043 5370043 8190371 9710930
7790969 7790964 7790913 7790969 7790913 3950371 7790969 3950560 7790913 7790969 7790741 7790913 3950560 9040043 910422 910544 3700752 3700857 9710422 9040857 9040043 9710043 7790857 7790857 7790857 8190205 7790857 9040857 8550857 9040857 9041007 9040580 9040580 7790961 4040200 910071 9710872 3470743 910560 9040969 730752 730857 9350924 2760924 3470043 2760924 7790743 2760043 3470200 7790770 7790894 7790857 3950371 7790371 3950371 3731002
7090973 7090973 4630857 4631010 5231023 2760441 7790371 8190006 9350422 9710466 9350880 9040857 4630928 7090973 8190812 7090973 8190519 8190519 7790857 8190422 3390580 8190741 9350304 3700857 8190560 8711002 520519 730422 730519 9350580 2760897 730964 8870424 8871007 910200 3230422 8871007 910200 4720772 8870580 8870772 8190872 520857 3700857 520857 9350144 4720519 7790964 7790841 730857 730350 910741 9710741 9710864 8870924 8870414 910371 8870741 3930872 910857 4040424 3930812 3930205 910560 9040969 9040857 3250857 9350144 8190969 910969 910857 730071 8871002 730857 4720200 730812 8870043 7790580 7790687 7790516 7790687 7790371 7790371 2760772 2760741 3470772 3470772 7790752 7790518 910741 3230872 4720857 4720857 7790857 7790857 7790857 7090973 4631010 4630004 7090973 7790741 730422 730212 9350422 2760930 730857 9350144 8190969 9041023 3931023 8871002 910519 3930796 9040969 730519 730519 5370043 730857 8870043 5370993 2760071 2761002 730928 3700519 8190422 7790857 9710043 4720741 4720969 9040969 7790969 2080743 8870580 4720580 2570580 3950960 7790770 3390960 7790964 7790857 5370964 730888 730888 730961 730888 5370743 9350743 6660043 7790580 8870424 7790870 2760857 2760930 6770160 730043 5371010 2760872 2760741 2760948 730580 7790580 731023 5370580 8870580 7790580 5370460 8870518 3931023 520857 910200 9040969 4630928 7090973 8190920 3470857 5981023 5370772 5370772 730857 730857 2761007 730857 2760857 5370043 5370043 5370964 7790857 8190888 2760809 2760767 2760754 2760960 6660561 8870812 4020000 4720857 3230796 9710422 4720857 8190422 7090857 8190560 3950772 8190920 7090973 7790371 730857 730960 9350752 520743 9040969 910580 730043 730960 8191002 731023 2761023 7790752 7790772 2760772 5370772 2761002 2760928 2760043 8870580 731023 8871002 730646 8870282 3700422 520857 3700422 4040424 7790519 7790743 7790924 4631010 3730872 730964 730071 730205 730646 8870772 9350880 730928 910519 5370043 5370833 730729 731023 730772 8870741 2760350 8870833 7790857 5370371 730414 3470043 7790414 3470772 8870741 9040043 3470504 3930519 910928 5370043 730043 8870043 5370043 9350930 730857 4040200 4040200 4040200 4040424 9350144 7790519 8870580 8870580 2570580 8870518 5370071 9350888 3931023 5370043 5370772 730857 730928 730857 8870930 8870833 730857 730729 2760371 7790371 2760857 2760857 7790743 730560 730653 3700741 520741 730729 731023 730928 2760422 7790371 7790043 2760043 8870560 2760928 7790729 9710880 9710996 8870043 730043 2760441 730729 9350729 4040200
4630371 3950960 8550857 7790913 7790770 7790913 9040043 7790770 4630043 7790857 9711023 7790964 7790743 2761007 230006 5370071 230741 9710414 3470580 7790043 7790741 5370993 730961 8710560 8710422 9710200 910772 9711002 8710560 9710739 8870560 3470205 3470743 3470373 8710504 9710071 8710504 9710071 8710767 9710920 8711023 3471023 8190071 8711007 9711007 8710466 9710371 3470987 8710560 9710071 9710285 9710987 9710071 3230560 3470560 7790743 8710741 2760560 9710864 9710739 9710646 7790969 7790913 8870043 8870043 9350422 9710527 9711023 9710996 3470422 9040772 3470205 8710920 3470752 8190920 4630969 9710888 3470857 3230205 910772 3230772 730560 3230772 3230205 3471007 3700739 9041007 3470743 9710770 3470504 8190770 8870812 910752 5230969 9710995 5230350 9710006 9710864 2080857 8710767 2080770 9710770 3470752 9710043 8711023 9710071 8710466 9710995 8710857 9710772 8190560 9710575 9710200 9710205 9710752 9710995 3470772 9710743 2080580 3470504 9710964 9710422 9710770 8710880 3470743 7790888 8190888 3730888 3730743 3730560 8190071 9710466 3230770 9710920 3470200 9710743 910752 3930770 5230350 3470205 8870880 3230212 5230037 9710872 7790371 7790687 910043 8870043 730043 730767 2760896 8870043 730144 2760741 2760144 730870 8710782 2760741 8710888 2760373 8190770 3470200 9711007 9711007 3470752 3470857 2080770 9710891 8710920 730560 910772 8710987 9710770 910205 3470560 3470205 9710006 2081023 8711023 7790743 3470205 9710770 9711023 7790752 3950043 9710782 9040857 3470857 4630741 3950371 3470857 3470857 8190071 8870741 9040864 7790857 8190043 3470205 3470580 9710960 7790741 9710371 3470743 9710928 9710496 3700996 2080770 9711023 9710872 9710987 3470414 8190414 3470205
9040961 4040200 3700212 9040961 910580 4720969 4720964 3700880 3470200 9040961 8190961 7090973 9040857 8190880 9040857 910043 9350071 8710043 9710961 8190961 9040857 910857 9040961 910857 3230880 910857 8870043 910043 8870043 8870043 9040043 910043 910043 9040961 7790913 910043 9040580 9040043 4040424 910043 3950043 3950043 8190880 8190880 8190519 5370961 910857 3470200 3930924 3930961 910071 3470782 3230770 910071 4720857 4720969 8870424 8870043 8711002 910772 7790961 9710772 8710872 910519 730961 910422 730646 730880 3230646 4720519 7790913 910519 3230646 910519 9040961 9040961 3950560 9040961 9040961 8190961 3730241 5370752 3230560 730560 730560 730212 910043 3700772 910772 910772 8870772 8190772 5370961 8190772 8190519 8190973 910857 910857 9710857 3730200 3730928 3730984 9710857 3470857 9710743 910857 9710964 4630741 3730560 3730984 8190888 910857 3470857 8710770 2760754 8190519 2080772 9710920 2760872 2760857 2760857 9710414 2760772 7790371 8190043 9710857 730857 730857 730857 730857 730857 730857 2750857 3700857 730961 910857 910857 910857 520857 9711002 3470205 910741 910544 520519 3470504 3470200 9711023 9710743 8710646 910200 731023 8190913 910519 5370772 730969 730969 8870772 910928 8190888 8190801 8190961 8190961 910857 9711007 2760371 7790371 7790371 3731010 3731010 3730646 4630857 4630857 4630960 8190913 8190969 910857 910928 910857 910928 910928 910519 9710422 9040969 3470560 3700560 4720969 4720519 8550857 7790371 7790969 7790741 3470043 7790371 7790414 7790969 3470043 9040043 9040969 3470205 2080770 5230037 3930812 9710739 9710739 8710350 910729 3730741 3730872 5230350 3730006 8190560 8190969 9710006 9710646 3470414 9710741 5230422 9710371 9710741 9710575 9710969 9710739 9710575 9710729 5230969 3930519 910857 910371 910371 4040200 910924 910741 9710960 910560 4040424 4040200 910857 4040424 910519 8710560 3230205 9710371 9710812 3930560 3930812 9710969 9710969 910752 910752 8710767 9350888 8190880 8190772 8190496 3470200 7790857 5230646 3930519 3230205 910857 8710646 3470414 3470200 3471002 7790969 2760924 7790772 2760504 910519 8190961 8190880 4630741 8190961 8550857 8190516 9040857 8190894 2080519 3470743 8190071 8190880 8190071 8190964 3470200 910043 910928 520743 3930743 910071 3700857
2761023 2760857 3930519 9710880 3930371 3700864 3700796 3700864 9710205 520519 5230205 910371 9710371 9710872 8710350 2760952 7790829 7790580 5230043 9710923 7790414 7790043 3470043 2760043 3470923 9710741 2760580 9710580 730812 9710519 9710414 3230880 9710924 3930422 9710864 730741 9710995 5231023 8190960 4630371 4630580 4630071 4630580 3390752 7790913 7790964 7790043 3470043 8710043 8710043 3470743 2760043 7790043 230948 8710043 730952 8710741 9710772 2760071 2760043 5370924 2760496 7790857 3470200 3470872 8550519 7791023 7790913 7790770 2760071 8710043 730767 3470752 9040043 3700960 3470422 3471002 7790687 3471023 8710646 3470987 3471023 7790913 7790913 7790741 7790913 9040872 9040872 7790924 6660371 4020000 2750212 730880 730496 9710205 9710812 8870812 3470200 6900872 7790770 8711023 3470200 2760741 730960 6660996 8711023 9710580 2080770 8710752 9710071 9040969 7530560 5230560 9710544 9710422 7790913 9710743 9710752 9710770 8710880 8710743 9710923 8710414 3470285 3700770 8190043 5370043 8190043 8190560 3950043 9710580 8710770 3470752 730770 8710767 9710864 8711023 8710646 9710285 5230560 910371 910560 910560 9710285 8710414 9710969 520071 9710809 9710350 3470200 9040969 7790969 3700796 3700422 3470995 3470924 9040872 8710560 2760952 2760767 2760752 2760930 8711023 8870205 3700519 2760880 3700519 9710924 9710833 3700205 9710371 8190812 8190752 5370371 8870741 3700741 3700560 9710996 3700043 9710043 3470205 3700741 3700071 3470205 7790516 7790516 3470580 8710782 9710770 3950960 9710285 9710371 5230872 8710872 9710739 3700414 9710767 9710770 9710888 7790741 7790580 730924 3700422 9710285 9710880 8190006 9040857 3700752 3700880 7790924 9710422 7790894 3470772 7790888 7790913 3950043 7790729 9710809 9710414 3700770 9710960 9710767 9710414 9710646 520741 3700205 3700796 9710864 9710729 7530560 3470373 3470752 9710770 3470752 7790913 7790371 7790371 3470894 8190741 9711023 250071 8710920 910772 3700205 910371 3230770 9710880 9710212 8710646 8190770 8190872 8190812 8190812 4630960 8190646
4040424 7790969 5370930 6770160 730969 9350304 910200 910519 910772 910772 910772 910772 730857 910560 910422 9040969 910560 9040969 4040424 9040969 9040969 9040969 9040969 4040424 4040424 4040424 9040969 4040424 4040424 9040969 9040969 9040969 4040424 9040969 9040969 730580 730006 730371 730371 730006 730371 730580 730580 730371 730580 730371 730371 730580 730872 730872 730741 730741 730741 730741 730741 730741 730754 730754 730754 730350 730754 730754 8870580 730924 730754 8870580 730754 3470580 3470580 730924 8870580 730924 8870580 8870580 8870580 8870580 2760580 730006 5370371 730857 730872 730872 8870580 730872 730872 730872 730872 9350872 730872 2751023 6660580 730414 730350 2760350 730924 730924 730924 730924 730924 730924 730924 730496 730924 730924 730924 730924 730924 730006 730006 730006 730006 730371 2760371 730809 8870043 730872 730767 9350872 2760872 5370741 2760741 8870741 730496 730770 730350 3470580 2760350 7790770 8870580 8870580 8870580 8870580 3470580 8870924 8870924 3470580 8870924 730752 2760930 730043 730200 730043 731023 2760043 730544 730363 730772 730496 730043 8870043 8870833 2760043 730043 730646 730646 730646 8870833 8870833 8870833 730924 8870518 8870833 8870833 730924 8870772 730924 8870833 8870833 8870833 8870772 9350043 9350043 9350043 8870043 8870043 8870833 9040043 730833 8870043 8870741 3700772 8870741 730043 730043 730924 730924 730924 8870043 730924 730043 8870043 730043 730924 730544 730930 4990043 4990043 5370043 5370043 730857 730857 730872 730857 730043 8870043 730043 730872 730043 9350043 9350043 9350043 5370930 2760043 2760928 8870772 8870772 8870772 3700772 3700772 8870772 3700772 8870924 8870924 7790924 7790752 8870043 8870043 8870043 8870043 7790371 8870043 8870043 8870043 8870043 8870043 8870043 8870043 7790741 8870043 8870043 7790043 8870043 7790741 8870043 7790741 8870043 3930043 3700043 730928 3700043 7790752 9711002 3700043 2760043 9350043 730857 8870043 8870043 8870043 8870043 730833 730043 8870043 8870833 7790371 8870043 7790043 7790414 8870043 7790741 8870043 8870043 3470043 7790752 7790770 7790729 7790043 8870043 2760043 8870833 7790752 7790043 8870043 7790043 7790752 7790741 7790743 7790741 7790043 5370043 7790043 730857 8870833 730043 730043 730043 730960 730767 730833 730043 730767 730043 8870043 8870741 730729 8870043 8870043 730809 8870043 8870043 8870043 8870043 7790729 7790752 8870741 7790969 7790969 7790752 7790857 7790857 7790857 7790741 7790857 9040043 3250043 7790770 7790969 9710043 230872 230872 9710043 8710043 9710043 8710043 9710043 5230466 9710960 9710414 3700285 8190960 3700772 7790888 7790741 8870741 9711002 910752 3470200 3230772 730857 9350752 3700414 3730961 3731010 3731010 3730004 3730004 8191010 8190160 7090973 8190504 3230857 2760872 2760880 9040864 3950560 8190752 8190969 9350880 230880 3470995 5230414 9710043 3470441 9710043 3470872 9710519 3470205 7790741 7790969 5370687 2760987 7790371 7790770 7790770 7790969 8190071 8870043 2760770 3700888 7790743 8870924 3470504 9040772 9040969 3950371 7790770 3470872 9040969 9040969 8870924 8870580 8870580 730754 730580 7530580 8870580 730006 9710580 7790371 5230872 5230872 9710580 3700580 8870580 9710580 8870580 7790580 8870741 8870741 9710864 4630580 3470930 8191002 8870580 8191010 8190160 3950371 9040580 2570580 7790371 7790580 7790741 7790741 8870580 2080580 8710864 9710580 9350160 7790857 230963 8711023 8870205 730496 8870772 6901023 4990930 730741 730741 9710770
3470006 3471023 730114 5370833 3730969 8190496 7790857 4300857 7790913 9350646 5370930 8190371 8190646 2760857 8190519 7790857 7790913 8190560 3731002 5370071 8190043 8190752 3950371 3950960 7790964 7790913 5370833 9350964 3730993 8190801 8190888 7790857 8550519 9350687 7790894 8190752 3950960 7790857 7790913 7790913 2760857 2760857 5370894 8190043 3470930 7790743 8190519 8190942 8190964 8190519 3470772 7790888 730043 8870043 5370371 2760772 2760930 2760942 2760870 2761023 2760920 7790964 7790519 7790888 7790743 7790560 5370741 5370743 2760043 2760930 2760930 2760043 2760741 2760801 2760646 7790857 8190913 2760857 8190964 7790857 7790857 7790913 7790913 7790752 9710212 9710043 7790913 7790841 9350924 9350304 2080857 3470422 7790937 2760809 730043 7790043 5370924 2760043 2760646 2761002 7790205 7790937 7790870 2760646 7790964 7790741 7790857 4630743 4630743 4630743 8190973 9350913 1551023 6660812 730888 6660350 730752 5231023 2760560 2760872 2760043 2760043 2760964 1760973 8190973 4630741 8190973 3700285 9350924 2760872 3470870 2760176 7790743 9040864 8710519 2760964 8601023 3470200 2080743 2080743 2080743 2080894 250930 2080772 2760897 2760580 7790580 5371023 2760743 2760857 730896 230741 8711002 9710527 9710422 9710741 9710580 3470580 8710969 9710071 8710782 2760071 730770 910071 7790741 2760924 7790560 9040043 730000 8710872 9710743 9710422 3230969 3930519 3930205 9350752 3930205 3930812 3730043 3731023 3730043 230963 5370743 2760857 8710767 3470872 3730872 8190812 8190646 8190205 8710969 730767 8711002 730894 2760373 3930872 9350205 730646 3930205 9710864 9710924 9710969 3470200 5370043 230560 5370071 2760687 2760741 8710176 3470441 2760897 2760043 2760414 2760767 7790752 2760043 7790964 7790519 2760960 9350964 5370071 8710043 3470422 7790888 730043 3930200 3930212 3930741 3700285 8710371 3700414 3470205 9710575 4630857 4630200 3730743 9710930 9710285 2760741 2760924 3470200 2760560 2080743 7790894 2080043 5370043 2760987 2760043 230920 8710888 7790743 3470743 2760770 3470200 9710920 9710770 4720964 9711007 3470752 5230422 730071 3230422 730741 730880 230924 730754 6660996 730422 9710575 910422 730371 2760043 230741 8711002 730754 730928 730743 3930743 3930772 730741 910928 3930560 910752 7790888 9350870 1760973 1760973 1760973 1760973 7310004 9350160 9350870 9350743 8711023 9710772 9710772 7790964 8190896 7090973 7090973 8190646 7790518 7790772 7790937
null
null
null
null
null
4040424 3950729 3950729
8190646 5370043 3950729 2760043
4630200 250969 7790841 5370282 5370729 3950729 4880973 5370282 5370841 250580 4720841 7790841 3950960
5370772 5370419 5370841 7790729 7790729 5371023
null
4990930 5370964 8870870 5370772 5370772 4990857 5370729 8870424 7790937 8190969 5370841 5370841 3950729 5370544 7790841 5370841 5370961 250969 5370841 5370841 7790937 9350144 5370841 250200 5370841 4040200 5370729 1030282
null
8190859 5370266 5370266 5370961 5370993 7790729 4040200 5371002 7790857 3950772 5370729 5370544 3950043 5370961 5370282 7790841 7790729 5370993 5370043 7790841 3950043 5370544 5370544 5370841 7790961 7790729 4990930 5370829 5370877 4040200 5370961 730544 4990857 9350700 730544 4720200 5370993 4720544 8190571
1030282 5370729 3950729 3731002 5370729 250961 7310961 4720519 5370729 3950729 7790841 5370993 730646 4720544 7790518 3730386 8871007 1030984 5370282 5370729 3950729 5370961 4630200 5370200 5370993 9350765 9350729 5371002 3950043
250961 8190973 1030292 4880973 4880973 1030292 1030292 1030292 1760973 1030984 5370544 5370859
4630043 8190687 6350646 8190071
5370729 5370829 3950960 3950729 7791023 5371002 5371002 7790937 3731023 5370961 7980973 5370961 3950729 5370729 5370961 250200 5370481 5370282 730114 5370961 4720519 7790729 5370961
250200 4630043
null
null
9350752 3930872 8710928
5371010 8870518 1030984 4630928 1760973 5370481 5370544
9040961 3950772
7790857 7790841 4630043
null
null
null
null
3950043
4630969 3950729
5370961 3950729 3950772 250519 7790519 5370282 5370930 5370729 3950729
null
9350930 3950729
null
null
5370729 3950729 250961 3950043
null
null
7790969 7790652 7790841 4720200 3950043 4040200 5370729
5371002 1030969 5370961 4720200 250200 250961 5370961 3950960
5370043 2760961 7790961
250969 5370481 250930 5370200 250969 7790841 5370930 5370729
1030282
null
null
8871002 3731002 8190969 3950772 7310282 9350580 9350646
null
null
null
null
5370481 250969 3950729 5370961 5370481
null
null
null
3950043 3950729 250969
3950772
3950729
3950729 4750870
null
null
7790969 250961 250930 1030282
null
null
250969 730857 5371002 5371002
4040200 5370282 5370282 5370877 5370961 4720200 5370993 5370729 5370961 4720961 5370961 4040200 4040200 4040200 5370282 4630928 5370481 3950729 3950043 5371007 730741 3700741 3950960
7790857
null
8871007 730928 8870518 910928
5370729 250519 3950729 5370481 3950729 3950729 7790870 7791023 3950729 5370961 5370961 1030282 7790841 3950772 5370481 3950729 3950729 730729 3730519 5370729 1030984 3950729 5370544
null
null
5370481 5371002 5370282 5370729 4630969 5370481 5370859 7790857 5370961 3950729 250969 5370729 4720200 5370282 7790841 4720363 3950772 3950043 250930 5370481 9350896 250969 250969 9350580 8870580 3950729
null
null
3731002 1031010 3730841 4630200 3730700 4630200 1760973 3730200 3731002 3730004 3730700 3730177 3731023 3730765 1030877 3730241 3730114 3730241 3730200 7980973 3731023 7310829 7310363 7310959 3730961 1030829 3730200 3730386 6761023 3730829 3730700 6760973 3730241 3730601 6350891 7980601 3730700 3730974 3730646 3730519 6350857 3730981 3730891 6761023 3730241 7310765 7311007 3730961 3730961 5370877 3731023 9350765 3730981 3731002 3730601 3730646 3730114 3730363 6350601 4630200 3730601 3730519 3730419 3730928 3730200 6761023 4630200 3730601 3731002 3730646 6760857 7310430 7310601 7980973 7310765 2370973 3730419 3730974 3730229 7310564 3730114 7980601 6760973 3730241 3730646 3730877 3730700 3730114 7310564 8190829 7310161 3730580 7310669 3731002 7770857 3730519 6760857 5370829 3730519 3731023 3730700 3730891 3730700 3730404 3730601 7310961 7310430 3730969 3730601 3731002 3730519 7310363 7310841 6761023 7310161 7980973 3730419 1030829 7310404 1030877 6760481 7310601 7310129 3730419 3730404 3730877 3730114 3730404 3730646 7310601 6760857 3730601 3730981 3730765 3730404 3730829 3731002 3730601 3730928 3730580 3730765 3730974 3730404 3730430 6760857 3730241 3730700 3730200 3730200 3730700 9350765 3730004 3730519 3730241 2370973 3730200 3730177 7311010 3731023 3730241 3730700 2370973 3730200 3730829 3730241 3730601 3731002 3730974 3730765 3730877 3730700 3730961 7980973 7980973 3730404 4630200 3730241 6761023 3730942 6350857 6760857 3730266 7310841 7310891 3730241 6761023 3731002 7310669 7980973 3730969 3730969 3730877 3730043 3730942 7310601 3731002 3730928 3730177 3730841 3730765 5370877 3730519 2370973 3731002 3730646 3730928 3730877 3730363 8190829 3730942 3730928 3730829 3730877 3730928 3730829 3731023 7310841 7310177 3730363 6350857 1030282 3730981 7310564 3731002 3730519 3730241 3730363 3730200 3731023 3730177 6760857 3730241 3730928 1030282 3730404 3730928 3731002 3730177 3730296 3730942 3730241 3730519 3730114 3730601 3730981 3730241 6760857 6760857 7310765 3730974 3731007 6760857 3730114 7310404 7310765 7980973 3730564 3730601 3730841 3730200 3730974 3730601 1030700 3730177 6760857 3730177 5370200 3730700 3730177 3730601 1760973 7310765 3730241 1030200 7980973 3730601 3730765 3730519 3730969 3730363 3730200 3730177 4330857 3730241 7980601 3730877 3730974 3730961 3730601 3730765 3730601 7980404 3730891 3730601 3730241 3730229 4630200 3730928 7980973 3730646 3730241 3730004 3730601 3730114 3730829 3730200 3730829 3730519 3730404 7980601 3730519 3730961 3730601 3730891 7310430 7310560 3730829 4330857 3730229 5370829 1760973 3730200 3730765 1030993 3731023 3731002 7980973 1030282 3730700 3730700 3730419 6760481 7310114 7310564 7310835 7311021 7310363 7310129 5370419 7310700 3731023 7980973 1030877 3730200 3730114 3730601 7310693 6760481 7310129 3730765 3730928 4630829 3730363 7310693 3730974 3730877 3730700 3730969 3730700 3730519 3731002 3730404 3730200 3730404 7310841 7310969 7980973 7310969 7310601 7310700 7310282 7980973 7310765 6350114 6350765 3730266 1760973 5370877 3730700 3730891 3730700 6761023 7980601 3730564 3730266 3730601 7980973 1030969 3730765 3731002 1030282 6350857 3730419 6760857 3730229 3730363 7310564 3730363 8190942 8190829 3730241 3730969 3730601 3730961 3731002 3730829 7311021 7310835 6350857 6350857 7980973 7310430 3730200 3730829 3730200 3730430 7310564 3731002 6350891 3730564 3730928 5370200 3730942 7310564 7310571 7310114 7310669 7310601 3730564 1030857 3730229 3730961 7310669 3730877 9350687 6760857 6761023 3730646 8190829 8190937 3730928 8190266 3730601 3730765 3730241 3730765 8190877 6760646 7310430 6760765 3730877 3730765 3730765 3730601 3730601 3731007 3730363 8190765 3730877 3730404 8190765 3730877 4630200 4990857 3730829 3730877 4630200 6760693 7980973 7310669 3730241 4630200 7310669 3730229 7310841 3730386 6350857 6760481 3730386 7311021 3730841 3731002 3730564 4630200 6760601 8190859 3730700 3730993 7310601 6760942 7310969 6350404
1030292 5370841 5371023 5370544 4630200 1760973 4630200 4630200 8190937 7940973 6760973 6350891 7310961 9350765 3230205 7310282 5110549 7310942 9350880 8190829 9350870 9350729 7310700 7310765 9040870 8190419 7790580 6040857 1030961 1030646 5371023 250200 250200 5370419 1030765 1030961 5370841 1030993 4630200 4630200 1030700 1030700 1760973 4630200 1030993 1030646 1031002 1030765 1030646 1030292 4630200 4631007 3730419 4880973 1030266 1030266 5370419 250580 4630928 4630928 4630928 1760973 3930864 8190571 6990481 8190888 8190942 5370888 9350894 5370752 4630200 1030292 1030292 1030292 1030043 1030292 4880973 1030292 1030200 1030282 1030961 1030638 1031010 1030993 250200 1030984 3731002 7310669 5370266 5370419 5370200 5370266 5371023 250200 730652 8870772 5370071 3730601 3730177 1030646 1030114 3731023 3730942 1030700 7980973 3731002 1030114 2370973 4880973 1030292 4880973 4880973 4880973 4880973 4880973 4880973 3731023 4880973 1030292 4880973 1030282 1030928 1030292 1030292 1030969 1760973 4630200 9040961 910928 4630928 7310282 5110549 5110549 5110549 4990857 7311007 4990857 1940973 7310205 9350205 7311007 7311010 1940973 7310993 7310959 7310942 7310969 4990857 9350114 3700857 9350646
2370973 1030266 4880973 4880973 4880973 7310877 2370973 1940973 7310266 2370973 7310891 7310571 2370973 7310891 7310857 7310161 7310891 1940973 2370973 4880973 7310129 4880973 2370973 2370973 4880973 7310564 7310765 7940973 7310942 4880973 7310161 1030857 2370973 7310891 2370973 1940973 2370973 7310404 3730200 7310700 4880973 7310177 4880973 2370973 7310161 4880973 7310404 4880973 7310129 7310161 7310891 2370973 7310877 7310161 7310129 1030829 7310161 7310129 1030829 7310765 7310601 7310129 7310601 7310601 7310129 7310765 7310891 7980601 7310129 7310959 7310161 7310161 7980601 2370973 7310969 7310177 7310161 7310161 3730229 7310161 4880973 7310404 3730200 2370973 2370973 7310564 1030114 7310601 2370973 7310877 4880973 7310891 7310765 1030877 7310404 1030114 1030282 2370973 1030282 7310601 7310891 2370973 4880973 7310564 7310765 4880973 7310601 4880973 1030829 7310765 7310765 7311007 7310177 2370973 1030419 7310363 7310765 7310669 7310564 1030114 7310564 7310969 2370973 1030877 7310404 7310430 2370973 7310404 1030282 7310765 7310564 2370973 7310430 7310404 2370973 7310177 7980973 7310404 7310700 1030404 7310430 7980973 3730419 7310129 7310601 7310161 3730941 7310891 7980973 7310564 7310363 7310877 7310601 3730898 7310404 7310601 7310564 7310829 1030282 7310404 1030829 1030829 7310700 1030266 7310177 7310564 2370973 7310043 1030404 7310363 2370973 2370973 7310363 3730177 7310564 7310404 7310700 2370973 1030292 7310161 7310404 2370973 7310564 7310129 7310765 7310601 7310857 4880973 7310601 1030282 2370973 7310601 7980973 7310601 7310129 7310765 7310700 3730200 7310419 7310765 7980601 7310129 2370973 4880973 7980404 7310161 2370973 1030282 1030857 7310601 7980601 2370973 7310129 7310669 7310601 2370973 2370973 1030829 7310161 7980973 7310114 7310161 7310693 7310857 7310161 7310129 1030829 3730200 1030829 7310877 1030282 2370973 3730200 7310765 2370973 7310129 7310891 2370973 7310404 7310891 7310404 3730386 7310601 7310652 7310601 1030877 3730519 7310601 7310601 7310114 7310161 7310669 7310877 7311021 7310161 7310601 2370973 7310404 3730419 7310177 7310564 7310177 7310700 2370973 7310161 7311021 7310161 7310404 2370973 7310601 2370973 7310765 7310129 7310891 7310161 1030765 7310601 7310765 3730974 4880973 7310601 7310891 3730580 7310601 1030266 7310177 7310601 3730981 7310129 3730200 7310765 7310129 7310601 4880973 7310161 7311021 7310161 7310404 7310601 7310404 7310601 1030928 7310114 7310601 1030969 7310129 7310430 7310564 2370973 7310177 1030877 3730829 1030877 7310404 7980601 7310564 2370973 7310177 7310601 2370973 7310765 3730519 7980601 7310891 2370973 7310765 7310765 2370973 3730177 7310564 7310129 7310700 2370973 4880973 7310419 7310564 7310765 7980973 7310564 7310765 4880973 7310161 7310564 7310601 7310601 3730700 1030857 7310601 7310129 4880973 7310564 2370973 7980973 7310564 7310564 1030969 2370973 7310601 7310601 7310877 2370973 7310959 7310601 7310669 7310161 3730177 7310129 7310765 1030292 7310404 7310161 2370973 7310129 7310891 7310177 2370973 7310129 7310363 1030857 7310161 7310857 7310891 7310564 3730200 7310700 7310161 7310700 4880973 7310564 4880973 7310161 7310601 2370973 7310177 7310129 7310177 7310161 7310161 1030829 7310266 7310177 7310891 4880973 7310601 2370973 7310877 1030266 7310601 1940973 2370973 7310765 7310601 7310765 7310601 7310129 7310601 3730200 7310601 7310601 1030404 7310765 2370973 7310571 7310161 7310114 7310161 7310857 2370973
7310564 8190973 5370829 3730981 6350177 8190937 4630829 3730700 6350765 6760601 6760601 3730241 9350700 6760973 3730765 6350765 5370877 9350114 6760601 8190266 3730177 3730981 6760481 6350765 9350765 6760601 8190772 9350765 8190870 6350891 6350765 9350564 7310601 3730981 3730114 3730829 3730241 6760564 3730993 6760564 6350404 7310601 7310651 6760296 3730404 6350404 5370877 3730981 6760765 3730765 9350564 8190829 5370877 3730241 3730981 9350870 6760296 9350114 3730981 8190571 3730993 6760700 6350891 9350700 10110857 6760646 6760857 3730993 6760877 9350765 6760601 6760481 7310601 3730981 3730404 3730601 3731002 3730241 6760942 3730241 3730601 3730772 7980973 3730601 3730765 9350114 9350765 6760564 9350114 3730241 6760765 6760857 9350765 6350114 6760601 1760973 7310601 3730241 3730601 3730177 6350765 6760857 6350765 3730137 6760296 6760765 6350601 6760481 7310651 8190829 6350404 9350564 6350177 6760942 6350404 7310404 6350601 3730700 7310177 8790857 2760857 6760481 6350177 6761023 2760652 7310669 5370877 6350765 6350765 3730870 2760857 3730229 6350404 10220857 3730981 6760177 3730765 2760857 6760942 3730601 7310404 3730981 3730404 3730829 3730241 5370829 6760700 3730241 6760700 3730241 7310651 8190942 6350114 6760700 6760481 8190829 3730241 9350765 9350564 6350177 7310669 6350765 6760601 9350114 6760296 3730241 7310669 7980973 6761023 6350765 5370877 3730765 6760601 3730981 5370829 4910200 6760564 9350765 7310564 6760601 3730942 6760601 2760857 7310601 6760700 6760765 3730601 7310765 6760942 3730229 6760942 9350700 6760177 9350765 6760564 8190829 7310564 9350765 6350765 6760601 9350880 3730296 6760693 3730877 9350765 3730765 9350700 3730404 9350114 9350765 6350765 6350601 6760700 3730386 6760765 3730981 6350891 6760601 6760942 6350601 6760942 6760942 3730229 9350177 6350404 6350601 6760700 6760877 5370419 9350564 6761023 6760177 6760646 6760601 9350114 6760601 3730241 9350564 9350765 3730241 10110857 7980601 2760404 3730928 3730241 6760942 9350765 6760942 6760601 7310765 6760601 6760601 6350404 9350114 3730981 9350765 7310601 3730765 5370829 3730601 3730601 7310651 6350601 6350177 2760857 5370877 6760857 3730419 6760942 3730877 6760973 3730765 7310564 3730765 9350700 7310114 5370877 6350857 6760973 3730177 6350404 3730829 9350422 3730981 6760646 7310651 6350891 7310601 6760266 7310564 8790857 3250857 6760601 7310669 3730241 9350765 6350114 7310564 5370829 6760646 6350404 6350601 6350404 3730829 6761023 6760765 5370829 6760877 3730241 5370829 6760942 6350404 6760601 7310404 8790857 6761023 8790857 6760877 6760177 3730519 5370829 3730601 3730765 6760601 6350891 3730765 3730981 8190765 7310601 6760481 3730114 6760700 3730241 3730229 8190519 7980973 3730765 3730765 6760857 6350404 3730601 3731002 6760942 3730993 9350177 6760942 3730981 6350601 6350404 5370829 3730981 5370877 6760877 6350601 6760601 6350857 9350765 6760646 6350765 6760877 6350177 6760601 6350857 6760266 3730829 9350937 7310765 7980973 6760942 7980973 6760601 3730942 6350765 3730296 3730941 7310114 6760942 3730114 6760601 6760942 3730961 6760601 3730765 3730137 7310601 9350765 9350700 3730519
5370877 8190765 3730137 6760765 3730137 3730404 8190973 6760693 9350765 8190765 8190877 8790857 8190571 6760601 3730114 6350765 5370266 6760601 3730981 3730601 6760564 8190829 6760942 6350891 3730981 6760765 3730137 3730114 6350601 9350114 6350601 6760765 6350601 5370829 6350177 6350601 6760646 8190765 6760928 6760564 3730601 6760700 8790857 6760942 8190419 6760942 6350916 9350700 8790857 2760404 3730829 3730241 6760877 8190765 6760877 6760601 6760942 6350765 3730928 6760700 3730241 3730993 9671023 8190765 2760857 9350937 8790891 8190687 6350765 4910200 6760693 9350765 6760601 9350765 3730241 2760857 7770857 10110857 8190564 7310765 6760601 6760765 3730601 6760693 3730519 6760700 8790857 9350560 8190942 4910481 6760928 6350601 6350177 8190419 6760877 8790857 9350114 5370829 6350404 6760693 6760857 6350177 9350700 8190829 5370877 8190877 9350564 8190829 9350564 10110857 5370877 6350404 8790857 6760601 5370877 8190877 6760601 3730241 4910200 9350880 8190765 6760601 6350765 6760601 6350646 6760601 6350404 10110857 3730137 3730993 6760942 6350765 6760601 8790857 6760601 3730981 9350114 6760266 6760942 6350404 6760601 6350404 3730241 3250857 6760700 9350765 6350601 6760700 6760857 6760942 3730765 7310564 6760481 6350891 9350177 6760564 9350872 6760942 6350404 6350404 9350564 3730700 3730404 6350765 7310651 9350700 10110857 6350765 6760601 9350765 6760601 5370266 2760857 6350404 8190765 9350700 6760765 8190877 8790857 5370877 6760601 4910200 8190765 6760601 8790857 10220857 8190765 6760601 6760646 8190571 7310651 3730137 9350765 4910200 10220857 8190371 3730137 10220857 6350601 8190519 5370877 8190765 2760857 9350564 9350765 6760700 6760601 3730404 3730829 7310601 8190564 9350177 6760700 6350404 8190829 6760877 9350700 6350601 6760646 9350114 5370829 6760700 2760857 9671023 3730241 6760177 8190877 9350700 6350404 6760877 6760693 7310601 8190877 3730519 9671023 9350765 8190877 8790200 6760601 6760296 2760857 6760700 8790857 3730137 3730765 6760601 6760601 6350765 9671023 8190765 6350765 8190877 9350700 9350114 8790857 6760601 2760857 3730229 6760564 6760942 8190829 9671023 6760601 6350114 6760601 6760765 6760646 8190877 3730229 6760564 6350404 6350404 3730765 6350601 8190772 9350177 6760942 8190829 6760765 9350700 10110857 6760973 8790200 8190877 6350601 6760693 8190765 9350765 8790857 6760601 4330857 6760646 6350114 4910200 6760693 6350114 8190765 10110857 3250857 3730229 7310404 8790857 6760601 6760646 6350891 6760646 6350114 6760646 4910200 9350765 6760942 8790200 9350872 6350114 7770857 6760765 6760942 3730829 9350564 6350114 6760942 6350114 2760857 6350404 6760942 6760857 6760877 8190765 6760877 9671023 8190829 6350404 9350765 8190877 8790857 2760857 6760693 8790857 6990481 3730765 5370877 6350404 8790857 6760601 3730404 9350765 3730981 6760765 8190765 6760646
10110857 10220857 10110857 7310419 10220857 7310765 10110857 7310942 10110857 7310829 7310942 10110857 7310601 7310877 7310877 5590652 9070652 7310891 10220857 7310877 7310829 7310114 7940973 5110004 7310363 7310571 9350765 7310419 7310877 5110549 7310877 10220857 7310601 7310266 7310114 7770857 7310571 7310371 7310266 7310835 7310924 7310829 7310829 7310114 7310419 7310404 7310829 7310114 7310877 7310829 7310419 7310765 7310765 6760266 7310829 10110857 7310419 7310419 10110857 7310404 7310924 7310835 10110857
7310419 10110857 6760877 9350765 10110857 6350765 6760601 6760928 6760928 6350404 7310404 6660371 7310700 7310601 7310765 7310601 7310829 7310700 7310765 7310877 7310700 10110857 6350114 7310942 6760942 7310765 7310877 6350114 7310114 10110857 7310114 7310942 6661007 7310363 3730419 4990857 7770857 7310741 10110857 7310430 7310924 10220857 7310601 7310114 7310993 6760266 7310765 10220857
7310765 7310700 7310404 7310993 10110857 7310700 7310700 10220857 7310700 7310877 7310601 7310564 7310877 7310114 7310564 7310601 10110857 7310404 8790857 7310004 7310266 10110857 9350687 10110857 7310651 10110857 10110857 10110857 7310924 10110857 7310924 7310877 7310601 10110857 10220857 10110857 7310993 9350205 7310765 10110857 6350404 7310114 7310961 10110857 7310765 7980973 7310961 10110857 7310419 7310942
6760973 7310877 7310877 10220857 7310114 10220857 6901023 7310993 10110857 6350114 7310404 7310942 6660371 1920857 6350765 7310877 10110857 10110857 10110857 7310363 10110857 7310765 7310993 7310700 7310430 7310282 7310371 7310877 7310877 9350516 7310829 7310601 7310993 6760928 6760942 10110857 9350177 10110857 6760266 10110857 7310564 7310564 9350564 7310993 10220857 6350891 7310961 9350516 4990857 10220857 7310114 6760942
7310564 4990857 10110857 10110857 10220857 10110857 10110857 10220857 6760266 7310993 6760700 10110857 4990857 7310571 10110857 10220857 10220857 6760877 6760296 10110857 7310371 7310161 7310877 10220857 6350765 10220857 7310564 7310419 10110857 10220857 7310601 10110857 10110857 7310114 7310891 7310404 7310877 7310404 7310765 7310114 7310266 7310371 10110857 10110857 7310430 7310700 7310430 6760177 6660371
3730519 1030419 1030638 1760973 1030877 1030857 1030961 6760481 1030993 1030765 7310177 4880973 3730993 8190765 9350765 5370877 4910481 4630200 6760601 3730829 1030877 3730891 3731002 3730942 3730519 9350700 7531023 8870870 1940973 6760928 2760969 7310961 7310942 7310961 7310841 7310564 8790200 3230212 7310700 6661007 4990043 8871007 9350937 9350114 7310829 730870 1940973 7310601 7310601 7310266 9350564 7530564 3250937 4990930 7310959 9350870 5370877 6990481 3950371 3700741 3730941 3730700 3730891 1030765 1030404 1030765 8190877 8190371 8790857 8190877 1030993 7310891 1030928 6761023 1030969 1030877 1030993 8190516 6760877 9350700 7310177 7311021 5370877
8190829 8190829 8190765 3250857 9350646 8190687 9760200 8190765 8190765 4040200 3950924 3950371 250200 9350564 8190564 8190519 8190937 8870741 8190741 8190765 7310177 7310363 8190571 4630043 3730296 3730296 3731002 5370200 250200 8190765 3950371 4990857 3250560 9040872 9350580 8870043 6760928 5110812 9350870 730363 8190942 9040857 7790829 4720363 4990857 8790891 9350964 3950371
3730241 3730700 9350700 3730228 5370829 9350114 8870580 3950960 6350857 3730960 6350177 5370752 7790829 7531023 3730241 3730241 9350580 5370829 8790857 6350765 8190937 9710857 5370266 5370930 5370930 8870580 8870580 6760646 9760200 3730700 1030857 4880973 8190765 8190942 5370829 7770857 9350700 3730266 3731002 3730941 6350765 3250877 6350891 8790857 9350937 8190937 10220857 5370877 2760404 7310419 8190812 3250857 8190765 3250857 8190765 8790891 6990481 8870741 8190266 8790857 6760877 3250857 3250937 6760646 8710782 7530580 3950371 3250877 3950960 3250877 4910481 9350937 9671023 9350560 5370752 9350564 9350888 8790200 8190765
8790891 8190765 7530859 8870812 9710743 7530564 6760942 9040580 730937 7530859 8870580 7530859 3230646 2760928
8190829 6990481 4910481 5370877 6990481 8190877 6990481 7310877 3250043 6760646 3250857 8190765 8190765 6990481 9671023 9350114 8190877 8790857 4910481 8790857 7770857 3730386 3250877 8190571 3730177 6760877 6990481 8190829 6760564 9350177 5370877 4330857 6760296 6760296 6350891 6350177 8190687 8190877 8190877 3730241 1030765 7980601 7310693 7980973 7310564 7310564 6350857 7310669 3730266 6760481 8790857 8190516 8190687 3250877 9040857 6350177 7980973 2760404 3730404 6350601 6760601 8790857 8190877 8190765 8190877 8790857 6990481 8190765 6990481 8190765 4910481 8790857 8190765 3730496 8790891 3730137 3730404 8190266 6350765 8190877 8190937 6350114 8190765 8190765 5370859 8190829 8190571 6350404 4910200 8190877 8190765 8190877 6990481 3730829 9350700 9671023 8190877 6350177 5370877 7310404 5370829 4910200 3730765 8190877 4910200 8190765 8190765 6760564 8190564 8790857 3250857 8190942 6990481 9760200 8190829 8190765 7530564 6990857 8190829 8190829 6760765 3250857 10110857 8190829 8190877 6990481 8790857 8790857 4910481 6990481 8190419 3730137 6990481 8190765 8190877 3250857 8190765 4910200 8190564 10110857 3250857 6760601 6350601 8190877 9760200 8190877 3730114 8190419 8190877 7531023 8190942 6760942 9350765 8790857 8790857 8190646 8790857 8790857 6990481 3250857 4910200 8190877 8190765 8190765 8790857 4910200 7531023 8190571 8190829 6990481 8190942 3250857 6760700 6990481 8190829 6990481 8190859 6990857 7310129 8190571 6990857 8190829 8190687 8190859 8190564 8190942 3730296 4910481 10110857 8190877 8790200 8190765 8190877 8190877 8790857 6990481 3730601 6990857 8790857 6350601 8190859 8790857 3250857 4910200 3250363 3250857 3250857 9350114 4910200 4910481 3250363 9350700 6350601 6760564 9350894 6990481 8790857 8190942 8790857 7530580 8190687 8190877 8790857 6990857 8190765 4910200 6990481 8190765 8190829 8190765 3470200 3250857 8790857 8190765
1030857 4880973 8190043 7531023 8871007 8190765 5370043 5370859 3730241 7310959 8190266 5370752 6990857 7310857 7311021 8190043 8190877 7980973 9350564 1030765 1030829 8190765 8190829 8190765 8190877 8190765 8190937 3250857 6040857 1030877 3730419 1030404 7310959 1030829 7310891 7310177 2370973 1030292 1030292 7310669 1030829 5370266 1030404 5370829 8190419 8190571 3731002 1030877 1030404 1030404 1030765 6761023 1030282 3730296 1030419 1030114 3730772 1030765 1030877 1030282 1030829 7980973 1030765 1030266 1030829 7310891 1030200 1030114 1030419 1030829 1030419 1030200 1030419 1030292 1030877 1030857 7310161 2370973 1030419 3730241 5370200 8190765 8190942 5370841 1030282 2370973 1030877 1030857 1030829 4880973 4880973 4880973 4880973 4880973 4880973 4880973 4880973 4880973 7310177 4880973 4880973 4880973 8190765 8190877 8190765 8190942 3250937 8190765 8190266 8190829 8190942 5370071 8190765 9041023 4910481
3730404 4630829 9350564 3730564 3730829 6760564 3730829 3730877 3730877 3730404 3730241 3730404 8190829 3730601 3730601 3730877 3730829 6760601 6350765 9350765 3730877 6760564 3730137 8190571 6350601 3730564 6350114 6760601 8790857 3730601 6760700 8190765 3730404 3730700 6760700 3730404 3730137 6760857 3730404 3730877 8190752 8190877 3730114 3730419 8190942 6760700 8190765 6760601 6760646 3730404 8790857 9350765 8790857 6760564 9350765 3730993 6760601 3730601 4990857 6350404 3730601 3730266 6760765 8190942 8190894 3730941 3730700 6760646 4910200 3730993 3730404 8190765 3250857 6760942 3730993 7310969 3730404 8190571 3730700 6760177 8190877 6990481 3730981 3730137 6760857 3730765 6760765 8790857 6760601 6350646 3730601 6760942 3730404 6990857 8190877 9350896 8190765 3730137 3730942 6350646 3730601 6760564 6760266 9350765 6350601 6760646 6350114 3730266 6760564 3730404 8190419 6760877 3250857 8190571 6760857 6350891 8190571 6760877 8190266 8190419 6760296 3730404 8190571 8190877 6350404 6350601 3730765 6350601 3730700 6760601 3730765 8190877 8190765 4910481 6760928 3730601 9350700 3730765 3730601 3730700 8790857 6760765 6350601 10110857 3730564 3730601 3730564 3730137 8190752 4630928 6760765 6350177 3730601 8190877 6760601 3730829 3730519 3730829 3730829 3730404 3730993 6990857 8190829 3730993 3730829 8190877 6350765 8190877 3730404 8190877 8190687 6760601 3730829 3250857 3730765 6760601 3730765 3730877 6760646 6350765 3730601 8190266 6760601 8790857 4630829 8190266 3730114 3730877 3730564 3730765 3730404 4910200 8190937 3730601 3730564 8190765 3730114 3730137 3730177 6760857 3730404 6760177 3730942 6350601 6760564 3730404 3730829 3730404 8190765 6760877 3730829 3730419 6350916 8190829 8190877 3730404 3730829 3730981 3730765 3730700 6760857 3730601 3730993 8190571 3730877 4910200 8190765 9350765 3730137 6760857 8790857 3730296 3730765 3730601 6350765 6760765 3730942 6760700 6350765 3730829 3730114 3730296 3730981 7310601 1030114 1030829 7310693 7310891 1030829 1030877 5370829 3730700 7310651 3730177 6350404 6760177 9350564 3730404 6350177 3730404 6760601 6760857 3730601 3730564 3730404 3730601 9350700 3730404 3730765 8190877 9350564 3730404 6350891 1030877 3730241 4330857 7310161 1030404 7310177 7310564 1030404 7310601 3730981 1030114 3730114 2370973 7310601 7310404 6761023 6760765 3730601 6350765 6760693 3730114 6760942 3730928 9350114 3730700 6350765 3730770 6760857 6350891 6760601 3730829 8190942 3730564 3730829 6760564 3730770 6760177 8190877 3730700 3730981 6760601 6350404 8790857 6350404 3730765 3730877 3730404 5370877 3730924 3730765 3730829 3730229 3730765 6760601 6350891 3730601 8190942 6760601 3730241 6760765 7310669 3730765 3730601 3730700 3730829 6760481 6760601 3730229 3730177 3730981 4910200 6760857 6350601 3730241 3730404 3730829 8190877 3730404 8190942 3730829 3730877 3730765 3730229 3730229 6760601 3730404 3730765 6760601 3730404 6760601 3730765 6760266 3730177 8190829 3730765 3730296 3730981 6350765 6350114 1030969 1030993 7310669 3730241 6760601 6760765 6760564 6350857 6760601 6760564 3730993 6760942 6350404 3730564 8190371 3730829 4630960 8190829 6760564 3730114 6760928 8190266 8190829 3730404 7310669 3730404 3730177 3730404 6350765 7310564 7311007 7310177 7310857 7311007 2370973 7310404 7310177 7310564 7310693 6760177 8190419 3730765 8190877
4880973 3730974 3730241 3730137 3730891 2370973 1030266 3730646 5370829 3730601 3730765 2370973 8190266 1030200 3730363 1030765 3730981 1030700 8190765 1030928 1030857 8190942 3730829 3730928 7980601 2370973 2370973 3730564 5110549 7310371 9350700 6760765 6760481 9350114 3730877 3730974 7310430 3730419 3730942 3730765 3730430 2760404 3730700 8190266 3730700 8190765 4910200 8190809 6760700 8190859 4330857 3730928 3730765 8190571 3731023 3730200 1030928 8190829 6760481 8190765 8190942 1030928 8190752 8190877 6760601 5370580 4910200 3730241 8790857 8190560 8190765 6760601 3730560 6350601 6760481 6760564 3730419 6760646 8190687 3730928 8190942 1030419 7310564 3730004 3730419 8190571 9350580 3250937 3250857 3730601 3730898 8190859 6350857 8190571 8190829 8190829 8190765 6350646 3730114 6350857 3730564 6760765 4880973 7980973 9350765 3730765 3730363 3730241 3250857 3730974 3730241 8190829 8190564 5370687 8190877 6761023 5370266 8190765 2760114 3730601 8190765 8190877 8790857 8190741 3730765 8190765 5370993 6760928 8190765 8190765 8790857 9350765 8190877 8190765 8190765 8190829 6350857 8190564 3250857 4910200 10220857 6760928 8190829 9350646 3250857 3730137 8190937 8190765 9350564 3731023 8190765 3730601 3730404 7310177 6760928 5370961 8190765 8790857 3730700 3730601 8190765 1760973 3250857 8191023 8190877 8190942 6760601 3730646 8190765 8190765 9350913 4630200 4910200 1030928 8190516 3730765 6350404 7310700 3730601 9350880 8190765 8190765 3730700 3250857 3730928 3250937 8190765 8190877 4910481 8190419 3250857 8190765 8190765 3730601 3730241 6760601 8190765 3730419 3470857 8790857 9040857 9350564 3731023 8190765 8190877 3730404 8190765 8190765 8190564 8190765 7310564 3730829 3730601 3730928 1030928 8190859 7530859 7310419 9350765 6350404 4880973 7310765 8190942 8190765 8190765 9350564 8190687 8190765 8190942 3731023 8190564 3730404 4880973 1030292 4880973 1030419 4880973 4880973 7310161 4880973 1030419 1030200 1030404 1030419 7310004 1030829 7310601 1030282 4880973 1030266 6760700 9350765 2760404 6760481 1030928 7310177 7310942 7980973 4880973 7310129 4880973 4880973 1030200 1030200 1030200 4880973 4880973 4880973 7310564 7310114 7310564 7310669 7311021 7310651 1030877 3730241 7310669 7310693 1030404 7310841 6350114 5370877 1030404 5370859 3730829 6760601 6761023 7310177 1030404 1030282 7310430 1030877 8190687 8190942 3730877 7310891 7310857 4880973 4880973 2370973 4880973 3730981 9350765 8190829 8190942 2370973
3730969 3730177 6760857 3730404 3730363 7310430 5370841 3730404 3730241 6760700 3730765 3730870 3730765 4880973 1030282 3730241 3730404 3731007 6760942 3730430 3730700 3730700 8190571 3730241 3730137 3730363 3730601 3730601 3730363 1760973 6760646 3730229 6350857 6760601 6761023 3730601 1030877 3730241 3730229 4630200 3730419 3730241 6760177 3730981 3730114 7310651 3730942 3730229 7310601 1030857 2370973 3730404 8191023 7310404 6760646 3730386 1760973 7310564 1030200 6760296 1030404 1030857 6760857 1030928 3730765 3730519 3730765 3730877 6760601 3730765 3730765 7980973 3730404 6760877 6760857 3730829 3730404 8790857 3730646 7310129 3730765 6760857 3730993 6760601 9350896 6760601 6760481 3730266 3730993 3730928 7310651 3730601 3730205 3730841 3730941 3730404 3731002 6760857 3730363 3730891 3730296 3730177 3730993 6760564 3730891 3730829 3730700 3730241 3730601 1030877 8190419 3730200 3730765 1030292 7310959 7310404 7980973 3730137 3730404 3730601 3730601 4330857 7310564 3730404 3730877 1030114 6760857 1030765 3730765 1030877 3730200 3730646 8190765 3730601 3730404 3730601 3730765 3730296 6760646 6350891 3730241 8190765 6760601 3730700 3730928 6350857 3730700 7310430 3730765 3730601 6760646 3730601 7980973 3730700 8190765 3730601 9350870 3730765 3730137 3731002 3730177 3730891 3730564 8790857 3731002 6350404 3730601 3730241 6761023 3730700 3730829 6760877 3730241 8190942 3730519 3730829 1760973 3730765 6760857 1030114 3730877 4630200 3730419 3730928 3731023 3730419 3730993 6350765 3730700 3730829 3730241 1760973 3730419 4330857 8190765 3731002 1030282 3730765 3731007 3730229 3730404 6350177 6760266 3730114 6760481 6350765 3730241 1030266 6350891 3730877 3730241 3730829 3730829 6760700 6760928 3730601 3730829 3730363 6760765 3730601 3730114 3730891 3730700 3730296 3730601 6760928 3730266 3730241 3730137 3730404 3730404 3730177 6350404 1760973 3730404 3730114 4630200 6350404 8190765 3730877 6760693 3730601 3730765 8190877 3730404 9350765 8190765 3730404 3730877 3730765 6760601 3730765 6760481 3730765 3730765 3730700 3730877 3730981 3730928 8190829 3730993 3730241 6760857 3730765 3730564 1030993 3730241 8190571 3730877 3730241 3730601 3730981 3730928 6760700 3730241 6760646 3730229 3730137 3730942 3730404 6760601 3731002 9350114 8190765 6760564 8190829 6760601 3730941 3730601 3730984 3730241 3730765 3730404 3730404 3730765 3730877 4630282 3730829 6760601 1030404 3730981 8190829 3730700 3730765 3730765 3730877 1030200 6760266 3730646 6350601 6760646 3730765 3730928 6350891 3730877 3730941 3730601 3730404 8190870 3730241 3730981 6760942 8190765 3730601 6760481 3730700 3730646 3730765 3730841 6760564 3730114 3730404 6760266 4630200 3730765 3730404 3730241 6350916 3730386 3730981 3730266 8190419 3730700 3730765 6760877 3730765 3730564 3730404 3730404 6760177 3730241 6760857 7310430 3730877 1030419 3730404 3730601 3730877 3730601 8190937 3730404 6350765 3730646 8190829 6760857 3730765 3730924 6761023 3730993 3730404 3730765 3730765 3730241 8190266 3730829 3730601 8190942 3730241 8190942 3730601 3730765 3730601 6350857 3730700 4630829 6350916 3730177 3730601 6760601 3730646 3730700 3730404 5370841 3731002 6760601 9350564 3730404 3730601 3730296 6760857 3730404 9350765 1760973 3730241 3730177 3730829 3730877 3730404 8190765 3730928 8190765 8190877 3730765 6760601 3730004 7310601 3730404 3730241 8190877 3730829 3730981 6350765 2370973 3730241 6760601 7980973 1030404 1030765 1030419 7310564 7310765 4880973 2370973 1030857 7310601 7311010 1030114 7310601 6760928 3730241
3730765 8190564 3730137 5370877 3730981 8190419 7310404 6350891 3730519 6760481 6760693 3730765 7311007 7770857 6350601 3730770 7310841 4880973 7310601 6350404 4630928 8190859 3730363 8790857 3730924 6760601 3730404 8190942 1030829 6760481 1030829 1030961 7310651 1030877 3730961 6350114 6350114 3730601 8190859 3730601 6760646 8790857 3730601 6350601 6760564 8190765 8790857 8190829 6760646 4910200 6760564 9350564 6990481 8190859 3730177 1030877 7310404 7310114 7310177 1030404 7310177 7310601 1030282 5370829 8190765 8190829 9760200 8190765 8790857 9350765 6760601 8190913 4910200 6350891 3731023 3250857 8190564 8190942 4910200 8190564 8190765 8190829 8190829 8190942 6760693 8190829 8790857 8190877 3730404 8190829 8190877 8190765 6990857 8190765 6350404 5370282 10220857 10110857 8790857 7530580 6760646 730857 8190877 3730829 8190564 3250857 8190877 8190829 8190516 8190829 8190564 8790857 8190877 8190765 8190877 6990481 8190765 8190877 8190765 4910481 8190765 8190942 8190765 4910200 8190765 8190877 8190765 8190765 8790857 8190765 8190942 6350601 8190942 8190765 7310601 7310601 6350916 1030993 6350601 6761023 7310161 2760857 3730646 8190765 8190877 8190765 8190877 8190829 6760601 6350765 8190877 8190765 8190942 8190877 8190765 6760765 5370741 7310765 3730601 6350765 6760564 7310765 8190877 9350765 8190859 6760601 3730765 9350700 3730241 3730772 1030404 7310177 4880973 4880973 4880973 4880973 7310669 1030404 7310601 7310430 7980601 9350177 6760601 3730700 3730177 7310601 3731002 3730229 3730601 8190859 6760646 9350114 7310961 3730765 3730601 3730700 4880973 4880973 4880973 4880973 4880973 7310700 7980973 5370419 5370877 3730404 8190519 3730877 3730765 6350404 6760857 3730404 9350177 1030928 3730404 6350177 1030877 8190829 7310969 7310765 9350700 7310741 9350765 9350765 8190877 8790857 8790857 8190266 3730601 8790891 6760601 3730928 6350916 6350601 7980404 3730404 2760857 6760601 3730601 6760646 6350916 5370829 8190961 1030282 3730404 8790857 9350700 6760601 6350765 8190877 2760857 6990481 1030419 7940973 4880973 4880973 4880973 1030877 4880973 7310129 7310601 3730519 3730177 1030829 7310700 2370973 7310161 1030877 7310891 2370973 1030928 7310404 7980973 3730200 1030700 7310669 4330857 3730386 7310601 6760693 2370973 6761023 6760601 6760646 8790200 3730404 6990857 8190571 6760564 8190571 8190942 6350765 6760177 8190829 6760877 6350891 6760646 8190877 8790857 3730646 9350700 3730981 7310765 4880973 1030857 7940973 4880973 7310765 2370973 7310129 7310601 3730993 6350765 8190877 8790891 8790857 6760877 8190877 8190765 3730601 8190877 6350404
8190859 4910481 8190877 6990857 3250857 6990481 8190877 8190564 6990481 8190765 8190419 3730177 9350177 7310765 1030282 1030404 7310651 2760857 4910200 8190765 8790857 8790891 8790891 8790891 7310419 5330652 5370266 5370071 3250937 8790200 8190765 8190765 8190765 8190877 8790857 4910481 8190765 4910481 8190942 6990857 7530564 8190829 3250857 4910200 8190765 8190829 6760601 6990481 8190829 3250363 8190829 5370829 6760266 7310404 5370841 9671023 3250877 3250363 8190877 8190877 6990857 3250937 8190765 3250857 4910200 3250857 4910481 8790891 6760601 7310564 7980973 5370741 730580 8190877 6990481 8190877 8190765 8190564 8190877 6990857 8190765 4910481 8790857 3250363 6760601 8790200 6760177 7310765 7310993 3250043 8190765 3250877 520857 6990857 6990481 8190765 6990481 8190937 3250857 7310651 10110857 4910200 8190937 9350114 9350687 7311021 3250363 4910200 3730404 8190765 3250877 6990481 8790857 7530859 8190765 8190877 1030857 8790857 8190765 8790857 8190859 4910200 6760646 3250857 6760700 8190877 6990481 9350114 8190877 7310404 5370829 7310841 8190829 9350765 6760765 8190877 8790857 8190877 6990481 4910200 8190765 4910200 8190942 6990857 4910481 8190937 3250857 8190829 8190765 4910200 8190942 6990857 3250857 8190419 8790857 3250857 9350564 6990481 6350765 8190829 8190765 3730981 8190571 6350601 8790857 8790857 5370859 6760646 8790857 8190419 8190829 6760564 6990481 6350601 9350646 6350404 5370841 7770857 9350114 3700857 6760564 6990481 6990481 4910481 6990481 8190942 8190877 6990481 3730941 3250857 4910481 3250857 3730601 4910200 6040857 8190765 9671023 8190829 8190564 8790891 8190829 8790200 3250857 8790857 9350564 6990481 8190829
4720969 3731002 8870282 520371 5370993 730894 730282 9040969 4040200 4040200 4720544 4720544 3250363 7310857 8190973 8870560
3731002 4630829 3731002 4630200 5371023 3731002 1030282 1030700 5370841 3730928 3730646 7980973 4630928 5371007 4630200 7980973 7980973 5370200 7980973 7310430 3730870 5370266 6760481 3730928 5370200 3730241 5370419 3731002 3730386 8191023 7770857 3730266 7980973 3730646 5370687 5370729 8190961 7980973 8190961 1760973 7980973 5370200 1030928 5370200 4630200 3730700 5370841 5370200 5370200 7980973 7980973 8191023 7980973 7310430 5371007 5370282 5370266 7980973 7310700 6760481 6760857 7310961 5370282 5370200 3730961 7980973 5370266 5370930 8190765 3731002 9350937 6761023 6760646 1030282 5370859 3731002 9350729 1030282 9350880 6760481 3730961 6760601 6350646 6760700 5370841 6350857 5370266 3731002 3731002 5370841 4630960 5370580 8191023 3730646 7980973 7980973 3730969 3730241 6761023 7980973 7310835 7770857 9350937 6760765 6350857 6760973 5370859 6760857 5371023 5371010 4631007 5370841 7980973 9350687 7310363 3730363 6350765 3730241 3730841 3730700 9350560 6760266 7980973 3730419 6760646 4990857 6350646 7310363 9350930 7980973 7770857 5370841 3250857 3731002 7770857 7980973 5370419 6760765 7310430 8190519 5370841 5370829 8190266 3730646 3730646 8190765 3731002 8190961 4630772 5370282 4630580 5371007 5370961 9350930 4630282 5370200
9350700 9350700 8190765 7310700 9710857 9350752 6760177 9350765 7310430 5370894 3930864 3250363 9350700 5370200 1030282 7980973 1030638 7980973 250200 7310765 3730200 7980973 1030282 1030282 5370200 2760857 1030292 7310430 5370841 5370481 7980973 1030984 1030043 5370371 250969 7310560 8870560 8190687 7790937 5371023 1030282 5371023 5371023 1030984 250969 1030993 250200 1030857 1030292 1030857 1030282 4880973 1030200 1030638 1031010 1030292 1030282 1030292 1030282 1030292 1030282 1030282 1030292 1030638 7980973 1030282 1030928 1030638 1030282 250200 250200 1760973 5110004 7310282 7310282 4990857 5370371 7310942 9350114 8190913 9350765 3950960 2080580
250961 3950043 1030638 4880973 1030638 1030292 1030292 1030292 4880973 1030292 4880973 1030292 1030292 1030282 1030292 1030961 1030984 1030282 7310942 3250560 9350580 6660948 7310571 3230969 2761007 7530859 8190687 7310942 5370481 5371023 1940973 7310419 7310835 7310571 1030200 4880973 1030200 4880973 4880973 1030200 1030200 4880973 5370200 5370841 1031010 1030857 1031010 1030200 1030646 5371023 1030984 5370870 250930 1030646 1030292 1031002 1030282 4630200 5371023 250200 1030646 1030646 1030292 1030292 1031010 1030282 1030292 1030638 1030292 1030292 1030638 1030969
250200 5371023 3731023 1031010 1030292 1030292 1030857 1030292 1030282 1030292 1030765 1030993 4630930 1030984 1030984 1030646 1030638 8190896 6760857 3731002 5370841 6760857 6760601 3731023 1760973 6350857 3730419 6760646 3730419 3731002 3731002 4630200 3731002 1760973 4630200 1760973 6760857 3731002 3730266 3730363 1760973 3731002 3730984 5370266 3730961 4630580 6350857 7310419 3730241 3731002 1030984 4630200 4630200 4630282 1030700 3730519 3731023 250200 4630200 4630200 3731002 3730420 3731002 3730646 3731002 3730601 5370841 8191023 4630928 8190519 8190913 8190913 4630969 4630829 8190937 5370419 1030829 7980973 1030266 1030700 1030700 1030765 1030993 1031010 7310161 7310177 1030266 4880973 1030200 1030765 1030282 5370841 1030969 3731023 8190961 8191023 1030282 5371023 1030282 1030282 1030282 3730386 1760973 8191023 6350857 3731002 8190765 1760973 3730974 3730430 1760973 3730700 3731002 3731007 7310765 3731023 3731002 3731023 4630200 3731002 3730700 3730228 1760973 1760973 7980973 3731002 5370266 4630200 3731023 3731023 3730241 5370200 4630200 3731002 1760973 3730646 3731002 4630200 1760973 4630200 1760973 3731007 1760973 3730228 3730519 8191023 1760973 3731002 7980973 4630282 8191023 3731002 1030993 1030857 3730200 1030282 1030282 3731002 7980973 7980973 3730941 6760973 3730646 6760857 3730841 3730700 3731002 7980973 4630200 1760973 1760973 8191023 3731002 1760973 3730646 4630200 8190571 3730241 1760973 1030282 3730984 3730601 7310560 3730504 3730700 6350857 1760973 3730700 4630829 7980973 4630580 3731023 4631007 3731002 3731002 5370829 3731023 4630200 1760973 3731023 3731023 8191023 8190961 5370544 5370829 3730928 3730700 5370419 3731002 3730266 3730177 1760973 1030765 3731023 3730646 8190266 7980973 4630772 3731002 3730241 3730974 3730004 3730266 7980973 3731023 3730646 1030993 1030984 3730177 3730993 3731002 7310161 3731002 3731002 7980973 3730941 1760973 7980973 3730241 3731002 3731002 1760973 7980973 1760973 1030928 4630200 1760973 3731023 3731002 3731002 1760973 3730519 1760973 3730241 1030292 3731002 1030282 1030993 1030961 5370801 3730004 1030282 1030646 7980973 3730646 4630200 3730228 4630200 3730646 3730646 3731002 1760973 4630200 5370419 1760973 7980973 1030700 1030282
4990857 4040200 7770857 5110004 7310560 7310693 7310700 1030266 1030646 4630200 1030984 1030969 1030292 1030282 1030292 1030282 1030282 1030282 5371023 1030282 1030984 5370200 1030969 1030282 1030646 1030282 5370200 250200 250961 1760973 1031010 4630200 1030638 5370200 1030200 4880973 1030969 7980973 1030282 1030638 1030200 4880973 1030857 7310114 1030928 1030419 1030114 250930 250200 250200 1030282 8191023 1030984 1030282 1030292 1030200 1030200 1030292 1030638 1030292 1030043 1030638 1030292 7980973 1030857 1030638 1030292 1030043 1030857 1030292 4880973 1030200 7980973 1030292 1030282 1030646 1030638 1030984 730928 9311023 9350888 730894 3470373 7790961 3950043 4630200 1031002 1030646 250930 1030646 5371023 250200 1030984 1030043 1030646 1030043 1031002 1030993 5371023 250200 250961 1030282 1030292 4880973 4880973 7980973 4880973 4880973 4880973 4880973 1030282 1030292 1030200 1030200 1030282 1030638 4880973 1030282 5370200 1030993 1030646 1030200 1030638 3731023 1760973 4630200 5370200 4630200 4630200 1030646 4630043 1030043 1030646 250200 1030282 1030857 1760973 1030292 7980973 4330857 6350404
4040200 3730602 8190973 3950930 3250857
2760772 8870772 8870772 7090973 7530580 4630857 9350700 7790937 7790961 3730961 9350752 8190969 8190969 8190888 8190765 3730961 3730241 3930519 4300857 4040200 4040200 4040424
3470987 9350964 9350646 9350913 7790937 9040580 7790516 3700519 6760700 8190894 3730969 9350646 4040200 910857 8190960 250071 5370894 250071 3730601 3730888 250961 250519 3730993 2080857 3950924 3731002
5370043 8790891 2080894 4040200 4630638 5370930 5370043 4040200 4720363 730928 730969 730969 731023 910200 7790870 2760870
4880973 5370481 1030282 5370729 2760772 9350870 4880973 5370894 250580 250580 7790913 3730870 2081023 3730870 7980973 8190870 2760870 250961 4750870 2760870 2760896 1030993 5370894
9350880 7791023 4630857 4630969 9040857 4630930 3950729 7790857 2760857 8190770 8190937 9710857 3470857 4630004 5370729 8871002 1030993 10220857 7310993 7311007 7310571 7311007 9350516 250200 9350114 1940973 7310282 4990857 3730241 3730898 4630200 1030282 4630200 250200 250200 4720961 4720200 1920857 3230928 3230928
5371002 5370833
8870772 1940973 3730960 3730371 3730872 3730928 7790516 8190772 4040200 4040200
5370870 1031002 5370282 4040200 5370870 3730700 5370841 6350646 4720841 4720544 731007 4720841
