209
null
null
1760973 251002 4630200 250519 7790652 4630200 5371023 251002 5371023 250043 250200 7790200 7790857 5370801 1030292 1030638 1031002 1031007 5370801 1030969 5370481 250200 4630200 250519 251002 251002 3391007 8190652 4630386 5370772 5370772 7790969 7310419 5370519 5371023 5370974 5370841 5370544 250961 4630913 7790200 1030292 4610973 7310857 7310646 9351023 5370841 5370200 4630371
null
7790601 7790964 3470772 9710964 4630386 250961 8550580
4720580 2570519 8550519 8550519 2570519 2570519 8550519 2570519
8710888 9710920 3730782 8190857 8190920 8190496 9710371 3470441 3230364 251007 4630969 4630969 730646 8870580 9710205 910071 8710888 4911023 2080888 8710924 8190687 9350564 8190857 6760601 3730993 3250857 9760857 5231023 7530857 5370859 8190404 8190404 7790937 250969 6350646
6900872 7530564 8710741 910937 1030404 8710519 9710864 9710741 8710741 9710350 8710414 9710743 2080888 3250741 8710969 3471007 9710071 8710504 8190560 9710969 9710176 8710752 3950888 7790200 520743 5230969 4630937 9710739 3250560 4630752 3390071 3700969 3700969
9710920 3700743 9710812 3230519 3930796 8870829 3700969 520969 8190829 8190857 9710964 250580 5230414 9710071 9710752 8710782 8710969 910071 8710414 8710414 8710006 3700770 7790857 5230205 300872 9710205 3250857 5370404 6990481 6760601 1030638 8710770 3730877 7310571 2370973 2760580 2760560 8710752 8190404 9350896 3950960 8190877 8191002 7310841 8190961 4040857 4880973
6040857 8191007 8710371 3230864 9710371 8710646 9040580 4720772 6350646 8710920 8710770 6350404 3251007 2760767 5370752 4630752 4630071 9710371 3730601 8190857 8711007 9710462 8710414 8710741 8190767 8190687 3950888 8710767 3470872 6760601 3730071 8870969 3730504 8190857 8190404 3700285 8190857 8190829 9710772 3250857 8190969 8190829
3230371 9710071 5370859 8791023 8710770 3230770 8710205 9710205 7531023 9710969 3730420 3730420 3250363 520942 6760564 8190404 3250363 9710969 7980973 251002 5370974 5370974 1030043 7790857 9710071 9350993 9710741 3730296 7310651 3730296 3730268 3731002 1031007 7980973 3731002 6760646
7310651 7310877 7310419 8190652 2080200 7530564 10220857 1030984 9710894 4330857 8190961 10220857 8710371 4630829 4720363 6990200 8710872 3230872 3470006 8710741 3230743 3250560 8190812 4630937 9710371 8190071 3700870
3250371 9350896 8601023 2760752 3230770 10220857 9350937 3730560 3730993 8190857 8190404 4630266 6761002 6760857 3730519 8190752 2760516 3731002 8190969 8190646 230920 10220857 230504 3730829 6350177 10110857 10110857 8190770 8710519 9710085 3730960 5370741 5370371 3230519 5230519 2760414 9710519 8190564 9350888 3731007 3730601 8190404 8190700 3930870 4610973 5110004 6350404 5370752 5370404 5370877 9350601 5370266 8190961 8870942 8190896 8190829 3250741 3250937 7310363 8710969 6350857 6760765 10110857 7980973 7310669 6350891 5370841 8340519 4911023 4630200 3730519 4630200 4630743 2760896 5370071 300872 9350812 3730560 3730898 3730420 1030928 3730928 4630969
8710888 230767 3930870 3390071 4630743 3700857 8710969 3470870 8710414 9710880 9710071 8710212 8710969 8710969 8710752 8710422 4911023 8190687 6990481 2080894 8790430 6660872 8190404 6760564 8190071 8190580 5230969 8190964 8190071
5370404 2080414 7310571 7310419 9350601 7310646 8790200 2760071 3230888 730888 7790772 3951002 7310419 5370419 9710462 300422 2750212 3730580 3730960 3731007 8190652 9710071 9710729 4911023 8710888 8710782 3250741 8710969 2760888 8190952 8710580 9710519 4720371 8790891 5230037 3730974 2080414 8711007 7790888 2760896
4630937 2760071 3251007 8870414 3390043 7790601 4911023 9710743 5230560 9710071 9040870 5230560 8710414 9710960 3700888 8710888 730770 730364 2760880 3930560 9710285 9710414 8710920 3250877 3950960 9710752 8190652 3471007 4630829 4630960 4630071 8710205 3230864 910205 7790937 4040200 250969 9710729 910363 9350564 5370404 3700960 6990857 7790829 9710043 3700960 9350961 7310601 7311002 7310700 7310646
730964 9710870 8190752 3700743 9710071 2080888 730960 2080770 2760894 3930560 5230969 3930770 8710752 3730974 9040857 5230371 520741 2760580 8710176 5230205 5230205 730960 5110006 2370973 8710770 9350888 8710772 3230770 4720888 8190752 9710496 9710414 730200 9710176 9710743 3700743 9710741 9710741
230350 3250363 8710969 3730228 3250580 8710969 7530857 3700961 8190404 3730519 5370071 8190652 5370571 3730993 2760652 7310646 7310646 6760481 5370859 9350743 5370841 6270652 4720363 730969 730857 8870888 9350601 230006 2760920 7790519 9710414 910364 3470285 9350741 5370741 9710923 9710741 9710071 9710920 8710743 9710743 9710743 6760700 6760700 6760700 6760296 4610973 5370519 8190200 250200 250200 250200 8870043 3391007
9711002 3700864 8711007 5370200 9350872 7530857 910857 3950888 6040857 9710462 7310651 5370519 8190404 3230752 3930422 8791023 9350519 8190519 5370519 5370519 8190519 3390580 2570519 8710414 3930560 3700414 4630829 4630937 8710741 9710969 5230560 9710969 8710770 3730504 250961 3230864 3250371 8710646 9710741 3470857 300872 3700285 8710770 9710743 3700770 8190857 9710496 9710544 3250741 7790937 9710864 910937 3250741
9710371 9710414 8870580 9710743 3471007 8190646 8190404 3700770 3250560 8710864 3250877 8191007 9350770 7790752 8870969 3931002 3700924 3700414 3700969 3731002 1030969 5370200 9350870 9350924 3470870 4880973 5370930 730930 2760504 8340519 731023 7790652 7790870 2760801
3930371 5230969 3730974 3730974 4330857 4630960 3730770 3730601 4990857 731023 5370571 9350371 3700205 8190371 8190371 3700960 3700960 3930414 3230006 9710371 3471007 8710560 3391007 3230741 4720363 3700857 9350770 3230519 2760580 2760516 2760961 4630772 4631007 4630937 4631007 3391007 3230519 7790741 3930205 9710414 4630937 4630752 3731007 4630743 3230350 3230371 3230864 3230519 3230743 3930364 4630752 4630937 4630937 4630829 3390071 5230560 8710560 3730241
9710414 2760404 9710961 9710729 9710006 3470961 3250877 250200 5370743 7790601 6350646 8190371 4720363 3250371 7790371 250969 250519 251002 3700741 520741 9040864 3390371 9710864 910772 910560 3931023 8790200 3230350 3251007 8870942 250200 8190700 5370741 5370071 3731007 8190652 8190652 8190652 3390043 5370772 7531023
8710006 9710809 9710071 4720200 3250877 5370859 3730205 3730752 7310571 6350857 7310924 7310857 6761002 5370841 3251007 8870424 5370841 3390043 4630282 8190857 4630743 8190519 5370754 5230969 8190961 3700896 8870969 730752 3930743 5230969
7310205 7310560 7310205 7310419 7310045 7310652 7310371 7310571 10140652 7310652 6270652 6270652 7310205 8430652 7310652 7310560 7310045 7310371 8720652 7310419 7310371 5590652 7310652 7310371 10140652 7310700 7310205 10140652 3680652 5330652 7310205 7310266 8720652 8720652 7310877 7310205 7310741 6270652 7310765 7310652 3680652 6270652 7310652 6270652 7310652 7310652 7310652 7310652 7310652 7310585 7310652 7310652 5110350 7310585 7310652 7310266 7310652 7310652 7310585 3680652 7310829 10140652 7310371 7310571 7310371 7310652 8430652 7310560 7310205 7310652 8720652 10140652 7310652 7310371 9070652 3680652 3680652 9070652 7310560 6270652 8430652 8720652 7310371 8430652 8720652 8430652 10140652 7310652 7310045 7310045 8430652 7310266 5330652 7310571 7310560 7310560 3680652 7310741 8720652 7310371 7310371 7310652 7310371 6270652 6270652 7310205 7310371 7310419 6270652 7310585 7310652 7310585 7310571 8430652 10140652 7310205 5330652 7310371 7310585 7310652 7310045 7310371 6270635 7310371 7310652 1940652 5590652 7310371 7310560 6110652 6270652 7310266 5110872 7310404 7310560 7310560 3680652 8430652 5590652 8720652 7310652 7310741 6270652 10140652 7310205 7310741 5590652 7310560 7310942 7310371 8430652 7310371 6110652 7310266 6270652 7310829 3270652 6270652 9070652 6270652 7310266 9070652 3680652 7310652 7310205 7310652 7310652 7310877 7310652 3680652 7310829 3680652 5110045 7310419 7310652 6270635 7310652 7310652 7310652 7310652 7310652 7310652 7310652 7310652 7310652 7310652 7310652 7310652 7310652 10140652 9070652 5110653 7310652 7310371 6270652 5590652 3680652 7310877 7310652 6110652 7310652 7310652 7310652 6270635 7310652 7310741 9070652 5330652 7310371 7310266 7310371 7310652 6110652 6110652 7310652 7310045 5330652 10140652 7310371 7310652 7310371 7310371 9070652 5330652 7310404 7310045 7310371 7310652 7310371 7310652 10140652 7310205 7310371 7310560 7310045 7310371 6270652 8720652 5330652 6270652 7310371 6270652 6110652 6270652 5110045 7310652 6270635 7310371 7310635 7310471 7310371 7310045 7310371 8720652 6270652 7310045 8720652 7310371 7310560 6110652 8430652 8720652 7310045 5590652 8720652 7310045 7310205 3270652 6270652 8430652 6270652 7310205 7310652 6270635 6270635 9070652 7310045 6270635 3680652 3270652 7310652 10140652 9070652 7310652 6270652 3270652 6270652 6270652 6270635 6270652 5590652 8430652 6270652 9070652 3680652 8720652 7310045 5330652 7310560 8430652 3680652 9070652 8430652 6270652 7310652 7310652 6270652 7310371 7310045 8430652 8430652 7310471 7310652 8720652 6110652 5330652 6270652 7310471 7310652 7310371 7310571 8430652 8720652 7310652 7310371 7310652 7310371 6270652 8720652 6270652 7310371 6270635 7310045 3680652 9070652 6270652 7310652 7310371 7310045 7310371 8430652 7310471 7310371 6110652 5590652 9070652 5330652 7310045 3270652 7310652 6270652 6270652 6270652 7310652 7310585 7310471 8430652 7310652 3680652 5110653 7310652 6110652 7310371 7310652 6270635 5590652 7310652 6110652 7310045 5330652 7310652 6270652 5590652 6270635 7310371 6270652 9070652 8720652 7310585 3270652 6270652 8430652 7310205 6270652 8430652 7310045 5590652 7310266 7310371 6110652 7310652 7310371 5590652 3680652 7310045 6270652 7310045 7310652 7310652 5590652 8430652 5590652
5110635 7310635 7310635 7310635 7310635 7310635 6270652 7310560 6270652 7310371 7310045 9070652 7310371 6270652 3680652 7310652 8430652 7310045 7310371 7310652 7310371 3680652 8430652 6270652 7310371 6270652 5590652 6270652 7310471 7310371 7310371 9070652 7310560 10140652 7310404 7310266 7310601 7310560 7310371 6270652 7310765 7310371 6270652 8430652 7310652 7310585 7310741 8720652 6110652 6270652 7310652 6270652 7310877 7310371 7310652 6270652 8430652 7310371 6270652 8720652 6270652 6270652 6270652 8720652 8720652 8430652 8430652 7310969 6110652 7310471 5590652 6270635 8430652 7310371 7310471 5590652 7310471 7310371 7310652 6270635 7310471 6270652 7310560 9070652 8720652 9070652 7310652 6270652 7310652 7310371 6270652 7310652 7310371 6270652 6270652 8430652 7310371 5590652 7310371 7310560 7310700 6270652 7310266 7310266 7310829 7310601 3680652 6270652 8720652 7310045 7310266 7310371 6110652 7310371 5590652 7310266 7310371 7310371 6270652 5330652 5590652 7310045 6270652 7310371 7310371 7310741 9070652 5590652 7310471 7310045 7310205 7310371 7310371 8430652 8720652 5590652 7310371 7310471 7310652 7310652 7310829 7310471 6270635 7310571 7310471 6270652 6270652 6270652 7310471 7310471 8430652 8430652 7310700 6270652 7310371 6270635 7310205 7310571 7310652 6270652 3680652 5590652 6270652 7310196 7310585 5590652 7310652 7310652 5590652 6110652 7310585 7310652 7310635 7310371 7310045 7310371 6270652 7310652 7310471 7310266 7310471 7310471 5330652 7310045 8720652 6270652 7310652 6270652 7310741 7310471 7310635 7310635 7310635 7310471 7310571 7310652 6270652 7310045 7310652 8720652 10140652 7310652 8720652 7310652 8430652 6110652 7310371 7310205 7310471 6270635 7310371 5590652 8430652 6270635 5330652 7310471 7310205 6270652 3680652 8430652 7310045 6270652 5590652 7310471 8430652 7310471 7310471 8720652 7310045 6270635 8720652 7310652 7310471 7310471 6270635 7310471 7310471 6110652 7310471 5590652 5330652 6270652 3680652 7310419 7310471 7310471 7310471 7310471 6270652 7310471 7310471 6270635 7310471 7310471 7310471 6270635 7310652 7310045 6270635 6270635 7310471 7310471 7310635 7310471 7310635 7310471 6270635 3680652 6270635 7310471 7310652 7310471 7310652 7310471 7310635 6270635 7310471 7310471 3680652 7310635 7310471 7310471 7310371 7310471 6270635 7310471 7310652 6270635 6270635 8430652 7310471 7310471 3680652 7310471 3680652 7310471 6270635 7310471 7310471 7310045 7310371 3680652 7310471 7310652 6270635 7310471 7310652 7310471 7310371 7310652 6270635 7310471 6270635 6270635 6270635 7310471 8430652 7310471 5590652 7310371 7310471 7310045 7310471 7310471 7310371 7310652 6270635 7310471 7310371 7310471 7310471 6110652 7310471 5590652 6110652 8430652 7310371 7310471 9070652 7310371 7310652 7310471 7310371 7310471 6270635 7310585 5330652 7310652 7310471 7310471 7310471 7310371 8720652 5330652 7310471 7310471 3680652 6270635 7310652 7310471 6270652 7310471 7310471 7310471 6270635 7310471 6110652 7310471 8720652 7310652 7310652 5330652 7310471 7310471 7310652 7310471 6270635 7310635 6270652 7310471 6270635 7310635 6270635 7310371 7310471 9070652 7310471 7310371 7310652 7310045 7310471 7310471 7310471 7310471 6270652 7310471 7310471 7310471 7310471 5330652 6270635 7310471 6270635 7310045 7310471 6270635 7310471 3270652 3680652 7310371 7310471 7310652 7310471 3270652 7310471 6270652 7310585 7310652 7310652 7310471 7310471 8430652 7310652 6270652 7310560 7310471 7310371 7310652 7310471 5330652 7310471 6270635 5330652 5110653 6270635 6270635 7310585 7310371 6270635 7310045 7310652 7310652 7310471 6270635 6270635 3680652
7310829 5110004 5110004 4610973 5110560 7310829 5110812 5110371 5110560 5110872 5110350 5110560 5110045 5110004 5110045 5110004 5110872 5110872 5110045 5110653 5110350 5110205 5110205 5110560 5110371 5110045 5110653 5110045 5110205 5110205 5110045 5110045 3270652 5110205 5110205 5110205 5110371 5110045 3270652 5110812 5110653 5110812 3270652 5110560 5110045 5110560 5110653 3270652 5110205 5110205 5110205 5110653 5110371 5110006 5110560 5110812 5110549 5110350 5110205 5110006 5110560 5110205 5110872 5110045 5110653 3270652 5110045 7310371 5110560 5110560 5110045 5110872 5110350 5110045 5110006 6110652 3270652 5110872 5110471 5110812 5110560 5110004 5110045 5110350 5110812 3270652 5110812 5110812 5110560 5110045 5110872 3270652 5110205 5110371 5110045 5110045 5110872 5110006 5110205 5110549 5110812 3270652 5110560 5110560 5110045 5110653 5110371 5110560 7310371 5110560 5110560 5110205 5110653 5110045 3270652 5110205 5110045 5590652 5110872 5110045 5110371 5110205 5110205 5110205 5110653 5110350 5110549 5110549 5110045 5110350 3270652 5110006 5110045
5110635 5110350 5110004 5110371 5110560 5110872 5110045 5110350 5110006 7310205 5110653 5110045 5110004 5110006 5110350 5110045 5110560 7310571 5110872 5110045 5110045 5110471 5110652 5110471 7310652 5110471 5110471 5110471 5110635 1940652 5110652 5110471 5110471 5110652 5110471 5110045 5110471 5110652 5110560 5110635 5110635 5110635 5110471 5110635 5110635 5110635 1940652 5110004 5110652 5110653 5110371 5110560 5110471 5110471 5110471 5110635 5110471 1940652 7310652 5110471 5110635 5110652 5110471 5110471 5110652 5110471 5110635 3270652 5110006 5110471 5110471 5110652 1940652 5110560 5110812 5110006 7310635 5110635 5110471 5110350 5110471 3270652 5110471 5110812 5110471 1940652 5110471 5110471 5110652 5110635 5110652 7310652 5110471 5110471 7310635 5110006 5110812 3270652 5110560 5110045 5110652 5110006 5110549 5110652 5110812 3270652 5110350 3270652 5110471 5110205 5110560 5110471 1940652 5110471 5110471 5110471 5110471 7310635 5110635 5110635 5110471 5110471 1940652 1940652 5110872 5590652 1940652 5110652 5110350 5110560 5110045 5110350 5110045 5110652 5110635 5110635 5110635 5110471 5110652 3270652 5110350 5110812 5110652 5110872 5110006 5110205 5110635 5110471 5110635 5110652 5110652 5110471 5110006 5110635 7310635 5110635 5110635 5110635 5110471 1940652 5110045 1940652 5110549 5110652 5110471 5110635 5110635 5110471 5110635 5110471 5110635 5110471 5110635 5110635 5110635 5110635 5110471 5110635 5110635 5110635 5110635 7310635 5110635 5110635 5110635 5110635 5110635 5110635 5110635 5110635 5110635 5110635 5110635 5110560 5110635 5110652 5110635 7310635 5110471 1940652 5110652 1940652 5110635 5110652 5110652 5110635 5110652 5110652 5110635 5110635 5110635 5110635 5110635 5110205 5110635 5110635 5110635 5110635 5110635 5110560 5110371 5110812 5110006 5110652 5110560 5110652 5110652 5110371 5110006 5110652 5110635 5110471 1940652 5110652 5110471 5110471 5110471 5110471 5110652 5110652 5110652 1940652 5110652 5110471 5110471 5110635 5110471 5110652 5110471 6270652 5110006 5110004 6270652 5110004 5110471 6270635 5110471 5110471 5110872 9070652 7310371 5110653 5110812 5110471 7310652 7310741 7310471 7310652 5110652 5110471 5110652 5110471 1940652 5110471 5110560 7310266 3270652 6270652 6270635 7310471 6270652 3680652 8430652 5590652 6270652 7310471 7310471 5110471
9350880 730770 2760371 910422 3700969 9710285 2760422 2760350 3471007 3230422 9040870 4720888 7790560 9350743 3930870 3930857 3700857 730857 730928 730687 730114 8870942 2760948 8870888 6660880 3700772 9350560 3700924 3700924 5231023 8190857 8190857 4630371 7090973 7090973 7090973 8190969 8870414 2080772 4720743 730894 9760964 7790888 7790888 7090973 7090973 7090973 7090973 7090973 7090973 7090973 8190772 2760772 230006 2760930 6660930 6660560 730870 730870 2760928 3230371 3700870 8870880 8190580 6771010 6771010 6660924 8190205 8190896 3470422 3730004 1600973 8190857 2760930 230963 730743 730870 730870 9350743 730200 910200 2760580 2760741 2760964 2760960 2760006 8190519 8190964 3471023 9760964 3700796 3930796 6660800 730930 730212 5231023 3230930 9710920 9710920 730741 730857 4720772 4720772 2760741 4720371 8191010 4631010 7090857 4630638 3730004 7090973 7090973 3730646 3930857 3930205 3470857 9710969 3700212 3700422 9040870 9710996 9040772 3470872 9710888 9350870 730857 9350880 9350006 8190880 2760920 2760071 2760888 3471023 2760743 230857 6660812 230857 6660857 6660561 4990160 730414 3470930 8190952 7790857 7790770 3931023 3700870 9710575 9710371 9710857 3700857 3700741 3700741 9710888 730964 730857 730996 730560 7790894 8190930 2750212 730969 9350770 730752 8870770 730561 910071 3471002 7790043 730964 730964 730371 730894 4720371 8870580 7790964 7790896 7790964 7090973 8191010 8190857 8190741 8190741 8870969 3470857 9040772 3470043 230809 8870772 8710767 8710504 2760516 3730004 1600973 3731010 8190466 8190466 730857 9710466 8710466 7790964 8870772 730928 6660969 730857 3230996 730857 8710930 4990857 5370282 9350006 910857 730894 910422 7790896 5370772 730580 2760687 230496 2760888 9311023 7790888 2760952 8710646 8870743 6660160 3230924 730928 3700752 9710928 8711007 4720741 7790043 7790772 2760772 2760930 2760930 6900872 9350560 730212 2760414 3471002 910857 3730638 3730004 3730422 3730004 8190422 3470857 3390580 730772 730772 9350880 9350422 5370371 2760043 2760646 8870422 3471023
7790888 9710371 5230422 3700996 8710212 9040772 3250371 9040772 8870772 2760924 8190772 9040772 520969 5230037 2760770 520969 3950888 910371 520969 520969 520969 8710920 9710833 9710285 730371 8710043 7790969 5370043 6770160 6770857 4990857 6771010 8190930 9350930 8870969 7790969 8870969 8870969 520969 520969 520969 520969 520071 3931023 9710969 8710043 9710969 9710037 9710969 9710969 520071 520969 520969 520969 520071 8711023 8711023 9710969 9710969 7790969 3730782 9350930 730580 9350930 9350371 2760948 9710580 8710782 3700969 9710969 3250560 9710772 9040772 9040987 9710422 3700212 6660561 6660580 9350200 7790870 7530857 8870924 7790371 3950960 7790937 8190752 9040857 3471023 7531023 3471002 3390043 2760043 7790857 8190700 7790857 7790601 8870888 8870888 8190870 230963 6660006 5981023 2760071 8710864 2760920 5981023 5370964 8190896 8870743 8190896 1760973 8190801 8190801 2760801 8190801 8190801 2760801 8190964 7790857 7790752 8870888 8190857 4630857 1760973 7980973 9350872 8190741 5370964 8190894 8190752 8190857 8190857 8190772 8190071 8710466 8190952 7790857 3950888 8191023 3230422 9710996 8190071 8190857 4630638 3730646 8190857 4630741 8190857 4630960 8190857 6660857 8710504 9350212 3730920 3730920 3730964 3730964 3730004 3730004 6771010 230857 6770160 231023 1920857 8870580 6660741 9350741 6660043 9350741 2760964 9350422 2760928 2760969 9350560 5370833 6660857 9350652 9350801 7790857 8190930 3730646 8190930 8190652 8190580 8190646 8870942 7790741 7790200 3730928 8190857 3730460 8190857 3730004 8190857 8190857 8190580 3730993 8190964 8190964 8190857 9350752 3230888 8190687 9350212 8190857 8190857 8190652 4630424 3730833 5370743 2760801 7790652 8190646 8190580 9350930 5370371 7310004 6660422
3470580 7790888 3700043 3700888 4720200 4720888 3470043 3470872 4630857 9350741 9350144 7530857 5230872 3230006 9710371 8190741 4720857 3470857 8190872 4630743 8190857 4630071 4630743 4630371 3390071 8710043 730948 3230071 9350006 730948 3700580 3470580 3470580 7790741 3470580 8870580 3950960 8190857 3730812 8710466 730422 730948 9350743 8870743 5370043 3470422 3470441 4720743 5231023 3930560 8710205 910560 910071 4720857 3730071 3470870 8710043 9710071 730071 730948 9710527 8710752 4720580 8190952 3730004 7090973 7090973 7090973 4631010 7090973 7790043 230872 9710297 2760560 2760809 2760924 2760964 8710519 730964 230880 2760996 9710422 7790741 3730422 3730004 4630772 8190580 730857 6900872 230872 730872 8710924 7790857 7790857 3470857 7790857 9710414 9710071 4720741 9711007 8710006 3470961 4720580 4720043 3701007 2760942 9040870 3700200 3700969 4880973 5370930 5370743 8190646 7790857 7790424 3950560 3730924 5230466 5230466 5230930 5230930 2760006 2760006 3470872 7790770 7790857 8190006 7790371 7790560 9350371 9350560 9350924 3470857 4630004 3730560 3730241 8190652 4630282 3730993 8190652 8190652 910857 8190496 8190969 5370754 8190652 5370888 8190652 8190652 8190880 8190560 8190812 910857 8190969 8190969 9040857 9040857 9040857 8550857 8550857 4300857 8550857 8550857 8550857 8550857 8550857 8550857 8550857 8550857 9040857 9040857 8550857 520969 9350880 5230857 9350160 3230930 910857 8190857 8190371 8190857 2750857 730857 6660160 3230205 9350006 8190857 8190961 4720857 731007 2751023 3230527 3230880 3230422 9350996 8870422 2750857 730857 4990160 730857 730857 730888 730687 730857 730144 2760414 3470580 7790144 2080580 9040580 7790896 7790964 7790371 2760754 2760519 2760924 2760646 2760371 3700888 2760952 8710646 7090973 8190857
8710930 8870969 5370071 5370741 7790857 7790857 7790857 7790857 7310371 730212 730857 730894 2760371 730857 910371 730770 730741 8870414 8190770 5370896 8190930 8870743 8870580 730857 730880 730422 730961 730880 6660880 9350913 730205 730561 730857 8870580 8870880 7791007 5370371 5370371 6660422 9350422 730964 6660212 9350754 6660754 730754 6660561 8870969 6660304 910422 9350519 910560 9350930 4990930 6660930 9350930 5370930 730930 730857 730857 730930 3230930 5371002 5370772 731007 5371007 730371 3230772 8870205 6660560 2760516 6660812 2760812 300872 730857 5231023 730857 9350772 8190942 6660561 8870422 730924 8190969 9350913 8190560 8190071 9350870 1030993 9350561 730561 3930772 3930857 730212 730857 8870580 730371 8870770 6660754 6660754 9350519 2760200 5370772 5370772 5370519 910544 9350371 9350371 3700996 3930422 3930996 9710422 9710996 9710422 9710772 3930857 8870969 3470739 8870924 9350371 9350422 8190857 9350880 9350741 6660560 9350741 9350561 3700285 6660561 6660212 2760772 2760772 730880 730969 910772 3230996 3230212 3230996 3230422 6660880 6660160 6660561 730996 3700580 5370371 730948 3230872 4720043 910580 4720580 3700580 5370282 9040857 8870924 300872 3700872 3700739 3700422 3700880 300996 300422 6660561 6660561 6660880 6660304 2760996 9710422 2760880 8870422 6660160 2750212 300422 3930422 3700996 6660212 3930996 3700043 300996 3700422 3700857 3700422 3700772 8870772 4020000 730422 730969 3930772 8870969 3230205 730580 730741 4720857 730857 730000 7790857 8870043 7790857 8870043 8870580 2760948 3470580 9710996 3470580 7790857 8190580 8190580 7790200 8870422 730200 730812 5370371 730857 2750212 730857 3230930 8870422 730857 731007 730857 6660160 730767 730960 730144 3230928 6660212 730752 230496 230504 2760527 2761002 3470782 8710504 9710782 8870888 3230752 8711002 730770 730857 6660996 3230422 3230920 3230646 3230880 4720752 4720363 3390580 2760580 230857 9710857 2760205 2760414 2760422 3730460 3730743 3730812 5230857 2760960 2760527 2760960 2760422 2760872 231023 9350519 9350371 730857 9350160 730371 9710371 9710864 8190857 8190519 8190857 8190872 230350 2760350 2760741 230924 2760043 2760741 2760071 2760960 2760767 2760770 7790741 2760888 2760743 2760743 2760071 9710772 2760920 2760930 2760496 2760422 2760996 2760888 2760560 6580212 6660560 2760752 8190422 3700857 6660527 9040580 8190006 9710857 8870580 3230006 2760930 2761007 730880 3700960 2760422 3700833 8870770 2760770 3230519 730414 8870770 730960 730646 7790200 730894 730006 7790200 8870772 8870833 8190930 8190930 7790857 7791007 3230304 300996 3700580 730796 8870580 3230928 3230880 730560 3230527 730928 730928 8870205 730961 8870580 730580 730743 730043 230422 3700996 730212 730796 730212 730767 730996 730422 730000 730212 8870043 2760880 2760350 230924 2760930 230924 730212 730422
7090973 4631010 7790857 9710772 230504 2760754 730043 730071 230920 5370888 2760772 231023 2760560 2760519 2760888 2760743 2760071 2760071 2760071 2760350 9710995 3470772 8190857 3731010 3731010 4630043 3390043 8550857 4720961 4720961 4720961 7090973 7090973 7090973 7090857 7090973 7090973 2760371 6660754 2760960 2760801 2760870 2760144 9710870 2760767 2760752 7790144 8340519 7090973 7090857 7090973 9711002 730414 520969 730969 3230741 8870580 730000 730422 7790205 3470043 3470422 2760519 2760422 2761002 730000 6660460 730888 730006 2760371 9710857 3730004 3730004 8191010 9040857 8190371 3230006 3230006 4720969 4720741 4720371 4720964 8870043 9350924 730687 730857 5370896 7790964 5370043 6660043 730880 2760897 730422 2760071 8710743 9710462 3470782 9710920 2760920 2080770 2760888 2760888 7790896 9710782 7790770 9710453 3470285 4720741 8870770 9711007 3230880 3701007 8870812 4720741 8870942 2760414 2760809 2760414 3390580 9040870 9710920 2760414 2760414 230872 230924 2760404 2760006 1551023 9710371 7790741 7790924 4630638 4631010 4630371 3730872 3730460 4630071 7790857 5370071 730580 7790888 3470580 730961 5370071 8870888 9350964 910857 910857 4040200 4720964 4720743 4720580 4720580 4720580 3930880 9710575 910371 2080741 7790770 230924 3230772 730071 3730422 3730580 3730964 3730182 4720857 8190896 3950896 3700896 3230560 3230812 911007 3230996 4720043 2760422 2760772 2760527 3700212 2760772 2760527 6660212 8870580 6660560 730560 730006 9711007 3230812 730000 7790894 230872 2760580 730043 7790770 2760580 2760770 7790741 9710857 3731010 3731010 3731010 7090973 7090857 7090857 8190752 3470285 2760516 8191007 2760580 3230371 3230006 730006 3230006 3730006 3730006 8190857 2760006 2760371 7790857 2080580 2760687 3250891 730687 5370741 730741 730114 730114 730872 3230872 4720580 6660043 2760414 730561 2760580 2760373 7790964
730930 730857 3730004 3730422 5371007 9350870 730857 730928 3930371 910857 910205 3950960 4040200 3930872 910371 730580 3730004 3731010 8190857 8190006 8190857 8191007 730754 2761002 3230519 730580 730928 730560 8870580 2760580 8870422 9040580 8190580 3730268 1760973 4630580 8190519 8190414 3471023 8710646 8710924 9040580 9040580 9040580 9040580 9040880 9040580 9040580 9040880 7790937 5370754 730969 3230772 730896 9350993 3230772 730006 2080894 3731007 3730770 3230969 3230414 3230880 730561 3230414 3230880 4720888 3730004 8190857 8190857 3230928 3700519 3700519 3700772 2080200 9710987 3470961 2760743 2761002 8870772 3230071 3930743 730006 910043 8190857 8870424 8190687 7790857 9350993 3700741 8870942 9710371 9710371 3700422 9710743 3700969 3230872 8870144 5231002 5231023 3700519 2760964 8190496 9711002 4720741 3470961 4720743 4630857 4630857 3730646 4630937 3730646 8190857 9710741 520741 3700741 8710880 9040987 2760772 2760441 9710930 5230422 8710519 2760743 3470870 7790144 8340519 8550519 5370833 5371002 5370930 730930 7311002 4990160 8190371 9350371 2760741 2760516 7790752 2760942 7790144 9710285 8190580 1760973 3730004 3730888 1760973 3730888 3730496 4630200 4630043 4630743 4630043 4630043 4630772 7790964 8340519 2760741 5981023 4630930 3730043 3730964 4630580 8710969 9710969 8710969 520071 730071 2760969 2760960 2760646 2760770 2760176 7790200 5370160 7790896 7790752 1030993 7790857 7790888 9710071 8710043 8870743 3700043 9710504 9040857 9710857 9040864 9040864 7790371 2760809 3700422 2760560 2760527 6660422 2760519 2761002 2760371 2760205 2760519 2760414 2760652 2760743 2760560 730282 730228 730646 730496 3230812 3230304 9711002 3230496 730870 730282 3700961 4720043 3930996 9710422 3470857 9710350 9040857 4720857 3470995 5230519 5230872 9710371 910371 3700872 9350872 3930870 9040870 3700969 3931023 3930870 9350870 8870414 910200 3931023 730961 3930870 730924 730961 731007 730414 4720200 730961 7790200 8870043 8870043 7790857 4720043
4720857 4720857 3730602 1600973 1760973 8191007 8190894 4720857 9760964 9760964 3950888 730741 9710037 7790964 4720964 7790741 7790896 7790371 730754 2760580 230809 2080772 2760896 3470580 8190894 2080519 7790770 2080772 730371 3230371 3230741 3230754 730880 730741 3230212 4720772 3230006 5370741 3731007 3730961 4630930 8190857 5230519 9710741 5230037 910741 2080414 3230414 3230996 5231023 4720752 4720371 3731010 3731010 4630857 8190812 8550857 7790857 9710741 2080414 3950960 4720857 8191007 3230770 3230996 9710527 3230754 730560 3230304 3230212 2760996 730422 3230880 3230527 3230422 4720857 4720857 7090973 4720857 4720857 9711007 4720888 9710952 2760770 2760770 730767 730752 9040857 4631007 3731007 4631007 8190857 3730560 8190006 4630913 3390580 7790969 3930772 3930772 3230996 3230772 3230772 731007 731007 7790857 730857 8870770 3930812 9710729 7090973 4631010 8190857 8190767 8190770 2760960 2760006 2760741 3470782 8711023 8710176 7790964 3390071 3471023 8710767 8190741 9040857 3471023 910741 8190741 2760752 9710466 8190942 8710864 8710864 9710580 9710422 4720857 3471007 9710422 4720371 3470006 9710371 9710006 3470006 3470006 3470006 3470006 3470006 3470006 3470006 3700960 3700924 3470422 3700205 3700996 3470422 3700741 3700996 9710422 9710880 3470422 9710212 9710812 9710422 3470422 9040880 9040857 3471023 7790770 3730752 3730504 4630960 8190770 8190920 2080888 9760964 3730888 4630752 8190952 2760752 2760770 3470441 9710920 9040870 7790888 8710743 8870888 8870414 8190205 3731002 3730870 4630930 3730812 4630424 4630424 8190646 9710414 3470285 9710741 9760964 7790894 8870924 9350422 7790857 2760880 7790857 8190772 9710350 5230350 3930924 8870743 8870043 3700043 7790371 8191010 1600973 8191010 7090973 8190872 7090973 3700741 3230646 730928 3230422 730857 3470580 8870580 9710466 8190006 8190071 8190006 8190006 8190006 2760924 2760743 2760743 2760924 2760772 2760964 2760964 2760870 9710964 9710462 9710462 3250857 3470987 9711007 9040987 8190646 4720888 3470422 230350 230872 2760646 2760350 2760144 3470772 8190857 3730004 8190857 8190857 3950960 4630913 8190952 8190652 9710995 7790772 3230371 3700580 8870043 8870580 9710772 2760772 3230519 9040772 9710752 2760071 730770 2760964 8870888 8870888 730752 730519 730888 8710519 8710969 8711002 8870888 3230205 9710205 910422 3230812 3230304 8870880 3230646 910580
730646 730948 3700043 3700043 3700043 8870043 4720043 2760752 2760770 6660422 2760960 230963 8190920 8710857 8190071 8710857 8710857 8190857 8710857 7090973 7090973 3470857 3390071 3700964 3700969 3230984 3700961 3950560 8190741 2760772 8710772 2760373 8710987 5230414 9710453 9710414 3470872 4720371 7790741 5230646 2760350 7790741 2760741 2760809 230414 2760770 2760996 2760767 3470422 7790371 7790752 2760928 3470772 8870422 7790770 2760043 3230422 731007 3230205 730006 7790371 7790888 8710176 730888 2760987 2760888 2760960 2760741 2760504 2760888 2760752 2760767 8190071 5370964 2760772 2760812 2760888 8870743 730743 8870743 8870743 3230872 3250580 3700580 9710350 8190006 3730872 4630580 4630743 4630580 4630743 4630743 3700888 6660996 3230880 8870144 3230928 3230212 910422 3931023 3700996 3700739 3700212 6660006 6660006 5230422 3230006 9710864 9710006 9350924 730580 730422 730928 6660527 730205 3230006 5230205 730872 8710580 2760006 9040580 4720964 4720371 9040864 7790857 3390371 7790857 2761002 730560 2760888 2760888 8870888 2760964 2760741 230350 3470580 9710006 9710580 8870580 7790144 6660948 730741 8870580 9350924 8870580 8870580 8870580 3700872 7090973 3730560 8190857 7090973 8190857 7090973 3700857 9040857 3700969 8710006 9710888 8190857 4630043 8190857 8190857 9350422 9350160 7790857 9350880 8190580 8190857 8190857 8190580 8191023 8190580 8190969 910205 910857 5370043 3730043 8190687 9350212 910043 7790896 4300857 7790896 8190857 8190894 8190580 4040857 7790857 8190880 9350304 7790969 8550580 8550857 3390580 8550857 9040857 8190857 8190687 8870043 9040857 9040857 9040857 9040857 9040857 8550857 8550857 8550857 9710920 9710920 8710888 8190481 4990857 9350741 9350770 3700205 3471007 4630743 4630743
8190160 3730004 3470857 8190752 4720752 9350561 5370894 730228 910580 4720857 730580 4720857 8190580 8190580 7090973 2080888 7790857 5370043 5370743 5370043 7790857 5370896 5370930 7790857 7790857 7790857 5370160 8191023 7790200 5370930 6770857 730961 730961 3231023 3231023 4720961 3230880 730646 910200 3230924 3230646 8190896 8190961 3230739 8190961 8190930 3700857 7790857 3700872 3250857 3470580 9040580 3700857 3700285 8190741 8190942 3930812 3930205 3930560 8870560 8870560 3730772 3731002 2760527 231023 2760527 730422 2760812 2760948 9040857 8190580 8190942 5370519 3730114 8190519 8190687 2760422 7311002 6771010 9350006 6660857 230872 4990857 730857 5370741 730870 3700205 7790200 8190519 7790200 8190519 1760973 5370930 5370519 5370519 8190741 9710930 3700743 2760880 5370160 9350519 8190964 5370160 9350961 8600857 9350964 7790857 7790964 6660304 3700212 3230969 910646 8190560 9040857 9040857 3730519 8190857 9350964 3700857 3700964 520857 8190160 8190964 9350961 9350961 8190930 8190857 8190894 3950896 8190580 9350212 910200 910544 8190880 5370772 7790857 7790857 2760371 9760857 8711023 8190964 9350160 9350964 9350894 9350896 9350930 9350896 8870743 3950888 7790961 8870743 6660800 9710212 9710961 911007 4720961 4720200 4720857 4720961 910857 910857 910646 3700888 8190896 8190857 3730004 3730004 3730519 3950896 8190857 1760973 8191023 8190930 5370544 5370160 8190772 7790857 7790857 8870772 8190913 5370964 8711002 8190964 8190964 5370894 5370964 7311002 3231023 5371002 730857 5370282 8870518 8870743 9350880 4720772 5370964 8190961 3700200 3230304 910422 910857 910857 910646 910857 8190896 5370964 8190896 730743 8190580 8190580 2760580 5370888 3730182 8190857 8190801 8190466 8190964 8190920 8190466 3730182 4630580 8190071 9040857 3930212 7790857 5370743 730857 4720580 9350964 4720580 4720888 8190580 8191023 8190857 3730646 4631010 4630580 3731002 8190519 5370964 230857 5370896 7790772 5370772 2760176 730772 8190964 3730772 3730004 3730004 3730004 5370930 5370160 7790200 8870969 8870424 7790969 910580 7790969 8870870 7790961 5370404 9350772 7790200 8870969 4720857
4720741 4720043 9710043 730948 730948 8870043 8870043 8870043 8871002 8870833 730729 730969 8870043 2760504 9710782 2080987 2080770 8710782 8710043 7790888 3470043 7790888 8870043 8870812 3700043 8870888 730948 3470580 3470441 3470580 3700888 730948 8870043 8870560 8870743 2080888 9710809 8710422 910371 4300857 4630071 4630071 4630857 4630913 4630741 8190652 3700422 9350422 3230350 4720371 9711007 910422 7790519 7790424 2760006 8710580 9710071 8711007 9710071 8710969 3700770 9710504 8710006 8710414 3700743 3700422 3700741 3700924 7790969 4630857 1600973 4631010 1600973 4631010 7090973 7090973 7090973 7090973 7090857 3730646 3730496 8190952 3390752 7790770 8870422 9711007 3470285 9710752 4720371 2760960 2760770 8710580 9710422 8711023 9710085 8870888 3730386 3730870 3730519 8190930 9710930 730767 3470930 8710872 8710872 9710864 5230414 7790857 8190872 8190969 9710969 3470441 9710462 3470285 8710752 2760350 8710924 7790829 2760772 730212 2760872 2761002 730496 9711002 730646 3700796 3700880 3700924 9710504 9710880 3700996 9710297 7790414 3470580 9710176 9710496 3730960 8190770 8190964 3950896 4300857 9350519 3930519 8870969 3930519 3700205 730928 910200 8870144 730519 730729 730544 730741 7790519 730519 731023 730888 2761002 2761002 730043 8870580 9711002 3950960 9710952 9710496 8710920 3930560 8870888 8870518 910205 910205 910205 3230888 3230812 3470422 3470441 3470782 9710920 9710043 3700964 8870888 8710928 2080888 8710176 3700964 3930924 5230872 9710371 3930872 520969 910924 910924 520969 910924 3700969 9710006 9710864 3470961 4720888 4720371 9710812 9710920 9040880 9710006 9040870 9040870 8870560 7790969 7790969 7790741 3470872 7790741 2760414 8870580 7790200 9350924 4720371 8870888 7790371 8870580 730888 7790888 8870743 8870870 8870043 5370043 9351023 3930857 730741 5230857 2760741 3730371 3730924 3730580 910857 8711023 730801 6660741 730743 8870743 3700200 8870743 6660741 6660561 3700422 2761007 5230872 6660561 3700870 8870924 2760371 8870870 8870969 730646 7790969 7790371 7790200 8870518 7790857 8870888 8870888 7790969 7790200 3951002 8870969 8870969 8870424 7791007 7790519 7790969 7790519 8710519 9710006 9710462 3470772 9710371 2080888 3470772 9711002 5231023 9710930 7790414 2760043 9710772 7790371 9710466 8190741 3470857 3950888 4630960 8190071 8190741 9710987 8710043 8710767 3470772 3700519 9710833 730888 730561 4720743 3230527 3470422 3230496 9711002 9710006 730371 730741 3230880 230767 2760770 7790371 2760888 2760888 7790752 7790888
4720741 4720371 4720371 3230560 4720043 9040580 3730268 3730964 8190964 8710857 9710894 2080200 8710888 9710767 8710414 6901023 9710037 9710414 8710743 9710920 9710729 8190496 3390752 3390371 7090973 9710920 9710920 3470987 3930924 910741 520857 8550857 7790424 9710580 2760580 2760752 230496 2760952 2760414 2760754 7790857 3470995 9710350 3470995 7790924 3700414 9710414 8550519 9760964 2080519 2760964 730422 8870580 8870580 3700580 8870743 520071 730928 730928 3230969 730857 9710504 6660996 9350560 6660422 730857 730857 8190580 8190857 3730812 3730646 3730182 8600857 8710350 3470857 4630743 4630743 3730812 8190857 8190770 3470857 8190371 3470987 2760371 230872 730519 230920 730964 3230006 3230920 3230880 4720741 8191007 8190205 251007 251007 251007 250519 7790857 7790519 8190580 4720857 4630004 4630004 3700864 3700964 8710743 3930743 730743 3230872 730924 8870812 730948 6660948 8870580 3700580 3700580 8870580 3700752 3700770 9040580 9040857 2760646 3230414 3230519 3230754 3230519 3701007 3700071 9710729 8710857 9710729 730888 2760920 5981023 730924 730796 9350516 2760441 730857 7790200 2760043 2760043 7790894 7790894 8870924 2760646 2760928 2760772 2760371 9710519 2760897 8710772 3950888 8710857 3730888 3730743 8600857 8190857 8711023 8190071 5981023 2760888 2760987 2760560 3470930 9710496 2760071 3470043 7790894 9710928 3700969 3700285 9350519 730496 730580 8870580 2760928 6660580 730580 6660006 730371 3231023 2760928 9710928 9040580 4720969 4720888 2080580 9710894 9710743 9710928 9350743 9350743 9350930 4990857 730560 2760371 9710743 8711023 230924 3930743 9710453 910043 7790888 9350519 4720969 910200 7790741 7790518 3471023 5370888 2760964 4630969 4630857 3731002 4630960 3730646 4630913 3730646 4630960 4630960 3730646 3730969 4630969 4630752 8190857 4630969 8190857 8711023 2760043 6660560 6660948 9710043 5231023 9350993 730371 730071 9710833 3470043 3700743 8710560 2760743 2760006 2760743 7790888 2760743 8601023 7790888
3950560 9040857 9040772 2760560 2760870 7790870 9040870 8550519 7090857 7090973 7090857 7090973 3700212 3700212 2760371 2761002 9040857 8190857 7090973 7090973 9040857 3950888 9040857 3700739 9040864 9710864 9710864 2760414 3700414 7790414 8550519 8550857 3700928 3930560 3700872 3930880 3700880 3470870 2760996 9710422 2760646 8340519 2760350 2760414 2760812 9350812 6660304 730996 8870924 730422 3930560 5230350 8190006 3730006 8190414 9710864 9710995 8870924 2760754 6660880 2760833 8190560 8190160 7090973 8191010 3700857 3700857 3700969 3700969 2760422 2760812 8190880 8190519 8190519 7790371 7790371 9710880 3470772 9710006 3950896 9040857 2760924 9710772 3470285 3470043 3390371 9040857 3470857 3700924 3700200 8870043 3700043 8870043 3700580 3700969 9040796 3700796 3700212 3700996 3470422 3700422 9710796 9040880 9040857 8190560 4630913 3930857 3700961 3930560 3700961 520071 8870043 8870043 3700043 3700043 3700043 3700580 8870580 3700580 6660880 6660880 3700870 3700043 8870043 9350160 9040857 3700928 3930924 3700969 3700969 3700969 3700969 7090973 8550857 9040857 9710767 9710767 7790519 8550519 2760928 3700870 9040870
2080888 4300857 7090973 8190920 3390071 3700205 3700969 3930880 3700741 910741 520741 3700996 3700880 3470857 3390371 7090973 4630913 3950960 9710043 2760527 3700422 3700996 3470422 2080770 3470441 8710414 3700743 9710928 3700924 9710422 9710414 7790371 2080741 3470043 9710741 9710920 9710920 8550857 8550857 8190646 4630071 9040857 3470857 3700969 3700422 5230422 7790964 9710743 9040580 8710880 9710891 2080770 3390071 3390752 3390071 3230560 3230812 3701007 3230646 7090973 7090973 8550857 8550857 9040857 8550857 8550857 9710920 3470739 9710880 9760964 3390752 7090973 8190894 4630004 7090973 3390752 3470373 3390752 3390071 8550857 4720371 3700414 730754 3230754 3230006 4720772 3230796 3471002 4720371 8190741 9040857 4720857 3700969 9040796 520741 7090973 9710006 4720961 8870888 3230872 2760176 7790964 2760071 3471023 5231023 3230754 9711007 9710752 9710496 9710969 3470857 8870205 8710767 9710350 8710864 9710864 3470995 7790741 9710743 9710743 9710880 9040796 9710880 9040796 3470580 3250580 730996 9710422 9710422 9710043 9040580 7790043 9710527 4630743 4300857 3700741 3700741 9710176 8190964 8190896 4630371 7790894 7790964 7790964 3700043 730996 7790937 3470961 8870770 9710767
9710006 910371 3470872 9710920 2080888 9040857 7090973 2080894 3950888 4720371 2080770 8550580 7790964 3470580 7790894 9710996 3470422 3950896 9040857 3390752 9040857 3470006 3470006 9710995 2080741 3390752 520741 3390071 3390071 9710741 5230646 9710729 3700888 520071 9711007 3701007 3230741 3230796 8190006 3950960 7790770 3950888 4630071 4630071 9710741 3700770 9710496 3470373 9710580 3700580 9040796 3470422 9710414 8550857 3470857 9710857 3730004 7090973 8190652 8550857 9710741 3700414 3700960 3930812 9710212 9710205 8190896 4630371 3470857 3700205 3700880 3930996 520969 3700969 9710422 3700580 3931002 520741 3700928 3700969 8710176 3390071 7090973 8550857 8550857 9040857 3950560 3470006 9710212 9350741 9350414 8710006 910857 4040857 3471023 3470782 7790601 2760767 2760964 7790519 7790752 7790519 7790829 7790964 7790894 2760770 230767 2080770 3470782 2760888 2760496 2760888 7790519 4720888 4720964 2080987 4720888 4720888 4720743 3471007 4720743 5370960 5370888 5370888 5370160 4720969 7791007 5370888 2760987 2760767 2760920 2760176 8710176 9710969 9710371 3700741 3730004 8190930 8190160 9350560 7790857 8191007 2760754 730422 8870888 730857 7790964 8870560 8870422 7790752 8870772 8870743 7790424 7790424 8870560 9350996 8870888 8870518 8870560 7790371 8870560 7790969
4720857 9710857 9040857 3700857 8711002 9350928 9350942 9350687 730560 8870580 3730004 3730004 8190930 5370801 4630638 5370930 3950560 7790857 3470833 230924 230924 230006 230872 730519 8870833 7090973 8190857 4630371 3700043 8710422 8710770 9710580 5981023 8710752 9710071 8711023 730948 730888 9710043 8711023 6660212 9350561 9710519 2760964 7790144 2570519 7790896 7790371 7790371 8870205 7790424 7790424 4720964 4720741 8870743 4720741 8190812 7790741 8190770 7790857 7790969 3950888 7790652 7790519 7790752 3700414 3471007 3471007 9040864 4720741 3471007 3471023 8870580 520741 4720741 4720741 4720371 4720371 3471007 9040864 7790896 8190371 9710006 3470006 3470006 3470006 4720888 3700969 9710006 3470872 4040200 3950560 8190969 8870560 3470006 3470006 3470006 3470006 5231023 7790924 3470872 9710864 9350414 3950960 9040987 3950960 3950960 7790857
3950888 3700071 8870880 730964 8710782 8870942 9710782 3470930 9710422 8710987 2080987 9040987 3950896 9710796 3390752 5230872 3470872 9710741 9040796 9040857 9040857 9710580 730872 730646 8870833 730422 230560 6660304 730212 6660561 3700743 2760176 8870422 8190964 7790857 7790729 9760964 8871002 730729 730043 8870043 730144 3930386 3700519 3930796 9040870 9710422 3470872 3470422 9760964 7790205 7790560 3700996 3700422 9040772 9710006 7790371 730969 8870833 730969 730646 730896 3930043 910043 8870770 3390752 7090973 3390752 3390580 9760964 7790896 9760964 2570519 9710767 8711023 9710580 2760414 3470285 9710414 9710923 9710414 3470923 9710741 3470285 8190414 3470285 8190952 8870833 7790729 7790729 7790961 2760961 7790729 8870212 7790964 9760964 9710964 2080888 7790888 3470772 520071 7790964 7790896 8870743 730888 3700896 7790964 8870969 4040200 4720200 730833 730212 8870743 3700770 3700741 3700924 3700924 3700770 7790741 8870888 3471002 8870743 520741 3700580 2080580 3950896 3700964 3470580 3700580 2080741 3250580 3700580 9350924 9710996 910422 9710920 3471023 7790964 7790518 7790964 2080888
2080770 3700770 3700796 9710880 9040796 3470285 2760952 3700796 7790772 9710833 3700833 8870969 7090973 7090973 7090973 7090973 3950960 3470857 8870205 3700043 3700772 9040987 6660754 2760969 9710772 2760812 9040987 7790770 3470285 9710519 9710414 4040857 4040200 4040857 910646 9710422 3230205 3470833 8870770 3470043 9710772 7790770 9040772 9710006 3470872 4630004 3390371 9710772 3930422 8870888 8870743 8190071 8190160 3390043 8190160 9040857 8550857 9040857 4630371 4630937 4630043 4630043 8190961 8190071 9710205 8190560 7790857 7790888 8550857 3470739 9710920 7790888 3470833 8870772 9710519 9710864 8550519 9710176 8710888 9710796 8710880 9710212 8710752 3390752 9710752 2080741 9710752 8710888 9710920 7790857 7090973 3390071 3390371 5230772 3931002 730741 3931002 8870772 8870969 4040200 7790961 730969 4720969 730646 8870772 2760754 8870772 7790969 8870880 3701007 3700969 910560 910371 8710872 7790888 8190812 730969 730928 8870969 911007 910544 8870969 4040200 730772 730071 730928 730888 730928 730071 730770 3930212 9710422 3470987 3251007 9710996 9710422 8190205 3730519 3470782 9710920 9710920 3950888 3700205 9710205 7790371 3470872 4630743 8190006 2760888 8870833 3700772 8870043 8870043 8870043 7790894 7790752 2760880 9710504 8601023 3700796 8710880 9710371 9710969 9710743 9710496 8190006 4630960 8190857 4630424 8190652 8711023 9710857 8710770 9710812 2080770 9710071 9710752 3950960 7790888 7790937 3950896 3700741 8710504 8190752 3950896 730752 2760373 3470043 230504 7790896 5370770 5370894 5370888 3390043 2760646 3700414 9710923 3230414 9710496 9710414 7790896 9710964 7790964 3950896 9710414 3700285 3700870 3700872 9710739 9710212 9710996 9040880 3700741 3950888 8710646 7790937 9710043
520071 3700422 5370801 5370930 7790857 9710930 2760948 9710864 9350924 7790857 8190930 8190857 3731023 1600973 5370160 3731010 8190857 3730646 8710930 5230466 3470857 9710466 9040857 9040857 3470857 3470043 8710920 9710422 7790741 3731002 9710743 8710872 3700205 3730071 3730964 3730920 3730071 8190857 7090973 8190646 8190896 3470857 7790896 9040772 230872 230767 9710772 2760043 3730043 3930857 9710743 3930872 9710741 3700864 520071 3700422 3470870 2080888 9710809 8710969 8710743 8190857 8710930 8190741 8190371 8870880 2760371 7790964 2760888 8870880 7791007 730961 730752 3950888 5370930 230857 730888 3470043 730888 6660212 6660930 6660422 6660460 9710422 9710422 2760071 9710996 8870870 8870560 6661002 9350752 6580212 6660304 9040580 9040857 9040857 300996 2760422 8870880 9710796 9040796 3230930 3230422 4020000 3701007 3700996 9711002 8870560 730200 6660996 5230422 3230422 8870422 5230930 6660880 9350993 9350741 3730928 3730638 730857 730857 3700772 3700857 8870772 6660872 730754 6660754 730812 730880 9350754 9350754 8710205 910772 3930371 5230857 9350212 9350770 3730580 9350519 4720200 730857 230924 730857 230952 2760043 2080772 3470772 7790770 7790752 7790857 3390043 9710371 7790752 7790414 7790741 2760743 2760770 230504 230504 2760205 3470772 7790741 3470772 8710580 230872 730880 2760880 2760888 3470580 7790894 250200 8190006 3471023 9710920 9710285 8870888 300422 3930205 3930880 3700212 9710006 910422 9710995 4720580 9710422 3230880 8190741 3230741 3250560 8550857 7790857 7790857 8191002 7790857 7790857 7790200 7790857 5370752 3950960 8870770 9710414 3470930 2760924 230741 2760770 9710923 9710930 9710930 3470930 8601023 2080894 7790896 7790741 7790752 2080414 9710371 3950888 2080894 5230519 9710743 4720363 2760772 5230872 8711002 9710414 8710414 2760741 5370754 5370754 7790857 2760652 7790857 5370770 7790371 7790937
7790741 730809 730924 9710772 3730638 3730638 3730638 3730004 3730004 3730638 3730004 6660043 6580212 2760772 730928 6660741 3930043 730833 730888 730580 730371 730996 5231002 730687 5231002 230422 6660460 2760948 8870043 2760948 730371 730043 730960 230422 230006 230422 730743 2760144 7790043 2760071 9710870 2760422 8710205 2760527 2760422 8870772 2760996 2760071 2760144 730144 8711002 9350144 2760371 3470006 9710285 7790741 9710453 3470870 3470870 2760964 9710743 2760371 3470006 2760350 7790741 2751023 730928 2751023 730228 730969 730870 730646 8870580 8870743 9350741 7790371 3250580 7790770 3471023 8190580 8190496 7090973 7790857 7790770 2760371 230414 230350 230872 230414 230809 230924 3730043 8190857 8190772 8190770 3470772 3470987 2760752 6660754 6660754 730772 2760928 2760960 2760880 2760928 7790752 5231023 230872 230350 230741 730043 230809 730006 8190894 9710741 3470772 6660924 730870 730371 5230646 9710414 9710006 5230872 730894 6660043 2760928 730743 5370743 2760964 7790857 8190772 9040857 8190857 8190646 7790857 7790969 8870424 2751023 5231002 5231002 910924 5231002 910924 910043 3700964 5230646 3731010 3730006 3730004 3950888 8550857 3930969 730071 9710864 730924 7790043 7790741 7790964 7790741 2760350 6660422 6660460 6660422 6660422 6660969 730928 6660969 3930770 9710969 9710812 230872 230350 910205 230006 5230371 230924 230350 7790857 8190371 9710371 9710857 8190371 7790857 3471023 7790964 2760741 6660872 8710924 7790924 3700896 730969 6660006 2760924 2760743 7790964 2760924 2760924 2760888 230924 230350 230350 230350 5370754 2760754 730928 3930770 910205 910200 730743 730767 3471002 9710043 2080894 7790741 9350729 2750857 3930386 3930870 730928 730282 730646 3701007 2760897 730924 730924 7790752 5230037 2760752 3730371 2760930 2760741 6660880 230422 2760527 230422 6660930 6660043 230857 3730371 3731002 730857 2760580 5370960 2760687 9710964 8870043 8710414 3730984 3730993 3730993 8190857 8190752 3250857 9710987 8870743 9350741 2761002 230350 5370371 730687 8190071 8190071 9350752 7790857 7790857 7790741 2080741 9710496 3950560 4720743 4720371 7790741 7790200 8190772 3731002 8190857 5370743 2750857 9350993 6660160 730646 9350561 8190872 8191007 5370160 9350304 9710729 3700741 520743 9710741 9710809 9350913 8870043 7790424 2760350 9710580 230414 3230414 730857 6771010 3731007 3730422 3730182 4630580 3730872 9311023 9710833 9710987 8190414 9710857 9710857 8190205 5370772 2760930 2760422 2760687 2760519 2760496 2760952 2760741 730857 730687 2760948 730743 8190687 3470857 8190580 7790829
7790964 9040857 8190920 2080888 7790964 7790964 8190422 730964 8870870 8870772 2760772 6660460 2760772 7790896 9710772 520071 8870743 8870888 3471023 2760043 6660460 730870 6660460 730928 2760928 2760961 8870772 7790043 5370687 4720043 730870 2760006 2760043 9710371 9350560 3930560 3930422 3931023 3930880 3230743 8870870 9710961 4720961 4720961 3950896 7790964 2760071 2760996 230006 230350 2760880 6661002 730870 730870 8190857 8601023 2760422 7090973 8190930 8191010 7090973 8190857 7790857 7790937 6660948 6660996 3230772 3230996 7790894 3230796 730561 730754 3230796 2760043 2080772 7790894 7790896 2760560 2760812 2760754 2760772 2760754 2760812 7790870 2760205 2760560 6660422 2760870 2760880 8190646 4630913 6660043 2760928 731007 730144 730741 6660212 230880 230880 9710996 730812 3470043 7790371 3470772 7790741 3470422 8190964 730964 730961 9710071 8870743 6660996 230560 9710422 9710176 9040796 8710969 8710888 9710743 8710872 8710767 8711023 3950896 8190741 4720743 9710285 9710961 8710414 3470995 3470373 9710504 5230205 730812 9710422 3230422 9710453 5230872 9710739 3230739 9710739 3470739 3470961 3950960 3950888 3230560 3230741 9711007 3700864 3700741 3230205 3230350 8710212 5230560 9710212 9710527 3930872 910741 3730205 3730004 3730422 8190857 8710414 8710857 9710752 9710414 9710767 3471023 7791007 4720752 9710767 9710176 910071 9710969 9710205 9710205 3700414 9710371 5230646 9710888 9710812 3470739 9710071 3470422 8190812 8190812 8190071 3390071 8190519 4630752 2080987 910741 9710969 9710350 910741 9710969 5230560
3470857 4630580 4630043 3470857 3470857 2080580 7790896 8190580 2080580 2080580 2760812 8190071 2760580 2760043 2760928 2760527 7790144 2760812 8550519 3390580 4630580 4630580 4630857 8190071 3230350 4720371 9710739 910741 9710920 9710920 9710920 1760973 3730182 9350371 8710466 4720857 4630913 4630913 7790857 3470043 8710006 9710969 9710987 2080770 9760964 3470043 9710071 9710964 8710743 2080888 8710560 9040580 8190580 9710969 9710964 9710743 910371 2080894 5370894 6660043 4720363 1030638 9350743 9350212 8190422 8600857 9760964 1760973 9710920 8711023 9710920 3700205 9710964 9710920 2760964 7790519 2760964 9710462 3730460 2760516 9760200 9710350 4630960 4630071 3730872 3730460 3730004 3730043 8190857 9350894 8190961 9710205 3230743 3230304 9350560 9710969 3930812 9710767 8190857 4630857 5230466 730924 8710371 8710466 3230071 9710071 9710928 9710752 2080770 7790741 9760964 3390580 3390580 4630937 3390580 3390043 9710894 9710496 2760948 8870043 3700888 8710646 9710920 9710350 9710920 9710071 8190071 2080894 9760964 3731023 3730460 8190894 7790857 7790857 9710772 7790741 2760809 3470987 7790200 3730268 3730268 3731023 1760973 1760973 1760973 4630043 4630930 4630043 7790857 8190767 2760414 3470923 9710987 2750212 8710043 9710888 9710297 2760996 3470043 7790857 3471023 9710920 7790894 8190752 1760973 8190466 8190930
3700739 9710952 9710952 9710752 3700960 9710752 8710752 3700870 3700964 8190857 3700739 5230205 9710371 9710960 8710043 730071 230496 2760371 2760888 2760924 2760176 9710888 8711023 9710741 8710920 2080741 4630200 4630772 7790937 5981023 8870743 8710519 9710743 4720743 910200 9350801 9350928 8190894 5230414 3700924 3730004 3730004 3730602 3730646 8191023 4630772 9350754 730371 2750212 3230527 3230527 8190580 8190422 9710743 2080987 3230888 3230371 3230864 9710864 3230772 9711007 5230930 7790857 2760006 2760371 730000 9710782 9710743 3930205 9710006 8710767 230767 2760687 3930422 3930880 730754 3230646 3230969 9710422 8190857 8190560 8190422 9710891 7790752 2760754 2760752 2760414 6900872 230857 3730580 3731002 3730741 3730580 8190857 7790857 7530857 9760857 3730114 3730646 3730993 9710071 4720888 8710767 300996 910422 9710205 3700519 730752 8710580 8710770 8190071 8190964 8710920 9710752 8710872 4630071 9710466 5230466 5230772 9710414 9710920 7790964 730205 3930772 3930772 3700205 910741 9710741 3930872 9710796 520942 3471023 8190894 5230414 5370960 9710961 910560 9710371 8710752 9710880 3700200 6660371 3230880 3701007 3730560 3730386 3730646 4630371 8190646 8190857 230422 5230466 2760006 9710422 9710996 3230205 2760752 9710739 5370960 5370770 5370888 3251007 5230422 3700969 8710422 9710371 8710872 8870770 730880 3930772 3930880 730561 3700422 9710422 3700770 9710752 8710928 9710297 8710996 8190652 3471023 8190770 3250857 8550857 3470441 730770 2760580 2760752 8710772 8710770 8870770 7790752 7790752 2080772 3470772 8190687 3730519 3730460 3730460 230006 230006 2760741 8710580 9710580 2760371 8711023 9710964 3470857 3470857 3470857 9040857 3930857 3230969 730743 8870969 230920 8710422 2760560 3930796 3730969 3730646 3730422 9040857
6660996 7980973 9351023 8870969 3931023 8870969 730969 910857 4040857 8870969 8870969 8870969 4040857 3931023 910857 3730984 5230371 3930212 300872 910205 3700880 8710987 5370743 9350743 8870743 3230519 730857 730857 730857 730857 730043 8870043 8870580 8870043 7790424 3700739 3700739 9710782 9710729 9040987 9350928 3700888 2760960 8710857 3470870 9040880 3950888 3471023 3470422 9710519 9710285 6660930 6660857 6901023 9350205 7310560 5230205 4990930 730812 5230930 3730422 3730205 3730205 3730969 3730560 8190857 3730741 8190857 7090973 3730872 8190880 3730993 8711007 230963 3730006 3730770 3730765 3730993 6760646 8190741 8190857 8190857 8190857 3470857 8190857 8190913 8190700 8870770 4720888 9710880 7790371 5370043 9350519 730857 8190414 7790857 7790424 8870924 9710544 230857 230560 230560 230952 730560 230880 9710930 230857 230767 730930 230767 2760888 230952 2760752 9710752 2760752 8711023 2760770 730770 2760872 2760964 2760752 730741 731023 730960 730960 8870580 2760952 8870770 730371 730960 730833 730857 8190580 4990160 730857 730857 9350752 4990857 9350930 6660857 9350829 6660930 6660580 730071 6660741 730743 1920857 730743 730371 730928 730743 730071 9350560 3230930 730857 730363 730857 6660043 730857 730743 730646 730928 8870424 730687 730888 8870743 8870743 8870743 8870424 7790969 8710857 3470930 9350930 1030638 7980973 3730241 9350519 9350894 9350371 5230930 3230741 730414 5230930 9350516 2760894 2760960 730544 6900872 3230371 9710350 9710580 3471007 5981023 8600857 5370829 2760896 730930 730880 3230752 9350414 3730200 2370973 1030292 3730974 7980973 1760973 8190857 6350857 6660996 6660304 9350942 8710930 9311023 5650857 8710930 730200
730812 2760894 2760960 9710772 7790772 2760964 8710888 2760071 8710880 5230422 3230880 3230796 9710920 8710560 2080770 9710809 9710743 3700796 3700212 8710770 2080888 3230770 3230646 3700743 3251007 3700071 3700743 3230796 3700519 730880 3700422 3230527 730888 730812 9350743 2760071 2760743 2760580 9710923 9710527 2760752 3730004 8190930 3470930 9710739 3470285 8190741 4630772 8190741 8190770 9710414 3950960 3390752 3950960 8190519 250969 3700960 9710796 8710880 3700212 3470422 3471023 9040864 9710767 3700872 3700880 3700212 9710504 3471023 8190880 7090973 8190496 8191010 7090973 3390043 7090973 8190913 7090973 8190770 8190812 3390071 8710857 3700205 3700071 9710964 9710205 3930371 3930422 3930560 3930812 3930422 3930560 3930560 300422 3930996 3700888 3700969 3700770 3700770 3700770 9710422 9710297 2760812 8870812 8870560 3470857 9040857 3470857 4300857 9710857 9040857 2760371 2760043 2760414 8710414 2760414 2760743 2760350 2760043 2760924 3470772 9040772 8190519 8190519 9350687 8190857 9040857 9350896 3700960 7790857 2760071 2080987 7790964 8190466 8870772 3700772 7790894 3700770 9710767 9710796 9040857 3700752 3470857 9040857 9040880 910772 5230772 3700960 8710212 8710996 9710527 5230872 3930772 5231002 9710833 9350880 9710772 9710772 9040987 2080772 2080772 2080772 4300519
2080888 9710741 8710880 9711007 8870414 5230646 9710453 9710809 8190414 8190812 8190812 8190560 8190560 3470857 9710575 9710414 3700996 9710496 3470857 9040857 9040857 8190519 3730560 8190857 4630638 4630752 7090973 7090973 8190770 2080770 9710496 7790752 2760414 2760880 8190519 7790371 9040857 9040857 730857 2750857 3931023 3700580 8190857 8190913 9040857 9710960 5230414 5230422 3470923 5230414 2080987 8710414 7790371 2080414 3470422 9710864 9710864 9710888 9710864 9710888 3700741 4720752 7790857 730924 730414 3930796 3470373 3931023 3930205 9710782 3930812 9710729 8190071 8190964 3700857 9710960 8710752 8710371 9710414 5230205 9710729 5230560 3930414 3930205 9710969 9710969 3730969 3730969 3730006 3730888 3730888 8190857 9710743 9710504 9710071 8710857 3730888 3730004 8190560 8710857 4720857 3230205 3230496 3230519 3230527 3230212 3700422 4720752 3701007 9710729 9710729 4720200 4720857 3930969 3930519 3930519 3930519 3930519 3930519 8190857 8190205 8190519 3950896 9710071 3950888 910741 3230880 3700969 8190404 8710857 3700770 3930796 8710996 9710071 8710646 9710782 3250580 9710297 5230560 9710987 9710422 2760770 9710085 9040580 9710741 2080414 9710422 300422 300422 8710880 8710872 9710205 3700422 9710006 3470987 8190920 4630043 7790371 5370043 7790205 2760071 7790857 7790964 3950888 9710580 8710767 7790770 2760770 8710770 9710414 9710767 8711023 8710205 9710743 9710969 9710729 9710071 9710575 8710646 8710176 8710176 8710987 7790870 2760924 3471023 2760006 9710743 3470872 9710071 9710071 8710176 8710872 8710176 7790896 7790964 3470857 9710743 9710071 9710920 9710964 8710646 3470872 9710812
7790752 3470043 9040772 7090973 8190857 8190006 8190872 8190071 230924 2760422 7790857 3230739 3930422 5230205 5230205 6900872 910071 9710350 8710414 9710422 230872 3730580 3730924 3730924 4630371 4630071 4630371 4630638 4630857 4631010 4630371 4630580 4630743 3390371 9040857 2080519 8550519 8550857 9710987 8710422 9710743 9710741 910071 4630969 8190857 9040857 8710880 9710371 3700752 5230560 6660527 8710580 1551023 9830996 3930371 3930870 3730741 3700796 520857 9710752 9710752 8710767 8710888 9710071 3470857 3470857 7790964 3700422 3730646 3730646 8190812 3390371 3950560 2080741 9710809 9710496 9710414 9710496 9040857 3230864 5230205 8710504 230422 730560 8710466 3730872 3470857 8710006 9710496 9710414 3700960 9710888 8710752 3471007 9710987 2080741 9710504 3470872 9710580 7790896 9710743 5230466 5230466 730752 8710422 8870770 9710071 8710580 9710995 3730071 4630638 9710580 9710743 4720371 9710453 3470857 7790200 6901023 730561 910422 9710285 3470872 3470872 3950888 2760741 730212 730872 9350741 2750212 9350961 8190969 8190857 910857 910857 9710212 5230646 8710880 8190006 8190646 3730006 4630752 4720857 8190646 8190770 9710741 3700741 3700739 9710960 4720752 3700741 3700896 9710960 8190071 3730580 8190857 7090973 3950888 3470857 9760964
5370930 5370888 7790964 230006 3700770 9710071 7790896 2080519 2760964 8870212 730857 730857 8710519 3730888 3730602 1031010 1760973 8190857 8190894 9350304 5230930 3930743 3230422 3230205 730371 8870560 3470782 9040772 9710371 9040772 9040772 7790961 3470987 9710071 3470580 8710350 4720964 3700770 3470872 7790770 7790424 7790770 7790937 4720752 3470987 8710864 9710176 9710782 8710872 9710037 4720580 2761007 8710519 2760952 3471007 2761007 2761007 2760580 7790888 2760580 4720580 3470373 3470987 9710071 9710285 730743 4720964 4720371 8710646 3470580 3470580 9710071 9710920 2080770 2080770 3471007 9710743 9710987 8710176 9710920 3470987 910969 910371 3470782 7790964 7790043 9710519 730888 910043 730743 8710043 8710580 910371 2760071 9710544 8710176 7790964 2080772 9710964 3470772 8710987 5981023 8601023 5981023 9710462 2080772 3470772 7790969 7790969 7790969 8710205 9710729 8710741 9710743 3700770 3250560 910422 9710969 9710037 2760743 7790144 8870770 8870969 8870969 8870969 9710920 8710969 9710969 2760924 9710969 8710043 8710782 9711002 2760969 730741 3700071 2760144 8870969 2760441 2760920 9710782 7790888 8710646 9710504 3700888 8710176 3470833 8710371 9710071 9710729 9710920 3470422 9710006 3730560 3470870 9710350 8190857 3731010 3730004 4630857 4630752 4630071 7090973 9760857 9760964 8190964 8190772 3700772 8710422 8870580 3700964 3700743 3930743 8710770 8870743 8870422 8550580
8340519 9040580 7790888 9710964 3700741 8870743 3700964 2760896 2760743 2760880 3700896 2080772 3470043 9040772 9040772 9040772 3470580 7790894 7790741 3470580 8710770 8190752 4630960 3730430 3730984 3730560 3730430 8190857 8190857 8190920 3700964 5230646 9710006 7790371 8190872 2760741 3700872 3700864 9760964 9760964 2080894 3470872 520741 9710071 3470580 3470987 9710969 8710752 9710743 9710285 3470987 1760973 8190870 3700519 3700796 9710212 9710796 8710767 8190071 3471023 9710071 9710964 8710857 8190857 7090973 1760973 3730743 3730743 9040857 8191010 9040857 8190071 3930857 3930812 9710894 9710812 8190560 3730071 8190894 9710575 3470006 9710894 3950888 3700796 3700770 8190687 250200 2760114 2760516 9710371 3390071 3950888 9710752 3700741 9710212 8710752 9710891 8710752 8710752 9710920 9710739 3730993 8710743 3730928 8710422 3700739 9350743 9710544 3700857 3730924 3730646 3730920 3731010 8190857 3730646 8190964 3930857 3700964
3470857 3470580 7790829 8710580 9710422 9710297 9710205 3700743 9710809 5231023 3730043 3731023 3731023 4630200 3730043 8190857 3230880 731007 3730772 3731023 3731023 3731010 3731023 3731002 7090857 8190857 7090973 8190857 8190857 2760371 2760964 8190371 8190896 2760924 3470857 8190857 1760973 8190519 8190772 8190772 2760772 2760646 2081023 4630829 1030993 5650857 9350812 6771010 6660527 7790894 2760812 7790770 3470043 7790964 8190772 9710864 730796 5231002 730006 2080894 9710422 2760770 9710870 3470373 3730460 8190930 8190857 8190857 8190857 5370519 2760930 8190772 8190404 2760942 7790601 7790888 9040772 8190404 730000 2760894 5230857 8601023 8190687 3731023 3730268 3730770 3930212 520942 6660930 6660527 9350212 8870880 7790894 8190560 3730200 3730043 7980973 1760973 9350772 3730004 8190772 7790888 7790857 3730006 5230414 910371 9710371 5231023 6990200 7790857 2760580 730580 3730891 3731023 3730420 3730741 3730601 4630200 3730646 3730601 230422 230880 730812 7790857 6350601 2760404 2760770 2760646 2760894 6990857 8190519 7790857 2760928 8190741 2760812 3700870 3700212 8190894 4300857 4630969 3730004 1760973 3730114 1760973 1760973 6760973 1760973 8190930 8190870 2760200 2760687 8190920 730894 3230560 4720371 8190870 9710996 3700796 3700580 9710880 9710414 9710857 3730924 3730741 3730646 8190772 8190857 8601023 4300857 9710043 9710422 4300857 7090973 8190857 8190857 8190857 8190857 8191002 8190857 8190857 3730969 8190481 4630282 8190857 8190857 8190857 4630638 8190857 9350880 9040857 8190857 3700857 9350729 9350888 8190857 7310969 3730928 9350801 8190969 520071 520857 9350829 3930969 520969 520969 520969
3700741 8870212 8190580 8870770 9711002 9040857 9040857 9710796 7790857 9711002 8870772 8870942 2080200 9350160 3700212 8870880 9040880 8190071 8190930 3250580 8191002 2080200 5231023 9711002 7790969 9710743 9710544 3700743 9710544 8190969 3730941 7310924 3731002 9350996 5370924 8190560 2760006 9040857 8190913 8190422 8190560 7790857 8190894 3470857 8190560 9040857 8190687 8190872 8190964 3470857 8190371 8190741 9350924 4720964 9710888 5370888 3730782 3731002 9350212 5231023 5231023 3470006 9710006 9710176 3470006 7790371 9040857 9040857 9350741 8870743 9710960 3700880 9710212 8190687 3470857 8870942 3731002 9350516 3730241 7790829 9350752 7790857 8190371 2081023 8190071 8190371 3470857 8190741 2080741 3470857 3471023 8190829 8190404 8190700 7980973 3731002 7790857 2760920 2760924 8190880 3700519 3470422 520969 3700796 9710212 9040796 3700519 9710212 8870743 9710920 8190942 8190964 9040580 7310937 3731002 9350930 8190752 8190687 7790894 7790371 8190580 3470580 8870743 9710071 3700964 8190964 9350888 3470857 9710544 8711023 8190964 7790888 9040772 9350212 3470373 9710544 8710212 9350930 3730743 3470930 5231023 9710212 3470006 9710006 9710006 9710006 9710544 3950896 9710888 3471023 7790741 9710743 9040857 2760942 9350924 8710924 9710422 9710285 8190371 8190880 9710857 8190913 2081023 7790888 5370930 7310741 8190422 8190772 7790857 5370687 8190942 8190371 9350942 9710205 2760560 8190560 9350880 7790857 8190071 9040857 3250857 2760071 2081023 2760743 4720741 7790752 3731002 3730241 7980973 5370404 8190801 9710205 8870880 2760580 8870880 3250580 8190920 3700200 3700422 3700880 9710212 2750212 7980973 3730580 7310969 8190896 5370964 230857 5230466 5370071 730857 3730580 3730580 230857 230857 2760043 230857 230504 5370833 7310004 7310646 7310646 2760200 2760114 2760043 2760743 7790829 2760896 8190519 2760809 3700200 3701007 5370743 7310646 7310924 3250857 9710212 9710006 7790371 9710006 9350812 9710212 3700519 9040580 7790964 8870969 9710796 8870743 9710212 9710891 7790371 9710422 2760371 8190880 8190829 2080200
9350930 9350414 9350930 730857 3730984 9350752 8601023 5981023 8601023 6760857 3730964 3730504 3731023 3730888 3730743 8190857 3730460 3731002 3730422 3731002 3730004 3730833 3730422 5370371 3730772 3730043 7310004 8710857 9350930 5231023 1600973 7980857 3730004 3731010 3730004 3730004 3731002 1760973 3730772 8190857 9350371 730857 2760930 9350930 9350880 9710930 9350561 2760752 9350930 9350212 9350937 3731002 9350752 9350880 2760924 5370071 8190772 2760964 3250363 7980857 3730200 3730752 3730004 3730772 3730770 3730043 3730004 4020000 6660996 3730772 3730205 3730004 6350857 230924 5231023 230872 6901023 6350857 3730960 6901023 3730071 3730371 9350930 5370964 9350752 3730043 3730752 9350752 3730043 8190414 9350894 6760857 4990857 7310924 9350371 2760964 6660857 9350964 5370896 2760969 300996 300996 300872 7980857 5370960 7310560 2760894 8190857 6350857 3730964 3730004 3731002 8710857 5230930 5231023 5231023 5650857 6901023 8710414 9350964 730857 3730371 6660006 9350371 9350371 9350006 9350371 9350160 5370752 7530857 9710782 9710782 3730004 3730004 3730043 9350371 6660043 6660043 6660043 6660212 3730241 3730964 3730420 3730268 3730960 3730420 3730964 3730004 3730888 8710987 2760071 7310942 7310004 9350888 9350770 6660857 6660857 9350888 9350772 9350930 6660857 5370888 6660422 9710930 6660857 5650857 6660857 6660857 3930857 6660857 230857 6770160 6660857 9830996 5230930 7310741 9350752 8710857 9350743 6660857 9350928 2760888 3930743 9350160 300422 5231002 730371 3700888 730812 9350880 7980973 3730969 7310741 9350422 9350754 230963 6660212 9710833 9350896 730205 9350996 9350752 9351023 6660857 6660857 9710743 9311023 9311023 9311023 9350894 6660930 9350560 5230772 5230857 8710422 8710872 5230772 6660924 9350741 2750212 3730741 3730960 2751023 730371 9350414 6660857 9311023 9350422 6660880 9350519 9350894 6660160 6660924 9350880 6660561 2750212 6660371 230880 6660560 730888 730350 6660527 5230930 730687 6660800 9350752 6660857 5230930 730857 6660857 6660872 6660422 6660371 9350741 9350743 10110857 6660857 6660857 5230930
3700422 230857 3730004 3730004 9350880 3230212 2750857 9350961 7980973 7980973 7980973 8190422 3470772 7790964 8790891 9350894 3470772 731007 7980973 7980973 9350772 730857 8870580 7790200 8870043 2760880 3390580 7790857 7790518 7790772 7790424 8190580 9350687 7790772 5370754 5371007 5370043 5370833 7790200 7790200 7790937 3390580 3390580 3390580 4990930 6660930 6580212 6660996 730880 3700964 3730519 8190801 8190466 8600857 8190964 3700743 9350829 6660800 3700870 2080200 3930422 3700969 4990857 9350894 520857 3950896 4040200 730857 3730519 730801 231023 230857 8190772 7790772 2760772 8190519 5370801 7790870 7790857 730646 7790729 7090973 4630829 2080200 8190942 9350006 3930560 9350812 7310560 3730241 3730241 3700969 3930422 2760952 3930205 3930422 9350754 9710857 9710857 8710466 5370071 8710466 2080200 8190896 3470580 7790894 3471023 8190652 3230743 8600857 3250857 8870043 4720580 8870580 7790518 7790857 3250580 730857 2750857 3930043 3700969
7790870 3390580 4630580 3390580 4630638 1760973 3730182 8190857 7980973 9350752 8710466 7790200 7790870 8711023 2760952 2760888 2760888 8710519 8710504 3730928 3730004 3731010 3731010 3730646 1600973 8190071 2080894 3390071 8550857 3731002 9350687 730857 5370930 9350772 7790888 3230924 3731002 8190930 4630371 5370741 8190857 5370960 8190741 8190772 3730004 8190580 8190857 7090973 230496 8710864 910857 8190920 3471023 9040857 7790371 8190770 3950960 7790857 7090973 8190857 8190857 8191010 8191010 4630043 7090973 8190857 7090973 7090973 7790857 3250857 8870743 8710414 9710453 9710071 9710414 8710504 8710770 9040857 5370741 6900466 3230930 5230466 8190580 230857 3730782 9350961 9710960 9710371 3470006 4630969 7090973 7090973 8190913 8190071 9710894 8710969 9710969 2080741 8710519 2760496 2760952 2760114 8600857 9350801 5370894 8190896 9710729 5230969 3730870 8190414 5230857 8190071 9710857 7310741 730857 6900466 3230414 5230466 9710752 8710752 8710646 8190770 8710857 6900466 8710857 3470857 8190964 8190770 8710987 8710782 9710729 8710371 2760752 2760114 2080519 5370741 5370770 9710466 730894 230741 3730004 5370930 1030638 1760973 5370743 8190920 8711007 230414 9350741
8870422 4300519 3470422 3700888 9710453 5230422 3230741 8870770 3700205 3930560 3930796 3730071 3730969 8190857 8190006 8190006 9040857 8190560 3230205 730371 3230371 9350741 9350212 8190580 3470580 4720857 2760743 300422 3470833 9710414 9710371 9710350 4630580 3730580 9350371 3700414 9710496 7790964 9710414 8710414 9710920 8190857 2760527 6580212 8190857 8190519 8190741 8190496 9710857 9710969 3470870 9040870 2760964 3700964 3700743 3700880 9040880 2080580 730580 2760371 2760560 2760560 2760646 2080519 8190894 8340519 3470772 8340519 2760743 9710285 9710833 2760741 8710422 8710519 9710580 9710422 7790741 7790964 7090857 7090973 4630638 9350872 9710772 9710176 3470772 7790894 8710770 9710996 9710371 9710888 3700864 730414 8601023 7310560 7310741 3730752 3730496 3730752 3731010 3730741 3730519 6350857 6660754 8710770 5370687 9710987 3730942 2760752 8710857 8710767 8710857 3930043 5230414 8710888 8710924 3700285 1551023 9710752 5230414 2370973 2370973 2370973 2370973 3730420 3731023 3730646 4630371 3730993 3930205 8710880 9040880 8870580 8870580 7790894 8870770 3230371 6660371 3230006 8190857 3730004 3731010 3731010 3730646 3730984 3730646 3730993 9710857 9760857 8710857 9350304 3930796 8710996 9710071 5230560 8710414 3730004 3470857 8550857 4990928 730743 3230880 2760964 8870743 231023 230920 230963 3730371 9350422 9710580 9710857 9710422 9710580 9710857 230872 230872 230872 230422 230741 230767 2760897 2760770 2760422 2760964 3930414 9710422 2760969 9710743
7790961 8870870 8870870 9040870 7790870 7790200 7790857 251007 1760973 8190930 4630371 7790652 4720371 4720741 2760888 8711023 3230527 230963 3470930 7790857 2760752 730924 3930870 9311023 3730496 4630752 8710969 520743 9710969 8710580 1030638 9350414 9710741 4020000 3730420 3730420 3730420 3730496 3730888 4631010 4630857 4630913 7790857 8190519 2760741 2080888 230963 230920 8710043 2760006 9710864 2080987 8710043 3470782 8190071 3730638 3730964 3730888 8190857 8190071 3930924 730964 3730560 3730006 4630969 3730924 8190857 3730772 8190801 2760894 2760897 9710519 2080519 9710285 3700924 5230646 5230422 3700519 9040857 9710371 9710371 9710371 9710006 3950888 7790969 3390043 7790424 7790424 230767 230767 3730004 3730920 4630043 1760973 5370833 3730920 3730888 8190071 5370071 730894 2760964 730796 3730770 3731010 4630580 7090973 2760888 9350772 6770160 1920857 730422 3930996 3230969 3930743 3930996 3930422 3930880 520071 3700969 3951002 7790200 730857 8870924 9350754 1760973 1030638 8190496 7310942 2760114 3230770 3700285 730371 9350924 3230422 730371 730414 2080200 730767 730560 5230422 4720741 9710580 3470580 4720580 8550580 9710006 3390071 4630930 4630930 4630930 4630969 9350414 8710212 9350561 9710741 8190752 6901023 3730602 3730006 3470857 5230519 3230422 9350304 3700205 3930812 3930812 3930205 3930560 3230205 730144 2760560 911007 730205 3230205 9350812 8190961 8870364 7790200 7790894 8190857 8190857 7090973 8190930 8190930 8190930 8190857 1760973
9040857 7790888 3731002 1760973 5230930 9350772 230741 5370772 7790371 8190560 8190964 8190200 230857 5230930 2760741 2760809 230414 10110857 3470930 1600973 1600973 8190857 8190857 2760888 8710888 3730646 3730200 1760973 3731023 3730422 3730741 3730004 4990930 230857 5370371 9710580 6660930 2760930 3730071 3730920 2750857 2750857 730371 730071 8711007 3700743 3700071 9040580 8190857 8190857 730857 730212 730414 730006 8870560 8870212 7790924 8870743 7790424 2760928 230857 3730602 3730833 4630930 3730519 5370770 10110857 8190741 8190752 3470923 8190519 9350928 2750857 2751023 730144 9350560 730371 2760580 3700580 4720741 9710580 9710969 9350743 8710580 6990200 2760743 2760743 7790857 7790964 2760752 8190519 6760601 2750857 6660857 730519 6660580 730580 8870580 4720371 8870580 9040580 5370043 8191023 5371023 7790200 7790857 7790964 4630200 3731023 730580 730071 230350 730960 7790894 9040580 2760752 3730268 3730891 3730833 7090857 8190857 8191010 8190857 230809 230422 2760930 230920 2760964 8710930 8710466 8711023 8710743 3470580 3700071 3700752 3700770 6660930 6660930 9350880 6660043 7980973 730857 2750857 7310646 3730752 6660857 3930043 3701007 8870580
9350743 3731010 3730004 3731002 9710833 9350772 730770 9350930 9350880 9710930 7310924 8710930 9350772 9350770 9350930 3731002 5981023 9350741 3730743 3730960 3731023 3730974 3730772 3730872 3731023 3730920 3730071 3730004 3730872 3730004 1760973 3731002 3731002 7980973 9350772 3730496 9350930 6660857 6660527 6901023 3730004 3730638 3731010 3730772 3730004 3730519 3730004 3730960 8190519 6901023 6900466 6660043 2750857 6660948 6660741 6660212 6760857 9350212 9350743 8190770 3250857 3730924 2760960 2760770 2760894 2760752 8190752 5370770 7980857 7980857 3730960 3730004 3730770 3730969 7980973 3730004 3730004 6580212 3730422 3730004 3730772 10110857 230006 6900466 230350 9350687 3730741 3730004 2750857 9350770 9350924 9350371 9350560 9350414 5230930 8190580 9350888 10110857 8190969 3730960 9350741 5370371 9350741 9710969 9350772 7310924 4990857 5370743 9350894 9350741 9350743 9350964 5370371 6660857 3930857 3930371 3930560 9710527 7980973 9350516 3730772 3730752 3731002 3730993 3930857 3730496 5230930 3730071 6660857 9350371 9710772 9350371 3731002 8190371 9710930 9350772 8190857 9710782 2760888 8710752 10110857 3730602 3730602 3730004 3730071 3730371 3730371 3730371 6660043 6660043 6660043 6660043 6660948 6660043 8190741 3730580 3730743 3730872 1600973 3730004 3730071 3730420 2760894 9350942 3730743 9350896 6660857 6660857 3230414 5370770 9350414 9350930 9350752 7980973 6660857 9350880 9350964 6770160 6660857 6660857 9350743 8190519 3730782 6660857 230857 5230857 9350741 9350743 9350743 3930519 3930519 2750857 730371 8710880 7790857 2760896 9350752 9350560 10140652 7310646 6660857 9350212 9311023 3470441 5231002 6660212 9350964 8710930 6660880 5370743 730833 230350 6660006 230857 9710930 5230350 5231023 2760205 5230371 1551023 3930741 3930772 3730924 3730371 3730741 3730200 3730741 3730004 2750857 6660741 6660561 9710796 6660160 6660857 6660857 6660212 9350894 6660924 6660006 9350687 10110857 6660880 3230422 730857 6660930 2750212 9350964 6660800 2750212 730752 730205 6660996 9350422
3930741 3700833 8190560 8190560 230496 8710772 9710772 3730004 3730422 3730519 3730782 3730004 3730580 4020000 3730812 3730560 9710857 3470857 8190071 8190071 8190071 8190687 9711007 3730420 2370973 3730420 2370973 3730420 4630200 4630743 4630752 3930880 8710996 5230422 9710519 5230646 2760964 3730496 9350743 9710085 9710880 9710496 7790371 7790752 8550580 3390371 3950896 7790964 3230880 6580212 300872 9710729 9710544 9710527 3700205 3700752 9350560 9350560 8710006 230952 230809 2760741 230880 8190857 3730960 3730004 231023 231023 2760772 2760741 1600973 3731010 4630371 3730920 4630741 8191010 4630772 8190752 230414 230741 230560 230504 230414 2760772 2760942 230952 230920 2760772 2760772 2760687 230496 230414 230504 230809 3230772 3230519 730888 3230888 3230519 3230006 4720888 3950960 4720888 8550580 4720580 8550580 4720752 7790937 7790741 231023 6660371 2760043 6660857 2760930 8190964 2760987 8870743 730857 6660880 6660930 6901023 5230519 2760960 3230560 3230006 5231023 8870580 730000 9040580 9040857 9040857 3930741 230924 730969 730770 8710519 7790770 230952 2760687 230496 230767 230952 730772 230504 2760770 7790961 9711002 7790888 7790894 3700772 3950888 9710371 3930422 3700996 3930743 3700833 6660754 300996 9040796 3930796 3950888 8870880 4720743 9040857 8870880 9040580 7790371 8190961 7790961 7790857 7790857 7790601 5370743 6900466 5230930
3700924 9350964 3230743 8710580 9350687 3700285 9710928 8710987 8710888 8710176 8711023 2760071 2760441 8870870 9040870 8870212 8870812 9710996 9711002 3700969 9710462 9350752 9350414 9350894 8190857 9350516 8190969 730857 3930796 9710888 5230037 8710770 3700772 9711002 7790896 9350772 8711023 9710891 8710930 2760809 8710422 730071 9350896 2080200 8710743 8710770 8710782 9710743 3931023 9710575 9710796 9710212 9710796 8710422 3250560 9710857 9350371 8710770 9710930 9710729 730752 730948 8870580 9350752 730006 8870580 3930043 8870580 730371 730560 8870424 3700205 3930872 910741 8870770 8870888 3700580 910560 8870422 8870560 9350304 520741 3700741 8870924 8870743 3930422 8870969 3700969 3930796 8870969 3700205 9710741 3230796 520857 3700422 9350964 8710928 9710987 8711023 8710782 8191002 8190687 3730071 3730004 8190422 3730004 8190857 8190857 8190857 8190857 9040857 8190580 9350928 8710857 8870812 3470373 8710969 910857 9710857 8190752 8600857 9350894 9350894 7310924 9350743 9350205 9350743 9350880 2760930 9350560 730924 9350924 730924 9350741 8870770 3700960 6660741 8870770 8870772 9350743 8190857 8190857 8190371 9350304 8190857 8190857 9350160 910857 8190857 8191002 8190560 3700857 3250741 3700969 3250741 730350 8870743 730741 730924 730928 8871002 730741 8870580 8870580 3930741 8870043 8870205 8870770 8870969 730741 730560 9711002 3700864 3700996 8870969 7790937 8870580 9350942 7310959 8710857 8190071 730770 8710987 8711023 9350964 8710930 9710772 5230772 1551023 5230037 5230037 9311023 9350772 730896 730880 6660212 9350772 730772 2760371 730741 9350741 8870422 8870414 9350772 730741 8190741 730812 9350880 9350872 8190772 730741 9040772 3700200 730880 730809 910043 3700924 730924 730924 9350561 8870969 730833 730043 730948 730969 730969 3930043 7790969 730561 8870580 9350516 730857 730857 730857 3230888 730743 9710544 8870772 9350888 8870043 8870424 730928 730894 3930772 3930743 9710350 8870743 8870743 3250371 730371 3700200 3700924 8870422 8870829 520857 8190772 3730071 3700772 8870770 730857 8870743 730687 730687 730114 730741 731007 8870518 730071 3931023 3701007 3700961 9710496 8870969 3700200 3931023 3930969 3700743 3700200 520071 8710969 3230924 3230920
8870580 3470043 7790964 8870888 8870924 8870888 3950560 8870888 520743 3950960 9040580 8550580 4720964 3471002 2080770 8710782 5370894 2760964 5371007 5370894 8710414 9710414 3730004 8190371 3470857 9350743 9350924 3730519 3730920 8710987 8710466 8710782 3470782 3470441 9710496 8710987 8710752 8710504 8190770 8190969 730964 8710987 4720888 3230888 9710453 9710857 9711007 8710176 3730888 3730960 4720857 8190896 8190964 8190741 8190857 3730888 3730071 3730752 3730004 8190770 8190071 3470857 3930414 3730924 9710857 9710987 9710037 2760176 7790870 4720772 5370770 3230888 8710770 8190857 2760071 8870870 4720752 2760743 9040870 4720371 8190857 1760973 8190896 9710930 730969 2080414 730006 9710857 9711002 8710414 8710928 730770 3700752 8710872 5231023 3730752 9710752 4720741 8710969 3470782 9710544 8190741 8190071 3471007 9710782 4630741 4630200 8190519 8190519 5370964 8710414 9710453 730964 8710752 8190414 2760894 5370888 2760888 9710964 5230414 9710969 9710414 9350371 8190752 8710350 3230350 9710743 9710782 9710466 3730960 3730205 5370888 5230371 5230969 9710580 8710006 9710782 5231023 9710205 5231002 8710371 5230519 8190857 8190414 9350961 9710894 8710743 8711007 9710371 9710923 8190896 9710752 9710743 8710752 5370894 9350964 9710453 3230888 3230752 9711007 9711007 4720752 4720743 4720752 4720961 3701007 3230646 3950888 9040580 9710964 3730004 3730741 2760414 8190741 3730969 3730496 8190857 8190857 9710923 9710923 7090973 3730960 6900466 9710496 8710770 9710741 2760414
8550857 910857 1920857 3930205 6660304 9350964 6660527 230952 230924 8710782 730496 230350 2760504 2760928 8870205 7790888 7790752 8870560 8190857 8191023 8190857 8190772 8190913 4880973 6660527 9350422 730930 9350304 9350996 8870422 730857 730857 730212 9350996 3700422 8190880 9350561 8190930 8190857 3730560 9350422 9350560 9350414 9350924 8870580 730857 8190422 9350414 730770 9350996 9350880 9350741 9710930 9350414 8870770 910371 9350741 910857 8190969 910857 8190969 8190422 4040857 8190969 9040580 9040857 3230422 4020000 230414 8870888 9350894 9350924 230006 2760441 8710422 230920 8710519 8601023 9710422 5370964 5230930 3930519 5370772 9311023 230767 2760930 2760114 2760767 5370894 8710043 8190894 8190687 9710782 3230743 3230920 730888 3230741 9710371 9710371 9710371 9710371 9710371 3700414 8710560 9710964 8710864 9710205 8710872 910071 8710987 9710782 8710770 9710752 9760200 8710741 9710857 8600857 8600857 3700414 9710741 9710350 3930414 9710920 8710924 9710891 9350880 3230872 8190371 8190870 8190872 8870942 7790961 730896 2761002 730894 2760960 8710987 3470441 8710782 3470043 8710646 8870942 9710729 8711023 9350741 8710212 3930519 730212 9710772 5230205 3700772 5230350 3700071 5230560 8710857 8710857 5230560 9710741 9710414 8870770 2760896 8710767 3470285 8870888 5981023 9710085 2760404
3390071 9040857 9040857 8550857 8550857 9760857 9710964 3950896 9040857 9040857 9040796 9040880 8190880 9040857 3950896 9040857 9040857 9040857 9040880 9040857 9710085 6660948 9350212 5230930 4630071 3730519 9350880 9710741 9710930 3730752 9710285 9710880 9710212 6660880 5230872 9350414 5230857 9710212 5230646 9710414 9710212 9710796 9710741 9710212 9710880 5230930 730212 730996 910580 8190205 9350516 9350687 8190205 8190519 730857 9350687 6760857 8190404 8190942 730857 730857 9350422 7790969 5370743 9350519 9350896 8190801 9350880 9350687 5650857 10110857 8190942 8190930 9350888 8870743 9350913 9710891 9350772 3730004 9350894 10110857 9350422 9350687 5370071 8870424 5370964 8190767 9350964 910580 8190560 2760422 3390071 8191002 910544 8190560 5370741 8870580 2760580 8190580 8190071 8190519 8190772 8190857 8190857 8190857 8190071 3730519 8190857 9350516 9710857 3470930 7790870 7790969 9040580 7790969 4040200 7790969 910071 9760964 230741 730743 3730872 3930924 8710782 730580 2760987 8710580 8710741 9710864 8710414 8710767 8190964 3730004 3730004 3730741 8190770 730743 8870888 8710043 2080770 3930772 3930741 730767 2760770 3471007 8190896 3700770 8870880 910071 9350743 8870580 7790729 8870888 8870772 730857 8711002 3930772 6660561 300422 6660754 3730004 3730928 3730743 8190857 8190857 8190857 8870424 8190580 4720857 9710422 7790741 4720752 3930043 3700580 8870422 8190857 3730228 1760973 3731023 3730928 3730928 3730004 8190857 4630969 8190857 8190913 5370894 8710928 3700964 3700864 8870969 7790857 8870969 3700285 9350754 3930772 3930772 9350160 9311023 8190071 3730888 5370960 9350880 8870743 3730004 3730004 9710923 1551023 3730770 3730770 2750857 9350996 9710857 8190741 910200 8710743 9710782 7790964 8190857
3700422 3700996 3700422 3700996 9710422 9710527 9710891 3700996 9710422 3700880 3700422 3700741 3700422 3700752 3700422 3700996 9710527 3700212 3700896 9710422 9710212 8870888 730770 730687 9350896 2760741 9710864 9710741 9710741 9710864 9710864 9710864 3700741 8600857 9350896 3700772 3700422 300996 300422 300996 3700422 9710796 300996 3700772 730928 3700580 3700200 3470580 3230304 5370770 730812 3700043 9710527 3700964 9710205 3700200 3700519 8870772 3700772 9710205 3700739 3700519 3700964 8870833 3700896 8870770 3931023 9710739 8600857 3700205 9350687 3700200 9710928 3700743 3700772 3700741 3700414 9710544 9350812 3700739 7790741 3700864 3700580 3700772 3700772 3700752 3700772 3700896 8710928 3700205 9710812 9711002 9710729 8710920 8870560 730770 3250371 3930043 9710752 8870043 3700770 9710928 3700772 5231023 2760960 3700770 8710969 2080200 9350894 730928 730928 2760741 730870 730071 730741 3700752 3700770 3700964 9711002 9710928 9710544 9710923 8710872 730996 3470833 9350924 5231023 9710928 3700772 8710414 9710930 730414 9350772 3930880 2760996 5230772 6660872 5230930 3700772 3230414 8710741 730071 8710928 9350812 730560 3930772 3701007 8710920 8710205 3700741 3700770 8711023 3250741 3930743 3700969 9710544 8870205 8870812 3700864 3700519 730888 730888 9710782 9710205 3230560 9711007 3700414 9710544 9710043 9711007 9710580 7790857 8870888 2080580 8870888 9710496 3700580 3700580 2760580 6660948 730071 5231002 9350371 9350371 730371 9350371 9350894 9350371 730071 5230930 9350924 9350896 730857 730857 6660580 730857 9350752 9350160 6660160 8710930 6660924 9350743 8190071 6901023 5231023 6660371 730371 3930205 1551023 9350741 2760414 230414 2760960 5230414 2760371 2760350 230809 5230646 7790043 2760964 2760043 2760043 9710371 730741 9710043 6661002 6660754 3930414 5230205 3250891 6660969 9710575 2760350 2760371 2760872 9710371 2760872 7790043 7790937 8870043 2760043 7790969 8870829 8870743 7790829 3250741 7790969 3471002 7790371 8870043 8870942 9040772
7790200 3730241 3930857 5981023 5230969 3470772 3930414 9710085 9710857 9710857 9710496 3470441 9710071 8190857 8190414 5650857 9311023 9710969 9710782 2760964 8190767 9710857 8190964 8600857 230857 8710743 8190964 8600857 5230422 9710575 3230212 230924 7790752 3730004 3730924 3730646 3730969 8190857 4630371 8601023 3930560 9710743 8600857 7090973 3470857 3700924 5230350 3700960 730880 3230969 3230560 8190371 3470857 3470006 9710857 8870743 730924 3470580 2080580 3730071 8190857 3730071 8190752 9710743 8710969 9710833 9710575 9710880 300422 9710414 9710350 3470285 5230872 9710371 8710969 8710987 3470441 3470961 8710371 9710743 3700964 9710920 8710857 3930770 910772 5231023 3470772 9040772 9710880 8190071 9760857 9710176 8190857 8190880 8190687 6900872 6900466 9710987 8710864 9710772 8870580 2760752 3470580 8710772 4720772 9710043 9710414 8190422 3470043 3470043 3470043 3470043 7790964 7790888 8870043 7790894 7790741 7790894 7790924 7790741 7790371 7790924 7790741 7790894 7790741 8710043 8600857 8600857 3731010 8190741 9760857 8710770 5230350 8870205 3230924 9710961 9350561 3230812 4020000 6900466 8190371 230006 9710496 8710205 8710872 7790896 730857 9711007 5230371 5230371 9710085 9710496 8190857 3730371 8190857 4630004 9710857 5370894 8710857 3230071 8710752 8710504 7090973 3730006 8190857 3470857 3470857 3950960 8870770 3470857 730071 9710952 910560 9710739 9710006 3470006 3470872 3230205 730754 9710496 9710043 2080894 8710371 5230371 6660371 6660371 9710575 8870942 2080770 3250560 2760043 8710043 3470441 7790829 6990200 8190071 3730430 8190857 8710857 9710176 9710743 4720371 8870888 8190857 8190857 8190560 8190857 8190646 9040857 8550857 3470857 8710743 8710466
3730833 2760371 2760741 8710924 9710888 9710176 7790857 3950888 2760896 7790741 3470857 230414 2760504 3470441 3950896 8190580 9710006 5230371 5230872 5230466 5230371 5231023 9040772 8190414 9711002 5230872 5230857 8870414 5370741 5230466 6900466 5231023 3230414 3230414 9711002 3230006 3230924 3230741 9710371 9710466 5230414 5231023 3471023 3470285 8190160 9710857 8190894 8190857 8190857 3730993 3730496 8190812 9710930 8710205 9710071 9710857 8190872 9710930 9350160 5370160 9350930 9350930 9350160 2750857 3230930 9350930 300422 8190930 9350422 8190752 5231023 1551023 9710371 300872 6660160 5231023 5230969 3700924 9710809 3700071 9710285 8190857 8190857 3730924 5231023 2760772 2760772 230350 3730560 8190857 4630857 8190741 8190741 9710857 9710857 8190857 8190857 5230857 5230371 5230772 9350560 3700864 3700996 7790560 8190560 3470857 8190812 8190560 8190560 8190560 8550857 7090857 3730646 4630638 8190857 8190857 8190857 8190857 8190857 9040857 3470782 6580212 9710422 8710006 9040880 3470739 9710205 8870424 9710371 5230857 3230864 5230466 3230872 3230350 5230205 5230466 6660006 230857 730767 8710414 8710422 8870888 8710924 9710752 9710043 3730920 3730004 3730741 8190964 3950888 3230414 6660560 9350304 9710575 3700752 8870812 3700205 9710833 3470833 8710767 9710743 2760741 2760767 3470043 3950960 8710770 9710857 9760857 9710205 7790964 9040857 230963 3730004 3730752 3730872 3730580 3730371 4630371 8190752 9350304 8190961 2750857 6900872 3700857 3700414 9711002 300872 3700864 5230414 2750857 730964 8710930 8710006 3230560 9710371 3471007 3470857 3700414 3700743 300872 3470857 3700872 9040857 8190741 9710864 2760371 9710864 3700857 2760964 9710888 8710996 3470857 3700212 8190952 9710857 9710496 8190857 9350414 9710297 4720580 6660948 6660561 9350930 6660560 8870422 2760560 9040580 8190646 8190812 4630580 8710880 9710767 8710772 6580212 9710205 8190772 8710205 8190071 5230205 3230006 6660872 5230857 5231023 3700414 5230857 8190160 5231023 8190422 3730430 8190894 8190896 2760920 8190752 8190414 3470923
3730741 3730071 4630638 3730496 8190857 3730872 9760857 9760857 8190896 3700770 8710770 9710085 8710857 8190770 9710767 9710964 7790896 3470923 3230414 3730770 8190894 9710575 8600857 8710006 3470857 2080894 3700743 5230872 9710371 9710752 3230560 8710422 5370371 5370752 2760960 9350880 8190920 2760870 8190870 8190741 9040870 9040857 2080894 8601023 2080770 8710752 9710071 8710857 9710071 8710414 9710414 8710741 9710071 9710071 8710414 9710920 3470857 2080200 8710466 8190496 8190930 8190857 8190519 8600857 2080894 8710857 8190952 2760114 2080894 2760896 2080200 8600857 8190964 6040857 5370964 8190894 9710466 8710414 3471007 2080772 9710071 9710920 8710888 3470857 9710952 3470580 9710864 9710739 8710752 8710414 3700285 5230872 3700741 5230560 5230414 8190770 9710743 8710743 2080519 2080770 8710888 2080888 2081023 4300857 8190071 8190071 3390371 7790857 8191023 8191023 8191023 8190930 8190646 4630200 7790857 4630752 4630857 7090973 7790857 8190857 8190857 8190857 8190646 7790857 5230872 8710770 9760964 8711023 9350924 8190006 8190371 2760752 3470987 8190560 2760772 230857 8710857 8710987 2760752 8870812 3230770 9710205 9710496 8710770 9710752 8710767 8601023 9710920 8710414 9710996 9710741 3700285 9710923 3700857 3700857 3700857 9710743 9710462 3730071 9710930 9350964 9350964 8190205 9350560 9350006 8190894 8190961 9710496 8190752 8190857 8190857 8190741 9350752 8190741 8190857 8710752 9710176 8710767 8710920 3470987 9040857 3930519 8190969 9350896 6900466 9710864 5230857 6660304 9350812 4020000 9710961 8710646 9710176
3930857 8710741 730371 9350741 9350872 3230741 8711002 9350996 730071 9350371 9710371 3730004 9350741 9350414 8190942 9350829 9350888 3700857 3930857 9350754 3470857 9350942 9710857 910857 3930857 5230560 3230414 6660741 9350770 3930857 9350993 9350743 9350924 5231002 5231002 730741 730580 2750212 3700772 9350422 9350770 10110857 730894 5230371 3230772 3230796 9710772 5370960 230857 8710466 3470923 2760987 6760266 3730984 9350880 5370960 9350872 8190857 5230350 5230560 730560 5230205 3700857 3700857 8190913 8190200 8190880 9350812 3930857 6660996 3930924 3930872 520741 910741 9710996 8870969 520969 8190560 8870969 3700996 8870743 8870924 9350754 2760741 9710741 3930519 520857 3930857 3930212 910371 9350752 4720200 730580 6660580 6660580 2760205 2760888 3230924 3230741 3230872 8600857 230872 230872 3230212 9710414 730519 730924 730857 8190770 8190896 9350687 9350687 730857 730205 9760857 8870942 730924 2750857 3930880 8710741 3930560 8190752 9710729 3700205 2080741 3230739 5231023 5230646 8191007 4720857 3470857 8870888 2760897 2760043 730996 9350754 8870772 9710085 9710857 9710969 4040200 8190741 8190687 8190857 3730004 8190969 910857 9350880 520857 910857 2080200 2760942 6660580 3230739 3230739 4990160 5370930 730857 4990160 230963 730857 730741 9710987 3930772 3700743 730560 6660304 6660996 3230371 3700200 3930560 3930812 3700857 3230371 3700200 9710782 3230741 9710371 9710782 8710741 3730004 9350371 520857 3700414 9040857 3930386 3930519 730969 730371 9710923 8190961 8710752 9710575 4720741 9710987 9710729 9710741 3700964 8190741 8710752 3950960 9710006 3700872 9710960 3701007 3700924 3701007 9350888 9350414 9350741 3700200 520969 3700857 8870969 9710544 3700200 9350942 3930796 9350928 9350687 3230739 9350160 10110857 730646 730857 8870043 2080888 9710414 730006 5230969 730741 230809 8710772 8710987 5230857 9311023 9710071
8550519 4040200 4040200 8870518 7790857 3730422 3730519 4720857 730043 2760987 230963 2760964 2760964 9710857 3230741 9710462 3731010 1760973 3730920 3730812 3730004 4630386 3730420 3730646 1760973 1760973 7090973 4630638 4630638 4630857 7090973 8190857 7090973 8190580 8190961 9040857 8870212 4040200 730924 730205 5231002 230872 230872 730114 8601023 730896 9350964 8710772 3230772 8710504 9710864 730964 9710772 4720200 3230772 730560 3230772 3230772 3230560 3230741 910646 910422 730560 230809 9350560 730752 730960 730114 730857 910772 7980973 3730004 1760973 8190894 5370741 5230969 5230037 730896 230952 230496 7790043 230924 230767 3230924 730071 730857 3230888 3230371 3230350 5230772 5230772 730006 5230422 3230996 730560 230920 2760071 730809 5230969 3930857 9350741 3930857 730896 8190969 7980973 3730969 3730969 3730969 8190969 4630200 4630580 8190857 4630580 8191023 4630200 8190857 3730004 4630969 4630937 7090973 4630200 8190857 8190857 8191007 8191007 4631007 4631007 8190857 8190772 8190857 730282 5370896 3250857 9350560 730960 3230920 3930772 3930772 3700964 3930772 3930772 9710496 910200 910937 4720200 3250580 3250580 910580 7790969 910580 910646 9040580 730363 7790961 910071 910544 910544 910646 8870144 910200 730743 730743 5370687 2760752 5370960 8870770 8190071 8870969 8870969 910200 5370404 731023 9350961 4040200 910857 910857 5370752 6901023 9350741 730371 9710923 8190872 230006 2760812 3470441 3250371 8190857 8190741 3730004 5370160 9350519 7790857 7790857 2760928 9350601 6660580 2760580 2760969 6660880 8870580 2760580 2760580 2760580 2760752 2760880 6660580 6660212 6660800 6660880 2760969 3470923 730071 2760928 9350519 2760743 2760770 8710767 2760752 9710519 8710770 7790888 2760897 2760144 2760930 2760928 6660422 2760894 2760422 2760870 2760896 2760897 2760880 7790894 7790894 2760071 2760896 8711002 730743 9710782 9710071 9710422 2760928 2760833
3470857 8710350 3930212 9830996 730371 9710297 6900466 3230527 9710580 9710043 9710212 8710888 5370894 2760888 8711023 8870770 9040870 2080741 3930371 3930371 3930772 9710176 8190741 3470987 3470772 9710964 9710857 5650857 6660880 3930414 3700833 8710924 8710414 5230857 9710923 2760043 8710205 3470422 9710205 9710414 7790770 3471023 9710743 2760948 9710496 9760964 2080894 3470782 9710371 3930212 3930212 2760071 2760743 2760371 8190519 230963 250580 8190580 2080519 3950896 300996 3700796 3700969 3700888 9040580 3950896 300422 4020000 9710752 3700770 9710414 3700743 9710739 3700752 3700422 3700896 9710741 3700880 3700752 3700924 9710894 3700924 3700770 3700924 9710729 730043 730071 2760752 2760770 7790752 9710920 7790896 9710519 8710741 7790896 7790519 3470961 7790770 9710504 7790896 3470987 3700969 8710006 9040796 8870924 8710857 8190752 9350770 3470857 2760894 9710772 9710995 9710580 9710496 3470580 3930741 3700964 9710741 8710857 9710414 9710920 3950888 9710857 7790857 9710752 9710920 9710772 9710496 7790770 3470373 3471023 8190961 9710952 9710857 8710560 8710560 9710812 9710739 9710504 9710205 8710872 8710743 3470872 3470006
910924 5230414 730422 8710930 5370371 3230205 8870580 3230212 9710422 3730752 3730004 9710006 5231002 730580 9710580 730580 9671023 8190580 5230466 230350 230414 730960 9710752 730812 7790752 8710371 9350561 9710414 9710466 3730770 3730646 4630580 8190857 8190857 8190964 3470857 3470580 3230996 2751023 9710297 9710580 3470580 3700200 9830996 230422 230857 5230422 230880 9710519 3230741 3930924 3730004 2080772 230952 5231023 9710772 230414 230741 730964 3230519 300422 3930796 3730924 9710496 3930857 6900872 3230741 3930857 8190857 8190969 8190969 8190913 8190913 9710205 2080772 2080519 7530857 9710739 910741 3930371 8870969 8190371 2760350 3930422 8190414 9350205 5230930 9350519 5230205 7790371 9710519 9350687 9710205 8710880 9710743 9710894 9350752 3700964 9710739 3701007 8710880 3700741 3700200 3700752 7790896 3950960 3730984 3730114 8190857 8190857 8190857 8190687 9350880 3730422 3730422 9350894 9710857 1551023 230857 5230930 5230930 5230930 2760006 6660754 5230414 5230646 2760924 2760924 5650857 6760857 3730924 3230071 730857 3230071 9710071 9710857 3230071 730282 3230770 3230984 3700200 3930212 9710297 8710996 9710422 4020000 9710371 3700205 9711002 730371 2760580 230006 2760205 6660812 8710930 5230560 2760422 9040987 300422 8870580 9710752 8710752 8870770 9040772 8870560 7790896 5230646 3470043 730071 8710043 9710043 6900466 8710176 2760752 730071 2760924 8711002 3700043 230920 7790043 8870888 9040772 7790961 9040772 3471023 8870772 9710772 7790371 9040772 8870043 7790924 7790371 3950960 7790741 7790741 3471002 7790969 3700043 7790924 5230646 9710880 3731010 8191010 6760857 3730752 8710857 8190422 9710071 8710888 8190857 8870770 9710043 8710752 9710285 9710752 9710809 3700796 3700796 9710880 8710466 8710857 3930857 3930422 3700969 9350743 3930857
7790924 9040857 7090973 8190930 6660160 3730741 7090973 7090973 9350212 3700043 8190894 8711023 9711002 9710752 9710496 9710996 8710422 3230812 9710782 3230205 3250560 2760743 9710575 2080770 8710772 8190857 9710857 8190071 8190770 8190857 8190857 8190560 8190071 8190770 8710987 8190560 9710772 8710422 9710772 5230414 3730004 1600973 8190857 3730004 8190857 3730004 9710857 7090973 9040857 9040857 3470043 9710519 8600857 9710857 3470772 8190772 9760964 6900466 6660422 9350304 3700772 7090857 3731010 3731010 8191010 7090973 7090857 8190857 7090973 8190466 8190857 8190741 3470857 8190770 7790741 3950888 9710857 9760857 9040857 9710741 8190770 9710923 3730422 9710930 7790752 8870888 9710743 9710752 9710752 7090973 3730004 8600857 2760371 8190801 3700205 8710741 8870888 3731023 8190857 5230857 3730371 6660043 8710414 7090857 3730812 7090857 3730004 3730004 3731010 7090973 4630857 4630371 7090973 7090973 3930371 3230984 3730984 3730004 3730984 3730984 8190857 8190857 8190857 300872 730960 9830996 5230422 9710996 9710891 5230371 9710371 3700857 9710285 5230857 4020000 9710496 3700857 3730071 8710872 300872 9710930 8710920 9710422 1551023 2760896 9710527 3700422 9710285 8550519 910071 3731010 7090973 8190857 7090973 8190857 7090857 1600973 7090973 4630857 7090973 7090973 7090973 4630638 8190466 3700857 9040857 8190857 3730984 3730984 3731002 8190857 8190857 2760371 3700857 8710857 3470772 7790888 7790896 7790200 7790857 7790857 3390043 7790857 7090973 7790857 8190519 8190741 8190071 8870969 3930371 9710422 8191010 3730371 730770 3230212 5230466 2760924 3231023 3930857 2760930 6660857 6660561 6660212 3390071 3390371 3950560 8191023 9350961 5230857 3730004 8190560 8190857 3730920 8190964 3470857 8550857 8550857 6901023 8710864 8870924
251002 7790519 7790519 7790519 7790519 7790144 7790519 7790519 7790519 7790519 7790519 7790144 7790519 7790519 7790144 7310741 7310857 4990857 4990928 3930996 3930422 3700969 3730071 5370770 8190857 8190857 8190071 3730519 3730888 9350930 9350729 520857 6660930 6660924 5230414 3470833 8870924 7790924 7790729 7790741 3700752 8870580 3700960 8190752 2370973 230504 730770 8870580 730812 9350896 7980973 4990857 9350930 3230071 8710987 8711023 9350743 8870969 910741 7090973 4631010 3730228 3731010 3730371 230504 9710930 2760942 2760114 2760371 2760770 2760920 2760687 2760894 3731010 4630638 3730004 8190801 3730182 3730519 5370801 2760894 230920 2760920 2760888 2760371 7790964 2760872 8601023 5230857 7980973 2760930 8711023 2760948 230809 3730602 3730772 3730602 8711023 9710923 230809 230414 2760422 2760942 730964 730896 730000 5230872 8870770 9710743 9710964 8710767 8710466 9350422 9710741 3930212 9350743 9350880 3730371 9350894 910857 3730386 1031010 2760894 2760964 3730782 2760896 7790969 5230422 3230996 7790371 9711002 8190894 4040857
9311023 8710930 3470930 9710857 2080414 9350930 3950888 1760973 3730268 3730004 730371 9710930 9350872 5370888 5370964 5370964 9350006 5370371 2760872 8870743 8190880 7790857 7790424 7790888 8870772 7790560 8870422 7790200 7790857 7790424 7790205 8870424 7790857 7790424 8870580 7790741 2370973 3730268 3730782 3730004 8190580 5370071 6580212 8710857 2750857 3230422 730996 9350304 731023 3730638 3730772 3731023 3730004 9350942 8870888 9710504 9350752 3230752 5370371 730857 9351023 7310646 3730870 9350888 5981023 8710414 8710743 9350964 8601023 5370964 8710743 8710176 5370888 730772 730857 730772 730743 3230888 3930422 8870743 6660812 730857 730812 7980973 3730942 8190752 7790857 2760770 3730772 3730888 3730602 4630200 3730741 3730872 8190741 2760114 3250857 2760071 2760071 2760114 2760920 2080580 8190422 7790857 7790896 7790894 7790857 7790894 7790857 8870772 7790200 7790200 8870424 7790424 7790424 730752 5230930 8711023 7310924 3730833 3730743 3730782 5230857 8710857 9350743 5370964 5370071 9710504 2760987 5370772 8601023 8710176 9350928 3730782 3731023 1760973 8190071 8190964 3950960 8601023 9350872 730809 230963 5230930 5650857 8870580 2080200 8600857 8190896 8191007 8190519 8190371 8190646 9350924 8190371 9350754 9350006 3730993 9350924 9350924 730857 5370924 730857 6660580 9350422 730857 730857 9350772 9350772 730857 5370371 730857 9350772 9350772 9350772 9350772 6660880 6660857 4990857 5370371 9350304 6660857 9350422 9350930 230880 9350772 9350772 6660857 6660857 9350930 730857 6660880 6660160 9350930 2760516 4990857 4990043 6660043 730043 230880 6770857 9350930 5370833 9350772 730857 9350687 9350772 9350772 9350754 9350930 730857 4990857 9350687 2750857 9350880 9350872 5370371 730857 730857 8190371 9350205 9350687 9350006 9350205 730205 9350560 730857 9350942 3730229 7980973 3731002 5370071 5370772 5370930 730969 5370741 8190741 9350741 6660754 9350942 9350872 730646 7980973 2760371 6660857 6660741 5370930 5370829 9350930 2760930 3730519 3730833 9350422 4990857 4990857 730857 5370200 9350930 9350212 730796 3230519 6660857 730857 9350519 6660857 2760961 6660043 9350519 5231023 10110857 9350519 9350519 9350519 730857 9350519 730930 4990043 5370894 9350880 3230796 9350880 9350422 6660006 5370687 6661007 3230796 9350880 9350519 5650857 5370833 5370833 730857 730580 730870 6661007 6661007 2760422
9040796 9040880 3470857 9040880 2760897 9350754 3700212 8190414 5981023 2080894 9710176 3470043 8190741 7790752 230880 3700796 300422 3700772 9710894 3700422 3700772 2080741 9710422 7790964 2760964 3700772 3700772 3700870 8710924 9710414 9710894 2080414 9710496 3700857 9710772 9710285 7790924 9710920 3700741 3700422 3700414 7790857 8190741 9040857 9710964 8601023 8550519 3950960 3950888 8190772 8791023 2080894 3470772 9710833 9710176 2080741 9710809 3470857 8190371 2760996 7790371 9710519 8870772 2080772 7790857 8190894 9710212 9350561 9710796 7980973 6770857 9350896 4990930 4990930 6770857 9350930 1920857 730422 730928 2760006 7790896 4300519 9040772 9040796 7790857 9350801 3730833 5370833 5370833 5370687 8710930 9710920 2760964 2760987 4720743 5370801 231023 230872 2760772 2760801 8190801 9350801 7790857 7790870 9710930 730580 8190422 3470580 8870580 9040580 9040580 8550580 8550580 8550857 6990857 3470857 3731010 3730004 3730004 3730004 3730004 8190857 7090973 8190857 7090973 9040857 3470857 8550519 7790964 2760942 2080519 2760772 2760754 3470772 2760516 2080519 8550519 8190894 8190801 8190896 7790896 8190772 8190894 3730833 3470930 3730942 3730114 9760857 3470857 3930857 9710422 300872 2760809 6660043 730872 2760770 2760894 2760752 2760687 2760371 230924 5230772 2760422 2760964 9710205 1030993 6900872 9710930 8870770 8190969 2760833 2760516 9350894 3730580 3731002 5370743 7790857 730414 8190770 2760770 230952 7790371 730743 730741 730812 2760960 2760894 2760952 730371 2760924 2760896 2760896 2760371 3470782 2760754 2760754 3470772 9040772 3730969 9710870 3700796 3700772 5231023 2760770 231023 2760942 2081023 8190772 8190772 8191007 9040857 8190964 4630752 8190857 2760422 2760414 9710930
3730646 3950960 8710205 9710857 8190930 3730071 4630969 3730964 8190560 8190920 8190964 3470987 8190752 2080741 7790924 7790896 9710920 9710176 9040857 9710809 3700741 3700770 3700743 3700752 3700752 3700071 3700770 4880973 7310560 3730241 2760894 3950560 3470857 3470739 3700770 9710414 9710285 3700888 3700743 3470857 9710857 9710857 3700964 3700888 3700857 9710857 9710812 3470580 3470285 8870812 3470580 3700743 9040857 8190857 9710285 9710857 3700741 8710414 9710809 8710857 8190741 9350888 8710770 2760743 2760687 9710930 8711023 7790964 2080894 8601023 2081023 4300857 5370404 8601023 4720741 7790896 3930741 3700205 3930560 3930857 3930770 9710739 9710739 3470857 230560 6660930 9350930 6660930 2760930 8600857 5981023 2080894 8190964 8190872 3470006 3470006 3470006 9710006 9710422 9710371 9710371 9710741 7980973 2760872 8190741 9710864 9710888 9710371 9710371 9710371 9710371 9710371 6660371 6901023 6660560 730872 230872 230872 6660872 6900872 9710864 9710864 9710414 520743 3470872 2760872 8190404 2760872 3730872 5230350 3730004 9710857 9350872 6660043 3730006 3730268 4300857 3471023 3730371 3730371 9710371 5230872 5230930 9350961 5231023 5231023 9350006 7310924 3730924 3470043 3470995 2760924 3470995 5230519 8710519 8710646 2760894 3700519 3700519 3730430 3730964 3730928 3730928 3730928 5231023 8190752 230857 2760960 9351023 2760894 230857 230857 230496 2760770 7790896 9040772 9710870 9710987 3700888 6660560 3700770 9350371 8190942 9710043 3700414 3700960 9710928 2760930 230767 2760896 2760496 2760930 2760894 230857 2760176 2760770 2760767 2760897 8190687 3700961 9350144 9350961 3230930
9040870 2760952 2760114 2760952 3470872 9710741 3930969 3930741 6660880 3700212 3700870 2081023 8190741 3950896 8710880 9710414 3950960 7790924 8190857 9710071 2080888 8190964 7090857 7090973 7090973 7090973 3730043 231023 2760496 3470870 8190857 8190580 3470580 5981023 3470580 2760952 2760743 730114 6660560 730812 8710928 7090973 8190770 8190006 9350006 8870743 8190872 730560 6660561 6900872 9710864 8870414 3700212 3700864 5230350 9040857 8550857 8550857 2760144 2760964 2760743 230872 2760888 2760894 2760006 2760888 2760741 230872 9710864 2760964 2760580 2760580 2760896 2760516 2760770 2760687 2760516 2760687 3470772 7790770 8190896 7090973 8190894 2760752 2760414 7790741 2760952 7790894 7790770 9710371 9710371 730924 6660880 730964 2760371 3731010 3730812 3730004 8190857 8190496 3470857 8190857 4630752 4630580 4630580 9350741 8710371 7790964 7790371 5370964 2760888 9710923 9350924 8870212 9710006 7790371 8190857 3730812 3730006 3730924 3730812 7090973 9040857 8550580 7790752 7790770 7790752 8870770 7790770 3471023 7790770 8550580 7790752 8550580 231023 2760752 2760924 230880 2760043 7790896 9710176 3950888 7790964 2760200 2760519 2760964 2760928 2760928 2760687 5231023 2081023 9710923 9350770 2760741 8190964 9710920 9760964 2760987 8710414 2760960 8190071 6901023 3950896 8870560 2760752 7790857 2760888 5370071 3731002 7980973 7980973 4880973 6771010 7980973 7310004 7980973 5370930 4880973 7980973 7980973 3730833 2760652 6660043 6660561 3700857 8191007 3230212 2760687 2760924 5231023 2760870 9710930 6660561 2760896 1030043 5370894 2760043 2760894 2760833 2760772 2760772 2760964 8711023 2760043 2760580 2760043 2760928
8710782 9710071 2760516 9350371 6660006 9350205 2760960 6660422 5370071 9350770 9710741 2760414 5230414 3700519 3700212 9710796 9710414 8870422 8870043 730880 730212 730043 730414 8870580 2760924 8870888 2760371 2760872 8870580 7790414 3700422 8870888 7790770 7790924 7790937 7790741 7790894 3950960 3700969 3950960 7790741 7790741 9040580 9710285 3470833 9710809 7790969 8710880 5230414 5230371 9710870 5230371 9710996 9710422 2760924 7790371 3470441 7790371 3470987 8710371 3700071 3700200 3700896 730809 3700743 7790741 3700285 7790371 3700872 8870743 7790424 8870770 7790371 3700205 7790741 9711002 7790741 3700519 9350743 3470930 8190071 3700857 8190071 9040857 8190652 8190913 9710371 7790969 4720741 9710544 2760350 2760371 230414 2760560 2760960 2760741 2760741 7790894 8870888 8870560 9350006 8190752 8190371 9350560 8190770 2760961 6660924 2760960 9710809 8870924 2760371 230809 6660872 9350752 2760770 3930519 730896 9710960 2080200 8601023 8190894 8870888 8870770 3951002 8870924 7790741 730646 9710880 8870829 8870770 9710544 9711002 9710987 8870770 9710504 3700888 3700964 2760743 2760894 8870888 9350964 2760687 9350752 3730993 8710857 9350741 8711002 8710770 230496 230767 2760960 2760960 6901023 2760071 9710414 9350422 9350743 9350743 9350770 2760770 9710894 3700519 9710833 3930741 7790896 3700743 9710422 9710880 9710987 9710496 730561 9710987 8710928 8710580 8710920 730880 8870422 9711002 8870924 9710504 7790770 8870743 7790924 3700833 3250741 9710888 8870422 9710741 9710544 3470987 3250741 8870812 5231023 8870924 7790770 3700205 3471023 7790424 9710504 8870880 8870743 8870770 7790924 520743 7790424 7790371 3700880 8870414 9710743 9711002 730880 3700741 8710043 8711023 730743 730414 730350 230741 8710782 730743 8870942 8710928 9350743 8870422 730928 9350924 9710544 8870924 9350993 8710928 2760373 9710930
3700519 3700770 9710752 9710920 8710176 2760754 7790896 3470373 2080770 9710891 2080519 9710071 2080894 9710350 3700833 730561 230006 3230350 8710414 3470782 731023 730519 2761002 2760961 8710519 8710519 2760969 9710782 3470857 8190812 250071 7790200 2760743 8870770 9710894 2760071 2760964 9710205 9311023 8710414 8710646 9710743 9710920 3470441 2760071 2760516 2760516 2760516 2760580 2760964 7790752 2760071 6660800 9710205 8710872 3470872 3471023 230006 9710205 8710519 9710812 7790896 3471023 730371 5230969 9710371 3930519 9830996 9710739 5230422 2760422 3471007 7790894 9710544 2080888 520942 9710519 9710496 9710496 8710969 9710920 8710519 8710782 2080580 2760071 2760987 2760516 2760961 2760961 2760961 6660754 2760687 730752 2760580 8710414 3470923 7790894 2760872 730752 230741 2760960 2760580 2760743 9710071 9710864 9710920 9040580 9710920 2760964 2760114 2760888 8710772 8710772 3470441 3470772 3930741 3930741 3930560 9710729 5230519 2760743 5230519 2760969
7790519 2760772 2760527 6660527 2760422 2760687 2760516 2760496 7790894 2080772 7790371 7790896 230504 230809 2760833 2760772 9710043 8710772 7790888 8870942 730687 3700772 7790894 6660560 230422 6660812 2760371 9350812 9710071 9040987 520071 3470987 9040987 3470422 9710920 3470987 2080987 7790371 2760894 7790964 2760894 2760144 2760646 9350964 2760964 2760516 8710519 230920 2760987 3470441 2760920 8710772 1551023 5230422 730880 8710519 230924 230952 230560 230496 2760006 730896 730894 230924 230504 230496 8710772 9710891 2760687 3470987 7790200 8190896 3730241 8710422 9710544 2760687 2760441 8870743 2760071 7790896 3470987 9710772 2080888 6660812 8710782 9350942 2760896 2760350 2760114 2081023 2760888 2760896 7790519 2760114 2760942 2760114 8710519 2760580 230741 3230996 2760580 230880 2760527 9710519 2760741 2760960 2760144 2760770 2760952 2760752 230414 9350371 300422 3700770 230809 8710519 7790205 8710767 7790770 2080770 3930519 8710920 9350560 5230519 6660371 6660371 6660371 2760752 230006 8710519 2760071 2760770 2760516 2081023 730371 2760743 230741 6660527 9710519 2760422 9710752 9710752 2760772 2760896 2760960 8190071 5370770 9710285 5370964 9350894 2760441 8870870 7790969 2760350 3470782 9710920 8710646 9710176 2760743 6660930 2760870 8710646 3470870 8711023 9710969 8710743 9710920 2081023 6660580 231023 730561 9710371 9710888 7790741 2760897 230880 2760770 230767 230496 230880 2760752 2760964 2760964 2760888 2081023 2760687 2760752 2760043 7790896 2760888 8710043 2080770 8710519 7790519 2760987 2760928 2760964 9710923 2760896 2761007 2080987 3930519 3930870 9710575 8710924 2080770 6660560 2760752 730960 6660006 2760888 2760872 9710422 5230519 2760770 2760373 9710752 250071 8711023 2760770 2760496 2760496 2760071 2760964 2760987 8711023 230504 2760888 2760144 7790772 2760767 7790896 2760752 2760809 230924 6660996 6580212 3230996 4020000 9830996 9710422 2760516 230496 730996 230504 2760767 2760752 3700519 9710205 8710560 7790770 8710519 2750212 3230888 9710371 3950896 9710964 8710350 8710646 2080888 9760964 9760857 3730964
9040580 9040580 8870580 730228 3230646 9350304 8870870 3230996 3730004 7090973 3731010 8190160 8190857 7090973 9040857 9040857 3700857 9710796 3700414 9710812 9710812 7790937 520743 3930741 3230205 6660969 3230812 730560 730114 230496 230350 230741 9710422 5230466 2760350 9040580 3230496 3230304 730880 730212 5230422 3470580 8870880 730872 730580 5370071 2760888 2760896 4020000 230422 2760422 730212 8710422 9710527 7790205 3470580 3470043 7790601 3230743 3230770 2760071 3230772 4720772 7790896 8711007 3470772 7790205 4720200 3230772 3230496 8710772 3230772 9710580 4720888 8710466 230920 230422 230504 9710043 3470043 7790857 7790857 8710888 9710071 3700888 9710743 9710739 5230350 5230205 9710996 3470006 8190964 2760752 230872 9710864 2760952 3470580 3471023 9710580 3470872 2760961 2760920 8711007 8710646 2081023 2081023 3700743 9040796 9710414 9710212 2760772 2760952 2760888 7790888 7790896 7790770 230924 230414 3470285 2760414 730561 8710580 9710995 7790371 3470580 8190560 9040857 7090973 9710930 9710043 2760560 7790752 730964 730205 730212 3930422 3700205 3700857 9040857 3930857 3700857 3930872 3930741 300872 9710969 3700212 9710969 3700969 7790969 2760896 2760772 230857 2760071 2760880 9710772 7790888 8190580 730580 6660580 9710864 3230864 730964 9710580 4720888 3230371 8870880 8710857 8190741 9040857 9040857 3230924 6580212 3230414 520741 8710752 8710741 3700285 9710743 8190741 9710969 3930414 9710205 3930205 4020000 8710924 3700924 6660006 230006 3230741 8711007 9711007 4720371 9710006 730071 8710782 9710864 910205 9710285 8710422 9710071 8710646 3390071 9710414 3930560 3700752 730754 3930772 2750212 3930857 6580212 8870969 8870212 3230969 9711002 8710371 3230872 3230743 3700212 9710006 4720371 8710205 7790964 7790200 3470961 9710205 4630371 4630857 8190857 8190857 8190913 3470772 8190752 230857 2760770 2080772 8190772 8190006 3950888 3950888 5370071 3230350 3230880 3230414 3230527 3230864 730000 3230812 910043 4720741 9710580 3471007 9710580 8710864 5231023 7791007 9710414 3470580 7790414 5230646 2760114 2760580 2760580 9760200 8190741 9710741 9710741 3470872 4630638 4630743 4630580 4630580 5370043 2760894 3730772 8190964 8190772 4630743 8190894 7790857 2760043 8710767 8710580 8710864 5230422 5230422 5230422 5230466 9710006 9710580 3471007 8710466 7790770
7790560 3470422 8870212 9710496 7790414 9040880 7790741 3700752 7790371 2760880 251007 3230796 730071 2760043 9350964 9350872 8190964 9350872 2760969 2760364 2760809 2760741 6660304 3230422 5230422 6580212 3930996 3230996 9830996 9710739 2760371 3700888 3700205 3700872 3470872 730580 730212 730770 730996 6660422 3230812 9040580 7790752 9710996 8710772 7790770 8710772 7790752 7790888 7790888 9710928 8710422 3700770 9710772 730772 730560 6660924 9710575 8870205 9710205 7790371 9350371 3700864 8870812 2760646 6660527 2760770 2760646 2760752 2760960 2760960 2760071 2760812 7790752 2760560 2760646 6660304 2760928 6660460 2760960 2760422 9710422 7790144 2760580 9710782 8710872 910560 9710870 9710006 2760752 2760809 2760960 5230519 2760770 2760961 6660996 2760114 2760920 9710519 2760741 2760071 9710864 8550519 8710519 2760519 2760896 2760071 2760504 8550519 7790519 8710519 910071 910071 9710006 2760006 9710519 5230519 6660422 3700519 9710964 3700519 6660754 9710422 3230422 2760422 3230205 2760422 9710519 8710560 6660560 5230872 2760752 3470422 6660812 2760071 2760880 2760580 6660560 230422 2760560 2760770 9710519 7790888 5230646 3470006 9710071 3470872 2760687 9710006 2760371 9350560 3930386 3930924 730870 3930205 2760144 3930880 3470006 9350205 730422 730772 8870772 730754 3230422 730772 3230496 9711002 8710646 9710071 7790560 9710772 230920 250580 5981023 7790371 8710504 9710071 9710071 8710987 8710767 730812 3230772 3700772 9710996 8710928 9710995 9710920 3470772 2760371 1030993 8710752 9710071 3470833 910772 730812 3700969 3700743 9710864 250969 3950896 1030961 4610973 730930 5370833 730364 731023 8870969 8870364 7790969 7790729 7790424 4040200
730561 730857 3700888 8711023 9710743 3700422 8870833 3931023 3930205 3930560 3930772 7980973 3730268 2370973 3730006 3730241 8190894 5370964 8190519 7790964 7790888 7790964 7790519 4630200 3730870 5370743 8711023 5370964 3730782 3730602 3730870 1031010 230963 3470930 3700870 8190741 8710212 9710752 7790200 7790937 5370519 5370043 5370160 7790200 7791007 1031010 1031010 7310741 5370741 730422 730857 2760580 9710466 8710580 7790770 9350519 3700770 8190770 3730752 3730812 3730888 4630752 3730496 5370071 1760973 3700200 8710996 9710964 9710880 8710770 3930422 3930519 3700833 9350772 7980973 8190964 8710743 8710770 2080770 8710920 3730829 3730602 1031010 3731023 1030638 3730004 2080580 8870743 8190894 5370894 230857 230963 230422 230422 2760996 2760772 2760043 2760743 2760043 5370752 5230037 230924 3230304 730772 730961 730969 8870424 8191007 8190580 730741 8190857 8191023 4720857 8190961 3730519 230872 230422 2760371 2760043 3730268 3730004 8190857 3730941 1031010 3730268 3731023 3730241 3230414 730422 2760580 230006 2760580 2760371 2760741 2761002 7790964 7790857 7790371 3470043 730646 2760580 2760371 2760580 8550519 7790829 730857 230857 6660930 230414 230857 230920 8601023 3730964 3730519 8190801 8190896 8190646 8190071 8190519 910857 9350754 1920857 3230422 7980973 7980973 5370894 3730519 3730743 1031010 3730602 5370071 8190519 8190920 8190700 8711023 8710930 520071 8190752 8710043 3470043 9710772 230857 231023 230767 2760519 230872 230920 230924 7790200 2760754 8190872 2760043 2760772 7790964 7790894 4300519 5370964 5370894 7790964 7790770 3700741 730754 6660422 3730004 3730004 3730504 2760942 2760754 2760920 7980973 6660754 3730420 3730205 2370973 3730519 7310004 1760973 6771010 2760888 5370772 9311023 9710891 8710752 3470782 250071 5370743 2760767 2760071 230920 2760496 3470772 1760973 5370519 230857 730772 730371 730350 730924 7790969 8190772 8190964 3730182 3730602 9710519 2760767 2760516 8710920 5230037 9350964 5230969 3730371 1031010 1760973 7090857
8190414 7790857 7790741 2760930 2760741 2760894 230767 2760752 3730496 3730960 3730560 3730004 8190812 8190857 8190560 3930770 9710987 8710350 230809 230741 230496 231023 230963 230809 230920 8710504 2760888 7790770 2760770 7790888 9710741 7790371 9040857 9040857 3950888 3950888 3950888 7790752 8870518 3700519 8870424 9350560 9350812 8870205 8870560 3700422 8870560 8550857 7790770 7790741 7790741 7790937 7790371 7790741 2760809 7790969 2760928 7790519 7790741 8870770 7790424 8870560 8870424 7790741 9710422 8870424 3700739 8870924 8870770 7790200 3471002 7790205 8870518 7790752 7790560 7790741 8870770 3700205 8870812 7790924 7790969 2760924 9040772 7790937 7790964 7790870 7790741 8870424 8870880 7790424 8870880 7790424 7790870 8870424 7790424 7790857 7790200 8870772 8870560 9710422 8870205 7790937 8870812 8870560 3700752 3700872 3471002 3700743 7790741
9710812 3470739 3470739 9710575 9710205 8870205 9710205 9710739 9710575 9710205 9710812 3730560 9710205 3470739 2760205 2760812 2760560 2760996 9710580 8870812 2760560 9710575 9710205 5230205 9350205 6660924 6660560 6660812 6660560 230560 3700205 9710422 730560 2760894 3230812 3700205 3700071 3700872 3700880 3700212 3700071 3700896 3700205 3700043 3700212 3700796 3700880 3700796 3700880 3700071 9040880 8870880 3700043 3700043 3700212 9040796 3470043 3700043 3700796 3700043 9710043 3470043 3470043 3700212 9040880 8870422 3700996 9710212 9040796 9710880 3470422 3700880 910560 9710212 3700212 9040796 9040880 910646 9710880 9040880 3470422 3700422 3700996 9710212 9040796 9710796 9710880 9710796 9710880 9040880 8870422 9710960 3700770 9710812 9710285 5230560 3700519 8710205 9710371 8710924 8710212 9710071 9710796 9710212 5230646 3700770 3700770 9710371 9710796 9710864 2760928 2760371 2760371 9040772 7790371 3700969 3700796 9040857 9710880 9710880 3700212 9710796 9040880 9710796 3700796 9710212 3730920 8190896 3470857 2080770 9710496 9710414 2760960 2760942 2760920 2081023 9710462 2760897 2760942 2760770 2760772 2760414 2760897 2760960 250071 2760960 9710864 1551023 6660872 9710422 2760422 9710527 2760880 2080519 9710920 2760516 8190752 9710285 230880 230350 230741 230741 8711002 8870212 9710996 2760896 2760516 2080770 2760896 2760373 2080894 2760896 9350993 2760960 2760770 8190964 7790770 7790752 7790896
8711002 9710176 9710496 8710741 9710743 3730770 3730928 3730833 3730928 8190880 8190752 8190071 8710857 9710176 9710496 9710743 9710743 3470739 8710767 8710770 2080894 8790430 2760404 8870924 3470422 8870770 8870560 3950960 7790937 8870770 3700833 8870422 3950896 8870205 730969 2760516 8870942 8870743 910200 8870829 8870772 730729 8870743 730928 3230519 2760350 730880 8870743 2760960 2760371 2760897 6660741 8870942 730752 2760924 3700969 7790937 730880 730560 730646 8870424 910422 9711002 7790371 2760371 3700741 730560 8870888 730928 3470422 3700580 9710580 3250371 730560 730896 7790894 3700580 730350 730924 730924 7790371 3250741 730872 9710350 7790829 8870942 3470872 7790741 3470580 8870924 7790518 8870888 8870743 7790924 7790969 7790888 7790741 3390371 3471023 9040857 3471023 3390752 7790857 2760743 7790964 2760880 7790371 3471023 3700519 9710519 9710422 2081023 2760880 2760809 8190741 2760894 5370519 6660800 2760924 7790741 7790200 7790870 2760646 250519 7790424 7790518 7790888 7790770 9710743 7790424 2570519 3950888 2570519 8870772 8870770
9710205 9710739 9710462 1030993 2760809 5370960 8190752 8190770 3730964 3730964 3730004 3730205 8190752 8710930 2760350 5370752 2760960 9311023 5231023 230006 230880 230767 7790857 2760350 8710888 7790371 2760071 5231023 5230422 730212 3230872 3730268 2370973 1760973 3730974 4630200 230857 231023 230809 230006 9710371 2760741 5230872 6900872 300872 9710888 3700414 9710888 9710414 9710741 3730741 1760973 3731023 1760973 3730519 3731023 7310741 230350 3230864 5230466 230006 2760752 6771010 5370519 230963 2370973 1760973 1760973 4630043 8190896 5370743 3230422 3230796 3230519 9710880 3700422 3470995 8190770 8190969 230767 8710752 730743 730743 8870969 1760973 1760973 1031010 1760973 3730241 1760973 8191007 5370770 8191007 9710466 9710857 3230752 1760973 230857 2760071 6350891 3730782 8710930 9311023 730071 9710743 9710782 6900466 230560 2760772 5370772 7310651 2760870 5370371 2760896 7790888 7790964 6990200 8710741 9710891 9710071 9710920 9710987 8190964 1031010 1760973 4630200 8190857 3230864 730857 8710987 9710006 9311023 2760687 4990043 730770 2760752 7790772 2760772 9710519 8600857 9710743 5370071 5370964 3230920 2760964 2080888 8190371 9710371 9710969 8190741 3700285 2370973 1760973 1760973 7980973 3730924 9710752 1551023 8710857 5370743 6901023 731007 730857 730752 3930772 730646 730924 8870888 730560 8870743 7790424 9710414 3470923 8710422 2760071 230414 2760580 2760580 230741 9710580 8710519 2760897 8710414 3730920 8190414 300422 2080741 2760743 2760071 8550519 4720741 6660872 3730772 3730920 3730371 3730741 3730371 9710880 9710580 2080770 3470580 8190894 911007 4720964 4720888 2760414 3470930 8710422 9710880 9710205 2760516 5230519 230767 9710422 9710006 9350371 9710864 9350770 8190371 4630741 8190812 3730741 8190560 9710496
7790752 7790752 7790200 2760646 7790519 7790894 9040580 9710796 3700996 8870212 7790741 3731010 3731010 3730268 7310924 9350205 6660857 9350006 731023 730857 8190880 3730422 5230205 6900872 8710350 3700205 6900872 9710741 3730268 4020000 9710527 2080772 2080580 7790894 6660924 2760071 730364 9710462 8710752 3730386 6770160 4990160 5230772 2760114 8190880 3950560 5370071 6770160 2760930 2760930 2760930 6770160 2760930 2760930 2760930 2760930 2760930 2760930 2760964 2760964 2760743 2760888 2760964 2760071 7790888 7790772 7790964 3950896 3950888 7791007 7791007 4720857 7791007 4720752 3230924 6660422 3230371 3230741 6580212 6580212 6660996 9830996 230767 9710996 9350205 9710371 9710071 9350304 3930371 2080987 6900466 6900466 5230466 2760920 230963 230963 230963 2760043 2760772 9710772 2760371 730964 5230466 9710212 3470580 3230741 6900466 2760687 3230560 5230205 9710772 5230205 9710422 230952 3230205 9710205 3230205 9710205 9710752 9710752 9710205 7790894 7790752 7790741 9710085 9710496 8190913 8190519 9350812 9710414 730414 730071 3230930 3730006 3730268 3730182 4630580 8190857 8190371 6660812 6660948 3930560 8870043 3930043 3230205 3700200 3731002 1760973 1760973 8190580 8190801 8190920 3950888 3950888 9710371 5230422 300422 4020000 3930422 3700969 730894 5370930 3731023 3730268 3731023 3730268 3730519 4630638 8190801 3730743 2760801 2760897 2760833 3730519 3730519 5370071 3730004 5370772 7090973 8190964 3471007 3230519 8710205 3230924 3230560 9710864 9711007 2761007 9710812 3230205 3230364 3230560 9710575 2760752 3930422 9710969 3930212 3950896 3250937 5370894 910772 8710504 3730969 9350888 3930772 8710888 9350872 5370964 3730268 2370973 6900466 3470857 2370973 2370973 3730580 2370973 5370894 3730268 8190580 1760973 8190894 1600973 1600973 1600973 1600973 1760973 3730004 6900466 5230466 6900466 5230466 6900466 9710422 2760516 2760948 9710580 3470373
7790969 8870212 8870772 8870812 8870924 3700205 8870212 8870770 3700772 9040772 730561 8870422 3230928 2760414 5230519 8710928 9710739 3700519 8870770 8870560 8870422 8870212 8870580 8870770 5230560 8710006 9710371 9710767 3700205 8711002 3700924 8870924 8870924 7790969 7790371 3700200 7790741 3700200 730809 8870580 7790741 8870743 4040200 520743 8870424 8870424 730928 3700205 3701007 8870422 8870424 8870518 8870424 8870518 9710961 3700960 3700205 520961 3700969 8870969 8870560 3700770 7790371 4040200 8870770 3700741 8870969 8870424 8870424 8870924 730729 3700960 9711002 8870770 8870560 8870888 8870424 730812 8870969 3700200 3700200 8870580 3470580 8870518 8870969 8870424 8870205 8870888 8870743 8870518 730857 6770857 730857 730996 730928 2760928 3700200 730743 730350 730924 730000 730741 8870743 3930043 730212 730880 8871002 730729 8870043 730928 730006 8870205 730729 730646 8870833 730928 730880 730646 730205 3930519 730996 3700200 730544 730928 730924 730371 730741 2750212 6660741 3930743 730741 3230741 2760928 6660741 2750212 6660741 730809 730880 2760371 730796 730894 3731002 7310646 9350422 2750857 9350371 730857 730928 730857 730371 3930422 2750212 3930212 3930796 9350880 9350896 9350422 7310857 6660043 6660996 730924 8870743 8870205 8870812 8870422 8870424 8870424 3700580 730560 8870518 8870424 730561 9350993 9350561 8870422 8870833 9350880 730519 9350993 730812 8870969 9350913 8870205 730928 9350924 6660857 730857 730928 5370071 730519 730928 9350371 730928 9350519 4990928 6660880 9350144 6660930 9350144 9350422 9350144 730928 730228 9350519 730200 6660857 730519 730754 730880 730928 8870518 730205 8870422 3700580 3700969 3700772 3700833 8870424 3700200 3700969 4040200 8870924 7790371 3931023
2760414 7790924 7790414 2760071 7790870 8190741 3951002 7790741 7790371 7790741 8710519 8870743 9710960 2760741 5231023 2760924 7790741 7790770 7790371 7790424 7790560 3470422 7790371 7790937 7790424 7790741 8711023 8710741 3470782 3471023 3470782 9710920 7790964 7790964 8550519 8710205 9710071 3930422 3700872 8550519 730969 3930205 730000 8711002 3471002 3700770 2760880 9710772 8710772 6660561 730833 730741 230924 7790894 730752 9350880 730964 9710969 9350993 6660880 8710872 3700071 5230646 9710371 2760754 3470772 9710071 8870888 2760741 230496 2760043 2760952 9710462 2760888 7790964 2760809 7790870 7790964 7790888 7790937 250043 250200 250200 250519 250519 3930741 3930205 8870812 910371 3700960 3700833 3930772 2760833 3700743 2760772 2760897 2760888 2760071 2760743 2760812 2760896 9710519 9710414 9710743 2080519 5370924 2760896 2760144 2760144 2760144 2760894 7790144 7790964 9710996 6660800 6660304 3930880 300422 3700969 9040796 3950960 8870560 9710987 520741 3950888 2081023 7790371 9710752 2760960 2760560 2760770 8190519 7790894 7790964 8710741 5231023 8710743 8710741 9040864 9710414 2760894 2760741 2080987 2760516 9710920 3470872 3470872 8710646 8710741 9710414 2760809 9710987 3700519 9710414 3470995 5230205 2750212 730752 730414 6660006 730371 8870205 7790752 2760888 2080200 3470580 2760743 2760942 3730114 3730580 3730071 250580 3230920 3230754 3230519 3230414 9710752 8710770 3470580 9710920 7790894 7790888 7790601 2760114 2080772 230496 2760870 2760888 2760894 8710987 9710043 3470441 8710519 8710422 9710422 3470373 9710920 7791007 7790937 250519 2760743 8710743
7790770 3470772 2760741 4911023 7790829 3700414 7790924 7790424 7790888 3250937 2760114 2760942 2760652 2760114 2760741 8710646 4720741 7790424 2760942 2760580 2760043 2760350 2760350 8870924 7790924 7790200 910741 9710772 7790601 7790969 2761002 730880 7790752 4720371 4720969 3471007 7790371 9760200 8870924 8870924 910924 9350212 9710519 8870205 7790969 910043 7790969 7790519 7790937 8870942 8870414 3700864 9710350 6990200 2081023 2760687 5230646 5231023 9710519 2760006 7790371 7790829 7790752 3470373 8870414 8870924 8870924 3470833 2080888 2080580 2080414 2080580 730414 8870580 8711023 8870969 3470043 9710812 8790430 9710519 2760350 8870770 730809 2760741 7790741 9350371 2760371 7790601 7790752 8870414 8870924 9710285 9710371 3700864 9710987 730350 3470422 5230350 5231023 2760924 730894 730114 730924 730888 730809 3470043 730924 7790752 8870770 8870888 9710350 2760350 7790414 7790741 8870424 7790770 8870414 2760043 3471002 3250741 8870969 7790969 7790770 9710414 8870969 3250741 7790770 8870969 9760200 3250741 9710743 8870969 3471002 8711002 8710872 8710872 8870743 730741 8870414 7790741 7790414 9710519 5230519 7790741 230809 9711002 2760770 2760741 730924 9710987 8870743 9710285 7790969 9710987 2760071 2760770 7790888 9710741 8710741 730741 9711002 7790888 910371 5370071 2760928 8710741 2760741 5230772 8710782 6660741 730114 8711002 8710519 230963 730743 730071 730741 2760743 9710864 2760888 8710741 9710371 8870942 3470833 730809 7790741 8710872 730743 9710037 9711002 8710920 8710872 3230371 9710772 3471002 3230741 9710743 9710864 9710864 9710987 8711002 730770 8710872 730371
8870743 8870880 9040864 8870212 8870880 7790964 3250741 8870212 8870743 8870812 9711002 3471002 7790969 9710864 9040864 3700864 3470043 8870580 7790741 2760741 9710496 230414 230560 2760809 8710371 8710741 3470422 3470872 8710872 6660812 3700864 9710996 8710371 3700743 9710741 6660212 9311023 4720964 8710772 8710212 9710743 3700205 2760960 9350888 7790371 9710891 8870812 2760176 8870770 8870770 3470580 7790741 8870770 9040864 3700770 9710888 7790741 8870888 8870743 7790964 730687 3700741 8710212 8190071 8190896 9350752 3930414 9710964 3700870 9710767 9710496 8190071 9710544 730888 3230519 2760741 2760770 3230519 9710752 8710741 6900872 9710741 9710864 3700996 9710752 9710422 7790371 9350752 8870924 8870560 7790924 7790601 9710544 7790964 3700888 8190772 2760969 6660924 2760176 2760770 230504 7790752 2760964 2760743 230496 2760071 2760772 2760888 8710767 7790829 2760687 8710205 2760964 9710796 2760752 3700071 3700888 9710996 9350888 8190652 3700924 8190652 9710414 8710043 230741 3470772 9711002 9710212 9710880 8710743 3470043 3700888 3250560 8870942 3950960 8870770 3470833 8870743 8870770 9710920 9710544 3470872 9040864 7790371 8710928 730880 2760371 2760652 2760652 2761002 6660924 5230350 8710924 9710205 9040864 7790371 9710071 3471002 7790888 8870888 8710560 8870770 8870743 9710043 2760350 9710085 3730580 3730363 3730993 9350743 7790857 9350743 2760743 9710071 8710422 2081023 8190071 3730371 3730872 8190801 9350801 9350801 730371 8870580 8870580 8870888 8870580 3230743 8870424 3700200 8870888 8870743 3700741 2080580 3700200 7790371 6770857 2760741 2760888 730964 230872 230560 230872 230872 9710519 8870743 8711002 730743 730880 6660924 730114 730928 8870743 730071 730964 730888 730743 730928 730928 730928 8711002 730743 9350993 9350772 730928 730928 730371 730928 910200 730928 6660741 730928 730646 730071 730741 730752 730371 730646 730371 730371 730741 3250741 730212 730928
5370772 250961 250961 250961 7790937 5370974 250969
5371002 7790729 4040200 251007 3951002 5370974 5370544 250961 5371007 5370930 3951002 7790937 1030282 250969 5370974 3391007 4630200 5370200 4630969 4880973 4630937 5370200 5371002 251002 251002 4040200 5370829 730870 2760870 3951002 5370801
251002 5371002 4630282 250969 3951002 251002 250961 4040200 1030993 7310646 5370770 3950896 1030961 250961 9350928 7311002 5370404 8870870 7311002 9350942 251007 7790961 7790937 3951002 7790969 4630282
5371023 250961 5370974 251002 251007 251007 5370481 1031002 5371023 7790752 8870770
5370974 8550857
5370481
null
null
3951002 2570519
null
null
null
null
8870969
null
null
null
null
3731002 250200 5370481 1030993 5370974 5370544
null
null
5371023 5370544 251002 5370419 5370571 8191002 8870829 5370974 3951002 3951002 8190700 3951002 730961 8871002
null
5370841 5370544 6770857 5371023 250961 251002 5370200
3951002
null
3950888 4630200 3951002 250043 4040200 5371002
250200 8190646 5371023 8870043 3390580
null
null
5370754 8190913 3730984 5371002 7790969 5370544
3951002 3951002 4720363
5371023 251002 5370974 5370200
7311002
4630200 3731002 3951002 9350519 5371023 5371023 1030984 4630772 4630200 4630200 5371023 4630200 4630772 1030292 1031007 1030043 1031002 5370974 1030961 1031002 1031002 5371023 1030993 5370519 251002 251007 250519 4630913 4630913 4630200 4630200 4630200 250200 1030984 5371023 1030292 1030638 1030200 1031007 1030857 1030292 1031010 1031010 1030857 1031010 1760973 1031007 1030857 4630200 4630200 4630772
250200 250200
3950888 5370043 8190652 4040200 250961 7790961 7790200 5370841 7790969 3951002
null
null
6770857 5370043
null
null
null
null
1030928 4300519 6770857 251002 250580 5370481 250519 251002 4631007 5370544 7790652
null
1030043 1031002 3951002
4630282 4630282
null
3951002 5371002 3951002 7790729 250969 250200 3951002 3951002 3951002 7310646 5371023 5370160 5370481 4720200 4720200
null
3951002 5370481 4040200 5370200 5370481 250961 7980973 3951002 5370481 1030282 4630200 1030282 3391007 3731002 8190857 4630282 3391007
null
null
null
9350961 8870829 9350993 1031002 1031002 250200 250200 5371023 250200 250200 4720741
5370200
null
null
null
null
7790519 7790519
3700888
null
null
7790200 5371002 3951002 4630386 7791007 250961 5370974 1030282 5370974 9350961 4040200 5370266 5370877 910544
5370974 7790857 4040857 4040200 7790969 7790043 5370519 4040200 3951002 251002 250961 250961
3951002 1030993 250969 5370841 4040200 4040200 4630043 4300857 3700200 9710864 3700928 6660800 3700212 9350829
8870770 3951002 7790519 5370282 7310646
730228 5371023 3391007
null
5370043 3951002
7980973 1030282 7310669 5370404 9350601 7980973 8190404 8190829 7310404 8190942 8190404 3730601 8190942 7310161 7980973 7310200 7980973 7980857 7310430 3731002 6760765 7980973 3730564 7980973 7310564 1030282 6760601 5370404 8190857 6760700 7980973 8190404 8190857 6760973 7310601 8190404 3730386 3730601 6760942 5370571 4630829 7310004 3731002 3730519 7310430 9350564 3730928 8190481 6350601 9350601 3730241 3730266 7310177 3730404 1030282 3730137 6770857 3731002 9350601 7311002 4990928 7310129 7311002 7310969 7310959 7310129 7310404 7310765 7310601 7310646 7980601 7310693 7310765 9350829 7310404 7311002 9350601 7310404 7310646 1030877 4880973 4880973 7310161 7980973 7310857 7310404 7980973 7310601 7310200 7310404 7310601 7310857 7310430 7980973 3730829 7310404 7310959 7980973 7310601 3730200 3731023 9350200 3730200 3731002 7980601 3730700 3730891 3731007 3730601 7310877 7310646 7980973 9350177 8190700 3730765 3250891 6760700 3731002 8190404 8190752 4630829 8190829 7310200 8190404 7530857 3250857 5370282 6760601 6760601 3250363 3250857 7980973 7310601 7310129 1030829 7980973 6350916 9350601 3250937 9350601 8190700 3730765 8190857 8190404 8190829 8791023 4911023 8190404 8870829 4720857 8190857 8190177 3730241 6760564 5370404 6350601 6770857 7980973 7980973 7310601 6760857 9350601 7980404 3731002 9350942 3730404 7980973 3730241 8190404 7310646 3730004 9350829 6351023 7310700 9350177 8190942 8190700 7530857 3730765 8791023 8190700 8190404 9350601 8190700 8190942 8190700 8190404 3250857 8190829 8190700 8190942 5370404 9350601 6760942 9350371 6350601 8190564 7530857 8190829 8190564 8190404 8870942 6350404 8191023 6760266 8190404 8190877 3731002 3730601 5370266 8190404 7980973 3730229 3730386 5370266 7310404 9350200 3730241 6350857 3730700 3730765 8190829 5370877 9350601 5370877 9350601 8791023 8190404 7980601 8191007 9350601 8190519 8190913 5370404 6350891 5370266 7980973 9350601 6350601 6350114 3731007 8190829 7980601 3730941 3730519 6761023 8190404 8190564 9350601 8190877 8190700 6350891 8190770 9760857 3250857 3730363 7530857 7310693 7310266 7310669 7310669 7310363 3730229 3730229 7310200 4880973 4880973 4880973 4880973 2370973 7940973 4880973 4880973 7310200 7310161 7310564 7310669 1030877 3730580 1030404 3730833 3731002 3730981 7310700 3730241 3730241 6760601 7310601 7310857 7310700 7310601 3730229 3730241 3730200 8190200 7310891 3730519 3730229 8190646 1030638 3730404 7310601 7310564 7310857 7310829 7310560 7310200 7310857 7310419 7310700 5370741 7310601 7310601 3730229 3730200 7310404 7980857 7310829 7310700 7310601 7310877 7310646 7310700 3731002 7310700 7980601 7310601 7310669 4880973 7310601 2370973 5370404 7310829 7980973 3730404 3730928 8190877 6761002 5370741 8870888
4880973 4880973 4880973 7310829 7310564 8190200 6350646 8190404 3250363 3950888 3730564 3730891 8190564 8190829 6990857 8190752 3730177 3730974 3731002 3730114 3730993 6990481 6990481 3730404 4610973 9350601 5370877 8190419 7310891 7310601 8190404 9350601 8190857 3730765 3730601 6760564 8190404 4910857 3730877 8190700 8190404 8190404 8190564 8190942 1030292 7310129 3731002 1031010 4630282 3730177 8190652 8190652 7310891 3730601 3730928 8190857 9760857 3730829 3730993 8190942 8190404 2370973 3731023 8190404 8190404 8790430 7530564 5370877 5370404 3730765 3730296 3730386 4880973 4880973 7310942 3730200 3730942 7310651 4630200 5370571 6760177 8190877 8790891 8190700 8190942 1030292 7310200 7310857 7310200 2370973 3730200 3730601 6760481 6990200 8190404 8190942 3730229 1030282 1030292 7980973 7980973 3730601 3730241 1030993 6760481 8190404 3250857 8190829 8190700 3730741 9350752 3250877 7530564 7530564 9350564 8791023
8870829 8190519 9350564 5370404 3250580 8190404 8190857 3730829 1030969 3730404 1030829 3730700 7310404 7310200 7310669 7310564 7310765 7980973 3250560 6350404 2080987 3250937 3730993 8190857 6760693 3730404 7530857 6660857 7530564 6990481 4911023 6040857 3730137 5370877 4880973 7980973 4880973 1030829 4880973 7310177 1030969 7310969 1030765 7980973 3730241 1030638 7310646 8190296 2760404 8190404 3730891 3730200 3731023 1030928 1030292 2370973 1030638 4880973 1030877 4880973 4880973 4880973 4880973 1030282 7310646 1030829 6760481 5370404 8190857 6760877 8190404 3730829 8190404 7310646 3731002 3730177 8190877 8190404 8190177 3730772 8190404 6350765 3730200 2370973 7940973 4880973 1030292 3730772 3731007 3730765 3731023 3730928 6760481 3730200 3730981 3730200 3730772 3730765 3730928 3730404 3730961 3730877 1030961 3730200 3730601 3730772 8190404 8190857 8190857 6760601 5370404 1760973 5370404 7530857 8190857 3730829 3730961 3730601 7310564 3730772 8190829 8190700 8190404 4910857 8190652 8190829 8190700 6760973 9350601 4630937 8190404 8190404 6040857 6040857 8190772 3730961 3730404 6760857 3730941 8190652 8190857 3730241 3250877 8190829 3730941 3730981 3730601 3730404 3730981 8190564 7530857 3730700 3730114 3730601 9040857 3250857 3470857 3730993 3730993 9760200 8790430 8870942 8190700 6760693 8190404 8791023 8190700 4911023 7310404 9350964 7940973 7310829 5110004 7310741 8190857 8190700 3250937 7940973 1030877 9350601 2760404 8790891 8190687 6760601 5370841 7770857 8190829 6990200 8190404 8190177
8190700 8190829 8870942 3250363 8190404 8190700 3250891 8190177 6760564 3250877 8790430 10080857 10220857 8190404 6760942 8190877 8870942 5370419 520942 4911023 7790200 4911023 3250937 6990200 8870942 6990481 6990200 4911023 9350961 3250857 3250877 3251007 3250937 4911023 6990481 6760601 7310700 6760877 8870770 5370841 6760700 3250937 8790430 4911023 8190741 7310765 5370829 5370829 5370404 3730229 9671023 3250877 9671023 8790430 520942 2760404 9671023 3250857 6761002 4610973 8870942 9350942 6760481 2760652 3250891
8790430 8190404 3730981 3730646 4630829 3730981 3730177 3731002 3730981 8190857 1760973 3730229 8190296 3730993 8190560 7940973 7310177 7310891 1030829 7310564 3730241 8190961 6760481 9350601 9350942 4911023 8190404 8870942 8190829 8190419 1030928 1030765 7310177 1030877 9351023 8190296 8190404 5370841 6760646 7310646 3730829 1030877 7310669 5370404 5370877 8190404 5370829 4911023 1920857 4990043 8870829 7310371 8190200 7311002 9350519 1030877 6760177 5370877 5370859 9350601 10110857 7980973 8790891 8190404 10110857 8190877 8190404 4911023 8190404 7790829 6990200 6990481 7530564 7530564 6350404 8190942 3730229 6770857 5370772 1030282 7310651 7310959 4880973 7310177 7310200 7310404 7310669 4880973 6770857 1030877 7980973 7310177 7980973 7980973 7310646 5370829 6990857 8190296 8190700 8190560 8190404 8190404 9350601 4911023 7530857 3730700 5370877 6760877 7310177 7310651 4880973 7310601 7310841 2370973 10110857 5370404 5370877 3470961 1031002 4880973 4880973 4880973 4880973 4880973 4880973 4880973 4880973 7310564 4880973 7310200 7310564 1030282 5370200 7310959 6351023 9350961 9350729 2760580 2760404 6660741 7310363 7310877 7310419 7310829 6660857
3730981 3730241 6770857 4880973 4880973 4880973 4880973 4880973 7940973 4880973 7310857 7310200 7310669 4630829 6760601 8190404 5370404 1030282 7310161 4880973 4880973 7310129 7310161 4880973 4880973 7310857 7310891 7310161 6761002 8190829 8190652 9350601 8190942 8870942 3730829 1030282 1760973 1030282 7310404 3730898 4610973 7310669 5370200 5370404 9350564 8190404 8190942 4880973 7940973 7940973 7310994 7980973 5370404 8790200 520942 3250891 3730229 4880973 1030829 3731002 7310646 3730241 1030993 3730580 1030877 3731023 3730419 7980973 7310646 7980601 3730200 9350519 5370404 3730841 8190961 4911023 2760114 730928 3250891 520942 10110857 7310669 3730829 3730296 6770857 7310200 2370973 9350601 7311002 5370974 1030857 2370973 3731002 6350646 3730200 2370973 1030292 4880973 7940973 4880973 4880973 4880973 7310200 7310841 7310646 3730200 5370404 9350177 9040857 8190687 3730114 6990200 8190687 3730404 3730580 1030829 7940973 4880973 4880973 7940973 7940973 4880973 4880973 7310404 7980973 6760481 6350765 3730993 8190419 8190942 8190829 8190942 3730200 6760601 1030200 1030857 2370973 2370973 1030829 7310959 7310564 7310765 7310646 5370266 6761002 6760481 9350928 3730981 9350829 9350601 5370770 3730404 6760601 6760877 3250560 2760961 730729 730519 3250937 9350896 3700864 7310564 6770857
7310004 7530564 8190942 8190700 6990857 4910857 3730928 4990857 9350200 5370829 5370859 5370404 910857 6350114 3250857 3700857 9760200 8190404 7980973 8791023 8870580 5370266 6990481 9350601 8190961 9350652 7310004 5370404 7770857 9350601 8870942 8190942 3730765 6760601 9350924 9350177 3250363 3250363 3250363 8190877 8190877 6990481 6990200 4911023 4911023 8790430 4911023 6990200 6990200 8790430 8190404 8190877
8190652 4911023 7530857 8190177 7310363 7310693 7310177 7310646 7310646 7310419 7310161 7310765 7310877 5370404 10110857 5370859 9350729 8190877 4911023 3730981 7310693 520857 7530857 3250363 9350601 8190404 8870829 8190419 4630829 8190404 8190829 8190857 6990200 8870942 8790430 8790430 8870942 6350114 7310266 9350177 8190419 8870364 8190700 6760601 5370419 7310765 1030993 7310646 6350765 3250877 8710857 6760857 7310700 7310564 3730891 6351023 6760942 7310601 7310161 4880973 3730200 2370973 4880973 7310161 7310404 7310646 1030419 7310765 9350601 8790200 9350888 3730961 7310601 7310924 8870870 7790601 7530564 8190419 8190404 3250857 8190419 8190772 5370877 7310765 3250857 8190419 8190877 8190404 8190404 8190872 6760601 8791023 8190404 8190296 8190404 3730981 5370877 7310177 10220857 6350601 5370404 8790891 6760765 1030419 8190687 1030419 8790200 5370772 3250857 2760928 2760942 6760942 3730241 3730241 2760043 6760601 6350601 8190700 6350646 2370973 3730404 7980973 6350601 7530857 8190564 6760177 1760973 2760043 1030043 7310404 6350601 6350177 8190564 5370404 2760404 8190829 6990857 5370833 6350177 6760942 6760296 7790857 6760693 8791023 3700519 4910857 8790891 3250857 8870942 6760765 9350564 3730043 6760601 8190942 6760601 5370043 8870043 8870043 8190564 9671023 5370877 3730772 9350930 8190829 8190564 8870942 6990200 3730229 10110857 8190177 7530564 6760177 2760743 5370404 8190700 1030404 5370043 3730043 6760765 4630266 3730833 8190700 8190404 3250363 9350601 5370043 1030404 7310177 6761023 6350857 8190404 4911023 8870043 10110857 8190646 6760296 1030404
7310959 8190770 7790857 8190700 3730137 3730266 7310161 7310669 7980973 7310959 7980973 3730829 1030282 7310129 7310177 7310161 4880973 4880973 4880973 7980973 7980973 8190700 8870942 8870942 3950888 8790430 3950896 8790430 4911023 8790891 9350177 7310942 7310363 7310129 7310994 3730241 5370841 7310765 7310841 7530857 7310942 5370877 5370419 6350601 3700200 7530857 8190519 3250891 9350601 7790770 8190560 3700741 520942 8190913 3730404 4330857 1030282 3730386 7310161 3730229 7310959 7310646 5370419 3250891 7310693 6760601 9350601 6350916 6760481 6350646 3730841 6761023 6350857 3730941 8190942 5370571 7980973 8190687 8190857 1030857 7940973 7940973 2370973 7980973 5370404 8190519 8190829 8190700 3731002 7310891 4880973 4880973 1030292 4880973 1030200 1030200 1030292 4880973 4880973
8190404 3250857 8190177 8190404 3250560 7530857 9350741 8790430 4911023 6990481 8190700 4911023 4911023 3250857 7530564 8190857 8190829 3250877 8190829 9760857 6990857 8790430 6990481 8190177 8190700 9760857 8190942 6990481 3730560 7310651 6350404 6990481 6990857 8190877 8190404 8190857 7531023 6990481 4911023 6990200 6990481 2081023 3730371 6990857 3250363 520942 3950960 6990481 2760404 6990481 8790430 6990200 4911023 6990200 3250937 8870942 4911023 7530564 7790601 8870829 3730829 6990200
3730419 3731002 1030829 6760973 6760646 9671023 8190857 7530857 3250877 3730981 7310129 6760266 1030877 3730765 8190752 910857 7530564 3730404 8190700 6990481 4911023 4911023 3250877 3730700 8190404 4990930 7310371 7980404 10110857 9760200 6990481 3730371 8190404 3250937 4911023 3731023 8190700 3250363 520942 7530857 8190404 8190920 8190404 8190404 7790829 7530564 3250857 7530564 8870942 6990481 4630282 8190371 250200 8190564 3250857 8190700 3730404 8790430 8190404 7310765 6350177 6761002 4910857 6760646 3730519 9350601 6990857 8190877 250519 7530564 7310371 7310765 8190404 8190404 3730993 3250857 8190371 8190942 3730177 3730772 6990200 8190404 8870942 3250741 7530564 3250937 3250937 8870942 7310857 7310857 6760601 7310004 9350519 6761002 8190205 9350516 8190829 8190564 8190652 8191007 8870829
7310857 8190857 8190177 8190877 8190404 6350857 8190942 3730700 3730177 7310857 2750857 3730877 5370829 4910857 3730241 8190877 6350857 3250560 8190857 6760601 3730241 6350601 8190877 8190700 3730004 9350601 3730363 3730241 8190829 8191023 8190404 3730646 3730829 8190404 7530857 3730942 3730765 3730877 3730765 8190877 8190857 10110857 6350857 8190829 9350601 8190857 8190404 3730137 3730241 9350942 6760942 8790200 8190687 8190404 4910857 8190700 8190829 3730981 3730229 8190700 10110857 9350601 3250857 6990857 8190404 6760857 3730004 3730004 9350942 8190942 6760700 3730004 3730602 3730241 6350857 8190857 2370973 7310994 7310601 6760877 3250857 4910857 3731007 3730200 7310877 6760646 7310601 1030765 3730601 6761023 6350765 7790601 6350916 8190419 6350857 3730004 7310430 6760601 3700857 3730877 8190857 7530857 9350687 10110857 7530857 5370841 8790430 3730743 6350765 6760646 8190404 9350961 9350741 3730363 3730601 3730765 3730601 9760857 6990857 7530857 3250857 3730404 9671023 8190829 6990857 8190829 8190877 6760765 8190942 6760857 6761023 6760973 8190857 3730404 8190857 7980973 10220857 8190857 3730601 6761023 1760973 9350829 9350961 3250857 3730229 1030829 1760973 3730266 5650857 8190829 3730228 3730404 3730700 8190404 3250857 7310700 7310129 3730829 7310161 3730419 3730404 7980404 3250857 8190404 8190857 3730404 7310765 3730829 3731002 3730430 7310937 3731002 9350564 8190404 3730829 7310363 6760857 6760942 8190404 8190857 8190877 8190913 6760700 3731007 7310942 7980973 9350942 6350857 8190857 9350560 7310924 7310646 8870829 3250857 8190877 8190404 9350601 9350601 6760481 6350891 9350601 8190700 8190700 8190419 8190829 3250877 3730266 6350601 3730228 3730404 7310959 3730877 3250857 8190700 8190877 3730004 6760601 6760857 3730114 8190419 6350114 8190646 6760857 6990200 4911023 8190564 10110857 7770857 4910857 7310564 6760693 6760765 6760877 10110857 3730419 3730941 9350601 6760564 3730229 7310601 9350961 6350404
8870942 4911023 5370404 9350601 8190857 730364 2760687 4610973 9350601 5110004 7310741 7310571 7310430 9350205 9350516 7310937 6760877 910200 8870942 9760200 8790430 8190404 8870829 8870942 8190877 6760266 3730752 3730137 3730942 3250857 7310857 3730205 7310601 7310829 9350652 8190419 6760765 8190564 10110857 8190942 8190741 6350765 8190829 6040857 8190857 3730877 3730266 7530857 8190404 7310741 7310646 6760857 6760857 3730229 7530857 8790891 9671023 6350857 7310857 7310857 3730829 3731002 7310404 6350765 3730700 3730891 9350516 9350601 3730266 7310564 8790200 9350942 8190857 8870743 7310652 7310765 3731002 3730765 3730601 8190700 3731002 3730200 730928 3730419 3730877 3730404 3730404 3730829 3730404 3730833 6760564 8190877 8190404 7310601 7310700 3730741 3730266 6350404 7980601 7980973 7310765 3730266 8191007 8190829 8190496 3730200 3730829 3730877 7770857 7310857 6350765 10220857 3730228 6990857 7980973 6350857 6760601 6760266 3730200 3730961 3730419 3730419 3730961 7310652 7310959 7310857 3730829 8190700 3731002 7310857 6350857 3730404 3730877 7310404 3730404 7310765 6350404 9350601 3250857
8190404 8190404 6990200 8790430 3250937 6990481 3250891 6990200 8190857 6990200 6990200 4911023 4911023 4911023 7310891 8190877 7530564 6990481 6990481 8190700 6990200 8190404 7310765 6350646 8190177 6760942 3730829 3730872 8190404 8190177 8190564 7310129 4880973 1030419 6760973 2760404 9350177 8190877 6990481 6760877 9350601 8190942 6350765 8190877 6760700 3730993 3730296 8190519 3250857 4630200 5370519 6761023 1030292 7980973 8190404 3730404 8190700 6990481 4911023 7530857 3250857 6990200 6990200 9350564 4911023 2760404 8190857 8190857 9350564 6990200 8190829 6990481 8190877 6990481 8790200 8791023 3730601 6760646 9350601 3250857 6990481 8790430 6990200 6990481 8190829 3250891 6990200 6990481 4911023 6990481 8190829 6990481 8190700 3730404 3250891 6990481 9350601 4911023 6990200 7530564 4911023 7530564
6760942 4630200 6771010 1031002 1030857 1030292 1030292 1030638 4880973 4880973 1030292 5371023 1760973 6760266 4630200 4630937 4630424 1031002 4630200 4630200 1760973 9351023 1031002 1760973 250200 250200 9350928 8190942 10220857 10220857 7530857 2370973 1030200 2370973 4880973 4880973 4880973 4880973 4880973 4880973 1030282 5370200 5370974 7980973 6770857 4880973 7940973 4880973 3730200 3730981 1030292 9040857 3250877 9350937 9350177 5370841 4630200 4630200 1760973 3731002 1030282 1031002 1030292 1030292 7310891 2370973 7310161 3730386 6760177 3250937 6760693 6760693 6760564 8190700 5370404 8190700 4630200 4630386
520942 7310161 6350646 9350942 5110549 7310571 7790870 9350729 7310937 7310430 5370841 250200 1760973 4630200 1760973 1031010 1031007 1031010 1030993 3730241 3730386 1031007 1030993 1760973 4630386 7980973 7980973 7980973 7980973 1030282 4880973 4880973 7980973 1030292 4880973 7980973 7980973 7980973 7980973 1030292 1030638 1030282 1760973 1760973 5110004 6760973 8190404 8190404 1760973 1760973 5371023 5371023 1030200 4880973 1030857 5371023 1760973 1030282 1030282 7980857 5370481 4630386 1031010 1030200 3731002 1030292 4880973 7980973 4880973 4880973 4880973 1030857 1030638 1030857 1030292 1030638 1031010 1030282 1031007 5370200 1030993 4630200 4630772 4630424 1760973 4630200 1760973 1030969 3731023 1030282 3730974 1030282 3730241 3731002 3730386 4630200 5370200 5371002 1760973 5371023 5371023 251007 1030282 1031010 4880973 4880973 4880973 4880973 4880973 4880973 4880973 4880973 6770857 3730200 1030292 7980973 3731002 3730974 3730941 3730241 5110549 4610973 9350937 9350601 3250857 8190414 8190894 5370519 3950896 4630200 1760973 1031010 1030638 4880973 1031010 1030292 4880973 7980973 4880973 1030292 4880973 1030292 5370772
6990481 4911023 8870942 8870942 8870829 3950960 8790430 3250937 9710888 8870942 8870942 3250937 3950896 520942
4630386 3730646 8190404 3250857 1030292 1031007 1031002 1030984 1030993 5370801 1030993 5371023 5371023 1030993 1030200 1030829 1030043 4880973 4880973 5370404 4630200 4630200 3730941 4630200 4630580 8190466 5370859 4630200 4630200 4630424 5371023 8191007 1030857 2370973 4880973 4880973 4880973 4880973 4880973 1030200 1030292 1030282 6770857 5370404 1760973 3731023 3730941 1030282 7310693 3730941 4880973 4880973 4880973 4880973 2370973 4880973 4880973 1030857 6770857 1030282 1030282 7310646 1030292 4880973 7310601 3730229 6760481 8190741 9350913 5370841 2760114 8190687 8190652 8791023 8190913 4630580 8190857 8190942 9760200 8190913 7980973 5370266 8190857 3731002 4990857 3250857 1030292 3730961 8190942 7310959 3730974 3730928 8190580 6760857 3731002 7980973 8190857 8190829 3730419 6761023 3730993 8190857 8190857 6760857 3730829 3730941 8190930 6760646 8190652 3730841 3730993 3730877 3730430 3730974 3730601 3730700 3731007 6771010 3730519 4630266 8190404 7310841 10220857 8190857 8190006 3730870 3730241 8190857 7980973 5370829 8190700 8190913 3730700 3730004 3730404 3730829 1760973 6350916 3730241 6760601 9350601 1030993 8190857 5370266 7310161 3730241 3730928 8190652 8190961 5370404 5370772 6760857 3730700 3730363 8190652 3730974 8190857 5370752 6760765 3731002 3730841 3730700 6760646 3730772 5370741 8190857 6990200 3730601 8190857 8190200 6350916 8190652 9350601 8190371 3731002 8190404 3730841 8190652 3730564 8190652 1030282 7310693 5370877 8190700 8190519 8190857 9350601 8190857 8190404 730857 3250857 4630580 2370973 3730519 4330857 3730241 3730004 3730004 3730004 8190200 6350857 7980973 7980973 1030993 6760700 3730646 3730841 3730646 8190857 5370404 8190857 9351023 7980973 3730043 5370266 8190700 3730404 8190961 3730363 6350404 6760266 3730870 7530857 3730765 3730898 6350857 3730941 3730241 6350646 6760857 8191007 6760601 3730928 6350646 8190700 6760973 5370859 8190829 3730200 3730646 1031010 3730993 3730700 6760857 8190404 8190404 8190700 8190071 8190857 8190404 8190652 8190857 3251007 3730920 8190857 8190942 8190700 9040857 7530857 8190700 8190700 8190404 5370419 5370404 3730241 3730765 5370200 3730296 3730241 3730519 3731002 6351023 5370829 3250857 3730430 1030638 3730241 1030829 5370519 5370772 5370519 2760942 5370404 5370519 5370200 4880973 1030200 4880973 7310177 4880973 7310891 1030043 4880973 4880973 1031007 6770857 5370974 1030993 5371023 7980973 1030857 3730772 3730200 1030993 8190404 250071 3950888 8190857 1760973 1030638 1030292 1030877 3731023 4880973 4880973 4880973 4880973 4880973 4880973 7940973 4880973 4880973 1030282 3730765
8190700 8190564 8190404 8190646 8190700 8190741 8190404 8190404 8190829 3950960 8190404 3471023 3250891 8190942 8190687 8190177 6040857 8190564 4300857 8190564 3250857 8190913 8190404 8190700 8190687 8190687 8190646 8190700 520857 8190942 9040857 4911023 8190404 8190700 8791023 8190404 9350601 8190404 8190700 7790371 8190404 8190404 3250857 8190942 8190687 8190404 8190961 6760564 8190404 8190942 8190700 8190700 3250857 3250857 8190942 9350601 3250857 8190700 8190700 8190829 8190913 6990481 8190071 8190687 8190646 8190687 8190646 8190404 8190687 8190564 8190519 8190741 7531023 8190913 8190404 8190404 8190700 8190419 4720857 8190829 8190700 7531023 8190687 8190646 8190700 8190700 8190700 8870942 8190913 3250363 8190646 6760601 8190942 8190687 7530857 8190942 8190404 8190646 8190404 8190942 8190404 8190942 8190404 8190700 3250857 8190752 6760700 8190371 8190404 8190404 8190404 8190700 8190942 8190700 4910857 4910857 8190700 8190700 6760942 8190404 8190700 9760857 3250857 8190913 8190404 8190404 8190741 8190404 8190872 8190700 8190942 8190404 8190700 8190752 8190829 8190481 8190700 8190646 8190404 8190829 8190404 3730200 8190857 8190700 6990200 8190646 8190700 8190700 3470961 8190700 8190404 8190652 6990857 8190700 8190404 3700857 8190404 8190857 3250857 8190829 5370404 8190942 6760564 8190829 8190913 6990481 8190942 8190404 8190700 8190404 8190829 8190646 8190857 7531023 3730924 8190404 3250857 8190942 8190700 8190687 8190700 3730993 6990481 3250857 6760601 8190404 8190404 8190857 9350601 8190942 8190829 8190404 8190404 8190564 8190857 8190700 8190942 8190404 9350601 6760646 6760601 8190913 8190419 5370841 8190687 8190913 250200 4630424 8190700 8190404 8190857 8190829 8190564 8190404 8190519 8190404 8190857 8190942 6350646 8190404 8190829 8190942 8190404 8190857 8190942 8190942 8190404 5370841 8190942 8190857 8190404 8190829 8190829 8190404 8190829 8190700 8190877 8190404 8190646 8190404 8190942 7530857
3730386 3730228 3730241 4610973 3731002 8190200 7310959 7310646 3730646 3730241 4630266 1760973 3730006 7310564 3731002 3730266 7310363 7310177 7310200 4880973 4880973 4880973 4880973 1030857 4880973 7310765 7310560 7310942 7310564 7310651 3730841 3731002 3730241 1030292 7310177 1030857 1030404 4330857 6761023 3730829 7980404 3730241 7980601 1030404 5370200 7310937 2370973 7310646 3731002 7980404 7310841 6350857 6760481 4610973 7310969 7310891 7310969 7980973 7980973 7310161 7980973 7310646 7310564 7310891 1030419 7310646 3730646 7980973 6760857 3731002 3730200 4330857 7310646 3730877 3730765 7310161 1030282 3730386 2370973 6760481 3730829 3730241 7310891 3730519 7310646 3730891 3730841 3730700 3730404 7310601 7310601 1030043 9350937 3730200 7310646 7770857 3730772 3730241 7310161 3730200 3730386 7310419 7310700 3730419 3730928 3730891 7310646 3730266 7310646 5370200 7310430 7980973 3730386 3730974 1030928 3730829 1030282 7310669 3730601 6760973 3730974 3730519 3730928 3730404 7310601 7310877 7310700 6760857 6760857 3730974 7310969 7310161 7310646 3730229 7310700 7980973 3730177 3730961 7980601 3730765 3730974 3730870 3730200 3731002 7310564 7310177 3730241 7310564 3730266 7980973 7310669 7310430 7980973 3730981 7310646 7310601 7310601 1030993 3730241 3730700 3730241 3730229 3730877 3730241 3730877 5370404 3730942 6760481 6760857 9350177 3730942 3730974 7310601 7310841 4610973 7310969 7310404 1031002 7310601 3730601 3730266 3730646 3730700 3730404 7310646 3730928 6350601 3730404 4330857 7310205 7980973 7310564 3731007 3731002 7310564 3730200 7310765 7310129 7980973 7310564 3730942 7310646 3730241 7310404 3730404 3731002 7310646 1760973 3730200 1030765 3730228 6761023 6760177 7980973 3730969 7310937 3731002 3730829 6761023 7310646 3730765 7310669 3730266 3731002 7980973 7310877 7310937 7310404 7980973 7310841 6761023 7310741 3730114 7980973 3730296 5370404 3731002 3730601 3730981 3731002 3730241 3731002 3730266 6760601 7310700 3730993 7310669 7310571 7310841 3730765 7310942 7310646 3730877 7980973 3730266 3730601 7980973 3730241 3730419 3730829 3730564 3730993 3730200 3730296 7310646 3730974 7980404 1030829 3730829 7310564 4630386 3730829 6760857 3730419 3730241 3730114 3730829 4330857 3731002 6761023 3730404 3730200 3730137 3730200 6760857 3730519 6760601 3730941 9350177 3730942 3730841 8190404 6350857 6760481 3730241 6760601 3730404 3730891 8190857 6350891 8190200 3730928 3730601 3730363 5370404 8190200 6760765 8190942 6350404 7310669 6760765 3730266 1760973 6760857 3730841 7310646 3730404 3730928 6760942 3730228 3730177 3730891 1030282 1030969 3730404 3730974 2370973 3730981 3730870 3730700 3730404 3731002 3730266 3730928 7310646 6350857 3730765 3730829 3730829 8190942 6760601 8190857 8190942 9350601 6760700 8190652 9350601 8190942 8190481 8190404 6760646 3730601 8190200 3730765 7980973 7310646 7980973 5370829 8190652 8190177 6760646 8190829 8190652 8190687 3730404 8190829 3730877 6760601 5650857 6760646 6760266 8190857 4330857 3730765 9350601 8190964 8190296 8190857 8190404 7530857 3250857 9350564 8190829 8190404 8190877 8190496 8190404 8190404 8190404 8190700 8190741 8190857 8190942 9350942 3731002 6760646 8190177 3730974 3730942 8190857 9350177 8190857 3730241 3731002 1030877 7980404 3730241 3730241 3730928 3730386 1030404 3730765 3730296 3730519 3730765 3730241 3730841 3730241 3730296 3730519 7980973 3730241 1030765 3730601 1760973 7980973 7310601 3730266 6760857 2370973 8190857 3730891 3730241 3730942 3730241 3730601 3730363 6350857 3730974
1760973 4630386 251007 7310994 9350964 8710741 9350770 8870743 8870043 1760973 1031010 1030857 3731023 1030292 1030857 1030282 1031010 1031002 1030292 1031010 1030969 7980973 1030638 4880973 1030638 1030857 1030282 3731023 4630200 5371023 4300519 5370743 3730071 4630200 7980973 1030638 1030282 7980973 1030638 1030282 1030292 4880973 1030292 4880973 1030292 1030638 4880973 1030292 1030292 1030292 7310161 1030292 3730200 1030292 1030292 1030292 7310959 7310419 9350652 8190652 8190419 250200 4630200 4630043 1760973 5371023 5371023 250043 5371023 7790857 5370519 5370772 1030638 4880973 1030292 4630580 5370859 5370544 3730941 3731023 3731002 4630200 1031010 1760973 1031010 1031010 1031007 1030928 5370200 1030292 1030961 1030969 3730241 4630829 4630386 8190687 5370841 8190857 5370841 3730241 1031010 7980973 1030419 7980973 1030292 1030961 1760973 1030993 9350601 9350652 910729 5370571 1760973 1760973 1031010 1031010 6770857 4990043 730857 5370419 7790200 4630200 5370043 250200 1030857 1030638 7980973 8190857 7980973 7980973 3731002 4880973 7980973 7310129 7310669 5370571 8190700 250969 5370841 8190404 5370481 8190700 3250857 8190496 8190880 5370859 8190652 8791023 8550857 5370829 8190700 5370752 8190913 7531023
7790937 8871002 9710504 3700071 3950560 9350937 8870560 9350937 8870043 8870043 8190481 8190942 8190752 7310205 3730519 7310937 4990857 7310841 7310419 5110004 3700200 8870942 3250363 7790829 730969 9350894 3250937 3700580 9350872 7310937 3730363 2080580
250969 4630969 251002 4630386 4630282 8190646 7311002 3731023 5371023 5370200 7980973 1030282 7311002 7310004 4880973 4880973 7980973 7310646 7310969 7310200 7310161 7310205 4610973 7310937 7310200 7310646 7310200 7310430 7310646 1030282 7310646 7980973 7310161 7310200 7310969 1030292 4880973 1030282 7310200 7310200 7310829 7310891 7310969 3730241 3731002 7310646 7310646 7310646 7310601 7310646 7310646 4990857 7980973 7980973 7310161 7310200 4880973 7310829 4610973 7310857 7310646 7310765 7310765 1030829 7980973 730930 7980973 7980973 7980973 7310765 7980973 7310200 7980973 7310646 7310669 9350200 9350200 7310646 7310857 7311002 7310430 7310363 4990930 7310646 9350200 1030282 9350601 5370200 5371023 5370200 5370974 3730829 7980973 9350961 7310646 9350200 7980973 9350961 8190961 9350200 7980973 1030282 7980973 5370200 9350200 5370419 8190913 9350729 1760973 7310857 9351023 8190580 8190646 7980973 7310646 7980973 3731002 7980973 3731023 8190481 4880973 4880973 1030857 4880973 1030969 1030200 7980973 7980857 1030282 1030282 5370481 7980973 1030969 7980973 7980973 8190481 5370544 8190481 3731002 9350200 3730386 8191023 3391007 1030200 1030292 4880973 4880973 4880973 1030638 1030282 1030282 1030292 1030969 1030969 1030969 1030282 5370200 1030984 1030857 1031010 3730200 1030969 1031010 1030282 1030292 7980973 3731002 1030282 7310266 7310700 7310969 3730200 7980973 250200 9350896 6990857 8190404 8190896 1030200 4880973 4880973 4880973 4880973 4880973 4880973 4880973 1030969 1030292 5370481 5371023 250961 5370419 1030857 1030043 1030200 1030638 4880973 4880973 1030638 4880973 1030857 1030638 1030282 1030292 5371023 4630937 4630580 3390043 3730841 7940973 7940973 4880973 1030200 1030043 7310959 3731002 250969 1760973 251007 1030638 1030984 1030282 5370519 9350601 3250937
4630282 5371023 8190857 8190857 8190857 8190200 8190857 4630969 8190857 4630829 1760973 4630424 8190857 3731002 8191023 4630386 1760973 3731002 8190857 4630772 4630200 8190857 8190857 8190700 8190857 3730646 8190857 8190519 8190857 8190961 8190857 6760564 3731002 6761023 4630580 5370282 8190857 8190857 8191023 5370200 8190857 8190857 5370419 8190857 8191023 4630282 4630200 8191023 5370266 8191023 8190857 8190857 4630424 8190646 3731002 8190857 1760973 8190857 3731002 5370841 8190857 5370266 8190857 4630200 8190857 4630424 3731002 5371023 8191007 8190857 8190857 8191007 4630200 5370974 7980973 5370930 7310646 1030043 2370973 1030282 3731002 8190857 8190857 4630282 8190857 8190857 4630424 8190857 8190857 8190857 4630937 8190857 1030282 1030961 1030282 4880973 1031007 1030638 1030282 3731002 1030857 1030282 3730519 1030282 6760973 5370200 6760646 3730700 3730363 3730519 4630580 8190961 8190857 8190857 8190857 1760973 8190857 8190857 8190857 7770857 4630200 3730241 4630969 4630282 3731002 1030200 1030282 6770857 1030961 7310942 7310646 7310004 7980973 7980973 1030282 5370200 3731002 3730993 8190419 8190857 8190857 8190857 4630580 8190857 8190961 8191007 8190857 3730841 1030419 7310200 1030961 1030857 5370687 250519 250969 250200 5370801 251002 3700969 7790652 4720371 7790969 4630200 4630580 9040880 9710928 8870969 250043 4630930
3730898 1030857 1030638 5371023 4630200 3730228 3731023 5370200 1030857 4630200 1030292 3731002 7980973 5370200 8190857 3731002 5370200 7310363 5370571 3730974 5371023 3731002 3731002 3730241 8190829 3730898 7980973 6760857 3730519 5370200 3731002 5370200 3731002 3731023 7980973 7980973 3730241 9350896 7310430 5370894 5370974 3730961 5370544 5370200 5370200 5370200 8190857 5370200 3731002 8190857 7770857 5370894 9350200 5370571 5370841 5370544 5370841 5370519 6350916 5370687 5370519 5370200 9350200 5370571 5370894 8190580 5370200 8190519 6350857 5370896 3730812 6351023 3730700 5370419 1030638 1030282 1030282 1030282 1030292 1030969 250200 5370200 5370200 3731002 6760601 3731002 8190857 5370841 3730560 6760973 4720857 5370544 3731002 9350937 5371023 8190700 4630200 9350177 6760973 5370571 7980973 1760973 3730386 1030765 4880973 4880973 4880973 1030638 4880973 4880973 4880973 3731002 4880973 4880973 1030928 6770857 6770857 5370200 4630282 7980973 1030043 5370200 1031007 5370200 1030993 5370544 8191023 9351023 8190200 4630282 8190857 5370571 3730241 6350765 3730841 5370200 5370829 3731002 1030993 7980973 7980973 7980973 1030282 1030282 1030993 8190857 8191007 5370841 8190857 5370282 8191023 5370841 8190969 4630424 3731002 1760973 7980973 8190961 3730200 3731002 5370200 6770857 5370829 3731002 5370200 1030043 8190857 1760973 1030282 1030282 1030282 7980973 5370200 7980973 7980973 1030292 1030043 4880973 4880973 1030282 4880973 1030292 1030200 4880973 1030292 4880973 4880973 4880973 1030282 1030638 1030292 1030282 1030282 7980973 5370282 3731023 3730519 8190857 8190857 7980973 3731002 8190481 5370841 5370841 5370043 9350200 5370200 7980973 1030043 1030928 5370519 1031002 1031002 6770857 1030961 5370200 5370266 9351023 5370974 8190857 8190580 3730646 8190580 4630266 5370200 5370200 7980973 7980973 5370544 8190419 6760601 3730765 5370829
1030200 1030928 1030857 1030857 1031002 1030292 1030292 1030292 1031010 1031010 1030638 731007 730646 2761007 4720363 5370841 6760693 5370841 5370571 5370419 3730841 8190700 8791023
6760177 3731007 4720857 8190071 3391007 5370282 9350754 9350519 5370754 7940973 1030282 3730386 250580 9351023 8191023 3250363 2750857 6661007 730282 9350993 3700580 730969 520743 9350741 3230496 3230519 4720363 730114 6660741
8190404 8190652 9350516 7790770 3730888 3470857 7790652 7790772 910646 910200 9350961 4040200 910363 910200 910071 910544 910544 8190646
3250937 250961 3730942 9350652 9040857 6771010 8190961 5370841 3391007 4040200 6760973
5110004 9350801 8190969 8190969
4720969 4720969 4610973 7940973 4880973 1030282 4631007 4630913 4630200 1030282 250200 4630386 1030984 1030928 1030928 1030292 4630930 4630200 4630913 4720964 4610973 5370829 8870888 8190519 3390071
3391007 910544 4040200 251007 4750870 4750870 911007 910646 910071 910200 910544 910544 4040200 4720961 4040200 910544 8870969 4040200 4040200 910544 4040200 4040200 4040200 4720969 4040200 8870424 3950960 8870969 8870518 7980973 5370930 4631007 3730743 3470857 4630743 4630857
8190652 4720857 5371007 2570519 7310937 5371007 4750870 2570519 8870942 4720857 9040857 4631007 251007 8191007 7310601 8191007 5371007 7790857 4720200 7790857 7790729 4630857 4720961 3731007 3730993 4720857 8191007 7310196 5370519 250519 3730870 8190870 8190519 251007 3730928 8191007 9040857 8550519 7310877 4720857 8191007 8191007 4720857 7310363 7310363 9350942 8190870 9040870 3730870 1031007 8870424 910857 3230872 9350770 9350924 9350006 910646 5370571 7980973 4720772 1030043
null
4630829 4630829 251007 520857 3730870 3251007 4720857 4720857 4720371 4630200 8190652 250200 3391007 6661007 250200 5370404 7790857 3730229 1030857 2370973 8190857 8190857 9350870 1030282 250200 5370754
null
null
1030292 3731023 4630200 1030292 1030292 1030282 1030292 1031010 1031010 1030638 1760973 3730241 9350601 5370481 4630200 1031010 1030292 1030292 4630200 4630200 4630200 4630200 4630424 4630200 8190857 8190857 8190700 1030292 1030857 1030292 1030292 1030200 1030200 1031002 1030857 1030282 1030282 5370544 5370974 1030282 1030638 1030292 1030961 1030292 6661007 6660857 4990043 9350200 10080857 4990857 10110857 4630200 4630200 1031010 1030292 1031010 1030292 1030292 1030292 1031002 4630200 5370829 8190700
3950960
