207
1030984 4630386 1030984 250200 2080200 9350942
8190404 3950896 6040857 3731023 9040857 8191023 1030984 3730646 8191023 8190857 8190560 9350519 9350942 9350829 9350829 9350519 6660857 6760266 7310765 6760877 7310430 9350200 6660857 10110857 10110857
4610973 6771010 1030638 5370200 5370266 5370877 1031010 4630200 8190857 4630266 1031007 4630200 6770857 5370200 7980973 5370200 5370043 4630200 5370841 4630200 1030282 4630200 7310959 7310200 7310404 7310994 7310646 3730266 4630266 731023 7790200 3731023 4630200 3391007 730646 7980973 7310646 8190481 4630043 3731023 4630200 1760973 4630200 4630386 6770857 5370930 5370200 5370841 3730646 3731023 3731002 4630829 7980973 3730519 7310891 8190481 4630580 4630200 4630772 1030404 5370200 1031002 1030961 4880973 1030292 1030292 1030969 4630282 4630386 4630200 1760973 1760973 1760973 4630200 1760973 4630200 1031010 1030638 1030200 4880973 4880973 1030200 1030857 1760973
9350516 4630913 3250363 9350942 7980973 3250877 8190404 6040857 8190564 9350006 9040857 7310200
1030043 1031002 1030292 1030200 1031002 3390043 1031010 1030200 1030200 1031007 1030043 1031002 1030638 4880973 1031002 1030200 1031002 1030857 1030200 1030638 1030857 1031007 5370974 250200 1030993 250200 250200 3390043 6760693
230920 2760176 6760700 7790894 9711007 3250560 3700969 730857 6760646 2760942 3730752 3730071 8190857 3730993 6760973 8190646 7310959 10110857 3730430 3930560 8190942 5230646 5371007 3230006 9710964 730519 8190419 8791023 5370754 10220857 10220857 6660857 8190519 5371007 8190519 251007 5370894 2760404 3730137 9350894 5370571 8190700 8790200 6760877 7770857 9350964 6350891 5370266 8190700
9350212 6990857 8190687 910544 5370282 4880973 7310200 9350772 8190969 2760930 8190404 6040857 6040857 3730560 5370741 8190741 3730564 8190652 7980973 5370519 3731002 7310363 6770857 6770857 7311002 9710864 8190961 910857 7531023 910200 8190969 4040200 8190969 520961 4040200 8190969 4720363 3951002 3470043 3230752 9710496 2080770 7310741 5370894 3250857 8190969 910200 7530857 9710888 9710285 9350741 8870969 3730200 5370743 8190752 7530857 6900872 7310924 2760870 2760801 5370687 2760896 8600857 9350894 5370896 730961 8190404 3250857 3250891 7310700 9350743 9350741 9350896
3730114 3730519 2760414 5370888 9710580 4720363 9710043 9710920 5370419 5370571 9760857 5370859 8190857 9760200 3230864 9350371 7310646 9351023 9710969 3730404 6990481 6350114 8190829 7310891 3730833 8190969 5370519 250969 5370200 7310601 7310646 10110857 7770857 10220857 7310942 9350741 9350942 910200 9350937 9350519 6761023 2080894 7530857 9350519 5370841 8870969 8870205 8190519 2760928 4990857 9350743 5370371 8870424 8190652 8191023 5370419 7980973 6351023 1760973 1760973 5371023 5371023 4631007 1030857 4630930 7310994 9350652 8190519 8190700 8190857 8190646 8190404 8190404 8190913 8190652 5371023 9350652 1030984 3730898 3730137 8190404 3731002 7530857 8190961 3250857 5370829 9350687 10110857 3730504 9350687 8190942 3730841 3730601 8190200 3730296 6350601 7310959 9710580 1030765 5370071 8190700 1030282 1030282 1030419
4720857 5370266 3250580 3730638 10220857 5370741 5370404 1760973 3730891 7310877 4610973 5370571 8190519 3730200 7310363 9350519 8190519 1760973 9350729 8190700 5110004 7310841 7310363 6760942 6760942 6760942 6760942 6760942 3730241 7310942 3730200 7980973 8190942 8190564 7310646 7310646 9350913 8191002 7311002 4630200 1030638 7980973 5370200 7980973 4880973 1030282 3730241 6350765 8791023 3250857 5370877 7310419 9350942 5370754 5370282 5370519 7980973 7310646 4880973 1030638 1030282 6350891 3730296 3730981 5370419 5370404 4880973 5370266 9350924 3700770 3730404 8190857 6350114 7980973 6760857 5370200 4990043 7311002 5370974 9350200 7310646 7310200 7940973 7310266 7310669 6901023 7940973 7310646 1030292 3731023 5370266 5370200 9350961 5370404 5370519 4630930 9350928 5370544 8190857 4880973 5370200 1030282 7310200 4880973 4990857 4880973 7310200 9351023 3731002 5370974 1030984 5370544 250961 3730898 4990930 7310646 5370841 5370841 7310571 5370829 4880973 7310646 7310571 7310841 7310363 4990857 7770857 5370200 7980973 7310877 7980973 9350601 5370841 8190913 8190969 7980973 7310161 7310969 7310969 7311002 3731002 9350200 5370282 8870518 4040200 3731002 7980973 7310646 7980973 4911023 8870888 7310004 5370371 5370687 5370974 250200 8190687 6760857 3250891 1030765 1030419
8790891 3250891 3700364 3930560 3730993 3250857 7790937 4720580
9040796 9040580 9710205 9350937 4911023 9760857 9760857 8190942 6760942 5370859 5370571 4911023 5370571 5370571 5370571
2080770 8710371 6990200 4720363
9710371 6660212 9710071 6990200 8710770 9710071 5230371 6990857 3230812 3250371 2760741 9710864 8710741 7790601 8710888 8710888 9710743 9710071 7790560 2760987 5230205 7310404 9710575 8190770 8190646 8190741 3950960 9710969 9710969 9710969 9710888 8190857 4040200 2760960 8710519 6660371 9350942 8710928 3730114 3930560 9710205 3730420 8190404 4630371 8710770 9350942 250071 3730960 9760200 9710928 9710496 3470857 8190652 9710496 9710960 9710205
8710466 8190952 3730430 4630829 6350404 8190404 10220857 9350006 5230205 2080200 7790888 10220857 3230371 9350964 3730205 6760973 3730841 3730888 8190652 8190071 2760114 8190829 7790961 7310560 5370974 250200 6760765 6350601 8190404 9710504 8870969 9710961 9350560 8710928 4720363 3930772 8190371 3730006 8190969 8190700 8190652 5370481 5370960 5370266 8190752 8190913 8190969 8190969 8190969 8550857 7530857 9760857 3250580 2760071 8190894 2760364 6760601 2760404 8190894 10110857 3730137 6760857 7530857 8190772 6350857 6760942 3730601 8190894 8791023 9350212 8190894 9350601 9350961 3950888 250969 4040857 4040200 3730969 3730941 9710729 3730266 3730371 3730419 3730205 9350205 9040857 2760942 9710176 9760200
9710952 910857 9710422 9710071 8710176 8711007 9710071 3230071 9710920 4630071 8190071 8190857 3930857 9710071 3930880 3230752 3230928 3470961 3230770 2761007 3230872 8710857 3230920 4720741 910200 9350961 730960 8191007 8190652 8190404 3390752 2080770 9710782 7790964 910544 3230969 8710767 4300519 8711007 4630071 8191007 8710519 7790752 10220857 3250857 7530857 3250877 4720888 9760200 8190752 6990200 9710920 3700969 520071 3700071 3700964 3700888 3930386 3700961 3700770 1760973 3730420 8191023 2760741 2760888 7790937 3930414 9350601 3730993 9350006 520942 250969 3390580 2760964 7790888 2080770 2080519 8710580 9710580 3930386 3930364
3230364 2761007 3251007 3250580 7790937 9710891 3250363 2760894 2760364 10110857 7770857 7310564 9710729 3230770 2760770 2760952 2760373 2760373 8710772 3251007 9711007 5231023 9350371 6760601 9710864 3730765 9710857 8190770 8190877 8190296 1030419 3730519 8190770 8190419 3730004 7790857 6770857 8191023 7310129 3700770 3731023 3731002 1030857 3251007 3250371 9710960 7310942 10220857 8711023 8710772 6350114 8190857 8190857 2760964 6760601 9710212 9710085 7310669 9350942 8710969 6660371 6660857 7310371 9350741 9350937 9710371 9710960 3250857 3700857 5370894 2760741 8711007 3230924 3230928 3700752 8710928 8710864 9710995 3700752 8710371 9710864 7790200 5370772 5370043 730772 3951002 5370404 3730928 3730241 3730974 1760973 250200 5370741 250200 250200 5370974 250043 250200 8190877 8870969 7310430 8870580 8190772 3230741 5370371 2760043 2760006 8190371 8790200 3730363 8190896 730200
3930796 9710752 9710371 5230772
3950560 4720363 4720043 9710496 9710864 9710285 3700924 2760942 2760414 3250857 8190404 3470285 2760752 8710752 8870364 3700752 2080770 8710770 9710894 8710770 9710772 9710006 3251007 3950560 2760942 2760942 9710752 9710752 2760942 2760942 2760942 2760942 8190961 7530564 3230519 2760770 8190772 3390752
8190961 8190877 3930364
5230519 8190371 9040857 9040857 9710870 3230880 5230205 3930560 2760880 3230739 7790200 7790200 9710085 8190741 8190006 3700870 4911023 4630937 2760414 2760960 2760812 9710812 2760114 9710519 9710767 3250560 8710872 3250560 3700996 8710770 9710085 9710496 9710043 3471007 3250560 9710870 3930364 3230364 9710752 8190894
9710205 3250560 3700739 9710969 3470739 3471023 2760961 3230364 3470961 3950888 2760964 2760404 2760942 4720043 2760373
7310471 7310471 7310471 7310471 7310471 7310471 7310471 7310471 7310560 7310471 7310471 7310471 7310471 7310471 7310471 7310471 7310471 7310471 7310471 7310430 7310471 7310471 7310471 7310471 9350652 7310471 7310471 9350652 7310652 10140652 7310471 7310471 7310471 7310404 7310471 7310741 7310471 7310471 7310471 9350652 7310471 10140652 7310471 8430652 10140652 9350652 7310471 7310471 7310430 5330652 9350652 7310471 7310430 7310471 7310471 10140652 9350652 7310471 7310471 7310471 9350652 7310471 7310471 5330652 7310700 7310471 7310652 7310471 9350652 8720652 9350652 7310471 7310471 7310471 7310471 7310471 7310471 7310765 7310471 7310471 7310363 7310471 7310471 7310741 9070652 7310652 7310560 9350652 7310471 7310560 7310471 7310471 7310471 7310471 7310471 7310471 7310471 7310471 7310471 8720652 7310471 7310471 7310471 7310471 7310471 7310471 7310471 7310471 7310471 7310471 7310471 7310471 7310471 7310471 7310471 7310471 7310471 7310471 7310045 7310471 7310471 7310471 7310471 7310471 7310471 7310471 7310471 7310471 7310741 6270652 6270652 6270652 5110045 5590652 6270652 8430652 7310471 7310471 7310471 5590652 3270652 6270652 10140652 10140652 8430652 7310741 7310266 5590652 9350652 7310652 10140652 7310045 7310371 3680652 7310765 7310266 7310652 7310404 7310829 7310877 7310969 6660857 7310404 7310560 7310829 7310371 6270652 10140652 7310419 5110471 6270652 7310571 7310205 7310635 7310471 7310635 5590652 7310371 7310635 6270652 6110652 1940652 7310652 3270652 9070652 7310205 5330652 7310266 8430652 7310652 7310652 7310652 7310652 7310969 7310969 4990857 7310969 10220857 10140652 7310652 7310471 7310635 9070652 6110652 10140652 7310471 7310471 7310471 7310471 7310560 7310471 7310471 7310471 7310045 7310471 7310924 5330652 7310471 7310371 7310471 3270652 7310471 7310471 7310471 7310471 7310471 7310371 7310471 6270652 7310371 7310471 7310471 7310471 7310471 7310471 7310371 7310471 7310471 7310471 7310471 7310371 6270652 5110471 7310471 7310471 5590652 6270652 6270652 6270652 7310045 7310471 7310471 6270652 6270652 6110652 6270652 6270635 7310471 7310471 7310471 7310471 7310205 6270652 7310571 7310471 7310471 6270652 7310471 7310471 6270652 7310471 7310471 7310371 7310471 6270652 7310471 6270652 3680652 6270652 7310471 8430652 7310652 8430652 7310471 5590652 6270635 7310471 7310471 7310471 6270635 7310471 7310471 7310471 6270652 7310471 7310471 7310471 5330652 7310471 7310471 6110652 7310471 6270652 7310471 6270652 7310471 7310471 7310471 6270652 8430652 6270652 6270652 6270652 7310471 7310652 7310363 7310371 7310652 7310471 7310471 7310471 5330652 7310471 7310471 3680652 7310471 7310471 7310419 7310471 6270652 7310471 7310471 7310471 7310471 6270652 7310942 5590652 6270652 7310652 9070652 7310471 7310652 5330652 6270652 7310942 6270652 7310652 6270652 7310877 6270652 5590652 7310471 7310371 9070652 7310471 7310471 6270652 6270652 9070652 3680652 7310471 6270652 6270652 3680652 7310471 10140652 7310829 6270652 7310404 7310652 6270652 7310471 7310471 7310471 7310471 7310471 7310471 7310471 6270635 7310471 7310471 7310471 6270652 7310471 7310471 7310471 7310471 7310471 7310471 7310471 7310471 7310471 7310471 7310471 6270652 7310471 6270652 7310471 7310471 6270652 6270635 7310471 7310471 7310471 7310471 5110471 7310471 7310471 7310471 7310471 7310471 7310471 7310471 7310471 7310471 7310471 6270652 7310471 6270652 7310471 6270652 7310471 7310471 7310652 6270635 7310471 7310471 7310471 7310471 8720652 7310471 7310471 7310652 7310471 7310471 7310471 6270635 7310471 7310471 6270652 7310471 7310471 7310471 7310471 7310471 6270635 7310471 7310471 7310471 7310471 7310471 7310471 7310471 7310471 7310471 7310471 7310471 6270652 3680652 9070652 7310471 7310471 7310877 7310471
7310994 7310471 7310471 7310471 5110471 5110471 5110471 5110471 5110471 5110471 5110471 5110471 5110471 7310829 5110006 5110471 5110560 5110471 5110471 7310635 5110471 5110006 5110471 7310635 5110471 5110471 5110471 5110471 5110471 5110652 5110471 5110471 7310635 5110471 5110471 5110471 5110471 5110471 7310635 5110471 5110471 5110471 7310471 5110471 5110471 7310471 7310471 5110471 5110471 5110471 5110471 5110471 5110471 5110471 5110471 5110471 5110471 5110045 7310471 5110471 5110471 7310471 7310471 3270652 7310471 5110006 5110471 7310266 7310471 5110471 7310471 5110471 5110471 5110471 5110471 7310471 5110471 5110471 6270635 7310471 5110471 5110471 7310471 5110045 5110471 5110045 5110471 5110471 5110471 5110471 5110471 5110471 5110471 5110471 5110471 7310471 5110471 5110471 7310471 5110471 7310471 7310471 5110471 5110471 5110471 5590652 5110471 5110471 7310471 5110471 6270635 5110471 5110471 5110471 6270635 6270635 7310471 5110471 5110471 5110471 5110471 5110560 5110471 5110471 5110471 5110471 5110471 7310471 5110471 3270652 5110471 7310471 7310471 5110471 5110471 5110635 5110045 7310471 6270635 5110471 7310471 5110471 5110471 5110471 5110471 5110471 5110471 5110471 5110471 5110471 5110471 5110471 5110471 5110471 5110471 7310471 5110471 5110471 5110471 3270652 5110471 5110471 7310471 5110471 5110471 5110045 7310471 6270635 5110471 5110471 5110471 5110471 5110471 5110471 5110471 6270635 5110471 5110471 5110471 5110471 5110471 5110471 5110471 5110471 5110471 5110471 5110471 5110471 5110471 5110471 7310471 5110471 5110471 5110471 5110471 5110471 7310471 5110471 5110471 5110471 5110471 5110471 5110471 7310471 5110635 5110471 7310471 5110471 5110471 7310471 7310471 5110471 5110471 5110471 7310471 5110471 5110471 5110471 5110471 5110471 7310471 5110471 5110471 5110471 5110471 7310471 5110471 5110471 5110471 5110471 5110471 5110471 7310471 5110471 5110471 7310471 5110471 5110471 5110471 7310471 5110471 6270635 5110471 5110471 7310471 5110471 7310471 5110653 5110471 5110471 5110471 5110471 7310471 5110471 7310471 5110471 5110471 5110471 5110471 5110471 7310471 5110471 5110471 5110471 5110471 5110471 5110471 5110471 7310471 5110471 5110471 5110471 5110471 5110471 5110471 5110471 5110471 5110471 5110471 5110471 5110471 5110471 6270635 5110471 7310471 5110471 5110471 5110471 5110471 5110471 5110471 5110471 5110471 7310471 5110471 5110471 7310635 5110471 5110471 7310471 5110471 5110471 5110471 5110471 5110471 5110471 7310471 7310471 7310471 5110471 6270635 5110471 6270635 5110471 5110471 5110471 6270635 5110471 5110471 5110471 5110471 7310471 5110471 5110471 5110471 6270635 5110471 7310471 5110471 5110471 5110471 6270635 5110471 5110471 5110471 5110471 5110471 5110471 5110471 5110471 5110471 5110471 5110471 7310471 5110471 5110471 5110471 5110471 5110471 6270635 5110471 5110471 5110471 5110471 7310471 5110471 5110471 5110471 5110471 5110471 7310471 5110471 5110471 5110471 5110471 5110471 5110471 7310471 5110471 5110471 5110471 5110471 5110471 5110471 5110471 6270635 5110471 5110471 5110471 5110471 5110471 5110471 5110471 5110471 6270635 7310471 5110471 5110471 5110471 7310471 5110471 5110471 5110471 5110471 7310471 5110471 5110471 5110471 5110471 5110471 5110471 5110471 5110471 5110471 7310471 5110471 5110471 5110471 5110471 7310471 5110471 5110471 5110471 5110471 5110471 7310471 5110471 7310471 5110471 5110471 5110471 5110471 5110471 5110471 5110471 5110471 5110471 5110471 6270635 5110471 5110471 7310471 5110471 5110471 5110471 5110471 5110471 5110471 5110471 5110471 5110471 6270635 5110471 5110471 5110471 5110471 7310471 5110471 7310471 5110471 5110471 5110471 5110471 7310471 5110471 5110471 5110471 7310635 5110471 5110471 5110471 5110471 5110471 5110471 5110471 5110471 5110471 5110471 5110471 5110471 5110471 5110471 5110471 5110471 5110471 5110471 5110471 5110471 5110471 5110471 5110471 7310471 5110471 6270635 5110471 5110471 7310471 5110471 5110471 5110471 5110471 6270635 5110471 5110471 7310471 5110471 5110471 5110471
7310994 5110652 7310652 7310652 7310652 7310601 7310652 7310585 7310652 7310652 7310652 7310652 7310430 7310419 7310585 6270652 7310371 6110652 5590652 5590652 7310419 8720652 5590652 7310652 7310652 7310652 7310652 7310652 7310266 7310652 1940652 7310585 7310652 7310585 7310585 5110635 1940652 5110652 5110635 5110635 1940652 5110652 5110635 5110652 5110652 5110652 5110652 5110635 5110635 5110652 7310652 5110635 5110635 7310652 7310266 7310652 7310652 9070652 6270652 7310652 7310652 7310652 7310652 7310571 7310404 7310877 7310585 7310652 1940652 7310652 3680652 7310635 7310652 7310635 7310635 7310652 7310652 5110635 7310635 6270635 7310652 7310652 7310652 7310585 7310635 7310585 7310471 7310652 10140652 6110652 7310471 7310471 7310924 7310266 7310652 7310635 7310652 7310765 10140652 10140652 7770857 6270652 7310471 7310652 7310652 6110652 7310652 9070652 10140652 10140652 7310829 10140652 7310601 7310471 7310652 7310471 10140652 7310959 7770857 7310841 7310196 6270652 7310564 7310363 7310829 3680652 7310829 7310652 7310471 7310471 7310652 7310471 7310829 7310471 7310471 7310652 7310471 7310471 7310471 7310471 7310471 7310471 7310471 7310471 7310471 7310471 7310471 7310471 7310471 7310471 7310471 7310471 7310471 7310471 5110471 5110471 7310471 5110471 7310471 6270635 7310471 9070652 7310471 7310471 7310471 7310471 7310419 6270652 7310045 7310471 6270652 7310371 7310404 7310266 7310196 7310937 7310196 7310969 7310196 7310942 7310196 7310942 7310196 7310942 7310829 7310196 7310196 7310196 6270652 6270652 7310829 7310924 6270652 7310404 7310959 6110652 5590652 7310942 9070652 9070652 7310693 7310430 6270652 7310471 3680652 7310877 7310924 7310419 10140652 7310829 6270652 6270652 6110652 7310942 6270652 6270652 5590652 7310942 10140652 7310652 7310601 10140652 7310601 8720652 9070652 5590652 7310765 7310829 7310266 8430652 6270652 6270652 10140652 7310419 10140652 7310266 10140652 6270652 5590652 6110652 7310652 7310601 7310266 6270652 9070652 7310419 7310471 6270652 5330652 7310200 7310700 9070652 10140652 7310471 6270652 7310266 7310765 7310741 7310969 8430652 7310829 8430652 6270652 7310404 6270652 7310371 9070652 4990857 7310419 7310646 6270652 6110652 7310363 6270652 7310877 7310969 7310877 5590652 5590652 7310371 3680652 8720652 7310969 6270652 6270652 7310829 7310829 7310571 7310419 7310196 7310877 7310196 7310196 7310266 7310266 7310700 7310371 7310196 7310196 7310196 7310877 7310841 7310196 7310196 7310196 7310196 7310196 7310969 7310196 7310196 7310877 7310196 7310196 7310646 7310196 6270652 7310196 7310196 7310196 7310942 7310829 6270652 6270652 5590652 5590652 7310045 6270652 7310601 7310969 3680652 9070652 7310652 7310471 7310471 6270652 6270652 7310471 7310471 9070652 7310471 7310471 7310471 7310471 8720652 7310471 7310471 7310471 7310471 7310471 7310471 7310471 7310471 7310471 7310471 5590652 7310471 7310471 7310471 9070652 5590652 7310471 7310471 5590652 7310471 8430652 7310471 7310471 7310471 7310471 7310471 7310471 7310471 7310471 7310471 7310471 7310471 5590652 7310471 7310471 6270652 7310471 7310471 7310471 7310471 7310471 7310471 3680652 7310652 6270652 7310471 7310471 6270652 7310829 9070652 7310371 6270652
7310994 7310652 7310652 7310652 7310363 8720652 7310652 7310652 7310652 7310652 7310585 7310652 7310652 7310652 7310652 7310652 7310652 7310877 7310652 7310693 7310877 7310363 7310942 7310669 7310937 7310829 3680652 7310693 7310371 7310652 7310652 7310652 7310652 7310652 7310652 7310652 9070652 7310652 7310652 7310969 5330652 7310652 7310652 7310371 7310652 7310652 7310652 7310652 7310652 7310829 7310652 10140652 7310652 7310652 7310652 7310652 7310652 6110652 7310652 7310652 7310652 6270635 7310652 8720652 7310942 7310652 7310652 7310652 7310652 7310652 7310693 7310969 7310652 9070652 7310652 7310652 7310652 7310652 6270652 7310652 7310652 7310266 7310652 7310652 7310829 7310652 7310652 5590652 7310652 6270652 7310652 6270652 7310205 6270652 7310652 10140652 5590652 7310652 7310652 7310652 7310652 5330652 7310652 7310652 7310652 7310652 7310652 7310652 3680652 7310419 7310585 7310652 7310652 7310266 9070652 10140652 7310266 10140652 7310404 10140652 7310652 7310571 7310652 1940652 10140652 7310652 7310652 3680652 8720652 7310266 7310741 7310829 8430652 7310969 7310363 7310646 7310571 7310829 7310471 7310652 7310635 7310471 7310471 7310652 7310652 7310571 7310471 7310652 7310471 5330652 7310471 7310471 7310471 9070652 7310635 7310471 7310471 7310652 7310652 5590652 7310471 7310969 7310877 7310652 7310877 7310652 9070652 7310652 7310652 7310652 7310471 7310652 6270652 7310652 9070652 8430652 7310877 8720652 6110652 7310471 6270652 7310652 7310652 7310471 7310471 6110652 7310371 7310635 8430652 3680652 7310652 7310635 7310652 8720652 7310765 7310877 5330652 3680652 10140652 7310652 7310652 7310471 7310652 7310652 5330652 7310652 7310652 7310266 7310601 7310196 7310419 7310652 7310829 7310652 7310652 9070652 10140652 7310652 7310652 7310652 7310877 7310652 5590652 10140652 8720652 7310652 7310363 7310652 7310266 7310652 9070652 7310585 7310652 7310652 3680652 7310652 6270652 7310652 7310829 7310266 7310266 7310652 9070652 7310652 9070652 7310969 10140652 7310693 7310877 6270652 6270652 8430652 6270652 5590652 8720652 10140652 7310652 7310741 7310266 5330652 7310652 7310652 7310652 7310652 8430652 3680652 7310652 7310652 7310266 7310652 7310829 7310652 7310371 7310652 6110652 5590652 7310652 5330652 7310652 6270652 3680652 7310652 7310652 7310585 7310652 7310371 7310652 6270652 7310371 7310652 7310652 7310571 7310266 7310363 7310877 5330652 10140652 9070652 7310652 5330652 7310652 6110652 7310652 7310652 3680652 7310652 7310652 7310266 9070652 7310652 7310652 10140652 6110652 7310829 7310652 5590652 7310585 3680652 7310652 5590652 7310652 7310652 7310266 7310652 7310585 7310652 6270635 3680652 7310652 6270635 7310652 7310652 5330652 10140652 6110652 10140652 7310652 5110560 7310877 7310585 7310652 7310877 7310652 6270652 7310652 7310266 7310652 7310877 7310652 7310652 7310652 10140652 7310969 10140652 7310652 10140652 10140652 7310571 7310652 7310877 7310652 7310419 7310652 7310652 7310829 7310652 7310585 7310652 7310652 7310266 10140652 9070652 5330652 7310877 10140652 8430652 7310371 7310363 5330652 7310700 7310877 7310652 7310652 7310841 7310652 7310652 7310652 1940652 7310635 7310652 7310652 7310652 7310652 10140652 7310585 7310652 7310652 3680652 7310652 9350652 7310404 7310652 7310652 7310877 7310652 7310652 7310652 5590652 7310877 7310765 7310877 5330652 7310652 7310700 7310585 9070652 7310652 7310652 7310652 7310652 7310652 7310652 7310652 7310652 7310652 7310937 7310266 7310652 7310652 7310652 7310652 8720652 7310652 7310652 7310652 7310829 7310371 5590652 9070652 7310652 7310430 5330652 8430652 7310652 7310419 9070652 7310652 7310571 7310652 7310266 7310652 8720652 7310652 7310585 7310652 10140652 7310652 7310652 7310877 7310652 7310652 1940652 7310652 3680652 7310652 7310571 10140652 7310652 10140652 7310571 7310652 7310652 7310877 7310652 7310652 8720652 7310652 7310877 7310571 7310652 7310652 7310652 7310404 7310196 7310877 10220857 7310765 7310652 7310652 7310652 7310652 7310635 7310471 7310471 7310652 10140652 7310700 10140652 8720652 9350652 5330652 7310969 7310700 7310969 7310404 7310363 5330652 7310652 7310564 7310471 9070652 7310969 6270635 6110652 10140652 7310652 7310877 7310652 7310266 7310045 7310829 7310652 7310765 7310652 7310829 9070652 7310652 7310652 10140652 7310652 7310404 7310652 7310652 7310652 10140652 7310266 7310371 10140652 7310969 7310652 7310652 10140652 7310877
4630857 4631010 4630857 4630200 3731023 4630937 6761002 6660872 230809 5230519 7790414 2760371 2760043 9710350 7790741 7790857 730857 6660043 730371 730872 730872 3230864 730961 730200 2751023 1920857 1920857 1920857 4990043 1920857 6660857 1920857 1920857 1920857 1920857 1920857 2750857 6661007 6660857 1920857 6660422 4990043 1920857 4990043 1920857 6660741 6661007 1920857 730857 2751023 3230350 6661002 6660924 9350205 4990928 730144 730212 730870 3250580 9350770 6660460 6661002 730928 730363 730928 730924 730371 9350519 730200 730200 730870 730363 2760350 2760350 730924 5231002 730937 9350304 730544 4720200 8870580 2760646 5370071 9350930 231023 730964 8870205 2760969 8870518 7790896 8870942 8870743 8870770 4300519 9710864 8710864 8710864 9710995 5231023 8870414 9710371 3700960 3230350 3471007 4720752 9710920 8710924 8710928 3930560 9710864 8870969 9710371 3700969 2761007 9711007 9710864 3470441 2760071 730770 730961 3230770 8190857 4720857 8190741 3930560 3230812 730770 9710961 3470422 730752 730205 2760770 3230880 6660006 3230422 3230741 3230796 3230741 730964 6660460 1920857 6660580 6660580 1920857 730888 6660371 6660580 4990928 4990043 6660580 6660924 1920857 1920857 1920857 4990928 6660996 4990928 4990928 1920857 6660580 1920857 1920857 6660580 6660371 1920857 6660857 1920857 6660580 4990930 1920857 1920857 730857 4990928 6660948 730928 1920857 730894 6660741 6660741 6660857 730857 6661007 2751023 730960 6661007 3230371 730071 8711002 3230071 730888 730071 9350741 2760969 730969 9350770 730857 731007 730071 9710782 3230770 3230752 730770 2760752 730071 730888 2760928 730937 8870424 8870743
8190770 250071 2760752 7790964 230963 8190812 8190580 8190857 8190580 9040580 2751023 6660857 9350371 6660996 8870770 8870924 7790937 7790857 8190371 9350371 8190741 9350924 9350930 9350812 9350772 9350924 9350743 8870888 9710453 3230888 9710961 3470043 3930741 3930770 6660561 5230414 730071 730996 9710466 230496 5230466 230952 230767 5370770 7790770 4720964 4720741 4040857 8550519 3950896 7790937 7790857 7790937 730896 910071 2760888 8710580 7790741 3930743 9710752 9710496 8870942 8191002 730896 2760071 2760897 7790894 7790896 2760894 8601023 5370896 8710043 2760896 9311023 2760888 2760752 2760114 9710462 3930743 910772 9350160 9350560 3230560 8870580 3470833 730770 3730205 7980973 7310004 230963 5370687 9350516 6660580 8190857 5370571 2760896 5370888 7980973 9350212 2760964 2760969 3730743 230741 230924 2760743 5370743 7790752 2760580 8710466 9710743 4720741 9710833 8710205 9710350 3700519 3470422 230857 730857 730857 9710864 9350006 3230741 8710371 8600857 9311023 230809 8711002 9710071 230872 230767 5370964 730752 730960 2760964 230952 730519 3230872 2080414 8191007 230952 9710414 2760071 3471023 8870772 7790200 7790424 7790937 2760969 6660422 2760560 9350888 8710580 6660880 6901023 9710782 730770 730006 8710560 9040857 5230857 5231023 8710371 8710857 8710987 9710782 8710987 2760894 7790964 9710462 9760964 5230414 5230414 3230888 8710920 8710414 8190964 9710923 8190770 9710205 730872 3230560 3230880 3230527 730857 6660371 9350812 8711007 2760770 9710422 9710752 8710741 8710371
7790857 7790857 9040857 8550857 8550857 9040857 8550857 2760200 2760888 2760920 730888 2760772 2760920 2760754 2760888 7790888 5370841 4720043 5370071 730894 730888 9710969 8601023 5370743 2080987 8710767 3471023 3700741 9710752 9710920 8710560 3250371 2760770 8710519 7790969 8870969 3700043 3700205 8870560 3700960 3700928 8710205 9350812 3230770 8710176 9350964 9710544 2760770 8710872 8710969 910071 9710969 2080987 8710872 3470987 8870772 9710987 730754 8710772 8710767 3470772 3930772 730960 3230864 3230772 3230754 3230772 730422 230560 9710930 2760580 8710466 2760043 2760743 8190519 2760924 7790857 8870743 1551023 9710212 300872 3700741 3730268 2370973 1030857 2370973 1031010 3730496 3700043 9710043 3930770 8870770 9710864 910043 8710205 2760960 2080770 3730420 3730241 8190200 9350894 8190894 3930519 3930770 3700969 9710969 9710414 520743 3930422 3930371 3930880 730071 3930772 520969 8710928 9710371 3700414 3700743 9710575 9710928 3730782 1031010 8190969 3930880 8710969 730880 2760896 730960 2760741 730894 731007 2760743 2760741 3230071 8710205 730812 3230741 2760770 7791007 1030638 1031010 1030638 1031010 1031007 5371007 2760770 7790752 9710772 2760422 7790770 7790752 4720752 2760987 2760964 8870743 2760928 3471002 8870969 9710772 8710930 3930770 8710752 3930414 8711002 8710043 2760942 1030638 1030638 1031010 7980973 9350770 8711023 5230969 910560 3251007 4720961 730560 4720969 910422 7791007 7790937 9710961 730772 3230772 2750212 3230752 730212 9710037 730964 730770 3231023 3230519 9350964 3230920 3230969 730422 3230996 3230422 3230880 3230969 3230772 3230864 730770 3230864 9350560 3230205 3230364 3930770 3930770 8710414 9710071 8710646 2080770 2760772 230920 730888 3230772 3230772 730857 2760373 8710782 9710462 9711002 3700414 2080888 9350752 2760560 230496 7790752 8190857 7790752 2761007 2761007 2760888 730770 730071 8711007 9710037 8710782 3700043 3700960 9040772 9710176 9710812 8190519 1030857 1030857 1030857 1030638 1030961 1030993 250200 9710772 3230772 8710422 2080987 3730205 4630266 8190896 8190071 9350741 230963 730752 9710466 8710752 730071 4720752 9710782 730770 8711002 8710504 7790200 3700770 3700833 9350772
3700857 9040857 520857 520857 8190160 8190772 8870772 730801 6660800 730801 9350928 730880 7790200 2760364 2760364 2760364 8870364 2760114 2760364 6660857 6660212 3730422 3730205 8190371 3731002 9350930 6760646 8190580 6660930 2760930 730870 2760930 2760960 2760580 3950960 8190913 8190969 7980973 8190857 8190857 8190870 8190560 8190870 8190870 8190870 8190857 8190870 8190857 8190857 8190770 3730870 8190857 3730752 8190930 3730870 8190870 8190857 8190857 8190857 8190160 8190857 8190857 8190857 8190857 8190857 8190857 8190913 8190646 8190857 8190857 8190857 8190646 8190519 8190857 8190006 8190006 8190857 8190857 8190857 8190580 8190857 8190857 8190857 8190752 8190857 8190857 8190857 8190930 5370741 3730772 5370741 8190930 8191007 3731002 7980973 8190930 8190930 8190930 8190857 8191002 8190913 8190857 8190857 8190646 8190006 8190646 8190422 8190913 8190913 8190913 8190857 9350913 8190857 3730993 8190857 3730496 4630960 4630424 3731023 3730646 3730004 3730004 8190857 3731002 4630638 8190857 8190857 8190857 8190646 9040857 8190646 8190006 8190857 8190857 8190857 8190857 3731002 9350937 3730993 6760857 8190404 9350801 9710930 2760752 3470857 9350741 8190930 8190741 8190371 8190857 8190371 8190646 9040857 9040857 8190646 9040857 9040857 8190880 3700200 8190646 3730422 7090973 8190857 8190857 8190857 8190857 8190646 8190857 3950960 8190646 8190646 8190752 7980973 5370930 7980973 2760930 8191002 8190772 2760646 3470857 2760516 3730993 8190857 3730560 8190205 8190560 8190371 8190857 8190930 8190857 8190580 8190646 8190772 8190857 8190857 8190580 8190857 8190580 8190857 8190857 8190857 8190896 8190857 8190913 3730371 3730928 3730371 3730371 3730928 3730004 3730924 9350754 3730422 9350371 8190857 3731002 8190857 9350924 3731002 3731002 3731002 8190857 8190857 6760857 8190930 8190580 8190894 9350743 8190770 9350770 8190770 9350752 8190741 9350964 8190200 9350371 8190857 9350752 3730993 9350888 8190772 8190422 8190857 3730004 3730888 3730071 3730928 3730004 8190930 3730004 8190857 3730888 3730928 3730993 3730071 8190857 8190961 8190752 8191007 8191007 8190913 8190371 4720857 8190006 9040857 8190580 8190942 8870743 9710071 9040857 8870942 3250857 8190071 8190857 8190371 9710987 8190964 7790857 8190880 8190857 8190913 8190913 7790857 8190857 8190857 8190857 8190857 8190857 8190857 8190857 8191023 3730646 8190857 8190913 8190857 8190857 3730993 8190857 8190857 8190857 8190857 7090973 3730004 8190857 8190857 3730519 1760973 3730519 8191023 8190870 8191023 8191007 8190857 8190519 8190857 3731002 8190857 8190930 8190930 8710857 9350772 3230928 8191002 8190772 3250857 9350772 9350913 8190930 7790857 8190913 8190913 7790857 8190414 8190913 9040857 8190913 8190646 8190857 8190913 8190913 3730646 3730006 8190857 8190857 8191023 5230969 2370973 3730420 3730743 8190857 8190857 8190652 8190741 8190880 8190741 8190857 8190772 8190857 8190646 9040857 8190857 8190519 8190857 8190006 8190371 9710285
2080741 9710176 2080770 2760964 7790414 2760894 3470857 8191007 5230466 7790414 2760071 9710894 8190896 3950896 2760809 2760948 8870043 3470857 8600857 3470857 2080894 3470857 8190964 8190896 9760964 8710414 2760754 2760371 7790896 2760964 7790870 2760870 2760964 230414 8601023 2080894 2760414 2080770 2760770 3470930 8190857 7090973 4630752 4630937 9040857 7090973 9040857 8190772 3470870 3470870 7790857 3470930 3950888 3950888 3950960 9040580 9711002 3250560 8550580 7790200 7790043 7790200 7790043 7790043 2760071 2760071 7790964 3730964 8190857 6660043 3230920 9710297 2760741 9710812 5230772 230414 230767 231023 230414 7790857 2760752 7790772 4630772 3730772 2760924 231023 6660560 3930924 3700071 9710996 250580 2760071 2760930 8710646 8710888 9710782 8711023 2760752 8710752 8710504 7790752 2080770 9710071 9710071 230920 230920 230920 231023 8710176 8710888 3730888 8710930 2760752 8710782 9710920 3470739 9710519 9710961 9710519 7790741 3950960 3470782 9710782 8711023 2080888 2080888 8190741 9710987 8190071 8710987 8710504 730741 8710969 3700888 9350006 9710414 8190896 5230371 5230969 5230646 3930371 3700833 8190741 230857 230006 5230466 2760948 7790741 7790857 7790964 2760924 8190580 7790857 7790200 7790857 7790937 5230414 5230857 3471007 3730964 5230857 3730460 3730004 3730182 5981023 5981023 3230880 3470285 8190767 2080414 3470857 7790857 3230752 3931023 3930743 3700857 3700857 910205 8190071 3731010 3730371 3730646 3730993 3470857 3230646 9710743 3701007 3701007 4720371 3470987 8711023 9350743 3230743 3700200 3700200 8600857 3730646 3731010 3731010 3730646 4630930 3730646 3730004 7090973 7090973 8190857 9040580 8550857 7790857 3950960 9040857 9040857 9040857 9040857 8190930 8190930 7790857 3730004 8190930 2760930 2760930 6770160 5370772 5370894 230857 5370043 7790964 3700896 3700857 3250580 8190894 8190687 8190646 7090973 9040857 8550857 3950896 8190646 8190857 9040857
9350930 730560 2760930 9350930 7980973 6660857 9350937 6660006 730371 9350741 6660857 9350888 9350741 5370960 6660857 5370071 730857 5370841 9350519 6660857 8190741 5370770 9350961 7980973 9350519 6660857 730200 9350930 6660857 6660857 4990857 6661007 6660857 6660857 9350888 6660930 730796 730371 730560 7790424 730937 730796 730888 9350519 730580 730364 730580 2760580 6661007 6661002 730006 9350913 730544 9350205 730937 730006 730363 730729 730371 8870043 730646 730200 2760969 9710995 8711023 2760960 9350896 2760770 5370924 730519 730752 730770 230809 2760741 5231002 7790964 730924 730767 8190752 8190857 3930519 3930519 3930519 3931002 730969 730363 730969 730519 730519 731023 2760872 4720200 3230519 730544 730519 730519 730205 2760371 2760205 5230519 9350993 7790741 1760973 3931023 3930519 8870969 9350924 7790519 730770 2760752 2761007 2760743 2760646 730770 730496 2760920 2760987 730741 7790519 2761007 3470441 3470782 3230969 9710205 5230969 9710285 230809 230952 7790888 8870888 2760752 7790964 3950888 8190952 7790894 8870580 8870924 8870043 8870043 7790752 8550580 8710646 8870743 7790937 7790937 9710894 2080987 7790770 7790371 7790857 3250560 7790770 2760743 2760176 7790144 730833 730928 3730993 8190930 8190930 8710857 3470930 9311023 8191002 8190519 8870888 8870770 4720752 2760924 2760006 730043 3700833 730752 730519 2760752 730144 6660371 2760371 5231002 6660006 6660872 6660872 6660754 6660969 231023 6660754 2760772 2760043 2760870 2760888 2760422 2760772 8190071 8190880 8190930 8190857 8190930 7530857 8190071 7790937 7790937 8870969 8870969 9710920 8870888 3470987 3950888 9711002 3930371 230872 730960 2760987 2760812 8190071 8190930 8190964 3230930 730872 730350 730006 730006 5230350 730043 2760371 730043 2760006 2760043 730006 7790937 7790937 7790043 5370741 730924 730961 3700896 9350961 8870942 2760833 6660754 2760772 2760580 730144 2760144 2760772 2760960 2760770 2760952 730043 730043 4720043 730043 730741 7790043 730961 730928 8870580 4720043 4720743 4720743 8710969 5370071 8710969 3930770 9350752 8870870 2760952 8711023 3470441 8710924 9350896 2760752 9350894 9350812 9350144 9350729 9710930 1551023 8710872 8710864 3250580 730687 2760371 8870043 2760516 8711023 2760964 2760371 730964 8710743 9710782 730071 6660580 6660857 730006 730371 2760964 2760071 9350516 2760928
730496 2760504 7790937 3230496 8870144 2760414 9710371 3470006 520969 3470580 4720371 4720580 8190741 3730870 250969 250580 250969 250969 9040870 730496 730646 730961 730961 730948 730580 730961 9040580 4720961 8870580 9040580 8190857 250200 9350924 5231023 5230371 730350 3700872 3700880 3930560 910363 9710043 910071 3230006 910043 730796 730580 730519 730519 2760870 730580 2760580 4720961 3230920 730228 2760888 7790964 3470580 7790964 4720363 7790870 5370841 731007 730228 3230880 730580 3470422 730580 8870580 730561 3930796 4720969 9350304 3730560 8190160 8190160 8190857 8550857 7090973 8190812 730580 6661002 730228 730363 730729 731007 730228 730580 8870580 730969 4720371 8870969 4720363 4720969 730961 2751023 730857 730928 3230880 3700961 7791007 3231023 3230212 730948 7790888 8870743 731007 730880 910544 4720969 4720741 6660043 730043 2760043 8190896 8190466 4630580 4630371 8190894 3930422 3230560 3230560 730928 3230984 4720961 3230880 3230880 4720961 2760961 730043 2760043 730364 9710580 730894 8870743 730896 731007 730729 730729 730282 730228 730228 730282 4720043 8870422 730282 8870580 8870212
3951002 8870870 7790424 2760928 8870560 8870422 7790894 3471002 3471002 7790752 7790200 8870043 7790770 8190580 4630200 8190857 7790937 3230414 8710969 9710085 9710864 9710496 3470872 8870770 8191023 7790371 8870043 730880 8870043 8870424 730880 730071 730043 730743 4990160 6660857 730144 730857 730812 6660580 730857 730544 730560 730422 730205 730422 730560 6660924 730833 730200 730071 730870 6661002 730996 9350516 6661002 730519 6661002 6660371 730200 6660930 730857 730857 4990043 6660580 9350924 730414 730857 730200 730200 730560 730870 9350937 730200 6660580 2760743 2750212 3930422 9350880 730894 730519 2760969 5230205 8870205 6900466 5230930 3730752 8710930 5370930 730770 5370930 730371 730496 730880 3230796 730071 730870 730888 730888 730646 8870580 2080580 2080894 9760964 5230350 230414 5231023 6660872 730888 730741 730282 3930560 8870969 730371 2760896 2760896 2760580 8190857 6660043 3730752 3730770 1760973 8190770 7790857 5231023 4720200 4720888 8710371 8870888 8190752 230963 230963 2760928 250071 3730519 3730888 8190930 5370752 730043 230872 730872 9710864 730350 5370924 730969 3930205 730894 8190857 3730560 3730560 3730043 8190930 4630930 8190857 3730004 8190857 4630043 4630930 4630043 3730460 730870 6660930 3930870 3700743 8870888 730043 2760870 2760930 730870 2760964 2760930 5370043 3700896 5230969 3930560 3700414 3470006 9710371 520741 3700960 8870743 5230646 3470580 5371007 5370519 4720857 5370519 7790937 7790857 3700870 3470923 6660043 6660043 6660043 730964 7790200 730560 730772 2760752 230809 2760741 7790371 8870043 9710496 2760414 7790752 8710414 9710743 910741 730282 730422 2751023 3230880 3230422 3230752 3700960 9710729 8711023 3930414 8710969 3700205 9710371 9710414 8870205 5231002 5230872 3700741 3230984 730282 3930519 730896 3470870 2760414 7790894 7790371 5370841 730857 4720200
9350924 6770857 250200 5370888 2760964 250200 7790888 3250580 8870942 2080580 8870580 9040580 3470580 3470580 9040580 9040580 7790741 7790371 3950888 3470580 8870580 8870580 8870580 8190580 8190580 8870942 9040580 3250363 8870924 8190006 9040857 8190371 8190371 7790371 3470857 2760872 8190687 8190560 8190580 8190741 8190071 8190770 2760752 8711023 8711023 9710519 8710857 2760071 8711023 2760071 3470782 2760114 2760942 730857 730071 3250937 2760948 8190829 7530857 3930519 9350942 3700896 9350993 9350993 8870743 9710519 8870888 7790857 8190741 8190872 2760741 5370200 5370930 730857 2760930 230741 2760930 2760580 230496 7790371 2760770 7790857 7790741 7790888 230496 730770 730043 730770 9710043 8710043 230496 2760960 2760770 7790200 8870043 7790964 8870743 7790937 5230646 730969 730350 730894 8870743 3950888 8190770 2080580 8191002 3950960 7790200 7790857 8870043 2760741 2760006 4720857 8870580 7790371 7790857 8190371 8190913 8190752 7790937 8190519 7790371 7790969 4720969 7790857 7790857 8870969 3950896 730580 2750212 3930741 730371 730894 730964 8190752 8190930 8710519 730924 730043 730043 730043 730144 730888 9350880 9350741 8190857 8190969 9350924 2760006 730924 2760924 4720371 8550580 7790937 7790937 7790371 7790741 7790937 8870880 2760928 8870043 730857 2760812 8870924 8870812 8870560 8870043 730071 2760043 2760897 8711023 8870888 3730602 3731023 3731002 7980973 3730928 3730386 9350741 5230037 9710496 2760743 9350888 5370964 2760043 730363 9710043 2760404 250043 730422 730880 730071 8710422 9710043 8710043 9710580 2760504 3471002 730496 730422 3250371 3731007 3730812 4630580 3730043 4630937 5370043 7790200 2760964 5370752 7790200 2760752 7790371 730371 9711007 4720363 8190371 7530857 7790969 7790200 730896 231023 230560 2760043 230767 730043 730371 730363 230414 9711002 3230812 9710920 9040580 3730006 3730580 3730519 3730043 3730580 1030043 5370043 5370043 3730043 2760043 8190700 8190519 5231023 9350993 3930872 9710422 9710496 3470441 9710772 7790888 2760071 230741 2760580 730212 230924 2760743 730043 8870772
9350996 9350422 730857 9350772 8870580 730741 8870422 8870205 4720743 4720752 7790857 2760928 7790857 8190422 8190913 8190812 8190913 8190560 8190741 3731023 3730268 6771010 3730460 3730460 3730268 3730004 1760973 6760973 3730741 230872 2760519 8190741 2760964 7790857 7790741 2760741 8190857 5370894 9350519 7980973 3730241 3730870 2760741 8190894 1760973 1760973 9350964 8190857 5370743 8190857 2760897 5370964 2760896 2760894 5370960 9710995 7310924 3730496 3730993 9350964 6760857 3730924 1760973 3730638 1600973 1600973 1760973 1760973 7090973 8190930 8190071 2760496 2760888 9710930 8190205 8190519 2760646 5370544 4990043 730212 5370894 5370894 3730993 5370964 3250857 2760888 7790870 2760888 2760960 6660857 8190920 9710772 1760973 3730602 1760973 3730004 1760973 8190071 5370888 2760743 5370859 230920 9350930 6660754 6660880 6660212 8190930 9350561 2760880 5370043 2760580 731007 8190961 3730969 3730969 3730646 1760973 1760973 7980973 1760973 2760071 2760176 7790888 7790857 3230646 7790741 2760894 2760752 6660872 3930743 3730200 3731010 3730071 3730969 4630969 3730043 3730004 9350812 730857 730371 3230422 730560 8190770 4630200 4630200 1760973 4630200 4630772 4630937 4630580 7090973 7790937 1760973 1760973 1760973 1760973 1031010 3730646 3730004 2760205 5231023 2760071 2760371 3390371 9710772 2760006 7790937 2760043 7790752 7790857 7790937 7790969 3700888 6660560 2760752 9350560 9350894 3930212 3930205 910371 9710739 9350896 9710729 7790937 2760752 5370741 5371007 5371007 8190770 2760373 2760741 7791007 2761007 9350961 730960 730796 6660880 2760870 2760888 2760870 2760888 9710952 2760741 3470870 9710870 7790200 2760772 2760930 5370833 2760880 7790894 2760646 7790857 7790200 2760960 2760767 7790870 2760767 2760496 5370743 5370071 2760364 2760646 5370841 3730004 8190870 2760414 2760741 7790924 7790888 8190896 8190519 1760973 1760973 1760973 6760646 8190857 3731023 4630200 3730004 3730420 3730004 4630043 4630743 2760371 2760801 6660880 5370960 8190870 8191023 250200 7790870 7090973 1600973 4630857 4630638 4630200 4630638 7090973 1760973 5370801 2760200 2760752 230924 2760200 2760888 2760646 7790770 3470782 520071 2760496 3230880 910544 7530857 3700770 9710496 8190496 3700960 8870770 730770 231023 2760930 6660996 2760043 730071 1760973 1760973 3731010 8870043 6660948 730043 8870043 8870580 8870043 8870424 730371 9350872 730928 3250741 8870829 8870888 730560 7790937 9350924 9350205 6660996 5370071 5370829 4990043 730043 5370071 2761002 9350519 2760930 7790200 3730519 3731023 3730602 1760973 1760973 1031010 1760973 1760973 1760973 1760973 3230969 9350888 8870743
6771010 2760801 2760930 2760930 5370930 7980973 9350930 9350930 6660857 9350930 7310004 2760930 9350772 6660857 2760801 9350772 9350896 8190930 4630772 8190519 3730241 5370772 5370043 5370930 5370930 9350772 5370859 5370544 730646 8191023 8191002 3951002 7790857 7790961 730880 8870743 9711002 9710987 3250937 8870942 8870424 1760973 4630200 3731023 4630200 1760973 1031010 1031010 3730743 2760071 8190687 8190894 8870580 3731010 1600973 3730004 3730004 5370930 6771010 2760801 2760833 2760801 2760414 730414 9710414 730894 9710043 8710767 8710580 9350770 7790770 2760942 730646 731023 731023 9350930 5370930 7311002 5370200 4990930 9350930 5370752 4990857 6660930 9350200 9350519 6660930 6660857 9350930 5370772 6770160 9350519 9350930 7310004 2760930 6660857 6660857 9350519 6660857 9350930 7310004 7310646 6660930 6660857 7310004 6660930 6660857 5370752 7310959 9350516 9350964 6660857 9350930 6660857 9350519 6660857 730519 6660857 6660969 6660969 4990928 230422 730043 6660857 730960 6660560 730560 730857 9350888 730857 730961 730743 730969 3230969 730741 730743 730743 2760928 2760961 2760373 2760964 2760741 2760964 2760897 7790772 2760770 2760767 9350414 8710924 2760952 8190857 8190371 7790857 9351023 8190519 8870580 7790200 2760200 231023 2760772 230920 230920 2760770 2760833 8710519 2760754 230504 2760888 6660754 9350519 9350519 9350894 2760516 9350752 8870580 8870770 8190519 9350928 8190519 5370960 6660800 7310205 4990930 9350930 4990930 1920857 2750857 4990043 4990930 9350930 730857 730930 730043 730772 730770 730772 730363 730767 730937 730857 8190930 3730371 5370841 9350913 730363 8870043 8870424 8190687 730363 7790857 9350930 6770857 9350519 9350519 5370770 730857 9350414 2750857 6660857 6661007 5370894 3731002 6771010 9350743 9350770 7980973 730857 4990857 4990857 7980973 7980973 9350888 9350205 6660930 2760930 9350422 6660857 730857 6660857 7311002 6770857 7980973 4990857 7310004 6660857 9350930 9350772 7311002 6660857 730857 6660857 9350930 9350200 9350772 730200 6660930 5370371 6660930 9350930 730930 6660857 730857 6661002 6660857 7310924 6660924 2760930 6660800 730894 6660930 730580 730930 9350519 6661002 9350519 730205 730200 730928 6660580 9350928 730857 730857 730937 730969 2760969 5370371 730928 730969 730969 730646 730646 730870 730870 730646 730212 730928 5371002 8870969 730796 730796 730870 3700205 9350928 730870 730870 730937 730371 4720200 6660741 5370741 730741 9350519 3230212 9350924 6771010 7310924 9350930 4990928 4990930 730857 4990857
7790896 3470043 7790857 8190894 3730004 3731010 7090973 7090857 8190857 3731010 7090857 8190857 8190160 8190580 8190580 5650857 9760964 8190071 9710772 2760772 2760897 9710964 2760964 7790896 910924 730212 2760741 3470930 230741 7790894 7790894 3470580 7790964 7790752 8710920 8190160 8710857 5370043 2760888 5370071 2760441 8190801 8601023 8190071 8190071 4630071 7790857 8190964 3700741 730741 8710212 2760880 2760144 9350519 3730043 8190857 8190857 3950888 8190741 2760960 6660561 6660043 6660527 5370752 6660527 3230880 9350770 9711007 3731002 3730646 8190857 8190857 9350770 8190371 9350930 9350006 9350519 2760580 2760071 8190071 2760504 2760888 2760888 5981023 2760752 2760504 2760964 8190071 3730964 8190371 5370371 8870743 8190741 8190964 9710496 7790371 730752 9710923 9710870 2760741 8710930 2760414 2760504 8190071 8190414 8190857 8190741 8190857 8190913 8190646 8190857 8190700 730212 730071 730960 2760930 730144 9350144 2760930 730144 8870743 8870888 9350519 3470857 3230646 3700969 730857 730043 3230646 730857 730646 8870560
8870888 8870580 8870580 8870580 7790424 7790937 7790937 8190857 8190857 7090973 7090973 7090973 7090973 7090973 7090973 7090973 7090973 251002 1030638 5370519 5371023 2760006 2760752 2760770 2760767 8190700 3950888 250071 2760006 2760560 2760928 9710864 3250580 3470580 3470580 9040580 7790937 7790937 1030857 9350160 5370930 2760960 9350752 9710496 3230371 3230371 3230924 730519 6660741 2760928 2760770 5370687 8710752 2760350 3730071 1030857 1030043 2760801 2760833 5370371 9350741 730200 9710960 9710969 520743 730752 8710006 8870770 8870770 910200 3930741 3931002 730071 9710782 8710580 910741 9710809 3950960 730371 4720969 9710350 7790937 8550580 7790200 7790969 9350913 9350519 7790200 9350924 9710544 8870424 8870969 910937
9710796 7790969 8190913 730043 230924 6660924 9710857 9350741 8190205 9350928 250200 2760964 6660996 730796 9830996 9710422 6660754 6660527 2760772 2761002 2760560 7790371 9710995 3470739 3930741 3931002 6900466 5230350 9710864 2760350 2760924 7790937 730200 8870580 730000 8870580 2080414 9710864 9710833 3700772 8190857 3470930 9710930 8190857 8190857 8190160 230414 2760504 2760770 9710085 2760373 730924 9710960 9710880 7790888 8870770 3930880 3230496 3230212 9710580 3930880 9710752 8710043 3730960 8190857 8190930 8190857 8190160 9350913 3700857 9710212 8711007 9710928 3230770 9710085 9710527 3230880 7790741 8870870 2760414 3470870 2760924 8710770 8870770 5370752 2760930 730519 730937 730580 7790200 730924 5230872 6900872 6900872 5230872 8710414 3700414 3930414 910200 3930212 3930205 3930880 9350924 8870969 9710544 9350924 8190857 3730004 8190857 8190741 8190857 7090973 8190857 8190857 8190857 8190160 8190857 8190913 3470857 7790770 3470043 9710544 8870770 7790770 3471002 3250891 9710891 8870414 6660422 730560 2760560 6660560 730071 8870043 3700580 3700960 3700752 2760960 9350741 2760960 2760770 9710752 8710770 2760969 2760770 7790870 2760414 2760770 2760928 2760350 8710924 9710371 8710043 9710006 3950960 7790752 8870770 8870770 7790969 3470833 3470987 7790741 3250937 2760422 2760801 6660304 9710371 300872 3930560 3930880 3230527 3230996 3230924 2761002 2760144 2760519 2760516 9710371 8870205 3930414 9710960 3700960 8870969 730880 730580 3230422 730752 5370752 3730422 3731002 3731002 3731002 4630282 3730460 8190580 8190857 9040857 3230880 6660422 230422 8710422 9710297 8710969 9710422 8870560 3470441 2760350 9311023 8710519 2760888 2760373 9710920 7790888 2760205 8190870 3730870 1030993 2760888 8710996 8870580 8870580 730928 3230888 8710205 730580 3230422 730560 910580 8710205 520071 300996 3230205 3930205 5230205 9710739 520071 9710371 9710205 730888 730646 730580 730812 730560 3230754 5230205 3230812 9710422
7790924 8870043 8870880 8870212 3700796 8870422 3700212 3700200 8870880 3700200 3700796 3700212 9350561 9350996 9350212 9350561 9350880 3700212 9350561 3700580 9350561 8190580 8190580 8190580 9350212 8190857 8190857 7980973 7980973 4990160 7980973 730857 5370282 9350930 730930 730857 9350930 9350160 9350519 730870 9350144 9350729 730857 730857 730857 730646 730857 730363 730857 9350519 730857 731023 8870969 730646 730729 730729 730870 8870870 8870580 3700770 9710812 3700741 3700741 9710812 3700864 3700743 3700880 3700752 9710928 3700770 3700960 3700422 9710928 3700880 9350961 4990160 4990160 3930857 5230930 910422 910937 5370071 1030993 1030993 3730519 8190519 8190857 8190519 5370043 2760043 6770160 730043 230504 230920 230963 230963 2760770 3470857 9710930 3470857 3471023 8190519 2760519 2760144 2760114 2760928 6760481 3730043 3730043 2760741 6901023 2760741 8870743 3230996 5231023 3230741 3700071 3470422 9710969 3930212 3930386 3230880 2760928 730200 8870144 910200 9350752 910580 9350743 730857 3230996 9710527 8190496 3930924 3230752 3730560 3731023 8191007 250200 5370071 9350729 3700857 3700857 9350752 3730969 910857 4720857 8190205 4720043 1031010 1030857 1030928 1031010 1031010 3731023 1031010 3730386 9350741 1551023 9350414 9710960 8870770 2760741 2760743 2760519 2760646 8870924 3930741 6901023 6660741 2760350 9350888 1031010 7980973 1031010 1031010 5370071 5370896 8190071 5370964 2760888 8190964 9350519 8710519 3730974 3730974 1030928 9350924 5230969 910924 8710752 3700770 9710544 9710987 3700857 8710767 7790888 7790741 7790741 8190519 2760743 8190519 8190519 1030857 4630200 1760973 5370043 5370043 1030638 3730772 1030043 5370043 5370841 2760930 6660741 730857 3930519 8710872 8190969 9350888 9710782 3700770 9760200 8190519 8870924 2760741 3730460 5370930 5370930 5370930 2760930 230857 2760930 2760752 730857 231023 9311023 2760930 2760969 730767 730924 9710870 8710864 730857 730741 3230864 730752 730743 730812 8870942 3250857 3930741 910580 9710729 3930796 3930422 3700969 8870969 3250560 7790937 730857 8190071 8190205 5230930 9710964 730857 7530857 8870770 3730004 7980973 3730460 5370930 5370930 6770160 2760930 5230930 5230930 8711002 8710987 2760373 8710969 9040987 8870770 8190969 8190969 8870969 5370743 9350942 2760752 2760752 730519 3731002
7790200 7790200 7790519 7790519 4720043 7790857 7790200 7790601 7790200 7790857 7790601 4911023 7790601 7790937 7790424 4720964 4720200 4720888 9350560 8870743 3250891 8190870 3730870 3730870 8190772 8870870 8870043 8870043 3700580 7790937 7790518 4720888 9040580 4720363 4720363 4720363 7790937 4720888 3471007 3730043 4630424 8190652 3730961 9710857 8710872 6900872 3230752 3230920 4720741 3701007 9710414 8710646 9710496 3730974 3730646 3730961 4630071 4630043 9350961 8190652 5370770 5371007 4720961 7790937 731007 4630200 3730646 5370841 5370770 8710770 4720741 4720772 4720741 7790741 7790888 7790894 8710504 7790924 9710580 8710872 4630071 5371007 5370964 5370964 9350888 730896 2760930 730772 3230772 4720772 4720200 4720741 9710743 8710782 9711002 3230888 7790601 2080770 8190652 8711002
4630772 4630772 4630930 1030993 8870770 2760809 4300519 2760809 2760144 2760928 2760144 9710870 2760504 7790752 8190812 3730004 7090973 7090857 7090973 4631010 3731010 4630857 4631010 4630043 730930 3730460 8190466 7090973 7090973 7090973 7090973 7090973 2760580 730948 730743 5370043 2760580 7090973 8190466 8190857 7790857 910043 2761002 250580 2760646 2760646 2760772 2760880 7790414 2760809 7790894 7790937 7790896 7790519 7790424 2760741 6660043 731007 4990928 730371 730870 7790969 4720741 910969 730282 730519 730772 730772 730560 730043 8870772 730043 730857 8190466 7090973 3730004 7090973 7090973 7090973 3930857 3930857 3700969 3931023 3931023 9710969 7090857 8190857 7090973 4631010 7090973 7090973 7090973 8870424 5370371 730580 730580 730000 730043 730560 6660580 730741 730200 4990043 2760580 6660043 730000 730857 6660948 6660580 4990043 4990043 6660580 730200 730114 6660580 730857 730205 730043 730969 731023 730857 730928 9350422 3250580 9350937 730580 730969 730580 8870580 730646 730894 730964 3250741 730857 730894 8710466 730743 730743 730071 730043 730770 2760960 730924 730560 730969 9710043 730205 730770 2760942 7790770 7790752 7790752 3700414 9710212 9710772 3230414 9710923 230880 2760422 230414 7790741 2760964 7790964 7790741 7790969 8190872 9710772 230350 730371 8710043 8710872 8870942 3700752 3230770 5370371 4720964 7790741 3470285 2760043 8190519 9710466 2760770 3470285 4720752 731023 5370043 7790200 7790969 7790772 7790200 7790772 7790772 7790857 5370772 5370160 6660857 730857 730857 6661002 730519 1920857 730519 730200 2750857 730857 4990928 6770160 6660422 730580 6661002 730200 6660857 6660857 730519 1920857 4990928 6661007 4990160 6660857 4990930 6660580 4990928 730857 4990160 6661007 2750857 9350937 730857 730928 730741 730857 6660580 6660527 730894 6661007 6660212 2760652 9350937 8190870 7790937 8190930 8190700 8870969 5230872 2760924 9710741 3470285 7790741 5230969 6660969 6660969 9350961 9350144 8870870 3230422 4720969 910580 2760560 9710453 2760741 2760373 3470580 9710414 9710752 7790964 8710767 8710767 9710920 9710782 8710504 730857 6660948 730560 6660580 6660930 730741 6660741 730205 730200 6660580 6660371 2750857 730857 730200 730857 6660996 6660043 2750857 730857 730857 6660422 1920857 6660857 730752 730580 730857 6660043 730752 6660880 730930 730560 2750857 9350913 730857 730857 3250857 7790200 8870888 4720043 8870888 730812 9710743 7790937 8870424
7790371 4720200 8870560 7790200 8870144 3250937 8870144 4720969 730969 8870580 730896 730857 9350896 730964 910580 8870924 8870969 7790937 3950960 8191010 8190646 9350924 730857 730144 730752 6660460 2760580 2760071 2760743 9710964 8870580 7790894 520969 3930519 730969 8870969 4040200 910071 7090973 7790519 8340519 2760144 2760144 2760872 7790144 7790924 2760371 7790144 7790937 3930560 7310471 9350801 2760897 3730205 8190801 2760801 2760516 3730602 3730519 9350801 3730004 3730638 3730519 8190930 8190519 5370841 730857 2751023 730729 3700043 730833 730519 730770 2760580 730212 2760928 8870518 7790752 8870969 730729 6660880 730144 3930770 3700580 2760952 2760752 9710071 2760888 730754 730812 8870518 730812 3470833 730071 730000 730580 730580 730888 730743 730496 3700752 8870880 7790896 2760743 2760176 8870580 3700896 3700872 2760894 2760812 2760754 2760928 2760144 2760928 3700519 2760770 9710519 2760519 2760371 8710519 7790560 2760743 2760071 6660948 8710043 2760888 3730205 3730812 8190857 8190857 7790857 4630913 7790770 2760071 2760504 7790371 2760809 7090973 7090973 7090973 7090973 7090973 7090973 7090973 7090973 7090973 6660371 3730993 7790888 3930371 3930519 6660872 8710519 8710880 6660880 730519 2760516 2760969 2760833 2760516 2760894 2760896 2760743 2760894 2760894 7790601 7790894 8340519 7790829 2760422 2760422 2760646 730928 8870833 6660006 6660812 2760928 2760646 6660580 2760812 730114 3231023 9350422 730422 3230864 9350996 6660996 3230527 730212 6660006 730937 6660872 730371 3230741 3230864 730937 3230812 731007 730928 3231023 730937 730937 730937 731007 8870424 730544 3230880 730857 4990928 3230969 730857 730969 730894 5370896 6660872 2760200 6661007 9350993 9350519 3230928 730741 2760741 3230519 4720741 2760928 2760928 9350560 6660006 3230006 3731023 8190371 730754 730770 8870770 730964 9711002 9710371 6660043 730071 3251007 8710176 730770 2760373 730770 2760373 2760952 7790870 730924 7790969 6660580 6660741 6660560 2760928 8190580 8190857 8190857 3730422 8190857
2760924 6660561 6660212 2760952 2760767 2760812 9040772 2760560 3470782 2760920 2760920 3471023 7090973 2760071 2760930 2760960 6660580 6660561 6660561 6660561 6660800 6660880 2760770 3230996 2760422 2760880 3230527 2760996 3230205 3230812 8190560 3730006 3730205 3730812 3730812 3730812 8190812 8190422 230006 9710930 2760872 2760741 230741 230872 7790829 4630638 4630638 4630741 8190741 9710923 8870205 2760373 2760580 2760580 2760752 730880 3470857 8190857 8190857 7790857 8190741 9040580 9040857 730144 730519 730519 731023 2760205 2760580 2760580 9710812 9710772 3470422 8870812 7090857 8190857 4630580 4630580 8190071 9710212 9710371 9710371 3700519 730371 730969 730043 730561 8870043 9710037 9710969 9710796 2080741 3250580 910580 5370043 5370772 4720752 3230996 3230527 9710422 8870580 3230560 3730422 8190812 3730812 8190812 9040857 9040857 9040857 730880 730371 9711002 730996 8870580 3470580 3250580 2080894 9710071 1030638 1760973 5370894 7790857 2760767 8190496 4630071 8870043 7790200 7790200 730561 8870580 8870743 5370964 730200 730772 4990043 730870 730772 730870 730200 730200 730200 730580 6661002 730580 6660580 730580 730200 4990043 1920857 6660043 4990043 1920857 6660371 730580 4990043 6660580 2751023 6660580 730371 730729 730200 1920857 6660930 730200 6660043 6660580 1920857 6660930 730964 2750857 6660996 730857 6660741 6660422 9350371 6660043 6660043 731023 730200 730896 2760752 6660857 6660580 5370743 730894 6660741 730928 730560 2760741 4990043 6660857 2750857 9350872 8711023 8710928 730496 730928 2751023 4720200 730228 6660043 5370043 300422 3230796 730200 730894 3230996 2760743 8870580 2760894 2760897 6660527 730752 730114 2760371 2760872 5370924 5231023 2760924 3470580 8190371 3731023 3730580 3731002 3731002 10110857 2760043 2760870 2760741 3471023 2760872 2760364 2760114 7790519 8190857 8190646 8191023 9040857 7790969 3930414 3700770 2761002 2760809 8190371 3700857 4720857 9710857 3250857 3700960 3700770 8190857 4630772 8190801 7790857 3250857 3470772 730282 730519 730364 8870833 3731002 5370772 7790043 7790200 730043 9710923 3700857 3250741 9350880 730969 730928 730969 730200 730894 730205 6660872 6660800 6660043 4990043 4990043 6660930 6660872 730687 6660043 6660371 6660741 6660930 1920857 6661002 1920857 6660580 730200 6660996 730519 1920857 730857 4990043 4990928 6661002 730200 730200 730857 4990043 1920857 730857 4990043 730930
730580 8870580 8870580 730580 2760960 730422 730880 9350422 3230519 730880 730371 730580 9350560 9710043 8870580 8870743 5370043 8870422 3250741 8870043 8870888 6660996 2760422 7790857 7790043 7790741 8870560 3950560 8870560 8550857 8190006 3390752 3950888 3471023 8190913 8191002 8190880 7790857 7790857 4040200 7790200 7790857 3470857 9710422 8190880 4630930 3730205 4630424 1760973 8190801 8190857 7090973 8190857 1760973 8190857 8190741 3471023 3950888 8870772 8550857 7090973 4630857 4630857 4630424 4630043 1760973 9040857 8870969 8870969 7790937 8190646 8190913 8190857 3471023 3950888 5370801 3730519 4990857 6660527 9350422 9350422 6660304 2760560 8870560 3470043 3700205 7790937 7790205 7790424 2081023 3700896 3700519 3930519 3700833 9711002 730752 730770 9711002 9350743 3700200 9350770 7790371 9350560 9040857 7790857 9350371 9350371 8190422 8190913 8190205 4630772 7310924 8190652 8190560 8190896 9040857 4630857 4630913 2760924 2760741 2760809 9710923 5231023 5231023 7790857 2760924 2760942 6660880 2760205 1030993 9350519 730200 9350772 5370772 6661002 5370772 730741 7790414 7790937 8870043 3470285 9710741 3700961 730741 2760414 7790741 7790961 7790741 2760960 2760960 2760870 3470285 9350414 2760741 3731010 4630371 8190857 2760364 2760414 7790752 2760652 8870043 6660043 2760969 8870833 8190772 4630772 4630969 8190422 6660880 2760942 6660812 2760870 2760205 2760833 730937 730519 730833 730519 7790729 8870772 7790200 2760560 5230560 9350880 2760833 2760928 2760928 2760880 2760652 7790652 7790937 3730646 4630930 3730646 8190560 7790857 7790857 7790937 7790937 3470285 2760741 2760924 7790371 9710006 9710422 2760872 3230996 4040200 8870422 7790200 4630937 2750212 3930796 3930043 910043 3930996 8870969 730969 730880 910969 8870969 8870969 3930772 8870969
730928 730743 730205 2761007 730496 6660812 730770 2760371 730888 2760888 2760880 2760996 230560 7790200 2760772 8870772 2760422 2760205 7790857 7790200 8190772 7790857 7790857 7790043 7790969 8870043 7790969 8870580 8870043 8870969 8870580 730928 8870043 730071 730071 730960 730752 8870424 730857 9350928 6660371 4990043 6660872 730930 6660930 6661002 2750857 4990160 4990043 4990930 6660043 4990930 6660969 1920857 4990043 1920857 6660857 6661002 4990160 6660043 1920857 730960 730770 730870 4990043 4990043 2750857 6661007 6660741 730857 730422 6660948 6661007 730544 730371 9350913 730928 730200 730937 6660580 9350937 2750857 2760961 6660741 8870743 730796 730928 730937 9350993 9350937 8190071 9350930 7980973 9350930 7980973 7310560 7980973 5370770 7980973 8190422 730857 8190422 7790857 9350560 7790964 3470857 7790752 7790205 2760743 8870772 8870043 8870580 3700580 8870743 8870560 9710527 3700043 2760969 9710414 2760969 6660212 7790857 3471007 3230741 3230560 3250741 9710414 9710741 9710350 2760414 2760741 3470285 2760043 2760043 2760888 2760043 8870043 2760043 8870414 8870422 8870580 8870043 6660560 8870880 8870580 7790937 3390752 8190913 2760894 8870969 6660460 6660371 730371 730371 9350930 730969 730519 2761002 2761002 730519 7790870 2760969 730519 7790857 2760969 8190519 8190913 7790857 7790770 9710964 8190519 9710519 730519 730043 230920 2760969 8870043 2760987 2760987 3730200 4990930 730870 730870 730937 730870 2760870 730200 730519 730812 6660880 730560 8190560 3930857 730560 2760043 9350870 9040870 730646 4720743 730870 5370571 3730422 6350857 3730004 3730004 3730004 3730580 8190857 6351023 9311023 730364 730870 731007 3230920 4720888 4720969 730888 730896 3230743 2761007 8190071 3730580 3730004 3730404 1760973 3730004 3730560 3730560 8710857 8870870 3930870 730729 730870 730870 730200 2760043 2760969 2761002 2760928 2760071 4720371 8870043 8870870 8870424 9350741 8190857 6660857 9350937 6661007 9350741 5370930 730857 9350741 6661007 5370770
4990930 730930 5370841 8870043 8870580 7790969 7790969 7790969 2760772 2760880 2760519 2760519 2760422 2760364 2760043 730371 730961 9350872 730969 5370043 911007 4720969 4720969 4720371 7790937 8870424 2760350 910729 3230969 3930422 910729 3930969 4720969 910924 910969 910937 910729 730961 730646 730205 730363 730363 730205 730646 730996 730857 8870422 730796 8870888 730937 6660043 3230930 730928 9350422 731007 9350993 730928 6660948 6660741 730752 730770 1920857 731023 6660371 730371 6660857 6660371 5370200 6660580 730770 731023 730043 730200 9350896 9350205 6660371 6660580 730228 730205 3230371 9350752 5370071 730937 9350928 730544 9350729 8870424 9350913 3700200 8870580 9350928 8870043 9350896 1030993 2760770 2760741 9710923 2760006 251002 3930386 3230920 730580 7790961 2761002 2760880 2760422 6660880 2760880 7790519 2760144 2760752 2760364 3470923 2761002 2760960 2760770 2760770 7790772 2760767 730071 3230422 8870743 9350896 9350964 8190964 730964 911007 9350993 8870969 731007 520743 2760964 2760920 2760687 2080414 3700200 3930371 3700969 3700964 3700969 910937 6580212 2761007 2760880 3730241 4990160 9350930 730857 3230772 730812 6660580 6660996 6660422 730422 6660460 730870 730580 730371 6661007 6660872 730200 730928 730580 730924 730228 730857 730857 9350741 2751023 2751023 9350870 4990928 4990928 6660043 6660043 8870580 4990043 6660043 6660043 6660948 4990928 9350996 4990043 9350937 9350741 4990928 6660422 2750857 6660741 730857 730928 2751023 730205 4990928 6661007 730200 6660741 730741 730580 730928 730857 730870 6661007 730580 6660948 730870 4990043 730414 2760580 730870 730888 6660580 9350993 730870 9350870 730371 9350371 2760371 730646 7790200 730646 9350937 9350812 730857 8870870 8870580 4720200 8870580 8870424 8870560 7790200 8870770 7790857 8190872 8870743 7790200 7790371 5370371 7790371 3470043 2760741 8870043 730646 8870043 8870424 8870580 7790770 6660043 6660948 730880 8870580 9040580 8870812 3230205 730371 8870888 7790857 8870043 2760043 8870743 730880 730212 730200 1920857 730930 2760896 730964 730870 730560 2760880 730560 730371 730114 730071 730741 3700870 730006 3950896 8870580 730729 6660580 730896 730580 8870580 730857 2761002 8870424 8190913 7790888 730937 3700519 2760743 730200 6660043 730646 2760960 730560 730812 8870580 8870580 8870580 8870969 7790371 7791007 8870580 8190580 8870772 8870880 8190200 8190160 8190580 8870888 2760752 2760752 2760752 2760809 3470772 2760960 2760870 2760870 2760870 6660212 2760880 2760870 3700212 3470870 250071 4750870 9040870 7790937 7790729 7790043 2760516 2760580 9710580 2760422 3470995 2760496 8190896 8190560 8190880 3470857 3700857 3700857 9040857 9040580 9040580
5370741 8870888 7790894 8870580 8870888 8870743 5370833 5370772 730754 730772 730754 2760754 730754 5370754 730772 8870833 8870772 2761002 730857 730363 730646 7790424 7790829 7790424 730857 6661002 9350930 8870942 3730004 7980973 3731002 3730241 8870888 8190071 9350930 9350519 5370833 6770857 5370772 5370974 5370974 1030993 1030969 1030993 1030993 1030993 9710519 8710350 5230646 9710504 2760743 7790894 5370071 9350414 230414 730857 8190896 3731023 3730519 3730460 8190646 8190969 8870924 8870969 3950560 7790200 7790200 7790961 7790857 7790200 3730984 4630930 4630857 4630937 4630857 4631010 4630930 4630857 3730984 3730646 250969 4630969 8190770 8190071 7790770 9710767 7790896 2760897 230872 3230371 3230930 5370896 2760809 3730519 3731002 3731002 3730519 8190857 7790857 7790857 7790964 730928 730961 910200 4040200 2760580 730205 6661002 9350928 6660560 2761002 5370043 730560 730560 9350913 9350772 7790857 6660560 3230560 730961 1920857 6660043 6660930 9350772 6660043 6660812 9350870 2760809 730870 730560 6660580 2760930 730371 8870043 8870043 8190930 9350422 6660212 6660371 6660580 6660880 6660800 9350961 9350752 8190930 9350741 5370896 730752 2760770 6661002 2760928 730144 2760833 2760144 2760752 3730646 3730941 8190519 3730646 8190857 8190519 7530857 9350371 8190969 730888 2760441 2760441 2760754 730496 2760519 2760519 6660857 6660857 5370888 8190519 2760200 2760772 2760894 2760043 2760071 2760743 230857 9350743 9350772 9350743 7790937 730743 9350924 9350772 6660924 6660924 730560 6660924 3700200 9350772 9350772 9350930 6660160 6660930 6660754 730200 2760930 6660043 2760928 2760205 3700205 3730422 3730422 3730812 3731002 3730969 7310646 9350743 6660857 2760969 2760896 2760870 2760743 730870 9350894 9350896 9350729 9350888 9350896 8870969 8870969 9350770 3731002 9350371 9350870 9350687 9350687 3930857 9350516 9350937 9350913 9350937 9350913 2080200 8870942 8190857 8190857 8190687 520857 8190687 3700857 9350870 2760930 730896 9350888 5230519 730371 730888 2760928 730729 9350743 9350772 9350930 9350930 9350870 9350930 4990160 6660160 3930870 9710422 9350870 6660969 6660924 8870870 3930870 3700519 2760205 8870969 730519 2761002 730560 730928 910364 9350519 9350770 730205 730200 730928 730205 5231023 730857 6770160 6660857 9350930 9350930 9350772 9350772 9350930 730857 9350519 9350519 730519 730580 6660857 730928 5370930 2760930 9350870 8870414 7791007 730857
9710930 6660948 8870043 3700969 730880 8870924 730770 8870770 7790752 9350752 3730496 7980973 3730004 3730043 3730496 3730969 3730646 3730004 8191010 8190857 8190857 3730004 3230928 3230422 2760928 2760373 2760752 7790857 9710071 8710043 9710782 8710580 9710422 7980973 3730833 3730602 7980973 7980973 5370571 8191007 730857 9710923 730857 3230371 6660561 2760924 3700772 2760741 2760928 730741 2760414 5370741 3701007 9350371 730114 730969 3230969 910200 3230212 9710422 7790857 8711023 9350414 6660422 6660880 9350996 3230752 3231023 4990160 4990857 4990857 4990857 4990857 7980973 3730386 7980973 7980973 7980857 3730386 7310371 7311002 7310004 9350519 9350801 6660857 9350519 9350519 8190519 6660043 9350519 9350519 9350519 9350519 2760930 9350519 2760961 9350801 2760580 730857 730646 5370743 730857 730560 2760969 5370741 2760414 8870424 8870424 8870770 8870743 5370519 231023 2760687 2760897 2760043 2760752 230560 230560 2760896 2760772 730770 7790424 730205 730205 730857 2760580 9350687 2760741 730043 730960 730580 2760770 730043 730371 3230422 730350 730350 3930043 6660969 730752 730770 230952 730544 730924 8710519 2760580 730752 730741 2760924 5370371 730969 730969 2760043 730043 2760516 230006 2760043 730519 5370770 3230422 9710085 8710996 9710422 730000 7790896 8870144 5230872 4720580 730580 9710414 9710923 730770 230809 2760373 2760924 2760496 2760741 2760504 8190857 5370519 250200 730043 730350 8870414 3700200 5231023 8190741 3470285 3950960 8870770 6660924 5230646 3931023 910969 3930519 730928 730144 730519 730519 730752 730880 730752 2761007 8870770 3230770 9350993 9710043 730752 3931023 730770 6660304 730496 2760960 8190930 3730993 4990857 730857 730960 2760960 730752 8711002 730960 730770 730894 730752 730752 730960 8710580 730770 730928 730812 730752 730752 730205 2760770 2760770 2760770 2760373 2760752 230560 2760752 2760580 2760371 730205 2760043 730741 231023 730519 730519 730519 731023 730519 730043 730144 730857 730937 730833 730924 730833 730519 730928 730519 730729 730960 730519 730200 6660580 730687 6660580 6660560 730770 730071 3230205 730752 9350752 730743 6660580 730371 9350928 730371 6660580 730144 730200 730144 730200 730937 730960 730770 730144 2760422 730964 730752 730896 730144 2760373 6660527 6660580 9350896 2760580 730964 2760770 730544 730964 2760896 2760960 2760964 2760646 730894 2760144 2760752 730767 730896 2760770 730363 730969 3930043 3700200 8870969 910200 3930422 6660969 3250560 8870969 910729 2760205 730796 9710864 730812 730752 3470580 5370877 3730004 8191010 8190930 8190857 5370770 9350601 730580 4990928 9350928 9350752 9350422 6660857 730741 6351023 8190580 8190422 8190752 5370752 5370043 6660560 3730602 3731002 3730638 3730004 3731002 3730004 8190930 3730004 3730004 8190857 3730004 9350160 8190930 8190857 8190772 8190857 9350772 5370894 2760205 730857 8870770 730857 9350913 730857 730857 9350961 730857 730969 9350772 730857 730857 730200 730857 9350928 730857 9350961 6660930 730144 730857 730200 9350729 730071 730969 9350937 9350687 730857
9350930 9350930 5370930 730857 730560 2760350 9350772 6660741 6660160 6660930 6660741 6660741 1920857 4990043 6660006 9350741 9350930 6660812 6660857 6660560 9350371 3230864 9350741 6661007 2760930 6660422 6660857 6660212 9350422 5231023 9350006 2760006 9350519 9350870 8190969 9350870 9350870 730930 6660857 4990857 6770857 9350741 7310924 7310924 6660857 7310969 6660857 7310741 730857 6660857 9350743 9350896 8190894 6660924 9350913 9350752 5370743 730857 9350772 8870043 8870772 8870772 8870580 730928 7310004 730200 5370043 8870772 730729 731023 9350937 6660043 731023 730857 730937 730043 6660948 6761002 9350942 4990043 730743 6660043 2751023 6660857 9350993 9350870 730743 730770 9350752 730071 9350743 8870043 5370043 6770857 9350304 8601023 8190752 9350772 5231023 8870772 5231023 2760930 730809 730964 9710422 230560 9350772 9350872 5370741 5370894 730857 9350928 8870424 730809 6660371 730371 731023 730857 730580 8870043 8870743 730937 730948 5370743 5370043 7790752 9350993 7790200 5370043 6660043 6660006 9350772 2760580 7980973 9350930 9350772 6660043 730772 730212 4990043 731023 6660043 9350964 2760043 730857 730870 730928 6660948 9350928 8870743 5370071 8190896 5370071 5370841 6660948 3230739 9350422 2760888 3730004 8190857 5371007 7530857 3700200 2761007 9350924 8190857 5370371 8190580 8870422 730857 730928 9350928 730857 8870424 730928 7790752 8870772 9350772 8190772 8190071 5370741 8190071 7790371 8190371 8870770 2760924 9350924 8190496 2760924 8870414 9350770 9710414 7790857 9350601 3731002 3731010 3730560 3730200 3730924 3730924 3730004 8190857 3730004 8190857 8190857 9350006 9350872 3230212 3230212 3471007 5231023 5370519 8870969 730969 5230205 2760872 5230872 8710741 8870205 8190580 3700200 2760924 9350996 9350422 7790200 9350741 5370043 5370960 9350924 9350928 9350964 3230496 7310646 8190205 9350770 9350937 2760752 2760960 8190519 2760752 2760888 2760969 8601023 6770160 6770160 6771010 6771010 2760930 2760888 2760743 2760743 7790896 8870424 8870770 9350006 8870580 3950960 8870580 8190519 8870144 8870144 7790752 7790857 730767 8870364 9350144 2760872 7790200 7790937 6660460 2760371 7790144 7790371 8870144 7790741 2760741 2760741 2760646 5370741 9350741 731023 2760741 2760872 8190741 2761007 2761002 2760144 5370741 2761002 8190580 5370043 7790519 3950960 7790519 7790752 2760350 730924 2760646 2760580 2760350 8870870 2760350 4720741 7790200 7790200 2760580 7790729 8190741 2760414 7790519 7790519 7790519 7790741 7790424 7790896 9710043 9350930 230857 730752 9350519 8190896 1030993 2760752 2760924 7790752 2760006 3470580 7790741 8870770 7790519 7790144 7790518 8870580 7790371 7790144 2760006 7790729 7790371 7790729 7790752 7790937
7790200 7790200 5370772 730580 730646 730646 730880 7790961 730646 730646 730144 730880 730646 730646 730646 730646 730144 4720961 730646 730646 5370924 9350200 4990160 4990160 9350770 9350752 730857 910200 9350913 910200 9350937 9350961 730969 2760969 730937 9350880 730801 730969 730961 730969 910200 730961 910200 2760969 8870043 910544 730144 8190519 730560 910200 730857 9350924 730880 910043 910043 730937 910772 7790200 910043 7790424 910043 8870043 730363 7790961 7790961 910043 8870043 8870043 910043 7790961 7790961 1760973 3730200 3731023 3731023 1760973 4630638 4630930 3731002 3731002 3731002 4630930 3731023 4630638 4630638 3731002 8190857 7980973 730857 3250857 730205 3230752 730888 3230920 2760114 3700743 8870743 9350743 2760969 2760743 3230519 2760144 5370371 730880 230350 730812 2760414 8190519 2760969 2760504 2760580 5370519 2760741 5370859 7790937 7790937 7790937 910646 910646 4720961 4720961 4720961 4720961 4720961 4720961 4720961 4720961 4720961 4720961 4720961 4720961 4720961 4720961 4720961 4720961 4720961 4720961 4720961 4720961 4720580 4720363 4720961 4720961 4720961 4720961 3230646 4720961 4720961 4720961 4720363 4720961 910646 910646 4750870 4040857 8190961 9710870 3470961 9040864 910071 9710920 9710920 3470961 8190896 9710741 2760770 2760741 5370894 730857 9350896 6771010 7980973 4880973 1030638 1760973 1030282 1760973 9350872 9350371 2760371 9350913 3700888 3950896 8870888 3251007 7790857 2760961 2760961 2760200 2761007 8710422 3250937 8190894 3730519 3730870 1031010 9350160 2760964 3230743 9350560 8710422 3470782 7790857 3950896 520743 5370772 6770160 2760930 2760930 5370160 8190580 5370404 1030857 1031010 1030043 1030857 1760973 1031010 5370071 2760580 2760743 910741 9710580 8870043 3700770 9040857 4040200 4040200 3730580 9350519 2760894 2760743 3230519 5370071 5370200 5230930 6661007 5231002 5230466 5231023 2760371 5370371 3731023 3730200 3730964 3730519 8190964 5370071 4720857 7790964 730772 5370772 731023 2760969 730770 730371 2761002 2760371 3230496 3230519 730741 3700519 2760880 3230924 8870424 1030857 1030857 1031010 1031010 250200 8190896 8190942 4720200 2760743 8190920 8190857 5370896 9710519 2080519 2080888 7790961 2760961 2760961 8190961 2760114 2760960 2760770 2760952 3731002 3731002 9350743 2760580 730857 230880 7790200 730857 6770857 3730602 2760930 8190857 2760043 2760043 2760043 2760114 7790829 2760772
2760422 9040772 7790772 2760527 8870772 7531023 8870880 2760560 9040864 3470870 9350560 9350772 9350930 9350870 8190969 7790200 2760205 8870870 2760560 8870870 2760205 2760560 2760833 2760896 2760743 2760071 2760870 3730241 5370043 9350160 6660857 8190870 9350930 7980973 9350729 9350371 2370973 2370973 5370519 7310371 6770160 230857 6771010 3730268 8190752 5370930 730580 6770160 5370160 2760930 2760930 9350160 8190519 8870043 3731023 3731002 9350872 8190741 8190371 3730241 3731002 8190767 8190646 730969 730870 730930 6771010 5370930 5370930 5370841 1760973 9350772 2760527 8190422 8190205 2760205 6660857 2760888 2760770 2760371 2760560 6660160 9350896 2370973 3731023 7310924 3730200 1760973 7980973 3730870 9350729 9350888 730857 2760930 2760930 230767 9710496 3730496 3730960 2080200 1030993 2760888 230414 2760071 2760964 8190770 5370896 8190870 8190519 8190964 8190857 7090973 3731023 3731023 8190870 250200 8190519 8190519 2760741 7790964 7790894 7790937 7790424 9350160 8191002 8190741 1760973 3731010 3730602 1760973 1760973 8190646 8190857 6660422 4990928 5370371 730857 8870888 8870743 2760942 2760888 2760888 3730782 5370743 5370743 9710923 9710923 7530857 9350687 8870770 8870942 9350414 8190969 8710743 8710888 6660930 2760350 2760371 2760897 7790870 2760652 2760580 8870743 3931023 5230646 8191010 8191010 3700857 9040857 7090973 8190371 3700422 3700205 5231002 6660561 2760896 730114 730872 8190580 9040857 1030928 3730241 1030993 2760364 2760942 2760930 2760687 2760743 2760888 2760071 2760743 2760516 7790200 8190857 3731010 3731010 3730200 3730200 3731002 3731002 3731002 2760752 2760496 2760071 5370519 2760071 730114 8190752 730964 3250891 7790894 7790043 7790043 2760043 2760043 2761002 2760888 730646 2761002 2761002 730870 2761002 2761002 2760930 2760969 2760527 5370519 2761002 2760969 730114 7790200 3730241 3730422 8190772 9350743 2760896 2760687 2760896 3250937 2760942 7790200 2760646 7790200 7790200 2760646 7790870 7790519 7980973 4610973 7311002 9350930 9350930 8190580 8190071 8870969 3950888 7790937 730857 7790200 7790200 3951002 7790424 7790937
9350928 8711023 9350741 730969 3930924 730969 3930519 730969 730969 730212 8870205 8870812 730969 3231023 6660800 2760880 8190752 8190371 2760350 9710812 2760422 8710880 7790969 9040772 9040772 9040772 7790770 7790937 9040772 3390752 8550857 3390371 7090973 7090973 4631010 7090973 4630913 7090973 7090973 7090973 7090973 2760646 2760580 2760960 2760964 2760580 4720857 3470857 9760964 3950888 3391007 2760519 2760580 2760364 2760580 2760496 2760960 2761007 250580 9040857 3470857 3470961 3950896 910200 730741 2760144 4720363 250519 2760043 2760043 2760006 7790371 2760371 2760071 2760920 2760920 2760920 250519 2760176 7790888 7790964 7790937 7790870 8710043 8870770 7790870 7790519 7790519 2760646 7790888 7791007 7790518 7791007 4720743 4720363 3230646 730801 7791007 2761002 730519 2761002 2761002 7791007 7790519 7790519 7790937 2760888 230350 6661002 6661007 730812 730519 3230205 8870580 8190519 8190857 3230519 6660800 6660996 6660422 730144 3230205 730880 2761007 5370743 730812 2760071 8550580 2760987 230496 6660422 6660212 2760371 2760752 2760948 7790937 8550580 7790937 8870870 7790937 7790519 8550519 2760371 2760371 5230872 6660006 2760371 9710527 2760741 2760422 2760441 230006 2760071 730888 730071 2760496 2760580 2760580 2760580 2760752 2760960 2760504 2760519 2760964 2760896 2760519 2760519 2760519 2760519 2760743 2760969 8870743 9710519 3700743 3700200 3230969 910071 730888 911007 4720363 4720969 7791007 4990043 2080580 3700422 730969 730743 230880 730772 730071 1920857 2760930 730743 1760973 3730241 3730004 8190857 8190857 9710350 9350304 6660880 6660527 8710880 3730004 3731010 3730602 9350371 9710930 230560 9350772 2760752 7790937 8190857 7090973 7090973 4631010 8190857 3731010 3730602 1600973 3730602 1600973 3730004 4630638 3730924 3470857 4631010 4630638 4631010 7090973 7090973 7090973 1760973 4631010 7090973 7090973 7090973 9710739 3700880 3700880 3700796 9710880 2080741 9710995 3700770 9710809 9710928 2760580 2760371 730812 231023 730870 230422 230560 230872 2760930 2760580 2760422 2760043 7790519 2760043 2760964 7790519 8870364 9040870 9040870 3700964 3930212 9710891 2760741 7790857 2760580 6660996 230422 2760964 2760527 2760767 2760580 2760646
520071 8870043 8870043 7790043 7790937 2760560 2760560 2760888 730833 730833 730560 730928 6660043 730888 8190560 7090973 8190857 8190857 8190930 8190646 3250857 7790857 8710920 3470580 2080770 3470441 9710920 8710646 8190857 8190857 7090857 7090973 7090973 7090973 9040857 8550857 8550857 8870870 8870969 8870880 8870870 8870924 8870422 3250580 730363 731007 730812 730928 730928 2760961 3230422 6660800 730560 730071 730928 6660422 6660371 730937 6660043 730928 6660741 4990043 9350205 6660580 6661007 6660741 730924 6660212 6660371 730741 730364 6660812 6660371 6660422 6660800 6661002 730880 6660996 730812 730496 2760960 2760960 730857 730857 2760964 2760741 2760743 8870743 5230371 9710371 8710872 9711002 9710371 9710519 6660304 8710519 8711002 730006 9710752 730205 730767 730752 9710043 8710864 3230422 3230880 730144 2760969 2760752 2760043 2760960 730422 9710422 1551023 9710996 2760527 2760952 9710864 9710864 3730993 3730496 3730841 3730872 3731002 3230930 3230739 730212 730812 730796 5370770 3730422 9710894 2760752 3230864 3230422 8710864 730741 730560 2760960 730770 2760872 230872 2760560 230350 730743 730580 230880 730930 6660422 730870 730894 730894 730894 9710743 730857 730857 730857 730928 730960 730114 3230772 6660996 6660996 730422 730894 730212 6660872 730857 6660948 730371 6660371 2760741 730770 730880 1920857 5370888 730857 9350894 2751023 730741 9350928 730857 9350880 730857 6660857 9350752 9350913 9350741 9350752 730960 8870422 3250580 6660924 3930870 730928 730752 3730496 8190930 7980973 6660857 8190770 2760414 9760964 5231002 2760948 230741 730924 3230006 730371 730812 3700996 8870580 730896 8870580 730422 6660580 730870 6660006 6660930 1920857 1920857 1920857 1920857 1920857 4990928 6660580 1920857 1920857 6660043 4990043 1920857 4990043 1920857 1920857 1920857 1920857 6661007 6661007 730894 1920857 6660043 2750857 730071 6660043 9350894 730857 6660043 6660857 730857 6660006 730200 6661007 6660741 2760942 2760580 730371 6660561 730857 3250580 230857 230857 230741 6660527 230857 6660560 6660527 5230422 230857 230924 6660996 230560 230560 2760894 2760896 2760516 9710930 2760894 730687 9710864 9710772 6660872 2760772 2760516 2760414 5370043 2760894 2760646 2760928 2760770 6660948 230006 2760924 230872 230872 2760880 6660561 2760770 2760071 730894 730880 3470043 8870770 7790896 9040580 2080894 7790371 7790964
9350729 8870833 3230984 4040200 910560 910646 910937 910741 250580 2760987 7980973 4630638 5370071 250969 8190071 8190519 8190964 7090973 7090973 7090973 3950888 7090973 9040857 2760205 2760560 3730812 3930857 8190205 7790969 3950560 3950560 8550857 520857 4720580 8190205 3230812 8190371 3730872 7090973 1760973 4630004 7090973 9710996 3930857 910857 3470857 5230205 9350812 730969 730205 730870 2760969 730969 730743 730743 8871002 9760857 8190964 4720888 9350888 8870043 5370071 3950888 8870969 3930857 3930796 4020000 9830996 3700422 730743 2760752 730752 7790937 7090973 3470857 9760857 8550857 7090857 4631010 7090973 8190560 9710857 9350880 3730422 9040857 9040857 6770857 9350144 9350519 2760373 2760496 2760969 7790896 8190519 8190519 8711023 730519 9350888 910969 7790896 231023 730870 9350870 2760969 2760969 2760801 2760743 2760969 8870888 9350729 9350961 730961 4720857 8190857 7090973 9350743 9350870 9350870 2760646 3930870 9760964 2760870 2760964 730801 7790729 7790964 7090973 8190857 7090973 7790857 3930772 9350304 9350205 730969 730857 910560 910422 9350687 6660754 6660800 6660304 730519 6660561 6660304 9350896 7790519 3470422 8190870 9350870 9350870 9350924 9350924 9350006 9350872 230350 3230350 9350937 3930857 730857 3930857 910857 910729 3700961 3930857 520857 520857 8550857 4040857 520857 3930857 4990857 6660857 9350942 3230414 5231023 9710466 8190752 8190414 3930924 5230646 3470782 2760071 4990043 730580 730969 730969 730200 730580 2760043 4990857 3730638 3730638 3730004 1600973
3731010 3730004 3730560 3731010 3730560 8191010 9040857 7790857 2760801 6660560 3700772 8190772 9710350 9710371 3700864 2760687 2760754 9710870 3470772 2081023 8190961 3930872 9710928 9710920 730857 730006 230872 2760741 2760924 3470772 7790741 3700864 3730928 3730420 3730004 3730560 8190801 8190801 8190870 8190930 230504 9710772 9710864 3470772 9040772 8190205 2760652 9040772 5230350 3700924 3470006 3930880 3700996 2760961 3230924 8870924 3930857 3700872 9710212 3700857 5370772 5370772 5370841 4720857 4720857 4630857 1760973 7090857 7090973 8191023 7090973 7090973 4720857 9350870 7311002 9350422 9350212 5370772 5370841 5370266 7790200 6660948 5230350 730414 3230920 7790894 5370772 3230743 3230560 3230739 4720964 9710519 2760969 8710205 3470772 2760770 2080519 9710782 2760894 2080200 7790205 7790894 7790894 3730646 8190801 2750857 6660304 9350812 6660857 9350770 9350880 9350870 8870424 8870870 3700870 9710928 9710880 8870560 9040772 7790205 2760006 2760687 7790371 8190920 8190857 4630043 7090857 7090973 7090973 7090973 9040857 4300857 9710864 3230996 9710043 3700880 3930870 730928 3230560 9350772 8870422 3700772 3700924 3470995 730743 730560 3930743 3700205 9710812 9710772 2760006 230920 2760071 2760743 2760743 2760772 2760371 2760754 2760071 3470772 9710772 9710772 2760888 7790560 3230739 6660996 8870870 300422 3700200 2760996 3700580 3700212 3700796 7790937 3700422 9710796 9350160 3700200 8191002 8190969 8190519 8190857 8870518 2750857 1920857 6660930 6660996 2760422 2760924 8870870 9350937 8190870 3730984 3730984 8191010 7090973 7090973 7090973 9040857 8190071 3700872 2760928 9040870 9040580 8870424 730857 3230888 730857 3250580 730743 4720200 8870870 4720363 9710888
8870833 8870833 8870743 2760176 8190752 9350414 3470285 9350964 8190770 8190414 8190857 3730004 3730741 3730646 1760973 1760973 3730004 8190857 1760973 3730420 8191023 8190857 8190200 8190913 8191002 8870424 7790969 8870770 7790424 7790969 7790969 8870205 8870743 9350812 2760880 2760200 2760928 730000 2760928 8870424 2760646 2760580 2761002 2761007 2760969 2760200 9350772 5370071 5370371 730205 9350913 5370519 2760969 8870772 731023 2760928 2760928 730960 5370894 8870770 730880 8870969 8870888 7790770 9350519 2760200 2760200 2760646 9350913 9350937 9350560 9350519 8870424 5370772 9350741 5370924 8870969 9350741 8870969 9350519 9350741 9350928 730363 9350993 8870424 9350772 8870424 8870424 730770 730770 730857 730071 5370772 730544 2760687 730646 8870772 730363 8870772 5370896 6660857 9350937 5370924 8870829 7790752 8870560 3730420 3730004 3730004 1760973 8190560 8190404 8190942 8190687 8870942 3250857 8190913 8190741 8190872 3230646 7790896 8190857 3730519 8190857 8190414 8190857 3730004 8190772 8190857 8710930 7980973 3231023 5370770 8191007 8190071 8190829 8190205 8190770 8190519 5231002 9350888 5231023 3700772 8870560 9350880 5370770 2760960 5370741 730741 8870743 2760646 730743 9350741 8870424 730519 2760767 5370519 9350519 9350930 9350519 5370888 2760752 9710371 9350371 230006 2760371 9710772 230741 8710350 230350 2760414 2760969 6660741 9710864 6900466 9350930 9350741 8190741 8190930 3730004 3230371 730857 8711002 9350888 2760560 3230770 5230466 5230466 5230466 5230466 2760580 2760006 5370371 8190371 2760741 2760414 3730200 3730004 3731023 1760973 8190371 8190930 8190580 730796 5370071 8870969 730560 4040200 730363 8870969 8870969 2760969 730969 7790937 9350422 8190969 8190942 6350646 8190071 3230796 5231023 9710205 8870205 8190930 5370371 2760752 730857 9710782 5370841 230504 5370752 7790371 5370894 3730602 3730602 3730004 1760973 8190519 8190896 1760973 3730241 1031010 1760973 1760973 1760973 1760973 1760973 1760973 1760973 1760973 1760973 1760973 1760973 1760973 8190870 8190870 8870424 7790969 2761007 8870205 7790424 2760496 7790829 7790969 2761007 7790424 2760969 2761007 5370071 5370772 5370519 8190519 8190519 2760687 2760516 8190894 7790857 3470857 8870924 7790896 2080519 3730964 3730200 3730043 3731002 8190930 8190580 8870942 7790857 8870580 8711023 7790857 8191007 8190580 8190857 8710205 8190205 9350880 9350516 9710969 9350560 9350812 730857 9350913 5370743 8190913 3730638 3730004 3730004 3730004 3730004 3730004 3730004 1760973 3730004 8190371 9710422 8190964 8601023 2760924 730770 2760880 7790969 9710519 8710205 730924 8710782 3471002 4720200 3250560 2760560 8870770 8190872 3700200 9350964 6660812 2760752 9350812 3730205 3731010 3730004 8190857 8190857 8190913 8711023 8190772 2760743 9710920 8710519 8711023 2760770 7790200 2760969 8870888 7790896 8190894 8191023 3730004 1760973 9350913 9350770 3930770 8190752 8190519 2760496 9710743 2760969 2760928 9350371 3930519 730754 3930772 3230772 910772 3930422 7790741 4720772 3230071 8190772 5231023 2760969 9710964 9710888 3470373 7790896 8870888 8190200 8190857 8190857 8190519 8870969 2760942 7790969 8190770 2760516 7790857
3930414 730205 730205 9350812 5370741 1600973 3731010 1600973 3730004 8190930 8190930 8190969 8870969 9350928 9350928 5370571 9350743 5370371 8190519 5371007 5370741 8190969 8190772 9350772 6660741 8710864 730930 6660930 2760930 6660872 6660741 2760928 2760930 6660857 3230519 730857 8190519 5370371 8190371 6660006 9350371 9350371 9350772 8190371 8190371 5370371 5370743 8190772 9350937 8190772 5371007 5370841 7790371 2760043 8870043 7790200 7790857 8190646 7790200 8870580 7790200 7790937 7790518 7790729 7790937 8190857 3730646 4630930 4630200 4630200 4630200 4630200 2760772 2760516 2760043 7790896 2760071 7790894 8710772 2760888 7790894 4720888 7790937 3731010 4630857 4630857 4630638 4630930 4630424 8190930 8190519 2760580 2760770 2760964 2760894 2760888 2760894 2760743 3470782 2760496 2760894 9710920 7790969 3470987 7790969 9040987 7790969 730928 730857 730996 730741 730646 9711002 730880 3930043 730741 3700741 3930043 8870580 9711002 3700580 3700043 8870770 3700043 8870770 3471002 7980973 7311002 8191002 7980973 5370930 7790937 9711002 730872 2760928 730969 8870969 3930772 910772 9711002 730371 3700772 3700969 730371 9350961 730857 910200 730363 910544 8870969 8870924 910924 8870743 910937 910071 910741 910772 7980973 7311002 7980973 4990857 8190870 5370930 8190870 7790857 7790518 7790937 8190969 3470857 730200 9350928 730928 730928 8870043 9350880 230857 3730386 7310646 2760516 8190687 1760973 3731002 3731002 7980973 7980973 3230930 9350560 730857 6660527 5370743 8190071 9350924 6660857 6660996 5230930 6660930 730928 3230741 3230969 9350896 3730928 3730993 9350928 9350560 9350752 3700200 3700888 5230646 9710928 5231023 3730812 3730205 8190857 8190857 8190894 3700857 9040857 8870924 9040580 2080772 8190519 7980973 4990857 6770160 231023 6770857 9350930 9350872 2760930 3730460 3730841 3730924 8190857 8190894 3470857 6660930 6660460 6660857 6660460 2760687 7790894 7790200 3730004 9350888 9350913 3730960 3730422 3730928 8190652 3700857 2760928 6771010 6770857 1030928 1030993 2760930 8601023 5370894 8190896 3700960 3700414 3700924 2760373 6660043 6660996 6660560 6660527 2760687 2760930 7530857 2760743 6660948 9350870 9350560 3230928 730205 3930870 8870580 730043 6660580 9710422 5370888 3470580 3250560 9710043 9040580 5370930 9350930 8191002 8191002 5371007 8190857 8190857 8190857 8190857 8190857 8190857 8190930 1760973 7980973 5370833 7980973 7311002 7980973 9350770 730857 730928 8190870 8191002 3951002 7790937
730741 730228 730282 5371002 730646 5370841 4040857 910200 730796 230880 2761007 2760964 8870770 2760373 9350422 6660924 6660371 9350371 2760741 5370741 8190205 7790857 9710285 8190913 8870888 2080894 7790896 5230350 5230037 5230772 7790741 2760371 3470285 9710741 3930924 910371 8870969 8190857 8190857 4040857 2760350 2760809 8870043 2760809 2761002 730870 730212 8870770 5371002 7790969 7790729 7790857 3390043 7090973 7090857 5370160 5370519 730646 730729 730200 730282 730969 730228 730282 3230646 730928 910937 910857 8190857 8190857 8190812 7090973 7090973 7090973 8190646 730043 5231002 730809 730809 3230880 910729 520969 730043 4990043 6661002 6660924 730414 730809 730741 8870924 3470923 3930043 8870969 730880 4720961 730646 2760969 7791007 7790424 7790770 9710519 2760924 9710923 2760924 7790414 8190857 8190857 230350 2760350 6660460 6660460 730212 3230212 910741 5370924 9710767 3470285 3470870 2760924 2760772 6660006 6660741 3931023 730371 730212 3470833 3700969 7790924 7090973 8190646 7090973 7090973 7090973 5230350 230350 730924 7790752 2760924 2760924 2760350 2760646 7790741 7790741 7790924 910544 730928 730741 730741 730282 8870772 730646 7791007 7790729 4040200 730200 730870 730772 2760772 7790894 7790964 730646 730282 4720743 730560 910772 910544 9710928 730880 3230422 3230496 7790857 8190969 8190371 3470857 7790200 730200 6661002 730833 730560 8871002 8870772 730894 8870969 730043 730948 3930772 8870043 8870770 8870743 8870969 2760516 6660460 6900872 6900872 3700580 9710969 910371 2760371 6661002 6661002 6660754 8870772 8870772 8550519 8550519 4750870 3730646 2760924 6660460 8710043
2760371 2760872 5230872 7790924 2760870 2760646 2760872 2760646 2760371 2760006 2760646 2760741 2760371 2760646 7790741 7790741 9040580 5370371 730772 730928 730228 730000 730000 7790870 8870969 3470872 8190812 4630371 4630937 7790857 3230872 730961 730969 730350 730741 8870144 910544 2760809 9710870 2760496 3470923 2760770 9040870 7790424 7790200 7790741 3470422 3470857 8190857 8190560 7090973 7090973 7090973 7090973 7090857 7090857 7090973 7090973 7090857 8190772 2760801 2760516 230350 9710864 5230037 6660212 2760371 730770 6660800 2760767 2760504 2760770 3730004 9710504 9710864 3230741 730043 730371 730924 730006 7790969 3730004 8190930 3730924 4630930 8190857 4630772 4630638 2760414 2760809 3470870 2760504 2760952 9710496 2760870 7790870 2760496 9710870 2760752 8710519 2760801 6660812 230872 230872 8870772 2760043 7790752 3250937 9350752 2760964 730770 6660741 8190930 8190930 8190930 8190930 8190160 7790857 2760809 2760741 2760770 2760952 7790888 8190560 3470857 7790857 730857 2751023 730752 9350561 6660580 2760652 2760960 2760960 2760770 9710519 2760752 2760960 2760960 9040870 8870580 8870870 730928 730282 2760960 5370752 6761023 2760371 2760741 9710580 6661007 2761007 2761007 8190930 8190772 8190371 5230872 8870770 730646 731023 6660812 730870 2760043 3700043 7790752 3700928 3700833 3930772 3930212 3930212 6660741 6350857 3730993 8190930 2760441 2760952 230496 3731002 8710857 6660043 6660371 9710864 2760960 2760948 2760371 8870043 7790752 2760969 8870772 7090973 8190857 7090857 8190857 7090973 7090973 7090973 8190857 8190930 230857 6761002 5230350 3230741 730006 9710923 8190930 3730004 3730371 8190857 8190896 8190687 2080200 4990043 2751023 730741 6660580 730350 3230350 9710371 2760414 2760741 230880 3470772 7790752 2760924 8190857 7090973 7090857 7090973 7090973 730969 3930205 9710371 6660006 2760371 2760801 2760516 230006 7790200 2760205 2760371 7790519 4300519 7790205 731007 730928 730937 730894 8870969 730371 2760043 5230205 3930996 730371 3230350 730996 3230006 4720371 4720363 3250580 9710350 7790969 8190205 5370043 2760043 5370888 2760114 2760441 2760441 2760743 730964 730519 6660043 730930 2760960 2760930 730752 8711002 2760888 730144 8710930 7790371 7790964 7790896 7790829 2080580 9040580 3470580 7790896 7790043 7790770 7790937
9350205 910857 2760924 7790519 7790772 2760772 2760772 5370772 3730772 7790857 7790857 8190772 8190772 8190519 9350519 8190857 2760888 3470857 8190767 8190519 2760888 2760809 2760743 2760743 2761007 250200 2760373 3730504 7530857 9350928 3700960 2760071 9710496 8710770 3700071 3470441 910071 3470987 2760504 2760580 5230872 730924 2760741 3250580 8870770 9040580 8550519 7090973 9350801 8190772 8870870 8870518 3950960 7790770 7090973 8190969 8190857 8190857 5370833 5370801 5370801 8190930 8190930 7980973 3731002 3730519 3731002 10110857 9350519 9350770 3730752 3730420 3730268 3730268 3730004 1760973 3730004 5370772 9350414 2760414 2760770 2760809 5370404 7790857 910646 7090973 7090973 7790519 7790937 7790741 7790937 7790519 7790519 2760928 2760741 2760770 9710857 3730993 3730782 3730960 2760687 5370687 2760930 2760114 2760930 3730888 7980973 9350801 730743 730857 730770 730767 730071 2760961 9710176 2761007 730519 2760896 5370894 2760580 2760364 730144 3230519 2761007 3470580 7790770 6660880 3730386 8710519 2760350 9350896 7790969 7790741 3470872 9710037 7790969 7790969 7790969 7790857 7790200 8870772 7790772 2760772 2760772 8190772 8190772 8190952 6760857 2760071 2760872 2760743 1031010 1030043 2760743 2760888 2760930 2760888 2760373 2760752 251007 6660371 2760809 9710870 9710870 8710422 9710796 3470739 2760144 3930386 2760969 910364 8870870 3930212 6660969 9350729 3930870 9710729 8870870 2760741 2760364 2760888 2760888 2760888 2760888 2760928 2760743 2760743 3470870 8870743 730743 2761007 2760071 5370404 3730638 8190857 8190741 9350870 9350870 9710752 2760952 9710923 9040857 8190371 6660969 6660969 9350741 9350422 8190741 6350857 5370752 8190580 3730004 3731023 4630960 4630200 1760973 4630200 5370371 9350964 6660006 2760964 5370964 7980973 9350772 5370772 5370772 8190772 8190894 2760071 8190519 2760930 5370930 2760043 2760043 2760364 2760043 2760896 2760364 2760646 2760743 730741 5230560 8190205 3950960 8190071 8190770 730961 230350 7790519 2760888 5370519 5370888 2760930 9710741 3730580 8191007 230414 2760205 2761007 2760071 9710519 2760894 9710519 5370924 8190894 230920 2760441 2760071 2760987 2760987 2760580 2760930 5370752 5370043 5370888 5370752 8190857 6350857 8190913 7790770 9710741 2760560 8190857 8190801 5370801 231023 5370772 230741 5370888 5370964 2760888 2760371 5370519 2761007 2761007 2760754 2760754 2760071 2760930 2760772 2760896 2760772 2760969 5370772 2760894 9710782 2760809 9710462 2760987 5370741 3730519 2760043 2760580 2760516 2760752 2760942 2760516 2760687 9710857 3700857 2760952 9710923 9710414 9710422 9710880 9350144 6660800 6660880 9710870 9350560 3930371 3930870
8190930 9350560 8190519 3250857 3470857 5370160 3731002 3730241 3731002 5370894 8190930 3250857 5370160 8190896 9350160 3230741 9710864 9350961 9350872 910857 8190371 3730496 3731002 9350880 9350928 8190071 9710422 8870888 2080888 8190752 8870770 9350770 9350942 2760371 2760872 2760896 2760752 3700519 8870812 8870969 8870888 5370770 7790857 8870205 9350205 8870205 3470422 7310560 5370930 9350519 730928 730646 730414 3250560 3700741 7790770 7790741 8870770 3470422 9710350 8710350 6770857 2760996 8870205 730924 9711002 8710996 3730422 9710519 8710857 9710527 9710297 9710422 9710297 9710996 910422 910371 9710037 3230006 5230872 5230422 5231023 5230560 7530857 5231023 3700960 5231023 3700205 3700857 9350961 9350961 9350561 9350304 9350754 8870043 8870743 730812 3230304 3700996 3230646 4720969 3700741 4720363 3470987 8870969 3230743 9710996 3700200 730114 7790964 730964 8870422 9710888 8870560 1760973 3731023 3731023 4630857 3731023 4630200 4630200 1760973 1031010 1760973 3730071 2760888 2760894 3470580 3731010 1600973 3730580 3731002 8190857 7980973 230496 2760741 230924 3230414 730894 910857 230809 730770 9350770 9710043 9710496 8711002 2760114 730896 3230770 730687 7790961 7790560 7790937 8870144 8870772 2760960 8870772 7790200 730496 2760504 8870770 2760373 2760373 2760969 2760969 2760496 2760969 7790770 2760969 2760560 2761007 8870942 9710205 2760646 2760422 2760896 2760969 2760969 8870043 2760043 2760894 730646 7790200 7790888 8870205 8870770 2760767 7790752 8870812 7790937 2760969 8870560 8870560 9350772 730857 730114 2760043 2760043 730743 8870043 2760504 8870580 2760969 2760504 7790969 7790752 7790969 7790770 7790969 7790752 7790752 7790770 9350516 730796 8870580 2760964 8870580 8870580 2760969 3930519 730200 6661007 6660924 730924 9350006 730767 3470580 6660857 730114 3230350 3930772 6661007 5370043 7790741 730580 8190930 3730004 3731002 9350930 8190772 9350930 730857 3230928 3231023 3470923 8870770 2081023 7790741 2760809 7790144 7790518 8870772 730741 9710580 230872 730006 2760870 8870870 730371 2760646 1760973 7980973 8190930 5370801 2760928 9350928 6660160 730833 2760928 3700200 8190930 8190857 3730004 3730752 3730004 7980973 5370752 8190752 8190496 5370770 7790770 9710772 2760504 8711023 9710782 8711002 9710782 2760770 2760920 8711002 9710833 2760987 730752 2760752 8870772 2760770 2760371 2760687 230560 8711023 2760969 2760767 2760969 730560 730770 7790969 2760646 8870969 3470833 8870772 730772 9040772 8870144 3700770 9350913 9350812 9350964 2760928 8870422 2760200 2760043 730560 730770 730770 8870205 9710969 9350752 2760752 2760652 9350652 9350652 8190652 8190801 9350560 9350770 9350752 6660857 9350371 9350829 5370833 5370160 8190930 730363 2760928 8870969 730770 7790770 8870424
730580 730646 8870580 9710580 9710519 3470580 7790894 9710519 3700422 3730560 7090857 8190160 8190646 9040857 3390371 4300857 8550857 7790937 3930371 910371 3230205 730754 730519 5231002 230924 730801 730006 9711002 8870580 7790741 8870770 9040580 7790371 8550580 3470923 9710414 9710767 7790857 8870414 7790043 7790857 8710466 1760973 8190920 8190752 8710767 2080770 3471023 9710085 730770 730969 9710782 3470441 9710920 3700888 3700888 730743 731007 730071 2760071 2760519 2760144 2760928 2760071 9040870 7790937 8340519 4300519 7790741 2760519 2760205 2760754 7790870 2760560 7790896 4630930 4630772 3730743 9350930 3231023 2760987 9350888 3231023 7790888 7090973 3390043 3390071 7790729 7790519 7790200 7790200 2761002 730743 730729 730071 730948 730144 730646 8870043 8870969 910043 8870580 7790729 5230205 230006 2760006 2760872 7790741 9710864 3470995 3470995 3470857 7090973 3390580 730969 730928 8870888 2760920 8710176 8710176 8710646 2080888 8710987 230504 7790752 2760043 2760996 3230880 3930796 3930870 910560 910560 9040870 3930560 3930205 9710205 730580 730930 2751023 730228 730928 730228 8870580 9040857 9710422 3251007 730880 3470580 8710580 3250580 2760770 9710996 9710422 9040580 9710527 8190006 8190580 9710857 7090973 8190857 4630937 3390043 911007 5230371 730870 2750212 731023 730870 730580 730880 730857 9710371 8190857 9350160 730870 730687 2760812 730422 730969 730937 230924 2760924 6900872 230350 730043 730006 3250741 7790741 4720371 8190687 3470580 3470872 230872 6660043 2760580 2760646 2760414 2760770 7790741 7790752 520741 8870942 8870144 3700870 3700519 2570519 8870144 520961 8190801 4630913 8190801 7790857 6660812 5231002 730969 730371 9710371 4720741 7790894 7790964 7790371 7790896 7790937 910924 5230560 5230969 3930205 3930996 3930422 6660812 730580 6660996 730212 6660996 730796 4720857 8190466 8190741 8710930 9710085 9710930 2760071
7790857 7790857 7790964 7790961 730071 730071 730888 2760767 230880 7790894 7790964 730071 730350 730770 3930212 9710739 2760071 730422 3230864 3230928 730560 3700519 730560 730937 9710894 5230969 9350144 9710371 3700872 2760924 2760743 2760071 2760071 7790964 7790964 7790888 3950888 2080741 9710928 2760743 2760743 2760646 5981023 2760496 7790937 5370772 2751023 730928 730743 3930857 730371 730071 8870772 7790964 3950888 8870969 3230741 910580 2080519 2760897 230809 730894 2760743 9710037 8710767 8710752 2760924 2760924 7790752 2080519 4720964 7790964 2760770 7790043 2080519 2760896 3930212 3230969 730924 910741 3930880 730969 5230872 9711002 8190857 4630580 8190700 2760770 2760809 2760741 2760772 2760646 2760516 2760176 7790519 7790896 3471023 3470043 230920 2760496 2760496 2760772 2760833 2760896 2760114 2760969 2760687 730772 2080772 2760754 2760754 7790752 1760973 4630772 2760114 7790894 2760176 2760964 2760646 7790144 9710043 9710043 2760924 730006 2750857 6660872 6660872 6901023 9350772 6660371 230872 2760114 2760942 7790937 8870772 3230864 9710969 730857 2750212 3930422 9350937 3230969 5370371 2760930 730772 730043 4720772 2760580 7790741 7791007 3471023 6660580 9830996 730928 3700285 9710752 911007 520743 7790200 6660880 230422 730363 730767 2760580 3250857 9710205 300872 9710371 9350870 9710205 9040864 3930812 2760964 2760043 9710888 3470772 3470923 2080741 7790770 3950896 7790888 2760964 730371 9710043 7790741 7790371 3700741 3700741 3700739 3700205 3700880 3700739 910043
3230770 3230414 730870 2760870 730741 730114 7790829 730809 1760973 7790969 5370043 3250741 9710741 9710414 7790870 7790741 8870942 7790741 7790937 8190205 2760969 730796 9710969 730857 3230880 230741 8870969 7790424 5370964 730880 8870560 7790969 8870969 7790969 7790969 230422 6660422 8710872 9710864 730880 8190580 7790371 730560 730812 8190371 7790894 230496 6660812 2760996 2760371 8870043 2760043 3230422 9710527 730767 5370741 8710414 9710422 7790371 7790969 7790043 3470043 8870043 7790969 7790969 910043 8870969 7790969 910043 910043 9040772 8870969 910646 7790888 7980973 730743 5370743 730870 7980973 9350930 6660857 2760930 730857 730857 230560 6770160 4990160 730772 730772 730937 730796 730772 730772 6660930 6660930 6660422 730363 730796 730833 730043 230880 2760043 730772 730114 8870743 2760043 2760043 8870743 2760924 7770857 730496 6660422 730857 730857 730812 230809 6660580 730200 730924 730969 730363 730888 2760872 9710772 730363 2760969 8870969 730560 730767 730646 2760969 2760969 2760969 3470580 2760948 8870888 2760924 7790770 7790424 8870969 7790969 3471002 7790969 7790969 7790969 7790969 8870969 7790969 7790969 7790969 7790601 7790829 9040772 7790937 9040987 7790888 9710743 2080894 3470441 9350519 8710987 7790888 3470441 8711023 9710085 8710888 300422 6660304 730212 6660996 9710782 9350993 7790829 8870880 2760930 730928 3930812 730205 730282 730857 910200 3700200 910205 8870144 8710969 2760580 730857 7790752 7790371 7790424 7790857 7790857 8190519 5370519 3470930 2760894 8190896 8190752 8190519 2760960 8190920 2760114 3470857 8710857 8710928 8870743 9040857 7530857 3230752 4720964 3700964 3731007 3731010 8191010 8190160 8191010 3471007 3230006 8191007 5370743 4720743 3231023 3230743 1760973 8870772 730371 8870580 730646 2760580 2760752 8710930 9350519 2760770 2760770 2760071 6771010 730646 2761007 8870424 730896 910857
730772 3230772 730964 730924 730752 730519 2760580 2761007 730928 730870 2760964 910071 9711002 520942 3700519 730812 730561 8710880 8870969 3250580 7790964 4720772 3470961 8190071 9710880 3700422 3700200 8870043 3931002 3230920 3950888 4720969 2760144 9710833 3230560 730880 6660580 6660580 2750212 3930422 8870580 8870580 730996 730928 730752 730969 730928 730894 8190687 8190580 8190646 9040857 9040580 9040857 910422 8870580 8870812 3700200 3700857 3730872 3730960 3730241 3730241 3700743 9350743 8870364 2760414 9710176 910857 3950896 3700969 3700969 7790937 3700519 3930519 3700880 3700770 3700414 3700880 3700739 3700741 3700880 9040880 3700969 3700200 3930880 3700200 8870880 7790969 7790857 3951002 4040200 7790729 3951002 7790969 4040200 7790729 4040200 4040200 3250371 4720363 7790969 730687 730894 3230969 6660969 730964 2760961 3230519 3230527 2761007 2760752 4720200 4720857 6660422 730743 3230212 730961 730894 730561
6660160 6660880 6660996 6660160 6901023 6660561 9710930 3700200 3700200 3700519 3700043 3700200 3930519 9350924 3930857 3230205 9710772 8870772 2760928 6660880 6660006 730924 3700200 3700770 9710085 9710928 9710752 3700960 3700743 9710743 9710888 3700743 3700043 3700205 3700519 3700200 9350880 6660741 8710928 8870833 3700071 3250363 8870043 9710544 3930043 3700960 3700071 3700964 3230519 6660880 2760422 3230304 3230796 3230770 3250580 2760752 8190857 3730928 3700857 9350561 8710928 3700857 3700770 9710928 3700928 9710928 8710580 230872 6660872 6660741 6660924 6660527 6660371 6660561 2760964 2760752 730960 730964 730857 3700043 730496 3230743 8870743 3230743 730928 3930519 3700200 3251007 3700857 9350770 3231023 2761007 2761007 8870043 3700896 9710285 3230071 3700833 9350937 3700857 9350687 8710782 9350880 9350894 6660561 5230930 6660880 6660561 9710796 9350561 9710796 6660800 9350561 9710796 3700796 8710880 9350964 3700743 3700200 3700896 3700964 9710043 3700857 3700857 9710857 9710743 9350880 5231002 730414 730857 3230752 9350752 3230888 730857 3230772 3230930 2751023 730857 730857 9350770 3730004 8190930 730857 9710496 9350743 3730833 8190857 730948 730948 3250580 2760896 3730004 3730580 8190964 8190580 5371002 730857 9710857 3250857 3700752 8190071 8190857 2080200 9760200 8190896 9760857 8190896 8190896 8190894 9350896 8190770 7790857 8190896 8190687 8190896 8190857 8190770 8190857 8190160 8190496 730770 9350687 3230743 3230071 7530857 8600857 3700857 8710857 730752 730960 9710833 9350212 9710857 8190071 5230857 5650857 8710857 9710857 8711023 9350888 9350743 3700857 9710857 7530857 9350924 9710964 9350752 9350964 6660160 6660043 6660561 9710930 8710928 8870043 9350928 3700200 730857 3700964 9350964 3700857 9350752 9350894 8711023 9350894 9350888 9350880 9350560 9350964 9350160 9350752 6660560 9350888 3700071 3700200 9350560 3700857 3700519 3700200 3700743 8190752 3700043 3700770 3700043 3700205 3700519 3700796 3700896 3700519 2760928 3700964 3700519 2760752 2760964 8601023 2760772 2760888 2760964 6660006 6660006 8870144 2760741 2760928 2760812 2760928 9710743 9350964 2760924 8190560 8870205 3230770 3700200 6661007 9710580 3730928 9710580 3700043 3700743 9710752 8710519 9710870 2760928 3700960 2760928 3230770 730857 8191007 9350772 3700200 8870942 9710544 2760071 8190519 8190772 9350743 9710857 3930796 9711002 3700071 3700960 3930770 730071 3930519 9350770 9350741 3700200 3230646 3470923 3700969 8870924 7790896
6660460 730144 730770 6660754 5371007 3230969 3230519 3230752 2760770 8870772 8870580 8870043 2750212 730772 730928 730729 3250560 520857 730496 730770 230767 230504 2760043 230422 2760880 8710519 9710580 9710519 3230880 9710466 2760987 230767 7790964 230920 230920 230422 730580 730580 730937 730580 2760580 7790937 2760801 2760772 2760144 231023 2760114 2760772 2760404 5370772 9350741 3930924 8870942 3700285 3700741 730414 730144 730646 2760580 8190930 730519 730996 230422 730580 6660996 230857 4630580 2760754 7790772 7790601 6660996 3930212 9350880 9350729 3930519 3930519 250969 7980973 8190857 5370772 2760772 250043 4630772 8190646 8190772 5370964 2760772 2760772 730772 8190964 8190772 5370964 2760930 4990928 730200 6660800 231023 2760441 2760743 5370772 2760930 230496 2760743 2760441 2760043 730580 2760580 2761002 6660580 730580 730930 7790857 4720857 3730071 5370841 7790857 910937 4720888 4720961 520961 730519 2760043 2760043 5370754 2760519 2760772 2760888 2760987 2760743 8190964 7790857 8190772 3390043 7790857 7790200 2760043 2760043 5370043 730772 2760580 730772 2760754 2760772 2760987 7790888 2760743 7790937 7790888 7790519 2760519 2760754 231023 3470772 5370894 7790857 7790857 5370770 5370071 5370833 5370743 5370071 2760043 5370519 8710043 5370752 5370770 7790857 7790857 7791007 2760961 730961 910200 3930386 8870870 730928 730961 730880 8870580 7790937 520969 910560 3470422 9710961 2760772 2760043 2760772 2760752 7790424 7790601 3470043 2760496 2760114 730969 9710085 3700772 9350561 6660969 3950960 7790200 7790888 7790752 8710519 2760770 3470782 9710920 3470987 2760741 2760752 3250580 8870560 8190812 7090973 9040857 5371002 730743 730200
8870205 2760560 8870205 730872 730371 9350560 9350371 9350993 6661002 730857 8870870 2760812 7790969 7790969 7790969 7310560 7310004 7980973 6660857 6660996 9350930 9350516 8870924 3700519 8870518 8870770 7790424 8870772 7790741 3470580 8190371 2760872 7790371 2760872 7790560 2760006 8870043 9350937 6660006 9350930 7980973 3730371 9350937 9350422 7790888 9040580 8190969 8190652 8870743 6771010 6660857 6660857 5370741 6660857 730741 6660812 2760200 730896 231023 230880 230560 730964 3230519 9350422 730857 9350872 9350896 9350743 3230969 730205 3230969 3930796 6660930 6661007 3730241 9350930 730857 730857 730948 730948 3700580 8870743 730857 730519 730961 730200 5370743 1920857 731007 3230422 731007 730880 6350857 3230739 8190969 9350752 8190857 7310560 7310560 9350770 6660560 9350205 5370930 3730741 4630937 8190770 9760200 7790741 2760924 7530857 8190006 8190560 8190006 3730560 8190857 8190560 8190812 730812 730857 9350964 9350743 8601023 9350729 8710857 9350964 9350422 2080200 8190964 7980973 8190964 8190071 8710920 2080770 9710414 9710809 7790964 8600857 9710414 2760752 3730422 8710752 2370973 3730422 3730205 8190857 3730422 8190857 8711023 9350422 730071 2760404 9710037 8191007 9710414 9710414 3731023 3730200 3730420 3730420 3731002 4630200 3730004 8190857 8190857 8190857 8191002 8190519 8870969 7790857 7790969 7790937 5370043 7790144 7790144 7790144 7790424 7790937 7790857 7790937 8190857 8190741 8870772 8190772 3250371 7790371 7790371 7790894 3470772 8870924 7790857 7790424 7790424 7790969 8190741 5370071 7790371 2760006 2760006 7790371 2760006 7790924 3471002 9040864 7790741 7790741 2760872 3730872 7980973 5370772 9350772 2760043 2760924 2760043 2760924 2760928 2760928 2760928 9350772 9350516 9350371 730857 730857 2760930 8190580 730371 9350888 3730960 8190770 9710928 8710928 9710752 8190896 6350857 3730004 1760973 1760973 3730004 9350205 9350560 730857 9350913 9350205 9710996 2760969 3730519 3730043 3730928 3731023 3730043 3731023 3730646 3730460 3731023 8190913 8190801 7790200 4630043 7790857 3731023 3730200 3731002 3730519 8190857 7790857 9350006 5370371 9710006 9350006 730371 730006 8870772 5370043 8190772 8870772 7790200 7790857 5370741 8190772 7790371 8190857 6771010 5370930 2760930 9350772 5370371 8190371 8190371 8190961 7980973 2760969 730560 9350741 6660560 3730833 3730772 3730004 8190930 3731002 5370930 6350857 9350770 2760752 730857 731023 8190857
730833 730000 730930 2760687 230560 2761002 5230930 2760754 230857 2760560 7790870 7790560 9710519 3731010 3730004 3731010 4630857 8191010 7090973 1760973 8190801 7090973 7090973 8190741 8190414 9710285 2760114 9710891 2760144 7790857 7790937 7790857 7790857 7790857 7790937 7790937 7790937 3930212 3930796 3700969 9710422 3230872 7090973 8191010 9040857 9040857 300872 3700872 8190646 7090973 8191010 3700200 3700741 730812 3230928 3930560 300872 300996 9710928 9710422 3700924 3470857 8190646 9040857 8190857 8190812 9040857 9040857 9710809 9710809 3700880 9710205 9710752 8190857 7530857 3701007 8711002 3700743 9710006 4720371 3470872 3700770 3700770 9710952 9710729 9710496 3700924 9710752 3730004 7090973 7090973 7090973 7090973 9710371 9710739 3700212 8190006 7090857 8190006 7090973 8191010 3471023 3700969 3700205 9040796 8190812 7090973 3470006 9710212 3930371 3700739 3700205 3250560 8190560 3230527 3230924 3230212 4720964 9350996 3700864 9710350 9710350 2760741 9710422 2760770 9710205 9710741 731023 230350 2760043 730422 2751023 6900466 730371 2760833 6660371 2760870 5370772 2760687 2760741 2760350 7790144 7790205 6660741 730741 9710870 3700996 3700924 8190857 8190205 3230812 4020000 9710575 6660800 3230812 3700870 3700200 3930996 3930796 9350304 8190812 9040857 9040857 3930996 730948 3470857 2760948 7790857 8870580 7790857 7790857 7790857 7790857 7790857 7790857 8710996 9710527 3470043 9710422 8710880 2760996 3730004 230809 5370752 4720752 4720043 730924 5231002 3930422 9710575 3700071 3730004 3730205 8190880 230350 5230466 5230466 1551023 3700964 5230857 520857 8710872 3700857 9710422 300996 9710350 5230414 3730004 3730004 8190422 8190422 8190880 2760752 3470422 3731010 8190580 8190741 8190580 3700924 3700414 9710996 3700880 9710741 5230414 5230466 3730924 4630200 3730872 3730872 4630371 7090973 2760350 230350 230350 2760371 1600973 1600973 3730602 1600973 3731023 4630772 4630004 4630937 7090973 730422 8870422 9710527 9710767 3730004 3731010 7090973 8190857 3700205 8190961 3930969 3930857 9710857 3731010 8190857 9350422 730928 730371 8870580 7790937 7790424 7790857 7790200 2760772 2760772 2760772 8710422
8710930 5370071 5370743 5370896 8190857 9350894 9350896 9350304 9710969 2760646 8190752 8190870 3730460 8190870 8190741 520071 910969 520071 2080888 520743 8190646 2080200 3700864 3700924 5370894 1031010 3730872 1760973 1760973 7090973 7090973 9350894 8190646 8601023 2080580 5370743 5650857 9350160 8190930 2080894 7790752 2080894 9350772 2750857 3700580 3700896 730969 3930857 3930857 9710857 3930857 3930560 3700857 8190857 9350371 230006 8190857 3730004 8190772 8710772 3470870 9710920 8710857 8710646 8710857 5370888 8710857 8710930 8710743 8710782 3700743 2080770 730857 3470580 3730580 3730422 3730004 3730646 4630580 4630913 4630424 8190857 3730006 3730504 3730741 3730770 1760973 9350964 8601023 8190896 8190870 8190160 2760516 9710857 9710864 8190071 8190772 8190371 7790200 6660930 6660930 9350888 9350160 6660857 9350601 3470930 8190652 9710870 9040870 2081023 2760894 3730602 1030638 3730772 3730772 3730743 3731023 4630200 1760973 3730772 3730770 9710857 7790857 2760646 2760920 8190752 8190496 8190519 3730888 8190801 7790857 4630043 3731023 3730043 3730200 3730043 5370043 4630772 8191023 730200 3230371 8870424 7790937 4720580 2570519 4720580 4720580 7790961 9350924 8190930 3470930 2760743 8870743 5370743 8870743 4720857 7790200 4720772 2761007 7790560 3730205 9350812 5370960 8710987 9710782 3730772 3731023 3730043 4630930 8190857 3730004 3730043 3730888 8190580 3730580 8190580 8190741 9350888 3730964 3730741 6660304 730857 730894 7790896 730857 3930924 9350371 3700741 9710176 3730371 7980973 8190857 9350006 8190894 5370841 8190752 8190894 6660812 3230752 730857 8191007 2760928 8190741 1760973 3731023 1600973 3731023 3731023 3730004 4630930 8190071 8190496 3390043 8190770 3730941 9710857 8190770 9710496 9710952 4630969 3731023 3730420 4630200 3930371 3930870 3930996 730924 3730386 1030282 9350942 8710969 9710920 4720371 730729 730937 730969 9350964 730964 8190969 3731010 3730004 8190560 3950888 8190913 7790937 7790857 9760964 3930857 9350964 9350964 9350964 9350729 4990857 3930924 3730969 3730241 3730004 1760973 1760973 1760973 4630371 3700205 5231002 730857 730414 3730752 3730200 3730741 1760973
3930414 4720857 3701007 8190414 8190404 9710496 8190404 9710176 7790772 5370801 8190772 8710772 7790888 8710580 8710580 9710085 2760752 8710504 9710085 2080770 2080894 3700752 3230984 3700200 3230984 3230646 4720969 8710176 8710987 6660800 3230996 9830996 730870 6660527 3230812 8870205 9710527 9710422 3700580 8870422 9040580 3470961 3230739 910580 730006 910580 8550580 8190519 9710752 9710580 4720964 3471007 3471007 910071 3230371 9710894 4720964 3470782 2760350 4720752 7790371 2081023 7790741 9710071 3930422 9350880 9350212 3930422 730857 9350743 8870580 8870969 4720969 9830996 3930812 4020000 3230996 2760371 5230872 9710006 2760896 9350930 9350304 8710857 3930996 9710371 3700212 3700864 5230646 8710350 9710741 9350894 3950888 2080770 2081023 8710752 6660857 3700580 9710071 8190812 8190071 8710580 9710782 2760770 9710071 730960 2760772 9710930 3230212 3930770 3930880 3930770 3930212 3700880 3700969 9710796 3700969 8870969 2080414 3700770 9710496 3470772 9040857 3950960 3730602 1031010 1760973 1760973 3730241 7090973 8190872 3230880 730414 9710580 3470580 9710006 7790371 9040987 9710422
8550857 3950888 3471023 7790896 3700772 5230872 9710371 6660006 2760371 6660812 6660212 2760996 2760880 9350519 230560 2760930 2760870 6770160 9350894 2760200 730870 5370043 730729 7790200 3951002 5370841 7790857 7790518 7790937 2080519 3700969 3930414 730872 9710857 8190071 6660043 5370687 8870043 730857 7790937 7790518 8870743 8870770 9710928 9350422 3730560 3730004 3730004 3730560 3730560 9710857 9040857 3470857 8190071 8190560 5230414 8190646 8190371 8190857 4630043 8190801 8190913 8190741 8190857 8190857 7090973 9760200 2760687 8870924 730872 8870770 3471002 5370071 8190496 9710741 9710752 9710414 3470857 9040987 3390752 2760071 10110857 2760371 8190687 5370404 9350924 9350205 8190519 5370772 9350993 9350743 9350996 6660812 8870743 8190857 3730638 3731010 3730560 3731010 3731010 3730984 3730646 3730928 8190857 7090973 8190857 3730004 8190880 8190857 3700200 9350006 2760888 8710580 3700580 9710006 1551023 9710888 9350743 9350006 8190872 7790200 7790857 7790424 4720857 9350928 3700964 7790371 7790857
7790964 3731023 8190964 7790857 9710519 2760964 2080519 7790964 2760833 6660754 230006 2760371 2760880 7790519 2760964 3231023 730928 3700743 8870924 910371 3230872 4720741 3700864 8190006 8190857 9040857 3470857 5230646 910924 7790964 8190519 7790857 3470857 2760960 2760770 8190801 3730004 8190857 8190896 8191010 8190857 7090973 8191010 8190741 8190741 3700739 3700205 3700924 9040857 9040580 8710212 9710580 6660800 3470422 9040857 8550857 9040580 3470285 3470857 9710857 3470739 9710739 3700857 3700205 9710176 3700896 3700888 9710987 8190071 2760964 8190772 2760888 9710987 2080888 8710006 3700924 9710809 3470006 3700580 9040580 9040580 7790200 230924 9710880 5230519 8550519 8550519 8190646 3950896 2080888 9710920 2080888 3470961 4720964 5230519 3230880 9350006 8190560 3470857 3471023 520071 9710350 8190857 8190857 3470872 8601023 7790894 2080580 3700212 9710796 3390071 3390071 3700743 9710864 9710422 9710297 9710043 3700212 9710796 7790888 9710996 9710422 3950560 8710920 3950888 9710952 2760743 8601023 9710928 3700870 9710870 9710870 9040870 9710969 3700519 2760894 8190770 4630960 8191007 3470285 9710519 3930872 9710371 9710864 3700414 8710996 9710414 9710964 2760964 8190964 2080741 9710987 5981023 4630580 5230371 8710880 9710996 9710743 9710371 9710960 9710285 9710285 8710212 8710767 3470872 3470961 3470006 9710504 4720741 3230371 3230880 3230996 9710880
9710414 9710453 9710414 9710414 3250741 8870770 9710071 3470422 9710743 7790896 5230422 3930422 5230422 3700864 910043 9710043 9040580 8870560 7790937 7790964 7790896 7790894 9710371 9711002 9040864 7790894 3470987 9710504 8710422 9710812 8870770 8870580 6660560 230880 2760527 7790888 2760960 2760770 7790772 9710772 3470580 8710580 8710422 250071 3230754 2760770 8710580 9710422 8710770 9710987 520071 9710729 3700071 3700872 9710888 3230071 3230996 730767 3230496 4720772 3470772 9710891 9710297 4720752 3470987 8710646 9710544 9710920 3700964 3700888 3700743 9710205 9710812 3470739 3700071 8710920 8710741 7790894 7790896 9040864 9710414 9710504 8190964 8870969 910544 730729 3931002 3700880 3930212 9710729 9710729 9710504 8710422 9710741 2080741 8710770 9710796 3700212 9350993 730561 730796 8870888 910205 9710969 3470580 2760741 9710071 2080987 7790888 7790888 730754 3230920 2761007 4720888 2760888 230414 9710422 7790741 8710580 2760580 8710580 8710504 9710782 8710422 8870580 8710782 7790964 7790894 8710772 7790964 7790888 8190772 7790894 7790888 2080580 2080580 7790770 7790371 7790894 2760924 7790924 2760743 230924 730964 9710741 7790924 8710969 8710888 3470580 4720888 7790894 2760896 2760948 2760580 7790896 7790888 8710782 9710782 9710772 8710414 2760888 2080414 3470872 7790888 5230646 3700924 3470580 9711007 8710646 9710580 2760580 230809 9710414 3470580 8870770 7790894 4720752 9710422 9710880 9710297 5230560
250580 7790770 7790601 7790601 4720964 7790857 7790896 8190969 8190969 250969 8190969 8190481 8870580 9710580 9710964 9710888 2080888 4720964 2760964 7790964 7790937 9040870 3470043 3470285 3470923 7790741 9040870 3471023 7790937 910741 3470285 730646 4720741 730414 3470923 4720969 4720741 8870414 7790560 7790752 7790518 7790969 8870770 3700969 8870969 730928 8870969 910544 8870560 7790519 8190969 8190857 8190857 8190160 7090973 8190646 730857 730114 2760414 2760371 2761002 730519 2760741 7790870 7790770 2760969 8870969 7790969 9350924 2760952 3700519 6660561 2760928 9350880 8190422 730422 8870969 8870969 8870833 730969 8870969 8870969 8870969 8870870 8870424 6660561 3930796 8870969 8870969 910200 8870870 8870870 910200 730796 8870880 3230796 730937 3230796 730880 3230422 2760422 730880 3700580 7790741 2760928 730212 8870043 8870212 3700043 8870888 8870969 7790729 8870518 3700796 8870212 4040200 9040796 8870880 9350561 7790896 7790200 9710212 7790424 7790200 3700422 3700212 7790729 9350880 8870043 3230212 7790896 8870212 3700422 6660561 3700043 7790894 7790894 8870043 7790371 2760422 7790424 7790937 7790896 7790964 7790937 8870969 730729 730646 8870969 730200 5370519 730144 730961 7790200 730969 731023 8190519 8190857 5370160 2761002 730928 730770 730580 3931023 8870969 7790969 8870772 7790424 8870518 7790752 9711002 730960 730364 9350928 730364 9350422 5371007 3230812 3230205 9350996 730969 730870 9350870 9350870 730870 730969 2760969 7790770 8870969 8870969 8870969 8870772 230414 7790741 5370770 7790371 2760741 7790772 2760043 4720741 8870770 7790969 8870043 8870580 730880 910772 730961 730752 730414 730960 730741 730741 731007 730961 2760961 2760580 2761007 7790741 7790961 3251007 7790961 7790200 7790752 7790924 7790964 7790752 7790371 7790937 7790424 2760646 7790964 7790741 7790560 8870580 8870580 2760580 730422 730561 730422 2760043 730580 2760928 2760580 8870580 8870580 2760646 8870580 2760928 730371 6660006 730228 8870205 9350560 730580 730646 3230519 2760205 730200 8870870 730519 3230928 8870942 3700519 8870870 7790200 2761007 4720363 9710371 7790518 730969 3930414 8870969 6660969 8870870 3931023 9350993 8870969 6660969 8870870 730880 910422 6660304 2760928 2760969 3930519 730969 8870969 7790870 2760205 730519 730580 730580 7790969 3230422 8870580 8870560 9710519 3250560 7790752 8870770 9710422 9710414 6900466 6900872 730371 730205 9710864 730371 3230071 9350964 8710560 3470772 8710414 8710772 8601023 2760960 230920 2760896 2760960 2760964 2760964 2760071 7790043 7790741 2760964 8710466 9710580 3470043 7790741 9710920 7790888 7790770 4720743 7790752 9710729 3700422 5231002 3230205 730857 730371 3230864 3230205
8870580 7790371 8870580 8870580 8870580 8870424 8870580 8870580 3700200 730857 6660527 730812 730870 730560 5371002 6660527 8870205 730996 8870580 9350880 8870422 8870580 9350880 730857 731023 3230422 730371 8870205 730857 6660741 730880 8870969 730544 8870580 730857 8870580 8870580 9350924 730928 730928 731023 8870772 730228 5370924 730200 730928 2760580 730857 4720371 730872 730560 730580 9350560 8870580 8870580 8870580 8870580 8870424 3700580 730857 5371007 8190961 8191007 8191007 8191007 5370282 8191007 5371007 3231023 9350880 6660006 3231023 3230422 3230006 8190371 8190371 3250371 8190969 4720969 8870580 4720371 910580 8870580 910422 910580 8870969 730496 730580 730960 730741 730580 730205 730812 3230996 3230422 7791007 3230422 731007 3230772 3230519 8870580 8870580 3700580 9040580 7790969 8870580 9040580 7790937 7790969 8870424 4720741 4720580 730801 730880 3230796 3230930 3230772 3230772 3230646 3231023 4720200 4720580 4720857 4720580 4720580 4720857 4720580 4720580 4720580 4720857 4720580 4720857 3230519 9040580 8550580 7790937 7791007 4720371 4720363 3950888 9040580 730580 2760071 2760752 3230422 7790888 9710782 7791007 2760580 3470580 9710043 9710920 8710767 8710752 7790770 8870580 8870580 6660812 730812 730519 3700580 3230496 3230519 3230519 3250580 730560 9710519 7790741 3230414 3470580 7790961 9710857 8190580 4720741 3471023 910580 8710422 8710580 3470857 7090973 3470857 3470580 9710071 8710646 9710812 8710888 9710928 730560 5370519 5370743 2760580 8870580 3251007 3230924 9710371 9710371 6900872 3470006 3700743 2760743 7790888 7790964 9710772 7790964 7790964 730006 9711002 8710872 3470580 7790424 7790043 2760580 5370043 2760043 2760741 9710833 6660872 7790741 730043 230414 9710414 7790741 7790371 730580 730006 8870580 4720580 4720043 8190580 5370043 9710006 730371 910371 730872 4720580 4720580 4720741 4720964 4720043 8190741 4630741 4630580 4630580 8190580 8190580 4720857 3230812 4720964 3230071 2760964 2760743 8190857 8190466 5370743 9350770 6660304 3470441 8870770 730888 730496 9710422 730857 730857 730422 3230739 3230519 3230519 730812 730560 730937 5370772 730857 2761007 5370519 730928 730928 730519 5370371 8870560 730857 730580 8870580 730371 9350160 9350930 9350371 9350930 6660857 2750857 10110857 9350930 6660857 9350414 730857 730857 730857 730857 9350772 9350772 730857 5370741 8190580 6660857 730857 730857 9350930 5370930 9350930 9350937 730857 9350772 730948 9350729 9350913 9350729 730857 3730241 9350729 6660857 2760948 2751023 9350913 730857 9350913 9350928 9350772 9350729 9350729 9350772 730857 9350930 8190580 9350913 730729 730857
7790857 2760371 730857 9710580 8870580 8870880 9350212 8190580 8190857 8190857 8550857 5370043 3470580 5231023 8190414 8190466 8190466 4720857 3391007 4720857 9350928 730770 8870422 4720741 4720857 8190646 8190857 8190772 7790870 2760772 7790857 250961 7790519 2760043 8870580 8190969 520969 7790518 910580 7790200 2760767 9710782 3470441 3470782 520071 4720363 3230519 3230796 230880 730796 730212 3230527 730796 730996 2761007 2760422 7790519 2760043 2760880 7790519 7790770 7790519 7790857 7790519 2760767 9710772 8710466 2760496 2760043 2760043 231023 7790772 7790772 2760772 7790772 7790772 7790896 7790964 7790894 7790896 8550519 7790772 7790896 7790772 7790894 9710043 2760414 2760580 2760948 7790519 7790896 7790200 7790519 7790772 7790894 8870770 2760350 3230519 4720371 730812 7790772 7790770 2760496 2760071 7790371 7790741 2760350 2760920 2760987 7791007 7790752 250519 7790888 7790964 7790964 7790043 2760350 2760924 5231023 6660212 730561 9710880 7790964 7790371 7090973 7790857 7790741 8550580 7090973 4630004 8190930 730580 3230422 730560 730872 8870580 730580 730741 3230880 730212 7790424 3700200 520961 520961 7790969 730996 730580 730422 730560 5230872 3470872 730872 730741 730872 910544 910646 8870924 3391007 3391007 8550857 230872 230006 7790741 7790414 7790741 3470043 910741 730960 730928 730928 8870580 730948 730228 730754 7790770 9710580 730770 3470782 5230037 730888 730872 730796 7790043 2760043 7790043 7790519 2760496 7790519 2760580 730580 2760770 7790205 2760560 730580 5370964 4911023 8550857 730561 3700422 9040772 8870580 8870580 8870580 4720580 4720200 7790937 2761007 4720371 7790969 730741 9710519 730948 910580 910580 3230888 3471007 911007
3471002 9710285 7790857 9040880 8870770 730646 730580 6660304 3230646 8870580 8870580 730743 3470580 8190964 8601023 3930743 9350888 730930 730212 730646 730772 8190160 910857 520857 520743 7790857 8870772 7790857 730560 5370772 6770160 730043 5370043 2760043 7791007 2760894 7790200 7790964 7790424 7790894 7790896 7790043 3470006 9710006 9710006 3470872 730930 730772 730796 730888 730561 3230930 730767 731007 3230880 3700212 7791007 2760894 2760580 7791007 7790894 7790896 7790964 7090973 7790857 730894 2760754 730930 730857 730857 730228 2760043 7790894 7790772 7790894 7790424 9350212 730857 5370964 3230422 4720964 2761007 2760414 7791007 9710414 4720772 3471007 7090973 3700580 4720964 4720043 5370743 2760043 7790857 730857 3230212 3230772 3230996 4720772 4720772 7790857 3230212 730561 2760043 7790741 7790896 9040772 7790857 7790857 2760516 2760043 2760930 2760894 8190896 7790964 7790857 3390043 7790896 2760897 2760176 7790043 5370896 7790772 7790772 8190896 8190964 4720857 910580 8870772 2760880 6660880 6660212 2760422 730796 730796 3230527 2760422 9710880 7791007 7790741 7790518 8190560 7790857 4720043 4040200 3471002 7790937 8550857 3470772 9350519 9350519 9350519 9350519 5370519 6660880 3930519 730928 730519 730422 730422 7791007 8190560 8190646 8190770 5370964 2760176 2761007 2760176 2761007 2761007 8190964 8190894 7790857 7790519 7790937 7790371 8550580
7790772 6660212 6660800 6660561 2760924 6660924 730772 2750212 8870580 8870772 2750212 9350422 2760930 9350996 9350772 5370930 2760930 6660422 9350924 300422 8870772 5230371 3470872 9710371 3700880 3700741 4720371 3230739 3700872 9710527 7790772 6660527 730000 730880 9710422 3700043 7790964 8190857 3731010 3731010 3730004 3730004 8191010 1760973 8710857 8710996 3700833 2760996 730212 3230924 3700796 3470772 7790200 2760772 9350754 5370833 9350880 6660422 730880 3700212 9710212 9710212 3470857 9711007 3230924 3701007 3230350 9710422 9711007 9040880 9710996 7790924 3731010 3730602 3730004 3731002 3730004 8190857 8190422 8190371 8190371 8710857 9710767 300996 9710880 8710880 9710212 730833 2760043 730928 2761002 6660006 2760772 3700043 230872 9710772 9710864 8190772 3730004 3730638 3730638 3730004 3730004 3730004 8191010 8191010 7090973 8190371 6580212 6660422 9350924 9350006 8190560 8190160 9350741 230560 730422 6660561 730560 6661002 8871002 730071 730371 8870969 730928 4720752 8711002 8711002 230350 6660560 2760987 6660561 2760770
2760924 8190772 8870880 8190913 9040857 3471023 9350924 3700888 9350924 9350687 2760770 7790741 2760687 2760754 7790519 7790857 7790857 7790857 8190964 4630857 8190857 8190652 4630071 8190652 2760969 9350519 5370519 9350880 9350519 9350561 8190519 7790857 5370160 4720857 3471007 4720857 8190857 8190006 4040857 8191007 7980973 8190857 3730928 9350770 8190752 3470857 3700960 8190770 9040857 8190071 2081023 3950896 8190519 8190071 8190371 250519 4630857 3730519 4630200 1760973 1760973 8190880 8190071 2760006 7790857 9040772 2760371 7790857 8190880 7790857 7790857 7790857 7790857 7790857 7790857 8870743 8870969 5370741 9350896 9350880 8190741 8190930 8190894 8190857 3730928 8190580 4630741 3730519 8190857 8190857 8190857 8190857 3730993 8190519 8190741 8190580 8190857 8190857 8190857 8190857 8190857 8190519 5370071 9350888 9350770 8190580 8190961 8190496 8190770 8190913 8190580 8190857 8190894 8870888 8190580 8190894 8190741 8190964 8870743 8870424 7790857 4720857 3390371 7790896 7790371 7790414 7790424 3730422 9350414 8190752 9710894 8870144 8870942 4720857 8870942 8711023 7790752 5370894 3730743 4630200 4630200 3730646 4630829 8190687 5370930 1030043 5370930 250200 7790200 730743 2080741 5371007 4720772 2760741 2760114 2761007 5370741 1760973 7790964 4720964 4720200 5370960 3730422 8190896 8190894 7790896 7790894 3950896 8190896 7790896 7790894 7790894 3470043 7790857 3950896 4630937 7790896 7790894 3470961 7790964 7790752 3471023 9710071 3950960 2080200 8190404 9350422 730544 2760646 2760969 3731002 3730241 3731002 9710037 8190519 3730519 3731023 4630930 3730969 3730646 8190857 8190652 8190969 3930519 9710350 9710350 910857 3930812 3470857 9350741 7790652 5370960 5370071 7790518 9040580 7790894 7790741 7790424 7790969 7790937 7980973 7980973 3731002 3731002 3731002 5370752 8870743 8190580 8190913 4720964 3950896 8190969 8870580 7790424 8870580 3471002 8190071 8190741 7790857 7790857 8190894 7790964 2081023 7790896 8190896 7790896 3730833 3730422 5370888 5370888 8190752 5370894 7790857 8190880 8190519 7790857 8190519 8190519 4300519 7790894 7790857 8190896 7790896 4300857 4720743 8190646 7790969 4720964 3471002 4720888 7790741 7790969 7790518 3731002 1030282 3731023 4720857 8190519 3730519 3730519 2760519 8190519 1760973 3730519 3730519 4630200 3730993 8190896 8870770 9350743 8710924 8190857 9350870 5370960 3230560 5370071 5370964 3730268 3731002 8710987 5370770 8190071 4720741 4720752 7790741
3731010 7090973 3390071 5370043 6660422 730796 8710414 3230205 9710462 8710006 9710371 3730205 3730560 3730004 3730770 3730004 8190752 2080770 3470857 3930969 3470739 8190857 4720857 8190205 8190580 4720371 3230872 3250857 9710371 9040864 3230920 5230930 8710864 8710560 3470580 3230560 3230646 730961 910200 3930870 911007 3230984 4720961 3700969 4880973 4880973 1030638 1031010 1031010 1031010 1031010 4630424 9710772 8710772 2760373 7790752 2760920 7790964 7790857 2760371 8870422 730796 9710964 3471023 5370741 3230422 2760071 2760772 8190894 4630930 8190772 3730004 8190071 3470923 9710414 3700205 9710071 9710857 3700964 9040857 8190857 8190752 8190969 8190857 3230872 9710212 9710796 3700741 4020000 3700996 9710422 9040880 3471023 9710544 3470580 8870812 4720363 3390580 7790857 5370160 5370160 5370160 5370930 9350560 3250857 8710422 5370160 3930212 8190857 8190857 8190741 8190646 8190646 8190646 3930560 8870924 8710996 3700770 730560 730948 9710085 9040580 5370043 2760770 8870888 8710752 3470987 9710767 3730504 8190872 8190767 9710920 3730580 4630071 3230560 8710928 3230414 9710212 8190767 9350561 8190770 3730924 3730770 3730504 3730071 4630071 8190652 3730182 4630937 8190652 7790652 3730888 3730743 3730071 3730580 9710580 730752 9710752 8710646 3700888 9350996 5370752 9350741 8190404 8190964 3730496 3731023 3730920 3730646 4630043 4630424 3950888 730580 6660527 230560 2760516 3730182 3730580 4630638 8190896 8190652 3470857 3950960 8190652 4630580 4630043 7790770 7790888 8710770 2080770 9710920 7790964 8711023 4631010 4631010 3470857 8190857 4630580 2760580 8190580 2760960 6660160 3230350 3230930 3230422 3230924 4720969 730741 3230772 730937 3230969 9711002 7790894 230880 2760527 9710422 7790894 7790896 3470580 2080894 9710176 4720580 8711007 4720580 2080580 8190580 3730580 8710466 9710071 9710071 5230560 9710864 3700580 730580 2760961 730772 2760964 8870580 2760770 9710772 3700205 8710414 8710580 3230880 9710422 3250560 3700857 2760580 9710996 6660527 3230422 8710880 3470987 4720888 8190767 7790857 2760896 5370930 3470930 3470422 5370894 7980973 3730422 3730888
7790857 2760801 7790741 7790519 7790519 2760888 2760580 2761002 7790200 3700964 730888 4720857 8870580 8870580 4720741 8870880 7790969 4720741 7790424 2760809 2760969 731023 7790896 2760772 7790144 2760646 2760580 7790964 2760741 2760924 7790414 2760580 7791007 8190580 6660948 730857 9710580 8870422 8870580 730646 8870580 2760580 730772 2760928 8870580 8870518 8870424 3700741 8870424 730741 910371 8870812 8870743 8870580 8870580 8870580 7790857 8870924 7790371 7790937 2760580 7790857 7790857 8870580 7790857 7790200 7790857 8870560 7790969 7790741 9350870 2760930 730729 730870 9350930 730969 9350519 730930 8871002 730729 730857 8870414 730646 730928 3700772 730772 8870833 8870969 6660754 8870833 3700833 8870870 730228 8870580 730729 9350729 730228 5370743 730364 9350160 3700580 7791007 730857 730857 5370160 9350937 7790371 2760144 2760350 2760006 730006 8870144 9350741 5370519 9350519 9350144 9350560 9350928 3700739 4720857 3700961 4720371 4720857 3700741 6901023 9710741 3930205 8710996 3930212 8870560 7790857 7530857 5370371 3700857 5370741 5230872 8870812 3700969 9710371 3930857 3700205 3700857 8870969 3700969 3700422 9350160 520857 8190205 3700857 3700200 2760812 8870580 730580 8870580 8191002 7790857 730000 9350880 9350006 8870969 730969 3700857 3700205 7790652 9710996 2760996 9040772 7790205 8190812 250043 9350560 7790896 2760880 3470422 9710297 9710527 9710527 9710996 8870422 9350872 6660560 8870870 730857 2760754 3470772 9350772 3700205 5370894 9350924 8870969 8870518 7790969 8190580 6660872 8870580 6660580 9350560 8870580 8870424 8870969 730928 9710422 2760422 9710205 730996 730580 2760930 2760930 9350930 2760772 730880 8870880 9350880 8190580 730964 8870580 2760580 2760964 2760772 2760930 3470930 2760930 5370964 2760071 5370964 2760930 8190880 2760930 8190896 2760880 8190896 8190894 8190580 3470857 5230466 7790424 8190371 2760920 2760948 8710930 2760176 2760964 8601023 8870888 8190896 8190964 9350754 9350754 8870772 8870743 3700212 6660800 2760930 2760772 7790772 3470772 7790894 7790857 7790200 2760741 7790043 9710741 2760043 2760741 2760741 7790770 5231023 7790371 7790857 9350924 3930880 3700857 9350304 3700796 3700880 9040796 8190880 730880 730796 5370519 2760880 8190580 8190580 8190880 8190422 2760527 6660422 5370894 8870580 8870743 2760833 2760580 2760894 9710466 5370371 730857 7530857 3250857 3700796 3700422 8190741 2760894 4720200 3700200 8190752 3230880 5370043 3230796 230560 5230422 2760754 7790772 7790772 9350880 2760414 2760652 9350304 2760996 7790371 9040864 7790741 8190560 8190857 6660812 9710422 9040870 5370770 3230930 2760880 2760364 2760364 2760652 7790894 7790741 8190580 730646 8870580 9040580 8870969 9040580 3250857 7790741 7790741 7790888 2080772 2760767 7790772 7790752 8710772 3470006 9710006 8710872 9710782 3700864 9040580 9040987 8190371 8190071 5370741 7790857 9350993 3930796 3930880 3930422 3700043 3700739 3700857 7790857 7790371 7790857 5370741 7790969 7790969 7790371 7790741 2760006 7790857 7790857 7790857 3470043 3470872 8710646 3470857 8870743 3470961 7790371 9711002 3470772 9710371 9040772 9040857 3700205
3731023 4630930 4720043 230422 730422 730796 730043 730880 730043 2760043 2760422 7790519 7790857 2760043 730043 730212 2760896 2760930 2760930 2760772 2760043 2760646 2760767 7790857 7790857 3390043 3390043 8870888 2760043 6660043 2760930 8870580 730364 730580 730580 2751023 730043 3700519 2760371 3730638 3730833 8190200 8190872 7790857 730770 730754 6660160 4990160 4990160 8870969 730144 9350160 730857 730857 730857 3930857 9710857 520857 3700857 3700857 3700857 910857 520857 730422 730880 730857 3230422 730896 2761007 3700519 8550519 7790200 6660930 2760930 6660006 1551023 2760504 2760006 8190872 7790857 2760809 3390580 7090973 3390043 2760870 2760942 2760114 730414 730960 730496 3230741 730880 6660527 8870880 8870422 8550580 9040580 8870743 8870580 8870580 9040580 8550580 7790964 3470043 2760580 8711023 6660580 9350930 2760930 3230414 8870580 8870043 5370043 5370043 730729 730729 730928 8870364 8870043 7790424 3471002 8711002 9711002 730888 730948 730772 730960 230809 730770 730833 9710772 910772 9710772 8190969 8190969 7090973 8190160 2760580 7790888 8710872 730812 3930772 7790888 730969 730964 730006 730580 730743 2760580 7790741 230872 2760888 730812 8870580 7090973 8190857 7790857 230496 2760930 230809 230006 2760767 7790371 8870580 7790924 910741 3700969 910741 8871002 730772 730928 731007 730969 730772 730212 8870772 730796 4720772 730071 2760071 2760422 7790205 3470772 4720743 7790964 730801 730969 3700964 9710739 8710987 8710205 8870422 7790772 9040772 7790752 2760580 2760580 2760964 2760924 7790857 8190857 2760930 2760930 2760772 2760743 2760772 4630043 7790752 7790894 7790964 3390043 3390071 3700888 3230754 3230743 8870743 8870772 8870772
3700969 3700422 3700205 3700205 8190560 9040857 8190880 9040857 3470870 3470857 7090973 7090973 7090973 3390580 3390580 7090973 7090973 3390043 9040857 9040857 9040857 9350561 9710741 3700870 9710422 9710880 9350741 6660304 731023 7790896 8190857 3700888 9710739 9710812 9710923 9710496 3230304 3230996 3230422 3230304 3700969 3700770 9710414 8190952 5230466 3700580 3230422 3230796 3950896 7090973 7090973 7090973 7090973 7090973 3390580 7790964 2760071 3230071 3230880 9710527 3230212 8190857 4720741 8870770 3230646 3230880 9040772 3950896 5231002 730371 3230872 5370770 3730182 7790857 7790741 7790752 3470857 4630857 3731023 3730004 3730646 3730004 7090973 8190857 4630004 3730004 1760973 3730004 3730004 3730004 4631007 4630960 4630071 3230646 3230739 4020000 3470961 9710071 3700071 9350752 8190857 8190857 3730743 3730752 8600857 2080741 9710741 3700422 9350304 3930364 3700071 8710864 5230772 5230872 8190560 8190741 9710212 2080888 8190857 4630371 7090973 3700770 9710371 9710414 5230414 9710752 8710924 8710924 9710952 8710212 9710796 9710496 2080770 3700752 2760960 8710519 2760801 6770857 6660857 6660930 9350993 3700743 9350961 3230422 6660560 3230364 6660560 3930212 3930996 8710414 9710350 3930422 9350880 9710857 8191007 3230754 5230414 8710422 910772 9710772 9710212 8870880 3470987 9710894 8870770 9350924 9350561 9350205 8190894 3930212 3470833 3470772 9710857 3700888 9710071 8190071 2760964 2081023 7790770 3470857 2080772 3470857 7790964 2760924 7790857 8190772 3950896 3470772 3930857 9350880 3700857 3700752 3700770 3700888 9710414 9710969 8190857 9710071 2080770 8710752 9710891 8710880 9710928 3700888 8190770 4630580 8190580 8190580 3250580 4630857 3730580 3730420 4630960 8710466 3470580 8190741 5230857 9350741 3470857 910741 730857 9710995 730809 3230888
3700285 9350729 731023 5371002 730809 7791007 8191010 8190969 9350371 3700870 9350870 3700870 9040870 9040870 4750870 730580 5370519 2760930 2760496 230496 7090973 7090973 5370888 4720857 4720363 6660948 8870870 8870870 4720752 3700969 730969 730969 5370752 8190857 7090973 8190961 8190071 9040987 8870772 7790770 3251007 2760422 2760960 2760422 2761002 7790870 8870870 7090973 5370770 2760646 7790424 2760948 3250580 3230414 8190371 7791007 7790741 8190466 7090973 8190961 730414 2760870 730870 3231023 8870870 4720741 7090973 7790857 9710006 7790371 2760924 7790770 7790964 7790964 9350006 3930212 8190857 3930770 3930857 9350560 910043 910857 910043 520071 3700928 3700896 3700864 3700870 3700364 3930880 8870870 520969 4040200 7090973 7090857 7090973 4630969 7090973 3250580 8190857 4720857 3230414 730961 3230920 9711007 8190857 8190772 7790371 2760516 2760772 2760930 2760422 2760772 9710212 7090973 7090857 7090973 3390043 4720857 4720371 3230872 4720371 4720741 3471007 4630371 910200 730948 4720043 4720857 4720043 4720741 4720043 8190857 8190857 3730646 8190969 2760422 7790896 8870880 7790894 730948 3250580 4720741 4720964 4720888 7090973 7090973 7090973 7090973 3390580 7790896 7790964 3950960 9040857 3700212 3700857 7090973 7090973 8191023 7790894 7790894 8340519 3950896 7090973 7090973 7090973 8190767 9710923 3700580 9710580 8710580 8711007 9710782 4300857 4300857 7790752 3470285 7790752 9760200 9350924 7790371 2760560 8190422 8190580 7090973 3700752 8711002 8710969 3470772 9040580 8190767 7790770 2760767 230952 7790770 7790772 7790741 7090973 7090973 7090973 7090973 7790964 7790964 8710987 8710888 3470441 9040796 520743 910205 3930796 4720200 730969 3931002 8870969 3701007 9710964 8710928 3471023 4300519 2760924 3471023 7790894 7790964 3470580 7790770 2760580 3470043 7790888 7790888 910580 910043 3230304 3230996 3730004 7090973 8190071 8710212 9710969 9710996 8870580 9710964 3950888 8870969 8870969 910969 3700870
8870422 9350812 3390580 8550857 3700833 8870772 5370772 7790894 2760144 6660527 731023 3230422 730928 730228 5370519 731023 730646 8870580 7790969 7790969 8190646 8190422 6660996 8870772 9350928 8870580 7311002 5370519 5370896 7790969 7790519 7090973 7090973 8870043 7311002 8870772 7790518 8870043 7790770 9350144 8870969 8870144 9710920 730228 730894 3230071 8870924 910729 4040200 911007 910729 910857 910857 730580 730969 730969 730282 730364 730741 9350519 730857 7791007 9710453 4720371 9710371 8191007 5231023 7790371 730857 9350160 2760930 7790371 7790857 7790857 730894 730948 730580 7790888 8190466 5370743 8190466 3950896 2760364 6770160 9350519 2760930 6660212 8190930 4630071 8191023 8190880 9040857 520741 9710462 3930857 730857 730228 4720743 910200 730961 910772 910580 730646 7790964 7790964 2760772 7790888 8711023 8871002 730646 730646 730646 4720043 4720043 4720741 4720741 4720741 8870770 2760969 730496 730519 7790969 730560 730560 8870969 4040200 3391007 7790896 7790741 730741 5370043 730580 5370043 5370772 730043 5370043 5370043 5371002 5371002 5370974 2760652 9350687 2760560 9040880 3470006 3470857 8550857 3390371 730228 6660857 250200 250071 5981023 3950888 730580 730580 730833 2760772 8870772 8870833 8870772 8190964 7790729 8550857 3700857 9350519 5370519 730519 7790961 8871002 7790969 4720857 730228 730743 8870770 8710580 3700880 4630752 4630580 3470857 2080741 911007 9350930 730364 8870364 2760872 2760652 2760371 5370743 730071 730071 730964 730043 730964 730964 8870043 730646 910729 730228 9350888 730282 910857 730888 5981023 7790896 8870743 7790896 2760687 9350516 6770160 6660930 730930 4990930 9350930 730772 730772 730729 7790857 2080414 3470923 3730741 730930 8190414 3730993 2760414 9710870 3470870 9040870
4630930 8190519 8190969 9350687 9710960 9350741 3700960 3700770 3700857 3930870 8870969 9040870 7790870 9350304 3930880 8870870 9350812 910560 3471002 2760920 7790964 3470987 7790888 3730004 8190969 3930924 520743 3470580 7790964 7790894 3470441 2760743 5981023 9350743 9710870 9350212 3700212 3700364 3730646 8190857 7090973 4720888 8190961 8710176 8190071 8191010 3730004 730646 9710037 3930414 8711002 9710037 2761002 7790519 2760404 7790770 2760752 7790888 7790857 730857 9710580 730857 8711002 730071 730960 2760920 7790772 2760920 7790964 3950888 7790964 8190920 3700928 3930796 3700364 3700212 3930796 3930870 3700870 9350870 3930212 8870969 8870518 8870969 9710371 9710888 7790043 730948 3470043 9710496 8191007 3930857 8870888 910857 8190969 8190952 8870888 9710961 8710770 8190969 3730004 8190071 4630743 3471023 730888 730928 730928 7090973 7090973 3470580 9710006 4720371 4720371 4720741 4720743 7790964 7790964 7790752 7790043 9710422 9710809 9710176 9040880 9040580 520969 520969 3470739 910646 9710519 7790371 2760872 2760964 1030993 250519 250043 2760743 7790888 9710864 3470580 9040580 7790896 3470580 8190741 3251007 4720857 2760920 2760952 2760960 7790964 7790888 910544 910857 910857 4040200 520857 9710969 4720043 3930205 911007 730006 4720371 730741 2760646 2760741 2760741 7790870 2760743 7790371 7790752 5370371 1030993 1030993 250519 250200 4750870 3471023 7790770 7790424 8870580 2760924 2760371 2760741 2760176 2760752 7790770 7790371 7790414 7790601 7790896 2760580 730580 730580 2760580 2760580 2080580 910741 910741 910580 7790969 3471023 8190964 8190896 7791007 8190071 8710414 730857 8190580 5231002 730422 3230560 4720969 7790371 8190006 8550857 520071 3700969 8710924 2760888 2760872 3470580 9040580
730948 4720580 8870580 8870743 8870580 8870772 8870580 9711002 8870580 9710580 730560 8870580 8870580 730948 730580 8870580 8870580 730948 730580 730580 8870580 4720580 8870580 8870043 730561 730880 8870580 2761007 730114 730580 7790741 8870580 730924 3250580 9711007 3700580 8870043 7790772 8550580 730580 730580 230809 730772 7791007 7790371 7790924 3470923 730228 8870580 4720371 730006 730371 3950896 3700071 3700071 3700770 2570519 250071 2760964 8870833 3700519 2760422 6660800 7790964 2760880 8870743 3470285 3470739 730772 730880 730930 730896 730754 3230928 3230422 730857 3700200 3700857 3930857 8870969 3700519 3700833 8870833 730729 730282 3931002 730772 730043 730422 730880 4720772 7791007 7790894 230504 2760772 230350 2760350 730833 8870580 5370754 5370833 2760580 2760754 2760414 2760952 7790424 4720752 730496 2760496 2760580 731007 7791007 4720580 4720580 4720043 730646 3230205 730812 3230560 730000 7790772 7791007 8870969 6660930 730833 8870772 730200 8870772 730928 730212 730772 730772 2760772 8870772 7790772 3470772 4720752 9710371 9350872 3931023 730969 3230930 731023 2760687 2760580 2760043 7790772 7791007 7790829 4720741 4720043 4720772 8870414 7791007 7791007 730772 730580 8870772 8870772 730754 730924 8870580 7790772 3930772 3700864 730928 730928 730580 730948 7791007 7790752 8870580 7790894 2760754 2760752 2760772 7790772 230414 2760043 730767 2760646 2760960 730646 2760948 8550519 8870770 9350144 730888 730870 730519 730801 730519 730519 2761002 730519 730646 730519 8870580 730772 730772 2760833 7790200 2760580 2761002 7790371 7790772 730580 8870580 730212 730752 230560 730560 9710466 4720752 4720580 3700969 5370282 5370282 4720043 4720964 3730004 4630638 7090973 4630004 7090973 8190466 8870580 9710496 730414 7790857 3390043 8190857 7090973 3471023 3470285 3390371 7090973 4630741 7090973 7090857 4300857 7790888 8870580 7790961 7790894 8190652 4631010 7090973 7090973 7090973 520857 730282 4720772 730888 4720741 8710646 730071 3230071 2760969 2760969 2760350 2760924 7790200 730772 8870043 730350 730114 8870772 8870043 7790894 7790424 3230920 8710987 520743 910200 910969 910200 8870969 4720200 4720888 5370282 731007 730969 911007 8870969 8190969 5370160 7790857 7790857 7790857 8870743 910729 910741 8870580 730969 730888 9711002 4720888 7790752 9040987 7790888 8870743 9040772
5370833 2760741 7790200 7790870 7790870 7790519 7790144 7790200 5370833 5370833 4990857 7980973 5370200 730729 9350870 9350560 7980973 9350754 730928 8870770 8870580 5370833 3730833 3730833 2760964 7790888 3950896 8190519 5370833 5370833 9350754 7790857 1030993 5370481 1031002 1030282 7311002 7310200 7311002 5370974 8190519 6771010 6760700 6770857 5370519 6771010 9350870 5370930 1030282 7980973 7310560 9350414 7980973 1030969 7310200 1030200 1030292 4880973 4880973 1030857 1030928 7310646 8190580 250200 9350772 5370519 5370772 5370772 5370772 5370772 5370772 2760371 2760930 2760969 4720200 251002 8870772 7790200 7791007 7790200 7791007 7790772 8190857 3730928 9350371 5370752 9350772 7980973 7980973 730371 2760205 9350560 5230037 9350006 9350560 730414 3470923 9350924 3730228 5370741 9350870 2760371 8190857 3250363 8190580 5370754 5370519 5370754 5370519 5370754 6660754 250519 9350519 5370519 9350519 250580 7790200 9350519 6770160 5371002 4990857 8870043 730796 5370043 7790200 8870772 7790200 7090973 8190519 9350741 2760741 2760928 5370930 6660996 6660880 2760560 6660422 730071 9350880 730205 5370772 2760969 2760969 7790969 7790772 8190969 8190857 8190071 9040857 8190371 2760371 2760371 6660043 5370371 9350212 9350212 9350930 9350924 9350913 5370371 730754 5370833 5370754 9350519 730729 250580 8870580 7790200 5371002 5370282 730857 5370772 731023 730228 5370043 5371002 5370043 730857 7790200 730646 5370833 9350006 9350930 5370833 5370930 5370519 730519 5370833 9350519 5370519 5370371 7310646 9350519 8190770 7790741 2760200 2760006 2760833 5370833 730857 730930 8870833 5370772 8870772 731023 8870772 6660880 2761002 8190772 6660561 9350371 8870772 2760930 2760371 5370772 7980973 7310004 8190519 1760973 9350519 7790857 7790857 730969 730969 730857 730857 2760205 730809 8870969 2760767 9350729 9350770 7790200 5370974 730544 5370519 2760200 9350729 9350729 7790729 8870518 250519 7790519 5370519 730519 5370772 5370371 7790772 7790729 2760043 5370930 730364 8870043 9350729 2760741 2760924 2760516 9710519 7790888 7790888 5370282 8870205 7310646 5370930 5370741 730071 9350772 6770160 5370371 2760772 2760772 5370752 5370071 2760928 2760928 250071 2760928 8870580 730928 5370833 7790200 731023 8870772 8870969 7790200 5370519 5370519 5370519 5371007 5370519 5370519 250961 250961 3930924 3230205 3230739 3930996 3230006 3930772 730560 1920857 8870969 730754 8870772 4720772 730812 4720200 730580 730754 3230880 3730182 8190961 730857 7980973 5650857 9350743 5370071 9350964 730928 8870888 4040200 4720857 7790857 8190857 7090973 9350516 730894 730857 730144 910857 730144
7790741 3470285 7790144 3470285 8870580 9040580 7090973 7090973 8190580 8710857 7790770 2760880 2760527 2760770 2760770 3470772 2760504 2760770 2760752 7790519 2760504 9710422 730770 3230969 730928 730969 8870743 3700969 3230872 300872 6660924 3700960 3930414 3470285 3930741 8190752 9710496 3700969 3930924 520741 7090973 3730872 8190857 8191010 8190006 7090973 7090973 9710812 8870812 2760404 9710519 4300519 8710519 3930741 8190942 7090973 8190857 8190857 7090973 7090973 3230924 9710928 3700924 730114 730924 9040857 7090973 7090973 7090973 7090973 3390580 4040200 4040200 4720969 910646 8870969 4040200 4720969 8870580 7790937 8870560 730930 730857 730857 730857 730857 8870424 7980973 6660857 6350646 7790205 2760516 730894 730896 8870888 5370894 8190071 730857 730071 2761002 730964 730870 730212 730743 730880 730880 730796 3230796 730857 5370160 730857 730857 730857 730857 731023 730928 8870580 730000 4020000 730205 730996 730205 6660304 5370160 730560 730961 730857 6900466 5231023 730969 730772 730772 730752 3700200 730870 3230888 730928 6901023 2760752 230952 730350 730857 2760006 5230872 5230371 5230519 5230350 5230519 5230371 1551023 5231023 910371 9710880 3930560 9710996 9710739 4020000 300996 3700205 300996 3700880 4880973 3730580 3730004 3731002 3731002 3730004 8190857 8190646 7790857 230414 230809 730752 3230928 6580212 3230880 9710006 910924 5230646 5230969 5230969 5231023 9710414
9710006 3950960 2080770 8710888 3470580 2760580 2760920 2760752 9710923 8190880 5231023 6660872 8190205 1600973 1600973 3730638 3730872 3731010 3730004 7090973 7090973 7090973 8191007 8711007 3230071 3230527 3230880 3230796 4020000 9710996 9710422 9040857 2750857 910071 3931002 730729 730729 3230969 910205 3230646 3700772 3700969 520071 3950560 7090973 3730371 3731010 4631010 4630913 7090973 520857 3700964 4720888 1600973 7090973 7090857 7090973 7090857 8190071 2760741 3470285 2760741 9710857 8190857 2760809 2080414 3730004 7090857 7090857 4631010 7090973 7090973 7090973 3470857 730371 730580 730580 8870870 730928 4720969 3700964 3930812 3700969 3930880 3930996 8870580 3470580 7790857 3470422 9040880 7790964 3470422 730006 8870580 8870833 3700961 8870888 7790961 7790371 9040580 2080580 730282 8870880 3930422 9710809 5230969 3930796 3700969 3700212 9040796 3700796 3700071 3730228 8190857 3730004 8190857 9040857 3230880 520741 4720743 8190857 4630857 3730646 4630580 8190741 9710964 8710888 8710888 8710743 8710743 9710071 3230872 9350872 3230880 8870422 730857 3700200 3230646 520961 3230996 730961 730729 910200 3230560 3230739 3930812 9350993 3230796 3230796 9040857 3230924 9710527 3230560 4720743 730872 9350770 6660741 2760560 6660304 6660996 730772 6660422 6660422 2760527 6660422 2760371 8190942 3700205 3700880 9710212 3700857 9710857 3701007 2750857 730228 730857 730228 5370282 8710743 2750857 3230812 730282 3931002 730961 730228 730200 730580 730969 730282 730872 8870580 8870043 9040580 7090973 7090973 3731010 7090857 4630043 8190857 7090973 730414 3700580 3930205 3930870 3730969 8190857 3230872 3700864 3700864 300996 730741 731007 730969 730924 730687 2760942 2760043 730560 7790200 8190772 8190772 8190857 1551023 3700833 3700205 3700996 300422 9710043 3730004 9710466 3730004 3730004 3730004 3730004 8190857 8190404 8710857 3930857 730729 3230739 9350930 730857 9830996 3701007 3700043 3930043 8190880 3730638 8191010 3730004 3730646 3730004 8190930 8190930 8710857 9710930 3730182 3730942 3730004 6900466 5230930 230924 3230527 730212 2760996 730560 7790894 7790894 7790857 910580 3700580 9710006 7790200 7790857 4300519 7790857 7790857 3470043 9710741 5230872 9710809 5230969 910969
3471023 7790857 3470987 3470857 9710496 9040987 8710857 8190952 4630752 8190770 7090973 7090857 3731010 7090973 7090973 8190580 3470580 3930422 910741 4720743 4720743 8870888 7790964 8710888 9040580 2760872 3470923 2760741 2760741 8870205 2760741 3730004 1760973 8190930 8870580 9350371 8870969 910422 3470782 9710071 3700770 9710729 4630913 3730004 7090973 7090857 7090857 7090973 7090973 7090973 7090973 7090973 4630004 7090857 4630580 7090857 4631010 4631010 7090973 7090973 7090973 7090973 7090857 7090973 7790200 7790857 9350996 9350560 730043 730857 730812 5370888 8190952 3730004 3730004 3731010 3730004 3730004 7980973 3230212 2760752 2760888 3730519 2760580 2760770 2760071 5370743 6660812 730212 7310560 8710930 8710772 9710930 8710043 1760973 4630857 4630752 8190770 9350729 3700364 3700743 3700752 3700880 910741 5231002 910371 9710504 3470782 8710519 3470285 8710772 8710043 9710772 8710772 7790772 3470772 3950960 9350743 730857 730580 3230796 3230880 4720888 4720888 7090973 3700857 8710928 2760770 2760964 2080772 8710466 8190466 8190071 8190071 8190770 2760043 2760516 2760043 3470043 7790770 7790894 2760767 7790894 3470772 2080200 7790894 2081023 3731023 3730519 4630772 3731023 5370801 4630772 7790857 7790857 8190894 7790894 7790652 3471023 3930743 8710752 9710071 3230071 8190942 9350888 730580 730580 2750212 3700580 2750857 3730580 7980973 1760973 3730004 7980973 3230930 730948 730948 300422 8710580 3230350 3230006 2760741 3730071 8190772 8190964 7790896 2760770 3470772 8870043 3730043 6660857 2760743 730812 7790888 7790857 9710743 7790857 8711023 4990857 910857 910857 9710544 8710205 6580212 3230304 910071 3230414 911007 4720371 8190942 8190961 8190920 9040857 8190857 8190952 9710857 730114 3231023 3230772 730561 730741 5231002 8870772 5230350 7790888 520071 520857 3700969 3700796 2080770 4720371 8870880 9040580 910205 7090973 3730004 9040857 7090973 3470857 9040857 8190646 8190580 8870969 9710006 910371 520743 3930796 3930872 3700969 3700414 9710212 3930796 3700741 3700969 9710212 8190741 8190857 3730646 3730870 2760580 2760580 9710043 730006 7790371 8870212 9710043 9040796 3470043 8870942 3470739 3700880
7790857 2570519 4720964 3230924 730809 3230212 3230304 9710996 3470961 3230071 3230812 9710987 9711007 2760924 2080580 3470043 9710864 8710176 8870743 3470580 8870743 8870743 3930371 9710205 9711002 910371 3930741 9710575 8190964 8190006 8190857 7090973 7090973 7090973 7090973 7090973 7090973 8870743 3951002 7790937 4720772 8870743 7790937 7790729 7790729 2081023 2081023 3731010 3730964 8190894 4630580 2080200 3230560 730560 2760043 9710864 7790894 9350993 7790601 8190519 8601023 9350212 3730646 3730004 8190964 8190894 3950896 8870924 2081023 2760942 7790741 4720741 3931023 3930880 3700422 3930796 730880 9710527 3250580 7790969 8870424 8190071 3470580 9710920 8870560 2080987 2080888 730888 8870580 730580 730743 730948 730948 8870743 910729 730729 730969 910200 910580 910200 8190857 3730969 4630969 3730004 4630371 4630752 4630004 7090973 7090973 7790518 7790857 8190687 7790829 7790518 7790729 5370160 9710923 9350942 8710466 8870743 3470923 8870743 8190700 3470772 7790424 4910857 3730004 3730829 8190404 7790729 9710205 8710969 7980973 3730580 5370160 5370371 730857 730857 730924 8870772 9350371 9350687 9710772 3470782 8190371 1760973 3730602 3730602 3730602 8190160 3700964 8190071 7790857 8190071 9040857 910857 7790857 730857 8870942 730646 4720371 3471007 4720580 8870580 3250580 9350687 9350560 8870942 3250580 8870942 3700857 3700580 3700422 3230527 3700580 7790896 5230422 3700422 3230304 3230996 730560 5230422 9710297 9350996 8190422 8190741 8870580 3230996 9710527 730812 8710580 8870580 8190071 3250580 9710580 9350560 730996 9710519 3250580 730812 730000 730561 9040580 8870580 7790857 8870424 7790741 7790772 7790200 8190857 910857 3700857 3700857 7090973 3730638 7090973 3731010 3731010 7090973 1760973 3730004
2760930 2760996 7790560 2760880 2760920 8710930 2760928 7790519 7790519 8870772 730833 5370833 2760519 2760928 2760560 7790371 7790894 9040870 2760772 2760928 2760928 2760772 7790772 7790857 7790894 8600857 5370772 5370772 1760973 2760964 5370964 7790772 7790888 7790964 3950888 2760754 6660880 2760833 6660527 6660754 2760833 2760833 730772 730928 8870833 8870772 8870772 7790205 7790424 8340519 2760371 3470872 2760930 730870 6900872 6901023 520741 3230864 730924 730580 8870422 730812 730580 730948 8870580 8870043 3390043 5370801 7790888 3390071 7790652 7790770 4630004 6660754 7790652 2760987 7790652 7790857 8870772 7790857 7790857 4630772 7790652 8190857 9350212 6660880 9040857 3470422 9710422 3700796 7790560 9040772 7790560 7790560 8870043 7790560 7790205 730961 9350560 5371002 8870580 8870969 910544 9350961 8870580 3390752 8190857 3950960 8550519 7790969 8870969 7790969 8870888 9710796 2760920 3470870 5370071 3470441 3230880 9040772 9710527 730560 2761002 7790937 7790424 8190772 6660996 230422 730519 730833 5371002 730969 5370043 5370772 5370043 730043 5370043 520857 8870969 730880 7790969 2760754 5370519 6660754 2760754 8870043 5370772 2761002 9350772 7790519 8870888 8550519 7790964 2760743 2760964 7790896 2760519 2760144 8190870 2760920 2760767 2760646 2760754 2760880 2760928 2760496 7790894 2080772 7790200 730205 6661002 9350930 730729 730801 730200 5370772 730200 2760200 9350519 8870364 7790829 7790205 7790200 7790519 2760560 7790424 730928 3931002 730544 730930 2761002 5370896 9350964 8870772 5370772 7790772 7790964 7790752 2760928 2760519 2760646 2760880 2760176 7790964 3471023 2760888 7790888 7790857 3390071 9710519 2760652 2760071 2760496 2760770 2760504 3700770 3470422 7790894 8870833 2760519 2760833 9710212 2760176 8550519 8550519 2760928 250519 2760872 9040864 2760560 2760996 7790894 2760772 6660212 2761002 7790772 2760772 9040772 7790772 2760772 9350561 2760772 7790729 7790424 7790519 2760964 6660880 6661002 730870 730796 730928 730896 8870580 8870888 7790200 2760743 2760888 2760880 7790560 7790888 8190519 2760422 2760422 730729 6660754 730833 730833 730519 8870833 8870043 730043 730872 7790741 8870518 7790857 2760043 230924 2760580 7790043 8870580 7790371 2760772 2760772 7790772 2760833 7790772 8870772 7790519 8190913 2760741 2760872 6660872 730928 3700580 8870580 730228 8870580
730857 5370896 730930 3470930 730857 730743 730880 730812 730646 730796 730371 9350930 2760894 730857 730743 730857 730894 730896 6660304 2760371 230741 2760960 730519 230809 2760741 730880 2760205 2760441 2760969 8710930 2760888 9350304 230963 2760888 2760888 2760964 730964 2760888 2760071 230924 730960 6660580 2760743 730857 6660930 730894 9350519 730857 730857 730801 730071 730560 6660527 6660160 730422 9350870 2760888 730964 2760743 730857 730924 730964 6660160 6660460 2760964 2760580 730964 2760371 6660371 730743 9710205 6660969 9350212 6660996 2760894 730646 7530857 300422 730796 9350880 9350880 9350896 730857 730894 9350880 9350212 9350561 6660800 9350772 6660880 9350772 6660561 730857 730796 5370752 730212 730888 9350880 9350212 9350561 9350930 730796 730857 8870580 6660880 3230212 730561 3230796 730880 6660212 730212 6660561 8870772 730580 730561 6660880 3230212 730544 730646 8870772 730857 730796 730937 2760888 730071 730857 230872 730561 730796 3230371 730924 9350894 9350687 9350996 8190772 730809 2760580 730924 6660371 730894 3230071 730857 730888 730371 3930741 9350888 10220857 9350772 9350772 9350930 730857 730857 8870772 730857 730752 730743 730928 3230930 730928 730544 730071 3230422 730896 730071 730114 730888 730772 730772 730896 730772 730960 730687 730371 730114 6660857 730857 6770160 9350772 730857 3230519 730752 730580 730928 730928 730928 730743 730544 730071 6660580 730071 730924 730960 730371 730888 9350993 6660006 730870 730960 730857 730960 730496 8710930 730646 730741 730928 730560 6660580 3700200 3230496 3250371 3230527 3230422 5371002 730960 730809 8710560 9350743 3230743 3230739 8870144 2760560 3230071 3230071 2760896 730071 5230646 5230872 730809 9710285 8870772 730888 6660872 730857 730960 8870812 8870888 2760964 3230743 730371 730743 3230752 230504 8710580 3250371 8870424 8870888 730114 730560 730880 730888 3700422 2760743 6660560 8870743 730770 9710519 730796 730880 3700580 3230519 2760371 730767 730561 9350880 8190752 2080200 230006 2760371 2760743 2760176 2080888 2760741 9710414 730857 730414 5370964 2760770 730743 2760071 8190071 2760964 2760043 2760741 2760964 7790043 7790964 730964 730350 230350 2760350 2760176 7790200 7790857 2760371 2760741 2760371 2760888 2760646 2760743 2760888 2760942 2760043 2760743 8190772 8711002 9710928 9350414 9710772 730212 730880 5370071 2760741 2080770 2760176 7790969 2760741 3470772 9710888 730796 3930205 730560 5370743 8870364 8190741 9710519 8710519 7790752 9710743 7790894 8601023 8191007 8601023 7790200 8190519 8870888 2760752 9040772 2760924 8870414 730580 3930205 5231023 2760371 5370743 3250857 7790770 8870888 9710891 9710741 2760969 9350924 2080414 9710739 8870969 730896 3930560 9350896 9350993 9350913 910043 9350996 910580 7790896 3471002 911007 8870888 8870969 730924 2760741 730880 2761002 730364 9350772 730964 8711023 9350964 8870743 8190969 5230037 8710205 730969 9350560 8870743 9350928 2760961 3930519 8190969 8190969 8190857 8190519 8190930 9350743 9350888 9350872 230504 2760770 230767 8710996 230560 8870422 8870888 3470580 9710519 9710987 730743 3930872 2760350 910205 6660880 8190812 8190969 8190071 8190205 520071 8710930 730857 8710205 3930560 730770
8190857 8870580 3930212 3931023 8870969 4720580 730580 730801 2760350 2760969 7790144 7790200 8870772 5230872 9710371 8190160 8190857 8190741 6900466 2760580 230872 3230872 9710864 3230414 2080741 2760527 2760043 7790560 2760422 9710812 7790964 3470580 7790888 3470580 3390043 7790857 8870743 8870743 730969 3930924 3700205 910580 730729 8870580 730580 730857 730364 730928 910729 910937 910937 8870580 3230880 730857 3230422 3700205 730857 3700969 3700200 520969 520969 7790043 2760371 2760560 2760006 2760560 9710575 2760422 8190466 8190857 8190422 3230422 3230880 4720857 3230812 3230812 6900872 9710350 8710350 9710888 9710350 5230350 2760942 5370924 3250857 9710527 5230422 3230812 3230205 3230527 230880 730422 6660527 2760422 230422 3230880 3230996 2760801 2760897 8601023 2760516 2760422 7790519 2760896 2760996 9710371 9710864 5230037 8710414 5230646 9710864 8190371 8870580 730928 730928 8870580 730580 730228 730928 730228 730228 8870580 8870580 8870580 731023 730228 8870833 730228 730228 2760043 2760580 7790857 8190580 3730580 8190857 8190857 3950888 7790937 250519 2760176 2760964 2760754 2760772 7790519 2760743 2760422 3470580 2760071 730924 8870888 9350752 3230770 6660422 3230880 3230560 2080770 4720743 7790857 9710371 3470857 9710453 9710864 2760371 230920 2080772 7790964 9710964 7790888 4630741 2760888 2760176 7790896 7790964 7790857 8710043 9710504 9710995 4720888 7790888 2760812 2080888 7790888 8190519 8190801 8190177 9760857 8190687 4300857 5230857 5230414 3470923 3470857 2080770 5230872 5230414 9710741 8870743 5230646 520071 9710414 2760414 2081023 7790857 230857 2760930 2760043 5370772 230880 3230212 9350422 730857 7530857 3230796 9710864 3230872 8190414 8190767 8190687 9040857 8190767 8190767 3700969 3930796 3700796 9040857 8710770 9710422 9710729 3700857 3700770 3700205 3700743 9710888 9710350 9710350 3700864 3230888 730000 730000 6660527 9710422 730857 9350741 6660857 730928 6661002 730580 730212 6660561 730996 730422 6660880 2760580 6660460 730043 2760043 730580 730812 9040580 8870560 4720857 3250560 9710205 3470739 2760961 4720964 3471007 8870580 8870580 730857 3700519 3700580 8870880 8870580 3230212 4720743 7790969 730880 730888 3930519 3700519 730205 8870580 3700857 910857 3700961 3700212 8871002 5370801 8870870 3230646 8870422 2760652 5370519 5370519 9350928 6660880 6660212 9710422 8870969 3930205 3930560 3230743 3230071 3230205 3230205 3230888 730228 230880 2761007 2760371 2760371 7790741 7790205 3470772 730043 2760043 7790772 2760772 2760772
9710920 8710466 8710466 7090973 8190857 7090973 7090973 8190857 9710414 4720371 4720857 3700961 4720857 8190772 9350741 3230006 5230466 5370741 3230872 6900872 5230350 9710006 9710006 9710864 3700580 7790924 9710371 730969 730743 730729 730000 520942 730928 3700580 4720772 3230741 3230928 3930741 730228 730646 3250580 730228 730924 3230371 4720580 730364 730580 4720969 730969 730812 9350304 8870580 8870424 8870580 910857 8870942 6660812 9710864 5370894 8190580 9350743 910205 9040857 9710888 9710964 3250580 8870743 8870829 8870364 9040857 8190700 7530857 9710894 3700969 3700205 8600857 910200 3930812 9350560 9350560 7790200 730071 730857 7790964 730928 7791007 8870580 9710580 8870812 3700200 9710422 9710969 9710880 8870580 7790857 9350928 730371 2760961 4720857 8190772 730741 9350560 6660741 730880 730646 730212 730870 4720772 3230752 4720200 3230872 8870888 730580 3230496 2760364 2760894 2760894 2760422 2760580 2760880 2760894 2760896 2760580 8710580 8710212 8710996 5230422 8710580 3230741 910580 3230527 3230996 9350422 3731007 5370741 9350812 9350961 8190913 2760580 2760205 2760743 2760924 2760071 2760371 2760964 2760964 2760350 730928 2760961 730646 730371 730964 3230872 730519 3230743 2760888 4720743 4720743 4720743 9710519 8870743 3930924 8870743 730371 730071 730894 730580 8710580 3230996 911007 910580 910580 3230969 4720743 3700743 3700752 9710071 730071 3250580 5231002 5231002 7790371 7790894 2760948 2760580 2760176 9350144 9350743 730880 5981023 8710770 2760752 8190964 4630741 3730560 8190741 4630752 8190894 9710071 8710770 910544 910580 3230560 9710580 2760888 5981023 9710205 2760896 9710580 9710176 9710894 2080770 2080770 9710496 9710519 730580 2760580 2760870 2760870 2760176 2760743 2760888 8870580 2760948 9710297 2760580 2760580 2760580 730880 2760580 730880 730796 5370371 3730580 8190857 250071 8190580 2760580 2760942 2080894 2080894 9350880 3700741 8710414 5230350 3700896 9760964 9710297 3700796 3930796 8870580 9350212 730371 2080580 2760872 2081023 2760114 2760516 2760809 2760043 7790888 2760560 3470772 3470772 8190404 5370888 5230930 5370772 9350422 8190857 8190741 8190652 8191007 9350743 730071 2080580 5230350 8711007 9710996 2760560 9710422 3230812 730948 2760580 2760580 9350880 2761007 8710422 730937 8710872 2760371 8870580 8190741 8190071 8870969 8190371 8190969 8190422 3950888 8190646 8190741 8190580 8190580 8710857 3700857 300422 3700928 3700752 3700960 8710212 3700770 9710544 2080200 8870043 730857 3931023 3930743 730560 8870580
null
null
3390043 7790043 251002 251002 3951002
250969 5370841 5370481 5370841 5370519 5370519 7790519 5370404 5370833 7790729 7790729 250969 3731002 5370481 250969 3951002 7790937
null
null
null
3951002 3951002 5371023 1030928 1030857 4630937 251002 7790937 6660857 9350741 7790200 251002 5370841 8191002 7790424 1030292 5370841 5370404 5370404
null
3730228 9350928 7311002 7311002 7310857 7311002 9350652 1031010 3731002 3731023 1030282 1030961 3731023 1030857 1030292 1031010 1760973 1760973 3731023 250200 4630913 250200 250200 250519 250519 5370519 251002 250200 250200
9350928 3730928 9710960 7310129 7310205 7980973 5370200 9350200 9350937 8191002 9350519 8191002 8190422 8870812 9040857 8190646 8190857 8190752 7310646 9350743 3730241 7980973 4990857 9350770 9350888 3731002 5370544 8190652 5370960 8190969 9350928 4990928 6660857 3951002 8870772 9710462 5370519 2760646 3951002 5371002 5370519 5370519 8550519 4990928 1920857 730200 730519 8870772 8870580 4040200 4040200 730200 7790200 3951002 7980973 8190961
250969
8190496 3730519 9350928 6660857 9350560 9350937 4990857 10110857 4990857 9350752 4990857 8190200 4720857 8190700 8190652 8190857 4630969 7310363 3730752 9350371 3700857 6760266 3730430 7530857 3250857 3730984 3731002 3730200 3730419 3731007 9350560 8190419 1030638 7790937 5371023 1030282 1031002 250200 1031002 1031002 1030993 5370481 1031002 1031002 1031002 1030043 1030282 1031002 6770857 1030282 6770857 1030638 1031002 1030282 1031007 1030282 1030282 1031007 1030282 5370974 250200 5370772 250043 5370859 5370841 5370519 5371023 1030993 1030282 1030993 6770857 1031002 1031002 6770857 1031002 7980973 1030969 1030282 1031002 1031007 6770857 5370200 1031002 6770857 5370200 1030282 1030993 5370841 5370519 1030282 1030282 1030282 5370481 1030928 6770857 5370519 5370200 1030282 5370519 5370974 5370841 1030993 5370200 1030993 1030282 1030993 250580 1030282 5370200 1030961 5370200 1030282 5370974 5370859 5370859 250200 5370841 250580 5370964 5370841 250200 250519 3700200 8190964 8550519 5370200 5371023 5370841 5370481 5370841 5370519 7790200 7790937 250200 250043 251002 250200 1031007 1030993 1030993 1030282 5370200 1031002 5371023 250200 5370801 5370519 251002 1030993 1030993 250200 5370043 5370519 7790857 250200 4630386 1031007 1030993 1030857 6770857 7311002 7310646 5370519 250043 7980973 5370841 5370974 1030993 1030993 1030282 1030928 6770857 1030282 5370200 5370200 5370859 1030969 250200 5370772 251007 8190481 5370859 1030282 5370519 4630772 5370859 250200 250200 250200 250580 9350770 9350928 250043 9350772 9350601 4630200 1030993 1031002 1030282 4630200 5370200 250200 4630266 1030282 1030282 1030993 1031002 250200 250200 5370200
null
null
4630913 3950896
5370974 251002 4040200 730969 8870969 4040200 5370282 7790870
4630200 4630200 1030282 1030984 1030282 1031007 5370974 250200 250969
null
3700741
null
250961 7310571 5370833 7790200 5370841
520071
null
9350812 5370877 9350519 5370160 8190200 8190857 8190700 3730228 7310693 3731023 3731002 3731002 1030829 1030292 1031010 1030292 1031010 1030292 1031010 1031010 1031010 1031010 3731023 3731023 4630200 4630386 8190857 3730404 8190700 3250857 9350812 9350829 10110857 9350743 8790200 4630282 8190857 4630282 3730984 8190564 8190404 8190646 8190913 8191002 8190481 4630282 8190652 8190652 3731002 8190969 4040200 3470857 8190404 9710544 3730241 3950960 8190942 9350961 3250741 3950960 8190961 8190857 8190857 5370519 1030282 1030961 1030292 1030282 9351023 250200 4720200 520857 7311002 9351023 7980973 3730974 9350601 9350913 9350993 730200 5370043 5370519 5370519 730544 730646 911007 7310200 7310969 8870969 9350687 9350961 5370282 9350601 9350516 1920857 730200 730961 730114 4720969 730544 8870518 8870969 8870969 4040200 7790969 8870424 730646 8870424 4720200 8870424 7790200 8870969 730544 730282 730519 731023 8870424 730961 730928 8871002 8870518 730729 3951002 4040200 730646 7790829
5370282 9350937 5370571 5370282 9350961 731007 1920857 9350894 4610973 9350200 4990930 6661002 730937 2760928 4720363 5370282 730961 4720200 7790937 9350961 2570519 730282 910729 730961 4040200 4040200 4040200 5370200 5370833 7790857 7790371 3390371 8870969 730646 520969 8870942 3230646 9350993 4990928 4720200 9350937 2760371 9350687 730228 4720969 4720857 9350928 6770857 6770160 6660857 7310646 6661007 6660812 9350601 3230560 7790937 730114 730544 8870829 7791007 7790937 7791007 7310004 9350829 730544 7790200 9350993 4720200 9350913 9350371 8870424 5370043 6660857 5370282 910200 7790937 9350928 7311002 4610973 9350752 6350765 10220857 9350896 9350560 8190752 3950960 5370841 8191007 8190913 9350200 9350601 4720200 7790961 9350961 9350924 6660857 9350741 9350752 730857 8870770 730496 2760961 9350928 9350928 4610973 6770857 5370833 5370071 3251007 9350928 2760928 7790969 7311002 7311002 7310969 8870424 4720200 8870770 8190913 5370841 8190481 8191002
null
250969 5370481 250969
8790891 5370877 9760200 9040857 6040857 5370419 6760973 8190700 8190700 7531023 8190419 8190700 8190652 5370419 8190942 3250857 6040857 8190296 8870942 8190404 10110857 8870942 8190404 7310841 8190942 7980973 9350743 9350371 10110857 3250857 6760877 6761002 7310693 3730993 10220857 9350561 9350200 1030282 5370419 5370571 7310177 5370571 3730993 8190404 8190519 3250877 6350404 3731002 3730266 3730266 8190700 8190942 4911023 8190404 8190419 730363 3250363 8190404 3250857 8791023 3950896 5370859 9040580 7790969 8190700 730857 3950888 8790891 4990857 9350942 9350888 6760700 9350961 9350601 4911023 8190296 8190404 8190942 8190942 6760700 6760564 730544
6350916 7311002 730282 8790200 5370829 3251007 6350646 7310200 6760177 5370266 5370404 6761002 6760564 6040857 730741 10220857 7530857 7790937 4911023 3730430 8190700 5370829 3700212
1031002 1030292 3730228 1030984 250969 7980973 5370841 5370841
250200 5370519 250200 250200 250043 250519 1031002 1030043 3390043 8870880 1030857 1030961 1030984 250200 9350200 1030282 1030928 1030961 1030969 251002 4630424 9350928 5370841 8190481 1030282 1030857 1030282 1031002 1030292 1030043 1030638 1030200 1030043 1030282 1030928 1030282 5370974 250200 250043 250200 5371023 250200 4630386 1030993 4630580 8870043 1030969 4630200 1031010 4630200 5370481 4610973 4990930 7311002 7980973 7311002 7980973 7311002 1030829 1031007 1030282 1030969 1030961 6770857 1030993 5370200 1030282 1031002 9351023 5370974 7790200 4630200 4630386 5370419 3731002 4630200 1030984 250519 250200 520969 9350743 8870888
null
250961 1030984 3951002 3951002 3951002 250969 251002 4630200
4630386 250043 8870969 5370841 6770857 251002 7790857 9350928 9350519 7790829 520942
5370481 5370481 251002 1030282 5370404 5370043 7790601
4630752 250071 4630829 4630266 6660857 7310646 7310266 7310829 7310877 7311002 9350200 7310266 7310266 3730700 7311002 3730981 3731002 3730891 5370404 3730920 4631007 8190519 4630200 4630424 4630200 4630937 4630200 1030984 1031010 1030282 1031010 1030984 1030857 1031010 1030857 4630200 4630200 250200 7790043 7790601 3951002 4040200 7790200 8870518 9350913 8870424
null
7790200 5370772 7790424
1031002 4630200 3731002 1030292 1030984 1030292 4630200 1760973 4630200 1031010 1030292 1030292 1030292 1030282 1030292 7980973 1030292 1030292 1030282 1030282 1030292 1030292 1030282 1030292 4880973 1030292 1760973 1030292 4880973 4880973 1030282 4880973 4880973 7980973 1030282 6771010 5370481 1030282 7310646 5370974 5370974
null
null
null
null
null
null
null
null
null
5371023 5371023 5371023 4630386 250200 250200
null
null
null
null
null
7790200 7790937 5370544 1031002 1031002 1030984 3731002 1030292 1030984 1030969 1030282 5370200 1030638 1030282 1030282 1030857 1030282 1030282 1030282 1030282 5370544 7310646 3730519 5370071 8190580 8190700
5370043 7790937 7790043
5370974 4040200 8870829
250200
null
null
8190652 3731002 4630266 4630930 4630200 1030984 4630386 4630200 4630200 4630200 250200 4630200 4630200 4630386 7790961
3951002 8870969 7790857 7311002 5370896 251007
5370772 7790519 5370519
5371002 5370282 7790601 7790200 3951002 5370519 7790857 4630386 250043 3951002 5370481 4630200
null
null
7790200 4720200 3950960 3731007 8870043 1030984 5370930 5370043 5370481 5370282 250969 4040200
null
null
null
null
3730765 3730601 8190296 3730404 5370571 9350829 8190404 5370404 8190857 6760973 7980973 3730296 5370404 1760973 6760765 3730601 5370841 6760942 5370841 6760646 3730765 8190870 5370266 3730430 6351023 7310404 8190857 5370404 8190857 5370404 5370404 7980973 6350857 3731002 6760942 5370404 6761002 3730601 3730241 5370877 6761023 6760765 8190857 8190857 8190177 7940973 1030638 3730928 3730363 5370877 6350857 3731007 1030857 7310693 1030829 2370973 7310646 9350937 6350916 8190857 5370404 6350404 3730601 8191023 6760877 6760877 3730229 6760601 3730043 8190200 6350177 6760857 3730229 6760601 8190404 6761002 8190564 6760646 6350857 7310646 8190829 6760177 5370404 6760973 3730765 3730981 6351023 6760646 8190741 3731002 5370404 5370371 5370772 9350741 3731007 5370829 8190877 5370877 9350601 6760857 9350519 5370404 3730114 8190772 8190772 5370571 6760877 6760601 5370571 7770857 10110857 9350894 8190700 5370571 6350857 8190404 5370419 5370266 6350765 10110857 5370404 3730177 9350942 3730765 6350857 6760700 6350916 7770857 7310571 7770857 10110857 3730419 7980973 6660857 3730071 3730580 10220857 6761002 9350942 5370571 6350404 3730772 5370404 8190700 3730137 9350772 6350404 5370266 8190419 5370924 6760765 6760646 6350891 9350564 6350891 7980601 6760693 8191023 6760942 6350916 5370404 6350177 8190652 6760765 4630829 6760765 6760942 9350177 8190857 6350404 8190700 6760177 8190857 5370829 1760973 7980601 8190829 8190857 9350601 6760693 8190857 5370404 3730419 6350765 8190700 9350200 6350114 6760601 3730942 3730228 6760266 3730765 8190857 8190687 6350114 6760942 6350891 9350942 9350829 3730229 9350829 8190857 9350601 5370571 3251007 3730404 8190404 3730772 9350177 6760646 3730829 5370687 6760700 3731002 6760601 3730765 8190942 6350404 6760973 5370877 5370404 6761023 8190857 6760973 6350404 9350601 6761023 8190652 8190857 6760973 8190942 5370571 6760601 9350601 3730981 3730993 9350177 3730765 5370687 9350772 6350114 3730601 3731002 3730241 3730941 8190961 6350114 5370877 6760481 3730004 6760601 8190404 7310404 7980973 9350601 3730993 6760646 5370877 3730928 3730765 9350601 9350601 5370841 5370404 8190857 5370687 8190419 10110857 3731002 3730177 8190961 5370877 3730765 9350872 6760646 3731002 3730961 5370404 9350177 5370829 5370404 9350942 9350601 3730241 8190857 6760646 5370404 6350765 3730872 6760601 8190200 5370419 5371007 8190857 3730241 8190200 3730928 8190200 6760646 6760601 5370404 5370829 5370404 5370404 5370829 3730765 6760857 3730993 5370200 3731002 3250857 6760601 3731002 3730114 5370419 7310601 6760700 5370829 5370404 3731007 3730829 3730137 9350937 9350601 3730363 6760765 5370829 8190829 3730700 6350765 6350916 6350857 8190404 9350601 6760564 8190404 6760857 8190404 9350177 3731002 6760601 6760973 9350942 6350114 5370404 6760601 6350857 5370419 3730404 3730419 8190700 3730765 3730004 9350601 6350601 7310994 7310601 3730928 5370829 5110004 10110857 9350942 9350937
5370419 5370841 8190877 5370419 5370829 5370404 3730981 6760177 8190177 3731002 6760601 9350601 5370404 6760177 6760765 9350177 3730564 5370200 8190829 6760942 6760601 6350916 8190200 3730993 5370877 5370752 8190857 9350601 6350646 3730241 5370404 5370829 3730700 5370829 8190857 8190877 5370419 3730229 9350601 5370829 3730266 3730765 6350404 8190877 6350601 8190829 6760942 8190580 9350177 5370571 5370829 3730981 9350601 3730419 3730765 7310564 8190829 5370404 5370741 5370752 9350942 9350601 5370829 6760601 3730241 3730404 9350601 8190700 3731002 5370877 6350891 8190857 5370829 6760765 3730942 6760481 8190857 3730404 6760601 5370404 3730993 6351023 4610973 3730004 9350896 3730200 1030961 1030282 9350772 5370266 3730241 3730241 3730296 7980973 3730601 4880973 4880973 4880973 7310177 6760765 9350601 8190404 3730371 3730422 3730765 8190687 9350601 6350601 6350404 5370571 6760481 10110857 6761023 8190857 9350519 8190200 9350601 9350772 6761023 5370200 5370829 3730981 5370404 3730241 7980973 7310601 8190877 6760266 3730993 5370571 8190772 6760877 8190857 9350601 4880973 4880973 7310161 4880973 7310161 7310200 7310601 5370404 6350601 6760646 6350765 4330857 5370877 5370829 7310959 1030638 2370973 1030404 2370973 7310564 4880973 2370973 6770857 3730829 3730772 6350601 8190200 5590652 10110857 8190857 5370371 6350404 7310646 3730646 3730765 3730993 6760296 6350891 3730241 3730419 7310564 8190200 7310564 5370404 9350177 6350857 6761023 8190829 3730993 5370200 8190829 5371007 8190481 7310669 7310891 3730974 3730765 6760942 7980973 5370404 3731007 3730228 6760700 6760857 1030928 7310700 7980973 7310700 7310601 7980601 8190829 3730229 3730200 3730114 7980973 3730646 7310646 3731002 5371007 6350891 8190829 7310891 7310601 6770857 7310646 9350601 6760177 5370571 5370404 6350114 9350601 3730765 9350601 8190371 3730601 3731007 7980973 6350601 7980973 5370877 8190877 8190857 6350114 6350765 9350601 7310430 3730430 7980973 4880973 2370973 4880973 3731007 3730974 6770857 5370266 5370841 7310430 5370877 3731002 8190877 3730419 10110857 5370419 5370877 6760942 6350404 8190200 9350200 3731002 7980973 3730700 1031007 7310651 7980973 9350177 7310564 5370404 8190857 3730404 8190200 9350177 8190877 3731002 6760877 8190857 9350601 3730829 8190969 3730700 3730177 6350916 5370404 5370829 5370200 5370829 9350564 8190942 6350857 7310646 5370404 8190857 6760481 6350404 5370829 5370404 3250857 5370829 9350601 3730229 3731002 3730241 3730519 7310564 1030829 4880973 4880973 7310430 7310841 4330857 7980973 7310564 1030829 1030961 6760857 3730765 3730519 6350916 6760973 6350601 3730386 6350857 6761023 6760857 3730877 7980973 7980973 6350857 5370266 3730241 6760266 6760481 9350601 7310765 8190942 8190857 5370404 6350177 5370877 9350601 6350646 8190829 9350519 1030877 6770857 1030877
6040857 3730741 6270652 9350937 7770857 10220857 8190419 6760601 8190580 6350601 5370404 8190404 6351023 6760646 8790891 6760646 6760564 8190404 8190404 6350177 8190829 6760564 4630829 6760646 9350829 8190829 8190700 8190877 6350114 3250891 9350601 8190829 9350942 8190687 6760646 8190404 8190700 8790891 8190877 5370404 6760877 8190404 6350404 9350601 8190580 8190942 9350177 9350601 8190857 5370859 9350601 8190404 8190829 9350601 8190857 9350601 8190404 9350177 8190404 9350601 8191002 6760646 9350687 8190857 4630829 8190687 5370404 8190829 7530857 9350829 6760942 8190942 6760973 8790891 6350404 8190942 3730228 6760601 8190700 9350601 6760765 9351023 8190177 5370687 6760564 3730765 9350601 9350560 8190829 8190942 8190857 6350601 8190481 9671023 3730765 8190877 9351023 8190877 8190829 8190877 10110857 6760601 3250857 5370841 9350516 3730404 8190877 9350601 8190404 8190200 8190942 9671023 9350942 6350114 8190894 5370829 6760601 5370752 5370894 5370687 5370404 8190877 8190700 8191023 6350891 9350601 5370404 8190404 5370404 6760601 8190942 6990200 9350942 8190829 8190942 8190829 9350601 8190177 6760601 8190404 8190177 8190404 6760877 8190404 5370877 6990857 9350601 6760564 6350177 9350601 3250857 9350601 8190770 9350601 5370571 8190700 6350765 9350894 5370071 7530857 8190700 9350942 7310363 8191007 5370752 6760177 3250857 10220857 5370877 9350564 6760973 6350404 9350894 9350937 6350646 6760765 6760646 8190877 8190404 9350564 6760693 6760601 5370571 6760942 5370841 6760877 8190404 3250857 8190857 6760564 10110857 9350937 6760601 6350601 8190580 5370404 5370687 9350601 9350937 5370404 6760177 6760765 9350601 6760601 6350601 7770857 6760700 3250857 6760700 7770857 10110857 6350404 7310601 5650857 8190752 9350937 6760942 7310200 10220857 3730422 9350601 7311002 7311002 9350687 9350371 8190961 9350200 7310404 6760765 10110857 8190296 8190404 6760266 8190564 6350765 8190877 8190404 5370404 9350829 8190404 8190404 8190877 3730114 8190829 6760646 8190652 6760601 8190580 6760700 8190564 6350765 8190877 8190404 8190942 5370571 8190404 8190404 8190829 6350114 6350601
3730296 1030984 3730981 3730981 3730114 6760601 5370404 1030765 6760700 9350519 6760700 9350942 3730229 5370829 6760177 3730601 8190877 5370841 9350601 6350891 9350601 3730646 7310669 6760857 3731002 6760296 6350916 5370829 6760877 5370404 6760296 3730371 3730228 5370404 6760601 5370752 6350646 6760601 1030282 6350857 6760601 3730981 5370571 6760564 6350891 5370877 6760481 6350765 6350404 9350177 6760564 9350564 6760177 5370571 6760177 8190700 9350829 9350177 5370877 5370266 8190829 5370419 7310564 3730765 6351023 3730137 5370404 8190177 6350404 8190177 3730765 8190404 6350765 5370877 3730877 7310646 9350601 8190177 6760266 5370404 6350765 5370404 6760296 5370404 6760601 5370404 6760266 6350857 3730430 6761002 5370841 6760601 3731002 1030404 6350765 5370266 6760601 6760765 5370404 6760700 6761023 5370877 5370519 3730942 6350404 8190829 3730580 3730004 3730177 7310765 5370266 6761023 6760601 5370404 1030993 9350942 5370829 5370877 10110857 6760296 3730404 9350177 5370877 3730404 5370829 5370200 5370404 6760601 5370404 3730601 8190404 7310765 5370266 7310651 9350601 5370419 3730877 3730228 5370404 6350765 5370404 7310651 3731002 6760601 1030993 6350916 5370829 6760693 6760177 5370371 5370404 5370841 6350646 5370877 3731002 9350601 6350404 7980601 5370266 6760177 5370960 5370371 6350857 3730229 5370829 8190877 6350601 9350177 5370877 5370404 6760177 5370877 5370404 6350765 5370877 6760296 5370419 3730229 6761002 5370877 6760601 5370829 5370877 1030928 3730877 6350891 6350114 5370877 5370404 6350404 5370200 6760693 5370419 6351023 5370687 5370877 6760973 5370829 3730700 6350765 6760877 6350765 6350404 6350177 250200 1030877 8190200 6350404 6760296 9350177 7310693 5370877 9350177 6760296 5370404 8190419 3730519 5370404 6760177 6760296 6760765 7980973 6760601 5370404 6350765 9350601 5370266 9350601 3730765 6760942 6350601 5370404 6350891 8190296 6760765 9350177 5370266 5370371 6350601 3730241 6760942 6350404 9350601 6760177 5370200 3730241 9350177 6760877 6350404 6760693 5370877 3730241 6760601 5370829 5370877 6350916 3730177 6760266 3730177 6761023 3730765 6760877 5370404 6760601 3730981 6350177 6760266 6760296 5370404 6350765 6761023 3731007 6760601 6350765 3730137 3730981 6350891 6760601 5370404 9350601 3731002 9350601 7310651 7310646 3730229 5370974 6760481 3730765 7310669 6350404 6760700 8190419 5370741 6350916 5370829 5370841 9350601 6760857 5370419 6760877 6350891 3730137 3730404 5370200 5370404 5370571 5370877 6761023 5370404 3250857 7310564 5370859 5370829 6350765 3730137 6350765 3730981 5370571 9350601 10220857 7310564 5370200 9350601 1030282 6350177 3731002 5370829 6760564 3730601 6760942 5370801 6760877 6760296 6350891 5370829 1030993 3730981 3730564 6761023 3730765 6760877 5370200 6760296 8190404 6350404 5370419 5370371 5370877 3731002 6760296 6350177 6760296 3730601 6760266 5370877 6760481 6350601 3730404 8190404 3730241 6760693 3730114 6770857 3730981 10110857 7980601 3730296 6760942 6350891 6760601 5370571 7310601 6760693 6760646 6760177 7310651 3730137 5370404 6760646 3730829 7310564 3730646 6350601 7980973 7310651 6350765 3730601 3730241 5370404 6760177 5370571 6760564 5370404 7310430 6761023 9350177 3730241 6350601 6350177 8190404 6350177 5370829 9350601
5370877 3730891 3731002 6760601 9350177 3730241 3730765 6760601 5370404 3730137 5370404 7310765 9350601 5370404 6350177 8190404 3730765 6760693 5370877 3730296 3730601 3730564 3730829 5370829 6760481 3730765 6350177 6351023 5370829 3731007 1030282 6760601 5370419 8190404 9350177 6761023 6350177 5370877 3731002 6350765 5370877 9350601 6350177 3730371 5370829 5370877 3730981 6350765 6350765 9350601 8190857 7310924 6760601 6760481 6760693 5370200 6760700 9350519 5370877 3730981 5370859 5370404 5370571 6760700 3730241 6760601 6760564 3730765 6350404 8190829 5370200 6350646 6760700 5370829 6760877 7980973 5370829 5370877 5370404 3730241 5370877 6760296 3730404 3730177 6351023 6760177 3730877 5370687 6760296 6350916 4630829 6760693 6350765 6350891 6760296 5370404 8190404 7310430 6760564 6760765 6760942 6350765 3730229 6760601 5370404 8190200 6760601 3730404 3730241 6760266 3730229 6760564 6350891 6760601 3730601 6760481 3730981 7310765 6350177 5370571 6760177 6350891 7310601 3730601 3730519 6350857 5370877 5370404 5370404 6760177 5370829 3730981 9350177 6760601 5370404 3730765 6760857 5370404 3730177 8190519 5370404 6760601 6760973 9350601 6760693 5370841 6760481 6760693 3730519 6761023 3730981 5370687 7310404 5370571 6350601 6761023 6350765 5370877 3730241 5370404 3730241 6760177 3730241 6760700 6760601 3730229 9350601 9671023 7980973 3730928 5370404 6760700 6760296 3730229 5370419 3730941 6760973 3730404 6760877 5370404 5370404 1030282 7310959 6350765 7310601 3730422 3730296 6760601 3730177 9350870 8190404 3730981 5370371 3731002 8190481 7310363 6351023 6350916 6760601 5370266 8190200 5370519 6760942 6770857 6761023 6350891 5370829 3730228 6350404 6760601 6760877 6760296 6350404 6760693 3730829 4630772 8190829 8190404 6350404 3730241 6760177 6350177 3730137 3730981 8791023 6760564 7310669 3730928 7980973 6350765 5370877 6760296 7310646 6760857 7980601 5370571 6990200 6350177 5370404 7310601 5370571 6760700 1030993 3731002 5370877 7310765 5370877 3730601 7310564 3730519 9350601 9350601 8190519 6760765 6760942 3730177 7310646 9350177 6350916 3730601 6760942 6760765 6350177 8190177 6760700 3730765 7310564 7310177 6760481 6760942 5370829 3730981 6760296 9350177 5370404 10110857 8190942 6760765 7980973 8190857 6760765 5370877 3730877 5370404 7310651 6760601 5370404 3730765 9350601 6350891 5370519 6760601 8190200 3730137 5370404 6350601 6760857 6350891 5370877 10110857 6760177 3730981 8790200 3730229 6760564 3730229 6350916 3730829 9350942 6350765 9350564 5370841 5370404 6760266 6760177 5370404 8190296 7310646 5370200 6760266 3730765 3730519 6350765 3730137 5370404 6760601 5370404 5370419 6350765 9350601 5370571 6760296 7980601 3730114 6351023 7310765 7310700 3730241 6760296 5370404 6351023 5370404 6760765 5370266 6760296 3730404 6760693 3730177 6760857 3730200 8790200 3730700 5370404 6760857 6760177 9350601 7310404 4630829 6351023 4330857 6760857 6350765 5370877 7310601 6350404 6350601 6760700 7310651 6350916 3730137 5370519 3730114 7310601 6770857 3730137 8190700 3730700 10110857 9350200 3730229 1030404 7980601 6350765 3730241 6760942 6350601 9350601 6350404 3730241 6760765 6350177 7310564 6350601 7310564 3730241
7310564 3730229 5370200 3730829 3730891 6350765 6761023 6770857 3730177 6761023 7980973 9350601 5370404 5370404 7310669 6761023 6760877 5370266 3730241 5370877 5370404 10110857 9350601 6350765 4330857 3730229 6760601 3731002 5370200 9350601 5370404 3730177 6760601 3730137 3730229 6760700 5370200 6760765 6350765 3730114 8190700 7310564 3730877 9350177 6760564 7310651 3730137 5370404 7980973 3730772 5370829 5370877 3730981 9350601 5370419 3730700 7310646 7980601 3730981 6761023 6350177 7310765 3730241 3730829 3730229 6760481 6350765 7310669 6350891 3730229 3730241 6760765 3730601 7310646 9350601 6760942 6350114 6350765 5370829 6760564 3730601 3730519 6760700 8190177 5370829 5370877 7310651 6350177 3730941 6350177 5370974 7310601 8190419 3730765 3730829 3731002 7980404 3730877 8190961 6350765 6350891 5370877 9350772 6350765 6760296 6351023 9350519 7980973 6760700 3730430 9350942 3730229 7310651 6760601 7310564 3730177 6760942 5370829 6760942 3730229 3730177 5370371 6760177 8190481 3730419 5370404 7980601 6760877 5370404 6761023 6350404 3730419 5370371 7770857 6350177 5370877 6350646 6760601 5370404 5370829 3730241 6350404 6350765 6760266 5370877 5370404 7310669 6760693 1030765 5370877 5370404 5370877 8190857 9350601 6760266 6760700 7310651 3730137 9350564 6350765 3730296 3730404 6760942 3730241 6760942 3730229 3730177 6760942 1030993 6760877 5370829 9350200 6350601 6350177 6350177 5370877 3730404 3730841 6760296 5370404 3731002 9350177 3730829 6760693 6350177 8190700 3730404 9350177 6760296 3730877 3730981 9350601 3730114 6350765 5370877 10110857 6760601 3730404 9350601 6760700 6350765 3730241 3730241 6760296 3730981 7980601 7310564 6760857 3730601 7310564 3730229 3730404 6760601 5370266 6760765 6350601 7310564 3730229 3730229 7980973 5370877 6350404 5370829 9350564 3730177 3730404 3730177 3730404 9350177 6760942 3730404 5370829 7770857 6350857 3730419 5370877 8190177 7980973 5370829 5370404 5370829 3731002 5370419 3730241 7980973 3730765 6760296 3730241 3730137 5370419 6760481 8791023 7310564 3730296 5370404 6350765 3730981 6760601 6351023 5370829 5370404 3730877 5370404 9350601 6760857 6760601 8190404 3730829 3730765 6350916 3731002 3730601 7980973 5370829 6761002 3730114 3730114 7980973 6760693 6350891 5370829 6760700 1030404 9350601 5370404 3730993 5370404 6350601 6761023 3730700 3730177 6760601 5370404 3730601 7310404 3730241 5370404 4330857 3730043 3730419 5370877 6350916 3730765 3730877 3730177 9350601 1030765 7310765 3730981 3730296 6350601 6350765 3730877 5370404 7310765 6760177 3730942 7310651 6760481 7310601 9350601 2760404 3730601 6761023 6350601 6760942 5370404 6350404 5370544 3730404 6350601 5370877 6761023 6350177 6760296 5370829 5370404 6760177 6770857 6760177 5370877 3730404 5370877 5370404 6350114 6760296 5370404 6760693 6760177 6760700 3730241 3730928 6351023 9350601 3730981 9350601 7310651 5370877 7310651 8190877 5370404 5370404 3731002 5370960 6760266 3730700 6760765 6760601 6350765 3730601 6350891 5370419 7310700 5370404 5370404 3730241 5370877 7310564 3730404 5370571 6760857 8190857 5370419 6350891 8190857 5370404 7310669 6350765 3730177 5370877 3730772 3730241 3730877 3730177 5370404 8190877 7310404 7310161 5370404 8190200 3730564 7310601 6350891 7980601 8190404 10110857 6760942 3730296 6760765 6350601 3730114 7310601 6760700 3731002 5370266 3730241 6350177 7980973 7310601 6760481 5370404
5370877 3730891 8190177 6760973 8190177 3730404 5370404 3731002 8190404 8190857 8190404 9350564 5370829 8190404 5370829 5370877 8190700 4330857 3730241 1030993 7980973 6760601 8790891 5370974 8190404 9350601 8190519 3730430 9350564 3730601 9350519 9350601 6760481 8190404 6350404 8190829 3730241 3730601 5370200 8190404 3731002 6760765 7310959 5370829 6760481 3730404 8791023 5370404 5370571 7310891 7980973 8190877 7310404 6760765 5370877 8190404 8190700 5370404 6761023 5370404 3730765 3730519 3730765 7310601 9350601 3730765 8190404 6350404 3730137 8191023 8190296 3730519 3730114 9350601 7980601 6760942 8190829 3730765 6760564 5370974 5371007 6760601 1030877 3730419 8190560 6350857 5370419 6351023 6760693 9350772 3730942 5370772 6770857 3730765 5370877 6760296 5370404 8190419 3730241 3730981 3730829 5370974 3730004 3730765 8190296 8190404 5370859 9350601 5370266 5370200 5370282 3731002 6760481 8190519 3730601 6760700 3730928 1030638 8190857 9350601 1030282 3730981 7310601 9350564 3730765 9350177 6760700 730200 7310669 1030928 5370571 9350601 8190877 7310651 6350404 3730404 8791023 6761023 6760601 4330857 7310564 5370404 5370877 5370829 9350601 5370266 8190913 6760646 8190177 8190942 1030877 6350404 3730601 6760693 2370973 2370973 1031010 3730601 6760857 6760877 3730241 6760296 6760177 8190942 8190404 6350601 8190200 8190829 6760877 5370404 9350601 8190877 3730241 8190700 3730974 8190177 7310404 6760646 5370404 5370829 3730519 8190829 8190829 8190700 1030928 8190829 8190877 8190404 6350404 3730519 7310651 9350601 8190857 6350114 3730296 6760973 3730993 3730419 6760266 6350891 5370266 3730229 8190296 8790200 7310564 9350601 6761002 6350114 4630829 6760857 6760857 3730241 6760601 5370404 3730941 7310700 5370877 6760601 6350916 8190404 3730564 3730765 6760296 8190404 5370404 6350601 8190829 8190404 5370404 9350601 6761023 9350601 6760601 3730241 5370841 6760765 6350891 6350404 6760601 3730241 7310177 3250857 6760564 8190652 6760877 3730993 9350601 8190857 6770857 5370404 9350177 6760857 5370571 9350177 8190877 3730004 5370877 6760177 8190296 3730765 9350519 7310646 5370571 8190877 1030928 3730404 3250857 3730177 3730765 1030993 6350765 3730241 3730981 5370404 3730601 3250857 8190700 3730765 6760646 7310765 3730829 8190404 1030282 3730601 1030419 6770857 5370200 5370404 5370877 4630371 6350404 3730601 5370200 8190404 3730765 6760700 8190404 5370687 5370877 6990200 8190857 3730241 8190560 8790200 7310564 7310857 7310857 1760973 7310404 7310646 3730765 5370877 3730765 9350601 3730519 7310646 6760646 5370841 3250857 6760296 8190829 8190404 6760177 1030282 6760177 6760646 7310959 7310564 8190829 6760857 3730765 3730942 6350404 3730200 3730700 3731002 3730891 3730601 6760481 8190404 9350601 9350177 7980973 8190177 9350937 9350601 8190200 8190700 1030404 5370404 6760877 3730928 6760601 7310693 8190877 9350564 5370419 7310430 8190942 3730519 9350601 8190942 9350601 4630266 3730765 3730296 6760601 7310857 8190700 3730765 7310877 8791023 8190419 3730229 8190829 3730200 6350177 7310004 6760601 8190177 5370877 5370404 6760765 8190942 6350404 8190700 3730404 7980973 5370404 5370419 3730877 3730177 1030877 5370404 10110857 8190481 8190404 6350646
3730386 3730981 3730928 1760973 7310765 3730241 3730229 3730601 6350857 3731002 3730700 3730177 4880973 7310564 3731002 7310564 3730229 7980973 1030282 3730829 7310646 1030043 7980973 6760481 3730404 3730241 3730241 5370419 6760973 1031007 7310564 3730200 3730114 6771010 7310959 1030282 7310646 7980973 7310601 7310564 3730841 7310601 1030404 7310646 3731002 1030829 1030993 7980601 7310841 6760765 7310646 3730229 7310161 7310266 6350857 7310419 7980601 3730114 7310564 3730419 1030282 3730004 7980973 6760857 7310994 3730877 7310404 3730601 5370877 3730266 5370571 7310404 7310177 7310564 3730404 7310564 7310404 7310646 7980404 3730241 6350857 5370404 3730177 7310564 3730765 5370877 7310959 3730601 1030877 6770857 7310363 3730137 3730765 7310601 7310700 1030404 1760973 3730765 3730601 1030404 7980973 3730601 3730200 6350857 7310891 7310651 1030928 3730829 7310994 7310601 6350177 7310564 3730519 6350601 3730519 3730601 5370877 7311002 7310177 3731002 3730519 6760601 3730580 1030877 3730266 3730241 3730177 3730942 7980973 5370404 7310646 6760601 3730829 6760601 4880973 7310564 2370973 3730386 1030404 3730229 3730981 3730229 5370829 3730765 3730601 3730229 7310646 6350601 7310646 9350200 3730765 6760942 3730177 7310571 3730700 7310765 7310669 1030638 3730177 7310564 7310601 3730519 3730765 3731002 3730114 1030829 3730519 3730404 7310601 1030877 3730981 6761023 7310646 3730241 3730877 3730229 1760973 6760296 3730519 3730241 7310693 3730700 7310646 6760646 7310765 3730296 7980404 7310646 3730137 3730519 3730404 6760481 1030404 7310765 3730601 3730404 6350857 3730877 6760857 1030765 3730404 3730200 7310651 3730700 3730829 3730601 3730241 3730765 3730241 3730601 3730404 7310646 6761023 6770857 7980601 7310646 5370404 7310669 1030282 3730981 1030282 7980973 3730700 7310651 7310959 3730700 7310404 7980973 7980973 7310404 1030419 7310564 3730829 6760857 3730765 7310646 6760481 7980404 3730772 1030877 6350857 3730419 3731023 7980973 4330857 3730700 6760481 8190177 3730404 3730241 6760296 7310646 3730177 3730266 7310564 3730981 3730765 8190200 7310564 6760646 3730241 7310877 2370973 3730601 7310161 1760973 3730296 6350114 3730419 3730841 6760177 6760857 7980601 3730229 3730296 3730241 3730519 5370829 5370404 3730296 3730241 7310646 7980973 1030419 7310651 7980973 1760973 7310404 2370973 3730241 7310601 7310564 3730891 3730419 5370404 3730200 6760564 7980404 3730601 9350564 7310669 1030877 7310177 7310891 7310601 7310601 7310404 2370973 1030877 7310651 7310765 6761023 3730404 3730829 6760481 6350177 6761023 6760857 3730765 3730363 3730981 3730601 5370404 3730200 7310404 7310177 6761023 3730177 1030877 3731002 7310363 7310363 7310430 7310404 3730770 3730205 3730114 7310646 7310564 7980973 7310571 7310741 7310829 6350601 7310404 3730580 3730928 6350857 6760765 3730177 3730891 3730177 3730229 3730200 6760942 1030419 2370973 6350177 3730564 1030877 7310646 6760601 3730229 1030829 1030877 3730177 6351023 3731007 7310419 7770857 7310700 7310765 3730241 6760481 7310646 6350765 6760601 3730981 6350765 3730004 5370859 7310564 3730114 6760601 3730519 3730765 7310841 6760857 7310669 3730969 5370829 3730765 6350404 3730601 7310693 6760177 3730386 8190419 5370829 6760296 3730519 3730241 1030877 7980973 6760700 7980973 3730877 3730137 3730404 5370877 3730177 3730241 6760693 6760765 1030877 1760973 3730829 7310601 3730404 3730228 1030829 6760857 3731002 7310564 3730765 3731023 6350891 3730229 6760877 3731023 7310669 3730981 1760973 7310841 7310937 6350857 7310841 7310669 7310646 2370973 3730419 3730765 3730601 7310700 3730114 9351023 6761023 3730833 8190404 3731002 7310177 3730564 1030928 4880973 2370973 1030857 7310564 7310161 1030857 7310404 7310669 3730765 7310177 1030282 3730229 3730829 7310564 3730404 3730519 3731007 3730404 3731023 3730419 1030404 3730765 7310765 3730601 3730519 3730241 7310693 3730241 7980404 7310363 7980973
4911023 3730993 9350601 8190700 7530857 6990200 6990200 8790891 8870829 6990481 8190877 6990481 7530564 4911023 4910857 4911023 4911023 4911023 6990200 6990200 3730877 3730404 6760601 8190404 8190404 8790430 8190942 3250857 8190404 4911023 4911023 4911023 6990200 3730601 3730700 4910857 6990200 8790430 6990481 8790430 7531023 7530564 6990857 8190700 6990481 3250877 6990200 6990200 6990481 6990481 4911023 6990481 8790430 6760646 6990481 6990200 6990481 7530564 3250877 6990481 8190404 8190564 7530857 6990200 4910857 8870942 8190404 7310891 6350601 6990481 4911023 6990200 8790430 4911023 6990200 8790891 3730601 6990200 3250937 7310196 7310601 6350857 9350601 8190930 6350891 6760646 6990481 6990200 6040857 6990481 9671023 7310969 3730229 9350601 8190942 6350114 6350857 8190700 8190687 7530857 4911023 4911023 6990481
6990481 7530564 8190829 8190829 3250877 8790430 520942 7530564 3250877 6990481 8870942 6990200 3250877 9671023 6990481 4911023 6990200 3250891 3250891 7530564 6990481 8870829 6990200 3250937 6990200 3250891 4911023 8870942 3250371 7530564 3250877 4911023 6990200 8190700 6760700 8790430 6990200 8190404 6990200 6990200 3250371 7530564 6990481 6990200 4911023 6990200 3250877 6990481 8790430 8870942 6990200 8790430 8790891 6990200 4911023 6990200 6990200 7530564 8190700 6990481 7310700 6350404 9350601 4911023 3250877 6990200 3250363 6990200 4910857 6990481 8190700 8190404 8790891
6990200 3250877 3250877 6990200 6990481 6990200 6990200 520942 8190877 4911023 6990200 6990481 9760200 6990200 6990481 6990481 6990481 6990481 7310669 2760652 9350928 3250363 3700888 7530857 8870770
3731002 3730564 8190700 3730404 8190177 8190652 3730430 8190857 3730981 8190829 8190481 8190404 8190177 5370266 8190404 8190564 8190942 3730229 3730928 3730137 8190404 8190419 8190877 3730993 8190942 3730404 8190857 3730601 8190404 3730601 5370404 3730700 8190404 8190877 6760857 3730137 8190296 8190857 8190404 6760765 8190481 8190404 7310601 8190700 6760646 3731002 3730981 6760700 8190857 8190404 8190857 8190652 3730177 6760973 8190857 3731002 8190829 8190404 6760601 8190700 8190404 8190857 4630266 4630829 6760700 8190177 8190652 8190481 8190652 8190857 8190829 4630829 4630200 8190564 9350829 8190404 5370404 3730519 9350601 6350646 8190857 8190177 8190877 3250857 8190371 8190404 8191023 6760877 6760296 3730765 5370404 8190772 3730564 8190404 6760601 8190404 4630829 3250857 3730601 8190857 8190700 5370404 9350601 3730993 3730137 3730981 9350601 3730993 8190404 8190519 6760693 3730646 3730241 8190700 3730137 8190646 3730601 6760646 5370829 8190942 3730419 8190857 9350601 8190829 5370960 3730430 9350942 3730928 8190700 8190877 3730700 8190877 4630266 9350601 8190371 8190829 6760646 8190419 5370829 8190896 8190404 3730564 5370404 8190177 9350177 8190404 6350404 8190857 4630829 8190700 9350177 3730564 4880973 7310765 3730700 3250857 8190829 3730646 5370266 8190857 8190404 6350177 6760481 3730765 8190652 3730981 4630741 9350601 8190404 8190296 5370404 9350601 8190942 3730114 5370829 8190404 8191023 3730765 3730765 9350601 8190857 6760601 8190404 8190829 8190829 8190700 8190857 8190404 8190700 4630829 8190877 5370877 8190404 9350601 8190961 6760646 8190519 3730981 6760700 8190404 3730984 8190177 8190857 8190177 8190700 8190857 3730961 8190404 8190687 8190700 8190857 8190404 8190961 8190700 8190404 8190942 3730981 9760200 3730114 8190857 6760857 8190872 8190404 6760601 8190404 8190772 8190829 9760857 3250857 8190829 8190700 3730993 8190564 3250857 8190857 8190829 5370404 3250857 8190481 3730981 1760973 4630282 7310651 3731002 3730877 3730229 3730137 8190857 3730404 8190942 8190857 8190829 8190857 9350177 8190857 8190857 3730519 9350942 8190857 3730404 5370404 3730114 8190296 8190942 3730993 8190404 8190857 6760601 8190857 3730829 8190700 8190700 5370404 8190652 5370877 3730993 8190404 9350601 8190404 6760601 8190404 6760857 3730404 8190829 8190829 8190700 8190481 8190857 5370877 8190857 3730430 3730993 3730872 9350601 8190404 3730993 3730981 3730981 3730765 3730993 8190857 8190404 8190857 8190404 9350177 8190700 8190652 6760646 8190857 6350646 6760601 8190942 8190829 5370404 3730430 8190700 8190857 6760601 8190857 8190829 8190877 8190857 3730974 6760601 3730993 3730404 8190177 5370404 9350601 8190404 3730137 8190404 3730404 6760765 8190829 3730765 3730993 8190877 8190404 3730993 8190942 3730765 8190857 9350564 8190961 8190829 8190829 6760646 3730765 9350601 8190877 8190942 6350114 4630829 8190942 8190857 8190419 8190942 8190829 4630829 3730993 8190857 3730601 8190404 8190942 3730114 3730241 8190877 8190857 6350404 8190857 8190942 3730601 8190700 3730404 8190857 8190741 6760693 3730601 8190700 8190404 8190700 8190404 8190877 8190404 8190177 8190772 8190404 8190829 3730981 8190404 8190877 8190913 3730601 8190857 6760266 3730137
3730993 3730137 3730981 3730404 9350601 8190877 8190829 8190404 8190857 3250857 3730404 8190296 6350404 4630829 8190700 8190877 8190942 8190857 8190177 8190564 3730137 8190857 8190877 8190877 8190829 6760693 6040857 8190419 3250857 3730993 4630266 8190404 8190829 8190404 9350601 5370404 4630829 8190942 8190829 8190857 8190404 8190857 5370404 8190404 8190652 8190404 8190700 8190857 8190942 8190700 8190404 9350601 8190857 8190404 3730993 3250857 8190404 8190404 8190857 8190700 8190404 8190419 8190404 3250857 8190961 8190877 8190404 8190877 8190404 8190877 8190857 5370877 3730241 8190371 5370404 8190829 6990481 8190913 3250857 8190700 9350601 8190857 8190829 3250857 8190404 5370877 7530857 8190404 8190404 8190404 8190857 8190700 4911023 8190404 8190857 9350601 8190942 9350687 8190404 8190404 8190404 4630266 3250363 8190942 8190772 8190177 8190700 8190700 8190404 8190877 8190646 8190371 8190829 7530857 3250857 6760646 9350601 8190700 8190404 8190700 8190942 8190700 9350601 8190857 8190519 8190942 8190404 8190404 8190404 8190942 8190404 8190564 8190564 8190404 8190404 8190829 8190404 8190857 5370404 5370266 8190857 8190942 8190564 8790200 8190877 8190772 6760646 8190829 8190481 3250857 6990481 6350646 8190404 8190404 8190404 8190564 9350564 8190700 8190829 8190700 5370829 8190564 5370404 9350601 4630266 8190700 8790891 8190829 6040857 8190404 8190404 8190700 4630829 3730404 8190700 5370371 8190829 8190942 6990857 8190872 8190564 8190942 3730829 8190700 8190700 8191023 8190877 8190404 8190700 8190404 8190404 8190700 8190404 9350601 6990481 8190857 3250857 8190404 8190700 8190877 8190942 8190404 8190913 8190404 8190913 8190404 6990481 3250857 8190700 8190404 8190404 9350601 8190700 8190942 7530857 8190404 8190404 9350601 8190404 8190700 8190741 9350601 8190700 8190404 9350601 6990857 8190700 8190829 8190652 8190404 6990857 8190700 8190404 9350601 8870942 8190829 8190404 8190404 3250857 8190877 8190404 8190404 8190829 8190877 8190404 8190700 8190857 6760646 8190829 8190877 6760646 8790891 8190942 8190877 8190942 8190857 5370404 8190829 8190913 8190652 9350601 5370687 8190700 8190404 8190404 8190481 8190942 250961 8190404 3730993 9350564 3730601 8190700 8190829 8190857 8190700 8190877 8190877 8190857 8190404 3250857 4630282 8190942 8190404 8190829 8190700 8190857 8190700 8190913 8190857 8190829 8190942 8190404 8190404 8190700 6990857 8190857 8190564 8190404 8190700 3250741 8190404 8190687 8190829 8190404 3250857 8190404 8190829 8190961 8190404 8190877 8190404 8190700 8190404 8190877 8190404 8190687 8190404 6990481 8190829 8190404 8190700 8190857 7531023 3730993 8190404 8190404 9350601 8190404 5370829 6760693 3730993 8190942 8190564 6350114 8190942 3250857 8190857 8190700 8190700 8190404 8190857 6990481 8190700 8190942 8190404 8190700 8190404 3250857 4910857 8190857 8190772 8190877
7530857 10110857 8190564 7530857 6350646 9350601 6760857 3250857 6760601 6350404 8190419 7310004 6760942 10220857 9350687 3730829 10110857 6760481 6350114 7310564 8190942 9350601 8190404 8190404 6760601 10110857 7310959 8190404 7310601 6760765 9350601 9350560 6760177 9350177 6760601 3730961 6350601 5370266 7310601 8190519 8190564 8190829 9350652 7310404 8711023 8190481 6760693 6760942 9350829 8190829 5370877 8190404 6350177 6760646 8190404 9350177 6760646 8190404 7310601 6760601 6350177 6760601 8190177 9350601 8190404 8190519 9350601 9350601 9350601 8190404 6760601 8190857 6760646 3250891 6760942 9350564 5370404 8190942 5370404 8190404 8190857 9350601 8190404 8190829 9350564 8190404 8190829 5370404 9350829 9350564 8190404 8190772 8190877 3250857 8190829 7530857 8190404 5370877 8190829 8190877 8190404 6990481 8190371 8190877 3250857 9350601 8190404 6760646 8190700 6760973 8190404 3730993 6760601 8190404 8190404 9350601 8190700 6350891 8190700 6990200 8190404 5370404 6350114 6350765 2760404 9350942 3250857 9350601 8190857 8190700 6760296 6990200 3730700 5370404 8190829 8190296 8190404 6760646 8190404 7530857 6760601 8190877 5370404 9350829 8190877 5370877 8190404 8190829 9350601 8190404 8190877 9350601 8190700 8190877 8190404 8190371 9350601 8190404 8190564 8190371 9350601 9350519 8190877 3250891 3250857 8190772 5370829 5370404 3250857 6760601 3250857 5370071 7310994 10220857 6760942 6350916 6760601 9350937 6350404 7310564 3250857 7310765 3730296 3730993 7310891 7310877 4880973 7310363 7310829 7980973 3730404 7310765 3730829 7310646 7940973 7310841 7310200 7311002 7310601 9350937 7310700 7310765 7310161 7310430 6770857 7310404 7310877 7310829 7310669 7310765 7310601 7310765 10220857 7310841 7310700 10110857 7310994 7310564 9350942 7310651 9350829 4990928 6760601 3250857 9350601 7310564 7310419 7310765 7310266 7310564 7310419 7310419 10220857 5370877 6350857 6760601 7310994 4990857 7310877 7310765 7311002 3730770 7310646 7310601 7310200 7310371 7310601 7310765 5110004 7310877 4990857 9350200 7310829 7310829 7310765 9350942 7770857 7310430 7310601 3730422 7310765 8190481 6350177 5370877 3730981 9350601 9350829 6761002 7980404 7310200 7310741 3730829 7310601 7310959 7310404 7310765 7310994 9350601 7310829 6761002 7310937 7310200 7311002 5370404 7980601 6760877 8190652
3730177 7310404 3730765 3731002 7980973 3730177 7310601 6760481 3730981 3730296 7310564 3730765 9350177 3730981 7310651 3730601 6761023 3730229 3730241 7980973 3730296 7980973 3730404 7310601 3730870 3730177 3730829 1030969 7980404 1030829 7980973 3730200 7980973 3730241 5370404 3730114 7980404 7980973 6760601 3730700 1030419 1030877 7310404 6760177 3730700 7310404 3730404 6760481 1030282 3730941 7310646 3730601 3730981 3730266 6760765 7980601 1030993 6760266 7310177 7980973 7980973 3730961 7980601 7980973 3730229 6761002 3730229 7310669 4630200 3730386 7310669 3730241 3730404 7980601 3731002 7980973 7310765 3730981 3731007 7310430 6760481 3731002 3730829 7310693 1760973 5370877 7310646 3730177 7980973 3730404 5370829 3731002 7310404 3730177 7310601 1760973 5370404 7310959 5370877 7310646 3730241 5370200 3730519 6761002 3730646 3730229 5370877 7980973 5370829 3730404 6350891 7980601 3730981 3730891 5370404 3730981 3730241 7310601 6760942 3730386 7980973 3730241 7310651 5370829 3730241 7980404 3730137 7310700 6760177 4330857 3730241 5370266 3730829 7980973 3730601 7310646 5370404 3730386 3730700 7980973 3730772 3730974 3730241 3730974 7310693 7310601 3730519 3730519 6760266 5370200 3730941 7980404 3730829 3730601 7310646 3730765 7310646 3730296 7980973 3730114 3730386 3730829 6761023 7310765 7980973 3731002 6760765 7980601 7980973 1030829 6760564 6350765 3730241 6760646 7310765 3730601 5370877 3730829 7310646 7980404 7310601 1030404 7980973 1030993 7980973 7310765 6760857 1030638 8190829 7310564 5370404 7310564 3730241 7310564 6350177 1030282 7310693 7310601 5370519 3730266 7980973 1030765 7310004 6760646 3730241 3730241 3730765 6760601 3730241 7310601 7980404 6350891 7310601 3730519 5370419 3730765 1030829 6760646 3730229 7980601 5370877 7310601 7980973 3730829 3730177 3730241 7310651 3730981 6760177 7310669 5370266 7310564 3730765 9350829 5370404 5370877 3730404 6760481 5370419 1760973 7310646 5370877 3730765 3730981 3730601 5370404 3730177 3730296 7310646 5370877 1760973 7310601 3730942 3730829 7310404 3730765 3730386 6761002 7310765 6761023 7980973 3730241 7980973 6760700 6760601 7980973 3730386 7310564 6761002 3730601 3731002 3730519 9350601 3730228 5370419 3730877 7310646 5370687 6760857 1030404 7310564 5370404 3730177 6350404 5370829 7310161 5370404 7310601 7310693 7980973 3730981 7310601 3730700 3730241 7980973 3730829 6760601 5370200 7310651 7310601 3730205 7310601 7310651 3730241 1760973 7310601 7980973 7310646 7310765 3730241 3730519 7310646 3730404 7310601 3730296 4330857 7980973 7980973 5370829 9350200 7310877 4990857 7310937 7980973 3731007 6350177 7310646 3730404 7310646 3730404 1030993 7980404 7980973 3730765 3730700 6760765 3730241 7980404 3730829 5370829 1030282 7980973 6760177 1030993 7310601 6760942 4330857 3730228 7980973 3730419 4330857 3730961 7980973 6760601 7310646 6350916 7310601 1760973 7980973 1030404 3730419 1030282 6760177 3730942 3730229 3731002 7980973 3730241 6770857 3730422 6760296 3730229 7310601 3731002 3730200 3730700 3730981 3730829 1760973 7980404 3730765 7310700 6760481 1030877 8190200 7310829 3730241 6761023 5370404 3730114 3730601 1030638 4330857 7310765 3730241 7310564 7980601 3730700 6760177 7310564 3730229 6350601 7310700 3730229 7980601 7310564 6350114 6761023 7310693 5370419 7310646 3730241 7310564 3730241 3730993 3730700 1030877 6760481 3730519 3730296 6770857 1030282 7980973 7980973 6760693 6350765 3730974 3730981 1030877 3730981 1030282 3730974 7980601 1030282 8190857 7310601 6761023 7310601 7310959 3730177 7980601 6760266 5370571 7310601 7310765 7310430 5370829 7980973 3730241 3730241 3730241 7980601 3731007 3730241 6761023 3730404 3730241 6761023 1030993 3730241 7310646 5370404 7310601 3730177 3730519 4330857 7310601 3730241 7980973 3730829 3730404 6350177 3730422 7310765 3730137 3730404 3730241 7310646 5370829 6760481 3730519 5370877 6760857 7980973 6760177 3730981 3730229 1030993 6761023 7310651 3730363 6760601 1030282 6350916 6760177 7310700 3730974 7310891 5370829 1760973 5370266 3730601 3730981 6760481 5370404 3730404 6350857 1031007 3730981 7310404 5370829 6760601 1030765 6760481 6760765 6760481 7310765 7310564 3730765 9350601 7980973 3730765 6761023 3731002
1030292 7310129 1030829 4880973 1030292 4880973 4880973 4880973 1030877 4880973 1030857 4880973 2370973 7310177 2370973 1030200 1030292 2370973 7310129 7980973 3730200 7310129 7980973 5370877 6760266 3730765 3730137 3730241 7310669 7310765 3730700 7980973 6760177 3730404 9350177 3730177 7980973 3730877 7310646 1760973 7310646 7980404 3730363 3730241 7310601 3730229 7980601 7980973 3730829 6761023 7980973 7310765 7310646 6350891 6760177 3730981 7310601 6761023 5370419 7310765 5370877 7310564 3731002 7310430 7310564 7310646 6760177 6350601 3731002 7310765 7980973 7310651 3730898 7310959 5370829 7310601 6760942 3730241 7310601 6760481 5370404 1030829 5370200 7310765 3730700 7980973 5370877 5370404 6350177 3730829 1760973 3730829 5370200 3730981 3730765 1030282 5370404 7310651 7310646 6350114 3730404 7310651 3730228 3730765 5370877 1030282 5370877 3730981 5370404 7310601 7980973 7980601 3730229 3730200 7980973 3730229 7310601 7980601 3730898 3730829 7310646 3730601 1030282 3730404 7980601 3730229 3730519 7310404 3730177 6760481 3730229 3730241 6760601 5370200 5370877 3730829 7980973 3730700 6760857 9350601 7980973 3730765 1030877 7310700 3730765 7310646 6760857 3730177 6760481 6760973 7310765 5370877 1030404 7310004 7310765 7310700 4330857 3730137 7980973 3730200 3730961 3730981 7310646 3730981 6350601 6760481 7980973 6761023 7310404 7980404 1030282 3730241 3730177 7310564 7980404 1030877 1030419 2370973 2370973 1030419 1030857 4880973 1030829 4880973 4880973 4880973 2370973 4880973 2370973 4880973 2370973 4880973 4880973 1030857 7310841 1030419 4880973 2370973 3730177 7310601 4880973 7310161 7310765 1030292 7310877 3730404 7310601 7310129 3731002 7980601 7310646 7310161 6760857 7980973 6760481 3730993 7310601 3730386 6350765 8190857 3730928 7980601 5370266 3730296 4330857 6350891 7310646 3730404 7980601 1030282 6351023 6760857 3730404 7310601 3730241 5370404 3730419 3730580 3730829 7310646 7980973 5370200 7980601 1030829 7310669 1030404 7310177 7310161 2370973 7310601 1030404 2370973 1030877 7310693 7980601 7310765 7980973 3731002 6760765 6760857 7980973 3731002 3730601 6350916 5370829 7310765 6350601 250200 7310693 7980973 6760601 3730981 6760765 7310601 3730700 3730419 7980973 6350891 5370200 7310564 7310601 1030993 7310693 3730601 7310646 3731002 8190200 7310646 3730601 6760857 3730205 7980973 7980973 5370571 6760481 6350857 5370877 7310601 7980404 7310765 9350601 7980973 5370200 6760177 7980404 7980973 7980973 7310564 7980601 7310564 3730601 7310646 7310564 3730114 7310646 7310601 7310564 7980404 5370829 3730519 6761023 7980973 7310564 1030765 3730177 6761002 4330857 3730229 3730580 6760942 7310646 6760177 7980973 5370829 7310646 3730241 1030877 3730229 3730519 3730564 3730877 7310404 7310161 3730981 3730829 6760601 3730580 3730241 7310601 1760973 7980404 3730043 7310564 3730981 3730419 6760765 6350601 3730205 3730241 7310646 3731002 7310646 1760973 3730829 4330857 5370419 6760942 7310601 3730772 3730519 3730200 3730241 7310765 3730241 5370829 7310564 7310601 3731002 7310669 3730941 3731002 6760481 3730765 4330857 3730928 7980973 5370877 7310404 3730877 3730229 7980601 7980404 7310959 3730386 3730404 7980973 6760646 3730386 7980973 9350652 7310646 8190200 7310564 3730765 7310601 3730981 7980973 7310651 3730829 3731002 6761023 3730229 3730177 7980404 3731002 7310601 3730765 5370877 7310404 7980601 7980404 3730969 4330857 7980973 3730942 7310646 3730829 4330857 3730404 3730601 7310646 3730981 3730829 7310646 7310693 5370877 7980973 7310161 3730974 3730877 7310404 3730601 3731002 7310765 6760296 7980404 4330857 6760601 1030419 5370877 3730981 7980973 6760481 3730765 3730877 7980973 3731007 3730229 7310601 5370200 7310601 5370200 3730601 7310404 6760601 3730981 7310601 3730241 3730765 7310564 3730241 7310651 3730829 7310651 7310564 3730241 4330857 3730241 6760857 6760177 7310646 8190404 3730700 1030404 3730829 3730241 1030043 6760765 7310601 3730422 3730765 7310161 3730241 7980404 6760601 6760481 6350177 5370571 3730877 7980973 7310646 6761023 7310669 3730404 1030993 7310601 3731002 3730519 3730601 6760857 5370571 7980404 3730296 3730993 3730833 7310564 6350891 5370877 7980973 3731002 3731002 5370404 7770857
7310430 9350177 8190177 3730993 3730981 3730519 8190829 6760765 9350601 3730229 3730419 3730765 3730241 6350177 6761023 3730404 3730961 5370404 5370829 3730564 3730941 3730241 9350601 3731002 3730829 3730981 8190857 6760601 3730404 6760601 6760481 3731002 6350765 5370877 6760266 3730229 3730981 8190829 8190829 9350601 6350601 8190857 7310646 5370687 3731002 6350114 8190961 3730229 9350601 3730981 3730601 8190857 3731002 8190857 3731002 3730177 3730404 5370829 5370404 9350177 8190652 6350857 3730877 5370404 8190404 9350177 3730241 3730765 6760942 3731002 9350601 3730601 3730601 9350601 5370404 3730877 3730646 6760601 8190481 3730601 6351023 3730961 3730114 3730419 3730981 5370419 7310700 9350601 3730700 3730241 3730296 6760973 3730296 5370829 6760646 3730829 6761023 3730177 9350601 3730241 6760646 6350601 5370877 5370404 6350601 3730601 8190404 3730419 5370877 3731002 9350177 3730942 6350177 6350177 3730404 5370877 3730765 3730700 3730829 6760973 5370404 8190877 5370404 6760646 3730700 5370571 6760700 3730961 5370404 6760601 6761023 9350601 8190404 7980973 8190700 3730229 3731002 6760646 3730765 9350601 7310651 6760942 6350765 6350857 9350601 3730519 6350601 8190857 9350601 6350891 1760973 3730229 5370404 9350564 8190519 3731002 3730829 6760646 3730829 3730981 6760646 3730419 3730993 9350519 8190652 6760177 8190481 7310404 9350177 3731002 6760601 3730241 3730241 5370404 6350601 3730765 5370877 3730981 6761023 3730765 5370419 6760693 3730765 5370877 3730765 3730519 6760877 8190857 3730137 6760942 3730601 5370877 3730981 8190857 7310651 9350942 6351023 5370877 8190404 6760765 8190857 8790200 7980973 6350114 3730404 5370877 3250857 8190829 9350177 9350516 8190829 3730228 9350829 5370404 3730993 5370404 6350601 5370829 3730137 9350601 6761002 3730765 6350857 3730961 7980973 6760693 8791023 6760857 3730404 5370404 6760177 6760481 3731002 6760700 5370877 6761023 8190857 3730601 3731002 6760601 3730430 5370404 3730404 5370829 9350564 3730241 3730928 3730765 6761023 8190404 6760877 5370404 3730241 6350404 8190829 7310646 3731002 8190404 3730877 3730137 8190419 7310601 8190857 3730177 6760646 3730404 6350177 6760601 3250857 3730241 5370266 3730765 3730993 6351023 5370877 6760857 6760177 5370266 3730765 7980973 6350891 1030877 6760177 6760857 7980973 3731002 7310651 3731007 8190200 3730229 5370877 7980973 6760601 3730981 3730961 7310651 7980601 3730601 7310404 8190700 5370404 3730700 3730229 5370829 3730993 5370877 8190177 8190857 6350857 6760296 3731002 3730177 9350942 7310693 8190857 3731002 6760973 8190829 5370877 6761002 3731002 3730177 3730601 6760857 6350765 8190877 5370266 3730700 7310693 3730404 3730137 3730981 6350891 3730137 3730229 3730877 3730941 7980973 8190404 3730993 9350772 6760266 3731002 9350601 6350891 3730601 6760942 8190404 3730137 3730981 6350177 7310564 3730700 3730241 6350404 9350942 6760177 3730564 6350765 3730564 3730519 3730829 5370404 8190857 5370404 9350601 3730241 6760877 3730829 6760877 3730177 9350601 8190404 7310669 3731002 3730765 5370877 3730877 5370266 3730177 3730241 8190877 5370404 3730765 3730601 3731002 3730601 6760693 9350601 6760646 3730765 3731002 10110857 9350601 3730601 3730404 6350601 6350891 3730601 9350564 10110857 3730177 3730386 9350601 6761023 6760177 6760942 5370404 9350177 3730404 3731002 8190857 6760857 9350829 8190200 3730004 5370829 6761023 8190857 3730765 5370877 6350916 9350177 6761002 6760601 5370877 5370404 6760177
6760973 7310669 5370571 7310161 6760601 8190942 3730772 8190942 8190829 8190700 9760200 6990200 9350942 8190404 6350601 8190404 8190177 3250363 8190404 9350601 8191023 3730386 1030282 7980973 7980973 1760973 7310161 7310129 7310177 4880973 1030877 6351023 7310669 6350857 9671023 3250741 8190752 8190404 9350601 8190942 8190177 3250937 3700857 6760646 8190942 9350601 3250937 8190404 8190877 8870942 7310994 7310994 6660580 9350601 8790200 8190404 8791023 6760700 8190687 8190404 9350177 9350601 5370404 6990200 9350601 8190942 9350601 6760646 8190404 6760693 3730241 5371023 3730981 3730241 1030829 1030961 1030829 1030877 1030404 1030419 5370829 6760700 1030877 1030404 8190942 6350404 8190404 8190404 9350601 9350177 5370877 2760404 8190877 3250857 2760646 5370877 8190404 8190942 6760646 3730765 9350564 8190404 6760877 8190404 6760601 8190829 9350177 7770857 6760877 2370973 7310765 3730296 5370404 2760404 8190857 9350601 9350601 9350729 5370404 8190296 3730241 6760942 3730891 7980973 3730404 3730241 9350772 6760942 5370404 3731023 2370973 7310646 1030829 6760693 9350177 8190877 5370877 2760404 9350601 8190942 6760693 3730404 6760481 8190404 8190177 9350601 8190404 7310601 3730241 1030765 1030419 2370973 7980973 7310177 7310646 7310651 1030993 7310646 5370571 8190404 6760942 9350601 8190404 6990481 8190404 9350601 6350765 5370877 6760296 8190200 1030877 7980973 1030282 7310129 7310404 1030877 1030404 1030993 7310646 7310646 1030829 5370404 6350765 6760693 9350601 1030765 7310601 9350601 9350601 8190404 9350829 8870942 8190829 6990200 9350564 7980601 3730200 7980973 7980973 1031010 3730765 1030877 1030638 3730829 1030404 7980973 2370973 7310404 3730177 7980973 3730891 3730177 7310404 3730765 4880973 1030928 7310765 7310601 3730386 2370973 7980973 7980973 3730981 3730229 7310564 3730241 7310601 3730419 7310646 6760177 3730137 8190371 6350601 9350601 8190877 1030829 7310700 6760601 6990200 5370877 8190404 9350177 8190404 7310669 1030829 3730296 9350177 8190942 7310177 7310765 1030877 7980973 6760296 5370404 5370404 7310765 8190296 5370404 7310651 3730877 8790200 8190404 9350601 8190942 8190942 7310651 7980601 7980973 7310651 3730601 3730519 5370829 6350857 7310700 4880973 2370973 3730200 7310891 4880973 4880973 7310177 7310161 7310891 3730829 7310161 1030404 6990481 8791023 6760564 8190687 8190877 8190829 9671023 8870942 8791023 8791023 8190877 5370841 8791023 5370404 9350601 2760652 6760765 4911023 9350564 6760564 5370404 3730177 3250877 2760404 8190177 9350601 8190404 6760700 8791023 3730241 6760700 5370404 5370829 7310404 5370877 7310564 5370404 8790200 7980601 3730941 3730241 5370404 9350601 5370404 9350601 3730519 6760601 8190700 5370404 8190700 6350404 8190829 8190404 6350177 8190942 6350404 6760564 9350942 8190404 5370877 5370741 8190700 8790200 8190404 6760646 5370266 4911023 5370404 8190829 8190829 6350765
9350601 5371023 1760973 5371023 4630200 1031010 250200 4630200 3390043 4631007 4630004 250200 4630043 4631007 1760973 5370772 7790200 4630386 8190857 3250877 3250857 8190857 5370841 7531023 1030282 250200 1031002 1030043 1030857 1030638 1031010 4880973 4880973 1030292 4880973 1030857 1030292 1760973
5370404 4630829 3250857 8190877 5370829 6770857 6770857 5370200 6761023 6760765 6770857 5370571 5370829 5370829 5370404 4630829 5370266 5370960 8190857 5370404 8190829 8190829 8190857 8190942 8190404 8190700 8190404 8190404 8190700 8190687 8190404 8190404 3730601 8190700 5370877 8190942 5370770 6760646 8190404 8190419 8190942 9350212 9350880 8190404 8190857 8190877 8190404 3730601 9350564 8190646 9350829 8190857 8190942 8190404 9350177 8190857 6350114 3730114 8190177 8190829 8190404 8190700 3700205 5370829 3250857 8190942 8190652 8190404 8190177 9350942 8190700 6760942 8190877 8190700 8190404 6760177 8190942 8190700 9350942 6760942 3250857 6350646 8190177 8190700 8190519 8190942 4630829 8190700 8190652 7530857 8190700 8190829 8190857 8190700 8190857 9350601 8190404 9350601 8190419 8190564 9350601 7310404 8190419 9350601 8190877 8190404 3730981 8190419 8190942 8190404 8190700 9350601 8190942 8190857 8190942 8190177 9760200 3250857 8190177 8190700 8190752 8190404 8190687 9350601 8190700 8190857 8190700 6760765 9350177 6760266 3730646 8190857 9350601 8190700 8190877 8190404 1760973 5370829 5370200 5370266 3730177 5370877 1030282 6770857 7310161 6770857 5370200 6770857 7310564 1030857 7310404 6770857 1030877 1030282 1030282 7310646 4990857 7310419 4880973 7311002 7310646 3731007 6771010 7310765 5370877 5370200 5370404 3250857 4630424 8190857 8190700 8190700 8190564 8190857 9350601 8190404 8190877 8190942 6760601 3730404 8190700 6770857 6770857 6350177 6351023 6761002 6350916 8190829 1030282 4880973 3730229 6350765 3730700 3730993 6760646 6990200 7310693 6760765 6761002 3730601 3730177 3730200 3730765 7310646 7310891 7310601 5370829 9350652 5370877 8190404 8190700 3250857 8190296 8190404 8191002 8190700 3731002 6760700 8190404 9350601 6760601 6350891 6771010 3730177 8190857 5370404 6760177 7980973 1030877 6770857 1030993 8190877 5370404 6760942 8190404 8190829 6760877 3730601 8190942 6760601 8190404 8190404 8190857 8190877 3730137 8190404 8190857 3730601 8190564 3730765 6770857 6350601 5370200 2370973 4880973 4880973 1030292 2370973 7310829 6770857 6770857 1030829 7310161 6770857 5370200 5370571 2760200 8190371 8190857 3730981 3730404 4630829 7310560 5370404 6760601 8190481 8190404 8190829 8190700 8190857 8190877 3730993 9350177 8190857 7310994 7940973 7940973 4880973 4880973 4880973 4880973 4880973 6350601 8190772 9350516 8190404 9350601 8190404 8190857 9350601 8190700 7310646 7940973 4880973 4880973 7310200 4880973 4880973 7980973 1030282 6350891 5370200 8190942 8190404 3730363 1030282 6760942 5370741 8190700 8190857 8190652 4880973 4880973 1030765 7310601 5370841 5370071 3730114 8190700 3730404 6760266 6760857 6760765 8190942 8190942
3951002 3951002 3951002 3930519 9350564 8190942 8870942 8790200 9710527 6040857 4630913 7530857 6040857 8791023 3250857 7310564 6350857 6761002 6760973 3730004 6760857 3731002 1760973 1030282 3731023 1031010 1760973 5371023 1760973 1760973 3731002 1760973 7310430 4630200 4630386 1030928 3731002 3731023 3730228 4630200 3731002 3731007 3731023 1760973 4630200 1760973 4630386 3730241 3730200 3731002 3730974 3730200 3730386 4630200 7980973 3730228 3731023 3730928 3730200 3731007 7980973 3731002 3730961 1030928 3731002 3730898 3731002 3731002 3730969 3730974 3730974 1030993 1760973 3731023 3730200 8190481 7310646 4630200 4630580 9350937 3731002 3731002 3730898 3730177 3730241 6350857 3730241 3730700 6761023 3731002 3730404 7310266 9350601 3730404 6760481 3730241 3730363 3730004 7310601 3730928 3730419 3730229 3731002 3730200 7980973 9351023 7310404 3730960 4630200 7980973 3730870 8190857 4330857 4630200 3731023 4630282 3731023 1760973 7310430 3731023 3731002 3730974 4630266 7980973 4630200 1760973 1760973 4630200 1760973 3731002 1760973 8190481 4630043 3731023 3730961 1760973 1030928 1030282 3730928 4630200 4630282 8191007 8190857 1760973 4630200 1030282 8190857 3731002 4630200 4630200 7980973 1760973 8190481 1760973 1760973 4630930 6761023 3730241 7310693 3730266 3730419 4630200 3730646 5370419 7980973 7310700 3730841 6761023 7980973 1760973 4630200 3731002 3731023 1760973 4630200 3730700 4630200 2370973 7310857 4630200 7310646 3730519 3731023 1760973 3731002 3730241 4630200 3730898 3731002 1760973 3730386 3731023 4630200 7980973 3730241 3731002 8190857 3731023 7980973 3730898 1030282 3730241 1760973 1760973 1760973 7980973 4630580 7980973 3730833 7980973 1760973 3731023 6351023 1031010 1760973 1030877 3730419 3730961 5370200 3731002 3730266 1760973 3730228 4630580 7980973 3730200 3730646 1030282 3731023 3730241 1030282 1760973 3731023 3730363 3730646 3730961 3730200 4630200 7310700 7310601 7310994 3730371 7980973 7310601 7310857 3730829 7310363 6350857 3730961 3730961 1030877 3730700 3730200 3730961 3730200 3730496 3730974 3730241 4630200 3730200 3730200 4880973 3730363 7310841 3731007 3730928 3731002 5370404 3730974 3730841 6760857 3730241 3730241 4630200 3730841 3730898 7980973 3730961 7310601 1030282 3730928 3731002 3730928 3730928 7310877 3731023 3731002 4630266 1760973 8190857 1760973 4990857 7310571 7980973 3730928 3730765 3730961 7310841 3730200 3730829 7980973 3731002 3730841 3730646 3730043 1760973 3730961 7980973 7310646 3731023 3730969 3730974 7310829 8190071 3730200 3730266 3731002 3730580 3730241 3730241 7980973 3730928 7310571 1760973 7980973 3730961 3731002 3731002 3730241 3730363 6760857 5370841 9350652 3731023 7310646 7310646 3730841 1760973 3730200 3731002
8190894 6761002 8870580 8870770 3950960 2760809 4720200 5370043 7531023 3951002 4610973 3730928 8190700 6350404 9350743 9350741 9350752 9350961 3230872 7790424 2761007
7310741 7310430 7310937 5110549 7310560 7310942 7310266 7770857 7310693 9350961 7310266 4990857 3250877
3250877 730937 3250857 730928 3250363 5370282 7311002 3700200 3950896 4630200 7790200 6660371 3730960 4990043 3250580 7980973 4990160 9350741 1760973 8190857 3930857 3250363 7790200 7790424 7790937 4630371 7310571 7310571 9350896 730894 3950896 5370419 3731002 7770857 4990857 7770857 7310700 7310419 7311002 9350741 7310363 10220857 9350212 10220857 8190942 8190519 7310571 7770857 3250363
4610973 5110549 9350894 9350896 1030292 7980973 8190519 7310877 7310994 6660857 9350519 3700200 8190961 7530857 8190877 5370841 4630913 9350942 3230752 9350741 730928 9350752 6660371 3700200 9350006 1030928 5370404 5370200 5370841 250969 1030292 8190752 6660857 6660043 730888 4720888
7770857 250580 250580 4750870 250200 4631007 8190177 8190896 1030984 250961 2760870 2760870 250519 2570519 4911023 4630829 2760870 7790870 7790870
7790741 8601023 3730404 4720961 1030292 8190870 250580 8190894 2760043 5370687 3730241 250580 7790870 250043 4630580 9350870 250580 250580 9350870 250200 4630580 4750870 4040200 8550857 1031010 4630969 4630282 4040200 4630913
8790430 5370266 8870829 7980973 730857 8871002 7790969 7790961 520942 9350687 9350888 2570519 4750870 4720961 250969 4720969 8870942
2570519 1030043 1031002 1030292 1030282 4880973 1030857 4880973 4880973 4880973 1030292 4880973 4880973 4880973 4880973 4880973 1030292 4880973 1030292 1030200 4880973 1030282 1030969 7980973 1030292 7980973 4880973 1031002 7980973 1030282 1030969 6770857 4630200 1030282 1030282 1030282 251007 1031002 1030969 1030969 1030984 1030969 5370200 5370829 5370544 731023 5370200 1031002 1031002 7980973 1030282 1030282 6770857 7980973 5370200 5370200 7311002 730519 5370770 5370266 3391007 3391007 7310129 4300519 3701007
3391007 251007 3730700 4720743 3391007 2760888 3950888
8190857 6760177 3950896 3730268 1030969 9350772 8190071 9350961 7310266 3250857 4040200 3730268 1030292 8190652 250519 6760646 7790601 5370743
9350772 3730772 8190772 9350928 2760772 3390043 7090973 4630200 730833 5370754 7790772 7790961 4990857 9350930 8870580 8190646 4610973 4990857 9350729 9350772 8870580 4040200 4630772 7790772 9040857 9350200 7310693 8190652 9350772 7790937 7790857 2760006 5370772 7790772 7790772 230857 5370772 9350772 8190772 7790969 7310877 7310700 8190580 250580 2760646 4040200
5371023 3731023 3230741 1030282 9350772 5370772 7790857 9350772 2760772 8870772 7790829 7790772 4630200 250961 4630913 4720961 4630386 230857 5370772 8190560 2760772 730772 8870772 7310857 7980973 9350772 8190419 7790200 7790200 4630200 4630937
5370829 4720200 7790200 7790961 8190419 1030857 4630857 250200 4630969 4610973 7980973 4630282 8190481 8190564 910363 910544 9350942 6270652 910200 4720969 910200 910200 7530857 10080857 910580 4720363 3250877 10220857 9350687 4630386 9350601 8190700 5370404 4610973 4610973 7980973 730114 730857 730200 4880973 4610973 7310646 5370571 5370859 8190652 8190894 4630200 8190481 4630266 8190006 9040857 8190700 8190481 8190404 9040857 1030292
3950896 4911023 3250891 6990200 3250877 3250937 7530564 8190829 8790430 8790891 4911023 6990200 3250877 4911023 6990200 4911023 3250891 6990200 6990481 8870829 3250937 6990200 4911023 3250877 3250877 4911023 6990200 6990481 4911023 3250371 8790891 4911023 4911023 6990200
4630200 4630200 1030292 1030292 1760973 1030292 1030984 1031010 4630386 1031002 1031002 1760973 251007 5371023 251002 250200 1031002 1031002 1031002 5371023 1031002 1030857 4630386 5371023 250043 4630200 4630200 4630200 4630200 4630200 4610973 1030282 7980973 1030829 1030969 1030282 1030282 1030282 3731002 4630200 4630200 1760973 8870942 7310266 7310877 9350200 9351023 250200 250200 8190160 251002 250043 4630043 5371023 5370841 1031002 1030984 6770857 5370801 1030638 1031002 5370200 1031002 1030993 5370043 4630200 5371023 3730700 4630200 1760973 4630200 1031010 1760973 4880973 1030292 3731023 1030292 1030969 1030857 1030928 4630200 1030984 1760973 4630200 5371023 5370200 4630386 1031002 5371023 250580
5370741 7790937 251002 251002 5370043 4630043 4630937 5371023 250200 5371023 6770857 1031002 1031002 1030993 4630386 1030984 250969 251007 5371023 1030282 1030200 1030961 1030282 1030282 5371023 5370841 251002 5371023 4630930 250200 8191007 8190652 3730646 4610973 4880973 7940973 4880973 4880973 1030200 4880973 1030638 1030993 1030961 1030282 5371023 5370772 4630200 250043 4630424 4610973 7310200 6770857 7310646 6770857 6770857 5370974 4630200 4630580 4630200 1030282 4880973 4880973 4880973 6770857 1031002 6770857 1030282 1030282 5370519 251002 5370841 1760973 4630200 1030200 1030282 1030292 4630200 7310829 1030829 7980973 3731002 1031002 1030928 4880973 4880973 1030638 4990857 250200 251007 5370841 3730363 3730404 5370841 5370544 7980973 1031010 1031002 1031002 1031002 5370974 1031002 251002
