204
null
null
7310646 8870544 7310646 7790200 3730993 3730200 7980973 9350006 4630282 8190363 5370961 8870424 2080857 3250857 9350404 8190363 8870424 8190937 8870518 910200 730729 7790841 5370961 5370841 520857 9350913 8791023 8870859 3950371 8190913 8871007
9711023 8190888 8190687 8870859 3731002 3700964 5370266 7311002 5370200 9351002 9351002 8870424 4720841 7790841 730200 730646 8870424 730961 4610973 4610973 4990043 731007 8870859 7790841 4880973 1030292 1030282 5370544
7790580 5370841 5370544 7310646 5370200 4630937 3731002 1030282 1031002 1030200 4880973 4880973 1030292 1030646 8190646 1030984 1030282 1031002 1030200 1030282 1031002 1030200 1030282 250043 7790841 3950043 4990857 250969 1030292 1030200 1030200 4630200 4990043 9350200 3731023 1030292 1760973 4880973 1030282 1030282 5370841 5370841 5370937 9351002 1031010 1030282 1030646 1030282 3950043 5371007 1940973 7310419 1030200 7310646 1030984 1760973 4630580 5370961 1940973 4880973 1030282 1030282 9351002 9350200 4610973 4610973 7310371 7311002 7980973 7311002 7310004 7310700 8190544 8190646 4610973 4610973 1030282 1030292 1030282 7980973 9350741 5370841 1030638 1760973 3731002 4880973 4880973 3730241 5370937 8191023
null
3250363 1030282 5370544 1030282 1030638 5370544 4610973 7311002 7311002 1030984 5370200 9350646 9350404 5370841
1030646 1030646 1031010 1030646 1030984 1031002 7790200 3230969 730961 3700205 3230205 3250363 731023 8190942
3700969 3930364 3700205 3700964 3700752 3700404 3700071 9710743 520741 3230812 910928 3470200 3930371 3700969 910371 3700404 3470752 9711023 910928 910928 3700770 9710767 9710743 2080770 9711007 910928 4720961 8871007 4720969 4720544 4720580 4720580 8870580 4720961 4720544 9710729 9710752 8711007 5370877 9350913 7790841 4720544 4750772 9040772 4750772
3230560 9710752 9710770 9710752 8710770 9710770 4630200 1030857 1030638 1030292 1030292 1031010 1030292 1030292 1030984 4630386 4630386 7790043 4720544 3700960 3700071 300422
3930519 8710767 8710987 6760877 7310571 1940973 7310765 9350765 8190942 2760580 2760888 3930364 520741 7790741 7310601 6770857 7310829 7310114 6760765 6760942 2760964 5370942 9350888 3930212 3930212 3700888 3700969 520071 3470200 6770857 5370200 1030646 5370200 1760973 5370937 2760964 2760964 10110857 6760404 5370937 5370964 8190544 3730601 6760942 6760973 7310646 1030984 6760973 8190481 8870580 8870580 4750772 4750772 2761007 3230519 2760364 230496 730960 9710580 9710071 730071 3250363 7310404 10110857 5370829 3930560
9710739 9710888 9710205 3930741 8710969 8710560 3930371 9710864 3700743 3700205 4750772 9710205 2760770 9710864 9710920 5230646 9350560 3700857 3230770 9710739 3700964 3930796 3250363 3470519 4720071 3700071 5230519 3470969 910519 3950964 6900872 3930364 3930880 9710071 8710987 8710969 9710969 520071 9710205 8550519
910928 2080770 3700964 2760752 7790888 3700071 4720741 3470519 3470729 8710741 9710739 8190859 8190765 3230924 9710964 8190961 3230969 5230969 9710864 7790896 3731007 7790687 8190770 7790687 8190363 2760969 9710212 2760580 2760960 3930870 8710969 9710969 3930422 910364 4720969
8710414 9710519 2760741 3700752 9710770 3930364 5230969 9710371 3700404 9710752 9710770 2760872 7790752 3700752 3700741 2760516 9710350 4720969 8870924
3700414 3470924 3950043 3950043 730371 730741 9710371 9710371 9710741 8710864 9710864 7790924 3470752 3950043 3700580 8870580 2760770 2760687 7090973 5230872 9710350 2760205 8790857 9350371 8710987 2760930 8190859 8190363 3250363 6760564 2760964 6760404
9350913 8190888 8710743 5981023 7530857 3470422 2760896 7790114 730580 7790964 3700205 2370973 6760857 5981023 8601023 3950964 3730114 2760114 8190560 9350560 8710767 8790857 8710560 8190829 6990200 7310161 7311010 7310646 7310646 5370741 5370043 9350646 6990200 3930961 9350765 3230205 300422 3230796 8190942 3230857 8190741 8790857 3230770 3730371 730870 3930870 9350772 7530857 9350765 2750857 3230006 9350404 9710924 9710544 3730765 3950960 8190770 8190743 3700404
9710857 9350924 2760960 8190942 2760741 8190687 8190743 3730601 2760516 2760580 8710888 5230519 5231023 3950371 8190913 6990200 9711007 9710519 3230770 8190942 4630282 520857 3700857 910928 520857 3700969 520857 910646 8190741 2760580 9710414 3250937 250969 4630200 9350752 2761007 2760741 3470285 3700960 3700770 3700752 520857 520071 3700888 8190560 9710006 8710864 3470857 8190770
3470857 8710752 9710782 9710071 3730981 3950371 2760960 9710857 6760404 6760404 8190961 2760516 2760894 8601023 2760743 9350888 3730888 8190743 7980973 3230857 3700422 3700205 7790896 300422 5370772 3731002 3730974 2760928 3700580 2760964 7090973 7090973 3930212 3250580 8190516 8190652 4630371 3950043 5230872 6900872 6660212 2760896 3930371 3700888 8710752 9710770 9710770 9350812 6660880 8190519 2760894 5230414
8190177 8190765 8190969 8191007 9710969 3700969 9710752 1940973 3730877 3731007 9350741 6760942 3730829 7090973 3230560 3730829 3730114 3730519 3730404 7980973 1760973 8190961 5370942 9350772 3730241 3731007 8190765 8190765 8190969 8190363 8190544 8190765 3730601 7980973 1760973 7310646 4630386 1760973 1760973 8190960 8190544 8191010 8190765 5370752 7980973 7310646 5370937 3950371 8190363 3730200 2760752 2760770 2370973 7980973 5370829 3730829 3730004 9350404 6760765 230857 9350743 3730404 3730296 1030282 7980973 6760857 250969 8190519 5370841 6761023 8190765 6990200 7310877 9350765 10220857 8710969 8190829 10220857 3730071 3731010 5370741
6660880 730894 3700888 3470752 3700580 3700364 3930364 3700969 10220857 230496 3730765 9710414 2760516 2760205 9710575 9710772 9710752 6660422 8190772 8190877 5230857 8190765 7310404 3730404 6350765 6760564 9350580 3470519 7310371 7310114 6350601 9350752 5370829 3730601 8190741 6760700 8190770 6990200 8190942 6760601 3730961 3730961 7980973 3730646 3730928 5370544 8190363 9710864 3700743
7310282 4610973 7310004 7311010 730071 9350752 9350896 3250363 8190419 8190765 8790857 9350924 3730993 8190560 9350829 8870580 730937 730894 7310700 7310700 7310700 9350371 7310282 3730580 7310646 9350964 9350200 5370888 6761023 9350743 9350880 8870580 9350043 8190880 2760896 2760896 7310282 7310282 7980973 3230371 3730601 3730200 7310114 3230796 6760601 6760700 8710466 2760687 2760516 8190687 9350765 9350043 5370371 5370043 8190765 7310646 5370841 8190743 5370841 5370841 7310700 7310430 5370200 5370829 8190371 5370752 5370571 5370200 6770857 5370200 5370942 5370829 9350765 3731002 7310835 10110857 7310646 7310114 7310266 7310404 7311010 7310829 3730928 6760601 9350888 4990857 9350896 10220857 3950043 8870544 8190913 9350646 9350765 9350765 5370877 8190481 9350646 8190743 9350646 8190942 8190765 8190363 8870544 8190519 9350870 250969 8190765 8190765 3930870 4990857 4990857 4990857 7310829 7310700 6350891 6760481
4630004 8190419 8190870 8190177 3700888 3470857 5230969 5370071 3230880 3700212 2760006 2760880 5230519 7790371 9710006 9710969 7790894 8190894 8190937 3230770 8710752 9710752 7790752 3470285 9710580 6660880 3470200 4910481 4630937 8190859
3230812 2760006 7790371 2760414 6660996 230872 3730114 3730241 2760960 2760741 8190516 2760205 2760687 9710767 3700961 9710752 3700414 3470857 3950960 9350580 3730646 3730646 7090973 8190071 3700870 2760516 3730877 7790857 8190043 9040772 3230924 5370571 9350829 3730043 5370741 2760043 2760205 9350741 2760888 2760894 910741 6760700 6760973 6760877 2760114 3470200 4720841 8870544 9350646 9350200 9350765 8790857 4990857 9350741 8790857 8190969 3700969 3250857 520857 3950371
6760973 9710767 4720544 8190969 7310471 9350687 9710969 9710739 3250857 8190894 8190896 9710071 3700743 8710743 2370973 2760752 1760973 8190752 3470752 8190071 3250857 8870518 3730004 8190894 5230872 4720071 3930205 2760741 3930364 7310404 3730371 7311010 7310765 10110857 6760404 3730981 6760942 7310571 8190071 8190920 9350743 3730765 730928 3700960 730960 7980973 1030857 8190071 1030282 9710371 3730268
5110006 5110196 5110196 5110196 5110196 5110196 5110196 5110196 5110196 5110196 5110045 5110350 5110196 5110560 5110006 5110045 5110350 5110006 5110196 5110196 5110196 5110350 5110350 5110560 5110196 5110045 5110350 5110560 5110196 5110196 5110045 5110196 5110004 5110350 5110560 5110045 5110350 5110196 5110196 5110196 5110350 5110196 5110196 5110196 5110196 5110196 5110350 5110045 5110196 5110196 5110045 5110560 5110045 5110560 5110196 5110196 5110196 5110196 5110196 5110196 5110196 5110196 7310196 5110350 5110006 5110045 5110350 5110196 5110196 5110045 5110350 5110196 5110560 5110196 5110045 5110196 5110196 5110196 5110196 5110196 5110196 5110196 5110196 5110196 5110196 5110045 5110560 5110196 7310196 5110045 5110196 7310282 5110350 5110045 5110350 5110196 5110196 5110006 5110006 5110196 5110196 5110196 5110196 5110350 5110045 5110350 5110350 5110196 5110196 5110560 5110350 5110006 5110045 5110004 5110004 5110006 5110560 5110350 5110196 5110196 5110560 5110045 5110350 5110004 5110006 5110350 5110196 5110196 5110196 5110560 7310196 7310829 7310829 7310877 7310266 7310196 7310282 7310829 7310200 7310829 7310196 7310877 7310196 5110045 5110006 5110196 5110196 5110196 5110196 7310196 5110196 7310196 5110045 5110196 5110560 5110045 5110196 5110006 4610973 5110006 5110045 5110196 5110196 5110196 5110196 5110196 5110350 3270652 5110560 5110006 5110045 5110006 5110560
7310652 7310471 7310652 6270652 7310877 7310652 7310371 7310835 6270652 7310652 6270652 7310652 7310877 7310835 7310829 7310652 7310652 7310652 7310652 7310652 7310652 6270652 7310652 7310652 5590652 6270652 7310652 5110350 7310266 7310652 7310652 7310652 7310652 7310829 7310652 7310652 7310652 6270635 7310652 7310652 7310652 7310652 7310652 7310471 7310471 7310471 7310652 7310471 7310471 7310652 7310652 7310371 7310652 7310652 7310652 7310371 7310652 7310652 7310471 5590652 7310652 7310652 7310652 6270652 7310765 6270652 7310471 7310471 7310471 7310652 7310652 7310652 7310471 7310471 7310635 7310471 7310471 7310635 7310471 7310471 7310471 7310652 7310471 7310471 6270652 7310829 7310652 7310652 7310652 7310652 7310652 7310419 7310652 7310652 7310564 7310282 7310282 7310669 7310266 7310282 7310571 7310652 7310652 7310266 7310196 7310196 7310196 7310196 7310196 5110006 7310196 7310196 7310829 7310371 6270652 3270652 7310835 6270652 5590652 7310266 6270652 6270652 7310877 7310829 7310371 7310635 7310652 7310652 7310835 7310652 7310652 5590652 6270635 7310652 6270652 7310371 6270652 7310652 6270635 6270635 6270652 6270652 6270635 7310371 6270652 7310419 7310266 7310419 6270652 5590652 7310371 6270652 7310652 7310652 6270652 7310652 6270635 10140652 7310114 7310765 5590652 7310652 7310652 7310652 5590652 6270652 3270652 6270652 6270635 6270652 7310829 7310200 7310371 6270652 1940652 1940652 5590652 6270652 7310371 6270635 5590652 6270652 3270652 3270652 6270652 7310371 7310829 7310419 1940652 7310371 7310877 7310371 6270652 7310835 6270652 6270652 6270652 7310829 7310829 7310371 7310835 10140652 6270652 6270652 7310129 6270652 7310371 6270652 6270652 6270652 7310371 7310877 10140652 7310282 7310371 7310371 7310419 6270652 5590652 6270652 1940652 6270652 7310652 7310371 7310371 7310652 7310652 5590652 7310266 7310877 7310419 6270652 7310571 6270652 7310564 6270652 7310371 7310371 7310371 7310196 7310196 7310196 7310196 7310196 7310196 7310196 7310196 7310266 7310196 7310196 7310196 6270652 7310196 7310877 7310419 7310635 7310266 7310652 5110006 7310652 7310652 7310419 1940652 10140652 6270652 6270652 6270652 10140652 7310652 7310877 7310652 7310829 7310371 7310652 6270635 6270652 7310877 6270652 7310571 7310877 7310266 7310765 7310371 7310652 1940652 7310652 7310371 7310652 7310371 6270652 6270635 7310266 7310371 7310652 7310652 7310700 7310829 7310404 10140652 7310652 7310652 7310652 7310877 7310114 5590652 7310114 7310652 5110045 7310282 7310114 7310371 7310877 10140652 7310652 7310371 7310652
7310635 7310635 7310652 7310652 7310635 7310635 7310652 7310652 7310652 7310652 7310652 7310652 5590652 7310652 7310652 7310652 7310652 7310652 7310652 7310652 7310419 7310404 7310652 7310652 7310835 7310765 7310652 7310282 7310652 10140652 7310601 7310652 7310652 7310765 10140652 10140652 7310371 7310829 3730928 7310652 7310652 7310652 7310114 7310652 7310835 7310652 7310652 7310652 7310371 7310652 10140652 7310652 7310877 7310652 7310652 7310652 7310635 7310635 7310635 7310652 7310652 7310635 7310635 7310635 7310635 7310652 7310635 7310652 7310635 7310635 7310635 7310635 7310635 7310635 7310652 7310635 7310371 7310829 7310601 7310652 7310765 7310196 7310196 7310652 7310635 7310635 7310635 7310635 6270652 7310266 10140652 6270652 3730371 7310196 10220857 9350829 10140652 7310419 7310652 7310652 7310652 7310635 7310652 7310652 7310652 7310371 6270652 7310652 7310652 7310652 7310652 3730700 7310652 7310652 7310652 7310652 7310652 7310652 7310652 7310652 10140652 10140652 6270652 10140652 10140652 7310652 10140652 7310652 7310652 7310652 7310652 10140652 7310652 7310282 7310652 5590652 7310635 7310635 7310635 7310635 7310652 7310635 7310635 7310196 7310652 7310652 7310652 3730829 7310652 10140652 7310114 10140652 10140652 10140652 7310652 7310652 10140652 10140652 10140652 6760601 10140652 10140652 10140652 10140652 10140652 7310430 10140652 7310571 10140652 10140652 7310652 7310471 7310471 7310471 7310471 7310471 7310471 7310471 10140652 7310471 7310471 7310471 7310471 7310471 7310471 7310471 10140652 10140652 7310471 7310471 7310471 7310471 7310471 7310471 7310471 7310471 7310471 7310471 7310471 7310471 7310471 7310471 7310471 7310471 7310471 7310471 7310471 7310471 7310471 7310471 7310471 7310471 7310471 7310471 7310471 7310471 7310471 7310652 7310471 7310471 7310471 7310471 7310471 7310471 7310471 7310471 7310471 7310471 7310471 10140652 7310471 7310471 7310471 7310471 7310471 7310471 7310471 10140652 7310471 7310471 10140652 7310471 7310652 7310652 7310635 7310652 7310471 3730371 7310652 7310652 7310419 7310571 7310652 10140652 7310652 10140652 7310652 7310652 7310266 7310652 7310652 7310652 10140652 7310652 7310652 7310652 10140652 10140652 10140652 10140652 7310652 10140652 3730419 7310652 7310652 10140652 10140652 10140652 6270652 7310652 7310652 3730829 7310652 7310652 10140652 7310652 7310266 7310652 7310652 10140652 10140652 7310471 7310601 7310404 7310652 10140652 7310471 10140652 7310652 10140652 7310404 7310471 7310652 7310652 7310471 7310652 10140652 7310669 7310646 10140652 7310430 7310404 7310601 7310829 10140652 7310652 7310652 7310652 10140652 10140652 7310601 10140652 7310571 7310829 6270652 10140652 10140652 7310829 3730877 10140652 10140652 7310669 10140652 10140652 7310652 7310404 6270652 10140652
7790888 7090973 7090973 9711007 5230466 7790741 7790857 8190741 2760741 2760772 3470772 2760646 7790870 7790741 7790870 7790913 7790114 2760414 6660212 730796 8870043 8190071 8190812 7090973 9710767 2760888 8190770 9350006 8871007 3230880 730880 3230212 4720741 3700743 3700071 3700205 7790743 9710743 8550519 7090973 7090973 7090973 7090857 7090973 8190888 8190560 7790924 3470043 8550580 8870043 8710646 9710743 9710205 9710812 3230560 8190743 8190743 9710857 8190872 8710646 9710071 3470782 3470987 3470782 9710071 4720043 9710580 8190006 8710466 8190888 9711023 9710519 7790200 2760741 7790519 7790752 2760043 7790752 7090973 7090973 3470969 3930414 5230969 9711002 3700969 9710580 3250580 5230969 9710350 9710414 3930414 9710285 5230414 8870424 3230212 3930414 9710969 2760516 2760872 6660460 8870422 8190363 8190560 8190560 8190646 5370888 8870580 2760043 3950043 7790516 3230880 3230212 4720964 9040580 3700741 3700969 5230646 2760371 7790371 7790741 3470285 910200 3470969 7790752 910928 3700422 3470200 910580 9710580 9710527 3470580 3470580 3470580 7790580 8191010 9710527 730948 9350422 3700580 3930560 3470205 3930422 3700969 3930212 3700969 3700969 2760741 7790519 2760880 2760422 8870422 3470422 3470200 9710422 7790857 8190687 9710580 3470580 730580 3470580 8710580 9040580 8710646 8711007 9710422 3470205 7090973 7090973 3470580 8190888 250043 9710880 3700422 8191010 7090973 7090973 7090857 7090973 8190646 9710920 7790071 3470580 3470519 8190071 7090973 7090973 8191010 9710729 5230350 5231023 5231023 730006 3950870 8191010 7090973 8191010 8191010 7090973 9710006 8190872 7790741 7790516 3950870 7090973 7090973 8190516 7090973 8190646 3230422 7790580 730996 3700422 3230304 3250580
730212 7790857 8870580 7790913 9040580 3230996 8870870 6660880 3230212 3230796 730228 6660996 3230422 8870870 8871007 6660880 8870870 3230422 730928 3230422 8871007 8871007 730870 8871007 8871007 8871007 3700870 4720580 7790857 7790964 9710930 230496 2760930 6660212 2760752 2760580 8710519 7790371 3230924 3230304 3230560 9710422 3700071 3700964 3700924 9710739 8870424 3470200 7790371 9710996 3230812 3230304 3230996 9710205 9710519 7790752 3470200 3470519 9710575 9710575 9710006 3470006 3470006 3230560 3230414 911007 7790841 5230350 5230350 3700212 3700969 3470422 3700924 5230646 3700924 5230646 3470924 7790371 3470422 3700580 9710205 9710752 9710880 3700741 9710864 3470200 9710422 9040580 7790752 7790071 8190743 4630580 4630580 4630580 3390580 3390580 3390580 3390580 3700924 9710205 8190812 3470414 3470580 9040580 3470422 8550580 8550580 9040580 8190812 4630371 8190812
9710350 9710006 3470006 9710006 3470857 3470857 3470857 3470857 730960 3250580 3230560 3700580 9710770 3700888 3470414 3470752 730205 730743 3700580 5230414 9710527 3700580 3700964 4720580 3950870 8870544 8870544 910043 520519 910200 520969 9710371 9710006 9710371 9710371 3700205 8710560 9710888 3470752 3470200 7790741 7790043 8190043 8190043 9710741 3470857 9710741 3230770 3700924 3700743 3700924 5230646 3950371 3470987 9710414 3700404 3700880 7790913 3700414 5230560 3700205 3230996 5231002 8870580 730560 9710205 9710782 2760770 3470043 9710519 7790888 8190920 8190888 8190006 3470205 9710006 9350200 5370841 7980973
8190812 7790857 8870880 9350741 3230371 3730993 8190913 3950371 3390580 3470043 2080743 3930857 9710857 9350896 3731002 9710930 7790857 3730071 8190743 8711023 3230205 9350371 9350812 8190969 7980973 4630638 8190743 3730004 3930560 3470519 8710560 8710752 9710071 3470857 3930857 3930857 5230560 9710739 3700928 9710071 3700071 9710043 7790752 3950371 3950371 8190363 3950371 4720969 7790752 3230770 3700969 3930519 3700741 3700422 3700743 3700743 3700741 9710739 3930560 3930796 3930212 3930796 3930880 3700969 3930560 8190969 8190969 3950964 8190560 8870518 9040580 9040580 9350646 3950371 3930212 520857 3950043 7790913 7090973 8190937 3470580 730812 3250580 3230304 3930371 9710371 3470205 8190969 5230350 3700924 3470729
3950043 7790857 2760043 7790870 9350646 8190942 8190870 9350870 8190741 7090973 8190519 8190043 3700857 3700519 2760205 2760741 2760205 2760371 2760371 2760741 730560 5231023 9350580 730205 2760580 9350924 6660006 5370371 7790741 7790580 8870580 9350646 9350646 8190519 3950964 7790687 7790894 8191007 5371010 5371010 3950043 8870580 8190043 3730700 3731002 3470857 9710422 2760371 3230422 5230466 3230519 3250580 4720071 8190812 8870580 8870580 7790841 8870580 730422 2760580 6660006 2080743 8190687 3950043 7790857 7790114 3950043 7790857 7790580 9710782 5230519 230920 7980973 3230857 3230770 3230422 8870205 3700741 3931023 9710071 8191002 5370772 7090973 8191023 8191023 8870580 9350646 8191002 8190930 3950043 9350043 9350646 8870043 5370964 3230371 3700752 3930212 520857 9350371 2760969 8870043 7790743 2760896 8870580 8190752 3470580 9350560 3700580 3700519 3230519 7790580 7790752 7790580 2760043 7790896 7790580 7790896 7790071 2760043 2760043 730364 2760580 2760960 8711023 8190770 8190560 8190894 8190960 7790071 7790200 7790894 7790114 7790114 730964 730414 730960 730371 3930212 3700770 8190930 8190544 8190043 8190969 7790964 2760969 8190519 3470870 5370743 2760580 2760043 2760580 2760770 2760043 2760516 8870043 730770 8870043 7790071 8870422 8870422 8870544 8871007 4720544 3700422 8871007 9350812 8870580 910928 9350913 730741 8190765 520857 9710969 8190937 7790913 7790894 7790894 7790200 7790894 7790894 8190516 7790857 8190043 3950043 3390580 3390580 3950043 7790687 7790114 7790371 8190646 8870544 7790580 7790687 9040580 7790114 3230371 8870580 8870424 4630580 730422 730043 2760043 7790964 4630580 3390580 3700752
3950043 7090973 7090973 730580 730894 730961 730646 8870580 8870043 730948 520857 3230304 730144 730144 730580 730872 8870580 8870580 9040580 2760071 2760924 5231002 730371 3930741 3930519 910928 3700519 3700422 3700205 9710924 9710969 3470969 3930519 3700924 9710857 9350924 5230857 9710006 9710743 4630200 3730646 4630071 7790857 730741 730961 730741 3230414 2750857 8871007 7980973 2760872 9711002 7790894 3470043 7790913 8871007 6660880 6660996 9350930 3470987 8710770 730770 7790516 9710544 7790071 7090973 1760973 1760973 1760973 7090973 3930857 3930422 3930519 730964 730969 8190969 5230857 5230466 5230857 520857 910741 8190969 8190969 8190969 7790741 7790371 7790371 7790741 7790741 7790913 7790913 7790841 7790371 7790841
730228 730071 3700580 730228 9040580 8870580 730371 2760422 730796 6660880 3700796 7790580 3700422 9040580 7790924 8190741 7790857 4720857 9710422 7090973 3470752 4720371 2760741 2760422 6660422 730043 730809 6660880 2760770 730964 4720770 8870580 8870580 7790200 7790741 2760371 730729 730729 8870580 730580 9710741 3700414 730741 730729 730948 8870580 730729 9350371 2760924 730414 730812 2760928 5231023 9350880 3230006 3230371 3230880 3230812 520741 3230371 730228 730228 730228 3230519 2760870 6660741 7790741 6660460 6660880 6660880 730371 3230796 730928 730071 3700770 9350752 8870924 5231023 9710006 9710285 8870043 730043 730043 730043 730043 8870043 8870043 8870043 730043 8870043 8870043 7790913 9350043 8870043 730948 8870043 730580 8870043 8870580 730560 9350422 730812 8870580 730880 8870580 3250363 9710580 9040580 7790580 8870580 9040580 8870580 8870924 3700580 8870924 8190646 8191010 8190071 3470580 7790894 3470200 7790114 7790964 7790519 2760580 2760809 4720770 9710782 9040580 9710414 3470285 3230560 8871007 9350741 3230646 3230646 3700422 8871007 8870424 9040580 3700964 910928 5370964 7790687 7790752 8190896 5370964 2760960 3470519 4720770 9710519 3470519 5231002 3930205 3700205 3700969 3700205 3700414 3930205 910364 9710864 3700969 3930880 3930212 8190969 7790964 7790894 7790896 7790371 2760371 730371 730872 8870580 730560 730880 8870580 3230646 3700519 8871007 7790741 7790913 7790516 8870043 7790200 8870043 8870043 7790114 8870043 7790043 8870043 7790913 3950043 7790841 7790114 7790913 8190646 8191002 3230872 3930414 3930519 3930796 910371 910741 910741 9350741 2760205 2760205 2760205 2760580 2760580 2760580 7790888 5370930 5370960 7790857 8870518 3230371 3230422 6660561 3230519
8190006 8190872 8190872 8190770 8190071 8190872 8190888 8710857 8710857 8710930 8190770 3700743 9711023 8190888 8190043 7790857 8190741 8190969 8190969 8190969 8190071 5370752 5231023 8190646 8190872 8190646 4630937 4630580 4630937 4630004 4630004 4630937 4630937 4630004 250043 8190646 4630004 4630937 8191023 8190646 3390043 8190937 250043 4630937 250043 250043 250043 250043 3950043 250043 7790200 7790857 250043 3950043 3950043 7790857 7790857 3950043 8190519 3390580 7790857 250043 250043 3390580 250043 250043 250043 3390580 5370937 5370043 7790857 3950043 7790200 7790200 3950870
5370043 8870580 731023 5370043 5370043 7790580 5370043 9350580 730043 5370580 730580 9350043 9350043 8870580 8870580 7790114 7790894 7790896 730646 730519 730144 730646 8191002 8191002 8190043 9040580 8190516 8190560 4630580 8601023 3470782 8711023 3470580 8710646 7790888 8870580 3230371 8870580 9711002 730752 9711023 8710580 9711007 3230924 730006 730282 8870580 730741 8870043 6660043 730043 2760114 731023 6660043 9350422 9350913 6660580 9350560 8870580 730948 7790896 8870424 8870580 8870580 3700580 7790580 7790894 230496 9710580 2760580 730580 8710580 730770 1760973 1760973 5371010 5371007 9350964 9710987 300422 9350741 8870414 520071 7790200 7790964 8550519 3930212 3700796 2760969 8870880 9350580 5230969 7790516 7790896 7790894 7790896 7790913 8190646 3390580 8870580 2760071 2760580 2760071 7790043 2760043 7790580 2760928 7790752 7790741 3470519 7790913 6660880 3930880 9710422 3930880 3930560 3700422 3700969 9040580 7790580 5371010 9710371 3700741 5230350 9710743 9710212 3700071 3950043 7790071 2760687 7790071 8190519 9350043 730422 6660422 8870422 6660996 7790752 2760560 9710864 9710996 9710350 3470857 8190006 9350924 3230796 3230996 3230422 3230304 3230414 5230560 9710212 3700519 3230996 3230560 3230812 7790743 2760894 2760964 8190043 8190894 4630580 3390580 7790896 5230646 3470006 4720071 9710924 7790516 730043 2760896 2760043 2760114 7790964 2760894 7790580 7790888
9710580 9710422 9040580 3250580 8550580 8711002 7790071 8710466 3950960 7790071 2760924 9711023 7790913 9710857 3470580 9710770 8550580 8550580 3390580 8870924 8870924 7790200 8870580 730948 8870043 8870580 520371 8870544 8870580 8870580 4720544 8871007 730928 730948 8870580 730228 730646 9351002 8870580 8870544 730580 731007 730928 8871007 8870580 7790200 8870580 730996 730937 3230043 8871007 730870 730928 3230560 730888 730560 730580 8870580 730928 730948 730928 730646 730969 8871007 730646 730812 8870580 4720043 520371 8870580 3931023 8710580 9710071 9710741 8190741 5230857 8870518 8870544 3931023 9040580 9350560 3700422 8870924 3950371 7790580 7790043 7790580 9040580 7790580 8550580 8711002 8870580 8870580 8870580 730948 730948 730948 4720841 3230646 520371 3700212 4720894 4720841 9040580 4720580 9040580 8550580 3230872 4720371 4720371 8870043 8870043 3700961 3700961 8550580 8870518 730928 3250580 730928 730741 3930560 730969 730960 730928 730928 730928 730006 730928 730880 730560 730741 730422 3700580 3230646 730796 3930880 730928 730422 730928 730282 730928 730937 730928 9350422 730741 730200 730809 730969 3230205 730948 730928 730228 730729 730228 8871007 8871007 730924 8870580 730371 730228 730928 730928 8870424 8870580 8870580 730928 730200 8870870 8870580 730880 8870424 730646 730928 730371 730928 8870424 730646 730924 730937 8870580 730928 8870580 8870424 8870880 730937 8870580 8870580 8870859 8870424 3230646 9040580 8870580 3230880 9040580 9040580 8870424 4720371 8870580 3700580 3930560 730928 3700888 8190937 8190071 9350646 730071 8711002
3950960 910371 3700205 3930212 3700924 3930212 910371 520969 3930519 730969 3230969 9710205 3470987 2760371 6660580 2760205 2760741 2760043 2760770 2760924 7790371 8550519 8190071 2760770 2760741 8190071 8710857 8190969 8190888 6660996 6660996 5230422 8870580 9040580 3700580 9040580 3700770 3930371 3700752 3700422 3930422 3470729 520371 9040580 4720371 8870580 730812 3230812 3230560 3230812 910928 910741 7790741 9710772 7790071 2760888 7790071 7790924 7790870 7790913 7790888 8871007 730371 3700422 9710880 3700741 9710960 5230646 3470987 7790114 7790888 7790687 8870580 730960 3470580 8710580 8870580 3470857 9710414 3700741 2080770 2760770 2760770 2760752 2760770 7790371 9711023 9710772 3700414 3700770 2760896 7790516 7790687 7790516 2760743 2760071 8711023 8190888 3230872 3230371 3230422 730205 730580 2760580 9710924 4720371 4720371 7790580 8710872 3930796 3700969 3470422 520071 3470205 9040580 8870422 3700580 9711002 2760350 3230796 3470580 4720371 8190646 3470857 3470857 3470200 5230646 9710006 9710006 3470987 8190071 4720071 4720580 3250580 4720580 3950371 3470580 3930796 3930422 3950960 520741 9710864 9710864 8710864 9710741 4720741 230414 2760414 9710043 8190894 3470580 7790741 8710422 4720071 9040580 9040580 3470580 8550580 9040580 7790743 2760350 230924 2760924 230006 2760371 7790071 2760350 9710924 7790888 7790841 2760071 730924 6660996 730646 3230006 6660996 3230996 2760422 7790857 4720371 3230646 5230560 9710527 3930422 9710864 4720964 9710414 730228 730006 730560 6660043 9710043 9710580 8710043 8710864 2760580 9040580 9040580 3700924 3700414 9710996 3470729
730872 730872 730212 8870414 3230996 6660304 2760960 9710580 7790741 7790516 7790896 3471007 3700969 3700969 8190880 4720544 8190920 4630580 8190888 9350741 2760741 2760741 2760580 2760928 3470519 3470519 7790752 8870580 2760580 3470580 4720894 3470752 4720071 4720071 3470969 3930961 8870772 730809 730741 730646 7790743 7790964 3470772 7790888 7790964 8870880 3700519 7790913 2760770 9710923 2760752 2760371 2760006 7790870 2760646 7790870 3470519 8550519 7790870 7790580 9040580 4720580 3230006 730928 8870772 3230205 2761007 2760371 2760006 730964 8190519 8190006 7790857 3950964 7790888 7790071 7790964 910371 910519 4720961 8871007 7790964 911007 910928 2760888 2760888 2760743 2760071 730924 730752 730422 730371 4720043 7790913 7790913 7790913 7790371 9040580 3470872 7790741 9710864 730996 730560 3230205 3230422 8870880 3700580 7790741
3470987 7790964 8870422 730743 4720544 7790857 7790857 3950043 7790857 7790114 7790687 7790894 9711002 7790896 3700743 4720071 9711023 3470200 3950964 3471007 8870580 9710519 7790743 7790896 4720841 7790743 9710043 9710580 7790071 7790743 3950964 910928 520371 3470969 3470580 7790741 3470285 2760809 3470285 7790924 7790741 3470285 9710519 3470414 3470285 7790752 8870414 910646 520969 7790752 730743 730371 8871007 520741 3470969 3470969 3470729 3470772 7790071 7790071 7790964 8190888 7790896 7790743 3470752 3470729 8710969 3470414 520371 3470422 2760924 3470519 7790924 7790924 7790894 3470200 4630071 520857 730928 730928 8190006 2080743 3931023 8870544 8870580 7790964 730729 730880 730880 3230646 3730004 1760973 4630004 7790741 7790857 8870043 4720043 4720964 4720544 4720841 4720580 4720894 4720964 4720770 7090973 7790894 3471007 9350006 8190888 730741
9710580 9040580 3230924 3700961 7090973 520961 3700961 910928 3700741 3700580 9040580 3470580 9710743 9710782 9710580 3700752 730928 8870580 8871007 3250580 8870580 3700960 3470924 3950960 3700969 3230924 3230006 9710371 730872 730872 730371 5231023 7790741 7790519 9040580 9040580 9040580 9040580 3700580 3700741 4720741 9040580 8870580 3470580 3700580 3700580 3700580 3700212 3700422 3470580 9040580 8870924 8870422 6660212 3700212 3230996 3700422 3700580 8190646 8190646 3390580 8870422 8870205 4720857 3230212 3700519 8870580 4720841 8870580 3700580 9040580 9040580 7090973 7090973 7090973 8190646 4720961 4720580 5230872 5230872 9710371 9040580 9040580 9710767 9710006 9710006 5230646 9710741 3470285 3470414 9710741 3470285 3470924 9710741 5230646 3470857
7090973 8190741 8190960 7790894 7790888 7790888 3390580 7090973 7090973 7790743 7790743 7790071 7790888 3950964 7790870 7790857 3470200 5370071 5370071 4630071 1760973 4630004 9710414 3470924 3470752 7790888 7790687 7790964 3470043 3470043 9710212 9040772 7790894 8190880 3471023 7790200 3950043 7790857 7790894 3950964 8190519 3470519 3470752 7790519 8550519 3950870 3471023 7090973 7790896 7790964 3470729 9710770 4630857 2760880 7790894 3470870 7790857 3470043 3470580 3470580 9710920 3950964 2760071 3470285 3470414 7090857 7090973 4630004 7090973 4630004 7090973 7090973 7090973 8190516 2080857 7090973 7090973 7090973 7090973 7090973 7090973 7090973 4630937 3471023 3950043 3950870 250043 8190043 8190913 8190880 4630071 4631010
3700743 3700741 3700743 4720043 8870580 8870580 730948 8870580 8871007 8870880 3230646 8870580 4720071 4720071 9710767 2760924 3470580 9710414 3950960 3700741 5230969 3230006 4720841 9710006 5230872 3230371 4720741 3470200 3470006 3470006 3700741 3470969 3470580 4630371 7090973 4720857 3700969 3700969 3470969 3470924 4720544 3230304 3230560 911007 4720969 3230812 8710414 3470924 5230872 3470969 4720741 7790580 8870580 3470580 3470580 3470414 4720770 520741 4720961 730646 730646 8870422 8870422 4720741 520741 8870043 3700580 730928 8870580 730580 730560 6660043 730071 8710580 9350580 730928 2760743 730996 730071 3230969 8870424 730741 730770 730741 730928 730371 730646 9350006 730228 730928 730812 731007 730729 730928 9350741 730646 730580 9351002 730580 730796 730580 730880 730924 730928 730880 730928 9350043 730928 730371 730928 730928 730928 730928 730928 730646 3230205 730937 8870043 730006 730282 8870580 730928 8870580 8870580 730948 8870580 8870424 730937 8870424 8870580 9040580 8870580 730937 8870580 8871007 8870580 8870580 7790687 9040580 8870580 7790913 3470422 3700071 7790913 7790913 8870043 9040580 9040580 8870580 8870580 9710371 3700519 3700741 3930880 730928 3700580 8870580 8550580 3470285 7790913 9040580 7790913 8870772 9040772 9040580 3700580 9040580 3230796 3700961 3700422 9710580 3230770 3700796 7790857 910928 520961 520961 910646 3700752 910928 8870043 7790071 3930741 3700924 3700770 3700741
7790841 2760924 7790371 3950043 3470969 3470969 3470969 9710969 7790200 3950043 7790043 3470006 3470782 4720071 9710996 3230880 730560 730880 4630071 3950043 2760646 2760741 3470043 7790741 7790772 4750772 7790841 4750772
7090973 8710519 3470752 8710767 3470969 7790857 7790857 7790580 7790888 8871007 8711002 7090973 8190896 520857 4720894 8190961 4720071 7790857 9710544 3471007 4720894 3950960 7790516 2760743 8710519 9710071 8710987 4720770 3730004 7090973 3390580 7090973 7790752 7790888 3471023 7790841 7790200 7790964 7790114 7790857 7790964 7790913 8190888 3390580 8190646 7090973 3470580 7790857 7790894 8190896 8190646 3950964 8710969 3930741 8870924 8711002 910519 520969 9710414 4720371 9710414 4720770 4720964 4720964 8870205 9040580 9040580 8190646 3470857 9710350 3930371 9710371 9710371 9710371 8870924 3470969 8190741 8190872 9350371 7790964 7790371 3470772 3470205 7790580 7790857 2760043 7790743 8601023 8190043 7090973 7090973 7790371 8190646 7090973 8870924 8190880 8190560 7090973 7090973 7090973 7090973 7090973 910928 3700969 910928 520857 3470200 3470969 3470969 4720969 7790071 9710987 3230414 7790913 3950371 7790687 7790516 9710580 3470580 8550580 2080770 7790071 7790743 7790896 9710987 3930422 9710205 8710872 9710371 7790071 7790519 7790894 7090973 4630937 7790857 3390043 7790913 9710924 5231023 2760560 3250580 3470205 8190560 8190960 4630371 4630580 4630580 7090973 7090973 8190363 8190888 9710285 8710466 4720857 7790888 7790841 7790071 7790743 7790114 7790888 7790741 7790516 7790743 9040580 3470414 9710350 9040580 8550580 3950043 9710924 9710960 9710969 3700969 8190741 8190646 7790580 2760043 2760770 2760896 4630004 3470043 7790894 3470043 7790894 3470043 7790964 3470772 7790743 3470580 9040580 3470987 7790888 7790743 7790743
9710782 2760752 7790913 7790913 9711023 9710575 3930371 9710864 3470924 3470205 3700519 9711023 4720580 2080770 2080770 3230872 9710812 3700880 9710043 9710519 910857 8190371 7090973 9710857 3470857 3930741 3700741 3700205 3700924 8190969 8190969 3470857 9711023 9710006 3470414 4720741 3700580 3470580 9040580 3700580 3700580 3700580 3700580 3700880 9040580 3950960 3700422 9710071 3700770 3700969 3700924 3700580 3470580 8190560 8190422 9710739 7790888 9040772 9040772 9710969 910928 730743 8870422 2760880 9710924 9711023 2760770 8190880 3930870 8871007 730228 6660880 6660561 9710422 8710422 6660212 3700519 3470285 3731010 4630857 7090857 7090973 7090973 8191002 8870043 8870772 2760880 9710212 2760741 9040772 3700422 3700772 6660880 9710422 3470422 3230770 9710996 3700857 3230880 3470857 7790857 2760888 8190741 9710371 9710864 6900872 3700961 3470205 3930560 8870043 2760960 2760770 9710770 730812 730071 3930422 3700205 3700422 3700969 520741 3700205 3470857 9350752 8190770 3470857 8190770 3470857 3230924 9710996 3230212 3700580 3700422 3700580 9040580 8710888 8710767 730228 520071 2080770 3470200 2760071 8870580 9710987 3700796
4630857 4630200 3730888 3700071 8190560 3700964 3470729 8190743 7090973 8190880 730948 8870580 3700580 3700212 8190516 3390580 3390043 7790964 2760924 7790371 5230646 7790752 3470857 2760770 7790964 8190752 3950960 7790743 8870580 3470752 8550580 7790741 7790964 3470857 7790687 9711023 3470752 730924 7790043 2760894 3470200 2760924 8870580 9711002 7790894 9710200 3470969 7790071 7790894 4880973 3470043 8870870 9350741 9711023 3470752 4720770 4720770 4720770 3470580 7790752 3470580 3950960 7790741 3470752 4720770 9040580 9350043 3470043 3470200 3950960 7790743 7790200 8190752 3470857 3470043 8190071
3950043 9710414 7790200 8870043 8870043 9711002 4720741 910741 9711023 910371 730560 8870580 8870580 8710519 9710519 9710767 7790741 3950371 7790741 7790913 7790841 8870544 9350646 8870424 5370964 2760770 9351002 2761002 9350687 7790516 7790752 730200 730888 730071 730752 2760114 2760071 9350964 2760960 3950960 7790752 7790371 7790752 730928 730071 730743 7790200 730770 9710200 730770 5370043 730812 9350646 8870580 8870544 9710580 8870580 2760371 8190913 7790857 730969 7790371 910519 730888 8870424 4720544 910580 3950964 7790913
3700969 8871007 730928 3700422 3700422 9710519 9710864 7790896 9710741 3700924 9040580 9040580 3230422 9040580 2080743 7790894 8550580 3470580 8550580 8550519 7790894 7790114 3950043 7790870 2760770 7790841 3950371 8870580 730071 7790580 9710580 3470752 7790752 3950960 4630580 3950043 9711002 3470752 8710422 9710770 9710996 9710812 8190812 9710544 3700205 3930560 3230006 3470752 9710767 3470752 8710646 9710770 8710767 8710752 9710969 3930205 8870924 9710043 3700205 9710371 3470200 8710414 3470872 8190896 8190363 3470969 2080743 3930880 520969 3930371 3470924 730560 9040580 3470205 9710812 8190560 8190560 8190969 8190812 8190812 910928 8870043 7790043 730144 3230812 520741 3700205 3470205 7790371 3470043 910928 3700888 3700969 2080743 9710964 9710770 3470580 8711023 3700888 3700969 3700422 3390580
3470519 7090973 7090973 4720857 730646 730282 730228 730646 730228 7790857 7090973 4720857 7790741 3700422 3700880 3700857 3700928 3700519 3470205 3700743 4720371 3230812 7790924 3700857 9350930 5370580 5370580 7790857 7790857 2080857 8601023 9710969 3950043 3930880 3930422 8870924 910928 7090973 3470857 9040580 3700580 9040580 9710006 3950870 7790687 9710580 3700580 7790894 3700580 7090973 8870580 7790580 8870043 8870043 8870580 3470519 2760928 2760006 2760872 2760350 2760924 3700519 6660422 730772 2760894 5370043 9350043 9350043 7790200 7790857 2760043 7790200 7790580 2760646 7790857 8870043 7790580 7790913 8550580 3950043 7790913 7790913 9040580 8550580 8870580 3470580 9040580 9040580 3470580 8870580 9040580 8190560 3700580 730580 9350580 5370043 5370580 9350930 9350930 5370580 9350580 730580 730948 8870580 7790580 8870580 8870580 3950043 9040580 8870580 8870580 4720580 9350043 730043 5371010 7790580 9350043 9350580 8870580 8870580 8870580 5370580 8870043 7790580 8870580 3470924 9710371 3700741 520741 520519 3950371 4720857 8190743 8870772 7790772 7790772 7790772 7790772 8870772 8870772
7790857 3950043 3950043 7790857 7790580 7790857 8870580 3390043 8190646 8190880 7790857 8190913 3470857 9710043 2760928 9710864 9710422 7790687 7790114 2760646 8190560 7790519 7790870 9710519 3700414 7790371 8190646 3950964 3471023 7790752 3950960 8870205 3230560 2760646 8870205 3470205 2760043 7790743 7790894 7790741 9710006 9710006 9710371 9710371 3230872 3230796 3230212 3950371 9040580 8870580 8870924 8190560 8190519 3470857 5230646 910857 3470857 9350560 910371 2760560 2760741 2760646 7790913 3470200 3930364 910928 3930560 3700212 9040580 8870880 3700969 910741 8190422 8190770 8870580 3470580 2760924 9040580 9040580 9711023 3471007 8710560 9710006 7790371 8190071 2760872 2760872 2760741 2760872 7790752 3470580 3470969 8190913 2760646 7790857 8190969 3470969 3700741 9710200 3700880 3470969 8190646 8190560 3950371 9710544 9710285 3700519 8190741 7790752 3700519 8190371 3950371 8190646 7790516 2760071 7790857 2760646 2760114 7790516 7790857 7790743 7790913 7790857 2760580 2760043 2760364 2760560 2760964 7790519 2760964 2760371 7790857 4630071 8190646 9040580 8190741 3950960 3470200 3700924 8870422 8190560 3470857 7790752 2760969 2760928 2760364 7790114 7790964 3470205 3950371 2760969 9710205 2760646 8550580 7790913 8550519 7790114 7790071 7790371 7790580 7790888 7790752 9710519 7790857 2760422 7790200 8870580 730741 3700969 8550580 7790924 7790870 2760580 2760580 2760880 6660880 3230212 730560 3250937 2760580 7790580 7790580 7790913 3470200 7790888
3470414 2761002 7790752 3950960 7790743 3230796 3230422 730422 2760580 730772 2760580 2760350 2760741 2760743 8710741 7790741 8190646 7790857 7790857 7790857 7790752 3471007 7790857 3470857 9710422 730741 9710864 7790687 3470987 7790888 9710741 7790741 7790743 2760888 7790964 7790071 7790752 7790071 7790114 7790857 7790913 7790371 7790741 3470422 7790371 3700519 3470969 910519 3470519 3471007 7790071 3471023 7790741 7790741 3470414 3470924 7790752 3950964 8711023 8870880 4720544 910741 8870544 4720741 4720741 4720770 8871007 910928 8871007 8870924 8870544 4720544 8870924 7790741 3700743 7790913 910519 3950371 3470987 8710646 3700969 9710519 910519 9710969 3230519 9710422 7790371 730560 3230560 910519 910519 8870414 2760928 7790888 3470043 7790752 7790371 7790913 7790741 2760924 730741 3230519 730212 730212 3470422 3470519 730560 230006 2760371 3230872 230872 230872 7790200 2760580 7790371 7790857 7790857 7790857 730212 3230880 2760880 3230422 3230796 3230519 3230880 3230212 3230519 3230212 2760809 2760741 3230212 3230304 7790752 520519 520519 8710519 2760006 2761007 3230560 2760006 7790888 3470580
3470870 2760969 910519 3470200 8190071 8190496 7790857 7790371 2760371 9040772 7790741 7790741 7790741 7790913 4720741 4720770 3470414 3700770 8710969 9710519 9710770 8870518 8871007 4720544 7790741 9710864 8870580 730928 730743 8870414 730580 8870518 730741 730928 2760924 8870424 730212 4720544 3250580 730560 8870205 3470200 730741 2760071 8870580 730796 730741 730880 730928 730888 8870580 730560 8870424 730580 8870544 730796 730924 8870580 730924 3230006 730770 9350752 2760924 730371 730870 730924 2760743 731007 5230930 2760371 730964 730006 8711002 730071 9710422 6660304 2760969 8870870 9710205 9710782 3730004 8190560 5370043 5370772 730205 730996 730772 730812 730006 8190371 9710205 2760772 730043 730752 730960 230496 230496 2761007 2760964 4720964 7790857 4720857 7790857 7790857 730996 2760580 730996 730812 2760006 4630371 3950964 3700519 9710767 3700519 730752 8711002 8870580 730205 2760371 2760205 3930870 2761002 730364 730743 730812 730519 9710205 2760969 3470519 730743 5370937 2760580 2760043 730071 2760888 7790888 2760930 2760888 7790857 7790857 7790857 7790857 7790071 2761007 730752 2760560 2761007 730812 730870 2760205 730519 730870 2760560 2760888 2760872 2760743 7790743 7790857 7090973 7090973 8190743 730880 730364 6660212 3230880 3230422 2760580 2760560 7790841 8870580 4720770 7790772 730969 730772 7790772 730741 2760924 2760580 2760414 7790857 2760894 8190896 7790580 7790896 7790857 7790743 7790857 8870544 730200 730646 4720969 2761007 3730004 3730004 910928 9710864 8870414 3700741 8870544 8190043 730414 730772 2760364 2760364 730519 730796 2761007 3230519 3470772 2761002 2761007 730770 7790870 7790870 7790870 3950870 7790857 8190752 9710923 730414 730770 2761007 730364 730212 8871007 2760770 230496 7790200 7790913 8190371 2760414 7790772 7790580 2760772 2760043 2760043 2760043 2760646 2760580 2760043 7790071 7790071 7790894 7790741 7790913 7790371 7790741 8870924 7790857 7790857 4720371 9711007 230857 2760043 730071 730752 730752 730560 730870 2760741 2760205 2760888 2760969 3230796 730743 7790743 3731002 3470519 5370888 8191002 3730004 8191010 8870772 2760071 730422 730212 8870772 730212 8870422 3700772 8870518 7790741 8870424 9710200 7790371 8870518 4720964 8870518 730796 3700519 9710580 8870518 730928 8870580 8870580
2760930 2760930 3470782 2760580 2760560 7790888 9711023 730205 730880 2760516 3230812 8190942 2760560 9710782 2760770 7790743 3471023 230496 2760205 2760043 2760924 7790114 3470580 8870924 7790741 2760580 8870043 8870580 730006 8870424 8870580 8870924 4720071 8871007 8870518 8870544 4720544 9350913 7790741 9710544 8870880 7790071 4720544 8870414 8870924 520741 3230996 7790371 9350880 730928 2760870 730870 9710205 9710772 2760870 2760969 8710560 4630200 4630638 3730560 8190560 5370752 730770 2760205 3230519 3230560 2760371 9710205 2760969 910371 910519 230414 2760350 2760006 2761007 2760205 2760414 8711007 2761007 3230519 2761007 2760880 3470519 2761007 2760960 2761007 230496 2760770 8710519 8190770 8190743 2761007 8190519 8191007 7090973 3470857 8191007 730743 730519 2760964 730888 3250580 4720964 730006 730144 730144 730888 910580 8190812 8190812 8190812 3470560 6900872 730205 730519 730519 2760741 2760752 2760741 7790913 7790896 2760741 230414 3230414 2760809 3230414 7790371 2760741 2760350 2760964 3470519 3930519 2760071 5981023 8190920 7790888 9710888 3470987 7790888 8190888 1760973 1760973 7790857 7790896 7790894 2760580 2760371 2760043 5370043 2760580 7790841 7790580 2760741 2760043 7790894 2760580 7790913 7790741 9710923 2760205 2760969 910519 3730961 8190896 7790687 2760580 2760580 2760114 2760752 2760743 2760872 7790743 2760752 2760414 2760646 7790371 7790114 2760752 2760043 3470772 7790841 2760414 9710519 5230519 230924 2760071 2760580 2760752 3470519 9710920 4720964 9710414 9710870 2760924 3700364 2760809 2760772 230496 2760414 2760580 7790516 7790580 7790743 4720544 520741 520071 7790841 9710071 3470414 3470414 7790743 8190371 4720961 7790964 9040772 8190560 7790857 8550580 9710782 8870772 730371 9711002 5981023 8190888 5370888 5370888 2760772 2760043 2760043 7790870 7790964 730205 730741 5230519 5230519 5231002 3470285 9710969 2760960 9710205 9710519 3230519 3470560 8190913 4630857 7790857 9350580 730880 730880 6660422 730996 730212 8870772 730880 7790371 230872 2760043 7790687 7790114 7790071 2760741 2760560 3470205 7790114 7790741 7790913 8550519 7790913
4630937 9710888 3470872 3471007 3470414 7790071 3470560 7790371 7790741 7790841 7790741 3470580 7790888 3950964 3470519 3470924 3470924 3470006 8870043 730043 730646 8870043 4720043 8870580 7790964 7790913 3390580 7790870 7790114 7790857 7790857 4720071 910043 7790043 2761002 8870544 8871007 4720857 7790752 7790371 7790580 7790580 7790580 7790580 7790913 7790580 8550580 910580 8871007 8870414 8871007 730888 730812 3230043 730928 730580 730228 8870580 730228 8870580 730969 9710864 730969 730969 910200 730560 8870544 8870580 730741 8871007 3931023 8870414 730928 520519 8870043 8870544 8870924 8870424 8871007 8870580 730580 8870580 730996 9350580 8870580 8870580 730646 730928 730646 8870870 8871007 730964 730870 4720741 8871007 8870518 8870424 8871007 8870424 8870580 4720544 4720544 8870580 8870580 8870424 8871007 8870580 8870424 8870424 8870580 8870580 8870544 9040580 7790071 8870424 7790741 8870580 2760741 3230519 8870544 9350913 8871007 9350422 9350888 730752 730560 3470580 730205 730560 730960 9710580 8190752 1030638 1031010 7790516 7790580 7790516 7790841 7790894 7790687 730519 230872 730924 3230422 3470205 8550519 3470857 7790519 7790964 9710864 230872 9710864 2760741 3470414 7790752 7790114 4720741 3470924 3470870 3470414 7790841 9710920 7790964 3470987 4720544 3470200 3700414 7790200 730996 730560 730812 8870518 730809 7790743 730741 9040580 8871007 730880 8870205 8871007 3230212 3230422 730646 730880 8870518 730880 730006 730743 910200 730071 730364 730928 730937 730646 8870424 730928 730937 730872 8870580 730969 8870518 3700870 9350741 730960 8871007 8870424 8870424
3730004 3950371 8870580 2760043 730924 3700414 2760646 9710414 2760960 3700414 9710729 3470285 2760809 2760969 3470969 7790896 2760969 2760969 6660996 730144 730144 730144 730144 730144 910519 730144 730144 730812 2760422 2760741 8550519 7790580 4720043 7790580 7790913 7790857 3470729 4720043 7790743 8190960 8190071 730888 9710987 2760580 2760770 2760580 2760516 2760414 230924 3730114 4630638 3730004 7090973 3730924 5370043 7790772 2760043 7790071 7790200 2760752 8870043 7790580 7790913 7790888 2760743 730960 9710519 3730888 7790043 7790857 5370043 5231023 3930519 7790071 8870870 730071 2760205 2760560 730870 730870 730812 7790519 7790870 3470414 2760741 9040772 7790894 7790896 4630200 7790857 7790200 5370942 2760043 730870 2760752 2760043 7790870 7790071 3390043 3950043 730006 910519 230496 7790580 3730646 4630580 4630937 3700870 3700870 8710872 6660460 730144 8190969 8190969 3730646 8190519 7790857 7790857 730924 2760928 730212 730969 730743 910371 910519 730772 730205 730812 9710864 7790857 8710743 910200 8710646 7790071 7790913 7790071 7790687 2760964 230920 5370743 9710782 4630857 730880 2080857 7790857 7790743 7790896 4720964 730961 730144 6660561 6660212 3700422 730144 3230304 9710996 2760422 2760006 7790913 4720580 3470205 8190006 6660996 5230519 5230422 3470519 7790857 8190519 3730646 4630857 8190519 5370043 2760896 5371010 5370961 730996 730422 730969 9710969 730969 730812 730812 730043 730880 730212 5370043 730560 730996 3700772 730969 3230880 730812 8870772 7790896 730894 8870580 730006 730894 730743 8870580 2761007 2761007 2761002 8190770 7790741 910200 8870424 8870424 8870424 8870424 8871007 910200 8870424 910200 730646 730928 7790200 730743 730928 8870424 8870518 730928 730969 911007 8870424 730928 4720741 8871007 730960 730928 8870424 3931023 730646 730071 8870518 730937 730646 730928 8870870 2760969 910928 8871007 8871007 8870544 730928 8190930 8190930 8191010 9350741 8190960 9710519 8710519 6660422 3230770 8870544 8870043 8190961 4630638 4630282 7980973 9350870 8711023 730144 6660880 730880 6660422 2760880 730212 2760880 2760646 9710422 2760752 2760646 3470519 3470519 7790071 7090973 8190560 7790071 3470200 9710969 730144 730144 730422 230496 3470422 2760043 8190560
3470285 7790114 7790743 6900872 3470519 9710519 7790870 730560 2760646 910519 2760560 8870205 2760560 9710371 9710371 3470752 3470519 7790743 2080743 520519 3700519 2760414 2760894 7790519 7790687 2760752 7790752 7790687 3950043 3950964 3470414 3470422 9711023 9710519 3470414 8550580 8550519 3950964 9710741 9711023 7790964 9710043 7790200 5370930 5370870 9710519 9710924 9710519 3470519 3700519 2760809 9710519 3470519 3470519 3730560 5370937 2760414 9711002 3700770 9710414 9710519 2760752 3470987 8190516 4630071 3471023 9710371 3470872 3700414 7790371 3470772 9710772 7790071 7790687 2760114 5230519 5230414 3470519 8190071 730930 730870 8710930 7790857 730560 730071 7790580 730930 2760414 730741 730870 2760969 730752 8870772 2760969 2760960 3700519 9710729 7790888 8190646 8190646 4630937 9710414 7790741 7790071 2760770 3470043 5370043 2760930 2760930 9710930 9711002 2760752 2760770 7790519 9710870 3471023 8550519 4720071 2761007 2760752 2761007 2760741 2760752 7790752 8711002 9710772 9710772 9710969 3470752 8710646 9040772 9040772 2760770 2760350 730144 5230646 730519 730519 2760928 730519 3230422 3470519 3470519 3730646 3730646 7090973 7790888 2760516 2760580 2760071 730071 2761007 730043 730414 730770 2760006 4720371 3470580 3470519 730964 9710006 9710414 3700770 3700414 3700519 3700741 9710422 7790743 2761007 2760205 3470200 5370741 8870772 7790371 4720071 7790857 7790752 9710864 910580 2760872 230006 9710205 2760371 730519
3230304 3470519 8190071 9710519 4720371 7790519 9710519 7790964 3470519 9710519 3470519 7790743 7790519 2760880 910519 7790687 9710519 3470414 2761007 2760414 730519 730371 730969 2760969 5230422 3470924 3470857 5230519 3230519 730870 2760870 2760772 3470772 7790741 7790741 3700071 9710924 5230519 5230519 9710422 3470969 8550519 520371 9710741 3470414 3950964 9710371 3470872 9710519 8870205 730560 2760741 3470205 7790741 4720857 3470857 3470857 910741 3470969 9710996 3470872 3470205 3470006 9710006 7790841 3471023 7790114 7790580 2760560 9710782 3470519 3470519 9710772 9710414 3470519 8710741 8870924 8870205 3470872 8550519 230924 2760006 2760930 2760930 2760930 2761002 2760646 2760071 3470580 3470560 7790071 730888 3470043 8190743 4630071 4630071 3470580 3470580 8550580 2760741 2760114 2760043 2760687 2760580 7790580 2760741 7790371 910519 3470519 7790371 7790913 730519 7790580 2760580 730212 730422 730580 731023 2760580 2760580 2760580 7790580 4630580 7090973 8190560 3470872 8190560 4630371 7090973 9710857 8710872 3930519 3930796 3700519 9710864 2760414 8710519 3230560 730560 2760646 7790913 3471007 3470205 8550519 7790913 3471007 3470872 3470422 9040772 3470414 3470560 3470205 5230646 3470006 7790071 7790371 7790924 8870772 730205 730414 730144 730924 730996 2760350 7790741 910741 2760741 9710350 7790924 7790580 7790371 3470580 9040580 9040580 7790741 7790043 7790913 7790913 3470752 9710888 3470872 8870422 9040772 2760880 7790913 3470205 7790371 7790741 2760114 2760741 3470782 9710519
8870544 8870544 730870 8710767 8710770 9711002 2760870 9710741 3700414 7790580 3700770 3470200 3950960 9710969 3700422 3700519 3930386 910371 910519 910928 910519 9710006 2760969 3470924 3470205 5231002 3230205 9710371 5230350 9710519 3470924 3470519 2760371 2760928 2760741 3470285 9710741 2760969 9710864 3700961 8870544 3700205 9710864 910519 4631010 8710414 9710741 3470969 5230872 9710741 9710414 3470729 9710285 8190496 8190770 910371 9710923 9710371 7790741 9710864 520519 8190371 8550519 7790924 8550519 2760741 2760006 9710519 2760350 910371 3700580 911007 4720969 4720841 4720741 4630004 2760371 230872 2760969 730560 3930560 8870205 3700205 7790857 7790741 3470729 9710414 9710519 2760560 8190752 4630282 9710857 8190687 9710864 730924 7790913 730872 7790200 2760924 5230519 8870924 3700969 9710205 8870772 3470969 8870924 3470200 9710350 3470414 9710350 5230646 9350371 3470969 2760969 3950964 3950964 9711023 9710741 3470870 9710414 730969 8870414 730809 8190741 9710741 9710741 730144 3470969 2760414 5230519 3230414 2760350 5230930 730519 730519 8870422 9710205 9710519 3700414 3700752 3930519 8870414 8870880 730880 730212 9711002 3700519 7790913 8870580 8871007 8870424 8870424 8870424 730937 730741 8870424 730888 730770 9710414 730580 9710752 5230519 5231023 5231002 730371 9710864 8870205 730006 9350580 3731002 9350646 9350646 9350870 9350924 730519 2760043 2760687 730519 730212 730043 730043 2760646 2760371 2760872 230006 5231023 730371 730006 730872 4720741 730560 8190942 8870544 730809 730796 3930796 8870414 3700519 3930519 9710371 9710371 910519 3930519 8870422 7790913 3230560 520519 9710422 6660304 2760741 2760969 2760969 3930414 910043 9710580 8870518 730937 730969 8710422 730996 8191010 8190422 8191007
8871007 7790371 8870424 7790841 8870424 8870580 8870580 730646 9710920 3470987 8710888 8710888 7790894 7790071 8710646 3470422 3470200 8870424 8870424 7790841 8870518 7790752 8870043 8870924 7790924 7790371 7790913 2760741 9040580 7790964 3470580 7790888 3470872 7790071 3470200 4720741 7790580 3470752 3950043 8190741 7790857 9040580 7790888 7790888 8870544 7790752 7790857 7790743 7790857 7790743 7790964 7790743 230872 730870 730870 8190752 5370960 2760752 5370741 7790580 730770 9710519 7790888 8710767 4720770 4630071 2760930 2760043 2760043 2760043 2760043 2760043 7790870 2760043 7790200 2761002 730043 2760646 2760770 7790519 7790752 4750772 3950964 8190752 2760770 2760743 2760580 730422 2760580 3230519 2760960 9710519 3470870 9710519 8190743 9710920 7790964 3950964 3950964 730560 2760580 2760205 2760580 2760743 2760071 2760560 2760580 2760770 2760888 8710519 9710864 7790743 2760580 230920 2760580 7790580 4720580 730888 910580 9710782 730144 730144 730888 730519 910519 3930205 9710969 9710739 8550519 7790913 8870422 8870518 8871007 3470200 8871007 8871007 8870870 730071 730928 8870424 730752 3230880 730928 730809 8871007 730770 8870424 8870580 8871007 730228 730371 8871007 730960 910519 2760928 730928 730646 730752 730928 730928 8870580 730928 2760928 730928 730646 8870870 8870870 8870544 8871007 730928 8870870 8870424 730928 730646 8870518 9350913 730928 9350913 730969 730928 730741 8870424 730928 8870870 730560 730646 8870424 730729 8870043 730646 730928 730928 8870424 9350580 9350913 730560 730870 730880 730371 730928 730928 8870924 730928 8870424 730928 8870424 730928 8870544 730646 3700580 8870580 730646 730646 8870424 730928 730928 7790200 730646 730928 8870880 4720043
7790071 7790071 910646 4720857 4720857 4720857 8871007 3950960 7790913 8870870 3470205 3470870 2760770 230496 7790200 7790519 8710466 2760770 3230770 7090973 3730004 7090973 7090973 7090973 7090973 7090973 7090973 7090973 730144 9710870 3230422 2760560 910519 6660996 3230304 8710422 2760752 2760880 7090973 3700752 3700796 3700796 3700870 9710870 9710752 3230519 6660996 730996 730422 2760422 2760580 2760580 8710580 3470200 2760043 2760043 230872 230872 730741 7790580 7790114 7790896 7790752 7790200 2760924 2760580 2760371 2760741 2760422 2760043 2760752 7790888 3470422 7790580 7790752 730770 730646 730772 730560 2760006 2761007 730212 2760880 3470200 3470857 2761007 2760560 7790071 7790752 2760043 7790857 7790857 7790857 4630071 520519 9710969 3700519 9710371 3470969 7790519 3470519 3470519 730646 8870580 730228 7790200 9350880 730414 8870544 730870 9710212 730071 730928 8870580 730212 6660561 9350741 6660996 8870580 730200 730928 9350580 6660212 730928 730200 730928 730964 3230371 730870 730928 9350580 730969 730928 730809 730870 730870 730928 8871007 9350752 730200 9350964 9350913 730928 5370371 8870580 730646 730928 730880 9350580 9350404 8870424 730071 8870518 8870544 8870043 730796 730646 8870544 8870544 8870544 730928 730960 8870424 3250937 8870544 8870544 910580 5370741 8190071 8870544 8870580 9351002 730646 730870 730560 8871007 8870424 5370043 8870544 730646 730772 730646 730928 7790743 8870424 8870544 5370752 8870544 8870424 8870544 8190519 8870580 730948 5370043 4720580 7790580 8870518 4720969 7790200 7790741 8870544 8870544 7790200 5370580 5370043 731023 7790857 8870544 7790200 7790857 4720544 7790888 3470580 7790841 730928 730043 8870043 8870424 8870580 8190960 8870518 3950043 3250580 910580 4720961 8871007 8871007 8871007 4720857 4720371 4720371 8870424 730646 8870544 730928 731023 8871007
3700924 9710920 8870414 300422 9710205 3700770 9350743 8190752 9350743 9711002 8710741 5981023 9710857 9711023 9350924 8710857 9710200 8710857 3470200 5981023 3931023 8601023 3700964 9350743 5231023 8601023 8190888 300422 5981023 8601023 9710857 9350743 8190371 9350743 8190894 5981023 9350743 8190743 9350888 8190071 9350964 8710857 9710857 9350741 8601023 3930857 8710743 9710743 8601023 5981023 8601023 8601023 9350896 2760743 2760888 3230043 9350964 9710857 9350743 9350772 9350422 9350043 9350752 9350896 5230466 9350580 9350743 5231023 9350006 9350964 9350888 730071 9350888 8190960 7980973 2760888 9710285 730071 9350964 8601023 9350743 9350964 9350743 2760752 9710575 730964 730743 730964 9350772 5231002 5231023 9710930 9350741 2760964 730212 730212 3930519 730960 730212 9710200 730560 3700770 2760930 6660930 730071 9350743 730743 5231023 730888 730205 9710071 730205 730964 730930 730205 730772 730371 730741 730071 8710519 6660304 2760964 2760964 730752 8711023 9710969 8710969 5230969 3700752 3700964 3230519 9350888 2760964 8710864 9710519 9710575 8190888 9350964 9350743 2760894 3470782 730964 2760928 9350964 730414 9710739 910371 910741 8190888 9711023 9710414 6660741 8870414 9710285 230924 5230519 2760872 3470872 2760560 9710205 2760560 9711002 730560 2760743 8711023 2760743 730880 8190414 9350743 9350888 9710964 2760924 9710371 730743 730894 730964 3230770 8190743 8190071 5981023 2760743 2760888 9350964 730743 9350812 9710212 9710880 2760006 2760964 2760741 9710772 9710772 5981023 2760743 730743 5981023 8710888 5981023 2760743 9710924 9711023 2760741 2760960 8710872 8710767 2760741 6660561 5230646 730888 3230371 3700519 8870205 3930212 9710575 9710969 5230857 9350006 9710857 8711023 2760964 8710519 730964 8711023 2760422 2760770 2080743 9710580 2760896 3930741 5230422 5231023 8711023 5981023 9710422 9710422 9710527 8710752 8870205 9710752 9710752 3470200 9710987 9710200 300422 3700422 9710422 8870924 9710772 3470200
300422 3700888 9710772 3470205 9711023 9710743 9711023 9710772 8601023 730560 9710743 9710964 2760964 8710752 8710422 9710770 2760872 9710987 8711023 5231023 3700422 8710743 5230422 2760743 5231023 8710414 8710752 9710071 9710920 8711023 8601023 9710920 730880 730422 9710964 730646 3230371 9711002 9710964 9710770 8711023 8190414 8190741 9350743 5981023 8190071 8710422 730880 5981023 730205 9710964 910741 8711023 730741 8711023 9710200 9710422 6660212 730888 6660561 8710767 2760371 8870772 8710422 730894 8870772 2760969 730743 730741 730743 9710200 5231023 730894 8190743 9350964 3930205 3700205 2760560 2760071 2760006 5231002 9350924 3930212 9710996 5230422 3470285 9710772 8711023 3730071 8710857 3930414 5230872 730006 730043 2760006 3230006 8710560 2760006 3700964 3230371 3930205 3470752 5230422 8710422 3470200 8190743 730071 8711023 9350964 9710575 9710544 9350888 730964 9710371 5981023 9350812 2760894 730560 730071 8711023 2760964 730741 9350888 8710930 8711023 8710414 8710414 8711002 5230969 9710205 9710422 9710071 8190888 5981023 2760960 9711002 2760960 9710772 730964 8711023 730743 5230519 730741 5230350 9710770 6900872 8710864 5981023 3470782 730371 3470772 3470782 2760924 9350752 9710772 730964 9350888 9350964 730964 730809 2760071 9350880 2760743 5231023 9350896 2760969 2760516 730960 730964 2760560 5230519 2760964 9710864 6660580 730964 730752 2760422 230872 730752 3700519 9710996 3930422 3930560 5230969 5231023 9710371 3700796 9710422 9710212 9710772 9710743 5981023 2760770 8710752 3230560 9710772 910772 730924 8711023 9710205 5230519 730414 730212 8601023 9710987 300422 3700772 3930414 5230560 9710888 2760964 9710205 3470200 5231023 5981023 5231002 5230422 9710739 9350880 2760964 6660006 8710987 5230969 9350743 3730004 730888 9350743 5231023 9350422 3730004 3230205 2760371 2760964 5981023 230924 2760964 9710888 2760888 9710772 5981023 730888 730071
3390043 3390043 520969 9710741 3700414 4750772 7790200 7790371 7790200 7790043 7790913 7790913 4750772 3950043 9710006 3470200 7790741 9710880 9710743 9710006
3470006 3470006 3470872 3700969 520519 3700969 3470729 3470414 7790894 3700969 3700969 3700969 3700969 3470006 7790913 3470580 3700205 3470205 8870422 9350422 8710930 6660880 300422 730752 730212 730205 6660422 730880 730071 730071 730752 730422 6660304 730364 2760422 2760928 730928 2760928 730812 7790519 7790743 7790857 8190646 8190770 2760752 2760043 7790888 7790519 7790743 7790519 7790519 7790519 2760880 8870772 7790519 2760741 3470519 3470969 9711023 9350880 8190741 8190652 9710371 9710857 2760350 3700519 9350741 2761002 7790870 8870880 2760930 2760205 6660304 6660304 7790687 2760371 2760930 2760414 2760741 2760752 2760960 7790519 2760770 7790519 8870422 7790870 2760772 7790200 5370772 2760928 7790371 3390043 7790071 7790200 2760964 9710422 2760580 8870870 2760880 3230212 3230796 730796 6660422 9350880 9350812 9351002 9350930 9350930 5370930 731023 9350200 6660930 4990857 9350422 9350930 9350930 9350930 9350930 9350870 9351002 9351002 9350930 5370930 9351002 9350870 9350043 9350930 6660930 9350371 9350930 9350930 9350930 9350422 9350772 9350200 9350930 6660930 6660930 9350930 9350930 9350930 9350580 6660930 5370071 6660580 9350930 9350043 9350930 9350930 9350930 9350930 730729 4990043 9350964 6660930 6660930 6660930 730930 9350422 9350043 4990043 9350930 9350930 730770 9350930 9350930 8710930 9350870 9350930 9350646 9350930 9350930 9350930 9350930 9350930 5370043 730200 4990857 9350043 2760930 9350043 9350880 5370752 9350870 6660930 9350371 9350371 2760371 6660930 9350752 6660930 6660930 9350930 6660043 9350924 9350930 7980973 9350930 9350930 9350930 9350043 9350913 9350371 4990043 9350930 730200
9710924 3700212 3470752 3950371 4630071 3700857 3700857 3930796 3930880 3700212 3700580 3700205 2760924 9710205 8711023 3470285 9710414 3470422 7790924 9710285 5230646 7790071 7090973 3730004 8190560 7090973 3470414 3730004 8190812 730872 9350880 3930857 8190741 7090973 9711023 9710729 3470969 3730004 3730420 8190560 3470857 730928 3230880 9710544 9711023 9710285 5230414 9710422 8190741 7790857 5230519 9710864 3470857 7790743 3950964 7090973 8710969 9710924 3700071 9710575 9710739 9710920 3470969 3950371 3470200 9710371 9710741 9040580 9710741 9710414 9710212 9710212 9710212 8190896 8190872 9710880 3930961 8870043 3700580 9040580 8870043 9040580 7790913 9040580 9040580 8870580 3700580 8870580 3470200 3471023 9710741 3700924 3700969 3700770 9710960 9710741 9710414
8870043 730580 731023 730212 8870772 730228 9350772 730729 730228 730729 730729 730969 730969 730969 730371 6660304 8870043 730212 9350043 2760928 730796 730928 730371 730969 730043 730729 730969 730969 6660043 730969 730880 730928 730928 8870043 730928 730729 730729 730205 730371 730928 730928 730729 731023 9350870 9351002 9350772 9350880 9350870 730812 6660212 9350930 9350930 730729 9351002 731023 730729 9351002 9351002 730928 730930 730928 731023 730928 730870 730870 8870870 6660460 2761002 3700772 730928 6660561 2760928 3700519 6660212 2760422 2760928 2760772 6660460 2760371 730043 6660561 5370870 2760870 730043 6660043 8870205 3230796 2760870 3700422 730796 9040580 8870924 9710212 9710527 9710212 8190880 7790857 3700519 3931023 8870043 8870870 2760371 7790743 7790743 7090973 7090973 3470285 2760741 2760414 7790043 8870414 7790752 2760770 7790752 3930519 3700961 8870924 8870422 7790857 7790043 7790741 7790857 8550519 2760071 3950964 3950960 7790857 2760560 2760741 7790870 2760924 3700422 3930422 8870870 9350870 9350646 3950371 9350646 8870580 9710930 2760560 8870205 7790894 9040580 9040580 7790870 8870422 9710739 9710996 7790200 730930 8870870 9350560 730560 9351002 9351002 9351002 6660422 5370580 730200 730580 730969 730969 730870 730870 730200 730200 730870 730870 9351002 730519 730200 730870 9350371 730200 730212 730870 730870 730870 730928 9351002 730205 730870 9351002 730969 730741 9350422 730928 3230519 730870 730870 6660580 730200 730519 730928 730646 730205 730200 730796 2761007 2760422 8870043 730928 9350646 730928 8870544 730646 730937 8870043 730043 8870518 8870544 7790857 4720580 8870518 8870924 7790913 7790857 7790741 7790857 730812 730812 8870880 910519 9710371 3700857 3700857 520519 2760350 8871007 2760924 3230519 8870772 3230212 8870924 910371 9350560 9350646 730205 730371 9350580 6660741 6660006 9350580 730870 6660880 6660422 730870 730870 730870 5370580 730880 6660304 9350371 6660880 730928 730519
7790071 2760752 230496 9710772 7790071 7790752 7790043 7790071 9710580 2760043 230496 8710770 230920 7790772 7790888 3470772 7790743 7790913 7790743 7790741 7790071 3950043 520371 910741 910580 3700580 3700969 9711002 3470924 910741 910371 9711002 3931023 9710371 3700414 9711002 3930371 8870422 6660880 2760580 730752 3700580 3700743 8871007 2760924 5231002 520857 3230857 8190741 8790857 3700857 9350772 5370741 6660741 5230414 3700752 8870580 9040580 520741 8870924 8871007 730729 730928 3700422 3700961 730928 730928 3230770 3230205 730809 730928 8870580 2760964 3730004 3731007 8710857 3230770 8190961 9040580 9710580 7790071 2760772 7790857 910371 5230414 520519 3470200 3700519 3700770 3700212 9040580 5230857 3230414 3230880 8871007 3700519 3471007 3700422 8190652 8190652 3950870 7790857 7790200 9710996 3930880 3700422 9710519 9711002 8870580 730646 730960 7790580 730928 730752 730770 8711023 3470987 9710071 3700743 9710205 3930205 3930560 3230996 300422 3700964 4720961 3230646 5230646 3230872 3230880 3230996 3930796 3230880 731007 3230646 730888 5981023 730743 3230646 3230812 730924 3700743 9710782 4720857 3731007 9350043 3230212 730770 3230422 3230996 3930422 3230205 730560 9710006 4720043 2760741 730770 2760752 4720043 8710770 730282 3700422 300422 8870043 3700422 3930796 3700796 3700969 7790913 8870043 3700580 9710527 3700422 3230880 3700422 8870422 3230996 910043 3230043 8710741 730043 9710782 730960 9350752 3930414 9710969 8710969 3700960 3700752 3700960 3700770 3930212 730880 730371 3230212 3700212 3700212 7790743 730812 3230422 3230422 3230422 3230996 3930212 3930212 4720969 3230646 3230422 3230043 3230812 8870580 8870043 730282 8870580 730888 730812 730770 3930212 300422 9710770 730880 730880 3930880 3700212 910928 3700880 9350880 8870580 3700580 9710729 8710646 9710782 8710752
9040580 9040580 4720580 9040580 8550580 9040580 3700928 8710767 8710741 9710987 8710043 3470043 3470043 3470872 3470200 8710414 2760422 8711023 9710770 8190422 3470857 3470422 3470414 7790964 9710414 7790741 9710770 2760205 2760043 2760043 2760770 9710043 9710752 9040580 9710414 5230969 9710043 8710422 910741 9710371 230006 730770 5230422 9710527 7790687 730580 730580 730560 9710422 9040580 2760043 7790894 7790894 7790894 7790913 7790913 730880 730071 730580 6660580 730880 9710575 2760580 8870580 7790841 9710770 3470752 3470924 9710782 3470043 230920 7790752 8710872 7790888 8190913 3470200 730964 6660561 3230796 3700422 8190371 8190652 8190652 9710857 3700205 6900872 9710371 3230812 9710422 3470205 9710414 3470872 7790741 9710580 3470043 9710414 3470200 3470414 9710580 3470043 9040772 7790071 9710580 3700580 3700519 3700580 3470519 3471007 6660304 730071 2760371 910928 3700741 9710006 9710575 3471023 9710580 3470752 8711023 7790913 2760422 230872 2760741 9710864 3230422 9710741 730560 8710414 3470872 4630371 3470752 8710770 8710987 9710772 2760964 8710987 3470414 2760894 8601023 3470987 3470870 7790752 3470200 8190937 3471023 9711023 7790752 3730646 4630857 4630638 7090973 7090973 8190772 8710888 8710743 9710782 9710920 3730888 9710350 8710969 9710350 3700071 3700969 3470006 3730004 8190894 8190920 6900872 4720071 3470414 7090973 8190071 3730004 7090857 7090857 7090857 7090973 7090973 8190646 8190770 9711023 7090973 8190560 3390580
3470857 9710741 9710741 3470414 3470924 9710969 9710880 910857 7090973 3470857 7090857 7090973 7090857 3730004 7090973 7090857 7090973 7090973 9710371 9710987 3470414 3470006 9710575 7090973 7090973 7090973 7090973 7090973 7090973 7090973 3950964 3470857 8710743 3730004 3731010 7090857 7090973 7090973 7090973 7090973 7090973 8190888 9710857 3470414 3700770 3700880 9710212 9710752 3470857 7090973 7090857 7090973 7090973 7090973 3470200 9710920 3470560 8190812 8190006 9711023 3930880 3700752 9710864 8190930 3950870 3470414 3470414 3470285 3930560 3230560 9710006 9711023 3470752 2080770 9710743 7090973 7090973 7090857 7090973 7090973 7090857 7090857 7090973 7090973 9710857 3470560 8710767 7090973 3730004 8191010 7090973 7090973 9710857 9710857 8191010 7090973 7090973 8190560 7090973 3470857 9710285 9710519 8710770 7090973 7090973 3730004 8190646 8190560 7790772 2760114 2760687 2760960 2760422 3230304 8190371 9710371 9710920 5230872 3700741 3930212 3700422 3930212 3930519 3930205 5230872 9710285 3700414 9710414 3470752 3230880 9710350 3230924 3470422 3230560 8190043 8190006 3950043 3950043 9710200 5230560 9710205 3470872 7090973 4631010 4630004 8191023 7090973 7090973 7790964 3230770 3230205 9710772 3470414 3730071 3731010 4630071 4630638 3230857 3230857 3230857 5230969 5230646 9710880 3230371 9710527 3230996 8190741 3730004 7090857 7090973 3730004 7090973 9710857 8710969 3930212 3930205 3230422 9710880 8710770 9710752 2080770 3930205 3470519 3470200 3470857 3230857 5230969
7090973 8191010 3390043 730580 3700741 8870580 3700580 9040580 8550580 8190930 9710930 3471023 9710006 3471023 8550519 7090973 7090973 7090857 7090973 7090973 7090973 7090857 7090857 7090973 7090973 7090973 7090857 7090973 7090973 7090973 7090973 7090973 8550580 8870424 8870544 910519 4720969 4720371 9711002 9710414 2760752 230920 730212 6660006 730144 2760350 2760071 2760205 8190560 9710575 8190560 8190872 8190071 8190741 8190888 4630371 5230422 9710422 2760422 3470043 8190560 8190560 9350896 2760743 5370071 8190812 8190519 8190888 2760964 2760964 3230924 3230422 6660880 3230205 3930870 2760741 8870880 9710414 2760872 2760770 2760888 2760772 2760752 2760770 3470752 2760646 7790913 2760043 730519 230920 9710920 1031010 1760973 2760741 2760580 2760960 2760924 3930857 3230560 3230812 730872 3230205 3230796 730870 6660304 3230770 8190371 3950870 3700928 9710752 3470752 8710770 3470782 8710770 8550519 3470969 9710770 3700770 9710071 3950964 8190969 9710923 8710770 9710414 9710870 3930741 250969 730071 9710782 3230205 5370870 730646 2760870 2760560 3470205 8870580 2760580 6660422 2760205 9710580 3470870 9040580 9040580 3930870 6660561 3930422 3470729 520071 2760770 9710870 9710870 3470870 8190071 3730004 1760973 3730004 3730560 1760973 8190544 8190071 7790913 3470870 1760973 8190646 9711023 9710285 5230560 9710923 2760964 2760960 9710414 2760924 2760928 2760580 2760071 5370071 3730268 8190071 8190920 3950960 3470200 3470422 3470205 730144 3230422 2760888 6660996 9350896 3730420 8190371 8710743 3470782 8190071 3730420 4630371 1760973 9710864 3700870 3700870 2760872 8870870 3470870 2760560 4630004 1760973 1760973 1760973 3950870 8870205 3700205 8710864 2760964 730880 6660304 3230880 3230560 3470752 7790371 730964 8711002 8710646 3700205
3470987 5370964 9710519 8190969 3470560 8190969 8710864 2760580 2760770 2760560 2760872 2760770 2760872 9710864 9040580 8870205 3470205 520741 4720969 910772 9040772 7790913 9040772 9040772 9040580 8550580 7790924 4720043 7790913 910580 9040580 3470580 9710770 9710924 730924 9710200 8710752 8711007 3700519 9710770 8870424 3930414 8710422 8711023 3700414 9350752 9350752 8190422 8190752 9710752 910857 230857 730422 2760872 730560 8710864 3470414 5231002 8870414 8190741 8191010 3730560 3950960 3470200 3470752 3470752 3470200 3230646 3230880 3230006 3700961 3230560 9710770 3700857 3230857 3470857 3700857 3230770 3230880 3700857 3230212 8870924 3930741 9350371 2760043 9710519 2760928 8710422 9711007 9710205 9710969 8190496 3950960 3470969 3470772 3230857 3230560 5230422 3230812 911007 8190872 3470580 9040580 7790071 7790371 7790371 7790752 2760560 9350888 3230560 5230560 910928 9710575 910741 3930741 9710864 3470205 9710739 9710580 9710930 4720857 730646 5230646 3230646 3950964
730796 3230880 731007 730924 730960 4720371 4720371 8870043 730580 730928 730928 8870422 8870880 8870424 8190743 730646 730960 3930205 730960 3230812 8870205 3470200 3470200 5231023 3470205 7790752 3470200 9711023 3470200 730960 3230969 3930386 3230560 4720961 3230646 3230812 9710205 3230996 6660043 2760414 2760741 2760414 2760741 8190770 9710770 3230371 730772 730772 730200 730646 7790200 9710924 2760006 730809 9710880 730212 9711023 230872 6660880 2760752 2760928 8870414 8870424 3700422 3470857 8190741 8870580 730928 730924 730928 7980973 8870580 730371 5231002 9710741 7790913 9350043 2760043 230924 5231002 730371 3230812 7790857 8190516 5230857 9710371 8190371 7790200 2760924 5230414 2760924 2760414 2760371 2760371 9710923 3470857 5370741 8870924 6660741 3230969 3230212 730580 2761002 2760741 2760770 2760414 2760371 2760928 2760205 2760516 2760580 5230519 2760006 2760888 9711002 7790071 8190496 3950960 3950371 9710527 7790371 7790888 7790772 300422 730580 8870580 8870924 3700752 730996 3470422 8190043 8190880 3470782 8710770 9350880 8711002 2760770 3470200 8870924 9710924 730743 9710043 7790857 7790741 8711023 3471023 3470870 2760743 2760770 2760752 9710527 3470422 730371 5370741 5370752 5370752 730743 8190071 8190743 9710964 910200 6660006 3930212 730796 6660996 730772 730880 6660422 730144 3930386 3930741 910928 910580 7790924 910371 730580 3930741 730043 730928 6660460 730880 2761002 2760422 8870870 2760809 7790371 3470200 3470200 7790743 5230646 9350371 2760872 9350741 2760350 2760350 730743 730560 6660580 3700580 9710580 8870043 7790200 4750772 9710371 9710371 5231023 9710930 730809 2760924 8190743 2760006 8190371 8190371 8190371 8190371 8190006 8190006 8190913 8190894 2760964 3470200 8710414 2760350 2760924 9710006 2760964 7790964 7790896 730741 730809 730282 8871007 730928 730937 3230043 3230371 3230212 2080743 2080743 730580 730043 730743 8870580 730043 7790371 3950371 8190043 3950371 8190888 7790071 8190743 8190071 8190888 3950371 3230006 730928 730870 730870 730580 8870870 3700519 3700960 3700969 910928 910200 3930870 3700961 910928 3700961 3700961 3700961 2760741 3470200 7790913 2760350 2760928 7790741 7790741 8190896 8190071 7790857 730646 730969 8190371 8190888 3230969 3470205 8190560 3470560 3471023 8190071 2760888 730144 3230205 730371
3950964 7790071 8710930 3731002 3730888 3470200 3470580 8191007 8870580 8870580 2760205 3230414 3230205 3230205 2760205 3230560 730741 730812 730743 730812 730371 3230371 3730560 5370371 3950870 9350646 9350812 730888 730743 9711002 730796 3470422 8190872 2760872 2760350 3470729 8870205 7790516 730071 3470200 8710767 3700964 3470200 3700743 9710920 8710752 9710924 8710519 9710924 3700752 3700205 9710006 8190371 7790580 7790857 3950043 7790913 7790896 8190743 2760743 5370371 5370071 9350006 730228 730519 9710422 3730519 8190560 7790857 4720969 8190969 3730519 3730241 8190414 9711023 2760371 7790371 3470043 7790741 8550519 3950043 730646 6660212 730580 730741 730960 8711002 730414 730924 5230422 6660880 2760422 2760646 2760752 2760872 2760006 2760414 2760809 730928 6660043 730796 730880 2760043 730212 730796 8711002 2760960 5370772 2760071 2761002 2760930 2760870 2760752 2760888 2760743 2760888 2760371 730071 6660006 730880 730580 3230560 9350924 8711023 9710770 8190646 3930741 910857 9350924 8710770 9710200 4720770 9710752 8710752 2080770 9711023 9710422 5370043 9710743 2760888 7790752 730812 3470987 8710857 5230872 3930371 9350896 5230466 9350924 9350006 8190969 5230519 9710200 8190043 8190872 3700888 3470200 8711002 730071 730928 6660460 730870 730870 2760043 6660460 2760928 730928 2760872 3230371 8870544 730996 9350560 730282 910741 3700770 9350741 910857 9350741 730741 3930741 910200 8870043 8870924 3230422 3230422 3230304 3230924 3470200 9350422 2760896 2760743 8870424 730205 9711023 8870205 2760928 8870205 2760924 5231023 3470422 3930880 3470857 8870518 3470200 2760422 2760414 2760006 730752 8870414 2760371 730928 3230519 3230519 3230996 730772 3230969 3230043 730580 730043 730646 730371 2760043 2760880 2760350 7790924 7790371 8190743 8870205 5230930 5230930 9350422 9710930 730752 730872 2760741 2760043 2760770 7790857 9350043 9350422 3230043 910371 3471007 6660422 2760205 2760422 2760371 2760580 9040580 9710043 3471023 3950043 3950960 9710857 3700857 3950371 3470857 3470205 3950371 3470422 8190560 9710414 8711023 4720741 8710741 3470857 9710857 9350888 9350687 230872 730741 3470043 3470200 9710200 3470422 3470782 8190071 3471023 8190422 2760741 7790743 9710920 2760888 7790913 8191002 8190519
8190422 7790857 4630580 4630200 4630200 4630857 7090973 7090973 3950371 8190687 3470580 4720857 910857 910857 910857 910857 3470580 7790857 4630857 4630857 4630004 3390043 3390043 3950371 7790371 7790200 8190772 7790857 8190422 7790857 3390043 9040580 7790857 3700857 3700422 3700422 3700870 910928 8870422 8190646 8870870 3931023 8190812 3470857 8870544 8870422 8870424 8870422 5370960 5370937 4720770 8190646 4720857 8870518 9710864 9710857 9710864 3700071 9350006 9350006 8190371 8190880 3731010 3730004 4630004 8190652 8190772 8870422 7790913 7790913 7790913 4630857 4631010 4630371 7790857 8190812 7790857 910857 8190516 7790114 730812 3700880 7790857 7090973 8190560 8190969 520961 8190560 4750772 3390043 8190043 7790857 7790857 910928 3930857 520857 3700969 910928 910857 7790894 7790857 7090973 7090857 7090973 7790857 8550519 8550519 4720969 4720857 9040580 3470422 520961
9351002 7790857 7790857 8870422 7790913 8190888 3930560 3230212 3931023 9350560 3230560 8190961 8190006 3470872 4720371 4720371 4720580 7790580 7790580 730414 9710285 5371010 8870870 520857 9350924 8870043 9710772 7790857 7790043 7790371 2760924 8190371 5370043 9350422 8870043 8870580 9350880 3230422 8871007 3700205 8871007 520857 910857 520857 8190961 910928 3700796 9710212 7790580 5370580 5370752 7090973 9350880 7790857 3700857 4720857 8191007 910857 9350870 5370870 9350880 910857 8870870 910857 8190961 9350646 8870580 8190741 8191002 9350880 8870580 9350646 8871007 8871007 8871007 4720857 8871007 4720857 5371010 8870924 9350580 8191007 520857 9350646 9350880 520857 8191002 8870422 8871007 8870424 8190930 9351002 9350646 9350646 9350646 7790857 8190043 8870043 8870043 9350006 8190519 5370870 5370870 8870870 8870870 7790870 7790870 8870880 8190519 9350560 8870424 4720857 8870772 7790857 5370772 7790857 5370772 9351002 9350646 9350913 731023 8191002 8870544 8191002 8191002 9350646 3950870 5371010 8190043 7790870 8190961 8870518 8191002 9350913 8190743 9351002 9351002 5370741 8190741 8190772 3950043 8190043 9350913 8190872 9351002 8190371 7790857 8190519 5371010 5370371 8870043 8190872 8871007 9350646 8870043 8190913 8190913 7790857 8191002 8191002 8870544 7790200 9350880 7790857 7790857 8190772 5370043 9350043 8190743 9350880 7790857 9710527 8870422 8190422 3230422 3230796 3230880 8870414 5370371 8190913 7790200 3950371 8190969 3930857 9350560 910857 7790857 8870580 8190560 5370772 2760772 8190772 730006 2760371 7790857 2760872 5371010 3731010 7090973 8191010 8190560 7790857 730809 2760414 5370741 7090973 3950371 8870414 730741 730414 3470285 8870414 3700212 9710930 5370741 9350880 8870414 730770 8190414 8190770 7790200
9350772 8870414 5231002 9710969 8190371 3930560 8870205 7790857 9350812 520969 5231023 730924 5231023 7790371 7790071 2760770 2760924 7790741 7790888 2760371 7790772 8190772 8190772 7790857 8190043 5370043 9350772 730880 8870772 7790857 7310646 9350772 5370888 8870414 3230857 731023 5370961 730880 3230212 7790857 730212 7790371 730006 8870043 730741 2760872 730872 7790857 2760414 2760043 730414 7790371 7790857 8190371 5371007 8190422 9350880 3470200 8190071 8190071 7790857 8190920 8190043 5371010 8190043 8870580 8190043 8190043 8870580 8190772 5370580 2760741 730924 5370371 730741 730414 3230414 7790772 9350924 8870772 8871007 8871007 3230924 3230924 8870414 9350880 730961 910371 3230872 8870043 3700741 9711002 910741 730928 5230560 3230996 730870 8870870 3230872 3470857 8870924 730809 7790857 8711002 9710371 3930741 520961 8870518 3930560 910741 3700960 9710205 3930371 910371 3930212 520969 4720371 730414 8870414 3700961 3470205 7790043 7790043 8710043 3230043 3230924 3700961 3700857 3700741 3700969 910857 8870414 8870870 910857 7790200 730071 730071 4720071 9710200 3700964 3700857 910928 8871007 7790743 3930560 7790913 3930422 910857 3930422 9350880 3931023 3930796 3931023 3700969 3700969 910928 730888 7790857 4720857 7790071 4720964 730646 730809 730770 730770 3470987 2760752 8710770 3700752 9711023 8190752 520969 3931023 9710729 8710969 9710071 730888 3930857 730729 3700888 3700969 3700969 3700857 9350560 8190743 7790857 7790857 8870424 3950964 520961 8870880 3700212 3930796 3700880 3700212 520519 7790924 8550519 3470872 520519 3950043 8870043 8870043 8870043 9710205 8870772 7790896 7790516 3470043 7790516 7790913 7090973 7090973 3470924 7790924 7090973 7090973 7090973 8190516 520371 3700796 9710422 9710205 520969 9710205 9710575 3700796 520857 520857 3470414 7790888
9040580 7790913 8190812 8190888 8190646 8190741 8870772 730212 730880 730796 3230880 8870772 4720857 7790371 7790071 3950964 730772 230924 730741 7790371 7790752 7790071 5370043 730646 730961 3230560 3230212 730880 7790043 2760043 2760205 2760580 2760205 730812 9710812 9710812 730560 730560 5370772 730560 3470580 4720770 3700888 7790743 8190743 3470857 910772 910928 3230519 730560 8871007 9711007 9710772 730560 9710422 9710205 3700796 3700772 7790913 3700770 7790114 2760114 730969 730729 730870 730729 3931023 8870424 9350870 6660930 730930 9350896 9350743 8190930 8190930 9350896 5370888 2760772 2760772 730743 7790964 7790743 5370888 2760870 2760888 3950870 730961 3930386 520961 910200 5370743 731023 7980973 4630638 9350930 8870043 2760743 730364 730071 730772 2760930 730772 730969 730930 730969 730743 7790913 7790857 7790857 7790857 7790200 7790857 7790857 7790857 7790371 4750772 4750772 7790913 7790743 7790371 7790857 7790913 7790857 3950371 7790913 3950371 3950371 7790913 7790913
8870414 3470205 3471023 7790741 8190896 8190560 7790200 730212 9350880 5230857 8190371 3471023 8190741 7790857 7790071 7790200 8870772 7790114 3950043 8870424 8870043 3731002 1760973 3730241 8190371 4720857 7790857 3230969 730741 8190496 4720857 8870544 5370371 5370741 5370888 4720544 3731002 3731002 7980973 7980973 730812 7790743 7790857 7790857 4720857 8870544 7790913 7790913 8870544 7790741 7790114 730646 8870580 8190743 8190772 7790200 7790857 7790741 7790857 8870580 7790857 9350043 7790913 730812 3470752 7790888 9710767 7790741 3470752 730969 9351002 4720741 4720857 3470857 8190930 8190519 8190043 3731002 7980973 3731002 9350741 3731002 9350422 5370930 8190519 7790857 730924 730924 9710422 910371 7790200 730071 730772 4720043 4720544 730924 7790371 4720371 5370741 4720741 730580 4720071 4720857 4990857 7980973 730560 7790071 2760888 7790743 3950371 4720371 730969 9350870 3700870 9350560 4720371 4720857 4720857 9350560 3950371 8190969 9350741 3470857 3470422 7790913 3700205 9710996 3470857 910928 520969 8871007 8870544 730729 910519 8190969 8190371 9350646 8190913 8190752 8191023 3950960 8191023 8191023 7090973 4720741 8190646 8190812 8190888 8190888 3950371 8190741 7790200 7790743 7790743 8870544 8870424 9350043 910043 8870205 910043 910772 7790371 8870205 7790964 7790071 7790913 3950371 7790913 7790894 8870422 7790114 7790687 8190752 7790857 7790857 3390580 7790888 3471023 7790743 7790516 8870544 2760964 8870772 8870043 8870772 7790913 7790913 7790913 8870043 7790913 7790200 7790200 4720043 7790913 4750772 8870544 8870544 7790200 2760928 8870580 2760071 7790964 4720969
3470969 3930741 9710200 9710752 3950964 730414 2760809 8190414 8190888 2760071 3470519 8190942 7790687 7790857 3950371 7790857 2760741 2760741 8190371 9710864 9350560 3700870 4720964 9710767 3470519 3470870 9710920 7090973 3390580 2760422 730729 5231002 9350006 8190371 9350741 4630580 3731007 3730924 3731007 3730993 7980973 5230466 7090973 3950371 7790857 8190560 9710864 9710414 3700969 3930880 3930560 3930870 9710729 8710969 9710071 9710071 8710646 3700888 3471007 7790580 3470422 9711023 7790888 730371 9350043 6660212 3730004 3730043 4990857 2750857 8190894 8190896 9350964 9710741 8190414 8190913 3700414 8870414 9710772 3950960 9710923 3470969 4720770 8190752 7090973 8191023 8190772 7790200
7790896 4750772 4750772 7790071 7790924 7790857 7790913 910772 3930880 3700969 3700772 520969 3230969 8870772 730646 9040580 3470200 7790580 7790580 7790913 7790894 3470043 3470729 8190422 7790687 3470969 3470560 4630580 3390580 3390580 7790516 910646 9710864 7790114 8550519 3470580 7790580 3470580 9040580 3950043 7790752 7790200 520741 3700880 3700880 4720371 9710414 2760422 7790043 7790741 7790071 3390043 3390580 9710212 9710422 9710880 3470422 3930741 910928 8870880 7790894 7790894 7790896 7790896 7790516 7790894 520969 3700772 520071 3700969 3470969 3700212 3470969 4720770 3470580 7790071 7790071 9711007 7790857 8710752 3470729 520741 9710729 8870772 910646 9711023 7790888 7790752 4720544 7790913 4720544 7790913 7790580 3700969 3700969 520371 3700888 8710743 3471023 7790743 7790071 7790200 9710544 7790580 7790894 7790580 7790580 2760043 7790071 7790888 3470580 9710996 7790580 3470580 9040580 3700205 3470560 3470772 520741 8190414 3471023 3470969 3470924 3470924 8550519
4720043 5370071 5370888 4720857 9350924 9350006 3230857 8870772 3230924 4720964 3230006 3230560 5371007 2760752 4720770 7790772 8870772 8711007 7790371 8710864 2760741 4720770 4720371 7790857 7790857 7790741 3471007 8190888 8190772 5370371 5370371 9350006 3230812 3470205 7790857 4720857 5370961 4720043 4720857 7790857 4720741 730741 8870544 8711023 3470772 7790743 4720371 4720857 4720071 7790857 7790857 5370961 7790857 4720071 4720371 730006 8190371 8190371 3700741 7790743 9710743 7790743 7790071 7790743 5370043 230857 3230770 4720071 4720071 8711023 4720544 4720071 8711007 4720894 8870043 7790913 9711002 730888 7790741 8870043 3470782 7790743 7790857 7790857 2080770 3470772 3471007 7790888 5370772 4720857 4720857 4720964 730752 3470580 4720770 9040580 3470580 4720043 8870580 8870580 730752 4720043 7790200 4720857 9710920 4720857 5370741 8190888 8190772 8190961 8191007 8190560 730809 9040772 2760741 8870772 7790371 7790857 7790857 5370371 730743 8870422 3470205 7790371 4750772 7790857 7790857 7790857 5370961 4720741 4750772 7790913 3470043 7790743 9710920 7790964 7790964 7790071 7790071 7790888 7790913 4720544 7790964 4720544 7790913 4720964 7790913 4720969 4720770 4720043 7790741 3471007 5370964 5370960 4720544 4720964 7790371 4720857 7790857 3470772 4750772 4720741 3470580 7790857 7790964 7790964 7790964 7790071 7790752 9710580 3470043 2080770 7790743 2080770 3950964 7790913 4750772 7790857 7790857 7790857 7790894
3950371 7790580 4720544 7790913 7790841 8870424 8870544 3950960 8870544 8190752 8870772 7790752 8191023 8190752 8190772 9350043 8191002 7790200 8870544 7790200 4720071 4720964 4720894 4720894 4720964 3470987 5370043 7790857 7790371 3950960 7790043 7790857 7790857 7790752 3950960 8190770 5370743 2760888 7790857 8870043 4720857 730646 4720043 7790200 7790580 5370741 7790913 7790857 7790857 7790857 7790200 7790857 8190043 7790857 7790200 7790200 7790772 7790913 7790913 7790516 8870772 8871007 7790752 4720857 7790857 7790857 7790200 8870544 8870544 8190969 7790857 8870424 8190960 7790857 7790200 910857 7790200 9350888 7790200 730646 7790857 7090973 7790857 7790857 5370888 3250857 8190752 3470200 7790894 3470200 8190969 8190888 3731002 7980973 8190043 8190930 8190961 8190770 8190930 9350743 5370071 8190969 9350772 3731002 8190752 8191007 8190894 8191002 8190930 8190519 7790857 8190969 8191002 8190519 8190961 8870880 8870424 7790580 9040580 8190913 8190043 7790857 8190913 8190913 9350560 7790743 9350772 7790857 8190930 8190519 7790857 8870518 8870424 8191002 8190880 8190560 7790857 8190772 7790857 3390580 8190544 3950964 3950964 8190743 5370964 8190071 7790857 7790857 4720071 7790743 7790752 3950964 7790857 7790752 8190496 1760973 7790857 8190770 8190913 5371010 8190770 7790857 8191023 8190913 8190913 8190646 8190646 8190772 7090973 3950043 7790857 8190043 8190646 8190741 7790857 3950964 8190913 3471023 730796 7790857 3471023 8190646 8191023 8190880 7790857 3390580 7790857 8190880 7790857 8190752 7790857 7790857 8190422 8870580 8190772 8190960 8191002 3950960 7790857 7790200 3950964 3950960 7790913 3950043 3950043 8190071 3950043 7790857 3470857 3471023 3471023 3950960 3950964 3471023 3950964 3950371 3950964 8190888 3950960 3950960 8190646 3471023 3950960 3950043 3950043 3950043 3950043
7790857 7790857 7790857 7790857 7790964 7790913 7790743 7790913 7790870 4750772 7790964 7790857 7790580 3470580 3470580 7790888 3471023 7790841 7790896 7790114 7790743 8711002 2760422 730880 730880 3931023 3700205 3700205 520071 3470924 3930519 3930519 4720770 3700961 3700961 7790580 8870880 7790071 8870544 3950371 3950043 8190043 8550519 3950371 7790371 7790913 2760960 3950043 7790888 8191002 7790870 3390043 7790913 7790743 8190880 7790857 7790200 7790200 7790894 3950964 7790913 9350772 8191023 7790857 7790857 7790857 7790071 7790888 4720544 7790580 8871007 8191007 7980973 8190930 8190930 9350930 7790857 8190071 8190913 3950964 7790857 3950371 7790857 2760969 9350880 7790913 8190560 7790913 7790913 7790071 7790913 7090973 2760043 250043 7790200 3470519 7790913 3950043 7790913 8870580 7790200 7790743 7790200 8870772 5370071 5370888 3950043 9711023 7790857 7790071 3950964 8191010 5370772 2760043 5370772 9711023 2760880 7790580 9040772 9711023 3470285 7790752 3470200
8550580 3930422 3930880 9040580 7790913 7790687 7790516 9710371 4630371 9710006 910371 9710527 3230996 7790913 7790580 3470205 3470772 8550580 4720741 7790580 7790580 7790580 7790752 7790857 7790913 7790580 7790913 7790741 7790580 7790924 3470729 4720961 8870880 3930880 910646 3470969 3470969 910646 9710969 9710888 520969 3930796 3930880 3470969 9710880 7790857 9710414 7790071 4750772 3930880 520741 7790913 7790913 8550519 7790752 3390043 7790580 7790519 4750772 9710920 7790896 7790894 7790888 7790896 2760924 8550519 7790743 7790913 7790964 8550519 910646 910646 3470924 3390043 7790964 7790888 7790964 7790071 7790964 7790964 9710205 3230812 3230880 9710527 3230996 3700422 9710527 4720071 3470969 4720770 4720544 3471007 7790913 4720770 3470969 3930560 3931023 3470969 3700969 520969 520741 4720969
8190870 3950964 8190560 7790857 5370772 9350812 5370960 7790200 7790894 7790580 7790516 7790580 7790580 5370580 2761007 2760930 2761007 2760687 5371007 2761007 5371007 8870870 7790114 7790200 3470870 3950371 7090973 3471023 2760924 2760924 2760371 2760071 2760770 2760071 2760888 2760414 3470870 3470870 7790071 3471023 7790870 7790870 7790857 7790870 2760772 3470519 3470857 9710960 9710371 3230043 910580 4720043 4720071 3730071 4630071 3730004 7090973 7090973 8190646 2760743 730371 230920 2760880 730930 7790857 8190422 3730004 8710857 9710969 3930560 3700752 3700857 3700964 3700964 3700924 7980973 9350687 730519 730752 8870422 5370741 5370071 4990857 4990043 730960 2760741 9711023 7790371 7790114
7790580 7790580 4720580 7790580 4720580 7790580 8550580 3470580 9040580 3470872 9040580 9040580 8550580 8550580 9710006 520371 9710371 9710371 520741 8550580 4720544 7790913 4720857 8550519 4720544 8870544 8871007 4720969 4720969 7790888 7790519 7790888 4720969 4720544 7790741 7790741 8870544 7790371 7790857 7790580 7790964 7790857 7790857 7790857 7790857 3470200 7790519 520371 7790857 520741 7790924 8870580 8870580 910519 8870772 7790741 730872 3470580 8870580 8870580 7790743 5371007 4720741 8190741 2760741 7790743 8190888 4720371 730580 2760896 2760580 8870580 3470200 8870414 8550580 7790857 2760772 2760772 2760772 9040772 7790772 7790772 7790913 9040772 7790913 7790924 5370772 730646 730772 730772 7790896 730772 7790772 8870772 730772 7790772 7790580 5370580 7790580 7790371 4720580 8550580 3470924 9040580 3470580 7790580 8550580 9040580 3470924 8550580 3470729 8871007 7790870 8871007 730071 730880 3470200 8870043 2761007 4720741 7790743 910857 3471023 3950960 2760422 2760772 7790580 7790580 7790580 7790580 3470772 7790743 5370580 5370071 7790894 7790913 4750772 8550519 9040580 8190043 3470870 910519 7790857 3470969 3470519 4720071 7790913 3950964 3470969
910772 8870772 9040772 7790772 7790200 7790519 7790752 910519 910519 910857 520969 3471023 8191023 5371010 3950960 7790857 7790857 730043 7790857 3950964 4720043 8710987 8710466 4720043 8710466 8190043 910741 4720544 3470414 9710920 3470772 9040772 4720961 9040772 910646 7790071 8870772 8870043 3930422 3930422 8870880
3470752 3700743 3930796 730212 730741 730646 730519 9710864 3930212 910772 3230422 8190371 3730646 8190752 730770 3930205 3470043 9710743 730006 730772 730212 2760580 730796 6660880 2760043 2760422 730812 2761002 6660880 2760043 3470519 7790894 910043 730752 3470043 910646 3470200 2760872 2760888 3730560 4630580 730646 730772 2760888 2760888 2760888 8710646 7790743 7790743 7790913 7790371 3700924 5231002 5230969 9710006 730371 9350741 7790371 730006 7790964 2760043 7790888 7790888 2760741 730205 7790894 3470580 7790964 3700880 3700796 3700212 3470422 910519 7790964 520071 730888 3230205 730880 3930422 910772 3470969 3930519 3930519 910519 3470969 730743 730888 2760580 2760071 2760888 9710519 2760560 9710422 7790888 7790743 730888 9040772 8710646 3700772 3470772 910371 730371 8870772 7790371 4720841 9710996 4720371 4720043
7790857 730872 7790741 8870880 7790519 730880 8870580 730006 8870870 8870870 3950371 3700741 3470857 8190812 7790913 7790580 7790964 7790857 3470857 7790857 7790857 1760973 3390580 7790043 7790516 7790114 7790071 4720043 4720371 7790741 3470772 3700772 520969 520071 3950960 4720544 4720371 9040772 910772 8870772 8190006 8190496 8870772 7790888 520519 9710752 3700422 3700960 3700924 9710969 8710872 3700741 520371 9710729 520071 520741 730006 2760071 7790888 7790743 7790743 7790071 7790743 3700924 3700519 3700205 3700519 9040772 9710880 3471007 3470872 4720741 7790741 7790580 2760043 7790741 3470043 3470580 7790580 7790924 7790888 7790741 4720770 7790741 3470969 3470043 3470519 7790924 8870043 3470924 3470924 3950371 3950964 3470969 4720071 2760422 730422 2760646 8550519 7790913 2760770 7790519 9710923 2760580 2760960 3700212 3700796 3700960 3700969 3470519 7790071 2760960 2760043 7790743 7790071 8870043 4720544 4720544 9710964 7790371 2760872 3470924 3470205 3470006 3700969 3700212 3470924 3700212 3470870 7090973 3390580 7790857 7790857 7790913 3700964 3470872
7790043 910043 4720043 911007 4720071 520741 2760928 6660880 8870870 9350870 3470200 3470870 2760928 2760928 2760928 7090973 3950043 8870772 9710772 2760894 6660561 2760964 730743 2761002 7790857 8191023 8190043 3470857 2760071 2760960 4720964 730580 730888 5370043 2760422 2760872 7790752 7790857 2760371 2760371 2760371 9350772 2761002 730519 730928 730961 730961 730371 911007 3930519 731007 730580 730560 2760422 2760560 2760560 7790857 8190516 7790114 7790857 2760205 7790857 7790071 7790857 730812 730812 730560 4720580 4720857 4720544 4720961 8550580 8550580 3700741 730894 2760888 8710857 8710519 730071 8870422 3930422 3700422 910857 3930857 3730004 7090973 8190006 730870 730872 3230880 2760560 8190006 8190006 7090973 730961 730969 7790894 910928 3700969 8870043 730043 9710043 7790687 2760516 7790687 730924 910043 910200 3470969 3700772 3700969 3700969 910043 4720043 2760580 7790200 7790743 7790752 7790071 7790071 8190646 6660212 2760422 3470519 3470519 7790519 2760560 250969 3950870 3950870 9350870 2760646 2761002 3470205 9040580 730872 2761002 230872 5370870 2760924 2760006 2760646 3700519 2760114 2760772 2760772 2760772 2760741 2760205 2760043 730796 730930 730043 6660006 730519 730043 2760560 2760930 6660422 5231023 8190872 8190741 7090973 7090973 7090973 4630004 7090973 7090973 7090973 730741 730043 730928 6660043 2760371 7790924 7790741 8190043 7790200 2760646 2760646 7790687 7790516 7790200 7790519 7790857 7790857 2760646 2760924 2760414 2760809 2760414 8190519 7790896 3470205 7790896 7790964 3470519
730969 730960 9710071 9710071 8711023 3700928 7790857 910200 8711007 8190969 8190646 7790043 7790519 7790519 7790043 7790071 7090973 5370937 8710466 7790071 8710466 2760743 7790743 730948 730743 7790580 7790580 3470580 8550580 3390580 7790894 2760043 730212 8191007 4720043 910371 730006 5370741 2760930 2760006 7790519 2760560 910772 910772 910772 8871007 4720969 730646 7790913 7790913 4720371 7790913 7790071 7790071 7790913 7790580 5370071 730928 4720969 3230006 4720043 4720741 3470857 4720841 910371 3700741 9710414 3700741 3700770 9710960 3700414 3930414 910741 4720371 910580 7790913 7790772 7790772 910772 3931023 520969 730969 730969 520961 910772 7090973 7090973 7090973 7090973 8190770 8190772 730996 7790857 7790888 7790888 9040580 8190743 7090973 7090973 7090973 3930741 2760888 7790888 2760743 3470870 3470782 730961 3930961 730928 8870772 730969 730969 8870580 731023 7790964 7790741 7790741 3950964 8550580 7790888 2760043 6660996 3930880 730812 8870043 2761002 730870 7790913 520969 910772 910772 7090973 7090973 7090973 7790857 2760930 7790519 2760960 2760960 2760560 2760770 7790519 7790888 7790888 7790743 730071 3700772 910741 8870772 8870772 730924 9710422 8870580 2760880 3470870 7790913 7790857 7790896 7790894 4750772 2760350 2760930 8870422 2760043 2760930 2760743 8550519 2760646 7790741 7790743 2760741 3470519
520969 520969 520969 520969 520969 520969 3470006 910646 8870205 7790870 7790043 7790043 7790924 3390043 9040580 7790894 4720544 9040580 3230212 9710422 6660880 3230880 3230422 3230996 3230646 3230212 3230560 3230796 3930212 910043 3700969 9350880 8871007 8871007 3700422 7790857 9710422 4750772 7790896 7790772 2760772 3470772 3470414 3470414 3470414 3471007 3470006 4720371 4720580 4720741
8870870 520857 910646 520857 520857 3470857 3470924 8870924 3470924 3470857 3470924 3470006 520857 3730004 8191010 7090973
7790580 7790857 9040580 5370580 4720071 7790857 7790580 7790857 7790857 4720969 4720580 3470580 3471023 3470285 3471023 7790071 4720969 4720371 7790913 7790913 7790870 730560 910043 8190560 7790743 7790071 7790071 4720964 3470987 3471007 730743 9711002 7790071 7790371 520071 520519 7790913 730741 8870924 8870043 7790888 3470969 520071 7790888 7790071 7790741 730969 730646 4720969 730924 730560 520519 520519 520519 3471023 7790743 7790071 9350913 2760043 730371 7790371 730212 730796 8870422 8870414 520741 7790371 8870924 7790924 8870924 7790913 7790741 7790741 3470969 7790743 7790071 7790964 3471023 7790071 7790071 730969 520969 910519 520969 8550580 910043 910043 910043 3470580 7790913 7790857 7790071 4720544 7790743 7790071 7790964 7790888 7790743 730006 730964 730924 2760880 3470422 520371 520071 730646 8870924 520741 520741 7790741 3950371 730646 730646 7790071 7790888 3471023 7790071 7790964 7790743 730205 730812 910519 520071 3470969 7790913 7790913
7790913 8550580 9040580 7790913 3470969 3470969 7790913 8550519 7790752 2760770 8711023 3470987 7790894 8710743 7090973 8190888 3950964 9710519 8710580 2760872 7790752 7790071 230920 8710646 3470782 7790071 7790743 7090973 4630004 7090973 7090973 7090973 8190888 7790772 7790772 2760772 5370942 7790516 7790894 2760043 2760880 7790894 8550519 3390043 7790913 8870580 730729 730043 9350741 2760964 8870043 3470414 3470043 9710729 8870544 9711002 730812 7790964 730560 3470422 7790752 8870043 8870043 9710924 3470200 4720071 3950371 7790857 3700519 7790888 9710924 3470987 3470043 3470043 3470969 8190888 7790371 8870924 7790924 8870043 7790071 8870043 8870880 910043 910043 910043 8870518 730961 3700961 8870518 8870772 730928 8870518 8870414 8870414 3700752 8870518 3700964 4720741 9040580 8550580 7790913 7790888 3470580 8870580 3700888 8870580 7790580 8870880 8870580 8190880 3470200 9711002 8870518 910043 730752 8190772 7790752 8870772 7790741 7790743 3950960 7790371 9711002 910371 7790741 7790743 8871007 520969 910741 4720969 4720371 4720043 4720043 8870043 4720043 8870043 7790894 8870424 7790913 7790896 3470043 3470519 910043 4720770 7790896 7790894 8710646 8550519 7790913 3470924 3470200 8550519 8870043 8870772 8870544 8870424 8870043 7790888 9040772 7790894 7790913 9710812 7790741 7790752 7790371 7790071
8190770 7090973 8190071 3470987 9710782 3470987 3930414 3470969 3700960 9710043 3470043 8710043 7790071 7790371 7790913 3470043 7790371 3390043 3390580 3470043 3470043 7790752 7790870 2080770 3470752 3700770 2080743 3470752 8710752 9710770 9710371 3700741 3700071 9710996 9710071 3700888 3700964 3700071 8710646 520071 520071 7790114 3950960 3230414 8870414 2080770 3471023 7790071 8710864 3930880 910928 8710752 8190913 4720894 4720770 2080770 9710857 3470857 3470857 3950870 9710729 9710782 5370043 2760741 7790857 8710043 8710767 7790043 7790888 9710920 9710857 8190888 2080857 8710743 9710071 9710743 9710920 5230350 910371 3470006 2760646 2760687 2760741 3471023 3470519 7790114 7790888 2760516 910772 3470772 8710560 9710770 9710772 3700414 3700205 3470772 3470205 8711023 9710770 3470752 3470857 4720770 5230646 2760414 9710969 9710205 8870414 8190560 7090973 5230560 5230857 9710969 8710872 8710969 3470969 3700969 520969 9710739 910741 520969 3930560 5230969 3930560 3470205 9710864 9710205 9710371 9710006 9711007 8711007 4630071 8190071 8190770 9710924 3470205 2080770 3730560 3730560 3950371 9710371 5230857 9710782 7790741 3470200 9710770 8710752 8710043 9710770 8710864 9710580 9710071 9710580 7090973 3471023 9710767 9710414 7790741 7790857 3230371 3230996 3230414 730960 730809 9710741 3230414 3470752 9710205 5231023 2760924 5231023 2760924 2760888 7790071 3700743 9710888 3470200
520961 7790857 8870544 7790743 7790913 7790913 8870580 8550580 3930857 3700857 3930560 910371 2760205 8190043 7790043 7790964 3471023 7790894 7790896 7790743 7790743 3950964 910857 910857 3230969 730646 730872 8870772 7790752 2760646 7790043 7790772 7790913 7790913 520857 9710414 8870043 8710770 7790741 7790913 910741 3230857 3230857 2760928 2760960 2760924 8190770 7790857 7090973 7090973 7090973 7090973 7090973 7090973 7090973 3471023 7790741 9710741 3700924 520741 3931023 8870544 910928 3250580 2760646 730870 2760930 9710519 2760414 7090973 4720043 910371 9710741 3930741 3700924 520857 910371 4720964 3230796 2761002 9350930 7790857 7790913 7790857 2760687 7790857 2760646 2760870 2760880 2760880 2760960 2760646 2760646 7790870 7790964 7790857 3950043 8190043 3471023 7790857 2760043 7790752 7790857 7090973 7790071 7790888 2760414 9710772 2760741 9710741 520969 520741 911007 3470752 911007 730870 4720969 730646 910200 730560 2760371 2760872 7790857 7790857 8190519 7790114 2760006 7790857 8190772 5230466 7790741 7790580 2760772 7790580 7790687 3470043 7790043 7790043 7790200 910857 3931023 3470205 3470205 8190560 7090973 910646 3700580 910580 4720580 3470200 7790752 3470285 2760371 2760414 7790741 730924 7790857 7790741 7790741 3471023 910200 3930857 910857 910857 5370870 2760969 8190519 7090973 7790857 910928 910519 8191010 7090973 7090973 3470580 8190043 730741 8870870 9350930 5370930 8190870 8190371 5370043 8190930 730928 520961 910200 4720969 7090973 7090973 7090973 7790752 2760770 7790888 7790857 7790071 7790071 7790964 7790964 7090973 8190646 3470043 7790071 730560 730560 2760043 8870043 7790896 7790896 7790772 7790200 3700519 3700580 3700071 9350888 4720857 3950043
5370200 6770857 5370841 520961 520071
7790841 6770857 8190519
7790200
1030857 5370930 7790841 5370580
5370974 730228 5370841 5370841 7790841 730729 250969 1030638 4630200 250969 7790200 7790200 8870859 4630200
8870859 5370841 8870544 5370571 3950870 5370961 8870544 4720969 8190363 5371007 5370841 7311002 5370419 1030292 9350930 250969 730200 8871007
730928 8190363 8190646 7790200
8711002
null
null
520961 8870544 520857 8870544 520519
null
4750772
1030984
250043 7790200 8870544
null
null
null
null
7790200
null
null
null
null
null
null
7790913 4630200 1030984 4630200 1031010 1030292 4630200 1031010 1030646 1030292 1030200 1030638 1030292 1031010 1030857 1030292 1030292 1030292 1031010 7980973 1030292 1031010 1030282 1030292 1030282 1030292 1030282 7980973 1760973 7790857
5370961 1030282
4750772 8190519 5370961 7790200 7790200 1030961 5370961
null
3390580 7790200
null
8191023 8870544
null
5370960 9350646 8791023 5371007 4990857 7311002 4610973 4610973 7310200 7310200 4610973 4610973
9351002
null
5370772 8870580 8870544
1030282 4630200 250043 5370200 3731023 1030984 5370200 1030292 8190363 5370419 5370961 5370961 5370961 3950043 1030282 5370266 5370961
1030292 1031002 1030961 1031002 1030646 4630200 7790200
null
5370961 5370961 1030282 7790687 1030200 3950043 7790841 250969 5370870
null
4880973 1030282 9350964
null
4630386 3950870 250969
4630200
null
null
null
null
null
null
5370544
4750772 1031002 250969 8870544 5370961
null
9350741 730729 730006
8191002 4720969 8870544
730928 8870544 8190481 3731023 1030292 4630200 8190481 3730519 7310646 1030638 7980973 1030857 6760942 7980973 6760857 7310571 7980973 7980973 7310765 7980973 7980973 8190419 8190646 4630200 4630200 1760973 4630200 8190913 9350560 7311002 7790200 4630200 3390043 5370974 5370937 8190481 4630200 4630580 5370741 250043 7790200 8190481 4630386 4880973 1030282 1030961 4630200 1030984 8870544 5370961 5370200 5370841 5370937 8870544 3950043 250043 8190481 1031010 7310282 5370544 5370200 1031002 4880973 1030292 5370200 3731002 4630386 3950043 4630200 3731023 1031002 1031002 250043 8190544 8190177 250043 3390580 3700364 3390043
4720544 250043 4630580 4630200 1030646 1031002 6770857 5370829 5370200 5370974 730200 3731023 3730961 9350200 7790200 4720544 4630200 4630200 1030292 4630200 6770857 1030646 5370974 5370961 7790200 4630200 4630200 5370544 1030646 1030646 1030292 4880973 1030646 1030646 5370974 5370772 5370200 250043 1030857 1760973 1031010 2370973 1030282 1030292 3731023 1030282 1031010 1031010 5370544 1760973 4630200 5370960 7980973 1760973 1031010 1030646 1760973 1030646 1030646 1031010 1031010 1030646 1760973 5370544 5370870 5370544 4630386 250043 4630580 5370544 8191023 1030984 1760973 5370200
null
1030292 1030638 1031002 1030200 1030200 1030292 1030282 1030638 5370200 1030292 1031002 1031002 3730241 9350930 5370974 5370974 1030984 1031010 1760973 5370200 1760973 4630200 5370961 8870544 5370961 250969 250969 1031002 3390580 5370266 9351002 520961
8711023
9351002 8870544 9350913
4750772 3950043 8190481 8870544 5370961 8870544 5370961 7790200 5370961 5370937 8190363
7980973 7790841 4630282 8190652 5370974 5370937 5370961 5370930 5370043
4750772
3470969
9351002 4990857 7311002 9350404 8190544 6770857 1030984 250969 4720544
null
730646
7790200 7790857 1031002 7311002 5370937 520857 5370544 5370961 730646 6770857 9351002 5370266
5370930 3390043 5370974 5370937 5370961 5370937 7311002 5370961 3950870 4720544
7310601 8190859 8790857 8790857 6350404 7310430 6760973 7980973 7310765 5370772 3730765 1030829 7310564 7980973 7980973 7310891 7310161 1030646 6760973 8190177 8190829 7980973 1030638 1030857 2370973 1030829 6760646 2760114 8190877 4630282 3730993 5370937 3731002 5370829 5370888 1760973 8190961 8190877 4880973 9350580 5370942 6760601 5370937 8190419 5370877 8190363 5370841 5370043 8190687 3731002 8191023 9350765 8190687 8190765 4720857 4880973 4880973 1030829 7310891 1030282 8190937 6350404 3730241 8190177 5370743 3730646 8190877 3730765 3730519 1030638 7980973 7310646 7980973 6760404 3700404 3250363 520371 3700404 8190516 3250363 3700888 9710743 9710743 9350888 8190363 9350646 8190812 7530857 8790857 3471023 8190877 3250857 8190877 2080857 8190920 3250857 8190687 8790857 8190888 5370571 5370841 7790896 7530857 8190687 3731002 7980973 1030638 1030638 3730601 3731023 7980601 1030638 3731002 5370200 1031002 7310177 1030829 6770857 6770857 1030282 7980973 4880973 7310200 7310177 7310646 6760404 5370877 8190544 3730601 6760404 6760765 6770857 5370974 6761023 7310601 1031010 5370200 8190765 5370877 8190496 7980973 8190942 8190646 8190646 8190942 8790857 4610973 6770857 4880973 4880973 7310601 7310601 6760646 8870859 8190519 4630371 5370942 8190765 7311002 7310601 7310891 7310601 1030961 5370266 6760973 5370942 9350404 1760973 3730386 1030282 7310646 6761023 8190481 3730229 7530857 8190913
3731002 8190870 6760601 5370419 8190937 6350857 6760646 3730981 8190481 9350200 9350404 8190419 9350765 3730137 9350765 9350404 8190961 3730646 5370571 9350404 3730241 8190177 6760700 9350404 6760700 3730765 5370841 5370877 5370571 8791023 3731007 9350404 3730765 5370937 9350829 3730765 5370266 9350200 9350404 8190877 9350404 8190765 5370877 7310765 9350404 6350857 6760404 5370942 3730419 3730241 7980601 5370937 9350765 8190942 9350765 8190829 8190877 6350891 6760601 8190942 10110857 6760973 6760877 6760700 10220857 4990043 6350765 4990857 9350580 6760700 5370266 5370571 9350404 6760601 5370841 6760404 3730765 8190765 6760404 6760601 6350765 8190544 6760700 5370877 6760700 9350404 6760857 7980973 3730877 8190765 5370266 6760700 8190177 9350580 6760601 9350888 7980973 6760857 8190687 10220857 10220857 5370877 8190363 8190765 9350200 3730700 8190363 8191023 3730404 5370870 6760857 3730004 7310765 3731023 4880973 5370930 6760646 6760481 9350765 5370419 9350404 6760404 8190419 6760857 5370877 6760765 5370942 5370571 3730829 8190481 9350404 6350857 5370829 8190765 3731002 9350404 7980973 9350580 6760942 5370877 8191007 6760601 9350404 3730829 6760973 5370829 9350404 3730229 3731002 6350765 6350601 3730229 3730829 6760404 7980973 8190371 3731002 5370829 9350580 3730404 9350687 5370877 9350829 3731007 8190419 5370829 6760404 9350829 3730981 3730580 7310646 6760404 5370877 7980973 9350765 3730981 5370877 6350857 6760601 6350601 6760765 5370841 6350891 8190363 6350891 5370829 5370829 6760857 6350765 7980973 7980973 6760481 6350601 3730229 5370419 6760601 9350765 5370877 8190937 3730229 6350404 5370266 7980973 8190419 9350580 8190177 7980973 5370841 3730404 7980973 5370371 8190829 7310564 9350829 10220857 7310114 5370829 3731002 6350601 9350765 9350765 5370877 3730974 8190687 4990857 3731002 8190419 9350765 9350765 3731002 5370942 7980973 6760646 8190752 6350891 7310646 8190646 6760404 9350404 3730829 7310601 6760700 6760765
3700404 8190877 8190687 8190765 8190942 3470729 8190829 3731023 6760601 8190687 8870859 9350765 8190942 8190937 8191007 8190937 8190363 8190942 730205 3700404 3950371 8190829 8190516 8190363 8870859 3731023 8190942 8190177 6990481 8190687 3730877 8190937 8190544 4630200 8190877 3730974 3730114 8190937 3730981 2750857 3700964 3730765 3730928 8190942 3730519 8190942 3250363 8190765 8190481
7310646 3730601 6760700 9350564 3730241 8190752 9350404 6350601 6350891 6350601 6760857 6760857 6760765 3731002 8790857 6990481 9350765 6760857 6760601 6760404 9350765 5370942 3731002 6350765 6760601 3731002 5370877 6760942 9350765 9350404 3730765 6760973 6760601 3730241 5370877 5370266 3730419 3730241 3730700 6350765 6350891 6760601 3731002 6760765 8190877 3731002 6760404 5370877 6760765 8190177 6350857 3731002 7310404 6760700 6760404 7980973 5370877 6760404 6760404 3730241 6760404 8790857 6760857 6760404 3730993 6760857 5370877 9350404 6760601 9350404 3731002 6760857 8791023 6760857 6760646 6350765 3730877 5370266 3730961 3730601 6350601 6760700 7980973 5370829 6760700 3730993 6760942 7310646 6760564 6350601 6350601 3731007 9350829 6760857 9350772 8190829 9350765 8190961 6760404 6761023 6350404 8790857 6760877 9350404 6760601 3730829 3730993 6760404 9350765 6760404 8790857 6760404 6760601 9350765 6760646 3731002 9350404 3730114 6760601 5370371 6350891 6760601 9350404 3730765 8190363 6350601 5370752 6760942 10110857 3730961 6350601 6760700 5370571 6350404 5370960 6760857 9350404 3730419 8190544 10110857 6350601 8190765 9350829 6760857 6760942 9350404 6350765 8190877 3250857 8790857 9350765 6760877 3730404 6350765 9350404 6760404 5370829 6350765 6760973 10110857 6760877 3730993 6760942 6760942 8790857 3730241 3730829 7980973 6760601 6760404 3730519 3730765 4630371 3730829 9350880 3730961 8190942 3730229 6760765 8190942 6760765 8190765 8190877 6760404 6760601 3730519 9350404 7310404 6760404 6350765 3730993 6350765 5370877 9350687 6760601 6350857 6760404 8190765 6760404 6350765 9350404 3730114 3730961 6350404 8190363 6350857 6760404 6760481 8790857 8190829 9350404 3730993 5370877 6760765 9350564 6350891 8190419 6760942 3730765 9350564 6350765 3730419 6350404 5370877 9350765 6760700 9350404 6760942 5370937 6761023 5370419 6350765 9350765 6760601 6760404 9350772 5370266 6350601 9350560 7310404 6760700 3730404 9350765 3730877 9350404 9350765 9350404 6760601 5370571 3730137 6760404 6760404 9350765 3730765 6350765 6761023 9350560 9350765 8790857 8190937 9350404 9350829 6760700 9350765 5370942 6760404 6350891 3731002 6760646 9350560 6350601 6760700 9350404 3730829 3730580 6760404 9350829 3730993 5370829 6760857 9350765 6760404 3730765 6760646 9350404 6350765 6760601 3730601 9350765 7310646 8790857 5370371 9350404 6760601 6760601 9350765 8790857 6760601 6760765 5370877 6350765 8190961 8190829 6350601 3731002 6350601 6760877 3730765 5370571 6760404 3730993 3730877 7310114 6760857 5370829 3730601 7310404 6760973 9350765 6760481 3730114 5370743 6760404 6350857 6760601 6760404 3731002 6760942 6761023 8790857 3730981 7310601 3730765 6760404 6760700 3730241 6350857 5370829 3730829 6760700 6350765 6761023 5370571 6760601 6760404 6760857 6760700 8190829 6350404 6760942 3730404 6760765 8190765 8790857 7310430 6760404 3730961 8790857 3730700 6350765 6760700 9350404 6760601 6350404 6760601 3730765 7310404 6760404 7310601 9350404 3730765 6350765 6760942 6760601
3730993 5370877 3730114 6350765 9350564 5370877 8790857 6760857 9350404 3730765 6760877 9350404 6760404 9350765 6760404 10110857 3730981 6350891 6760601 8190961 9350765 6350601 6760404 6760564 6760564 10110857 5370942 7310114 6760601 10110857 8190829 6760404 3730114 6760700 6760857 2760114 5370419 6760857 6760601 3730404 5370877 6760700 3730229 9350564 6990481 6760942 6350404 3730601 3731007 8790857 8790857 3730137 6350404 8190419 7310404 8790857 6350765 3730404 8190877 9350765 6990857 9350765 7310601 3730765 9350404 8790857 3730601 5370829 6761023 6760601 8190564 9350765 1760973 10220857 8190765 6760404 5370937 9350765 6760857 3730993 8190877 3730229 6760646 3730961 8190177 8790857 6760857 6760601 9350765 6760404 8190765 3730877 9350765 3730601 9350404 6760601 6760404 8790857 3730981 6760601 9350765 3730241 3730993 3730241 6990200 6760601 6760765 9350564 3730229 3730765 5370942 3730404 6760942 9350765 3730404 8190877 6760877 6760404 5370877 6760404 8190877 6760404 3730241 3730404 3730877 8190177 6760404 8190519 6760404 3730229 6760404 8190829 6760404 3730961 6760404 6350765 8191007 7310646 9350765 10110857 6760857 6760601 8790857 9350829 9350404 8190829 6760942 6350404 3730601 6760601 8190177 8790857 9350765 10110857 8190829 3250857 8190177 8190765 10220857 9350765 6760877 5370371 6760877 3730404 6760765 3731002 6760404 8790857 5370877 10110857 6350765 9350765 9350404 9350404 9350765 3730765 6760601 6350404 8190765 3730371 6760481 8790857 10110857 3730765 6350765 6761023 6760601 3730981 6350601 5370877 6760942 6350404 3730601 6760404 3730601 8190942 3730700 8190877 3730829 6760942 8190942 6760404 6350601 6990200 9350829 6760942 9350564 6760404 3730765 9350404 3730765 8190765 6350404 9350765 3730404 10110857 8190877 9350404 6760601 6760404 9350812 9350646 9350765 9350404 8190877 9350404 6760601 9350404 6760601 6760601 6760601 6760765 9350404 6760404 6760601 3730993 9350765 8190829 8790857 5370829 9350564 6760404 6350601 9350404 6760700 9350404 5370829 6760601 9350404 8191007 6760404 8190772 8190564 5370877 9350404 8190829 6760404 6760404 3730404 8790857 9350404 8190765 6760601 5370937 6760564 8191007 8790857 3250857 3730601 3730993 6760601 6760857 6760601 6760646 3730765 9350765 6350404 5370877 6760646 6350601 3730993 5370829 5370877 9350564 6760404 9350404 8190829 3730404 8790857 9350404 8190877 6760857 3730404 6760765 8190829 7980973 9350404 3730419 6760765 8190961 6350891 9350404 3730993 3730877 6760404 8190765 3730601 6760404 3730981 5370829 6760404 6350891 6350601 6760700 3730137 8190961 7980601 9350404 7310564 9350829 9350765 3730829 6760942 8790857 9350404 8190829 8190877 8190877 6350404 3730829 6761023 6350601 6760404 8190960 6760877 6990200 8190829 3730829 6350765 6760973 8190765 6760877 9350404 9350765 6760601 9350765 3730601 6760404 9350765 8190942 6350891
6760973 8190877 8190419 6760404 8190765 3730981 6350765 8190877 3730765 3730004 9350765 3730137 6350765 9350404 3730765 6760601 6760877 9350404 8191007 6350891 6760646 8790857 3730137 6350765 6760601 6760942 6760601 6350404 10110857 6760765 3730137 6760942 6760942 9350829 3250857 3730404 10110857 5370772 6760564 9350880 9350765 9350404 6350404 8190419 6760601 3730981 9350765 8190829 9350404 9350765 6760404 9350765 6760404 3730981 6350765 6350765 6350601 8190877 6760404 8790857 6760404 9350404 6760765 8190877 9350404 10110857 6760404 8190829 9350404 8790857 6760564 6350765 9350829 8190942 8190829 6760942 5370829 6760601 3730981 6350765 3730114 9350564 3730114 9350564 6350891 6760601 6760700 3730241 8190829 6760700 3730404 6760404 6760857 5370571 3730296 10110857 6760404 3730829 3250857 3730765 6350765 3730877 5370266 8190765 3730404 6760601 6760404 8190419 7980973 3730404 8190765 6760601 9350765 3730296 6350404 8190765 7980601 6760404 8190765 6350765 6350601 8790857 8790857 8190765 3730137 3730981 8190765 7980601 8190765 6760942 6760857 6350601 3730601 9350765 3730241 6760564 6990200 6760942 6350404 3730601 9350404 6350601 6760877 8190765 6350601 5370877 6350404 8190942 10110857 3730241 9350404 9350765 6350765 6350404 5370829 3250857 9350765 8190877 6350765 9350829 6350404 8191023 6760404 3730765 9350404 6350765 6350891 6760601 3730981 9350765 6760404 6760404 6350765 8190942 8790857 5370877 6760404 8190859 6350765 9350765 6990200 6760646 6350891 8190422 9350765 3250857 6760877 9350404 8191007 9350404 8190829 6760700 6990200 9350404 8190829 10220857 3730877 5370877 8190765 6350765 3730404 6760404 8190687 6350601 9350765 6760942 8190371 6350765 8190877 6760404 6760404 8190765 3730137 6760404 8190765 6760646 3730765 6760404 6350765 6760404 8190765 3730419 6761023 8790857 3730601 6760942 8790857 6760601 6760646 6350404 3730519 6760877 3731002 6760564 8190829 6760404 8190419 8790857 6760857 8190829 6760877 9350404 3730765 6760877 6760646 9350765 6760404 8190829 6760601 6760404 9350765 6760404 6350765 9350404 8190765 6760601 6760404 9350765 8190765 6760601 8790857 5370877 6760404 6350601 3730993 6350601 9350765 8190829 6760646 8790857 10110857 6760857 8790857 6350601 3730993 6760646 6350765 3730829 8190942 5370942 6760601 6760857 8190872 6760564 8190519 8190765 9350404 5370942 6350404 6760404 9350765 6760877 8790857 6760942 6760942 6760404 3730829 6760404 9350765 6760404 6350765 3730241 8190877 6760404 6760857 6350891 8190877 9350404 6350765 3250857 6350404 8190687 6760601 9350404 6760564 6760404 6350765 6350891 6760601 9350765 6760601 9350564 9350765 6760942 3730993 5370829 6760646 6760765 8190829 6760601 9350564 9350765 9350765 3730601 9350880 6760601 6350404 8790857 8790857 6760700 6760877 8190772 8190829 8190877 6350404 6760601 8190765 8190877 6760404 9350765 5370877 10110857 10110857 8190877 6760404 6760404 8190765 8190877 6760404 6760404 6760601 6760601 6350765 8190419 6760942 8190765 10220857 8190363 6760942 3730241 6760601
8190829 8790857 6760564 3730993 6990857 8190961 6760404 8790857 8190877 3730829 8190877 8190829 8190877 6760404 6760404 7530857 8790857 8190765 3730404 8190765 6350601 8190177 8190877 9350765 8790857 6760601 8790857 6760601 8790857 8190877 8790857 6760404 9350765 8190829 6760404 6350765 6760404 8790857 6760601 6760765 9350404 6760564 6760564 9350765 8190961 8790857 8190877 3730981 8790857 6760404 9350564 9350765 8190829 5370942 6990200 3730601 9350404 6760942 3250857 8790857 6760646 8790857 8790857 6760601 8190419 9350404 8190419 6990481 9350765 8190765 6760877 8190765 8190877 8190765 5370877 9350404 8190481 10110857 9350404 8790857 6760404 8790857 8790857 8190877 5370877 8790857 3730993 3730993 6760700 8790857 8790857 8190516 8790857 6990857 8190829 6760700 6350601 6990200 8190829 8190877 6760404 8190937 3250857 6760700 8190877 7530857 6990481 6760942 6990200 8190177 5370877 6350765 7530857 9350765 8190877 6350765 8790857 8190877 9350404 8790857 8190877 9350404 8791023 8190829 6350601 9350765 8190877 8790857 8190877 6350765 6760601 8190765 8190765 9350765 3730137 6350765 6760646 3250857 10110857 8190872 9350829 8190829 6760646 8790857 8190942 6350404 3730004 3730404 9350404 3250857 6760404 8190829 6350601 6760877 6990481 8190877 8790857 3250857 9350404 8190177 9350404 8190829 8190877 8790857 6760564 5370877 9350404 8190765 6760601 9350404 8790857 8190877 6760404 8190765 6760877 6990200 4910481 6760404 6760404 8790857 6760404 6350891 6760601 6760404 6760404 8790857 6760601 6760404 6350765 6760404 6760700 9350765 8190888 6760404 6760700 8190877 9350829 6760700 8790857 3730993 6990200 9350829 9350765 8190371 8190829 5370877 8190765 6760404 8790857 9350564 8790857 6760404 8190177 9350765 6760404 8790857 6760601 8790857 8190829 8790857 6760564 8790857 7530857 8190765 6350601 6760700 3730137 3250857 6760765 8790891 6760877 6990200 8790857 6350601 9350564 8190177 9350564 5370877 6990481 6760564 9350404 8190942 9350765 6760942 8190877 6760877 8190829 5370741 6990200 8790857 8190560 9350404 6990481 3730765 9350765 8190877 6990200 6350765 8190877 6760765 8790857 6760646 9350765 8190363 8790857 10110857 6760601 8791023 8190419 3250857 8790857 8190043 8190564 8190961 6760700 6760601 8790857 8190829 8190564 8190829 9350404 6760646 6990481 8190765 6760404 8790857 3250857 8790857 6760646 9350404 8791023 8190829 6760404 9350687 8190829 6760404 8790857 8790857 6760877 9350404 3730765 10110857 6760404 6350765 6760404 8790857 6760601 9350404 8790857 6760404 6760404 6760564 6760942 3730137 6760646 3250857 6760765 6760646 8790857 3730993 6760646 6990200 6350404 6760601 8790857 6760564
9350404 8190765 8790857 8190877 3250857 8790857 3250857 6760404 3250857 8190765 8790891 6990200 3250857 6760877 7530857 8190942 6990200 6350601 8190765 7530857 6350404 8190829 9350404 8190877 8190741 8791023 7530857 3250857 9350765 7530857 8190859 6760404 8190877 8790857 8190942 8790891 5370741 3700857 8190765 6760942 8190829 4910481 3250363 3250857 8190829 6760564 6990481 9350765 8190942 8190829 8790857 8190877 8190829 6760877 8190419 8190829 8790857 9350404 8790857 8790857 3250857 8790857 8791023 9350404 9350765 8190765 9350564 8790891 9350646 8190829 8190829 6760877 6990200 8190564 6990200 8790857 9350564 3250857 8790857 8790857 8190877 8190829 8190765 8190877 3250363 8790857 8790891 9350404 9350829 7530857 8790857 8190877 8190765 7530857 7530857 6990857 6990200 4910481 9350564 3250937 8790891 6760564 8790857 7530857 6990857 3250857 8190177 8190829 8790857 9350564 6990200 6350601 6760601 8790891 3250937 9350765 9350404 8790857 9350765 8190765 6760601 8191007 8790857 6760877 8790857 8190765 9350404 8190765 8190419 3250937 8790857 8190942 8190859 6760404 8190564 8790857 6760877 8190765 6990200 8790857 4910481 6990481 8790857 9350404 8790857 8790857 8190877 3250857 8790891 6760404 3250857 8790857 6990200 8190765 8870205 6990481 8190829 6990481 9350564 6760765 9350765 9350765 8190877 8190765 6990857 8790857 10220857 8790857 8190877 9350765 9350765 6350601 9350765 8790857 8190877 9350765 8190752 3250937 9710857 7530857 8790891 8190877 4910481 5370829 9350564 8190419 6760700 6990200 8790857 6990200 8190877 6990857 8790857 9350829 6990200 8190829 8190765 9350765 9350765 4910481 8790857 9350765 9350564 8790857 9350765 3250857 9350404 9350404 4910481 10220857 6990200 8190969 5370752 8790857 8190765 3250857 8790857 6990200 8190960 6760404 9350404 8790857 8790857 7530857 6760404 4910481 4910481 7530857 8190877 6760601 3250857 9350646 8190363 5370877 9350896 8790857 10220857 8790857 8790857 8190829 6760877 3700857 3250857 6990481 3250857 8190877 8190765 8190877 6990481 8790857
6760973 7310404 7310129 7310877 7310601 7980973 7310114 7310282 7310419 7310669 7310601 1940973 7310601 7310571 4990857 7310266 7310114 7310765 7310877 7310571 7310564 7310114 7310765 7310700 7310571 7310646 7310404 7310371 7310404 7310601 10110857 10110857 10220857 7310877 10220857 7310404 7310564 7310430 7310765 7310404 10220857 10110857 7310601 7310700 10110857 10220857 10110857 7310829 7310601 4990857 7310765 7310829 10110857
null
9350765 9350829 3730601 3730646 1031010 1030646 1030646 1030282 1031010 1030646 4630386 5370200 4630200 3470857 4630200 4630386 6760601 8190969 250969 3730646 8190481 1030200 1030857 4630200 1031002 1030638 1031010 1030200 1031002 1030646 5370200 1030646 5370974 8190544 3950043 250043 250043 5370200 5370200 5370200 1030961 1030292 1030638 7980973 1030282 1030282 1030292 1030282 4630200 1030638 1030282 4880973 1030961 1030200 1030292 4880973 4880973 4880973 1030200 4880973 1030282 1030200 4880973 1030200 1030200 1031002 1030282 1030282 1030282 1030292 7980973 1030961 4630386 1030282 1030984 5370200 5370200 1030646 5370544 250043
3950043 3950043 7790200 3731002 7790857 1030984 1031002 1030646 1031002 1030646 1030646 1030638 1030200 1030857 1030282 1030292 1031010 1030282 1030646 1030646 1031010 3950043 1030282 7980973 1031010 1760973 8190519 1031002 1031002 1031002 4880973 1030200 1030292 4880973 1030857 1030282 1031010 1030282 1030282 1030984 7980973 5370266 5370752 8190913 5370841 6760973 6350601 4630282 8191023 4630200 4630200 4630200 1031002 1030200 1030282 1030200 1030292 1030857 1031002 1030292 4880973 1030292 4880973 1030200 1030200 1030961 4880973 1030282 1030292 7980973 5370200 5370200 1030646 5370974 1031002 4880973 5110004 5110004 7310200 4880973 1030638 4880973 7310646 1030282 5370200 5370200 8190646 1940973 1940973 7310196 9350930 8190071 8190859 2760752 8190743 8190872 9350646 5370419 7311010 1030200 6350404 9350404 9350829 5370544 1760973 5370841 4630200 3731023 8190363 1030282 4880973 4880973 1030638 4880973 1030200 4880973 4880973 4880973 4880973 4880973 4880973 4880973 1031002 4880973 4880973 1030200 4880973 1030961 1030282 1031002 3390580 7790200 1030646 1030646 1030646 1031002 1030638 4880973 1030646 1030292 1030200 4880973 4880973 1030292 1030200 1030200 1030282 1030857 1030200 1030282 1030961 1030282 1030282 5370200 1030282 5370200 5370200 1031002 1030292 4880973 1030638 1030638 7980973 1030646
3730961 3731002 5370942 8190877 5370200 3730765 7980973 3730765 8190829 6350404 3730580 3730700 6760646 5370942 3731002 8790857 6350891 5370829 6350891 8190937 7980973 3730004 3730404 3730229 8190765 6350404 6760646 3730580 5370580 8790857 8190829 5370371 7310430 8190687 3730981 9350924 8190765 8190877 8190765 8190942 4720857 3250857 9350404 8190765 8190765 8190942 9350404 8190765 3730700 5370266 6350601 9350765 9350765 8191007 8190687 8190741 9350404 8190829 9350404 8190829 6760877 8190765 9350765 9350646 8190829 8190765 3250857 8190772 8190859 8191007 9350404 8190829 8190829 9350765 8190419 5370942 8190829 9350404 3700857 8190829 9350404 5370877 9350765 9350765 9350829 8190877 9350913 8790857 7530857 8190765 9350646 9350765 9350646 8190961 7530857 9350404 3730993 3250857 5370877 9350765 8190961 8190961 9350404 8190363 8190363 6350404 8190363 5370829 6760646 8190765 9350564 9350646 8190765 8790857 6350404 8190961 9350404 8190765 8190961 6760404 9350812 7530857 8190419 8190937 8190942 8190859 8190877 5370937 5370571 8190829 8190687 9350765 9350564 8190961 9350404 8190765 8790857 8190961 8190942 5370877 8190564 5370419 8191007 8190829 9350580 8190687 3250857 8190872 5370266 8190765 9350829 3250857 5370841 9350404 8190765 9350404 8190942 5370829 8190829 3250857 9350404 5370877 8190765 5370071 8190829 9350404 3250580 3250857 9350646 9350646 8190544 8190942 5370741 8190961 9350564 8790857 8190859 3730765 5370829 5370266 5370419 5370974 1030829 5370942 3250857 5370877 3700404 8190937 8870424 910857 8190177 7980973 7980973 7980973 7310564 1030638 1030292 4880973 7310129 4880973 1030638 7310601 7310646 7980601 5370829 5370829 3250937 8190859 7980973 5370419 8190177 8190942
5370960 9350404 6760973 520741 8190942 6760404 1030829 1030282 2760646 3700404 8190859 6990481 8190687 8190942 1030638 7980973 1030646 3731002 5370371 3730700 5370829 5370942 5370870 2760114 2760114 5370877 3730981 1030877 5370841 6990481 3700404 8190741 1030877 1030282 6770857 4880973 1030200 1030638 4880973 4880973 1030877 1030282 7310891 2370973 2760928 5370829 6761023 3730241 5370571 5370200 1030829 5370942 1030282 1030282 1030282 5370829 5370200 7310601 3700404 3700404 8190765 7980973 3730229 7310646 1031010 3730200 7310891 1030877 3730765 7980973 3730241 6760700 8190829 8190765 8190765 9350646 5370942 5370266 5370942 5370829 9350404 8190687 8190765 8190544 8190829 7980973 3730519 7980973 7311002 1030282 1030829 1030877 1030829 8190942
8190765 8190942 8790857 3250857 8190829 8190765 9350646 8190419 6760765 7310835 6350404 5370371 9350765 8190363 5370877 8190419 3730229 5370829 9350404 5370937 5370841 3730993 3730829 7310891 1940973 7310669 4990043 8791023 8190652 8190937 8190894 6990481 8870859 8190765 9350564 3250937 8190877 3700857 8190859 8190363 8190363 8190363 8190687 3700404 8190859 3950371 8190880 8190942 1030282 9350765 3731002 5370888 4880973 8790857 3730974 8190363 8190913 8190942 3950960 8790857 3250363 3250857 4910481 3250857 8190765 4910481 8190765 3730700 3250857 8190937 8870859 3250363 8190363 3730200 5370974 9350560 3730829 9350646 9350765 1030292 8190765 8190765 1030857 8190829 8791023 8190877 8190765 8190937 8190937 8190937 3250937 8190829 8190363 8190942 3250857 8190942 8790891 3250857 8190765 3950960 8190371 3250857 3250857 8190859 4910481 7530857 3730993 3250363 3730646 8190043 3730700 7530857 7530857 7311002 8791023 8190646 8190765 3950371 8190877 8190765 8190942 8190913 6990481 8190519 8190564 730894 3731023 5370841 8190363 8190765
3730404 8790857 3730404 3730877 8190877 6760404 8190829 3730137 8190765 3730601 6760601 10110857 3730993 3730877 3730114 3730601 3730993 6760404 3730993 3730829 8790857 3730114 3730601 6350891 4910481 6760646 6350404 8190419 3250857 3730700 9350404 8190829 6760973 3730601 6760564 9350404 3730877 8190877 6760404 8190829 9350752 6760601 3250857 3730765 3730601 3250857 8190877 8190363 3730229 7310114 7310564 10110857 3730241 6760564 8190829 8190942 3730404 8190877 9350404 8790857 8190877 3730229 8190177 7310404 9350765 7980973 6760404 3730404 6350601 9350404 8790857 6760765 5370877 9350404 8190937 6760700 8190765 6760601 6760564 6350765 6760601 9350404 1760973 6760601 3730765 3730601 5370829 7310564 3730229 5370829 6760942 6760601 3730404 3730601 6760481 3730404 8790857 3730700 9350404 6760564 3730601 3730404 9350765 6350404 3730700 6760877 3730404 3730601 6350404 5370877 3730137 3730404 3730296 6350404 8790857 6760765 6761023 6350601 6760646 7310601 7980601 6350891 6760942 3730296 7310669 1030877 1030829 1030877 6760404 7310765 6761023 6760404 3730241 6760877 8790857 3730877 6350404 7530857 6760973 6770857 6760765 6760601 8190765 3730877 9350765 6760646 3731002 6760564 3730765 3730601 3730404 8190877 3730404 3730928 8190942 3730765 8190363 3730765 3730829 7980973 3730993 3730993 6760564 3730765 8190942 9350829 6760942 6350857 8190419 9350564 9350829 8190877 6760857 6760942 3730404 3730404 3730601 6760601 6760404 8190829 8190419 3730646 8790857 8190877 6760404 3730765 6760601 8190877 6350404 6760601 3730981 9350765 6760857 8790857 3730981 3730601 3730765 3730114 6760857 3730765 6350404 3730601 3730993 6760404 6760601 3730829 6760857 8190770 6760857 9350765 6760700 8190829 6760857 7310877 7310877 9350404 5370877 6760404 7310200 5110004 7310371 6350601 6760481 5370877 3730404 6350601 6760404 9350404 10220857 3730877 8790857 6760601 8190765 8190371 8190961 3250857 7310430 6760700 6760404 6350601 7310700 8190770 3730765 3730700 7310404 7310177 7310200 7310404 3730981 3730829 6760404 6760601 3730765 8790857 7311010 7310765 7310564 4880973 5370960 8190942 6760404 8190877 6760601 6760404 8190765 6760601 6760404 8190687 6760564 6760765 6760404 3730993 4910481 6760765 3730601 8190071 6760857 6350404 9350564 6350891 6760601 3730981 3730200 3730765 3730700 10110857 8190829 6760564 3730829 8190877 3730404 8190829 9350564 8790857 8190829 8190419 8190877 6350404 3730700 6350404 8190419 3730877 6990200 6760765 8790857 6760877 6990857 3730829 3730404 3730974 6760601 6350404 3730765 3730404 8190765 6760646 3730765 9350404 6760646 8190765 6350601 3250857 6350601 6760404 9350765 7310669 6760404 6760942
3730404 4630200 1030282 6760973 3731023 9350829 6760601 8191023 8190829 3730765 3730200 3730241 3730404 3730137 3730241 8190363 8190942 1760973 3730829 3730700 3730765 3730241 6760857 3730404 6760481 6350857 5370829 8190829 3730765 9350765 3730646 3730993 3730877 8190652 8190481 8190942 8190363 8190765 3730137 1760973 8190859 8190877 8190363 3730928 8190942 1030282 3730601 3730928 3730419 8190829 8191023 8190363 9350404 3730601 3730419 3730114 8790857 8190942 3730229 8190829 9350404 3730601 2370973 8190177 3730700 3730241 6760404 3730829 8190942 8190829 3730241 3730404 8190829 6760646 8190765 3730877 8190687 3730114 3730241 6760404 3730928 8190652 6760973 3730765 3730114 9350404 8190652 3730700 8190765 6350765 8190937 3730114 3730765 9350404 3730601 3730981 3730646 8190859 3730877 3730765 3730241 6760942 8190859 6760601 8190765 8190544 3730241 6760857 8190363 7310669 8191023 3730404 4630371 6760646 8190765 1030282 6760404 8190765 3730981 1760973 3730404 9350404 4630371 9350404 8190177 3730700 3730404 5370829 6760404 8190765 6760700 3730404 9350404 6350891 8190481 4630200 3730765 3730229 6760877 3730296 3730981 6350765 3731002 1030292 3730404 3730200 3730200 3730200 6760973 7310646 3730700 8190942 6350765 3731023 3731007 6760601 3730961 8190687 3730981 3730829 4630371 3730200 3731023 3730404 3730700 8190363 3730877 3730924 6761023 8190829 8190544 3730765 8190913 3730601 8190177 3730241 8190544 8190829 3730928 8190859 8190829 6760857 3730928 3730004 8190942 6760973 3730419 8190942 6350765 4630200 3730137 3730229 6760481 3730765 3730241 6350601 3730765 6350891 3730137 3730765 3731002 3730765 8190829 3730981 7310430 4630200 9350765 3730974 6350404 6761023 3731002 3730200 6760700 4630937 4630200 3730974 6350765 3730241 3730404 7310129 5370877 3730404 3730004 8190877 3730601 8190646 6760857 6760404 9350812 3731023 7310700 8190687 3730700 3730974 3730200 9350564 3730700 8790857 3731023 3730114 1030292 3730114 6760601 3730404 7980973 3730601 6760404 8190481 6760700 3730765 3730928 3730229 7310161 3730993 3730601 3730200 8190419 6760973 6350857 3730700 3730877 3730601 6350857 3730981 3731023 8190877 8790857 8190942 3730765 8190481 3730700 6760601 9350765 6760481 8190937 3730993 8190177 8190829 8190829 3730928 3730928 3731007 3730114 6760481 3730241 6760601 6350404 6760404 8190829 3731002 3730646 6760877 3731023 7310601 5370877 9350404 3730765 3730114 6760601 3730928 8190765 3730928 8190942 3730765 4630200 5370877 3730404 3730765 3730877 3730114 8190419 8190765 8190829 8190765 3730829 8190942 3730404 8190829 9350404 6350601 6760646 3730241 9350765 3730601 3730419 8190942 8190741 7310430 3731007 8190942 8190829 9350646 6350601 3730404 8190652 6760765 8190829 8190942 6760857 8190829
3730829 10110857 7310877 6760973 6760973 7310877 7310419 7310200 7310419 7310877 7310404 7310765 7310700 3730371 4880973 7310564 9350404 9350765 8790857 8190877 9350404 4910481 7310700 2370973 7980973 2370973 7310404 7310114 7310564 2370973 4880973 7310601 3730700 6760404 5370266 9350564 8790857 6350601 3730071 3730601 9350564 7310564 7310114 7310161 8790857 3731002 3730404 6350765 6760601 3730404 8190765 3730765 8190877 6760404 3730877 6350765 6760601 3730404 6760601 6760404 6760973 3730419 3730829 7310564 7310114 3730241 6760601 3730700 6760765 8190942 6350404 3730601 6760404 6760404 6350404 6760765 6760877 8190419 6350601 6760404 6760481 6760404 3730241 6760601 3730404 3730765 3730404 3730765 3730580 3730580 5370571 7310601 6760857 8190363 6760700 3730765 6350601 6760646 6350891 6760601 6760857 6760942 3730404 3730601 3730700 3730993 7310601 3730404 6760646 3730404 6760942 6350857 6760481 6760404 6350601 6760857 6350404 6350857 3730829 3730404 6760564 7310877 9350772 3730404 3730404 6350404 3730974 6760877 6760857 3730765 6760601 3730993 3730765 6760601 9350404 3730829 6760601 3730765 3730404 6760765 6760404 6350891 9350687 6760857 10110857 3730229 6760646 3730601 3730241 6760942 3730993 6760942 6350601 6760857 6350601 6760404 6350765 7310404 9350765 6760404 3730765 6760601 9350404 7310404 7980973 6350765 8790857 6760601 6760404 6350765 3730601 3730993 6350404 6760601 3730700 8190765 3730601 3730993 6760942 9350765 8190741 3730829 3730993 6760765 3730114 3730993 8190859 6760404 3730877 3730829 6350857 6760404 8190829 3730877 6760481 3730765 3250857 8190752 6760877 6350404 6760765 6350601 3730229 8190888 6760857 6350765 3730601 3730404 3730114 6350601 6760857 6760601 3730765 3730829 3730229 6760857 6350404 3730700 6760765 3730580 6350404 6760857 3730765 3730601 3730877 6350601 8190942 6760601 6760404 6760601 3730700 3730404 6760601 3730829 6760404 6760765 3730601 10110857 3250857 3730114 6760601 9350404 6760765 6760404 8190544 6760601 3250857 6760404 8190961 6760404 3730981 3730829 3730981 6350857 3730765 3730993 8190942 3730404 3730229 8790857 6760646 8790857 8190877 6350857 6760404 7310404 9350404 8190419 6760601 3730829 8190877 6760404 8190877 6760404 6350765 6350404 8191023 6760404 3730765 6760601 8790857 8190765 6350601 6760404 6350765 7530857 3250857 10110857 8190877 6350857 6760601 10110857 6760942 6760601 3730560 6350765 6760646 8190516 7310564 3730993 6760942 6350857 8790857 6760646 6760765 8190765 6760942 6350404 8190829 3730404 8790857 6760404 3730993 6760404 6760404 3730114 6760877 6350765 3731002 8790857 6760942 8790857 8190877 6760404 8790857 6350404 8790857 3730601 10220857 8791023 3730601 6760404 6350601 6760646 8190752 6350601 8190752 6350404 6350857 3250857 8190752 3730404 3730601 6990857 8190877 8190829 8190752 3730993 7530857
7310177 8790857 3730137 2080857 8190859 8190363 8790857 8190765 3731007 6760404 8190765 8190829 6350891 3730200 3730200 3730241 2370973 1030829 7310129 7310700 3730829 7310891 7980973 7310646 1031010 3730404 3730419 6760601 3730519 3730829 3730700 3731002 7980973 7310669 7980973 7980973 3730700 7310564 7310765 7310646 7310601 3730829 3730114 7980601 6760481 3730404 3730419 3730519 7311010 6761023 3730241 3731023 3731007 6760481 3730419 3730601 6760942 8190765 3730601 3730200 7310829 6760973 3730981 3730829 7980973 3730601 3731002 3730404 6350857 3730974 3730404 3730829 3731002 3730928 3730829 3730765 3730241 3730928 3730404 3730200 3730404 3730241 3730765 3730241 3730404 3730519 4630200 3730114 3730296 3730519 7310564 3730928 3730981 3730229 3730601 7310646 3730829 9350404 3730974 7310601 3730700 7980973 3731002 3730765 3730601 6760942 3730928 3730981 3731002 3730200 3730646 3730241 3730700 3730519 7980973 7310765 1030829 3730114 3730700 3730765 3730601 1030984 3730404 3730928 1760973 3730404 1760973 3730877 6350857 6760601 3730700 7310669 3730601 3730241 3731023 3730200 7310601 7310129 3730765 3730829 3730419 3730419 7310700 6760857 6760877 3730601 3730371 3730961 3730601 1030282 3730974 7310601 3730974 7980973 3730296 6760564 7310765 3730601 2370973 6350857 7310646 3730404 3730241 3730200 3730404 3730200 3730404 3730829 6760481 3730829 6760857 7310161 6760857 6760404 2370973 3730419 7310669 3730765 7310700 2370973 3730114 3730200 3730200 3730765 3730829 3730371 3730829 6760857 3730974 3730404 3730765 2370973 3730404 6760404 7310700 3730829 3730928 6350857 7980973 7310601 9350404 3730974 3730404 6760877 3730114 6760857 3730404 3730404 7980973 4630200 6760404 3730419 3730877 3730404 3730877 3730404 7310430 3730404 3731002 6760877 3730765 6760942 6760857 9350765 6760481 3730519 8190765 7310282 7310419 3730601 5370266 7310765 3730877 6760765 6350857 6760700 3730241 6350404 3730404 3730241 3731023 3730404 3730829 3730386 3730404 3730765 3730700 3730974 3730404 3730646 3730700 6760404 4630282 3730519 3730928 3730241 3730114 3730229 1760973 3730114 3730601 3730404 7980973 6760481 3731023 3730928 7310700 6760404 6760601 3730601 3730419 3730043 3730404 3730241 3730700 7310404 6760857 6350857 7310877 3730646 3730829 3730296 3730404 7980973 7310404 3731007 3730981 6760857 3730404 3730296 3730404 3730765 3730296 6350857 5370419 3731002 6760942 3730646 3730765 3730241 3731002 6760601 3730419 3730981 3730928 6760404 3730519 1760973 6760857 3730765 3730296 1760973 3730601 3730700 7980973 8190363 3730241 9350765 9350404 3731023 3730765 3730386 8190829 3730700 3730700 3730404 3730241 3730404 3730241 1760973 6760404 6760404 3730071 6761023 3730114 6760857 6760857 3730765 7310601 1030282 6760601 3730700 3730241 3730419 7980973 3731002 3730829 3731023 3730601 3731002 3730765 3730241 3730419 3730114 6760700 3730004 3730114 6760765 3730829 3730928 3730700 3730404 3730829 5370877 3730404 3731002 3730004 8190177 4630200 3730404 3730829 3730404 3730601 3730700 3730646
3730700 8190177 8190877 6990857 7310200 6760601 3730404 8790857 8190765 8190564 8790857 8190829 6990200 3730993 8190765 8190829 9350687 3730928 8190942 6760765 8190419 6760601 8190877 6990200 3730601 8190877 8790857 8190829 6990200 8190765 10220857 9350404 3730114 8190765 6760601 8190942 7530857 8190877 8790857 8190937 9350404 8190687 8190177 8190564 6990481 6990857 8190829 8190942 6760404 9350560 6990857 8190937 6760877 3730371 7310114 8190765 8190877 8190765 6760564 8190765 8190371 6760857 6760646 3250857 8190765 8190829 3730404 6990481 2370973 8790857 6760877 8190765 3250857 8190765 9350765 8190877 8790857 8790857 8190877 8190765 8190877 8790857 7530857 3730404 8190765 4990857 6760646 8190765 3730601 6990857 8190877 6760942 8190765 8190765 8790857 6760646 3730993 9350687 3730928 6350601 6760404 3730928 6760857 3730993 3730419 6990200 8190519 3730993 8190363 8190765 8190877 4910481 3730765 8190363 8190877 5370571 3730601 6760601 8190765 3730993 8190877 8190765 8190765 8790857 6760404 7530857 9350765 7530857 8190765 3250857 8190765 8190765 8190877 8190765 3730404 8190877 8190765 9350404 8190765 6760877 8190942 8190829 8190942 8190765 8190829 3730404 8190829 6990481 8190829 9350765 8190419 8190829 8190765 8190646 8190877 6760404 8790857 8190765 4910481 8790857 8190419 4990857 6350765 8190516 3730137 4910481 9350765 3730829 6760601 3730993 7530857 8190564 8790857 8190765 8190877 8190765 8190765 4990043 10110857 8190937 6760646 6760564 7530857 6760601 8190829 8190877 6990200 8190877 8190877 6760404 8190765 8190877 8790857 8190765 8190877 8190765 8190765 3250857 8190765 6760646 10110857 8790857 6990481 8190829 8190765 8190765 8190942 3250857 8190564 6990200 6760942 8190829 8190765 8190877 6760765 8790857 8190877 8790857 8190877 8790857 10220857 5370974 7310564 5370571 7310669 7310765 7310177 7310669 7310765 7980601 7310601 10220857 10220857 7530857 8790857 8790857 8190877 7530857 3730404 8190942 8190741 8790857 3730404 8790857 8190363 4910481 6990200 9350765 6770857 6350765 5370877 5370266 7310601 7980973 4880973 7980973 4880973 4880973 7310700 7980973 7980973 5370200 6770857 4880973 3730829 7310564 3730229 1030282 7310646
3700404 4720841 1760973 1030638 1030292 1030638 4880973 1030292 1030200 1030638 1030292 1030200 4880973 1030857 7980973 4880973 1030200 1030292 5370043 5370937 8190177 1030638 1030638 8190363 5370571 4880973 1030292 7980973
4610973 4880973 4880973 4880973 4880973 4880973 4880973 1030857 7980973 250043 3250363 6660741 7790580 9711002 730144 9040580 8870580 3700580 3700580 7311010 3700404 9350896 8190765 1030961 1031010 4630200 8190930 8191023 1030638 4880973 1030282 1030200 1031002 1030857 4630580 5370200 5370544 5370043 5370841 5370571 5370937 5370937 1030292 4880973 7980973 1760973 4630200 1030282 1030282 1030638 7980973 4630200 4630200 8191023 9350043 8870205 8870518 4720544 7980601 7310829 7310371 7310114
4630282 5370937 8190961 7530857 3731002 3731002 5370200 4630200 8190519 8190481 7980973 5370571 3730646 8190544 8190363 3731002 9350765 8190419 8190913 7980973 3730241 3730241 8190519 8191023 5370937 9350765 5370841 3731007 8190519 8191007 5370841 8190859 5370960 5370544 8190544 5370266 6350857 5370419 8190765 8190363 5370544 8190544 6350857 9350687 5370841 8190363 5370841 5370937 8190496 8190961 5370937 8190544 5371010 8191002 5370544 5370571 5370841 8190646 5370937 8190544 8190544 5371010 4630386 5370961 5370961 5370829 9350687 5370841 8191007 8190363 8190519 8190519 8190519 8190519 7310571 10220857 7530857 6760646 5370877 5370937 8190544 8190519 7530857 5370877 9350913 8190961 10110857 6350404 5370964 6760700 8190516 8190519 8190519 8190859 5370571 8190363 8190519 10220857 6350857 910200 8190363 8190646 5370571 9350765 7530857 9350560 9350765 10220857 10220857 8790857 6760942 8190544 8190772 5370841 3250857 9350812 8190752 6760973 6350857 9350646 8190942 3730765 5371007 8190877 8190560 5370752 9350560 4990857 8190859 9350888 9350913 9350752 5370937 5370841 5370829
5370841 3250857 7980973 7790841 8870544 8190937 910200 4610973 5370829 9351002 8190363 910646 8870859 3470969 9350580 3250937 4720857 1940973
6760700 6350891 8190765 8190896 4630937 9350404 6760857 8190942 8190519 8190646 8190363 8190646 9350560 3730700 3730241 6760765 8190937 3250857 6350404 8190937 8190765 8190363 8190859 8190363 8190564 6350404 1760973 8190765 8190859 8190481 8190363 8190859 3731023 8190765 8190859 4630282 8190942 8190765 7090973 8190544 8190859 7530857 8190859 3250857 7310571 5371007 8190961 8191007 5370266 7090973 4630282 8190913 8190961 8190544 8190646 1760973 5370937 730071 1760973 5370937 4630580 8191007 5370200 1030646 1030282 7310200 1940973 4610973 7310200 7310200 4880973 4880973 6770857 7980973 1030282 1030857 4880973 1030638 4880973 1030282 1030638 1030282 5370200 1030961 5370200 5370200 8191023 3731002 8191023 3731023 1030292 7980973 1030292 1030282 8190913 250969 5370200 6770857 5370200 1030282 1030282 5370200 1030638 5370200 7980973 7980973 7310765 7310646 1030961 1030282 5370200 6760404 6350891 8191007 4630386 5370544 4630282 8190652 8190913 8190937 6350857 8790857 8191007 3730601 5370266 1760973 7310404 8190942 6760973 5370266 4630580 4630386 4630386 8190937 7980973 4630638 1760973 5370841 7980973 1030282 4630200 8190646 1030292 5370870 5370043 7980973 5370200 8190481 1760973 5370870 1760973 5370200 5370937 5371007 4880973 1030282 7980973 4880973 1030282 1030282 8190969 8190544 8190544 8190646 4630282 9350646 3731002 5370841 5370937 5370841 5370937 250969 8190969 5370870 7310571 5110004 10220857 3250857 6350891 8190687
8190961 8870043 5370571 3700964 9040580 7530857 5370888 9350765 520519 8190743 7790519 520519 3700964
3470519 3700743 3700743 10220857 520519 4630386 7790519 7790913 1031010 4630937 1030646 1030857
4630937 250969
5370071 5370888 4720071 4720770 4610973 910519 4720969 4720969 4720969 8870043 2370973 2760516 2760894 7790841 3731002 7790071 8190896 9350896 9350924 730937 4880973 8190743 5370071 8190896 8190743 520857 3730888 8870544 7790841 3230857 9350829 3930857
8190481 9350564 9350646 520857 4630200 9350646 250043 5370870 8870870 9350741 8870518 9350043 9350200 9350870 9351002 9350870 910857 8870544 8870424 9351002 730969 8870518 8870544
4630004 8190519 5370841 7790519 4720969
8191007 520519 3230857 4720857 7310430 8190870 8190870 1030282 1030984 1030282 3730386 4720857 4720857 3730386 8191007 9350870 8190870 4720857 4720857 7311010 7310829 7310601 5370870 4720857 3700857 8191007 4720841 5371007 9350870 7980973 8191007 3700404 7310669 3730580 3730580 5370877 8190870 8190870 8190870 5371007 4720841 4720841
6760601 8190888 7790857 5370964 4720841 7790841 8190519 9350930 7790857 7790743 7790857 3950043 4610973 1030292 4630638 8871007 5370961
