208
7790857
5370974 4630200 3731002 1030857 1030292 1030292 1030292 1030292 4880973 1030292 1030292 4880973 1030200 4880973 1030638 1030292 1030292 1030292 4880973 4880973 4880973 1030200 1030292 2370973 1030200 4880973 4880973 2370973 4880973 4880973 4880973 7310200 1030877 1030292 7310200 4880973 7310200 7310646 2370973 4880973 7310161 7310161 7310669 7310601 7310700 3731002 7310765 6770857 9350942 7310404 4990857 6350765 7310700 7310266 7310877 7310877 7310419 7310646 7310200 2370973 2370973 4880973 1030857 4880973 4880973 4880973 1030292 1030638 1030928 1030282 5370770 4630200 1760973 3731002 1030638 1030928 1030857 1030200 1030200 4880973 1030200 4880973 4880973 1030292 4880973 1030200 1030200 1030292 4880973 4880973 1030282 7310646 7310266 7310266 7310363 7310161 3730200 2370973 4880973 4880973 4880973 1030200 4880973 4880973 4880973 6770857 4880973 4880973 4880973 1030292 1030928 1030993 250200 4630200 1031010 1031010 1030638 1030292 1031010 1030857 1030857 1030282 4630200 1030993 1760973 1031010 1030282 5370200 5371023 4630913 4630424 1760973 1031010 4630200 7980973 5370200 4630200 5110004 4880973 4880973 1030638 1030282 1760973 1760973 7980973 1760973 7980973 1030282 5370200 5110549 4880973 2370973 7310161 7310200 1030404 1030993 9350942 8190969 5370841 4040200 8191023 5371023 4630930 5371023 5371023 4630386 250200 1031002 6770857 4880973 4880973 4880973 1030282 1030638 3731023 7980973 4880973 1031002 1030292 1030292 1030292 1030292 1030292 1030292 7310200 7980973 7980973 1030282 5370974 4630200 250200 8190687 6760564 7310266 1030282 7310419 7310200 5110004 7310371 5110004 8190894 4880973 4880973
1030292 1030282 5371023 250200 6350765 6760973 8190880 4720363 5370930 5371023 5371023 5371023 5371023 5371023 1030993 5371023 5370772 250200 250200 250200 5370519 1030282 5370200 1031002 6770857 1031002 5370930 5371023 5371023 5371023 5370043 5371023 250200 5370974 5370519 1031002 4880973 1030282 1031002 5370772 5370519 5370974 250200
8870969 5371023 1031002 1030292 730519 9350772 4720857 4720200 4720857 4720857 4720857 4720857 8190700 8190700 250969 8870743 8190752 6760877 7530857 8190913 1031002 1031010 5371023 4630386 1030292 4630386 1030638 1760973 4880973 4880973 1030200 6770857 1030282 4880973 7310200 4880973 250200 7980973 5370974 7980973 4880973 8190857 1030638 7310200 4880973 4880973 6770857 1031002 4630200 1030993 1760973 4880973 3731002 1030282 5370841 4720857 1030857 7310200 4880973 7310200 1030200 7310200 1030282 1030282 1030282 7310646 1760973 1031010 1030292 4630200 8190652 8191023 1760973 4630200 1030404 7310200 1030404 7310646 1030282 7980973 4880973 7310646 3730200
1030282 1030282 1030282 4630200 5371023 1030282 5370200 1030984 1030292 4630200 4630200 4880973 4880973 4880973 7311002 1030282 1030928 7980973 5371023 8190857 3730772 4630200 1030857 1030292 1030282 4630200 1030857 1030200 1030282 1030282 1030282 5370974 4630200 1030857 1030857 4880973 4880973 4880973 1030857 1030292 1030857 1030638 1030857 1030200 1030282 1030282 1030200 1030282 5370974 8190913 4630282 7790200 4880973 4880973 4880973 4880973 4880973 4880973 7980973 1030638 4880973 7980973 1030292 7310646 4880973 1030292 4880973 3731002 7980973 3731002 4630200 5370200 1030282 1030857 4880973 4880973 4880973 4880973 4880973 4880973 4880973 4880973 4880973 4880973 2370973 4880973 1030292 1760973 3731023 4630580 9350993 3731023 8190652 3730241 8190419 8190700 5370200 3731023 1031010 1030292 1030292 1030292 1030292 4630200 1031002 1031002 1030993 1031002 1030993 4630424 5370200 1031002 1030282 1030282 1031010 7980973 7980973 1760973 5370519 3730241 250200 8190481 5371023 5371023 250200 7790937 7790857 8190646 5370841 7790519 5370404 9350687 9350772 730772 5370043 8190481 7980973 1030292 1030282 4880973 4880973 1030292 4880973 3731023 1030292 1030282 7980973 1030282 1030984 8190646 250200 4880973 4880973 4880973 1030292 1030282 1030282 1030282 1760973 1760973 1760973 4630424 8191023 8190652 4630004 8191023 8191023 1030282 4630386 4630829 1031010 5370200 1760973
4630200 4630282 1030292 4630282 4880973 1030200 1030292 1030200 1030200 1030638 1030857 1030282 1030857 1030200 1030857 1030638 1030200 4880973 1030292 1030292 1030282 4880973 1030292 1030200 4880973 1030292 1030200 1030638 1030282 1030292 1030292 7980973 1030292 1030292 4880973 1030282 1030282 1030282 4630200 1030993 1030928 1030292 1030292 1030857 1030292 1030984 4630200 3731023 4880973 7310200 4880973 4880973 4880973 4880973 1030200 1030282 1030282 1760973 4630200 3730646 1760973 1760973 4880973 4880973 4880973 4880973 4880973 1030857 6770857 1030993 7310601 5370974 3731023 1030857 8190857 4630200 7310200 4880973 1030292 7310646 5370974 1030993 4630200 7980973 1030282 5371023 5370974 250200 1030993 5370200 1030638 1030282 1031010 8190857 6990481 5370404 3250857 4630200 3731023 4880973 1030200 4880973 4880973 1030200 4880973 6770857 1031002 1031002 1030200 1030638 5370200 5370974 1031002 1760973 4630386 1760973 1760973 4630580 5370841 5370519 5370519 4880973 1030292 1030857 1030200 1030292 1030857 4880973 1030638 7980973 1031010 4630200 4630829 1030984 5371023 250200 5371023 4630386 7310877 7310646 4880973 1030638 1030292 1030984 4630200 5370974
10220857 251002 251002 251002 9350928 8870969 251002 5370404 250200 1031010 1031010 1030638 1031002 1030292 5371023 5371023 7980973 250200 7311002 6350404 6760601 5370404 8190700 4630829 1030404 1030292 7310129 1030292 1030292 2370973 7980973 1760973 3250857 251002 3731002 1760973 1030984 1030292 1030282 4880973 1760973 250200 4630913 4880973 1030200 1030829 5370200 1031002 4630200 5370200 731023 1031010 1030292 1031010 3731023 4630200 1030292 4880973 4880973 4880973 4880973 4880973 1030200 1031002 1030282 1030282 250200 250200 250200 4630424 3731002 1030292 250200 4630200 1030292 4880973 4880973 1030200 2370973 1031002 1030292 1030993 6770857 4880973 4880973 1030638 5370519 5370974 5370974 4630200 4630580 4630200 4630200 4630200 1030857 4880973 1030282 9350519 5370877 1760973 4630200 4630200 1760973 1030282 1030282
2760770 3250857 3230519 3470961 8190961 2760371 9710969 9710729 9710767 3230770 230924 2760770 7790741 250969 8190652 4630829 9710422 3470580 9710741 8550519 9710519 3930560 9710864 3230519 3230519 3930519
8710969 9711007 3930519 3930519 9710006 230496 2760767 7790896 8710969 3700743 7311002 9710752 5230969 9710519 9710864
8870580 4720580 4720580 4720580 4720363 3250857 8190652 8190857 8190913 3950960 8870580 8550519 8870424 8870969 520969
8190913 9350519 4990857 9350743 8190404 8190969 8190969 5370741 3230646 3471007 2760580 2760888 2760743 8710580 8710969 2080770
3730422 7310646 3730700 3730419 9350870 7770857 9350930 1030857 7980973 7310419 3730888 3730071 6760942 6350601 6760601 7310669 3730519 6760700 8791023 8190404 8190772 8190700 8190700 3250857 8190913 8190646 7980973 3730241 5370829 5370841 6760700 3250857 9350601 8190652 8190519 3730993 3700752 6350601 7310646 9350601 8190564 8190894 9710969 5231023 8190652 4630857 7090973 3730004 7090973
8710519 8710772 910646 9710969 9350924 8190770 8190404 8190872 8190741 3250857 2080770 3390071 8190646 8190652 8190741 7770857 3730877 3730296 3731002 7770857 730743 7530857
6990481 3730770 8190964 3700770 9710205 9710414 8190857 4630913 4630913 4630937 4630913 4630937 8190770 3230560 4630913 250200 1030993 4911023 8190404 3730993 3250857 5370371 7311002 7310404 9350928 3730519 1030877 1030282 5370200 8190700 8190700 9350741 6760765 8710969 3930519 3700519 8190071 3730924 4630282 250200 9350928
7310371 8710969 6990481 3730241 4630937 8710580 8710772 9710580 3730404 8190857 8190857 3930560 3700770 9710741 4720752 9710371 730969 4720772 8190700 6990200 8190404 6990200 9350961 2760114 8710872
8791023 5370841 5370404 1030282 7310646 3731002 7980973 6660857 3730928 8190200 8190857 3731002 8190857 8190700 8191002 8190700 4880973 3730200 3730420 3730770 7770857 7980973 7980973 7310646 7310404 6760857 6760857 3730519 5370404 9350743 8190770 5370743 8190481 5370571 8190700 6660741 7770857 9350770 7310571 5110004 6350857 5370200 5370877 3730888 9350888 7310419 3230205 9350601 8190177 9350601 6760765 7980973 5370266 8190419 5370888 5371007 6760601 8870942 7310571 9350743 6760765 6760857 9350687 7770857 3731002 6760700 7980973 9350894 3730241 8190700 7310646 10110857 9350601 3250857 7310404 8190857 3730071 6350404 7310266 9350870
5370571 4911023 8190700 9710071 8710580 3390071 3950960 8190371 5370404 3730993 8190404 8710466 6760646 8190560 8870770 3950888 7530857 7530857 5370071 2761007 5370960 7790857 8190687 5370841 6760646 3730560 1030829 6761023 3731002 3730974 1030993 4630424 5371023 910741 7310700 10220857 9350519 5370266 2760205 7310430 3730700 6350765 250200 3230371 9710864 9710864 9710371 9710864 9710205 9710006 3470961 9710729 3700071 3950960
9710071 6660580 9710741 3930560 3730770 9710414 3230519 3230205 9710782 4630071 4911023 9710752 3730974 3730974 3730877 3730981 4630937 8190646 3950960 3700752 8710767 9710071 4911023 9710752 9710212 8190404 8190404 8190404 7790857 2080770 8190894
6990481 3931023 3700888 8190071 7530857 730964 730752 911007 3700770 3700743
6760700 10220857 6760700 8190969 3730229 3730177 8870770 3730877 6760857 7310765 7310601 7310601 7770857 4630282 3730519 3700205 9350687 7790200 4630580 1030984 4630200 4630386 1760973 7980973 4630200 3731002 1030282 4630200 3731002 1030993 3730974 1030282 1030282 1030282 1030282 6770857 6760481 1030282 4040200 2080888 3950896 9350964 5370266 3730422 5370841 8190652 8710857 6760765 9710285 3700770 9710752 5370841 3230924 4720888 3471007 3230924 2760888 2760071
4720741 3230880 3230519 9710371 6760857 6990481 2760114 2760580 2760894 3250857 8190896 9710743 3700743 9710880 8190404 8710864 9710205 4911023 4630282 7310419 5370571 7310646 5370877 5370974 8190646 7790200 8190652 8710767 2760114 8190652 2760894 2760071 3700964 9350961
9710729 3471007 9710071 2760752 8190770 5371007 10220857 8190419 9710743 9350888 3700200 4720741 2760928
4630200 8190770 3730974 4630857 3730646 4630200 8710519 9710864 8710580 8710770 4911023 4630071 8190404 5370974 5370043 5370770 5370404 5370071 5370200 5370974 5370200 8190700 2370973
9710071 5370888 7311002 7980973 7310601 7980973 7311002 7980973 7980973 7310669 1030282 3731007 7980973 7980973 1760973 5370200 3731002 8190752 4720752 3730419 5370877 8190404 8190700 3730580 3730386 1760973 3731002 4630200 7980973 3731002 8190700 8190419 4630580 8191023 2760754 7770857 8190896 4720964 1760973 7310601 9350770 6760857 3230205 7770857 7770857 730743 5230422 9710743 9710996
9710739 9710350 2760741 8710519 8710969 2760516 4630937 2761007 2080770 4040200 3700743 9710743 3950960
3730829 3730404 5370752 3250857 230504 3700205 3230414 8710969 3230414 9710741 9710350 3700743 3700741 5370841 4630937 3230770 2760516 4911023 4911023 4040200 9710071 3700071 9710960
7310652 7310652 7310652 7310700 7310652 7310652 7310652 7310652 7310635 7310635 7310635 7310635 7310635 10140652 7310371 6270652 7310652 10140652 7310371 7310571 7310371 6270652 6270652 7310652 3680652 6270652 7310266 6270652 7310829 6270652 7310560 6270635 7310652 7310371 10140652 7310471 7310652 7310471 7310471 7310471 6270652 7310471 6270652 6270652 7310471 7310371 6270652 7310371 6270652 7310652 6270652 7310471 7310471 7310829 5590652 6270652 6270652 10140652 7310471 6270652 7310700 7310829 7310371 10140652 5590652 7310877 6270652 5590652 5590652 6270652 7310877 7310371 7310877 7310371 10140652 6270652 3680652 6270652 4990857 7310371 5590652 6270652 3680652 5590652 6270652 6270652 6270652 6270652 7310652 6270652 3680652 6270635 7310471 6270652 7310471 7310471 6270635 3680652 6270652 7310471 6270652 7310371 7310371 7310471 6270652 7310371 7310471 6270652 6270652 6270652 7310471 7310471 6270652 7310471 7310652 5590652 7310471 6270652 6270652 6270652 10140652 6270652 7310471 7310471 6270652 6270652 7310471 6270652 6270652 7310471 6270652 7310471 7310471 7310571 6270652 6270652 7310371 7310371 6270652 7310471 7310371 7311002 6270652 7310266 7310652 6270652 7310371 6270652 7310471 6270652 7310471 6270652 7310652 7310371 6270652 7310652 7310371 7310560 6270652 7310471 6270652 6270635 6270652 7310266 7310419 7310371 6270652 7310471 7310371 5590652 7310652 5590652 7310266 6270652 6270652 7310652 7310652 7310371 7310371 6270652 7310471 7310652 6270652 7310652 6270652 6270652 7310652 6270652 6270652 7310652 6270652 7310471 6270652 6270652 7310471 6270652 7310471 7310471 6270652 7310471 6270652 6270652 6270652 6270652 7310471 3680652 7310652 7310652 6270652 7310652 5110006 7310471 7310652 6270652 6270652 6270652 7310652 6270652 6270635 7310266 6270652 7310266 6270652 7310652 7310371 6270652 7310652 7310829 5590652 7310471 6270635 5590652 7310471 7310471 7310829 7310471 7310829 7310371 7310829 7310471 7310419 7310371 7310371 7310877 7310371 6270652 7310471 5590652 7310371 7310371 7310371 7310371 7310363 7310371 7310571 7310571 5590652 7310652 6270652 3680652 6270652 7310601 5590652 7310829 7310571 7310829 7310652 5590652 7310560 7310571 7310877 7310652 7310652 7310652 10140652 7310652 7310635 7310652 7310877 10140652 7310371 7310652 7310635 7310652 7310652 7310371 7310652 7310652 7310363 7310652 7310652 7310700 7310652 7310652 7310371 7310829 7310371 7310200 7310430 7310571 7310266 7310571 7310652 7310652 7310652 7310652 7310652 7310652 7310652 7310652 7310652 7310652 7310652 7310652 7310571 7310829 7310652 7310652 5590652 7310652 7310560 7310829 7310363 7310877 6270652 7310560 7310371 7310363 7310363 6350857 7310571 7310371 7310652 7310652 7310371 7310266 6270635 7310652 7310652 7310829 3680652 7310560 7310700 7310829 7310266 7310363
7310635 5110471 5110471 5110471 1940652 7310471 5110635 7310471 6270652 7310471 5110471 5110471 7310635 5110471 5110471 5110471 5110471 5110471 5110350 5110471 1940652 5110652 5110635 5110471 1940652 5110560 5110812 5110560 7310652 7310652 7310471 6270652 7310371 7310652 6270635 5110350 5110350 5110471 5110635 5110471 5110471 5110045 5110549 5110350 5110652 5110471 5590652 5110471 5110471 7310635 5110471 7310471 5110635 5590652 6270652 5590652 5110471 5110471 1940652 1940652 5110471 5110471 1940652 5110350 5110471 5110635 5110471 5110471 5110812 5110350 1940652 7310635 5110045 5590652 6270652 5110006 5110471 5110471 5110004 6270652 5110045 5110006 6270652 5110045 5110350 5110471 5110471 5110560 5110045 5110471 6270652 6270652 6270652 5110045 5110006 1940652 1940652 7310371 5590652 6270652 6270652 6270652 6270652 5110812 5110004 5110006 5110549 5110004 5110006 7310829 6270652 7310404 6270652 5590652 5590652 7310371 5110471 5110560 6270635 6270652 5110045 7310371 6270652 6270652 6270652 7310371 5110004 7310471 6270652 7310371 7310471 7310571 7310471 3680652 1940652 5590652 6270635 7310471 7310471 7310471 5110635 6270635 6270635 6270635 7310471 5110471 7310635 7310471 5110471 7310471 7310635 5110471 7310471 6270635 7310471 7310635 5110471 5110471 5110471 5110471 5110635 7310471 5110471 6270635 7310471 7310471 7310471 5110471 5110471 7310471 7310471 6270635 6270635 7310471 7310471 6270635 6270652 6270652 7310471 6270652 7310371 6270652 7310471 6270652 5110560 7310471 6270652 5590652 5110471 5590652 7310371 6270652 5590652 6270652 5110471 7310471 7310571 7310560 6270635 6270635 6270652 6270635 6270652 5110045 6270652 7310471 7310471 5110471
7310652 5110652 5110652 7310652 7310652 7310652 5110652 1940652 1940652 7310652 1940652 5110652 1940652 7310471 7310652 5110471 1940652 5110471 7310471 5110652 5110471 7310652 5110635 5110652 1940652 5110471 5110471 7310635 7310471 7310471 7310635 5110635 7310471 7310635 5110471 5110471 5110471 5110471 5110471 5110471 5110471 5110652 5110652 1940652 5110652 5110812 1940652 1940652 5110652 5110004 5110006 5110560 5110549 5110812 5110350 5110006 5110560 5110652 5110560 5110560 7310571 5110652 1940652 5110560 5110004 5110560 5590652 5110045 5110350 5110812 5110006 5110560 7310652 1940652 7310652 5110652 7310652 5110652 5110812 7310652 7310266 5110560 5110560 7310200 5110006 5110004 5110812 5110812 7310371 1940652 7310652 7310200 5110350 1940652 1940652 5110560 1940652 1940652 7310200 5110560 1940652 1940652 7310652 5110560 7310200 1940652 1940652 5110560 7310571 1940652 5110652 1940652 7310571 7310652 5110006 6270652 5110560 5110560 5110006 5110350 6270652 5110006 7310419 6270652 7310371 5110350 1940652 5110652 7310652 1940652 5110635 5110635 5110635 7310635 5110635 1940652 1940652 7310829 7310652 1940652 1940652 1940652 5110560 5110045 1940652 7310652 5110350 7310652 3680652 1940652 5590652 7310652 1940652 1940652 5110652 1940652 7310652 1940652 1940652 1940652 1940652 5110560 1940652 1940652 1940652 5110560 7310652 5110350 5110652 1940652 1940652 7310652 7310652 5110652 1940652 1940652 7310652 7310652 1940652 6270635 1940652 5590652 1940652 5110350 1940652 1940652 1940652 5110812 1940652 1940652 5110006 7310652 5110652 1940652 5110812 1940652 5110350 1940652 5110350 7310652 7310635 5110635 7310635 1940652 7310652 6270652 5110045 1940652 7310471 5110635 5110635 7310635 5110635 5110652 5110635 5110652 5110652 5110635 1940652 5110652 7310652 1940652 7310652 7310266 1940652 3680652 5110045 5110652 7310652 5110652 5110560 7310652 1940652 7310652 7310371 1940652 7310652 6270652 5110471 7310471 7310471 6270635 5110471 7310471 5110471 7310471 7310635 7310471 5110471 7310635 7310635 5110471 7310635 5110471 5110635 7310635 5110471 5110635 7310635 5110635 5110635 7310635 7310635 5110635 5110471 5110471 5110652 5110560 5110004 5110006 5110006 1940652 5110812 5110652 5110006 7310652 5110471 5110560 5110812 5110812 7310200 5110004 5110549 5110350 7310266 5110549 5590652 1940652 5110560 7310266 6270652 1940652 5110812 7310877 7310266 5110350 5110004 5110560 5110004 5110350 5110560
5110652 5110471 5110471 5110471 5110471 5110549 5110652 5110471 5110471 5110652 5110652 5110471 5110471 5110652 5110549 5110652 5110471 5110471 5110812 5110471 5110471 7310652 5110471 5110471 5590652 5110471 5110471 5110471 5110635 5110471 5110045 5110471 5110471 5110471 5110471 7310471 5110471 5110471 5110471 5110045 5110471 5110471 5110471 7310471 5110471 5110471 7310471 7310471 7310471 5110471 5110471 5110006 7310471 5110471 5110812 5110471 5110471 7310471 5110471 5110471 7310471 5110471 5110471 5110471 7310471 5110471 7310471 5110471 7310471 5110471 5110471 5590652 5110471 5110471 7310471 7310471 5110471 5110471 7310471 5110471 5110471 5110471 7310471 7310471 5110549 6270652 7310371 5110471 5110471 7310471 5110471 7310471 5110471 7310471 5110350 5110471 7310471 5110471 5110471 5110471 5110471 5110471 5110471 5110471 5110471 5110471 5110471 5110471 5110471 7310471 5110471 5110471 5110471 5110471 5110471 5110471 5110471 5110471 5110471 5110471 5110471 5110471 5110471 5110471 5110471 5110471 5110471 5110471 5110471 5110471 5110471 5110471 5110471 5110471 5110471 5110471 5110471 5110471 5110471 5110471 5110471 5110471 5110471 5110471 5110471 5110471 5110471 5110471 5110471 5110471 7310471 5110471 5110471 5110471 5110471 7310471 5110471 5110471 5110471 5110471 5110471 5110471 5110471 5110471 5110471 5110471 5110471 5110471 5110471 5110471 5110471 7310471 5110471 5110471 5110471 5110471 5110471 5110045 5110471 5110471 5110471 5110471 5110471 7310471 5110471 5110471 5110471 5110471 5110471 5110471 5110471 5110045 5110471 5110471 5110471 5110471 7310471 5110471 5110471 5110471 5110471 5110471 5110471 5110471 5110471 5110471 5110471 5110471 5110471 5110471 5110471 7310471 5110471 5110471 7310471 5110471 5110471 5110471 5110471 5110471 5110471 5110471 5110471 5110471 7310471 5110471 5110471 5110471 5110471 5110471 5110471 5110471 5110471 5110471 7310471 7310471 5110471 5110471 5110006 7310471 5110471 5110471 5110471 5110471 5110471 5110471 5110471 5110471 5110471 5110471 5110471 5110471 5110471 5110471 5110471 5110471 7310471 5110471 5110471 7310471 5110471 5110045 5110350 5110471 5110471 5110471 5110471 5110471 5110652 5110045 5110006 5110006 5110471 5110045 5110471 1940652 5110549 5110350 1940652 5110652 5110652 5110471 5110652 5110652 5110471 5110471 5110652 5110471 5110652 5110471 5110652 5110471 5110652 5110652 5110350 5110471 5110471 5110652 7310652 5110652 5110635 5110471 5110471 5110635 5110652 5110471 5110471 5110471 5110471 5110471 5110471 5110471 5110471 5110471 5110471 5110471 5110471 5110471 5110652 5110635 5110635 5110635 5110635 5110045 7310635 5110471 5110635 5110471 5110471
3730602 3700960 3930422 3930796 3700205 8870560 3730560 8190857 8190857 3930857 3930857 3700969 9710006 2760969 2760743 8710743 8710743 9350937 8190700 8190896 3470772 9710920 3470580 9350924 8190894 3230880 3930422 9710880 8190580 1760973 4720857 5231023 2760928 7790770 8190857 8190560 9040580 9040857 3470422 3700043 3230212 8870580 3470580 3470857 3700071 9710752 3951002 3230772 730519 730519 3230772 8711023 9710741 2370973 3730420 8190964 3730004 7790964 730961 9350560 9710857 8191007 9040857 230504 9710580 8710580 9710772 8190870 8190870 3470857 9711002 9710043 8710743 9710350 8710743 8190964 3730580 730006 8190964 8190580 8190580 9710006 8190422 8190894 3930212 3700205 3930796 3700964 3700205 3230969 3230741 5230646 730964 3230422 3230205 730812 6660422 3230812 8870422 9710996 9710422 8190857 8190857 3700857 8190857 8190857 1031010 3731023 3731023 3730772 1031010 1760973 230006 2760071 9710580 8550519 9710741 8190687 8190652 3470857 911007 9710772 8710772 9710772 3230812 9710772 9710772 9710772 8710770 9710969 9710414 9710752 3470961 5230646 9710741 8710969 9710969 9710205 9710496 9710205 9710752 8710969 8710770 9710752 8710752 3230812 3230371 730969 730924 3731002 3730386 8190422 3730519 8190519 7790857 2760516
9710350 7790371 7790870 8870043 730880 3700043 7790870 7790870 2760928 2760580 2760772 9710772 2760928 3700043 7790371 300422 3700969 3700212 3930796 3700519 730770 8870422 2760580 7790964 2760743 2760924 7790371 9710964 3470872 7790752 9710772 230006 2760930 230006 2760960 2760741 7790870 2760371 2760580 2760924 2760006 4630371 4630930 4630930 730870 3230205 730928 6660422 9710527 3470422 520969 3700969 3700969 9350870 9350870 3700200 3700772 8190770 9710920 5370752 2760872 2760580 7790870 2760646 910857 520857 8190752 730857 5230422 8870580 9710006 4720043 2760371 3470987 3730743 8190930 3730993 8190580 3470930 9040857 8190770 8190752 8190812 3470857 3470580 3470857 2760772 2760930 5370743 230741 2760422 2760930 6660996 6660880 2760772 2760772 2760880 2760414 2760422 2760888 2760560 3731002 3731002 3731002 9710422 5370371 5230857 8190857 8190812 9040857 9040857 9710006 5230646 5230969 5230969 730870 730519 9350870 730519 730741 730371 6660741 8711002 3700770 3470580 9040870 8870580 9040580 2760952 2760924 7790772 9710864 7790772 3470772 9040772 9710285 5231023 2760924 2760924 7790857 2760741 9350160 3700857 3700969 8870743 8870743 730969 8870969 7790200 2760960 7790924 2760872 2760646 2760952 2760350 2760767 4630913 8190071 4630930 4630071 8190646 3470857 9040857 9040857 2760754 2760205 2760772 5231023 2760006 2760422 6660561 2760880 2760205 2760646 8550519 4630930 4630930 4630930 4631010 3730004 4630638 7090973 8190857 8190801 8190519 2760770 2760767 2760767 2760809 2760043 2760043 2760741 7790870 2760043 2760961 730200 730870 8870424 730928 730969 730961 730870 730870 730870 9350160 8190880 910200 9350961 9350964 730870 2760880 7790752 7790424 7790857 5230872 2760872 2760414 5370770 2760872 2760743 2760646 2760924 9350993 2760928 3250857 9710414 2760952 9710857 4630857 8190560 7790857 7790857 7790200 7790857 8870043 730560 7790937 7790857
730930 2760872 8190752 8711023 9710071 8710872 9710930 7790857 3470422 3731002 8190857 8190969 5370960 9350880 6660212 9350772 9350743 6660857 9350422 3231023 5370752 5370071 8190371 730857 5370371 8190930 9350894 9350930 9350924 9350888 5370371 730857 730960 2760770 730930 730857 731007 7980973 730857 730857 5370741 730969 8190870 8190857 6660857 730930 730930 2760930 2760930 6660857 730924 3730071 7980973 9710930 8870770 8870770 9350870 2760888 2760741 7790857 8190857 8190646 8190646 8190857 8191002 7790857 8190857 520969 8870743 730888 5370752 730580 730964 9350964 3700888 8190880 7790857 7790857 7790200 8190894 3731002 8190969 8190894 8190942 8190687 8190913 7790857 3950888 8190872 2760646 7790937 7790200 7790857 8870743 7790200 8870772 5230930 6660857 6660857 9350930 9350930 6660930 9350930 730200 730212 730205 730560 9350752 3471023 3950888 3470857 7790857 8190969 7790424 7790857 730857 7790200 4720743 730888 730752 731007 730796 730580 2760743 730580 730880 7790964 8190741 5230872 9710371 9710371 9710371 8870969 9350870 8190913 8191023 8191002 8191023 8190404 7790857 8870969 7790857 8190857 7790857 8190006 5370160 8190913 9350741 9350422 730880 3230796 2760071 8710466 5370743 5370743 5370743 3231023 730743 4720857 8191007 8870580 6660043 9350371 6660212 9350930 9350894 730857 730414 2750857 2750857 2760930 9350930 6660857 230857 9350772 9350772 9350160 9350772 9350772 9350772 5370071 9350560 9350772 9350772 6660857 9350743 9350371 5370071 9350880 230857 730857 9350888 9350770 9350930 8190942 9350560 5370160 9350743 9350772 9350964 8190371 8190519 2760371 9350371 9350772 9350870 2760930 9350519 8710770 2760741 2760646 7790857 730071 730888 730580 5370960 2760580 730857 8190580 8190580 7790857 7790424 7790888 8870743 250969 8870969 2760646 7790969
7790857 2760371 7790519 3470285 7790857 8190857 7090973 7090973 7090973 7090973 5230969 3930205 9710741 8550857 7790857 7790857 5370043 730857 730928 8190646 8190857 3731002 8190857 8190801 8190812 730741 230857 8710772 730857 8190160 4720857 7530857 8190071 9710857 8190872 910741 4720857 4720741 7790741 2760964 2760930 7790896 2760894 8190772 7790752 4630857 4630857 4630857 4630857 7791007 7790964 2760772 230857 2760422 2760896 8190752 9710857 9040857 3470857 3730560 3730004 3730004 8190857 8190646 8710767 8710969 8190770 5231023 4630857 4630371 4630913 7090973 4630913 4630913 8190857 2760770 2760741 7790424 7790888 7790770 7790857 7790964 7790857 7790741 230809 2760043 7790964 2760414 7790519 7790519 2760043 7790741 7790857 8190741 8870942 4720752 8190560 8190969 8190560 8870969 910857 730071 2760350 2760964 3730519 3730519 3730872 1760973 8190857 8190519 8190964 730371 4720857 9710752 8710969 4720741 7790964 7790741 7790857 7790857 8190687 8190857 7090973 8190857 5370964 2760928 7790371 7790857 3731002 8190857 7090857 7090857 4630857 8190857 4630857 4630282 4630913 8190857 8190741 8190770 8190969 3950960 8190646 7790964 8190894 8870880 3700200 3700928 8190371 9040857 7790857 7790857 7790752 3950888 9710888 5230872 9710205 8710580 3230924 9710422 3470580 9040580 9040580 3470422 7790964 2760741 7790770 2760741 8710772 2760888 7790371 9710043 3470580 3950960 3471023 7790964 8710414 2760043 230350 230006 5230872 730770 6660560 9710496 730924 3230741 3230422 730741 3470580 4720743 7790741 9040580 9040580
8870560 730212 6660996 2760422 2760743 2760888 7790752 2760560 3471023 730930 3230414 730857 730770 4720857 5371007 8191007 8191007 4720857 3230519 2760422 3230741 3230796 3930519 9710864 9710864 8870580 3230796 9040580 8870422 4720580 3390580 8190857 7090857 7090973 7090973 7090973 7090973 7090973 8191023 8190371 730422 5370071 2760687 730752 2760687 730812 2760687 2760952 2760770 2760809 8190801 8190857 7090973 8191010 7090973 7090973 7090973 7090973 8190371 2760414 9710422 2760896 5370930 6660930 6660043 5370043 6660212 730796 9710422 2760422 7790894 6660880 3700200 911007 8190961 3700857 8190857 3700857 3930422 2760687 6660560 2760422 730928 6660422 730560 5230422 3730004 8190857 9040857 3470857 9710880 3470422 3700580 8870580 8870888 4040200 7090973 4631010 4631010 4630930 2760930 2760754 2760772 2760560 2760888 2760964 2760580 730870 2760743 3700743 3470580 7790894 2760930 230496 7790857 2760414 7790857 3730004 3730071 1760973 1760973 2760930 6660422 2760894 2760414 730870 2760928 730870 8190857 8190857 730870 730870 8870580 7790200 2760928 2760580 2760580 2760071 730743 2760071 2760071 8190812 4630857 730580 2760964 9710923 9350560 2761007 6660880 3230519 730961 3700519 7090857 7090857 7090857 8190942 3471007 8191007 5370960 8190770 2760809 2760964 2760580 2760743 9710743 8550519 3730993 3470857 9040857 8550857 2760071 3470987 8710872 8710872 8710864 8190857 8190872 3390071 9040857 8550857 8710772 3470987 7790741 2760960 2760752 2761002 730870 2761002 730519 2760580 7790870 7790924 7790424 6660996 7790200 2760752 2760560 9040580 910741 9710496 8870770 230504 2760930 6660212 2760043 2760767 7790888 7790424 7090973 7090973 7090857 3390043 7790969 2760888 3470422 7790964 8870888 2760964 3471023 7790937 5370519 2760964 8870969 7790964
7790964 7790894 7790857 7790752 9040857 8190772 3470857 6660880 6660560 730880 730772 730371 2760006 730071 730741 7790200 7790371 3700200 2760809 9710752 9710414 3700960 6660422 730422 8190580 8190857 3730993 8190160 8190857 8190913 7790896 3950896 8870969 8870969 3470043 3950888 8870924 3470422 3700519 2760928 8870580 5370743 7790752 2760809 8190580 5370888 3230414 730560 6660560 730205 2760205 5370888 8190652 8190872 8190519 5230969 730924 2760872 9710864 8870888 8870888 730646 8711002 3471023 7790894 3950896 3950960 8870743 250969 8190969 3470580 8870580 7790894 7790894 8870560 2760896 2760770 8870043 8190894 8190896 8190964 8190772 7790896 8190700 8190519 8190857 3470857 3950896 7790896 5370930 9350160 8190857 7790857 8190872 7790894 8870888 2760894 7790857 730741 730924 7790371 7790772 2760952 8870422 9710772 9040772 2760371 2760772 3230772 6660560 4990857 3930857 8190969 910857 730560 9040772 7980973 3930519 910200 7790969 3930519 8870969 8190894 8190857 8190969 8190519 730519 730519 730870 730870 730519 730741 6660857 9350928 9350519 3700857 9350928 9350928 9350601 9350160 8870870 9350519 9350930 730969 910200 8870969 730857 6660857 9350894 730964 9350894 730964 9350894 730857 730857 730857 730772 730857 9350772 9350772 9350772 5370743 730743 730857 730928 8870772 730646 8870772 730928 9350772 8870772 730857 730857 9350880 3700964 2760928 730928 730560 9710930 730857 3700857 730857 730743 8870580 730894 9350928 2760894 730928 730857 910772 8870772 730772 730646 8870772 9350772 9350772 9350772 8190857 5370772 8870772 730772 2760772 730772 8870772 730646 8870205 9350880 2760894 730772 2760772 9350894 2760516 9350930 730772 2760772 730894 730646 730857 9350772 3700772 9350519 9350894 5370519 8190519 730519 9350519 9350894 730743 730894 9350422 8870424 730857 730857 730857 8870580 730812 8870580 730857 9350160 8190580 730857 730857 730857 8870772 8870772 730857 730796 8870743 5370964 730857 731007 730928 4720580 8190857
7790857 230857 9710930 8190857 8190752 9710930 2760006 9350924 3700414 3700752 3470857 3730928 2370973 3730420 3730004 9350422 910741 9710969 3700969 9040772 9040772 3470772 7790741 9040772 9040772 9040772 730743 730964 8190870 2760930 8710772 2760741 8710930 9350687 5370960 3730969 3730741 3930560 8190894 730071 9710350 3700205 5230969 3700414 3730743 3730969 7980973 7311002 4990857 4990857 9350894 3930857 8190930 9350930 8190880 9710930 3230205 3230560 3930422 3700519 5230422 3930772 730754 9710969 230872 9710580 9710527 2760888 7790964 2760896 7790741 8190964 3730071 4630857 8190770 8190752 730857 730857 9710043 2760743 8710422 2760964 230496 2760071 9710580 230560 3731002 3730888 3730386 9350770 5230930 3700969 9710969 2760964 230809 2760770 3731002 3730422 3731002 5230930 3930371 3930371 3700796 3700519 5230969 2760043 9710930 9710864 9710743 3470772 3730560 730857 730857 9710857 3470930 9350743 8791023 730071 9350741 7980973 3730888 7980973 8710414 3700752 3700519 9350924 9710930 910371 730560 730969 8870043 8870580 730646 730880 8870580 8870043 730646 730646 730646 8870969 8870969 730043 6660212 6660996 8710422 6660880 300422 9710864 8710422 3730743 2760350 8190870 6350857 9350880 730888 730743 8711002 2760043 730741 5231023 2760414 5370371 730924 9711002 731023 8191002 730414 8870880 8870422 730928 8870880 3700200 8870743 8870969 7790371 5230646 7790741 6350857
9711007 4630638 4630638 1760973 9350741 730857 3471007 8190857 8550857 520969 520857 3700969 730071 730071 730071 730646 730880 2760752 7090973 7090973 7090973 7090973 7090973 7090973 7791007 7791007 7791007 6660930 5230930 6660043 9710930 2760770 2760414 3230422 2760772 7790894 8190752 7790857 7790894 5370772 731023 5370772 7790200 8870424 3700043 8870770 4720200 4720043 4720752 4720857 4720857 4040200 3700961 4720961 8711023 3700969 4720200 730646 730560 730646 7790200 8870770 8191007 4631010 3731010 4631010 3731010 4630913 4630004 7090973 730580 9710580 4720857 4720857 730580 9350772 9710043 2760580 5230422 3470580 3230422 4720580 3230422 8870580 8870580 731007 730646 4720580 9040580 8870880 9040580 3470422 730580 9710580 3470580 9710496 9710414 3700752 9710996 3230560 8870422 730006 4720371 4720043 4720371 4720857 7090973 3730004 1600973 4630857 3730004 4630857 3731023 1760973 4630638 8190857 8191023 8190961 730071 730812 730924 230006 2760872 7790741 730200 730422 730043 730519 730422 730880 730880 730880 2761002 2760560 2760205 2760772 7790896 4880973 4880973 3731002 3731002 1760973 7980973 8190646 2760772 230006 731007 3470043 7790961 9350961 730560 730043 730043 730812 730772 730043 8870043 730560 730043 730560 730580 9710580 230006 730371 2760872 3470580 7790741 7790964
7790937 9040580 730964 2760743 4720964 3231023 3231023 8870580 2080888 7790857 5370888 7790519 7790519 2760516 7790894 7790857 5370160 3231023 730870 911007 3470961 7790770 4720964 730752 2760580 8870580 730580 730928 731023 730580 730741 8190200 1760973 3730646 2760043 2760894 2760894 7790964 7790896 7790894 2760743 2760743 730888 730580 730964 8870969 731007 8870888 9710527 3700422 4720580 9350870 9040580 4040200 730964 730422 730964 3230422 730796 2760930 5370930 8190880 7790857 8191010 7090973 8190580 230350 2760043 2760043 2760560 2760422 7790964 7790870 7790964 7090973 8190857 7090857 3950888 3470857 5370964 5370772 730043 7790857 4720752 3230770 3730770 3730580 3470987 2760770 9711002 7790964 1600973 5370930 5370743 4720964 4720964 910646 730422 9710422 9710857 9040857 520857 9040857 8190880 9040857 4720961 730043 730772 730580 730880 730212 2760928 2760960 8870580 2760371 2760872 7790371 7790888 2760964 9710920 9710920 9710920 9710920 3230969 910741 3700969 8870770 2760880 7790894 8190964 8190857 8190160 7090857 7090857 7090973 7790894 2760924 2760754 2760964 2760646 2760646 2760741 8550519 9350961 5230646 911007 2760961 3230924 910741 910646 3230770 8191007
3950888 2760516 7790870 7790870 7790894 3471023 8190560 7090973 7090973 4720580 7090973 3390580 7790770 7790964 230920 2760560 2760888 2760888 2760888 2760888 2760741 2760350 2760924 2760006 8550519 8550519 8550519 2760754 8550519 3730770 3730004 7090973 3390580 8190920 6660880 730071 6660561 730857 730870 8870580 4720857 8190857 3731010 7090973 9040857 3700857 7790371 7790770 2760371 2760646 7790870 2760809 7790741 7790924 9040870 9710920 910371 9710006 3470961 2760560 2760071 8870580 2760741 8870969 8870870 730894 8870870 4720964 7790896 910200 9350743 9350371 3230872 4720743 3471007 4720371 4720363 3731010 7090973 7090857 7090973 7090973 7090973 3390043 730928 730961 730371 730519 730200 730888 730646 8870580 730071 8190580 3731010 1600973 8190857 8190857 8190857 7090973 2760752 9710580 9710920 8710580 9040580 2760006 2760006 9710743 7790888 7790964 3950888 7790964 7790964 8190857 8190857 3730004 3730646 8190857 3731002 8190071 4720857 910741 4720969 4720043 4720964 8870580 730006 730741 3230646 8870424 730880 8870969 4720200 730646 7790969 730519 730928 730880 8870043 730646 730961 730961 730646 8870580 730928 910200 730960 730961 3231023 3230646 8870424 8870424 4720961 730071 8870888 730961 910200 4720772 730646 730646 730969 4720969 4040200 4720969 8870580 8870969 8870969 8870969 8870969 4720969 4720200 8870969 8870969 4720969 4720200 4720200 7790200 730646 4720043 911007 3951002 8870969 7790857 7790969 4720741 4720969 4720743 4720043 5370200 7980973 4720200 8870043 4720043 7790200 7790424 9350160 7790857 7790200 7790969 4720969 8870580 7790969 4720752 8190930 7790857 7790857 7790857 3471007 8870422 9040580 9710006 4720888 3230646 5370770 5370770 8870772 730812 7790371 7790961 7790752 8870580 4720200 4720969 4720969 9040580 8870969 7790969 8870580 8870580 7790200 7790969 7790969 4720043 8190857 3731010 9710772 2760752 9710043 3230796 2760414 2760043 2760114 2760687 2760580 2760952 3470580 2760580 2760580 3731010 1600973 3731010 3731010 3730004 3731010 4630638 7090857
2760752 7790924 2760770 8550519 7790937 4720363 7790752 7790770 7790752 4720857 7790857 7790752 7790752 9710422 9710857 2760896 2760754 3470422 8190801 7790857 2760560 2760646 8190801 4630857 4630857 3730646 8190894 4630071 4630071 4630580 4630424 4630043 3730646 5370043 7790857 3470772 7790894 7790964 4720752 3230770 4720743 4720752 8190857 7791007 4720857 4720363 4720752 9710857 9710857 3700857 3230212 9710772 3730560 3731007 8190857 3470857 3390071 3470580 9040580 8190752 2760770 7790964 1031010 7790857 5370519 8190519 9710519 3470857 2760880 4040200 8870969 730646 7790752 7790857 7790857 7790857 7790519 7790770 2760880 9710043 2760043 730043 9710422 730888 7790770 3470043 8190404 8191010 1600973 1600973 3730004 7090973 7090973 8190646 3390043 3470043 8870770 2760043 3950960 2760754 8870743 9350880 3730422 8190772 8190772 7790857 3471023 8870772 8870772 8190772 8190519 7790857 8870969 3930371 8190580 3700928 3700752 910772 7790752 7790961 7791007 8710646 2080770 8710519 9710920 8710772 2760770 3470043 7790770 7790741 3470043 3470043 8190071 3730004 3730004 7090973 7090973 7090973 7090973 8190741 9040580 9040580 2760754 2760928 8870880 3950960 9040857 7790857 730371 910646 7790770 4630857 4630857 3730646 8190646 8190857 2760414 9710960 7790741 9040580 7790519 7790770 8550519 9040870 9040870 7790857 7790969 7090973 7090973 7090973 7090973 7090973 7090973 7090973 4630638 7090973 7090973 9040857 8550857 8550857 8870580 3700580 3700580 3700964 3700043 7790896 1030638 5370930 7790857 3700200 730857 730752 730960 8870424 8190857 1600973 8191010 3730928 7090973 8870888 8870580 2760928 2760071 8190930 3731023 3730043 3731010 8190857 8190857
2760371 5231023 2760371 230809 730371 230006 5370043 230872 9350772 730812 8710414 2760006 8710864 2760350 9710864 9350519 9710414 7790969 9710496 730754 730812 2760960 2760888 7790772 2760960 5370043 7790741 2760770 9710772 7790519 7790752 7790752 3950960 7791007 4720857 7790200 2760930 2760960 2760687 230857 230350 230350 2760350 2760969 2760772 2760969 2760924 2760924 9710422 3470772 2760371 230350 2760350 7790200 730812 2760371 2760770 2760741 4630071 3730741 8190857 730006 730857 230350 7790371 7790424 7790371 8870772 5231023 3470857 8870770 910772 730043 230006 5370772 2760006 7790371 7790741 2760371 2761007 3471023 2760350 2760809 2760414 2760743 8710519 3470987 7790200 2760741 7790770 7790741 7790896 730772 2760880 2760772 230496 230504 7790772 2760371 2760961 3230519 3230422 6660880 300422 730519 2760754 7790896 7790519 7790519 7790894 7790896 2760754 2760754 7790043 7790371 730812 2760880 3230872 7790741 7790424 3700969 3700770 8710752 8710743 9710071 9710920 7790424 730880 730422 730212 730772 730580 730646 730212 2760964 9710580 2760880 7790937 7790964 2760043 730888 730857 730964 730772 2760743 2760772 2760964 7790857 2760964 3700796 8870743 8870969 3930422 9350560 3930212 6660930 6660561 730924 3700880 730519 3230796 6660857 3230796 6660880 2760924 9710888 3470872 9710527 2760350 6660422 2761002 2760043 2760371 2760043 2760741 7790741 7790888 9040580 7790371 7790200 730519 731007 730928 6660212 6660212 2760770 2760205 2760888 2761007 2760888 7790741 2760969 3700519 6660880 6660880 6660212 8190519 8190560 6660741 6660880 2760924 2760880 2760646 2760880 2760371 7790424 2760006 7790200 3230371 6660560 6660422 6660580 6660212 6660880 6660212 6660561 2760930 5230422 2760580 2760043 7790200 2760964 2760969 6660880 6660212 2761002 2760741 2760414 2760646 2760560 2760741 2760646 8190071 7790519 2760880 9350961 6660880 2760969 730414 2760371 2760880 9710422 6660560 2760924 2760205 6660561 230560 2760770 9710527 2760560 3230560 7790741 8550519 3700200 8190422 730205 6660880 6660561 5370519 730812 2760205 2760422 2760205 2760743 2760646 2760646
3951002 7790964 8870580 730754 2760969 8870969 910741 7790969 8711002 9350772 730754 730754 8870560 730969 7790741 730043 730928 3700519 8870969 8870772 8870772 2760961 730646 730646 8870770 7790772 2760772 7790961 8190371 9350928 3471023 8870942 8870770 3950888 8190770 8190071 9040857 8550857 9350930 3950888 7790857 5370770 9350422 6660580 3730580 9710857 2750857 731007 5370071 730857 730857 730857 5370043 5370071 5370371 4630371 4630200 250200 5370371 2760646 5370519 5370974 250969 2760741 3730924 8190969 3730519 3730560 3730993 9350964 3730241 9350752 9350772 5370743 9350772 9350422 9350928 5370772 8870772 730752 9350160 730857 230857 5370888 5370960 730857 3230741 5370960 5370770 5370741 3231023 730857 8870770 3700752 9350888 9350772 9350772 5370772 9350743 9350880 9350743 3730974 8190913 5370743 5370974 9350880 9350770 9350928 8870772 730928 8870043 8190652 730857 7790200 730043 730772 5370071 730770 730770 730200 5370043 7790752 730857 5371007 9350772 1030638 3730924 3730519 3730004 3730004 3730004 8190857 8190857 8191023 1760973 1760973 5230857 2760371 230006 2760043 230872 5370772 2760930 1030993 9350870 9350888 5370371 9350880 9350560 9350560 9350880 9350964 8190371 2760767 8190752 5370772 5370960 730969 730200 730043 731023 5370770 2760952 9350743 2760371 2760752 2760414 2760371 2760371 9350371 2760371 2760924 9350928 9350924 730928 2760809 9350924 9350519 9350741 730741 9350924 9350519 731023 6770857 5370752 730857 9350519 7790752 8190519 9350924 6660741 9350924 2760414 730857 6660930 5370160 2760414 8190870 5370741 5370043 8711023 2760414 8190519 2760741 2760414 3700519 2760414 2760924 2760414 8870043 8870043 8870043 8870043 8870043 7790043 8870043 8870043 8870043 7790741 3950960 4630913 3700772 2760752 2760414
9710782 3700772 3930772 3470422 910772 5231023 9350560 8190560 8190560 3230741 910857 5370741 3730560 7980973 3730043 5370888 3730043 7790857 8190880 5230646 5230872 910371 9710350 910772 9710006 910371 3470580 9040857 4630200 3730602 1760973 1760973 8190930 4720741 4720964 7790894 8550519 5370043 5370043 7790200 2760960 9040580 8870580 8870880 8870424 9710880 7790200 7980973 8190772 7790857 7790857 7790857 7790857 7790857 3700743 3700743 9710964 3700928 3700741 730752 230496 2760960 7790964 9710414 7790519 730414 3700519 9710969 9040857 7790770 3250857 3230371 3930880 4040200 8190930 8710743 3730071 3730071 4631010 8190071 8190071 9710857 5230872 8711002 5230646 9710205 5230646 9710741 5230872 9710414 3700205 9710212 7790961 3471023 3730772 3730241 3730772 2370973 3730420 3731023 3730519 3730580 230350 3470987 2760741 2760752 5230857 7790857 8550519 2760516 7790857 3470930 2760894 9040857
9710071 3470285 4040200 4720743 4720752 7790964 9040580 7790371 8550519 3471007 730519 3230741 9350741 3731010 7090973 3731010 3730741 7090973 3730993 3700857 3230996 3230996 3930212 8870969 3470285 7790741 2080770 7790519 7790888 3950888 7790770 3471023 3950888 3471023 2760071 9710422 3700422 3230880 8870422 3231023 3700200 9350422 8870043 9710422 7790964 6660880 730796 3700212 7790857 7790896 2760896 8870772 730880 730422 730894 8870560 8870043 3470043 3930422 3230969 3700796 3700212 3700422 9710422 3700519 3700414 3470285 3700960 3700741 3700752 8190560 7090973 730928 730560 3230422 730924 730414 2760371 2760006 2760071 7790741 9350772 230809 2760071 2760687 9710371 8870560 730924 9710205 8191010 4630004 7790371 2760071 2760071 2760071 2760205 2760646 2760772 2760043 2760371 2760964 2760772 2760071 730071 2760071 4720752 3730993 3730646 3730646 4630424 4630913 3700857 3930857 3931023 4040200 730961 730741 730371 2760006 730924 2760350 2760043 730646 7790741 7790371 2760006 2760924 7790741 7790894 7790752 2760772 2760772 2760772 2760772 7790519 7790772 7790519 7790964 7790896 3390043 2760754 7790519 2760924 7790770 5230857 8190687 3250857 9710350 730812 2760043 2760772 730043 9710422 230496 2761002 2760205 2760043 9710006 2760043 8870205 5230646 9710371 910857 8190857 9040857 9040857 3230560 3230741 3471007 3471007 4720741 5231023 9710888 4720964 3230646 7790964 9710205 2760752 2760580 2760752 9710519 5370741 2760809 730414 7790200 3730741 3730741
9350961 9350924 8870870 730371 910857 8190913 5370160 6770857 6770857 6770857 5370888 5370741 730414 5370960 730414 910857 5370741 5370741 4990857 5370741 910857 910772 910646 5370752 730772 2760969 730743 5370752 5370772 5370741 731023 730741 730006 730006 5371007 730006 5231023 5370770 9350928 730519 2760414 5370371 730772 5370741 9350371 5370772 7790969 7790924 2760924 9350930 9350743 3230414 5370160 730960 9350772 730857 9710741 9350924 3700200 8870560 3930880 9710767 9710414 520857 9350770 9350924 9710752 9350752 9350752 9350752 9350924 9350560 8190872 9350741 8711023 3470857 3950960 7790741 9350741 5370752 5231023 4990857 9350924 9350930 9350371 9350924 5370772 5370741 7790857 8870772 910772 910772 910200 9350772 9350924 2760350 250969 910371 2760350 8190741 8870969 8190741 9710496 230857 2760930 5370071 230767 2760752 7790772 730857 5370043 5370043 730857 730857 730741 730580 9710371 730371 3230872 730812 3230414 730770 3230812 8190006 3230414 730006 7790200 4720772 8870969 2760928 730519 730519 8190646 5370519 8870969 8870969 8870969 8190772 730857 5370043 2760770 7790200 3700200 7790752 8870924 9710496 730924 8190752 9350770 8190930 5370043 8870043 7790857 7790857 8190770 8870969 8870770 7790964 2760964 8190920 8190964 8190913 8190770 9040857 8190741 8190913 8870888 8190741 8190872 9040580 2760741 7790770 7790371 9711002 7790741 7790770 9350752 9350519 730857 2760969 5370071 9350888 9350770 2760969 730519 2760964 730857 9350519 9350930 9350961 8190752 3701007 9350888 8870424 730857 8870888 8870888 8870743 8870770 8870743 8710857 5370519 2760969 730519 730924 7790857 5370960 8870969 2760928 5370519 9350870 9350519 8190857 8190857 8190741 8190942 9040857 8190894 8190857 9040857 8190880 2760754 3230741 3230212 3230741 8870969 3700200 3930371 3230560 3230205 7790770 7790752 7790741 3950896 7790741 8870772 9710772 730371 730580 4720371 910371 9710969 9710414 9350924 9350880 730930 730857 730928 730857
9040857 3470422 9710857 4720857 9040772 4720857 5230646 7090973 520857 9350894 9710212 8190560 3471023 2080888 3950888 4720371 3230422 3700580 3930422 910741 8190894 8190857 8190857 7090973 8550857 3700924 9710996 3471023 4040200 7790894 9040772 3230812 4720371 7790857 7790857 8190006 7790857 3950896 3470987 8190920 8190857 9040857 4720857 2760560 7790894 910857 3470580 8550857 9710864 7790741 3700743 8190930 8190857 8190741 7790857 910371 9710006 3700880 3700924 9710739 9040870 3950896 3950888 9040857 3700741 3700888 9710006 9710888 9710741 9710741 9710864 8190880 8190857 8190857 9040857 9040857 3700205 3950896 9040857 9040857 8550857 8550857 3230560 3230212 3930880 9711002 910741 910857 8190422 8190880 7790043 7790770 8550857 8550857 8550857 8870969 8870969 8870772 910646 520969
3950960 7790741 3471023 4630371 4631010 7090973 4630004 4630004 9710857 3700960 2760414 3471023 3470285 7790894 7090973 7090973 7090973 4630071 7790371 7790888 7790894 8870743 8191010 7090857 7090973 7090973 7090973 7790888 3700770 3700741 3700071 3471023 3950960 8190857 9040857 8550857 3230741 3230212 3470961 8870422 3230880 8870880 910646 3700212 3700796 3700969 3700961 3700969 3700969 3700969 3700880 8550857 9040857 3700960 3700770 3700770 9710006 3700770 9710414 3700752 3700924 9710880 3470987 3700414 9710969 9710371 9710864 9710006 9710006 3470872 3470872 4720371 3700928 3700422 9710880 2080770 9710071 8710580 3470987 8710767 8710646 9710752 9710371 9710741 9710741 9710741 9710964 9710920 9710371 910371 8710414 230006 2760422 5230422 2760741 3470772 9710741 7790371 8550857 3230422 9710880 9710741 9040857 3390071 8550857 3950960 8190770 3950896 3471007 8710580 9710580 2760071 3470043 9710006 3700071 3470422 9710006 9710006 9710006 7790888 2760772 2760743 7790371 2760043 2760809 3230422 3700519 3230371 3470987 2760743 7790924 9710071 7090973 7090973 8190741 3700857 3700796 910371
7790857 3390071 7790857 7790857 3950888 7791007 7790937 4720857 9710772 3470857 3731023 1031010 1031010 9710930 8190930 3470930 9040857 9710857 9710739 3470422 5230872 8190880 3730741 4630371 8190646 8190371 8190857 4630857 4630857 4630857 3730646 4630937 4630913 8190371 9350770 3700969 3700969 3700422 2080770 7790857 7790857 7790857 7790857 7790857 7790857 7790857 230496 2760743 8710519 7790770 2760743 2760205 1030857 4880973 7310560 3730580 2760930 230857 3730928 8190930 3730422 230924 8710580 8710422 2760888 2760888 7790888 910200 9350870 9350752 3230371 6660560 910857 9710857 9710960 9710888 9710960 9040580 6660880 730812 2760580 9710930 8711023 3700043 3700770 9710496 2760960 2760770 2760743 2760743 8710743 9710920 9710964 2080888 5370888 8710930 5370043 230504 2760952 4630580 4630043 5370071 9350888 9350928 730928 3700205 3230212 3700961 7790924 9040772 3700960 5370752 230857 730580 6660422 2760930 730930 9710930 9710527 9040772 2080770 9040772 8550857 4630580 4630043 3390043 9710071 8710772 9710071 8710872 9710772 2760071 1031010 3731023 4630930 4630200 8190772 8190772 8190772 7790857
7790894 7790964 7790896 7790894 8190894 3950896 9710205 8190652 8190652 2760964 3950896 7790888 7790964 7790200 7790969 7790937 8870969 9710350 9710969 8710969 7790770 7790371 9710864 730964 730888 730964 3230646 8190964 8870580 8710466 3470772 8870043 7790896 9710772 9710772 910772 9710964 3230772 2760880 9710422 9710923 9710285 2760006 2760924 2760646 7790519 230924 230809 230414 230809 9710987 3470043 9710743 7790200 5230872 910772 8711002 9710767 730796 2760371 2760205 730560 730743 3470580 2080770 3470857 8710422 8710752 9711007 4720371 8190857 8710872 3230371 9710864 3470043 8710770 8710872 8711002 3470987 8190752 3730924 3730872 8190687 8190812 3470857 7790937 9710741 8710864 9710864 9710782 3700422 3700752 3471007 3700888 3700743 3700212 3230414 9710422 3930422 9710285 9710969 9710729 7790964 7790770 3230371 9350371 910857 9710857 9710527 5230422 3230796 3230812 9710741 910371 9710960 3470857 3470043 8870560 9040580 9040857 3700580 8870580 8870580 9040580 9040580 9040772 730857 730928 3230422 8870424 4720964 3700743 9710996 9710857 3730888 8190560 3230872 3230371 730212 730796 9710422 8190930 8190964 9040857 8190812 9040857 7790857 3470857 9710043 3470043 3470043 9710071 4720964 9040580 4630424 8190913 8190652 8870888 7790969 3230646 8870580 3230212 3470422 8190371 3730993 4630580 4630580 8190652
4631010 3731023 4630930 8190801 8190801 8190801 730857 3230996 3230422 730880 8190071 3730580 4630580 8190580 3390580 3470772 3700580 3230924 230924 2760580 730422 9710752 7790894 2760580 3470580 5370930 5370930 5370930 3230772 3230772 3230872 3700580 3700969 9710422 1030993 2760516 2760952 2760741 2760964 5370770 9710205 3930880 3700796 3931023 910857 8190969 4630282 3230560 730772 730772 3730422 7790770 8870888 9710371 730006 9711007 2760894 3730200 3470772 8190812 3730888 3700964 3730371 8190857 3731002 3730043 9350519 8190071 8710422 9710414 9710964 9710741 730371 3230205 6660880 730812 3930772 3931023 8190857 8710772 5230969 3700205 3700924 9710739 3730420 9710371 3930422 9710880 9710212 230350 230414 230767 2760414 7790741 5370770 5370371 8190857 7980973 8190857 8190894 730200 730928 730969 730754 8190857 7090973 8190646 3230422 3700205 3930422 3930880 8190857 3930205 9710205 9350752 8190857 8190560 9710371 9350888 300422 9710864 3700205 9710414 8870560 7790924 8190969 230504 2760687 2760043 2760371 730414 230006 3470285 7790371 3731023 3730602 4880973 1030857 3730422 8710864 8190371 3730560 3730420 9710772 730422 730371 9710519 4720888 3471007 230350 230560 730560 730754 9710772 9710864 2760560 2760371 230006 2760043 2760741 2760888 230741 230872 2760872 230006 3230741 8711002 730743
3700205 3930519 3700880 7790964 2760516 230504 3730772 3730772 3731010 8190772 9710857 3470857 9710285 3950896 8190894 8190857 8190006 3700857 3730420 3730743 8190857 3930422 730857 2760371 230350 730006 5231023 7790371 730414 9710920 2080888 4720857 8190071 8870888 230809 2760743 4630200 3730888 1760973 8190857 7790924 3471007 8710646 7790519 2760952 7790519 7790519 7790519 2760114 3230772 3700880 3700888 230006 230924 9710350 2760743 3470772 7790371 2760114 5370071 230504 230767 230872 2760043 9710043 3930371 730560 5370743 5370741 2760743 8190872 3470857 8190687 8190404 8190772 230857 2760580 8190071 5370043 3730924 3730071 4630580 8190812 2760964 2760371 2760888 7790857 8190857 7090973 7090973 2760071 3730888 8190961 3230924 8710857 3470857 3470857 3950960 230496 230924 2760896 2760422 230560 9710772 2760560 2760516 7790888 7790770 230560 3470422 3731010 3730420 3731023 4630857 3730741 9710857 3930371 9710043 8870205 8190741 3230371 9710371 6660212 7790770 9710772 3230880 9710371 3700741 9710880 730519 730422 8710422 9710414 9710996 9710422 3930422 3700969 9710729 8870969 9710969 9710996 2760752 2760880 9711002 9710752 3470987 9710739 3730560 3730071 3470987 2760888 5370043 5370743 5370743 5370371 730772 730371 3731002 8190857 8190371 3700772 9710006 910772 910857 3700414 3700770 9710006 3700969 9710043 9710285
8190857 3730993 8190560 8190964 9710960 8710857 8710646 4630371 3470857 8710772 8710772 2760888 3700772 3700205 8190646 8190857 8190961 9710772 3930371 8870560 9710857 3700772 3470857 9040857 3230772 730754 730006 730928 8870772 230857 230767 230809 2760772 2760043 4630043 7790857 2760114 230350 230350 730414 3730924 5370743 3730974 3730646 6660857 3230772 2750857 730928 730772 730071 3230205 8870772 9040772 9710414 7790894 5230422 3230880 910772 3700752 3700960 3700422 8870205 9710960 3730770 9710857 9710857 230006 730741 730880 9710371 5370964 3730646 3730560 8190801 8190812 8190894 8550519 2760772 2760043 2760350 2760888 730414 3230741 3930880 3930422 3700752 3700880 8190857 3731010 8190812 8190857 8190560 2760743 3230519 7790894 7790894 230741 230006 3730422 3730004 8190964 8190071 3730993 8190580 5230857 9710212 3730371 8190872 8190964 9710205 910371 3930519 9040857 9040857 3230770 8710969 7790752 7790896 4630043 2760560 2760896 230920 7790741 3700772 8870772 730560 4720964 2760767 2760752 230560 2760071 8190071 3730772 300422 9710741 8870743 9711002 3700964 9710371 3700212 3700796 7790519 2760371 2760896 7790894 2760371 9710285 2760414 9710071 8710646 9710743
7790741 7790964 9710043 8710466 3730770 3731010 8190857 6660561 230496 730752 3230796 3230212 730212 7980973 8190857 4630857 3730004 4630857 3730004 230857 2760772 7790770 7790857 7790857 9040857 7790894 3730580 7980973 9350601 5231023 3470580 7790964 9710920 7790964 7790894 2760888 9710772 3470772 9710772 3230422 730796 3230880 8190880 8190772 8711023 5370770 730796 6760857 9350888 300422 9040857 3730560 9040857 1760973 3730004 3730004 3700796 9710422 9710920 8190812 8710519 8190964 3730993 230920 3470580 8710743 8870580 8190071 5370770 230767 2760043 230857 2760952 230767 3730004 2760580 3730560 3731007 2760687 2760043 2760924 230872 2370973 2370973 6660741 3230741 2760888 2760888 2760888 3230872 8710772 230350 731007 230504 2760350 5230422 8870969 3930212 3700772 3470772 7790894 2760896 230767 9710371 3950888 730880 9350880 910857 910741 3700414 9710414 9710414 3730004 8190964 9710205 7790961 730894 910772 9710739 3700960 3700741 8190770 9710857 2760930 2760772 9710782 8710772 3730004 2760560 730205 730754 9710371 3730422 2760687 2760043 230560 2760872 230006 2760872 3730872 5371007 8190580 5370741 6660580 6660580 2761007 2760580 2760896 7790857 730812 730812 4720772 730646 3230205 3230772 3471007 3230646 2760969 9710350 9350888 3230371 9710205 9710071 4720964 9710920 8190920 9710920 9710930 2760960 3470772 7790752 2760071 2760888 2760888 2760888 8710743 2760071 2760071 2760964 2760071 7790964 7790964 7790888 2760043 2760964 4630043 1760973 3230996 9710960 9710527 3470422 7790964 730519 730928 730928 3230212 8870043 730743 2760422 3700043 8870770 9710350 8190964 3730924 3731002 8190857 8190371 8190580 8190580 8190580 8870580 8870580 5370964 2760896 2760516 730924 230767 230504 8710580 730580 8710580 9710580 8870924 9710857 8190687 3730560 4630857 4630200 4630043 4630043 8190801 8190801 8190801 7790888 5370964
3700880 8870560 2080770 7790741 3700071 3700770 9710350 8710767 9710880 3470422 9710880 9710739 9710996 9710422 9710422 250200 5371023 4630386 8190404
3700960 3700770 3700770 3700770 3700772 3700772 8710969 3700772 3700752 3700519 9710519 9710496 9710496 3700752 3700752 3700960 3700960 8870770 3700519 7790894 9710752 3700752 8870770 8870770 3700519 7790043 7790043 7790043 7790043 7790043 8870043 8870969 520969 8870969 9040580 9040580 3470580 3470580 9710006 9710371 9710371 9710371 9710371 9710371 230006 2760371 9710371 3930519 3700964 5230646 3700924 3700743 3700519 8870743 3700519 3700743 9711002 8710857 3700857 9710857 9710857 3250857 8870772 9710857 8870770 9710205 8870205 911007 3230969 911007 4720969 4720969 4720969 911007 910646 8190741 8190160 8870743 5230872 5230857 3700857 9350560 8190961 730960 230767 230496 8710930 230767 730580 8710857 6660560 2760770 230767 8190870 5370930 8190519 7790857 7530857 3731010 3731010 1600973 3730004 8190857 6760857 6660422 9710422 9710422 9710857 8190857 3730004 6760857 8190006 5230872 730560 2760580 3730770 1760973 1760973 3731002 3730004 8190896 3730071 8190071 3731010 1600973 7090973 3730646 8190857 8190857 730964 230496 8870580 8710930 8710857 3730004 3730420 3730420 3730420 730741 8710752 8710752 6760857 1760973 1760973 9710739 3730004 3930880 9710969 3230872 3730872 3730004 3730004 7090973 8191010 9040857 7090973 3250857 3700961 910371 8710646 3700924 8710864 3700928 5230646 3730004 3730004 7090973 8710864 3700964 2760924 2760414 2760743 8870743 9710782 9710772 8711023 8190870 5230969 9710496 3470872 1600973 3730004 7090973 7090973 7090973 5230646
8190071 3730004 8190071 8190770 3470857 8190071 8190964 3470857 3470857 8190920 9040857 7790857 8710646 9710920 300422 9710006 8190560 8190752 9710923 8711023 8190857 3730004 3730888 8710466 9350743 8190964 8190964 9350888 8710857 9710519 8710872 2760741 9710414 8710872 8190560 9710923 8190071 6760857 3730004 9710580 3470987 2760964 3471023 3950888 3950888 8190857 8190920 3470857 2760888 2760071 9350964 3730200 1760973 3730741 3730743 730857 5370964 7790770 3471023 8710930 730006 730857 8190772 3731023 3730371 8190741 8190741 8190646 6350857 9710767 2760894 3950896 8190646 8190894 7090973 8190913 8190880 3950888 9040857 3731010 3731010 3730420 3730741 8190752 3730560 3731010 3730420 3730200 3730772 3730772 8190930 1031010 3730602 3731023 3730200 3731023 3730580 5230857 5230857 5230857 9350687 8190857 8190371 8190371 9710371 8190964 2760894 3730420 3730928 3730004 3730004 9350888 2750857 730857 730857 4720580 9350894 4720741 8190964 3730004 3730004 3730004 3730004 8190857 8190857 8190560 9040857 8190812 8190857 8190560 8190560 8190913 8190812 8190560 9040857 8190741 8190404 8190741 8870560 3470772 7790894 8190560 7790371 5370888 9350770 2760414 230414 3470961 9710864 9710205 3730924 3470857 8190880 8190857 8190964 3470857 6660422 3730888 3730888 8190930 8190812 3700772 8190071 3730993 3730888 8190560 9350560 2760043 8190964 8710743 9710920 730743 9710422 8710857 3470930 9350924 8190404 3700743 8710864 9710414 8190894 9710857 9710857 9040857 730796 9710987 3700743 8190741 3730004
8190741 230857 230857 230350 8710864 6660580 2750857 3730928 6350857 7310471 730422 8710422 6660880 6660580 730371 9710580 9710414 9040580 4720752 2760770 8710743 9710580 3230422 8870580 9710743 730071 3230212 9350752 8190752 9350752 6660580 3930371 3700969 3930796 8870969 8711023 8710580 9710580 3470857 8190580 3730071 4630580 4630371 8190857 3950960 9710580 8870580 730924 730580 3730580 8190857 8190857 3730743 8710857 730857 730857 8870772 9040772 7790741 731007 730371 3700960 3230796 3700964 2080888 3730071 3730580 9350422 10110857 8711023 3230371 3230770 9710527 8190857 910857 9710205 8190913 8190770 8190920 8190770 5370743 9350560 3700743 3700071 4720961 3701007 4720964 2760580 5370043 8190772 8870580 7790857 7790857 7790857 7790857 7790857 5370043 5370743 7790371 8190560 8870772 300422 7790519 7790924 7790924 8870870 8870205 9350930 6660857 9350772 6660880 6660930 9350964 730888 7790741 8870772 8870743 7790888 7790937
8190857 8190857 7090973 9040857 3950888 3701007 2760924 8190071 8190857 4630071 4630071 8190964 4630937 4630937 4630004 3390071 4630580 4630043 7790857 7790896 9710519 7790924 9710880 9710960 8870880 3700414 3950888 8190857 8190857 7090973 9710212 2760043 730422 2760580 9710580 9710527 7790371 9710205 730414 8710414 3470285 730743 9350770 8710767 730870 730880 2761002 730422 6660580 4720580 6660857 230767 9710414 3700200 3230212 8870580 9710422 3470580 6660043 730928 230560 3700772 8870043 9710527 3230212 3230796 3230880 2760952 730752 6660561 300422 8870043 9710212 8870043 7790857 7790857 7790857 230809 9710414 9710930 2760752 2760960 2760888 2760754
3471023 3470930 9710496 3470782 9710960 9710964 8710466 8190857 7980973 8190752 7980973 730812 9710580 3701007 4720741 3700770 1760973 8190870 7090973 8190646 9710422 9710212 3230414 9710741 8190752 8190857 8190580 8190857 8190920 9040857 4630580 8190770 8190770 7790770 3930519 9710527 3930205 3930772 910857 4720888 8870580 9350752 3470285 3230422 9710519 9710414 9710888 8710872 3470872 8870580 730729 2750857 3930519 3930371 3930422 3930212 3930422 3930880 9710729 8190880 2760894 2760114 7790752 5370371 8190801 7790770 7790888 7790894 7790937 9040580 9710729 8710864 3930880 2760924 8710770 9710857 4880973 1030638 3730602 8711023 2760560 2760071 8710770 2080770 520969 2760924 7790888 7790770 2760896 7790888 2760894 8190857 9350888 9710071 2080888 9710920 3730004 3730004 3730420 1760973 1760973 8190857 8190580 8190071 3930519 9710880 9710782 2760414 3470772 8710752 9710422 8190741 8190071 7790964 8190519 8190964 8190519 9710930 730741 9710864 8870942 9711007 4720752 3470580 5230857 8190857 3730770 8190371 8190770 8190857 9040857 3730602 1030857 1031010 1031010 8190752 8190857 3730770 3730580 9350752 8190422 7090973 8190752 3730743 4630071 7090973 1760973 4630004 8190071 2760743 2760687 2760646 2760896 2760969 7790969 3950896 8190964 9710741 3950960 9710920 9350560 8190071 8190964 8190646 4720888 7790857 7790857 3700924 9710422 300422 9710923 2760770 9710741 9040857 3700519 7090973 3730602 1760973 1760973 1760973 3950896 8190857 8190646 8190880 7790937 7790741 4720752 7791007 9040580 730741
3700741 3730004 9350928 9350964 3700960 9710071 2080770 9350888 9350870 2760928 730812 2760371 8190560 5230857 3700741 730580 6660880 2760580 8870043 3230212 8870870 8870870 7790371 9350993 2760205 2760928 7790870 9350519 8190969 8190519 8190857 8190652 8190519 8190913 8190880 8190741 3700857 8190741 8190404 8190652 9040857 8190652 9040857 9040857 9040857 8190646 9040857 8190687 8550857 9040857 9040857 8550857 9040857 9710964 8710743 8190857 8190857 8190687 9710857 3230812 300422 8710414 8710743 3730560 3730743 3731010 3730888 3730004 8190857 3470857 8190071 2080888 3700422 3730004 3730560 8190969 8190913 8190560 3470987 9040580 2760952 9710043 9710043 9710580 3470987 2080888 3950888 8710872 8190741 9710857 8710767 8190857 2080770 3470857 3390071 7090973 3700770 9710496 4720857 5230872 9710969 9040857 4720743 9710414 4720964 2080770 9710741 2080770 3730924 4630071 4630371 4630004 8191010 8550857 9710739 9710422 3230880 5230422 9710880 9710880 9710864 9710864
3700422 3700924 3700414 3700743 9710414 8190857 3731002 9350752 5370770 7790200 7790200 9710414 9710930 7790964 8190930 9710772 230857 2760687 2760772 230924 230857 9710527 3470857 3470043 3730928 3730741 8191023 9710864 9710580 8870924 8870580 230414 230872 8710930 3730872 8190741 9350770 3930857 3700969 9040857 9710006 9710496 8710857 8190857 4630857 4630282 8190857 8190646 9350422 8190422 8190741 3950896 7790894 8190519 8190930 8190870 8190870 2761002 230496 5370743 230857 230414 730560 9710422 5370519 2760896 2760930 2760743 2760743 2760743 2760772 730880 3470043 4720752 8710422 2760752 7790964 230857 2760770 2760896 2760770 730741 8190519 7310371 3730969 3730924 230920 8190772 8710930 9710752 3730241 8190652 730888 3230924 3230924 730770 8190560 9710923 230350 5230422 2760043 8710580 5231023 9710864 2760350 5370519 7790424 7090973 8191002 8191002 8870043 7790937 7790371 3930422 8710872 8870969 730071 730205 3930796 3930519 3730969 3730974 7310646 6660212 230414 2760580 9710930 8710864 230924 230920 230809 8870888 3930772 3930796 910371 8190741 5230930 230350 230767 2760960 7790888 9710743 9710519 730857 230767 8711023 9710741 730924
3470772 2760743 230920 3730743 4630071 9350964 7790857 3950888 2760350 8710519 9710414 8710414 9710969 6660560 9710519 230741 730924 2760924 8710930 2760422 3471007 4720741 9710205 9710205 3930205 9710371 3700969 3930560 3930796 3700969 3700924 9710729 9710741 3470872 8190071 7790770 9710920 9710285 8710646 9040772 2760770 2760414 2760960 2760580 9040580 9710414 3470772 2760414 9710772 9710741 9710772 9710741 9710741 5231023 9710414 9710741 5231023 9710414 9710923 9710519 7790772 2760872 230496 8710519 230920 2760770 230504 9710772 3470043 7790424 7790752 2760964 2760071 2760516 2760114 2760964 2760964 2760071 2760071 2760580 2760888 8710580 8710519 7790894 9710743 2760872 3470987 3470043 7790371 3470043 3470043 2760043 7790043 2760043 7790894 7790896 3700212 9350560 3730993 3730872 7310560 9350752 3470961 9710205 9710923 8710969 8710752 3700964 3470772 9040772
4630004 4631010 4630857 4631010 1600973 4631010 3731010 1600973 4630200 3730741 3730004 9710205 3470987 9710212 8190752 7790857 8870043 2760687 2760516 7790371 7790200 2760741 7790870 9710371 9710969 9710205 9710969 5370519 8190519 7790857 7790857 7790857 7790857 7790857 7790857 7790857 7790857 3951002 7790857 7790857 7790857 7790857 8870043 7790937 730857 730857 8870580 7790870 9040580 730729 9350930 8870043 8870969 730580 3930857 8870422 3700928 3700422 8870580 730928 3700422 7790741 3700880 7790371 8190160 8870560 3470872 730580 8190580 3390580 3390580 9040857 7790371 230006 230006 230872 3730772 3730772 3730872 8190942 9710739 3931023 8190857 3730004 8190857 8870770 6660043 7790772 6660561 8870772 2761002 6660560 730772 6660043 230872 3930212 8870580 8711002 9350770 7980973 3731002 3730646 730043 3700741 7790969 730646 730964 730888 6660930 3700580 3930371 3931023 730969 8870580 3930371 3700969 3930880 9710969 3700928 3930796 8710772 9710923 230414 7790969 8190857 3730741 9040857 3730924 4630857 4630857 3730924 4630857 4630371 4630857 4630913 8190857 730560 8190772 8190741 520969 3930364 3930205 3700969 8711002 730205
7790857 3471023 230350 9710767 3230770 3730872 2370973 3730004 3731002 8190857 1760973 3730420 4630071 7090973 4630004 7090973 8190646 7790857 7790857 7790857 2760872 5370770 8870580 8190580 5230872 4720371 3470872 7790964 7790894 3730004 3730004 1760973 7090973 7980973 3730004 8190930 8191010 7790857 3470857 4720580 3700880 3230422 6660422 9710527 731007 8710864 3230414 3700752 9350930 8190880 2760687 9710864 9710006 3230205 9040580 3730993 9710729 5230857 9710371 9710006 9710880 5230646 3470872 9350888 8710743 8190812 9710772 8710857 3470857 9710857 3470857 2760516 9710580 9710580 8710466 8710772 9710920 3730004 8190857 9710857 4720888 3230422 4720371 3230212 3930796 3930880 7530857 9040857 9710857 3470857 9710857 9710496 9710414 9710880 9710880 9710006 9710741 9710414 9710752 8190741 9040857 8190071 5230422 3700422 9040857 9710880 3230212 300422 300422 3700880
7790870 730880 3230796 9710422 9710422 3700880 7790937 9710519 230560 2760205 7790519 9040580 9040580 6660996 2760414 8710580 2760743 8190870 3730004 1760973 3730004 3730004 8190857 3730004 8190857 3230205 730205 730646 3230422 3730560 9350870 3700071 2760371 8710519 230857 2760772 230006 230920 8710767 230920 2760930 2760043 7790870 730560 730969 730870 730969 3930880 3930212 8870969 3930560 910741 8870969 910200 3930519 3930857 3230371 8870770 3700212 911007 3230924 3930796 3930212 3700796 3700880 3700205 3700422 4720580 4720580 4720043 4720580 730071 4720964 3230996 2760422 3230880 4720961 8870969 911007 4720961 4720961 4720961 4720969 4720961 4720961 3730969 9350160 9350772 9710987 520857 3470857 8191007 7090973 8190857 8190857 4720857 2760516 230504 2760516 2760770 5230872 3700414 9710414 3730741 3730924 3730924 8190652 8190071 3930371 3730928 3730371 3730560 10140652 8190652 8190652 8190652 2760580 2760422 2760888 8710743 2760960 2760880 2760743 2760770 8710767 7790937 8710969 6660880 2760960 730754 3470987
7790857 9710071 9710920 9710920 9710920 2080888 8710743 7790888 5231023 2760743 520969 3930212 300422 3700880 9710371 9710920 9710888 3470872 8190071 7790894 2760894 9710285 3731010 4630638 8190801 8190896 8190894 2760752 2760770 2760754 2760809 7790857 8190741 7530857 3701007 3470857 230920 3730004 8190857 3470857 8190812 2760371 6660561 2760960 7790741 8190560 3730560 8190560 9040580 9040580 9040580 2760371 5370371 8190741 230414 230350 5231023 2760687 7790896 9710414 9710006 3700770 9710414 730924 2760888 2760770 6660741 3700960 9710741 9710496 730770 730580 3700580 6660561 3700580 3950888 8190880 3731023 8190857 9710006 6660422 230924 9710371 7090973 3730004 7090857 8190857 9040857 8550857 8550519 5231023 6660880 6660422 6660930 230560 730205 3230422 3930371 3700743 6990200 9710414 8190857 8190857 8190857 5230857 9710414 9710752 9710880 9710422 7790770 9710527 300422 9710880 9710880 3700770 9710996 5231023 2760752 6660996 6660212 2760006 9710767 230809 3470580 8870880 8190580 8190857 7790857 730071 9350371 730857 3731002 9350888 2760872 8190741 9350888 8870770 730857 230414 2760964 8190964 9350930
730212 9710930 730880 8870880 8870924 9350924 730880 8870422 2750857 9350160 730371 8870560 3930422 730880 8870969 730857 8870969 3730560 9350160 9710006 7790857 730857 8190519 9350924 3470930 730857 730857 2761007 8870424 7790857 8190160 7790741 8190880 9040580 2760741 4720200 8870580 7790857 3470930 7790857 7790770 8870770 9040772 4720363 3230519 3230519 4720371 4720371 4720371 3730004 8190422 8190870 3470930 9350880 3730969 8190857 8870580 730580 730930 230006 9350930 9350930 8190930 8190930 9350930 9350930 730796 9350880 9710930 8710930 9710043 730071 230857 2760043 2750857 3230770 730857 9350160 730857 730857 3930857 730071 9710920 8870770 8711023 3470580 8190071 3470857 9040580 9040580 7790937 3470580 7790937 2760580 2760371 230872 730857 230741 230857 2760043 3730371 3730924 3730371 3730872 3730872 3730872 3730924 4630371 8190652 8190652 8190741 3470930 9710006 9710864 3470772 910741 9710864 9710864 3700969 3930212 3930212 3701007 3930371 9350894 9350741 7980973 3230519 10110857 5230422 3230796 730857 730580 8710930 5370743 8190930 8190857 8190930 730857 8190969 7790857 8190969 7790200 730580 8870580 9040580 8190930 7790870 8190371 8870580 8710969 3700969 3700743 8711002 8870969 2760888 10110857 9711002 2760580 2760894 2760350 9710930 8710857 730857 730743 9710519 2760888 730752 9710782 8190071 2760928 8870743 730770 3470580 3470580 7790894
9350687 3730004 3730580 2760888 2760964 2760743 2760350 3731002 8190071 9710519 2760960 9710782 8710519 230414 730857 5370960 230857 7310371 9350930 10110857 6760857 3730422 3730888 3731002 9350942 8190829 7530857 8190961 4720964 8870888 7790857 9710857 6660880 8710857 8870422 9710212 9710880 9710212 3470857 9710920 8190741 9040772 2760964 9710739 7310646 7311002 8190687 9710857 3730741 3730580 8190652 2760924 3730602 3730580 730212 9710371 8870422 7790371 8711002 9350560 730888 230006 2760371 9710205 9350752 2760371 9350770 5370741 6660880 2760924 6660560 2760809 2760516 2760741 5370752 2760960 2760741 3730422 3730519 730924 7791007 730880 9710414 2760770 3230212 2760752 2760924 2760894 2760646 2760772 730414 9710414 2760752 8870580 7790770 3470580 2760646 8190752 2760928 2760560 2760741 230414 3730580 730960 230350 8710767 3730602 2760743 3470772 8710743 2760371 2760580 230924 230857 3730924 230504 230767 2760872 3470043 9710043 8711023 3730004 3731010 3230772
2760767 7790752 9710964 2760071 3730772 3730560 2370973 6660996 730969 9710205 8190741 5370888 9350924 8190071 6660930 6660561 2760350 8870870 2760880 8190877 3730004 3730004 3730004 8190930 3700422 5231023 8190829 10110857 9350371 3930371 9710205 8190964 8190930 2760964 2760071 9710519 2760964 2760964 3730872 3730888 3730743 3730646 3730371 6660580 730560 3730580 8190930 3730200 3730004 1760973 1760973 5370371 3470772 2760924 230920 2760743 7790200 730772 730580 730729 9350743 5370743 5370964 5231023 8190857 5370930 7980973 6760177 1760973 9350772 2760930 5370772 7790857 2760930 8190894 8870043 7790937 5230422 3730743 4990857 2760205 9350743 3730888 9350964 3731007 3730229 8711023 3470857 8710422 2760924 3730371 2370973 3730580 7980973 6660996 6660996 300422 8190896 2760896 8190894 1760973 3730004 3730004 1760973 5230930 3731002 3730580 1760973 7980973 8190857 5370772 3700422 7790752 6660422 5230422 730796 8870580 3730646 8190942 8190772 2760743 2760114 3470422 9710422 8870560 3390071 9040857 8190646 8190752 8190857 8190857 8190857 8190857 8190857 8190687 8190857 8190404 8190913 3731002 8190857 8190580 8190829 8190857 8190930 8190857 3731002 9350371 9350880 3930857 3930857 9350924 9710969 3470580 8870924 3700969
7790371 730857 8190942 7980973 7980973 5370930 9350930 9350772 8870770 9710043 9710043 9040857 9710743 9350741 2760928 3470422 3701007 3700743 8870942 8711023 8190580 8190741 3470857 7980973 3731002 8190930 8190913 9350560 8190580 3250857 8190404 7530857 3470857 9040857 3950960 5370930 3730872 2760741 9040857 7790924 9710857 8190071 8710414 8190404 7310646 8190741 8870942 8190880 7790857 7790741 9350371 910741 8190741 3950896 10110857 7980973 7980973 5370930 9350930 8870969 8870888 9710043 3700422 9710212 7790896 8190700 8870743 7790894 7790857 3700519 3470043 3700043 8190942 8190580 9350752 7790741 3700888 9350930 7790857 8870888 3471023 8190071 8190741 3471023 8870888 8870743 9040857 7790888 9040857 8711023 8190071 8190580 8190913 3730241 9350880 8190894 9710350 3470857 8190964 3250857 2760741 7530857 9710864 9710888 8710930 8190580 9350888 9350880 3470857 8190071 8190880 9710285 7980973 7980973 3730422 7980973 7310560 9350743 3730519 3730580 2760043 2760043 2760930 5370752 6660857 7310646 6350601 9350519 730752 2760928 8870770 8870580 8870888 9040580 7790894 7980973 9350930 8870969 8870772 9710043 9710043 2760560 7790896 8710930 8870942 9710888 9350942 3700422 9710864 3950960 2760924 3700043 2760928 9350924 9710857 3730241 5370741 9350880 8190812 9350880 8870770 3470857 8190913 8870888 7790857 8190913 8190913 8190687 8190580 3730743 9710414 8190964
3730770 3230560 9710772 9710743 9710772 7790961 2760071 7790741 3471007 9710006 3950888 4720964 4880973 3730422 3730422 3730928 3730560 3730560 3730004 3730004 7090973 4630913 7090973 8190857 8190646 3390071 730205 5231023 3730004 3730004 3730004 3470857 3470857 9710414 9710743 9710729 3470580 9710496 9710960 3700960 3730004 3730004 3731010 1760973 3730004 7090973 7090973 7090973 7090973 8190896 3700071 3731010 1600973 3730004 8190857 8190857 7090973 8190857 730371 730857 730006 730371 910772 3930205 3930212 9710371 910741 3950888 9710880 2760371 8190770 8190006 8190964 3470857 9710527 7790371 7790857 2760894 7790857 2760516 3470772 8190857 3731010 4630638 8190857 7090973 7790752 8190071 9711002 730006 4720964 3470987 4720371 9710414 9710880 8190894 8190371 8190894 910371 2750857 2760772 230414 230809 730880 9710864 2760371 230350 230857 230872 3470580 9710580 9710006 3470872 7790371 7790371 7790896 8870580 230350 730924 9710772 9710864 9710864 3470580 3470580 3471023 3470857 7790896 230857 230920 7790888 9710923 3700924 9710920 8710872 230414 8710772 9710987 3471007 2760743 2760114 2760516 2760770 8710414 9710772 9710043 230767 230496 3730004 3730004 4630371 4630638 7090973 5230857 8190857 3731010 3730004 3730969 1600973 7090973 3730004 5230857 8710770 9710964 9710964 9710752 8710969 8870560 8190770 3950896 3230796 3930205 9710527 3230996 3230422 730880 9350741 3930857 7790741 9710969 9710371 9710371 5230422 8710414
4630937 4630004 3730004 3470857 8190812 7790924 8190519 8190519 8190519 3731023 3730200 3731002 7980973 5370071 9350422 3730004 3731007 3700770 3730872 3730114 3731007 3230969 9350964 730888 2760930 2760772 8870772 910200 8870969 8190519 8190770 3730969 7980973 3730969 9350560 910857 7980973 8190752 5370752 5370404 5370071 730857 8870969 9710969 910857 3730004 2760043 2760043 7790857 730006 730043 3730969 7980973 8190894 9350964 9350888 8190560 2760741 3730741 3731002 3730969 8190930 1600973 1760973 3730004 1760973 1760973 9350519 8190969 9350770 9350888 5370930 5370741 730969 2760969 8190969 9350942 3230924 3730200 3730200 3730200 3730004 3730371 3730770 3730004 3730004 3730580 8190741 8190371 730743 730752 3230519 2760741 730924 730519 9350519 2761007 2750857 9350880 230857 9350422 9350743 2760743 230560 6660857 6350857 730857 3730004 8190741 230809 2760924 5370770 230857 3930205 9350894 5370043 7310560 9350942 730857 2760043 230857 3730043 3730043 230857 3730241 3730200 3730928 3731023 230857 6660422 230006 7980973 6760942 10110857 9350752 9350752 5230930 9350741 6660741 6660212 9350741 6660880 6660212 9350743 9350687 9350942 10110857 6660930 230857 730770 2760770 2760752 9350772 6660857 2760371 2760560 2760114 9710930 9350752 2760752 3470930 8710770 8711023 9710414 8710767 8190920 8710857 9710857 3731010 3730888 3730371 3730969 3730371 9350964 6660857 9040857 9350772 9710864 3730888 3730770 9350964 8190371 9350894 2760752 3730200 3730420 3730004 9710205 9350741 730960 2760930 730857 5370772
5370770 9710888 1760973 3730519 7790519 8870942 8870743 3470772 8870424 4720772 7790961 8550519 3730772 3731023 3730004 7980973 2750857 3731002 730930 8190200 9710857 3730004 3730004 3730004 3730004 3730004 3730004 3730602 3730772 3731002 8190801 3730772 8190772 2750857 730888 3730772 3731002 8190772 230857 230857 9350894 9350964 9350894 3731002 3730371 3730743 3731002 3730004 9350964 3470580 2760371 230006 2760896 2760888 2760924 3731002 8190770 3950888 9710920 730857 9710782 9710071 7790888 731007 4990857 9350743 5370964 5230857 8190772 8191002 9350888 730580 2760964 2760071 8870580 5370741 2760580 730071 8710466 2760743 2760043 9710782 2080888 9710920 8190071 7790896 7790964 4630424 3731023 4630200 4630200 3731002 8190857 5370371 3731002 7790857 7790741 8190857 8190857 4630937 4630424 7790857 3470961 730560 3230924 3230422 9710987 8870880 3470422 8870743 8870942 730770 3250857
8190930 3730004 3731002 9350964 9040857 3700857 9710969 3700205 3470857 9710772 2760560 7790857 3730772 3730602 3731010 4630638 1760973 8190857 1760973 9350930 3700770 9710964 8710580 3700857 2080770 9710767 9710969 8190404 9710857 8710767 8710857 9710422 8870942 8190930 1031010 1760973 2760930 2760770 730772 730770 910200 8190071 7530857 8190880 3700212 8190812 2760414 3700200 7790937 7790424 3700888 8711002 9710930 8710857 2760422 5370772 230857 230496 730371 230857 230809 230872 3730580 3730371 3730371 5370160 2760743 3470930 2760743 7790857 7790896 3930371 3230371 9710371 3731010 3730371 3730371 3730872 4630913 8190646 8190646 730580 2760741 230414 9710527 230809 8710580 7790770 3950888 7790857 4720743 8870942 2760580 2760580 230872 2760872 4880973 7980973 4630930 3731023 3730043 8190857 5370888 4720200 3470930 9710285 2760114 9710285 2760924 7790519 2760580 7790937 8870424 2750857 6660930 6660996 3230212 3230422 3230880 9710371 9710414 9710752 6350601 8190857 8190752 5370071 3730004 7790894 7790741 7790896 7790894 8870043 8870043 910772 730580 730580 7090857 7090973
3730602 1031010 3730422 8710930 2760741 230857 2760741 9710930 730857 5370752 3730519 2370973 1760973 3730741 9350519 5230422 3470782 8711023 730961 730371 230872 3230872 3730420 3731023 3730371 1600973 3730928 3730004 230414 730580 230006 730371 230560 8870580 8190857 8190371 8870580 3470772 4720964 3470422 7791007 8711002 230560 2760205 8190071 8190422 8190580 7790857 3930772 9350993 3700205 230560 230496 2760741 2760894 9710205 8190519 3930519 9350770 230857 2760752 9710043 8710930 3230880 9710969 9710743 2760205 230767 2760743 2760071 7790519 8710519 2760754 2760770 2760894 7790519 2760930 730857 230857 3730420 5370519 8190422 2760880 9040580 8870880 9040580 8870880 7790424 7790894 9710782 3730602 8710930 3730241 2760964 730006 7980973 1031010 3730420 2370973 1030857 2370973 3730422 230920 8710770 2760888 5370043 3470043 2760767 2760580 2760371 2760894 2760964 230496 3730422 2370973 7980973 5370888 9350937 9350743 8710752 730519 230006 2760743 730812 3930796 9710964 9350924 2760896 730894 730894 10110857 3700770 9710071 9350924 8710770 4040200 8870770 7790969 5230930 6660212 5230969 3230414 9350888 2760960 2760414 5370770 3730200 2760930 730772 2760964 2760969 8870043 9350687 1030857 4880973 7980973 8190930 8190200 730857 2760964 8190894 8870743 8870424 8870424 730812 7790424 730928
7090973 4630638 3731023 3730969 3730071 3730888 9710519 2760743 4720964 8710772 3250857 910857 2080888 3471007 2080888 2080888 2760930 9710580 8190752 230857 9710414 3470772 8870888 9350741 3730200 3731002 3731002 9350743 3700888 6660996 9710527 730964 3730580 730857 2750857 8190964 9350770 8190741 3730043 8190964 4630371 9040857 230504 6770857 9350687 6660857 730743 730857 3471023 8190913 8190913 8190894 3230772 730212 3230371 2760205 2760772 8190772 7790857 3950888 8190422 8190687 3730602 3730004 1760973 4630200 3730743 8190580 7980973 9350870 8190870 3730004 3730004 8190801 8190801 3730580 3730580 8190772 7790857 3730004 1760973 8190857 4720580 4720857 9040580 910741 3250857 3730422 3730371 3730924 3730004 7980973 8190930 9350880 9710422 3930422 9710964 9040772 8710772 8710743 7790894 3730071 3730420 3730974 3730071 3730646 4990857 9350687 730580 730580 8870942 8870580 4720363 3950888 8870743 7790894 9710996 8190812 8190857 9040857 2750857 3930857 8190652 8190857 8190652 3230414 9711007 3470857 8190857 3730004 3730071 3730646 3730580 8710580 9710580 8710580 8710646 9710923 730741 3470987 4720964 8710743 8710743 5230646 5230857 8870924 8710770 910857 8190961 8710519 9710071 3730004 3230212 9040857 3470857 8190519 8190071 910857 910857 3700888
3470987 9350964 8870743 9710782 5370888 730071 8870743 8870888 730743 8870924 7310646 9350924 3730200 6760857 3730829 1760973 8190519 3730872 3730422 4880973 5370371 730857 8190371 730743 230857 8710857 730371 730894 9350371 8190961 3731023 3730004 8190371 8190071 8190964 9350924 8870888 7790894 3730200 3730924 6660741 9350770 8190896 2760043 9350741 2760969 2760969 8870888 2760741 7790896 8870043 7790896 9350930 2760960 8190857 3730602 3730200 3730043 8190857 3730928 8190580 5370741 1760973 8190870 3730200 3731002 2760687 9350942 9350743 8870880 7790752 3470422 910772 8870969 8870560 8870580 3700741 3700519 3700519 8870772 7310560 9350930 730930 9350930 5370043 5370741 9350930 6660857 2760422 9350741 9350894 730205 8190969 6660857 6660930 6660741 2760741 9350741 6660043 7980973 6660930 9350741 9350741 5370770 6660857 9350519 9350519 9350924 8870888 5370930 9350930 2760371 7310560 3730004 730857 6660857 2080888 9350964 730964 9710857 9350770 5231023 8710857 8710857 2750857 911007 3230646 3230772 3230772 9350888 2760205 730857 2370973 7310646 9350743 4990857 7980973 3730371 3730371 3730043 8870770 730422 730960 3700772 8870743 7790888 9350741 3730741 9350894 3730519 3730928 3730974 3730004 3730241 5230930 8710872 2760350 6660857 9710371 3730741 3730741 3730741 3730371 3730371 3730371 3730371 3731002 9350743 9350741 730888 8870743 2760969 730741 8870870 730071 730964
5230857 8710930 9350741 9350888 9350371 2760741 3700200 8870888 9710923 8710752 8710743 8710743 8710770 3700770 9710729 8710422 9710371 8870888 8870880 9040857 3700212 230741 230857 3730422 3730114 8190422 8190752 2760930 2760960 9350964 3730371 3730422 9350924 9350961 9350894 3730004 3730770 3730924 3930205 5370752 9350371 730371 730371 910200 910371 730928 9350928 9350880 3731002 3731002 5231023 5230857 2760964 8710930 9710930 9350743 2760964 8710580 730857 2760580 8870770 2760580 3230924 3700888 8710414 9710071 8190580 730857 9350741 730857 730743 2760809 8870580 9710422 8870424 8870424 3700752 8870942 8870560 3700071 8870942 3700200 9040857 9040857 9040857 3700519 8870888 3700200 3730602 3731002 3731002 8190930 8190857 8190857 8190930 8190930 8190896 8190857 8190896 8190200 3730646 3730743 8710930 9350770 9350770 3230996 9710752 9710422 9350888 8710857 8190857 3730422 9710930 8190752 9350880 8190964 9350371 8190870 9350870 8190870 2760516 2760741 2760743 2760114 2760964 8710743 8710770 8870743 3470857 8190857 8190857 8190880 8190752 9040857 8870888 3700212 910371 9711002 8870924 7790937 3950960 8870924 910371 4720741 8870888 8870888 8870880 3700200 7790969
7790741 8190006 4630638 8710580 230920 230504 2760767 9710767 8710580 8190752 8711023 9710743 3470580 2760071 2760896 2760896 7790894 8190687 8711002 7790770 8190071 8190969 3730741 8190872 910857 8190857 8190646 8190920 8711023 5230969 9710414 9710739 2080770 9710920 3470043 9710964 3470857 7090973 7090973 8190857 8710772 730741 9710205 910371 9710006 8870888 730857 9710580 2080770 3930772 9710205 9710864 7090973 3730004 8190857 9710772 3930772 3700770 8710770 9710743 8710752 8710770 3730924 8190857 8190857 9350741 8190880 8190422 8190580 8710864 7790894 9710371 9710864 9710741 9710580 9710743 7790770 8190770 8710414 9710964 8550857 8710466 8710580 3470580 3470580 4720964 3950896 9710864 3470930 2080770 3470422 230872 7790371 4630371 8190770 9711002 8710767 8710969 9710752 8710770 3230796 4040200 7790857 7790857 2760894 3470580 8190770 6660996 2760896 8710767
3931023 3930212 3930880 5370071 230496 2760772 230496 230496 730894 3230880 4720964 9710864 2760114 3230872 730857 3700796 9350993 3930560 3700964 9710741 3930796 3700796 730752 3701007 8190770 7790857 8191002 7791007 7791007 3951002 7090857 7090973 8190920 3470857 8550857 7790924 7790964 8870580 8870770 2760752 2760770 3470782 9710920 9710071 3470987 3730743 3730071 3730646 8190857 9710071 9710006 730371 5230969 3730241 7980973 230809 3230646 8190071 8190964 8190857 7090973 8190942 8190741 230809 2760371 9710864 9710414 8190942 9710960 8190857 8190857 3950960 9710782 2760888 9710782 9350880 3230560 4720857 3930371 730580 730752 730812 9711002 730752 3470580 5231023 4720964 8191007 5370930 3730004 8190930 730857 8190857 3470930 3930857 3930880 3930857 520857 3700969 4720969 3730004 3730004 8190857 8190894 8190857 5230857 9710741 9710857 4720969 7090973 7090857 7090973 3700796 8870770 8190969 3700857 3700414 9710071 9710729 8710422 9710422 730770 730857 3731002 3730580 3230212 9710741 8870422 9711007 9710964 8190964 3730888 3730888 3731010 8190857 3730004 3730004 3470857 8190857 8190857 730812 230924 3470987 8711002 3930422 3700205 9710729 8190160 8190160 3700960 3230205 3230560 3701007 3930422 3700961 8190913 9710580 730870 7790969 3470580 2760809 4720371 730200 2760741 2760770 3470285 3730928 3730924 2760872 9710741 4720961 3700961 3930880 3700969 8710772 2760071 2760770 8190942 3731010 3731010 1600973 7090973 7090973 7090973 8191010 3471023 3470422 9710880 8710646 9710739 9710071 8710770
8190646 9710071 3730043 2760930 2760743 9350964 3700212 300422 730964 3470422 2760422 7790741 2760741 9710422 9710422 2760894 2760422 730560 4720371 730796 730580 8870580 730857 3470961 4720743 3470782 3470580 8711023 9350924 9350560 5231023 9710205 8190857 8190519 8190560 9710006 7790371 2760371 2760006 2760880 7790371 7790870 7790924 7790924 7790924 8870924 9040857 8190580 7790857 8190687 3471023 8191002 8190519 8190772 730857 3230969 9350870 8870870 730857 730743 2760969 9710880 3930519 910741 3700519 730729 3930519 3930422 520969 3230969 3930519 730969 910772 730796 3230212 3230880 3230796 3230880 3230212 3700422 3230796 3230880 8870043 9710043 910200 3930212 9350880 8190894 910857 910200 9350961 910857 9350880 910857 730857 910857 910857 3930796 8190857 5370071 5370752 730741 9350741 3230414 3470580 230767 7790752 8710580 9710752 4630580 3950960 7090973 8190519 2760516 2760754 2760960 2760516 2080770 8190964 5230857 2760350 3730071 3730004 3730888 3730071 2760043 230857 2760896 2760006 2760930 8190857 9710923 9710422
9040580 6660996 2760754 3730924 8190371 8190371 3930857 3930371 9710743 8190071 5370741 8870942 9710285 4630829 4630829 8191023 8710414 3470930 7790937 8190857 8190741 9710857 3470930 730212 9710930 9710857 9710857 9710580 3700212 8710770 8190071 6660561 8710414 9040580 4720371 7791007 4720772 8870580 7791007 9710960 8870772 9710371 8870969 8190857 730752 3230422 3730371 9350924 9710857 9710496 3230872 8870770 3950960 3700741 7790371 3230422 3230924 730812 3230560 230006 8710872 5231023 3470857 9710743 2760350 9710371 3950888 3470857 8190006 9710752 9710350 8710930 9710371 8710752 8710872 8190894 4630200 3730888 4630580 8190646 8190801 7790896 3470043 9710964 9710414 3470580 9710580 9710888 8710752 3470772 2760743 730580 730812 3230422 9710864 3230212 3700414 5231023 8711002 7790752 230857 230496 7790857 3730888 8190071 8190071 8710767 300422 9710880 3930205 3730071 8190872 3730371 9710071 9710864 9710729 3230414 9710864 7790857 9710741 9710285 8190896 8190752 230857 730006 5230930 9710741 8190741 3730560 9710857 3470872 3230924 3231023 3700880 8190961 3230880 3230371 9710414 9710960 3230212 3471007 9710580 9710960 8710857 8190770 8190371 9710006 9710043 9710580 3230796 3470580 9710205 8870924 8870560 8870205 3700200
9710422 9710880 3700414 9710752 9710422 4630071 4630071 2760006 8190896 3470857 3730770 3730071 3730743 8710857 2760205 2760006 8710743 2760414 5370752 2760071 3471023 3700969 3700960 730812 8710930 300422 8190560 3730743 9710964 9710767 8190519 6660857 8710930 5230857 3470857 5230857 3470857 3470857 8190964 3700857 9710350 9710350 3470872 3700924 3700880 2760772 7790888 230350 9710741 9710371 3470285 9710930 3930422 3700741 3700741 3700969 9710519 9350924 5230422 3730519 3730519 5370964 2760770 8710580 9710964 8711023 8710864 9710496 7790770 230872 5230857 3730924 3730371 3730770 3730872 5230857 9710739 9710729 9710350 3700205 8190560 3730924 3730872 3730646 8190560 3230924 9710580 9710496 9710969 8710872 3470987 3470782 3950888 3470772 7790200 8870969 9710969 8190880 3730371 8190071 3930880 3700752 3930371 3230796 9710741 3730993 9710496 9040857 4630371 9040857 8190913 8190913 9710350 9710496 9710414 3930212 3730371 8190560 8190560 8190560 230924 9710782 8710872 3470772 8711023 8190687 5230422 9710741 3700200 3700857 5230857 8870924 9710496 9710987 8710646 3230560 3470857 9710857 8190812 8190560 8190812 8190071 8710770 8710752 8711023 9710743
9710414 7790741 9710741 5231023 9710987 8190071 8710414 3950888 8870942 8710580 8710580 3470580 9710580 7790371 7790752 7790371 8870924 7790371 3931023 3730043 730580 730857 3931023 9350964 9710414 8190560 9710414 8190894 8190896 8191023 9350741 9710527 9710422 8711023 9710371 9710782 9710414 9710496 9710496 9710422 230924 730371 3470772 8710414 8870743 7790857 8870560 8870560 3950888 3471023 3950888 8870560 7790857 7790857 7790371 8870743 7790857 3730071 3730772 3731023 730930 730371 910371 8870743 7790752 250969 9350371 8710864 5370071 6770857 6770857 3930371 3931023 910371 3700969 3700741 9040870 3700796 3950888 3700857 7980973 1030638 5370888 9350519 9350894 8190896 8190870 8190857 8190894 8190964 3930857 5370888 730857 9350961 3930212 3730924 3730928 3230371 730006 8710422 9710741 730857 730770 9710414 910741 2760770 730857 730857 300422 9350371 6660857 5230857 5230930 8711023 8710770 9350894 3730422 3730422 9350160
8710752 8190404 9711007 9710496 5231023 3470285 4720200 911007 8870770 5230646 3700796 9710741 8710422 9710772 9710043 5370770 9350741 5230646 8710752 8711023 3700796 9710880 3230796 3230770 9710527 3470422 9710422 8190880 8190580 8870770 9710043 9710752 2760414 9710527 3470580 7790424 230504 9710782 7790888 9710752 3470987 7790752 730770 730752 9710414 9710422 8710752 7790741 4040200 3950888 1760973 1760973 8870770 9710923 9710006 8710767 8710767 8710752 9710752 2080770 8190519 7790937 2760924 6660212 5231023 9350743 9350888 730857 5370741 730894 2760752 8190519 230496 9710782 2760516 2760896 2760741 2760888 7790770 7790896 3470772 4720371 3470772 3230212 730071 7790741 2760960 8870205 7790741 9040772 7790937 9040580 9040580 7790924 7790937 3950888 7790741 3951002 7790371 7790371 8870880 8190371 8190857 8190371 9040857 520857 8870743 1030638 8710752 8870743 7790371 8870924 7790857 8190646 5230857 9710752 5230969 9710741 9710741 9710923 7790741 8190404 8190200 8190857 8190580
9710580 730880 9710964 3471007 4720741 3390071 8190646 5370772 7790752 7790888 2760743 3230770 8870888 9710414 910741 9350928 3700960 3700205 2760580 2760205 9710414 9710752 7790741 8710767 9710371 3700422 9710752 9710371 5370930 7790857 8191002 5370741 9350772 3930422 3700960 8190160 8190812 8190560 3470857 3390071 3470857 3700414 8870772 3700205 8710422 9710772 3470772 3470772 2760205 2760964 2760371 2760969 2760114 2760687 3730241 8190857 4720752 4720888 5230969 730812 8710646 9710782 8190964 8710767 2080770 230809 2760772 9710930 2760772 2760964 7790371 730924 8870043 3731002 4630371 8190964 2760580 230006 2760043 2760071 230560 2760422 2760006 2760888 3230996 9710519 730796 730205 3230880 3230212 9710422 9710285 9710006 3230812 730880 2760422 2760880 2760741 8710519 730071 8711002 7090973 3730924 8190560 8190857 8190560 9710857 9710857 3700888 9710071 3230880 5230422 3470422 7790964 9710422 8190652 2760754 230741 2760872 2760964 230872 3470872 8190772 8190857 2760006 4720964 3471023 730770 2760580 2760580 9710864 230414 9710580 2760960 9710496 9710414 3230770 3470580 4720743 8190071 8190857 3730770 2760930 9710752 8710752 2760960 8710466 8191023 7790752 3471023 8710466 8190646 5370743 9710580 8190560 7790857 8190857 4630638 2760964 9710743 9710043 3470043 9710496 3470772 9350741 8710857 3700857 3470857 2760952 2760071 8710519 9710782 8190857 3730519 6660422 230496 2760964 2760770 7790772 7790894 8710580 8710580 8190872 9710920 8190772 7790371 7790894 5370888 230741 4720371 730422 2760516 730888 8190772 7790857 9710857 7790857 8190857 8190920 8190580 9710580 2760580 2760741 2760964 2760752 7790371 9710920 3470580 7790857 7790857 7790857 2760580 730894 3730580 3730004 3730071 3730872 3731010 4630371 4630371 8190371 3390580 3730872 8711023 9710580 2080770 9040580 230857 731007 731007 730964 9710920 230857 2760772 7790894 3470772 8550857 2760560 8190770
3950888 3700969 8190160 9350160 7790857 3700200 8870924 8870743 2370973 4880973 5370752 8190752 7790770 7790770 2760888 2760772 7980973 3730519 9350772 3471023 3471023 8190770 8870870 7790870 7790870 8870870 9040870 9040870 8870424 7790371 8870424 8870772 9350772 9350422 2760422 5370371 8190519 9350870 9350961 9350870 8190870 9350961 910857 2760961 8190961 731023 5370371 2760772 2761002 2760580 8870772 7790371 7790200 8870770 8870924 8870770 3950888 8870942 8870743 3700743 8870743 5370752 6660857 9350888 9350772 730894 7790741 2760896 7790896 7790894 7790752 7790857 7790770 7790857 8870770 7790741 7790741 7790770 7790857 7790857 7790371 9040772 8870924 7790424 8870880 3700888 9040580 9710422 8870424 9710285 7790752 8870924 8870424 9350743 3470580 9710996 2760414 8870888 2760880 2760560 2760741 230414 230350 230767 230809 230560 2760752 230924 730870 2760371 2761002 5231023 7790924 8870043 2760743 730812 3700422 8870743 3950896 3700422 8870560 3700071
8870770 3700743 910371 730870 730880 911007 4720964 9711007 7791007 10110857 3730872 3470857 8710466 3470782 8190071 230560 2760071 2760371 9710987 3230770 3230422 8870422 3730241 2760741 2760560 2760580 230924 230809 230857 230350 5370741 2760741 5370770 2760114 2760924 9710071 2760770 7790741 9710285 8190896 8190857 8190857 8190752 9040857 9710422 3471007 3700752 3700743 8870880 9040580 3700752 9711002 9710205 8870560 8870924 4720888 4720888 4720743 3700414 8870560 8870560 3700519 7790888 9350752 2760888 9350888 8870772 2760928 2760071 8190071 8870205 8870743 8870560 2760969 9710414 230496 230924 9710422 3230371 7790888 8190896 8710752 9710071 8710422 9710743 8190812 8190741 730752 730770 730422 730894 730371 730894 730894 2760743 9710964 8710646 8710770 9710414 9710864 3470987 8710872 9710371 3700071 3471023 8870770 230006 2760969 2760350 8710864 9710864 5231023 2760350 2760741 730741 9710414 5230422 9711002 730770 730741 730741 230924 730071 3930796 9350924 9710422 9710496 3930212 8710422 9710285 8870743 9350743 9710880 3700414 9710496 3470857 7530857 8710414 3700857 8870770 9710772 2760924 9350993 8870888 9710205 2760422 6660996 3230646 3700743 2760741 3700071 2760560 3950960 3700414 730743 2760928 2761002 731007 730646 2760888 8870888 6660930 6660930 730870 730870 8870580 730580 730729 730580 3931023 8870580 8190071 9350880 8190519 9350560 5370930 6660930 6660212 2760754 730930 6660930 9350519 8190964 8190519 8190519 8190371 8870560 5370888 9350880 6660560 2760371 6660880 6660422 6660930 2760888 6660930 9350964 8190964 6660857 6660857 2760371 6660880 6660857 9350880 9350894 2760896 8190422 5370930 5370930 6660857 6660996 9350519 5370741 6660212 9350519 2760888 9350743 7310646 6660857 5370741 9350870 730857 9350560 9350743 9350743 6660857 730796 730371 9350743
2760741 6660996 8710580 9710782 8710466 8710422 9710071 8710422 9710782 9711007 9710071 9710729 8710466 3730888 3730743 3730004 4630071 3730004 3730071 3730241 1760973 3470857 9710743 8710767 3470782 3700205 8870880 7790937 8710414 730752 9710782 8870580 9710043 3700741 3950888 2760414 2760350 9710923 3471007 9710205 3470961 9710739 9710741 8870043 8190560 7790888 9710285 3470580 9710864 8870888 9710741 2080888 730212 6660212 6660560 9710960 9710205 9710414 8870770 3250857 4720752 2760924 3700743 9710519 9710519 3470580 8190964 7790964 8870580 7790888 8870743 7790924 8870924 2760964 7790770 2760964 7980973 3730969 9710496 3700741 730770 9710580 8710466 3730770 3731023 8190752 3390071 8190752 730969 730924 9710772 730752 8870772 8710752 9710071 230767 3730646 3730646 9710739 8711023 230767 230504 2760772 2760960 2760894 7790770 5370404 3390071 2760896 2760414 3230741 5370741 5370741 7790937 7790200 7790888 7790937 230872 9710930 9710743 5370371 8710743 9710743 730071 9350519 9350870 2760809 3730772 3730772 8190652 230496 2760930 9350743 730071 8711023 3700888 9710920
2760743 2760516 2760560 2760205 2760896 230496 230504 2760752 230920 2760952 2760964 9710772 8710864 9710743 2760752 8710872 730519 8710519 8710519 2760071 8710422 5370071 2760964 9710864 9710960 3700414 5230872 3470285 730741 5230872 9710969 2760743 2760071 3230996 730969 3930560 3930422 3930560 8710772 2760964 2760894 3471023 3230414 9710371 230809 2760960 2760752 9710752 730519 2760205 730964 2760071 9710422 9710580 9710580 8710752 3230996 3230519 2760964 5370752 2760752 2760964 8710646 3470961 7790888 730519 3230519 8710752 730888 230767 2760872 9710920 3230519 2760371 9710741 9710519 2760580 2760872 9710519 3470580 7790964 3470872 7790964 9710964 9710519 7790752 2760772 230496 230496 2760772 230504 730519 6660880 9711002 3230996 9710422 7790894 3930519 9710212 2760888 2760888 2760964 3470043 3930880 3930880 3930212 3700969 3930212 3700880 520969 4720743 4720964 230741 2760924 230741 9710964 9710496 2760924 7790741 7790964 7790937 7790896 7790752 7790894 730414 2760752 3230519 6660996 9710212 9710371 3950888 3700205 2760006 230414 230809 230414 2760371 230741 2760772 230809 730928 3700043 3471023 230741 6660422 9710527 2760896 2760809 2760743 2760894 2760952 9710422 2760071 8870743 9350964 9710519 9710350 7790371 9350687 8190422 9710752 8190422 8190646 9350924 2760580
2760422 9710864 3700414 2760741 230872 5370519 9711002 9710371 9710519 3470872 7790888 8870772 8870888 7790741 7790888 2760752 3470772 9710880 3700414 730870 730961 730560 730924 8870770 8710414 2760924 230924 2760006 2760741 2760560 8870743 8710864 9710350 9710371 9710739 9710422 730964 730870 4720743 9710920 8710872 7790857 5370519 5370519 7790371 2760580 3470580 7790924 3230560 3700519 3700519 6660741 2760043 2760371 5370772 2760371 2760114 3230422 730772 230924 5230422 730770 3230560 9710422 9040870 9710741 3230741 6660212 730371 730519 2760872 2760422 2760580 2760205 2760952 9710864 9710371 5230872 7790964 3230872 5230872 2760743 230920 730888 2760772 2760888 9710782 2760888 7790888 3470422 7790741 2760114 2760687 6660741 2760752 3950896 8870422 7790519 3230519 730743 3230741 9710414 9710496 8870560 3700422 8710414 3470422 5230969 5230969 2760969 2760741 9710923 9710414 2760560 2760741 9710205 9710743 9710964 7790371 8870743 9710414 5230646 230924 230414 230872 230924 2760752 730071 2760580 3230880 2760422 9710741 8870888 8710767 7790924 8870205 8190371 8710414 9710350 3700741 910200 3700200 3470857 9710414 2760350 5230646 910371 9710006 9710006 8870924 7790424 8870888 3930519 730870 8710864
7790741 2760928 2760414 2760752 2760071 5370964 5370200 1030282 8190481 8190913 8870770 8870880 8870924 8870424 8870424 730880 8870969 3700519 9710414 9711002 3930422 9711002 9711002 730741 8710519 2760371 2760964 2760516 3700200 730741 3700200 230504 2760687 2760752 2760960 2760741 6660561 2760880 9350743 730741 9710987 9710743 9710729 9710864 5230969 730006 730519 8710969 8870770 8870743 7790969 8870743 230924 7790519 2760960 2760743 7790770 7790924 2761002 6660880 730422 9711002 8190741 730964 730894 3700969 7790894 2760741 230924 2760743 2760371 9710772 2760560 7790964 8190652 8190519 8870770 3950960 8710519 2760580 2760646 2760580 8190770 8190872 8190652 2760741 3700422 9711002 730743 9710580 8710864 8710422 9710371 2760741 2760114 2760770 730894 3930796 3930796 8190071 9710857 9710414 9710888 9711007 6660741 730200 6660212 2760371 730928 3930205 2760960 730752 5231023 730371 8711002 730770 6660741 730200 6660422 730371 730071 730371 9350924
6660561 3700888 9710752 2760043 3730200 7310646 9350741 730743 730770 3230770 8710872 9710752 9710071 9710371 3700205 3700770 7790200 4630282 3950960 9710422 3470782 3930422 3930796 9710519 9710743 8870888 4720888 2760960 730894 4720772 730743 230924 730560 2760964 730772 730770 730772 3930772 230414 7980973 5370930 5370964 9350888 8550519 7790424 7790924 8190969 8190930 5370741 7790969 7980973 230920 230504 230414 2760371 2760752 2760071 2760964 730964 3731002 3731002 3730004 9350964 8710422 230924 2760741 2760646 2760516 2760741 8870870 2760646 7790371 9040580 9040580 7790741 730646 8870043 8870770 7790752 250200 1030993 5370043 5370043 250200 3730043 1760973 5370043 5370043 1760973 5370043 8870043 8870043 8870043 9040580 8870580 8870580 3730580 3730580 1031010 7980973 9350888
3700414 3931023 2760371 9350924 9710371 9710212 9710285 8870924 3700414 3230422 730960 3230770 3700205 8870560 9350993 3700200 8711002 3700200 3700741 3700205 8870969 8870424 8870969 8870888 730560 9350560 6660741 2760924 5230969 730924 8711023 730519 2760964 8870969 9710205 3930880 3930422 730422 9350888 3700888 8870743 730752 9710864 9710205 9350741 9350743 9350371 730371 9350741 6660560 8710519 730560 3930371 3930422 9711002 8710752 8190646 8870424 9350924 7790937 3700969 8870880 8870424 8870969 3700200 8870770 8870424 8870424 8870424 8870969 3931023 730924 5230646 6660741 730770 9350961 6660880 9350993 9710960 8870560 8870770 3930212 3700580 9710422 8870770 9711002 9710422 910741 8870424 8870924 730928 8870942 8870424 8870205 3700200 7790770 730928 8870560 8870560 730752 730880 9710205 8870424 2760770 8870424 8870560 730880 3700200 9711002 8870880 8870770 730729 730796 730870 730422 8870969 730205 730560 730880 8870424 730212 9350937 730880 8870580 730646 730071 8870422 9350993 6660996 7790870 8870580 730646 9350993 730646 731023 6660880 7790424 8870424 8870924 8870424 8870424 8870743 8870969 8870424 7790969 3700741 8870969 8870424 8870969 730880 8870424 8870424 8870424 730880 8870743 3931023 3930212 9040772 8870580 730880 3700580 8870969 8870969 8870205 8870424 8870424 8870969 8870043 8870743 8870424 8870969 8870969 8870424 730741 6660422 7310371 2760752 6660422 6660422 2760752 9350422 8190071 8870743 8870969 8870924 8870969 8870969 8870969 7790969 8190857 2760743 3230519 9710371 2760770 230414 2760767 2760752 2760071 2760960
3700924 9710964 5230969 3470772 9710888 7790964 2760767 2760752 9710741 9710920 8711023 2760114 8710646 9710006 9710371 5230872 8710864 9710371 3470872 9710772 3470772 9710772 3470772 3470772 2080770 7790770 2760767 8710767 8710743 8710770 9710422 3700880 2760646 7790857 7790519 2760743 7790870 9710960 9350160 3730560 2760894 2760687 2760894 230857 2760516 3700422 3700422 8870942 7790894 230414 2760741 730924 230741 730560 230504 230006 230741 2760741 2760371 6660561 2760969 3700880 2760743 730888 8710519 2760888 7790888 230920 2760888 2760961 2760371 4720964 9710782 7790371 9710920 9350928 9350993 8870743 8870770 8870205 8870424 730414 8870743 730741 2760741 6660741 2761002 2760930 2760422 2760516 2760743 730071 9350870 2760930 2760930 6660741 8710743 3700200 730924 730071 730071 8710414 8870743 3230560 9711002 730880 730880 230560 730752 6660212 6660561 6660422 6660580 2760930 6660580 6660930 6660930 6660422 6660580 6660561 300422 9350560 8870560 9711002 8870880 3700888 3470987 3700888 8870743 9350601 5231023 8870743 8710767 9711002 9710519 3700200 7790371 9710519 7790371 3700200 1030282 9350371 6660857 1030993 9350371 3950896 3700422 8870743 3700770 8870560 3700743 9710496 8711002 7790752 3700205 3700888 8870743 9710969 2760888 8710743 8870743 8870888 8870880
8190880 8190741 9350924 3730993 8190896 3470930 9350741 910741 3700205 3930857 8190969 8190371 3930857 3230646 520857 9710857 7530857 3700205 9710212 3470857 3930212 3700964 9711002 9710772 9711002 5230646 9350560 2080888 9710888 8710646 8870770 8711023 9710880 5230930 8870924 3700888 3700200 2760924 9710422 9710043 3700796 3700200 3700964 9711002 8870560 3700200 9710743 8870880 3700964 3700796 3950896 9710964 9710880 8870880 9710205 8870942 9710743 8870888 3700796 8870743 8190687 8190580 3730071 3230212 3730371 3730422 3730888 8190371 8190942 8190741 9350880 6660857 9350687 9350741 7980973 5370930 9350888 9350687 8710969 3700200 3700857 3700964 910857 520857 3700969 9040857 3700857 9350964 9350687 5370404 9350743 9350888 8190964 5230857 8710422 8870888 9350964 8190200 9350560 9710888 6660857 3700200 9350687 9710880 3700743 8190942 6660857 6660857 6660880 9350964 730071 9710782 8870942 9710527 3230796 3930772 8870942 8870888 3700964 8870043 8870942 9350993 730741 9350371 730880 8870770 4720200 8711002 3230770 3700741 3700200 3700200 730857 9711002 730741 8870043 730857 9710371 9711002 730371 9711002 730371 9710969 9711002 8870942 9711002 9711002 9711002 730371 3700888 730071 6770857
300422 8711023 3730004 3730371 5230872 3730741 3730993 8711023 3700422 9710205 9710422 3700519 3700519 7790969 3470782 3470422 9710071 9710006 8710422 9710071 9350770 3730004 3730888 3730004 9350930 5230872 3230880 3730924 3470857 9710071 3470987 3470987 3930422 9710422 8710752 3470857 9040857 8550519 2080770 9710920 8710646 9710920 8710646 3471023 9710864 9350924 8190741 2760952 2760743 1030993 1031010 5370964 2760896 2760516 8710752 8190857 7790857 7790857 7790752 9711002 9710422 3700414 9710205 3700205 9710996 3700422 3700205 3700880 3700519 3700519 3700519 9710205 3470422 7790741 2760930 8190422 9040857 3230212 730743 6660561 6660212 9710043 9710527 3470422 9711007 9710422 3700519 3701007 9710888 3731010 3730071 3730004 7980973 3730004 3730371 6660930 230006 230920 9710920 9710987 9710414 8710646 730422 9710864 5230422 5230422 9040580 3470580 3730004 3730422 3730743 3730004 8190964 8710857 3470857 3471007 3930205 3700743 3700071 9710969 9710741 9350924 2760752 9350770 9350964 9350770 9711002 6660996 3930422 2760924 230741 2760350 8870770 3230770 230809 6660580 9710580 9710205 3700200 3700200 3700200 300422 3700205 3700414 8870743 8710422 7790924 8870743 730071 8870770 7790888 2760894 2760872 730560 9710752 8710752 8870770 7790371 9710496 3930422 9711002 3700205 9710969 8710414 3700772 730071 7790894 3470580 8870888 730924 8870924 3700205 9350880 2760371 3700964 7790964 3700772 7790896 3700888 8870743 8870743 8870770 9711002 2760924 8710414 8710519 3700741 8710772 3700205 8870743
3470872 8550519 8710414 9710422 3230872 3700924 9710371 3730969 250969 2760964 2760888 7790964 2760071 7790894 2760964 2760809 9710414 8710872 230924 6660996 9710350 3730888 250200 2760888 2760770 8710770 9710767 3700205 2760580 5370752 2760928 2760924 6660996 3230772 3700772 3700770 2760952 9710371 9710964 2760741 7790870 2760414 7790937 6660996 6660880 730796 8710414 9710071 9710960 3700960 9710743 9710888 8870770 9710772 5230422 6660880 730880 8710422 9710864 3950888 8870870 9040870 3700796 3700422 9710880 2760924 2760741 2760741 3930205 8710743 9710006 9710739 9710767 7790371 230809 2760772 230767 2760350 2760960 2760770 2760752 8710519 8710519 9710782 2760896 7790964 2761002 230414 2760752 9710996 8870770 3700743 3700770 250969 8710772 9710920 9710071 9710964 8870888 8870969 3700422 8870772 9710969 8710770 9710739 3700770 9350894 9710350 9710969 9710414 2760741 8870770 5230969 3700071 9710422 3930212 250969 3470422 3700205 7790924 7790741 9710519 9710923 2760114 2760888 2760043 9710071 3470987 3700743 9710422 3700752 3700200
7090973 9710880 9710212 9710857 2080770 8710466 3730993 8190964 8190896 4720363 9040580 8550519 4720741 3700519 8550519 4720964 8550519 8190422 3470772 8190896 1600973 3731010 3731010 3731010 3730004 7090973 3730004 230857 230857 2760752 3470043 730857 910371 5230969 9710205 8190880 3470772 8190560 8550857 8190752 8710752 9710920 4720752 9710371 8710872 3731010 3731010 3731010 4630200 3730770 3730004 8710857 3230796 3470782 3470422 3730872 8190857 8190872 7790371 7790741 8550519 9711002 3700043 9710205 9710739 8190969 9710741 9710422 9710864 3470580 3470043 8870422 7790770 7790888 8710646 7790888 8190071 8190741 9710864 3700205 8190857 8190857 7090973 7090973 8190857 8191007 3950960 8870880 8190857 8190857 3950960 3470422 8190857 8870924 3730646 3730770 8190857 3730928 3731023 3730004 3730004 3730004 3730924 9710930 300422 3730602 2370973 9350924 9350371 9350928 730964 730857 6660880 3230560 3730371 3730741 3730004 8190857 3730004 8190071 8190964 9350560 9710212 9710006 9710741 3471023 9710772 4720964 3950888 8711023 3471023 8870770 9710741 3470285 3700741 230920 8190772 9710527 9710006 8190519 9710371 9710212 3700964 8710743 3730071 3730004 9710857 9040857 3730004 3731010 3731010 8190857 7090973 3950960 8190160 8190646 8190646 8870880 9710519 9710864 730857 6660857 230741 230809 230350
2760888 2760930 2760043 2760350 3730924 4630200 3730043 730924 730741 730964 2760741 7790964 8870580 2760752 5370960 2370973 1760973 7980973 9350770 8710752 3700888 8190969 6660561 3700796 3700519 3700770 3950896 4630071 230504 230920 230496 230767 230767 230504 230350 230350 730205 3730422 8190857 8190913 9350560 230006 230872 3230770 2761007 2760741 9710772 8190857 2760006 2760371 2760930 2760930 2760930 2760930 2760930 2760743 2760772 2760071 7790772 2760741 2760071 9710964 3470987 9040772 2760888 7790200 8870580 4040200 3930519 3730969 6660857 9350930 3730519 2760752 8710466 730894 3930772 730888 730741 230006 730371 230872 730772 2760646 2760752 2760896 230767 9710580 9710414 7790770 7790894 2760646 7790519 7790772 7790964 7790741 7790964 7790519 2760888 9710371 9710414 9710880 9350894 6660741 6660560 9710371 3470872 4630857 4631010 4630200 4630200 8190801 4630004 9710414 9710960 9710205 8710767 3730969 9710414 9710496 9710964 3731010 3731010 4631010 4630200 4630580 9710496 3730974 3730420 3730872 9710743 8710930 3730888 3730743 3730872 8190770 9710071 2080770 9710071 2760071 1030638 1030993 5370770 5230422 9710422 730880 2760928 5370371 2760743 2760741 8190969 8190894 8190560 8190752 7790857 3700770 730960 6660880 230560 8710414 9710580 9710580 9710767 9710371 3700422 9710371 230767 9710964 9710743 9710772 8710752 3700770 9710212 9710741 5230857 9710741 9710205 9710043 3730872 3730371 4630371 4630371 8190652 8710466 9710964 3700888 9710205 730924 2080888 3470782 9710741 2760071
4630200
null
4040200 1031002 5370519
251002 2760767
null
5370841 7790969 250969
4720200 250200 5370200 5370974 1030282 8190481 5370571 5370841 7311002 9350928 9350937 250969 8190700 4040200 250969 5370404 4720857 4040200 7311002 9350937 9350519 5370404 8870870 8870870 7311002 5370404 7311002 9350870 5370829 7790424 9350928 9350961 5370160 5370974 4630937
null
520857 8870969 4040200 7790857 8870969 4040200 8870942 520857
3700200
null
4040200
5370519 7790937
null
null
250200 5370043 251002 5370930 1030984 3951002 250969 5370519 7790857 5370519 7790200 5371023 250969 7790969
7790200
730894 9350942 8190857 4630200 4630282 9350770 8191023 8191023 8190857 8191023 8190857 8190857 4630580
null
5370974 8870969
250200 5371023 4630200 4630200 1030292 4630580 4630200 4630200 1031010 4630200 4630200 3731023 4630200 4630200 1760973 1031010 1030292 1030292 1030292 1030292 4630930 4630200 1031010 1760973 4630200 1030928 1030282 1030638 3731002 1030638 5371023 5370200
251002 8190481
8870770 9040580 5370519 4040200 3730928 3471023 8870969 4720363
null
7790961 4720961 4720961 1030993 5370974 250969 7790937
9350928 1030928
6770857 8870424
5370829 8870969 7790961 5370519 250969 251002 8870942 5370200 1030282 5370519 7790857 251002
null
1030984 9350930 4040200 5370974 5370519 7790200 250200
7311002 4040200 4040200
null
4630004
4630282 3951002 4040200 4630930 7790857 1030282 5370841 7790200
9350894
5371007 5371007 4040200 251002 1031002 1030282 1030282 1031002 1030282 1030282 1031002 1030292 1030282 1030292 1030282 1030292 1030984 1030200 1030292 1030282 1030282 1030292 1030292 1031002 3731002 4630200 4630200 4630200 1031002 1030984 4630200 5371023 1030993 1030928 1030282 1030282 1030282 7310646 1030282 5371023 5370200 5370200 7310700 7311002 7311002 7311002 7310419 7311002 7310419 7311002 7311002 7311002 7980973 6770857 7310646 4990857 5370200 7980973 1030928 4630200 3730974 1031010 4630200 1030282 3731002 1030857 1030928 1030292 1030200 1030292 1030200 1030200 1030200 1030292 1030282 1030638 1030200 1030282 1031002 1760973 1030984 4630386 1030282 4630200 1030282 4630200 1030282 1760973 4630424 4630200 5370841 8190877 5370404 9350961 251002 8870743 730752 3700961
250200 3951002 250200 5370519 250200 3390043
251002 5370772 7790961 3951002 3951002 5370043 9350870 9350564 5370974 250969 250969 8870969 4040200 7790043 7311002 5370829 9350601 251002 7790961 250969 8870870 5370519 251002 7790969 9350961 250969 4040200 730729 3951002 7790200 5370200 8870969 5370200 7311002 9350928 251002 3390043 5370404 5370519 251002
null
null
null
7791007 4630200 1030984 1030984 1760973 1030984 4630200 1030292 1030292 5371023 5371023 4630200 4630200 1030984 1031010 1030292 1030984 1030282 1030292 1030292 1030282 1030282 1031002 1031010 1031002 1030282 4630200 5370974 4630200 4630043 8190913 3730993 8190371 250200 250969
1030292 9350930 4630282 8190652 3951002 7790969 5370404 5370829 5370404 7790894 5370519 5370200 5370519 7790961 5370974 4040200 7791007 5370404 5370404 9350519
null
5370930 5370841 7310646 7311002 3731002 7980973 7310646 7980973 7310200 7311002 7310200 7310200 7310646 4990857 5370200 5110004 7980973 8870424 9350942 9350601 8870743 9350772 7980973 9350928 9350928 5370404 6660857 4630580 1030282 7980973 5370829 6770857 4990857 9350743 3230205 6770857 9350928 7790857 4630937 3951002 7790424 5370160 4630930
5371023 7980973 7310646 5370200 5370404 7310646 8870424 9350888 7980973 7980973 9350687 7980973 7980973 7980973 7980973 5370200 7311002 7310200 9350743 8870424 9350519 8870924 7311002 9350741 9350888 9350743 3700200 4990857 5370371 9350601 8870424 9350519 8190969 2760928 5370974 7310200 9350928 4040200 6770857 7310646 3951002
7790857
null
3951002 520857 7790857 5371023 1031002 7790200
251002 5370741 3951002 3951002
null
9350519
5371023 5371023 5370974 5371023 251002 251002
4630580 4630282 4630200 3730993 3731002 8190200 8190071 8190913 5371023 7310646 5371023 1030993 4630386 250200 5371023 5371023 250200 7790200 9350519
3390043 7790200 3951002
251002 3951002
null
1030984 7310646
1030292 1030857 1030292 1030292 1760973 1031002 1030200 1030857 1031002 1030984 250200 5371023 250200 251002 5371023 250200 5371023 4630200 5371023 9350888 3950960 5370841 8190481 9350928 9350560 8190969 7980973 5370974 7790200 3390043 4630004 5371023 4630386 1760973 4630386 4630200 4630386 1030857 1030282 4630930
3951002 3951002 3951002 5370404 5370200 250969 3951002 3951002
3951002 4040200 4040200 3951002 520857 3951002 3951002 910200 8870969 8870969
251002
null
3951002
null
null
null
null
4630282 5370200 5371023 250200 8191023 8190481
7790857 3951002 7790961
730560 8870743 8870043 730930 2760928 7790896 5370519 8870043
null
6990481 8190913 2760205 3700857 3730241 6760564 6350891 8790891 6990481 6760601 6350404 2370973 7310560 3250857 7310700 8870205 6990200 9350601 8190877 8870580 4911023 8190700 4911023 6760700 3730700 3730829 3730765 3730177 3730241 3730419 1760973 6350404 8190646 3731023 5370829 8190419 3730580 3730601 8190404 8790891 3250857 8190404 3730419 2370973 4880973 4880973 4880973 4880973 4880973 4880973 4880973 4880973 4880973 7310200 7311002 7310200 3730981 9350601 6760646 1030404 3730241 7310564 1030877 1030404 1030857 7980973 2760114 8190404 7310430 3731002 7310404 7980973 7980973 7310829 4880973 4880973 7310129 2370973 7310564 7310646 3730177 7310601 5370404 5370071 4911023 8190772 8790891 8190404 6760765 8190404 9350601 6350765 7310601 9350772 9350601 8190877 3730877 7310877 4911023 9350942 6770857 5370404 8190404 6990481 8190942 6350601 3730564 3730877 9350519
8190419 8790891 6760601 8870942 8790891 6760765 6760877 6760177 7790752 8190687 4880973 4880973 4880973 7310404 6760857 6760481 6760601 5370877 5370877 3730646 6350891 6760177 1030993 9350564 8190519 8190942 8191023 4880973 4880973 4880973 4880973 4880973 7310161 1030292 7310161 7980973 4880973 7310177 7310129 7310200 7980973 7310646 9350601 8190829 8190700 7310404 7310200 6760857 7310877 3730419 7980973 6990200 8190877 3730601 6760942 8190404 2760114 7310200 7310161 8790891 8870942 3730229 7980601 8190404 4911023 6990200 7310564 10110857 3731002 520857 3470857 4911023 8870942 7310601 9350177 6760973 3730114 3731023 8190877 8790891 9350772 8870772 7790857
8190404 6990481 4911023 9350930 8190580 9350601 3730993 6990200 6760877 6760177 8190870 7310877 8870580 8870580 4911023 8870580 8870580 7530857 7770857 8790891 5370841 9350870 8190829 9350930 8190942 8870942 6990200 7310200 8870770 5370266 4911023 9350601 5370930 5370829 6760564 7980973 8870942 5370877 4720580 8190404 1030993 6760564 3730829 3730519 9350870 8870942 4880973 4880973 1030877 7310669 8190580 8870942 8790891 8190687 7530857 8190419 8190877 4880973 6350765 9350177 6760601 7310765 7310765 9350928 9350687 8870942
8190857 8190160 8190564 3250857 8190404 3730200 7310829 7310404 3731002 7310601 3730700 6760700 3730004 9350942 8190877 2760114 6760646 6760564 6350857 8190857 6990481 8190404 8190700 1760973 9350772 8190829 8190857 3730296 1030993 7980973 3730601 8190930 8190857 8190371 5370877 8190177 3730241 3250857 3730241 1030877 8190857 3730993 3250857 8190700 7310601 3730422 8190404 3730700 3730241 2370973 3730877 8190371 7530857 9350942 7530857 7310564 8710857 2760114 8190419 8791023 8190177 8190519 3730519 6760973 7310161 8190404 3730772 7310564 6350857 9350601 8190404 8191007 8190857 8190700 8190877 3730114 8190877 5370930 5370404 3730580 6350601 8190961 8190564 8190404 8190857 7530857 8190404 7530857 5370877 1030829 1030877 8190177 3250857 8190829 3730241 8190519 6760857 8190519 8190404 8791023 9350601 5370266 6350765 8190942 10110857 8190700 1030857 7310669 8190404 8190857 7310601 3730981 7310829 8190942 3730888 9350601 5370404 8190930 7310765 8870942 3730993 3730601 8190404 3730404 9350601 8190857 8190700 8190177 8190877 6990200 8190877 9350564 3730601 4911023 6990200 3230996 3230812 8870942 8190404 8190404 3250857 3250857
3730296 8190404 8190829 3250857 8190404 3730765 3730404 8190829 8190404 9350601 8190857 6761023 1030282 1030857 4880973 1030877 7310363 7310430 6350765 3730829 5370266 3730601 3730200 1030200 4880973 4880973 7310200 7310564 7310765 7310601 3731002 7310564 3730404 6760177 9350942 1030404 4880973 4880973 7310177 7310891 7310200 7310161 1030282 9350601 5370960 9350560 3730700 3730404 3730296 3730200 2370973 7310177 7310161 1030200 4880973 2370973 7310765 3730200 8791023 6990200 8190404 8190404 6350601 8790891 7530857 6350601 8791023 6760601 8870942 9350601 5370404 8790891 8710519 3250857 8870942 5370266 8190829 9350942 5370829 8870942 5370404 8791023 5370841 9350601 9350961 3250857 7530857 9710864 5370404 5370571 5370404 8190519 9350942 9350519 6760601 9350177 9350601 6990481 2760928 3250857
3730177 7310601 3730877 9350937 9350888 5110004 8790891 3730877 3731002 3730829 8190652 6760601 8190652 3730829 5370930 3730229 3731002 8790891 5370829 6990200 8870743 8190942 3731023 7310161 3730877 3730404 3731002 7310161 3731002 7310363 8190404 6760765 3250857 8190564 8190700 3250857 8191007 7310419 3730229 7310829 8190930 9350601 3730229 8190857 6990200 7310669 6760601 8190829 7530857 6990200 10110857 3730993 8190752 7310161 3730981 3730419 7310601 9350601 3730993 3730928 7980601 3730981 8190857 8190700 8190404 8191007 8190829 1030638 3730043 8190687 3730765 3730877 8190829 6990200 8190419 4880973 6350404 3250857 3730241 6760942 6760646 3730404 3730646 8190877 7530857 8190877 8190404 3730765 3730200 3730229 3730829 3730564 3730765 3730404 6350601 8190404 3731007 3730829 8190829 3730004 4911023 8190580 7530857 6350601 10110857 2760687 6990481 9350601 8190652 6990200 6990481 8190404 8790891 4911023 6990200 8190404 6990481 6760601 2760516 4911023 3730404 7310829 5370266 6350601 8870942 5370404 8870924 7310266 9350601 5110004 7310419 7310700 9350601 8870205 4911023 3250857
3470961 3950896 8870924 8190646 8190404 8190857 8190404 8190404 8870770 8870924 7530857 6760942 5370829 3730993 8870888 4990857 9711002 9350937 4720200 4720961 8190877 8190942 6660560 9350560 9350942 6760564 8190942 8190481 8190404 8190857 3250857 8190829 3730564 9350870 8190700 3730646 8190700 8190404 8190913 8190404 8190700 8190700 4911023 8790891 8190857 8190857 6990481 8190829 6990481 4911023 5370741 6760973 3730981 5370877 7790937 9350870 9350601 9350870 3731002 3730200 8190687 9040857 8190829 7310700 3730601 3730928 7980973 1030993 2370973 1030829 5370877 3730829 3731002 1030993 3730519 3730700 6760646
8870942 8790891 6990200 8190404 8190700 6990200 4911023 8870942 4911023 8190857 7790857 8190829 8791023 5370404 4630200 3730404 8190404 3250857 8190404 6990200 9350601 9350564 6990200 6990481 8190942 6990481 8190877 8190404 3730241 8190829 6990481 3730137 3250857 3730877 7530857 8190404 6990481 4911023 7530857 6990481 8190700 9350961 8190404 8190404 7530857 6990481 8190404 6990200 8790891 8190419 8190404 8190942 8190877 6990200 9350601 6990200 6990481 6990481 3730114 6990481 6990200 7530857 1030829 8190404 6990481 8190404 8190404 8190829 3950896 4911023 8190700 4911023 8190404 8190942
3730241 5370960 7790200 3700741 9350930 5370404 6770857 4880973 7310571 6770857 5370404 8190857 5370841 8190419 5370930 5370829 5370930 3730241 1030638 1030638 1030404 1030404 1030282 1030928 7310564 1030829 7310564 1030282 3730177 3730177 8190700 8190404 8190942 8190404 3730601 8190652 6760646 5370404 7980973 1760973 7980973 1030200 7310129 7980973 7980601 6770857 3730765 8870924 8870942 8190913 8190700 3950960 8190700 7310765 6760857 3730993 3731002 3730241 7310651 3730241 3730404 6760857 5370404 9350687 8190829 7310419 4990857 9350601 7310891 7980601 6770857 2370973 4880973 4880973 4880973 4880973 4880973 4880973 4880973 1030857 4880973 4880973 4880973 4880973 7310404 3731002 1030877 3730700 9350601 8190942 8190942 8190646 8190700 8190404 8190404 1030829 9350564 4040200 3250857 3731002 7310646 1030404 1030993 8190913 8190404 3470857 3730519 9350601 3730177 1030993 3730386 1030292 7310129 7980973 4880973 1030200 4880973 1030292 1030282 3730519 7980973 7310564 6761023 3730177 5370829 5370200 5370571 5370877 6350601 8190942 8190877 8190404 8190857 8190870 8870942 8191023 3730519 8190942 3730928 3730700 8190829
8190829 8190687 8190942 8870942 6990481 3730404 3470987 3950960 8190700 8870942 8190942 8190829 9350937 5370404 6760601 7530857 7790964 8190700 8190404 8190404 8190404 3730981 8190700 8190700 1030993 3730404 6760601 8190404 8190404 8190942 8870942 8190687 8190404 8190913 8790891 6990481 3730601 8190880 6990481 8190700 8190700 8190700 8190700
6990481 8790891 4911023 8870942 8190700 3470987 8190877 8190404 9350601 5370877 7790924 6990481 8190404 8190913 8190829 7530857 8190913 8870942 8791023 8190646 6990200 3250857 8190700 8190404 8190942 8190700 9350601 3250857 8791023 8190700 8190404 6990481 4911023 4630200 3730114 4911023 4911023 9040857 4630829 6990481 8190404 3730646 9350601 8190942 1030829 8190942 3250857 8870942 4911023
4911023 6760481 3730974 8190829 7310891 4911023 7310765 3730993 8190942 8190404 8190877 8190829 6990481 6990200 7311002 8190404 8190857 8190652 8190404 5370829 8190564 8190404 8870942 3471023 9350601 5370571 7310363
7310601 8190877 8190687 8190371 8190877 8190404 8790891 8791023 7310652 9350601 8870942 4911023 3250857 8190829 9710857 8190700 6760646 4911023 8870942 9350601 7310646 9350601 8190700 8190404 5370404 8190877 5370404 6760601 1030829 7310646 9350601 5370404 7980973 7310669 9350177 8870942 8870924 6990481 8190404 8190700 8190857 7310177 7310564 1030857 7310129 7980973 1030857 8190404 6350601 6990200 8870942 3230205 4911023
6990481 3950960 8790891 8870942 6990481 4911023 8790891 6990200 8190700 8190404 9350564 6990481 8190877 8190404 8190942 8190877 3950960 7310646 8191002 8190942 3950896 8190404 8870942 8190700 3730765 3700741 8790891 6990481 4630829 6990481 4911023 8870942 6990481 8190404 8190700
8870969 7310571 7980973 4880973 1031010 1030638 8190700 9350942 8190857 8190646 8190700 7310571 7310571 3730519 1030292 1030638 1760973 1030638 1030282 1030292 1030928 1030928 5371023 5371023 1760973 1030984 1760973 1031010 4630386 4630200 2760969 7790937 730729 7790937 5230857 9710496 730928 730071 730646 3730241 3730241 7090973 4630004 4630004 1031002 1030292 1030292 1030638 4880973 3731023 3731023 1760973 3731023 4630200 5370841
520857 7530857 3250857 7530857 3730404 8870772 9040772 6990200 3730772 5370404 1030877 7311002 1030877 1030404 10110857 8190894 8190177 3730772 8190772 3470772 7790772 9350772 6760973 5370930 9350519 9350519 8190404 3730772 7310564 7980973 7310571 6760646 7530857 6350857 9350937 730857 9350601 6760857 7310646 6760857 10220857 7311002 8190752 9040772 9040772 9350888 8190877 8190404 3250857 8870942 6760601 6760765 5370071 8190857 7790894 8190829 3730601 7770857 8190404 9040857 10220857 3730519 9350772 6760601 2760894 6760646 3730928 3730241 3730404 3730601 8870942 5370964 8190857 3730043 6760765 5370404 1030829 1030857 5370200 5370200 1030282 1030857 7310646 1030404 3730296 1030282 3730177 7980973 6760857 3731002 3731002 1030292 3730519 1030877 1030282 5370200 8190687 3730177 1030993 8190404
5110006 3700960 9350937 8190652 8190942 8190700 8190404 8190700 5370404 8190700 3471023 9350770 5370404 3730404 5370752 3730519 6761023 3731002 5370404 7980973 1030282 7310891 4880973 1030857 4880973 4880973 1030404 7980973 7310646 7310646 1030282 5370200 5370404 8190857 3731023 3730974 3731023 1030993 9350177 1030993 8190770 6760646 4880973 4880973 3730200 3730200 1030993 5370829 7310177 4880973 4880973 4880973 4880973 4880973 4880973 8190564 3730241 1030857 1030292 2370973 1030404 4880973 3731023 7310700 1030282 4630200 9350601 8190913 1030282 5370877 730928 6660741 9710864 8870942 9710864 8870942 730006
3731002 4630829 8190687 4630829 8190877 8190200 9350564 8190829 8190877 6760973 4630829 3730137 5370404 3730928 3730765 8190700 7310646 8190857 3730419 8190404 6760857 3730928 3730765 3730404 3730229 6760177 8190857 3730646 3730404 8190829 8190404 3730700 6350765 3730700 8190857 3730601 8190857 3730137 6760646 8190857 8190419 3730928 8190877 8190857 3730241 3730564 3250857 8190857 3730993 8190177 6760700 3730241 8190857 8190857 3730700 8190857 3730241 8190829 8190829 4630424 9350601 3730601 3730404 7310564 3730371 6760481 6350891 8190700 3730137 3730928 8190829 8190942 5370404 8190857 8190857 6350404 8190857 4630282 3730877 8190700 6760877 8190857 8190857 3730700 7980973 2370973 3730993 3730765 7310404 8190857 5370877 3730765 3730386 3730765 8190419 7980973 7980973 3730700 3730241 7310564 3730765 3730241 6770857 3730404 7980973 1760973 6350891 3731002 6760601 3730765 3731002 3730993 3730829 5370571 7980973 6761023 3730200 1760973 6660857 3730519 6350601 3730519 7980973 6760857 5370404 9350601 3730700 6350177 3730601 7980973 8190857 3730601 6760601 3730646 7980973 3731002 5370829 6760857 3730419 3730700 7310669 8190857 3730404 3730241 3730177 6760481 3731023 2370973 1030638 7310646 6761023 5370404 3731002 8190829 3730404 8190404 7310669 7980973 1030282 7310177 7310601 7980973 7310651 7310651 3730229 5370841 6760481 7310646 3730177 7310601 3731002 5370404 9350601 8190857 3730404 3730229 1030282 5370200 7310601 3730386 3730241 7310564 7310363 7310646 3730564 6350857 8190857 8190857 8190419 3730993 7980973 3730646 8190857 8190419 8190857 8190404 5370571 6760857 6350404 6760765 3730981 3731002 3730993 3730241 3730241 6760601 1760973 8190857 6760877 8190857 3730404 6760646 8190419 6350765 3730700 3730877 7980973 8190877 8190857 1030282 7310601 3730296 7310700 1030282 1030404 1030282 4880973 9350177 5370266 3730928 4630829 9350601 8190177 6760601 8190419 3730877 8190404 8190857 7310404 3730765 9350601 6760857 8190942 3730241 5370829 8190857 6350857 6761023 9350177 3730229 1030282 3730229 7310646 7980601 1030829 3730877 8190200 3730137 3730404 8190177 3730200 5370404 8190942 3730601 3731002 8190404 8190857 6761023 8190829 3730564 9350601 4630829 3730765 3730700 8191023 5370829 3730700 3730177 6350404 3730700 3730877 1760973 7310601 8190942 7980973 3730404 3730177 4630200 3731002 7310765 3730928 3730241 3730241 5370371 8190857 3730519 6760857 6760857 3730928 8190857 8190857 9350601 3730404 3730241 3730241 3730177 1030282 7310564 6350765 9350560 3730646 3730177 3730601 9350560 6350857 3730646 7980973 8190942 3730700 3730229 8190687 6760177 8190829 8190700 3730829 6760646 6760481 7310651 8190200 1760973 7310404 4880973 4880973 4880973 6770857 7310646 7980973 6760177 1030404 2370973 4880973 1030857 2370973 4880973 4880973 4880973 4880973 4880973 7310200 6770857 1030282 7310177 6770857 6760765 1760973 3730404 3730177 1760973 7310404 3730765 6760646 3730241 6760857 3730404 1030829 1030404 9350870 8190857 5370371 3250857 8190857 8190877 8190829 6760765 3730114 6760877 7310646 3730700 3731002 7310601 6770857 7310200 7310765 6761023 5370404 9350601 8190942 9350601 8190700 8190419 8190857 3730519 3730700 5370404 6350404 3730981 3730829 3730700 8190942 8190404
8190700 8190404 8190829 8190404 8190564 8190404 8190652 8190942 9350601 8190700 8190404 3730601 8190942 8190961 6760646 3250857 8190404 8190404 6350857 8190877 8191023 8190687 8190829 8190404 8190942 8190177 8190419 4630829 8190404 8190404 8190942 8190404 5370841 8190404 8190829 8190687 6760601 8190404 3730564 3250857 8190942 3250857 8190404 8190646 8190700 8190877 3730993 8190646 3730981 8190700 8190700 8190857 8190877 8190700 8190857 6760646 8190877 9350601 8190404 8190942 3730601 8190564 8190829 8190687 8190829 8190404 8190829 8190404 8190700 8190404 8190857 8190877 8190404 6990481 8190961 8190857 8190481 8190829 8190404 8190857 8190404 8190404 3730700 8190687 8190404 8190700 8190687 8190942 8190404 8190829 8190700 8190404 8190404 8190700 3730928 8190829 8190700 8190481 8190857 3730404 8190857 7530857 8190942 3250857 8190481 8190961 8190829 8190857 8190404 8190006 8190700 8190942 8190741 8190700 8190829 8190404 8190857 8190652 8190700 8190942 8190177 8190404 8190404 4911023 8190961 8190700 8190857 8190700 3730765 8190419 8190857 3730519 8190700 8190404 8190857 8190700 3730404 9350601 8190961 8190700 8190857 8190942 8190829 8190700 7530857 6760942 6760564 8190741 8190404 7530857 3730993 8190371 4630829 9350564 3730404 8190857 8190942 1030404 3730765 7530857 8190942 9350177 8190646 8190877 8190404 8190700 3730646 8190404 8190857 3730137 8190404 3730993 6760857 8190404 4630371 3730993 3731002 8190857 6760942 8190404 3730404 4911023 3250857 8190646 9350601 8190857 8190419 8190687 8190404 8190942 8190687 8190829 8190700 8190829 8190857 8190942 8190404 9350601 8190857 8190857 9350601 3730601 8190942 9350601 8190404 8190700 3730993 8190404 8190404 8190857 6760601 8190942 9350942 8190857 8190857 8190481 3730829 8190961 8190857 8190857 8190404 8190829 8190646 8190404 8190857 8190404 8190877 1030829 3730981 8190404 3730765 5370404 9350601 8190857 3250857 3730928 8190700 3730993 9350564 8190857 8190877 8190700 10110857 9350601 10110857 7530857 8190961 6350765 8190829 8190857 6760765 8190829 8190857 4990857 5370829 8190857 9350601 8190404 8191023 8190877 8190801 8190857 8190700 8190857 8190687 8190942 8190687 6350857 7310177 1030877 1030282 1030829 5370200 3730974 6350765 8190877 3730877 6350601 6350857 8190404 8190700 9350601 8190404 8190006 8190700 8190404 8190877 8190942 8190877 8190857 3730646 8190404 8190829 8190700 3730419 3730519 1030993 1030993 7310651 6760177 8190829 3250857 6760857 8190857 3730601 6350765 8190877 8190877 8190646 6350404 8190700 8190961 8190177 6760765 7310430 5370877 3250857 8190700 8190857 8190942 8190942 8190857 8190404 8190404 8190877 8190829 8190404
4630200 1030857 1030857 1030857 4880973 1030282 5371023 250200 5371023 251002 5371023 5371023 2370973 2370973 3730200 3730200 4630386 3731002 1030282 3731023 1030292 1760973 4630200 4630282 4630200 250969 4630200 4630200 251002 5371023 6770857 1030857 4880973 1030200 1030200 1030857 1030200 1030292 1030292 1030292 1030292 1030984 251002 3730700 8191023 5370404 2760952 7790937 7310266 730519 730200 730580 2760580 8870580 4720580 4720580 4720580 4720580 3390580 8190646 4630004 8190200 10220857 4630200 5110004 7790969 1030984 1030638 1031002 1031002 5370519 1031002 5371023 5370519 1031010 4880973 1030638 1030984 5370519 1031002 5371023 5370519 1031002 1031010 2370973 2370973 5370877 3250857
1030292 5371023 1030282 5370200 6770857 1030638 1030638 4880973 1030292 1030200 1030638 4880973 4880973 1030638 1030993 7310177 1760973 1030993 1030993 5370200 5370200 1760973 4630424 3731010 8190652 4630829 4630580 8190652 5370841 8190857 8190961 1030292 1760973 4630200 8191023 4630200 4630200 3731002 3731002 1030282 1030638 3731023 1030282 1030200 1030292 7980973 1030857 3731023 1030282 7980973 3730200 1030292 7980973 1030928 3730386 1030292 7980973 1030928 3730386 1760973 1760973 8190652 1760973 1760973 3730004 8190857 10110857 8190896 6760481 3730004 8190652 4630200 1760973 3730877 9350743 3730646 4630829 3730420 3730700 8190646 3730004 8190942 3730004 3730877 4630282 8190857 1760973 4630282 8190646 8190829 4630829 8190857 8190652 3730004 3730404 9350601 8190687 3730601 8190829 7310646 1760973 6760857 4630200 4630386 8191023 4630200 8190857 4630424 8190857 5370960 8191023 9350601 1760973 8190200 4630200 1760973 8190646 3731023 4630282 4630200 1760973 1030638 4880973 1030638 4880973 4880973 3730200 4880973 1030282 4880973 4880973 1030282 4880973 7980973 1030638 7980973 1030292 7980973 1030638 7980973 5370200 1031010 4630282 8190652 8190961 8190646 4630937 4630200 250200 8190646 3730646 4630282 4630937 1030292 4630282 4630004 8191007 8190646 1760973 8191023 8190857 7090973 1760973 4630200 1760973 4630200 1760973 4630200 4630424 8190857 7310363 2370973 6660857 3730928 3731007 8190700 3730928 8191023 1760973 1760973 1760973 1760973 1031010 1030984 3730519 6350404 7980973 5370877 3730200 7980973 7310646 7310765 7310419 5110004 6350857 4880973 4880973 4880973 4880973 4880973 4880973 4880973 4880973 4880973 5370200 1030282 1030984 1760973 1760973 1030993 8190857 3730241 1760973 5371023 4630282 1030282 1030857 4880973 1031002 4880973 6770857 4880973 6770857 4880973 1030200 6760177 7310891 8190200 8190652 8190857 3730200 8190894 4630371 3730519 3230560 5370964 4630937 8190857 3731002 8190700 1760973 8190857 4630282 4630200 1030857 1030857 1030857 1030857 7310161 1030292 4880973 1030638 1030282 7980973 1030282 8190481 5370841 6760646 5370841 1030292 3731023 3730241 8190200 7310371 7310646 7980973 5370571 8190652 8190857 8190700 4630282 3731023 4630200 8191007 4630200 4630638 4630200 5370571 4630200 4630937 5370974 8190913 4630200 3390043 8190857 6760601 7310765 3730419 7980973 8190700 5370571 4880973 7310669 4880973 1030292 3731023 8190857 8190857 7310404 9350928 3731002 7310571 3730974 3730928 3730928 4630829 8190419 4630200 1760973 8190913 7980973 5370841 3731002 8190857 3731002 8190772 3731023
1760973 3731002 1760973 1030292 4880973 1030638 1030638 1030984 1030638 1760973 1760973 4630200 1030857 3731023 1030282 4880973 4880973 4880973 5370200 1030282 1031002 1030984 1760973 8190700 1030638 3730386 4630200 4720200 5370841 4630200 1031010 1030857 1030857 1030292 1030292 1030282 1030829 1031010 1030292 1030200 1030857 4880973 1030638 4880973 6770857 7310669 5370571 8190942 1030638 4630200 1031010 1030292 1030292 1030638 1030292 1030200 1030857 1030638 4880973 1030292 1031010 1030292 4880973 1030200 4880973 7980973 1030292 4630200 1760973 4880973 4880973 1031010 1030638 4880973 1030928 4880973 7980973 1030282 1030282 7980973 250200 8190519 8190519
3731023 4630200 3390043 3731023 6760857 8190560 3730386 3730422 5370200 3731002 7310669 2370973 6760973 6760857 1760973 3731002 4630200 4630200 3731023 3731023 1760973 1760973 3731002 1760973 4630200 1760973 4630200 4630424 4630200 1760973 3731002 3731002 1760973 3731023 3730241 4630200 3731002 7980973 3731002 5371023 3731002 3731002 1030282 3731007 3731002 3731002 1760973 3730241 7980973 3731023 3730646 3730200 3730928 4630282 1760973 3731002 3731002 3731023 3730241 1760973 3730646 3730200 3731023 1030993 3730700 3730241 4630200 1760973 3730928 3730043 3730043 3731002 3731023 4630200 3730200 3730646 3730043 4630638 3731002 3731002 3731002 3730420 3731002 3730241 3731002 3730200 7980973 7310560 3730422 1760973 3730928 8190857 3730241 3730700 1760973 3731002 1760973 3731007 3731002 3730700 3730241 1760973 1760973 1760973 3730419 3730386 1760973 3731023 8190200 3730043 3730043 3730646 1760973 6761023 3731002 3730200 3731002 1760973 3730646 3731002 7980973 3731002 3730200 1030282 1760973 7980973 4630200 3731002 6760857 4630200 1031010 3731002 1760973 8190857 1030857 3730519 7980973 1031010 5370200 8190857 3730200 1031010 3730004 3731002 3731002 3731002 3731002 1760973 3731002 1030282 7980973 8190200 3731002 6760177 4630200 3731007 3731002 3731023 1760973 3731002 3731023 1760973 3731002 3730241 3731023 3731023 3731002 4630200 1030857 3731023 3731002 1030984 1760973 7980973 3731023 1760973 4630937 3730386 3730200 6760481 3731002 6350857 3731023 3731002 3731002 1760973 5370200 3730519 1760973 3731002 3731002 3730772 3730646 3731002 5110006 7310371 3730560 3730928 7980973 4630424 3731002 3730241 6761023 4630043 7980973 1760973 3731002 7770857 1760973 1760973 2370973 1030292 3731002 3730241 3730200 3731023 3731023 4630386 1760973 3731023 3731002 1760973 4630386 8190857 1760973 4630200 3731023 3731002 3730646 1031010 8190481 3731002 5370200 3731023 3730241 4630200 3730974 1760973 4630200 3730646 5370974 1030984 3730004 3731002 4630424 3731002 3731002 5371023 3731002 8190857 1760973 1030993 1760973 8190857 8190200 3731002 1760973 6760646 1760973 8190857 1760973 4630424 7980973 4630930 3731023 8190857 6760481 5370071 8190481 1760973 8190200 4630200 5370266 8190404 7980973 6760877 10220857 3731002 8191023 8190857 8190857 8190857 8190419 4630386 3730241 8190857 6350857 4990857 6760857 5370200 3731002 8190857 3731023 3730765 7980973 8190969 8190200 4630043 4630200 3730241 8190857 4630200 3731002 8190857 8190857 3731002 5370043 7980973 8190700 6760857 5370571 6350857 5370371
3731002 4630282 4630200 4630424 4630200 1760973 3731023 4630200 4630930 3730646 3731002 1760973 1760973 3731023 7980973 1030984 4630200 5370841 1760973 1760973 1031010 1760973 8190857 4630200 3731023 4630282 1030282 3731023 3731023 5370974 3731023 1760973 4630200 3730646 4630200 4630200 4630386 3730646 1760973 1760973 4630200 3731002 4630200 3731002 4630200 8190857 3731023 4630386 8190857 4630424 4630200 3730420 8190857 3731023 1760973 1760973 3731023 7980973 4630200 1030993 1030282 7980973 7980973 1030282 7980973 5370930 1030282 4880973 4880973 1030638 1760973 8190652 4630200 8190857 4630580 4630200 250200 8191007 8190857 4630386 1760973 8190857 4630937 7310404 1030928 7310161 1030292 7310669 1030282 3730200 1030829 1030282 7310601 6760877 3730519 3730114 8190652 3730137 3730229 3730114 3730872 4630829 8190857 8190857 8190857 4630282 3731023 4630282 5370877 3730700 1760973 4630424 3731007 3730646 4630200 4630200 8190652 8190857 3731002 4630200 8190857 4630200 1760973 5371023 5370519 5370200 1760973 1030984 1760973 1030993 5370200 4630200 3731002 1760973 1760973 4630200 3731002 4630937 4630386 8190652 4630200 8190857 4630857 3730646 4630282 7980973 3731002 4630638 8190961 8191023 4630200 8191023 3731002 6760857 6760857 3730993 4630282 3730993 4630200 3730241 4880973 1030200 6770857 1031002 1030638 7980973 1030282 7980973 4880973 5370877 5370571 3730404 3730765 3730601 3731023 4630282 8190857 8190857 3730200 6760973 7770857 1760973 3730004 8190652 3730700 1760973 4630424 8190857 5370841 8190646 1760973 1760973 8190646 7980973 8191023 8190200 4630200 4630282 8190857 4630580 4630200 4630282 8190961 3730004 4630004 1760973 8190857 4630424 8190857 4630200 4630200 7980973 8190700 1760973 3731002 8190857 6660857 3730004 3731002 8191007 8190857 3731023 8190481 7980973 8190857 8190857 3730004 4630282 4630371 8190857 4630200 4630282 8190857 8190857 3731023 4630200 6760646 7310200 3731002 5370841 4630937 4630282 8190857 3730004 4630200 4630282 4630937 1760973 8190857 4630200 8190870 8190857 8190652 8191023 4630200 3731023 4630580 8190646 4630282 4630200 8191023 4630282 8190652 4630200 4630282 1760973 4880973 7310371 4990857 5370071 6660857 3730200 7980973 4630200 3731023 8190857 8191023 8190857 1760973 4630282 4630937 8190700 4630200 3731023 4630200 3730646 8190857 8191023 8190857 4630829 3731023 5370841 3730004 3731002 1760973 1030993 1760973 8190700 8190961 8190961 8190961 4630424 5371007 1760973 4630200 8190652 3731002 8190857 8190419 3731002 3730241 7310877 7310646 9350937 3731002 6350857 3730646 8190652 3731023 1760973 3731023 8190857 3730646 4630200 8190857 8190857 4630200 3731007 3731002 8190857 3731010 8190857 4630200 4630282
3731002 8190857 8190481 5370841 5370841 5371023 6760481 1030638 1031010 7790857 7980973 1030292 1030282 1030857 1030638 1030928 1030292 1030282 4880973 7980973 4880973 4880973 1030638 7980973 4880973 1030292 1030200 1030282 1030292 1030292 5370200 1030282 5370200 5371023 5371023 5370519 5371023 250200 251002 250200 251002 251002 3390043 1031010 1030292 1031002 4880973 1030292 1030292 1031002 1030292 1030292 1031010 6770857 1030993 4880973 2370973 4880973 1030857 1030200 4880973 1030292 4880973 4880973 4880973 4880973 7310430 7310700 3731007 1030877 7310601 1030200 1030282 6770857 4880973 1030200 1030829 1030282 1031002 5370200 1031002 250969 5370200 5371023 250200 8870043 4040200 1031002 1031002 1031002 4880973 1030638 1030292 1031002 1031002 250969
7310564 3730137 8190519 7790857 7790857 1030292 3730296 8190700 3950960 5370519 7310419 6760857 5370829 7790937 7791007 4630857 9710857 8190913 3950888 8190519 8190519
7310877 6760481 9350519 910857 8190481 8190519
520969 8190071 7090973 910646 9350993 910646 910646 910646 4040200
5370964 8190896 6660857 4040200 4040200 8190519 4040200 2760754 8190652 7310601 7310200 3700200 3700200 5371023 3951002 5370930 7310571 3731023 5370877 8190877 5370200
8190519 8191007 1030928 8190519 8190857 4630386 7791007 5370519 8190519 8190519 8190961 9040857 8190752 8190770 3950960 8870969
4630200 3930205 3700200 3700071 3700969 520857 8190857 7310877 730729 8870424 730928 8870969 4720363 5370743 9350930 6770857 7980973 4720363 8190200
3730519 3730296 8191007 2760646 7980973 7790870 4630857 6770857 8190519 7790857 7790857 7310430 7310601 2760961 7790961 4630386 520857
6760973 6760857 730928 6660930 8190646 8190404 1030993 4720363 4630200 8190857 8190857 8190961 8190652 3730700 8190857 8190942 8190646 8191007 7310601 8190857 8190857 9350519 8190519 8190700 8550857
3950888 8870770 3951002 8870969
null
