210
4630200 5371023 9350765 5371023 5370841 4630043 3731002 5370729 4630200 1030292 1030961 250200 1760973 4630580 4880973 1030292 3731002 7980973 1760973 4630200 1030282 3950043 3731023 4630200 5370841 3731002 1760973 1030292 1030638 1030292 5371023 4630043 1760973 4630913 250969 1030857 3730386 1760973 2370973 1030282 5370200 5370200 4630200 5370829 5370841 1030292 1030282 4630200 4630928 7790857 4630200 4630200 4630200 3730200 1030200 3730241 7310363 7980973 3731023 3730200 1030282 1030282 4630200 5370841 3950043 4630200 4630200 4630200 250200 1760973 4630200 4630200 1030857 1030646 4630200 5371023 5371023 4630200 3730646 4630200 4630200 5370043 1760973 4630928 1030993 1760973 4630200 5371023 4630200 5370841 250200 4630928 4630200 4630200 4630200 8190973 7980973 9350743 5370964 3731002 3730241 8190519 5371023 1030993
8190913 8870880 4630200 1031010 1030292 1030857 4630200 250200 4720200 3950729 7790841 9040969 9350937 730928 9350894 9350114 9350687 9350765 5370829 730928 1760973 4630200 1031010 1031010 1031010 7980973 4630200 4910200 4630928
null
null
null
null
3731002 3730419 8710767 8190770 8190770 10110857 230414 3230371 3731007 6350857 4720200 3250363 8190419 3730765 6350765 6760857 9710422 6760857 6760857 9350752 9710767 8710864 9350924 8190516 8190872 6350404 1030282 250930 6760601 8790857 6760700 9710770 8190937
3950371 7790741 9350560 4720519 9350646 9350924 9350580 8190961 4720857 3230857 3230857 8710857 3700857 9040961 8870580 7790913 4720841 4040424 730743
2760772 5370071 7980973 8190894 3730993 1030993 730741 3230205 6760700 3730004 7310669 4720363 5371023 1031002 1031002 1031002 1030961 5371023 250200 1030282 1031002 6760973 3730114 3730993 3731007 7310891 8190942 7310430 4630829 6760857 8190894 3730928 3730646 7980973 3731002 1760973 3730829 7310404 7310404 7980973 7310419 9350071 7310669 6350404 8190741 8190961 1030638 3950729 8190961 3950043 4630200 5370200 7980973 7980973 6660996 3730770 8190973 8190896 6760601 3730981 7310669 7310765 4880973
8190894 3731002 910200 9710205 9350071 8711023 3730770 8190973 7980973 7310430 10140652 7980973 9350071 9350700 9350894 8710864 9710864 6760177 9350114 4910200 3230205 6760942 8190859 5370200 3950729 4880973 4880973 1030292 7980973 1031002 250200 8190894 4720200 3730386 6760942 8190942 8190877 8190888 4630200 4630200 1030984 4630200 8190765 9350700 3730981 6761023 6350404 9350700 9350646 8190571 3730700 5230969 3930371 9350765 9710752 8710872 8190371 4630200 3730296 3730519 4880973 1030638 7310601 7310765 9350114 6350404 1030993 8190741 8190913 7980973 7980973 1030928 4880973 5370870 7980973 1030282 1030282 1030984 1031002 5371023 1030282 1760973 1030282 1030282 4720857 8190969 8190913 9350700 9350743 9711023
4630928 8190646 5370841 5371023 1030984 4630200 5371023 3731002 3730386 3731002 3731023 3731023 1030638 1030292 1031010 1030292 1031002 1030282 1030282 1030282 5370841 250200 5371023 5371023 1031010 4630200 1030984 1760973 1030984 5371023 5371023 1760973 1030282 1030646 5371023 5371023 1030984 1030857 1030282 1031002 1030993 1030984 250200 5370961 1031010 1030961 1030638 4880973 1030638 1030638 1030200 1031002 1030638 1030292 7310571 7310564 1030282 1030282 3730200 1030282 1030282 1030292 7980973 1030282 1760973 1030282 3731023 1030984 1030282 1030282 1760973 1030857 1030292 1030857 1030984 1030292 1760973 1030646
910741 4720200 3470580 3250363 3700752 3700422 8190880 9710580 4720519 3930560 910741 7790969 9710285 3700857 3950729 9711007 9710969 3700414 3390743 3470743 9710782 3470752 9710782 9710285 9710969 9710987 3470200 3950960 9710739 8710414 9710752 7790888 9710770 9710205 3470743 3700560 9710646 3230371 7790752 2760960 8190043
null
7790841 9041007 9710772 9710752 9710969
8191023 7790937 4910481 6760646 9710960 9710739 9710739 9710969 9710924 910928 9040969
9040580 3230371 8550519
null
3230371 3230560 8710767 3930364 8710767 5230969 9710071 8710752 4720964 2760580 3470752 3471007 8710646 5370071 250200 5370071 2760857 8190896 9710006 8190752 3470857 8190888 8190765
3390743 4630913 9040857 5370043 9350880 8190519 8710414 7310419 4630928 7310877 4630282 4630829 5370729 8870870 3250363 3730229 8190969 9040969 2760928 1940973 7310891
4630200 1030282 4630200 1760973 4630200 1760973 1031010 250200 730928 8190560 4630928 250200 7310891 1030282 4630371 8190973 3730765 4630200 4630928 6350857 5370752 3730601 6760765 8190960 4910200 3730601 1030282 6760646 2760969 8190770 8710772 8710770 2760770 8710752 3700770 8191023 9710729 2760687 7790841 3250857 3730601 8190942 2760752 730770 8710770 9710770 9710770
3731002 5370200 3950043 3950043 4720544 9710770 9350580 7310177 9350700 9350700 3470200 9040864 2760752 4720841 731007 9350765 8190937 7790913 730928 9350114 7310177 5370200 2760114 730928 8871007 5371023 4990930 8190765 3730765 8190646 5370743 7790894 6350891 7310877 3730200 7980973 1760973 4630200 7310363 3731002 7310161 6761023 4880973 7980973 1030282 1030282 1030282 1030993 1030282 7980973 5370841 3731002 8191023 3730646 5370200
5230872 8190942 8190888 8190937 2760770 3930205 9710872 5230969 3700770 2760743 8190741 8190560 9040857 3250363 8190880 230872 730743 9711007 3950371 9710739 7790687 4630071 3950960 9710960
9040857 4720841 2760580 2761007 3230560 8710770 2760580 3700770 9710752 3470580 9710770 3470752 9710923 910741 6660741 9710205 731007 8790891 3700770 3700743 3930364
7310635 7310635 7310635 7310471 7310635 7310635 7310471 7310471 7310471 7310635 7310471 7310635 7310471 7310635 7310471 7310471 7310471 7310635 7310635 7310471 7310635 7310471 7310471 7310635 7310652 7310371 7310652 7310652 7310471 7310471 7310471 7310471 7310471 7310471 7310471 7310471 10140652 7310635 7310471 7310471 7310471 7310635 7310471 7310471 7310471 7310471 7310635 7310635 7310471 7310471 7310571 7310471 7310471 7310471 7310471 7310471 7310471 7310471 7310471 7310471 7310471 7310471 7310471 7310471 7310471 7310471 7310471 7310471 7310471 7310471 7310471 5110471 7310471 7310652 7310471 7310266 7310471 7310471 7310471 7310635 7310471 7310635 7310635 7310471 7310471 7310471 7310471 7310471 7310471 7310471 7310471 7310635 7310471 7310471 7310471 5110471 7310635 7310471 7310635 7310635 7310471 7310471 7310471 7310371 7310471 7310471 7310471 7310471 6270652 7310471 6270652 10140652 10140652 7310471 10140652 7310471 7310471 10140652 7310471 7310471 10140652 7310471 7310471 7310471 7310471 10140652 7310471 10140652 7310471 7310471 10140652 7310471 7310430 7310471 7310471 7310471 7310471 10140652 7310471 7310471 7310471 7310471 10140652 5230857 10140652 7310471 7310471 7310471 7310471 7310635 3730741 7310652 7310471 7310471 7310471 7310471 7310471 7310471 3730877 7310471 7310471 7310471 7310471 7310471 7310471 7310471 7310471 7310471 7310471 7310471 7310471 10140652 3731002 7310471 3730993 7310114 3730419 10140652 10140652 7310560 7310471 7310471 10140652 10140652 7310601 6270652 7310371 7310266 7310471 7310652 7310471 7310471 7310471 7310471 7310471 7310560 7310652 6760765 7310471 10140652 7310471 10140652 10140652 7310471 7310471 7310471 7310471 7310114 7310471 7310560 7310471 3730993 10140652 10140652 3730993
7310471 7310471 7310266 7310266 6270652 5590652 5110004 6270652 6270652 5110471 7310471 5110471 5110471 5110471 5110471 5110471 5110471 5110560 5110471 5110471 5110471 5110471 7310471 7310471 7310471 5110471 5110471 5110471 6270652 5110471 7310471 5110471 5110350 5110471 5110471 5110045 5590652 5110471 5110471 7310471 6270652 5110006 7310471 7310877 6270652 6270652 7310829 6270652 6270652 6270652 6270652 5110350 6270652 7310371 5110471 6270652 5110045 6270652 6270652 5110045 6270652 5110004 7310877 6270652 6270652 6270652 6270652 6270652 6270652 5110045 5110471 5110006 5110471 5110006 5110471 6270652 5110471 6270652 6270652 6270652 6270652 5590652 6270652 6270652 7310371 6270652 7310371 6270652 7310266 6270652 5110350 5590652 6270652 5110350 5110006 5110471 5590652 6270652 6270652 7310471 5110471 5590652 6270652 6270652 5110471 6270652 5110471 5110471 5110471 6270652 5110471 5110471 5110471 5110471 7310471 6270652 5590652 6270652 5110045 5110006 5110471 7310829 5110350 6270652 6270652 6270652 5110471 7310371 5110560 6270652 7310471 7310371 5110045 7310371 6270652 7310114 7310371 5110471 6270652 5110471 7310571 5110471 5110471 6270652 5110471 5110471 5110471 1940652 5110006 5110652 1940652 7310471 5110471 5110471 1940652 5110471 5110471 5110471 5110471 5110471 7310371 7310471 5110471 7310471 5110471 5110471 5110471 7310471 5110471 7310471 5110004 1940652
5110004 5110004 1940973 5110006 5110812 5110004 5110350 5590652 5110350 5110004 6270652 5110004 1940973 7310419 7310419 5110560 6270652 7310571 5110350 7310371 1940652 1940652 7310829 7310765 7310571 1940652 5110471 5110471 1940652 5110560 5110471 5110560 1940652 5110560 5110004 5110006 5110652 5110652 5110004 1940973 1940973 5110812 5110004 5110006 1940973 5110004 7310652 1940652 7310419 7310652 5110652 5110560 5110560 7310652 7310419 5110560 5110006 5110004 5110004 5590652 6270652 5110004 5110004 5110350 5110004 5110004 5110652 5110652 1940973 1940973 5110560 1940973 1940652 5110004 7310371 5110560 5110560 5110006 5110471 5110006 1940973 5110004 5110812 7310652 6270652 7310829 5110471 1940652 5110471 6270652 7310471 7310652 7310419 5110812 1940652 1940973 5110471 1940973 1940973 1940652 5110004 5110812 5110560 5110004 5590652 7310652 6270652 5110471 7310471 7310471 5110471 6270635 7310652 7310266 6270652 6270652 7310419 5110350 7310471 7310371 7310571 5110045 7310471 6270652 7310371
7310471 7310471 7310471 7310471 7310471 7310471 7310471 7310471 7310471 7310471 7310471 7310471 7310471 7310652 7310652 7310471 7310471 7310471 7310471 7310471 7310471 7310471 7310471 7310471 7310471 7310471 7310471 7310471 7310471 7310471 7310471 7310471 7310471 7310471 7310471 7310471 7310471 7310471 7310471 7310471 7310471 7310471 7310471 7310471 7310471 7310471 7310471 7310471 7310471 7310471 7310471 7310471 7310471 7310471 7310471 7310471 7310471 7310471 7310471 7310471 7310471 7310371 7310471 7310471 7310471 7310471 7310471 7310471 10140652 7310652 7310700 6270652 7310266 7310471 7310471 6270652 7310471 7310471 7310471 7310471 7310471 6270652 7310471 7310560 7310471 7310471 7310471 7310404 7310652 7310471 7310471 7310471 6270652 7310471 7310471 7310471 7310471 7310471 7310471 7310471 7310471 6270652 7310471 7310471 7310471 7310471 7310471 7310471 7310471 7310471 7310471 7310471 7310471 7310471 7310471 7310471 6270652 7310471 7310471 7310471 7310471 7310471 6270652 7310471 7310471 7310471 6270635 7310471 7310471 7310471 7310471 7310471 7310471 7310471 7310471 7310471 7310471 7310471 7310471 7310471 7310471 7310471 6270635 7310471 7310471 7310471 7310471 7310471 7310471 5590652 7310471 7310471 7310471 7310471 7310471 7310471 7310471 7310471 7310471 6270652 7310471 7310471 7310471 7310471 7310471 7310471 7310471 7310471 5590652 7310471 7310471 6270652 6270652 7310471 7310471 7310471 7310471 7310471 7310471 7310471 6270635 7310471 7310471 7310471 7310471 7310471 7310471 7310471 7310471 7310471 6270652 7310471 7310471 7310471 7310471 7310471 7310471 7310471 7310471 7310471 7310471 7310471 7310471 7310471 7310471 7310471 6270652 7310471 7310471 7310471 10140652 6270652 10140652 7310471 7310471 7310471 7310471 7310266 7310471 7310471 7310471 10140652 7310829 7310471 7310829 7310471 7310371 7310363 7310371 7310471 7310471 7310471 7310471 7310471 7310471 7310765 7310700 7310601 7310471 7310471 7310471 7310471 7310471 7310471 7310471 7310430 7310471 7310471 7310471 7310471 7310471 7310471 7310471 7310471 7310471 7310471 7310700 7310829 7310471 10110857 7310471 7310471 7310471 7310471 5590652 7310471 7310471 7310471 10140652 7310471 7310471 7310560 5590652 6270652 7310471 7310471 7310371 7310471 7310471 7310471 7310471 7310371 7310471 7310560 7310419 7310371 7310371 7310571 5590652 7310471 7310404 7310471 7310471 7310471 10140652 10140652 7310601 7310471 7310471 7310471 7310471 7310471 7310471 7310471 7310471 7310471 7310471 7310471 7310471 7310471 7310669 7310471 7310471 7310471 7310471 7310471 7310471 7310471 7310471 7310471 10140652 6270652 7310471 7310471 7310471 7310471 7310371 7310471 5110471 7310471 7310471 7310877 7310161 7310652 7310371 7310652 7310471 7310471 7310471 7310471 7310471 7310829 7310404 7310371 7310652 7310371 7310471 7310652 7310471 7310471 7310471 7310371 7310560 7310471 7310471 7310471 7310471 7310471 7310652 7310601 7310266 10140652 7310877 7310652 7310471 5590652 7310471 7310471 7310419 7310471 5590652 7310471 7310652 7310471 6270652 7310471 7310652 6270652 6270652 7310571 6270635 7310652 7310471 7310635 7310471 7310471 7310266 7310471 7310652 5590652 7310829 5590652 7310471 7310652 7310471 7310471 7310471 10140652 7310371 7310652 6270652 7310471 7310471 7310371 7310652 7310471 7310652 7310471 7310471 6270635 7310471 6270635 10140652 7310829 6270652 6270652 7310371 6270652 7310371 6270652 7310471 7310471 7310652 7310471 7310652 7310652 7310371 7310471 1940652 7310652 7310652
7090973 7090973 4630004 7090973 8190371 8190872 8190872 8190880 5370770 8191023 7790857 8190646 8190043 8190880 8190870 2760857 8190770 2760857 8190812 8190519 7790857 8190043 7790857 8190519 8190930 8191023 8190741 8190741 9710930 8190930 8190496 9350888 8190888 8190888 9350752 9710743 9350743 8190752 4630200 3730071 8190371 3730993 2760960 9350743 8711023 8190888 9710071 8710767 9350888 3230857 3930857 3250857 8190969 3470987 9710930 2760752 3950960 9350964 5981023 9710920 5981023 8190964 5370888 5370772 3730888 5370071 3470752 9710923 3730004 3730004 8190960 7980973 5370043 8190772 230767 2760960 2760770 1760973 3730580 3730004 8190752 8190496 8190930 8191023 250930 8190870 8190496 8190870 7790857 4720964 9711023 8190969 8190071 8190741 7790857 8190960 3950371 7790857 8190741 8190043 8190770 3470857 8190071 2760920 5370580 230920 230767 8710930 8710580 8710857 9711023 8710864 8190741 9710857 9710857 8190422 8190741 8190770 8190071 2760857 8190752 730205 8190043 9710752 9710752 8190896 8190930 8190896 8190894 8190960 6350857 1760973 3730004 7090973 3730004 2080770 9710200 8710930 8710519 8190752 8710767 8190888 9710857 8190872 8710930 2760741 8711023 9350741 9350870 9350560 9350741 2760964 230414 8710857 8190741 6350857 8190741 9350071 8190071 8190964 8190371 8190896 9710857 2760960 8190896 8190770 8190930 7980973 3730741 8190422 9350071 8710857 8190752 1760973 8190812 9350646 9710200 9350741 9710857 8190960 8190960 8190770 9710006 8190071 3950371 8190812 9350930 3730004 3731002 3730560 8190422 7090973 8191023 7090973 8190560 8190560 8190880 5370729 5370752 8190930 8190646 8550857 4630913 3950870 4630928 9350043 8190870 4630371 4630928 8190646 8190870 4630928 3950870 8190870 3730241 8190741 8190870 5370930 9350743 9350930 7980973 9350752 9350930 8190071 7980973 7980973 3731002 2760857 8190043 8190496 8190646 8190646 8190519 3950371 8190872 8190870 8190741 3730646 4880973 1760973 4630913 7090973 4630913 7090973 4630928 8190646 5370841 9350930 9350930 9350741 730857 730960 9710043 8190516
7790560 7790937 7790857 7790937 7790841 5231023 7790841 7790857 3700205 8870560 3470200 3700752 7790964 8870560 7790913 3470857 7790841 5370043 2760646 2760928 8190870 6660880 730857 730580 730796 730964 730870 730646 7790580 8870043 7790043 7790043 7790841 7790913 7790580 2760928 2760870 2760928 9040870 3700772 2760646 2760928 8870772 7790857 730857 7790857 9350964 3470580 9711023 3700205 7790841 7790743 8190913 8870422 9040043 8870424 4720363 7790518 8870043 8870580 730996 730930 730743 8870580 8870580 2760580 2760646 8870580 2760371 8870741 9711002 8870422 4720371 8870741 4720544 7790937 7790913 4720841 7790937 9040580 9040580 9040580 9040580 4720363 3470580 4720841 7790888 3470872 9040969 9710924 910371 910519 9710371 2760371 8870880 3470205 9710739 9710969 3470205 8870043 730422 731007 730422 6660880 2760422 2760857 2760422 2760930 2760772 7790519 2760646 2760371 8871007 731007 2761007 731023 730888 730928 9350043 9350752 6660043 730870 6660580 4990043 730960 730200 2760580 730752 730071 9350071 730857 730646 9350043 5370043 8190516 2760870 6660580 2760580 6660580 9350580 8190770 8190973 8190646 8190043 9040580 730812 730043 730772 730006 730772 730043 7790580 8870580 7790937 7790937 3700772 9710741 8710864 8190571 3700870 3700560 4720363 8870870 8870870 3470200 9040864 8550519 7090973 7090973 250930 1030646 5370752 9711007 9710006 3470872 7790937 8870043 8870580 7790580 2760964 8190687 8190896 9710969 8710864 4720964 3730580 1600973 4631010 3730646 4630913 4631010 5230930 4990857
2760422 730519 5230969 230414 9710996 9710741 730969 8870741 9710969 4720741 3470580 730043 730580 230350 730006 2760043 8870880 7790857 7790687 7790937 7790516 8870043 7790043 7790043 7790857 7790913 7790841 7790964 3470043 2760924 7790937 7790741 7790841 9710371 2760872 2760371 3470414 7090973 7090973 7090973 7090973 7090973 7090973 7090973 7090973 7090973 7090973 7090973 7090973 7090973 7090973 7090973 7090973 7090973 730580 6660560 730580 730560 730888 8870043 7790888 3470043 730743 2760646 2760743 2760071 2760071 2760043 8870772 730006 730043 730043 2760006 7790894 7790857 8190519 7090973 7090973 8190964 2760006 7790870 7790743 2760646 2760928 2760422 7790894 2760924 2760043 7790743 4630371 7090973 4630638 7090973 9710857 8710043 2760741 2760772 2760516 2760371 2760894 9710519 8190772 7090973 3730004 3730004 4631010 3730004 7090973 7090973 7090973 3230857 3230560 2761007 2760516 730880 2760857 3730004 3730004 9710200 3230212 730857 730371 3230212 3230422 731007 3471007 910519 9710729 9710969 2760043 2760920 7790741 2760043 2760741 7790888 2760770 2760952 3470043 7790516 7790516 7090973 7090973 7090973 3730004 7090973 7090973 7090973 4630004 7090973 7090973 7090973 4630638 7090973 4630638 3730004 3730004 8190043 3250857 8190964 730894 730928 6660996 730894 730796 730580 730964 730894 730371 730752 6660422 6660880 730888 730519 6660930 730857 730930 730200 9350580 730870 730924 730200 730752 730928 6660580 730928 730880 9350937 730560 9350752 9350743 8870741 8870422 8871007 3470200 7790937 730560 7790580 8870580 3470580 9040580 3730386 7311010 8190973 7790841 8190646 5370741 5371023 250930 8190870 910928 3700960
7790857 5370752 4630371 8190920 8190741 8190770 5370071 730857 8190930 5370043 5370071 7790857 3731002 250930 8190646 5370741 230872 5230930 6660560 9350888 9350743 9350930 8190930 5370888 8190772 2760741 8190772 8190870 8190930 3250857 8190829 8190894 9350043 2760969 9350894 8190930 8190930 8190888 3700857 9350930 9350114 3730993 9350930 8190043 8190519 8190043 8190930 8190422 8190930 8190888 3731002 7980973 3731002 8190772 5370888 8190770 8190930 5370071 9350888 8190043 250930 9350894 9350743 8190969 8190896 5370071 5370930 3731002 3730043 3731023 3730924 3730770 5370752 3730993 5370964 8190496 8191023 8190646 3950870 8190043 250930 8190043 8190519 8190043 3950043 5370743 3731002 5370071 9350741 5370071 5370741 730857 4630930 5370743 230857 5370071 5370071 730857 2760964 730857 5370964 8190772 5370888 8190772 5370752 8190646 1760973 1760973 3730004 1760973 4630043 3950043 250930 5370043 8190770 8190071 8190930 8190646 8190930 8190960 8190888 9710857 8190752 8190770 5370743 8190969 8190961 8190888 9350687 9710857 8190942 9350924 8710857 9350071 8710857 8190371 9710857 8190872 8191023 8190937 8190870 910200 5370961 8710770 8190770 9710770 8190752 8190942 8710857 5230857 5231023 8710857 3730004 6760857 250930 250930 8190942 8710043 9350888 9350114 8871007 8190888 8190812 4720857 8190006 8190646 7790741 8190371 3950960 8190043 8190646 8190872 8190872 9040872 3950371 8190872 7790857 8190646 3950043 8190752 9350743 8190752 5370741 8190770 8190960 7790770 8190043 7790857 8190519 9710752 8710857 8190770 9710752 8190752 8190960 8710770 8190770 9710857 3470752 3470752 8190888 8190770 3730888 8190071 8190894 9710857 3470857 8710857 3470857 2080770 2760857 8190894 9710752 8190770 9710857 9711023 8190960 3470923 2760857 7790857 8190043 3470857 8190888 5370071 8190770 9710857 8190752 8190960 3730770 2760857 2760960 3930857 9710729 8710646 9710857 9710857 9710743 3700960 3700960 3700857 3700752 3700743 3700960 3700857 3731002 3730993 3730993 8190770 8710857 8710857 8711023 9710350 9710864 8710414 9710414 9710864 9710864 9710864 9710864 730741 8710930 8190872 2760371 2760371 2760872 2760371 2760371 2760371 9710930 230006 2760371 2760870 2760580 2760006 2760924 2760580 730580 730580 730580 2760580 2760580 5370580 2760964 2760043 730888 2760964 3470580 7790770 230504 9711023 9710519 3470580 4720964 9710888 9710987 2760752
9710371 9710960 9710422 5230422 9710422 3470857 3730004 3730519 6760857 5370741 9040580 9710200 3230560 9350043 5370043 730043 230857 5230422 6660212 3470205 9710371 2760371 5370964 2760350 9711007 230767 5370580 8710743 2760743 5370743 230857 230857 230857 230414 730812 8190043 230857 730043 730580 8870580 8870580 5370580 7790580 7790580 2760646 7790841 7790937 8870580 9350646 3950371 3700772 9040772 3700888 3700422 910200 3930796 3730872 3730646 8190880 3700857 8710752 9710071 8710043 3230371 730969 730371 9350560 8190422 230924 2760422 730580 3730580 3731002 9350043 8190969 8190043 2760857 7790888 8870422 8190371 5370930 5370071 8711023 8711002 730560 730752 9350043 8190960 9710930 3700752 9710880 9710872 9710496 9710770 3470200 910857 8190496 7790857 8191023 3950043 3950043 9710930 9710857 8190894 9710857 8190006 3470857 8710752 3470422 2760857 230872 230414 3730580 3730071 5370770 8710043 9710923 9710739 3470200 9710575 9350560 8711023 9710930 9710200 3730004 8710752 8710857 3470200 5370043 231023 2760857 2760872 7790371 2760752 7790857 5370741 8191023 8190772 8190043 8190519 5370071 8190937 9040772 7790937 230809 8710752 8710752 8190071 3730004 8190973 5370371 8190043 9350741 8710864 9710752 5230930 230857 3730004 8190930 8190646 9710200 9350422 9710205 3700888 4630928 3730993 4630580 8191023 8710414 230414 730422 9711007 2760896
8711023 3950371 9350741 910043 9710371 9710752 3470504 3930212 9710371 730043 5370580 5370043 5370043 2761002 2760930 250930 7790857 7790857 8191023 7090973 7790841 7790841 7790969 9040857 8711023 9711023 8710930 8710857 3730770 3730071 8190880 8190942 730996 8710422 3700857 8190496 8190880 8190770 8190371 8190741 8190894 8190960 8190960 9040857 8190770 4630857 3730646 3730646 3730646 8190770 8190770 9710770 3470857 9710920 8190964 8190888 2760646 8190888 3700519 9710930 9350071 3700857 2760857 8190071 9350560 3470857 8190560 7790857 8190937 3471023 3470422 7790770 7790857 7790857 8550857 8190772 7790894 8190043 8190071 8190913 8190043 8190942 8190964 7790857 3950043 7790857 3470200 9710996 9350924 9350422 3730580 4630071 3730580 8190560 8190043 8190870 2760516 8190772 2760809 9710496 8710519 4720741 9710743 3470743 8711023 9710743 9710743 8870422 3700580 3470200 8190519 8190519 8190752 8711023 4630928 8190770 8190752 2760952 9710930 8190752 7980973 5370841 6660930 730960 8710930 9710739 8190930 3470857 2760743 3470857 3470752 8190960 8190960 9710770 3730993 3730004 3731010 3730993 3730993 9040870 9040870 3470857 8190870 8190913 9350964 9710888 8190894 2760896 3950870 2760870 2760870 2760870 8190870 5370870 9350930 3731002 8190896 3730580 8190896 6760857 8190516 3730993 8190071 8190371 8190913 8190937 8190646 8870741 8190812 7790857 2760857 8190937 8190930 8190752 8710857 8870424 7790969 7790841 5370841 7790857 7790969 8870424 7790857 5370580 5370930 8190880 8190930 8190880 8190913 9040969 7980973 9350930 9350422 3700870 8870870 3950960 8190913 3730770 8190519 8190752 8190960 7790770 5370930 5370752 8190752 7790857 8190960 3950960 8190770 3730004 8190960 7790770 8190770 730857 5370752 2760857 8190770 8190770 7980973 5370752 8190960 3731002 7980973 7980973 5370770 8190519 8190964 8190913 8190496 8190496 3950043 9040857 3730386 3731002 9350580 8190930 8190646 7980973 9350580 6660930 6660930 6660043 3730371 7310371 3730519 2760857 8190913
730924 910371 9710772 9710739 9711002 9710864 3700772 8710772 8710043 8710772 9710772 910772 910772 910371 3700770 9711002 3700422 9710646 8870741 7790969 7790961 8870741 8870741 8870741 730741 8870924 8870924 9710006 9710006 8870741 8870580 5370580 5370930 9350930 4990930 5370930 4990930 5370729 730857 5370729 8190772 3470200 6660930 5231023 3230857 9350924 8190752 9711023 3950960 9711007 4720200 4720857 3731010 3730646 3730004 3731002 3731007 8190752 8190496 8190770 8190930 3730770 3730646 4630371 4630930 8190960 4630580 4990857 4990930 4990930 5370752 730857 5370371 3250857 730770 730996 9350422 2760870 730422 9350422 9350743 3730888 7310560 3730743 3730200 3731002 3731023 7980973 3731002 5230930 2760741 2760930 2760857 2760857 2760857 2760687 7310114 7980973 5370729 7980973 3730580 7980973 5370930 7980973 3730580 2760930 9350930 10110857 5370930 7310371 3730043 3730993 5370741 5370752 730857 8710930 7980973 9350888 7310560 2760857 5370071 3730241 2760930 2760930 8190772 8190772 1760973 3730519 3730646 3731023 3730043 3731002 9350930 3731002 3730004 5370071 731007 5370930 7980973 730930 9350580 9350580 2760752 9350930 3730580 3730741 8190516 5370741 3730924 3730870 8190930 8190960 2760857 8190770 5370752 5370770 9350752 8190752 5370743 8190519 7790857 8190646 9710923 9710741 1030292 1030857 2760857 3730770 3730993 8190960 9710580 9711023 7790937 3470200 9711023 3470752 3470414 8190752 3730004 8190960 8190752 3730004 2760422 2760752 9350580 5370580 2760857 5370752
3470580 9040580 8870580 8870880 520857 9040857 3700857 520857 3700857 520857 910857 520371 520371 910043 8870772 910043 3700580 8870772 3700772 3470772 3700960 3700770 9710729 9710752 3470752 9710646 3470752 3470987 3700770 9040969 910741 3470772 910772 910772 8870741 7790371 8870772 7790752 7790371 7790371 7790937 7790961 8870772 8870772 8870772 8870772 8870772 8870560 7790741 8870772 7790752 3470772 520371 520371 520371 520371 520371 7790371 7790371 7790752 7790913 7790371 7790371 9040772 8870741 8870741 7790371 3730371 3731002 8190960 8710930 2760743 2760743 2760743 8711023 9710729 3470743 3731023 4630930 8190752 9350043 8710930 8710930 8710857 8190071 7790770 7790924 7790729 8190964 7790969 7790770 3470043 7790560 9710071 9710872 3470772 9710920 9710006 7790888 7790924 3470200 730071 730205 730770 910928 8870580 5370841 8870741 7790580 7790841 7790937 5230422 3730993 9710857 8190741 9710205 3470987 3470857 7790371 3470743 3470743 9710920 9710920 3930371 9350743 8710743 8190560 3730872 3730560 8190043 8190071 8190371 2080770 2760894 2760857 5370741 2760857 8190930 8190894 1760973 8190646 8190913 5981023 3700928 8710743 9710782 9710770 8710767 4990043 730071 5230646 9710924 3700770 8710414 9710414 8710414 2760930 2760964 8870043 8870580 9710923 3470580 9710964 8710043 8710043 2760043 3470200 730870 730928 3730743 3730928 3730580 9710580 3730993 8190960 3700580 730560 9710580 8870580 8710580 9710580 8870580 8870580 9350580 730857 9350580 9710580 9710930 230872 230006 730371 6660580 9710371 730043 8870580 2760924 8870580 2760006 9710580 7790580 3250857 3730928 9710580 9710580 3470580 4720964 2760580 2760580 6660422 3700519 730743 730770 8710580 3700580 9710770 8710646 9710071 3470580 9040857 3700857 8190812 9710741
4630930 8190973 8190930 5370888 8190888 8190960 8190888 8190964 7790857 2760857 2760964 8190964 3471023 9710414 7980973 3730519 7980973 6760973 5370200 2760770 2760006 8710752 9711007 9711007 4720857 3471023 8190741 8190937 3700741 9710770 9710752 9710496 8710752 3700960 3700770 9710888 9710741 3470200 8870772 8190770 8190964 8190770 8190496 3470414 8190371 6760857 9711023 8190741 9710496 9710646 3470200 8190964 8190770 9350071 8190752 7790857 8710414 230872 5370961 230924 731007 230414 8190741 230872 2760960 3230371 2760371 4720857 8190812 7790857 7790752 9040043 9350888 9350888 9350752 3470743 730930 9710930 9350580 9350741 9350930 8190930 7790772 230857 8711023 2760952 2760743 3470200 8190646 8190770 7790857 8191023 7790857 8190913 8190752 3950960 8190960 8190741 3950043 9711023 2760071 9350071 9350043 730812 730960 8710857 730071 730888 731007 8710770 3470752 730205 6660560 2760006 730770 730560 230006 230560 230504 2760960 7790752 3470987 3470752 8710752 9710888 9710864 8710043 9710743 2080770 9710770 3470752 2760770 9710371 8710422 3700205 9040857 2760205 2760205 2760930 2760928 2760964 9350964 5370964 2760580 2760857 2760580 2760857 8190930 4630930 2760857 2760930 2760857 2760770 2760930 2760741 2760516 230741 2760422 2760857 2760857 2760580 2760924 7790770 7790841 2760560 2760646 7790519 7790519 7790519 7790841 7790857 7790857 3950043 3950043 7790857 7790857 7790857 3230371 9350870 8870282 2760770 2760741 8190752 8710580 8871007 8710857 4630282 7090973 9710857 2760952 2760857 9710752 7790741 7790857 7790857 3950043 7790857 3390743 3390743 9040857 3950043 7790964 3950043 7790857 3950043 7790841 7790857 7790857 7790857
3950043 7790518 7790937 7790913 7790043 8870741 8870741 9040857 7790043 3950043 7790841 8870043 8870043 7790937 8190741 2760741 3950924 8190043 4630930 8190930 7090973 7790857 8190043 9710741 3250857 3230857 8710752 8710770 9710770 9710767 9350924 7090973 910741 520371 9710743 9710969 5370841 3470200 3470743 3390743 730646 7790841 3700043 9040580 3700422 8870924 3700580 8710580 3700580 9710782 3731010 3731010 3730268 730560 8190930 8190772 7790516 2760767 7790752 7790857 7790888 3700752 8190043 8190496 9710930 9710422 3730993 5981023 9710996 9710414 9040580 9710422 3470924 9710924 3700752 8710646 9040580 3700770 9040969 4040200 910043 9040043 6660930 6660930 730930 730928 3700043 8870580 7790841 3471023 3730004 4630638 3730004 4630638 7090973 8190973 230872 230872 8190930
7790857 6660043 230857 8710422 9710930 9710987 8710767 8711002 3470422 9350071 9710743 9710924 3700752 7790857 730964 8710743 9711023 2370973 3731023 3731023 3731023 1030282 1031010 1031010 1031010 1760973 8191023 3950043 3470043 2760071 2760894 2760071 8710043 8711023 2760071 7980973 2370973 2370973 2370973 2370973 3730386 7980973 3731007 8190770 8190973 8190913 8190496 2760857 7790743 2760896 2760743 7790894 7790964 7790894 7790687 7790894 7790516 8190896 7790516 7790687 2760646 7790770 7790913 7790752 3471023 7790743 7790894 8190516 7790743 7790841 7790937 7790519 7790687 2760770 2760964 7790770 2760646 8710743 3730200 2370973 2370973 4630200 1760973 9350752 3470200 3700519 3700519 3700752 3700960 9710996 3470422 9710770 3730004 3730241 8190687 8710519 9710920 3730386 2370973 1031010 2370973 7980973 5370752 1760973 8190071 8190888 7790888 7790857 7790894 7790894 3470043 2080743 2760743 5370964 5370772 7790516 8710422 7790516 730894 3700960 9710205 9710729 9710371 8710646 7790741 3950043 3950043 7790857 2760071 3930796 9710930 8870741 3930371 730924 9710743 2760560 9710071 9710782 7790752 3470200 8190770 9350741 730200 9710527 3470285 4880973 3730268 4630043 8190687 2760687 2760071 7790888 2760687 2760114 3470743 3470743 7790743 7790888 7790743 2761007 2760857 9710043 9710772 5231023 8190960 730880 8711023 8870043 3470200 2760071 8870043 3470043 5370743 910043 7790888 7790888 730960 910043 730888 7980973 7980973 3730004 3730004 7980973 7980973 9350888 3470752 9710770 9710920 9710920 7790888 9710743 9710752 8710752 9710071 9710888 2370973 8710519 730770 9710422 230496 2760894 2760894 8710422 8710743 8710930 2760969
9040857 9040857 9040857 9040857 9040857 8550857 2760043 8870741 3700205 8870282 4720841 8870424 3730924 3730004 7090973 3730004 8190812 4630371 9040857 3471023 2760741 5370741 2760043 5370043 7790937 9040580 9710527 9040580 3471007 4720200 8870560 2760006 2760422 2760741 5231023 5230422 9350924 9710739 9710205 9710996 9710575 1760973 8190888 8710864 730888 1760973 5370741 9350888 9710422 9710996 5230872 9710371 5231023 3730422 7090973 5231023 8190752 9041007 8190913 9040857 8190896 9710770 3700743 9710888 9710960 9710496 3470205 3731007 3730004 9710371 9040580 9040580 7790857 2760414 2760741 9710371 2760924 9710857 2760857 2760857 3470924 9710350 9710496 9710752 3700580 9710752 3470752 8710646 7090973 8190812 8190519 8190646 9040580 9040580 7790770 7790894 7790913 7790741 7790913 7790741 7790741 7790752 7790888 7790687 8190942 8190896 8190516 8190006 8190516 8190687 3470200 7790857 5230969 8711023 2760071 2761007 9710920 5370770 2760350 3470200 2760114 9040857 9710422 6660304 6660930 730212 6660560 7790924 2760924 9350741 3730004 3730004 3731010 3730004 3730872 9710960 3230371 9710422 3471007 3470414 2760741 3250857 730371 730796 6660880 6660880 2760928 6660561 9710880 3700741 3470504 9040857 3470924 9710872 3470872 9710006 8190812 8190006 8190913 4720741
3700560 9040580 7790961 7790841 3950870 7790518 7790937 9040580 3950043 3700888 7790937 2760870 8870870 9040870 7790743 7790937 7790841 3950371 3950924 8870560 8870741 7790371 7790371 8870870 9040580 8870924 7790741 7790937 7790937 7790371 8870924 7790937 8870560 3950371 7790857 8870741 7790857 8190741 8190371 8710646 9710872 9710371 2760924 9710864 9710987 2760770 8710422 3470743 7790743 3730743 3730741 3730924 3730741 4630580 3730993 4630200 7790937 8870741 8870924 7790937 4720841 8870924 8870560 8870422 8870870 2760928 6660422 730422 9040580 3470200 9710741 3470422 3700743 2760952 230496 2760205 2760371 2760928 8870741 2760560 2760006 2760924 9710006 8190870 8190560 9350646 9350964 7790964 2080743 9710770 9710920 8190752 8190913 8870580 8870518 8870580 7790729 3930371 5230969 8710414 9711002 5230872 8870741 8870741 8870424 9350741 730857 9350924 9350937 9350924 8870043 730212 730371 730741 9350741 730580 730200 730964 730580 730880 8870422 730894 730928 6660741 6660580 8871007 6660043 730928 730043 730519 730928 2760741 6660996 730752 730752 2760928 8870205 730200 730743 730870 730812 730371 9710752 730770 730857 9350930 730857 3230857 730741 5230646 730924 2760870 730414 230414 6660741 2760924 2760114 5230646 2760924 2760006 8870424 8870043 7790741 8870741 7790729 3470200 8870924 3470200 7790729 9711023 9350937 9350888 8190071 8870741 3930560 8870924 8870424 3950371 7790580 7790741 7790937 2760928 9710923 3950960 8190930 8870741 730519 230741 730924 230414 9710414 6660741 2760870 2760743 2760646 2760043 8870422 2760928 2760414 7790841 730770 8870043 7790580 3470200 9710422 6660930 6660460 9711002 730960 730043 6660043 9350043 9350043 3730993 3730993 3730993 730969 910371 3930880 910928
2760924 2760752 2760924 9710371 9710864 730752 2760580 2760371 2760741 5370841 2760741 9710006 5230872 9710519 8710767 730772 730770 730752 8870580 8710580 4720580 2760580 2760928 5370841 5370752 2760580 7790580 7790841 9710580 7790580 9710739 8190770 5370580 9350741 8190741 2760770 9710414 2760770 2760924 9710741 9710371 3730004 9350930 8870741 230741 9710350 9710741 3730560 5370043 8190930 5230930 2760560 6660460 730924 9710864 730580 8710580 9710071 2760930 2760687 8870741 4630930 3731002 7980973 8190960 230504 9710043 730043 730043 2760043 9710752 730741 910519 8190964 9710200 8190964 3230212 731007 731007 230741 230350 2760071 230504 230920 2760516 730071 3730560 5370770 8710872 9710864 1760973 9350930 9350894 6660741 730646 3470752 6660560 910928 730928 730796 730371 2760371 230350 5371023 4720371 5370580 8190937 7790841 8190519 5370870 2760857 2760580 2760872 8870043 730812 730880 2760930 6660460 2760928 730580 9350930 730930 730857 730200 730930 730519 8870580 2760930 6660741 5370071 730796 9350580 731023 9350580 9350870 730960 730969 730560 730969 2760371 230350 2760924 2761007 730371 2761007 9350580 2760741 2760857 2760580 2760894 2760896 2760114 2760114 8870772 2760646 2761007 8870870 8870043 7790841 2761007 7790964 7790937 7790913 9040580 7790888 9710920 3700741 9040043 7790841 3950960 7790937 730200 730964 8870580 8870741 7790580 9040580 7790913 3950371 7790913 7790913 7790937 6660930 730741 9710923 3950924 8190071 7790857 7790743 6660741 2760880 9040580 8870580 6660880 6660304 3700519 7790841 4040424 2760857 2760857 2760857 7790519 7790857 7790841
4990930 7980973 4990930 6660930 730930 730857 730930 730930 2760930 9350924 730857 730200 6660930 5370930 6660930 9350930 6660930 5231023 2760741 730729 4720741 731007 731007 8870870 5370752 4990930 5370071 730200 6660930 730200 730422 2760422 730812 2760928 7980973 7980973 9350930 9350880 730857 8870422 2760857 730857 730880 730560 8870580 9350580 5370043 730857 8870580 3950960 2760928 9350752 5370770 730870 9350924 4720200 2760043 730371 730646 2760928 2760043 730071 3470043 2760071 9710923 2760371 2760414 730519 2760646 730371 7790371 3470205 8870870 2760772 730560 3730371 3730560 8190772 9350924 6660741 730043 730371 730043 2760870 2760928 2760928 2760071 8190071 8710857 2760964 2760920 4720519 4720519 4630857 7090973 8190646 5370071 2760071 2760969 2760952 3950924 3470923 2760646 3470743 5370043 9350741 9710872 9710864 3470924 7790741 9710729 520371 8190872 3470285 3470285 8190422 3730004 2760960 6660460 2760928 5370870 2760870 731007 730743 9350043 8870043 8870043 9350043 730870 730857 730857 9350924 5370580 730857 6660580 730928 730580 9350580 730200 730857 730200 5370752 5370580 730857 6660043 4990043 730969 730205 9350043 730043 6660580 4990043 9350580 6660580 9350580 6660580 730857 730930 6660043 9350937 6660930 730200 6660043 6660580 9350937 6660043 730200 6660043 730969 6660580 730752 730960 9350580 9350870 730200 6660741 730580 6660741 2760857 730857 7980973 730930 6660930 2760930 2760857 8870741 730857 9350422 9350043 9350937 730422 3230205 5370752 730930 730857 6660930 6660930 730930 2760422 6660460 5370930 6660560 6660580 6660560 9350422 2760857 8190741 2760930 730812 730857 730580 5370580 2760580 730560 730580 2760580 730205 2760205 910371 9710006 2760872 250969 730519 730580 730580 8870580 7790580 8870580 8870580 7790580 7790580 7790580 8870422 8870924 2760894 730770 8870924 6660422 9350870 5370741 730741 730580 730580 4990043 730043 730043 730857 730928 8870424 6660996 730371 730857 6660043 6660422 3731002 4990857 7310560 4990857 9350930 9350964 6660930 4990857 7980973 7980973 9350580 9350580 7980973 4990857 4990930 9350924 4990857 5370752 9350930 5370752 5370580 9350043 9350894 730857 9350888 9350043 9350071 9350580 9350646 9350743 9350964 9350580 5370964 730200 9350964 2760857 9350743 9350560 2760857 2760928 2760928 3700519 2760928 2760928 2760928 2760928 9350071 2760928 9350743 2760928 8870424 2760928 2760928 2760928 9350043
8190973 4630930 4630930 8190930 8190812 3950870 8190560 7090973 8190930 7980973 7980973 5370200 7980973 1760973 1760973 2760930 2760580 9350870 5370888 2760857 2760857 2760772 2760857 2760930 2760857 2760930 8190930 2760580 8190646 9350930 9350043 730729 730870 9350043 8870580 8190422 7090973 7980973 1760973 2760414 2760741 9710519 2760770 7790857 8870924 7790969 3950729 7790841 7790969 7790841 7790937 7790841 7790841 7790937 8870205 3950043 7790371 7790371 8870560 730812 8190422 5370770 2760857 2760857 1030993 1760973 3730268 3730268 3731023 3731023 3730519 3731002 1760973 7980973 1760973 8190043 8190560 2760930 9350071 5370071 730961 5370729 7980973 3730004 3731002 8190930 5370772 3730870 5370870 2760870 5370888 8190888 8190964 9350560 5370888 2760580 2760350 8190752 9710930 6350857 6760857 3730004 3730004 3730004 3730004 3730004 3730004 8190973 8190930 2760857 3470857 8190519 2760930 9710880 730212 2760928 9350930 5370930 9350752 730752 730969 9350930 730741 730741 3731002 3731010 3731002 3730004 3730004 9350888 730969 4720580 730812 3730200 4630580 3730241 4630928 8191023 8190043 9350937 5370772 7790857 8190741 7790770 7790964 3731002 730741 9710519 3930422 910519 9710969 9710527 8550519 9040969 6660212 2760772 6660930 5370043 1760973 3730268 3730004 1760973 1760973 7090973 1760973 7090973 1760973 7090973 2760857 2760964 2760870 7790870 8190519 8190519 8190969 7980973 7980973 3730888 6350857 8190043 9350646 9350646 9350114 9350930 730857 9350930 6660880 9350743 9350071 5370071 9350043 2760896 5370770 9350580 8870518 5370371 9350043 9350687 9350930 9350894 9350043 5370371 2760857 2760743 2760857 2760964 2760580 6660043 9350964 8870422 8190964 2760743 8191023 3730004 3730004 3730004 3730646 1760973 2760894 7980973 8190043 8870043 5370043 730043 8190043 9350043 9350964 9350741 730857 730043 2761007 730888 730930 730043 730857 231023 2760743 9350743 231023 2760043 2760043 2760043 7790857 730071 3731002 3730043 3730043 3730241 1030993 4630043 3730241 5370580 7980973 730930 730857 730857 5370043 730964 730043 8870043 2760043 7790580 8870043 8870043 8870043 3700580 3700043 3700580 9710006 9710371 5230872 7790371 3470043 9040043 7790371 9040043 7790937 9710864 9350924 9710422 3950729 9710422 9710422 3950371 3700422 8190560 6660880 730212 730964 730743 3731010 3730004 3730422 3730004 3730241 3730241 7980973 3730241 3731002 9350964 6660880 9350930 6660422 730519 730870 730928 730741 730857 730857 6660580 9350043 6660580 730924 730580 730930 730857 6660580 730960 2760969 730752 730928
8190973 3950772 7090973 4631010 4631010 4631010 4631010 4631010 3730646 8190043 9710496 3950371 7790729 3470285 3471023 9710857 3470752 730880 730646 730560 7790580 731023 730580 5370870 9710739 9350560 8190560 4990930 4990930 4990930 6660741 2760350 2760350 3470205 7790741 9710371 9710371 5231023 6660304 6660304 7790969 8870422 730200 730646 730006 730741 6660043 6660930 2760114 2760371 2760952 2760960 2760928 2760743 7790841 3470043 9710923 2080743 9710743 9710782 9710770 230767 2760770 2760770 7790580 7790580 2760580 2760752 2760580 230496 9710414 7790729 2760952 5370741 231023 230924 2760006 2760743 2760560 7790888 7790964 7790857 730519 730812 730924 9710857 730888 730960 2760770 9710743 8190071 3730646 8190920 7790741 730741 230496 8710043 2760043 2760114 2760043 3470743 3470043 7790964 3730741 3730872 9710872 9710872 3230880 9040580 8190880 8870560 2761002 730930 730930 730857 731023 730560 730560 730560 8870560 7790741 9040580 9710872 9040043 9040580 8870772 730928 730043 730200 730043 730200 731023 730200 5370200 730200 5370829 7790687 2760924 3470924 7790913 2760872 9710043 8870580 8870580 7790841 3950043 9350580 8870580 3700043 8190812 3700857 9040857 3950870 5230857 5230646
9040857 3700414 9350924 3730870 8190812 9040857 3470205 3950924 9710006 2760043 8190519 2760924 3470923 8550519 730200 4990930 730857 730857 8190043 8190973 7090973 4630857 4630638 7090973 7090973 7090973 4630857 7090973 7090973 4631010 7090973 7090973 7790519 2760741 2760924 6660422 6660304 6660996 2760930 2760071 2760043 2760770 2760964 7790743 2760767 7790888 7790743 7790770 2760414 2760960 6660212 2760580 2760770 730741 2760371 730371 3930796 9710580 730741 3700580 2760371 6660930 2760371 2760371 2760743 2761002 2760071 2760743 7790741 2760964 2760043 2760960 730870 2760969 2760414 2760205 9350924 2760741 6660304 2760894 2760770 2760580 9710422 7790752 7790937 2760006 7790741 2760580 2760743 7790580 7790937 3700519 2760371 2760371 2760872 7790841 7790937 7790937 7790913 9710920 8190071 8190896 8190043 7790964 3950043 5370043 8870580 9350580 730205 730580 730770 5370580 730770 7790687 9040043 6660930 730205 730729 730200 730200 730580 7790969 8870043 7790741 730741 2760969 9350422 5370371 4990043 730743 5370043 7790841 7790969 3950043 2760043 3470043 7790937 3470043 2760770 8190888 5370888 3730646 3730646 3470857 730646 5370888 7790937 3250363 730924 730729 9350043 8190043 9710043 8870043 7790580 8870580 8870043 7790937 2760924 2760928 6660304 6660561 6660741 6660304 8710519 9710770 9710767 3470752 4040200 3950371 8870424 7790841 9040580 8870043 8870741 7790857 4720200 730560 8870518 3700205 8870422 9040043 8870560
9710646 3470743 3730268 3730580 3730580 4630004 4630071 9710741 9711023 730371 3730580 8190371 8190560 8190371 9350071 5231023 8870580 3930961 8870741 7790937 7790841 7790516 3470504 9710043 3470752 7790894 7790870 230496 910857 8190973 8190894 5230422 730205 2760896 3930205 3930857 9710743 8190961 2370973 230872 7790580 2760580 3470857 3730004 3730371 3730872 3730268 3730371 7090973 7090973 7090973 8190888 8710930 9710200 5231023 8190888 3730888 3730888 3730004 8711023 9350894 8710580 7790961 5981023 230872 230920 730770 9710752 3471007 4720363 8870580 8870043 7790580 8870043 5370043 5370043 5370841 250930 3730004 8190772 8710646 9710920 3700414 5230857 3730741 3730371 7310371 3730371 3730371 3730741 5370741 5230930 9350741 9710923 3700414 3700960 3470923 3700770 9710752 2080770 730928 2760870 2760371 230006 3731023 4630857 3731023 3730646
9710575 2080743 2760071 8190071 3700770 9710200 3700741 5370580 3470285 2080770 7790937 7790741 5370743 3950772 2760894 8190772 5370043 730414 9710987 2761007 5371023 8190371 9350924 2760770 8870772 7790841 7090973 8190960 9711023 5370772 5370772 7790743 7790888 2760857 7790937 7790937 1030993 730857 5370743 2760930 7790857 2760928 5370888 7790857 2760770 5370743 5370772 5370888 7790888 8190913 9710924 3470205 3470414 3470422 3470743 3470743 7790894 3470743 8190964 5370964 8190894 7790937 6660580 9350930 4990857 9350071 730071 8190752 8190043 3250857 7310371 4990930 730870 2760114 2760006 5981023 9350964 5370580 9350930 7980973 4990930 730857 5370770 9350888 9350888 2760516 2761007 9350930 5370371 9350580 9350964 5370580 7790857 2760114 2760857 2760857 5370841 730212 8190930 9350880 9350930 9350930 9350043 2760930 7980973 9350043 9350580 3730993 8190422 9350043 5370043 5370580 3730580 5370580 5370043 4990043 9350580 730924 730857 4720857 9350580 3730371 8190043 8190043 7790580 7790937 3731023 3731002 3731002 4630928 8190913 5370043 5370043 5370043 5370930 5370930 7790857 7790857 7790857 7790857 7790857 7790857 7790743 7790857 4880973 8190519 9350043 9350741 7311010 5370930 5370741 8190772 8190812 7790857 7790894 7790841 8190043 3950043 4630200 1031010 250930 8190043 4630043 4630913 4630043 4630004 4630200 4630200 1760973 7310371 9350580 9350580 6660561 6660561 730996 3700422
7790729 7790729 7790913 7790580 7790580 9040580 8190043 3950043 3950043 3950043 9040043 7790857 3950729 3950043 7790857 8870880 9040580 9040580 4720580 4720857 8870424 3950043 9040043 3470043 3470857 9040043 3950960 8190770 2760857 230767 2760930 9350888 3700519 2760857 8190741 3471023 8190071 1030282 2760770 6660880 8710930 2760071 3730580 3730580 3731002 2760857 730371 730930 730857 3730743 3730200 8190043 8711023 8711023 9350043 2760580 9350580 5370772 2760928 730857 2760350 2760964 3730743 3730268 3730743 5230930 8710930 3730743 3730519 3730071 6660930 6660930 5370071 730888 5981023 2760752 730857 8870772 730857 8870772 9040857 8870424 7790969 2760969 5370772 730580 2760752 8710767 2760960 230504 2760928 9350930 5370743 2760857 2760857 5370043 8870580 2760928 2760928 8710580 2760770 9710930 2760872 9710930 9710872 2760371 2760371 2760752 730770 9040772 2760857 2760964 730752 2760960 3700770 2760857 7980973 9350888 9350930 5370580 730752 8711023 2760857 2760857 6660880 730888 730212 8870424 2760580 9710580 2760928 9711023 2760752 8190752 2760960 6660561 8870580 9711023 3470580 3470580 2760960 3700519 730961 730928 730043 730205 730519 9350560 6660560 9350560 730857 730857 9350930 9350930 6660930 9350043 9350930 730729 6660741 730200 730857 2760371 9350752 9350930 6660422 9350870 7310560 2760741 9710864 9350930 730857 9350422 7980973 7980973 3730004 7980973 5370770 2760857 4990857 3230422 2370973 3730386 3730004 3730519 2760857 7790857 8190772 7790857 8190930 9350930 3250857 230924 730924 2760964 9350071 230504 3470200 730857 8190516 8190894 8870043 9710930 730071 730729 8871007 9350580 9350043 2760896 8190770 3730200 3731002 8190969 730969 2760969 2760741 730969 7790741 730519 730969 2760969 730928 730960 3930212 3930880 3731002 9350646 730924 2760741 2760924 3730004 6760973 3730004 730741 9350741 2760857 8190888 8190043 2760857 8190930 8190741 2760924 9710200 7790924 9350687 9711002 3470200 8190741 8711023 9350071 9350930 730857 9710864 730212 9710930 2760857
9040870 9040969 730969 730770 5230930 9710371 3470924 3470924 5981023 3471007 9040580 2760896 2760114 230920 2760580 230496 4720841 7790964 2760646 9710285 2760371 2760371 2760422 5370770 3731007 4630580 8190071 8190071 9710987 9710969 9710414 9710964 3470894 5230969 2760371 9710422 5230969 7790743 730741 7790580 2760752 2760894 2760896 2760770 3230371 2760880 2760350 2760071 7790888 2760043 2760896 8870043 730071 3230371 7790894 8190752 3730004 8190006 8870205 9040857 9040872 730043 7790937 7790964 3230422 730371 5230422 3230371 730371 730560 731007 7790770 4720841 7790937 8190519 7790371 4720969 910544 3930560 9350560 910371 9710350 3470894 7790743 7790841 7790937 7790743 7790371 7790770 7790770 7790770 7790741 7790752 7790519 250200 910741 910371 8870741 7790937 9041007 7790913 7790937 7790969 7790913 7790741 7790580 7790894 8870580 3470894 3470580 731007 8870580 9041007 7790741 9710646 7790770 9040772 3470772 3470043 730743 730752 910371 3230205 9710205 730580 8870043 7790770 730880 7790752 7790371 3471007 8870560 7790841 910544 3700857 3930205 730969 910772 910371 910772 7790969 2760969 7790772 7790841 2760741 7790560 2760770 2760580 2761007 3230880 2760560 4720857 9040857 9040857 3470894 730888 5230422 730880 6660304 8870205 3930212 730812 730960 3230880 3470894 9710071 9710752 8710770 9710923 7790888 3471023 7790743 7790841 3700870 9710743 2760964 8190894 6660043 2760414 2760205 2760743 7790516 3470743 7790743 730205 730580 6660580 9710422 4720580 7790580 3470200 3470580
3930422 3230560 230560 230920 2760809 2760960 3470923 2760743 9711023 2080770 4040200 910043 3470580 3470580 4720741 5370964 5370964 3230422 520969 520969 9710969 9710969 9710519 2761007 9710923 4720841 3230422 730646 730729 8871007 8871007 3930422 730043 2760894 3730743 8190964 9350743 5230872 230006 730205 6660560 730580 6660043 6660422 730560 730741 8870580 7790752 7790841 9040580 9040043 9040043 7790043 230920 7790752 5370071 731023 5370371 9350924 910371 730006 730205 3930371 3930857 520857 730857 9711002 3470580 7790580 7790857 730888 2760043 730043 3930560 9350560 730580 730928 730928 730928 730928 730371 9710371 8710872 7790772 8710864 3250363 9350741 9710743 9710743 3700205 3700743 730880 730212 2760205 910928 9040864 9040864 8870741 5230422 910519 3930422 910928 7790969 2760043 730212 730580 7790888 9710772 1030993 730560 5370043 9350043 3730743 9710200 9711023 9710285 2760920 2760767 1760973 4630580 3930205 730006 9710987 730752 5370752 1030993 5370043 5370043 2760560 2760043 7790841 7790580 7790743 7790964 2760071 7790964 3730241 3700857 3470894 7790752 230872 230872 230872 730043 2760924 2760928 3700772 7790371 9710519 7790888 7790519 7790043 7790894 2760894 7790516 7790913 7790937 7790841 730743 9710920 9710920 7790964 7790913 9710872 6660930 730580 730519 8190812 3730924 3470857 8190741 7790857 731007 730924 230809 8870580 7790580 3700043 730924 2760043 730752 8870772 230767 7790580 8710043 730770 730928 8710043 9710043 8710043 7310560 250930 8190770 3470200 9710770 3471023 9710496 3470580 9711023 7790743
3700422 5231023 3700205 3470414 3700043 7790516 9710006 9710872 9710864 7790371 9710864 2760870 2760741 2760560 2760928 2760006 7790964 7790841 8550519 3470422 3700888 9710996 730964 8711023 8711002 8870772 9350964 3730241 7790964 7790729 7790937 3700580 730928 9710414 9710414 3470923 2760928 2760928 2760371 731023 730752 730924 7790741 7790841 7790937 730969 730969 3930880 730580 730741 730924 8870741 520969 7790937 7790913 3470752 3700770 7790752 3470752 3700772 8711023 3730004 8190071 230767 730772 730772 230496 7790772 2760960 4720857 1760973 7090973 8710414 5230930 8870772 8710772 2760741 3700772 3700743 3700519 9710880 3730993 9040857 730371 5370043 8870741 7790937 7790743 7790580 7790580 9710580 8190894 7090973 9040857 3700043 9710930 9710920 2760071 9040870 9040870 9040870 9711023 9710920 4720371 5230872 4720371 3700741 3230560 9710422 3700580 8870580 9040580 9040580 9040043 2760422 2760857 2760743 2760920 2760743 7790894 7790743 730071 3700422 3700422 9710880 3470752 3700770 3700205 3700205 9710580 2760894 230920 730752 2760964 7790772 7790888 6660043 6660043 2760752 730752 2761002 9710200 8710519 6660422 6660304 6660422 2760752 730212 9710996 9710496 9710212 9710527 8190812 2760516 9710864 6660560 6660996
6660460 230809 730741 3700414 3470043 9710741 8190930 8190770 730772 7790913 2760770 730580 730043 2761002 6660880 8870043 2760422 8870772 8870772 7790560 9040772 7790841 3700560 9710739 4990043 6660422 6660880 9710422 6660930 2760043 6660043 2760043 6660043 730043 2760006 9710006 7790580 5231023 730200 3930519 3700880 3930796 8190741 9040857 9040857 9040857 3730560 7090973 8190560 9711023 3470924 3470924 9710371 3700580 2760741 9040043 7790519 9710212 9710371 230006 230006 9710496 730770 6660580 3700580 2760516 2760414 2760114 2760371 2760687 3730872 3700857 7790857 9040857 9710864 9710864 9710864 9040870 7790870 730043 730043 730646 7790969 7790741 7790841 7790743 5370043 7790841 7790937 7790924 9350071 2760770 3470200 9350071 5370888 730043 730752 1760973 8190913 3730268 9350930 8190371 7790741 5370930 2760371 5230930 8190741 5370043 9710729 2760924 7790729 3471023 3470743 8190071 8190071 1760973 5370841 730964 730580 730743 2760752 2760741 2760960 2760969 730770 2760580 3930519 3470200 7310371 5230930 5230930 9710864 9710371 5230969 8870924 9350741 6660580 6660996 6660580 6660580 3230880 730580 9350743 9710996 730888 8870870 2760580 8870580 2760422
5370930 9350741 730414 9350930 7311010 7980973 3730928 9350580 8190371 8190812 9350580 5370371 9350752 9350752 9350752 6660930 9350752 8710864 3700857 3250857 8870424 8190043 730857 5230930 2760516 3250857 9350687 8190687 3230857 9350560 2760857 9350560 2760857 2760928 3230212 730071 2760857 2760752 2760580 9710519 2760580 2760114 8710857 2760770 7790937 2760857 2760071 2760770 7790687 730770 8710767 8870580 2760857 8710580 2760772 8710857 2760006 730960 2760880 7790894 9710987 730743 9710987 8190071 3730371 3730200 3730200 3730646 8190071 5370888 9710743 2760071 2760743 8190772 3730043 3730043 3730741 3730743 3730519 9710043 9350924 2760071 8190043 2760964 9710960 9710043 3700772 2760930 2080743 2760952 9710767 3730241 3730004 1760973 3730646 8190930 9040857 5230857 9710782 3470923 9710071 3470414 9710923 9710782 3470752 3700770 9710964 2760928 2760960 2760964 3730004 3730268 3730004 3730004 3730004 3730004 3730268 3730924 4630928 4630371 8190913 8190560 3700743 3700519 3700519 3470894 9710770 9710200 9040857 3731010 3730741 3731023 3731010 4630071 7090973 8190646 8190964 8710857 9710923 730770 8870043 9711023 8870043 3730924 8190964 8870741 3700741 8710770 3700752 8190071 2760857 8190519 2760960 2760071 8190519 8190519 8870741 8190930 7790857 9350043 2760857 9350043 9350743 2760928 3700772 8870772 8870772 2760928 9040772 3700772 9040857 3700772 7790772 8870772 8870772 9040772 5370043 6660043 9350043 3730043 5370772 2760857 8190772 8190772 9040857
7790937 7790913 5370371 8870043 7790580 7790580 3700888 8710930 3930560 3930796 3700960 9710205 3700752 2760114 730371 730043 230496 230872 7790913 7790937 7790770 5370371 9350930 5370930 5370930 5370371 2760741 5370071 5370930 2760857 5230646 3470205 7790560 730870 730371 730996 730812 8190930 8190812 5370580 6660560 730200 730205 8870580 730969 730961 730870 730870 2760414 730741 730371 2760043 3470772 5231023 230414 9710496 5370580 1030993 230350 8710864 9710864 9710371 9710923 3470414 3471007 4720741 3470285 7790741 9710969 730414 730812 2760580 2760741 7790961 3470580 230414 230857 8190930 730414 2760350 730205 910772 3230560 9710575 2760560 2760350 3230857 730960 6660741 3930961 3930212 730741 910928 3930422 9040969 730043 7790770 4720741 9710741 3470752 3470414 2760350 230350 6660422 730212 7790857 3230371 730519 230767 730924 2760414 9710580 7790937 8550519 7790752 7790841 3470200 7790580 9710043 7790371 9710414 2760371 2760964 8710772 3470200 2760414 2761007 2760964 2760928 2760743 2761002 230924 7790560 8870580 730043 231023 2760205 7790772 2760928 7790772 3470422 730996 6660560 730964 3230422 9710880 6660580 3230880 3470200 8871007 9350937 730812 730560 8870580 9710857 730752 730870 2760960 2760560 3230422 3230205 6660580 730924 730812 6660422 6660880 2761002 2760743 8870043 7790043 7790841 7790752 8710770 8711002 6660422 2760752 5231023 730006 730371
250200 7090973 4630371 4630580 8190560 3950043 9710741 9040580 2760952 8710422 3471023 2760646 250930 2760371 2760880 2760560 2760872 2760809 7790770 7090973 7090973 4631010 4720200 730043 4720371 3470285 9710960 9710212 9710770 8710767 9710071 8710646 9710770 9710996 9710996 9710422 9710350 9710350 3470422 9710770 730996 731023 4720580 7790937 3700580 9710006 3470894 3730004 8190930 8190043 3470043 5231023 9710212 9710743 3471023 3930422 9710864 9710422 3700741 3470205 3470857 3730004 3730993 3730872 3730560 8190812 3730004 7090973 8190646 7090973 8870043 9710043 3700772 9710043 8870043 8870580 3700960 3700770 3470743 2760043 2760880 9710964 7790913 3700752 9040580 9040580 3700580 4720964 3470580 2080770 3470752 9710920 3470205 5230646 3470414 9710043 9710996 9710743 9710888 9710580 9710743 3700205 9710969 9710205 3470205 250200 1030993 250200 7790857 9711023 3470743 8710872 9710864 9040864 2080743 3700580 5230422 3470414 9710422 9710770 9710212 9711007 4720741 4720363 3230880 3230422 730894 730422 2760924 9710285 2080743 9710496 9710422 9710043 3470422 8190422 8190646 3470043 3470504 8870043 9710043 7790516 9710864 3700870 9710996 3700880 9350964 8711002 9710071 730043 4990043 6660043 6660043 730743 8710422
9710888 8710930 3700422 9710930 3700043 3700043 9710496 9350043 9710043 3700888 9711023 3730560 4630071 3730646 4630928 8190371 230809 9710414 3470743 7790913 730928 730888 3700580 8870880 8870580 9350924 3700580 8870580 3700580 3700580 4720741 9040580 9040043 3700560 9040870 8870560 9710422 7790857 3950371 3950043 7790937 7790857 7790857 7790937 7790580 4720544 4720580 4720519 3700743 3470580 3700743 9710888 910741 730371 9710782 9710205 7790580 9710987 5370043 9710743 2760930 2760930 2760560 2760071 2760414 2760741 2760371 9710996 9710752 3700519 2760880 9710006 6660304 9710864 7790560 2760560 7790857 2760560 7790937 7790560 7790913 7790937 731007 2760928 7790687 7790964 7790894 2760560 2760928 9710205 2760872 2760560 7790937 7090973 4630857 4630930 9710857 3950960 1030292 1030993 2760857 2760857 2760857 2760741 2760006 2760870 8190043 5230872 9710006 9710371 910741 910928 3230880 3230560 9711007 3700888 730996 730888 9710006 3470872 3470414 3470743 3470205 2760371 9710006 2760870 2760870 2760560 7790870 2760646 7790913 6660043 6660043 2760870 730870 8870870 2760752 730560 7790580 731007 3700743 3930422 9710880 9040870 8190930 8190043 9350422 8190913 3700741 8710414 9710414 3470285 9710923 9710923 9710767 3470414 9710496 8550519 2760870 2760560 7790743 2760964 2760770 2760414 1030993 730560 730812 9710987 910519 910519 4720371 2760741 2760743 7790924 7790770 7790937 2760006 2760560 7790741 7790937 2761002 7790870
2760924 2760857 2760114 7790857 7790888 3470743 2761002 9710519 3700519 8550519 910200 6660304 2760560 6660560 730560 3930519 2760960 9350560 730519 730743 3700519 520371 8870205 2760928 9350752 730043 730043 730928 8870560 8870043 7790371 7790937 4720371 9710350 9710646 9710996 9710924 3470872 7790741 7790937 7790519 2760350 3730924 8190043 9710212 2760422 9710996 3470422 8190770 3730519 2760857 2760743 3470205 7790519 7790870 9710857 3730268 3731023 5370371 730924 4720519 2760371 6660996 2760071 5230422 9710996 3470894 910741 3470200 6660560 2760043 7790894 3930560 3930560 8710646 3470743 9710743 3470743 9710527 2760952 9710960 8190496 3470857 8190894 7790857 2760772 2760752 8710043 7790770 7790841 7790752 7790770 4040200 4040200 910741 8710414 5231023 9710371 2760006 2760870 2760870 2760371 730969 4990043 730741 730043 730743 8870580 7790371 7790969 6660996 2760920 8711023 8710580 6660304 730043 8711023 730371 9350043 8870580 9710519 7790580 7790743 3470580 9040580 9040857 9710996 9710422 2760809 8710864 730964 910043 730880 8870043 910544 910371 8870043 2760969 7790743 910200 3930961 910200 3930857 910544 3930880 910200 3930961 3930422 3930870 910200 3930560 3930422 3930205 8870870 6660560 2760741 8870741 8710519 2760350 730519 2760741 2760741 2760964 9710888 2760205 7790741 2760205 8550519 1030857 1030857 1030857 3730004 8190043 5370371 8190043 9710646 9710646 9710006 9710371 3930371 730371 2760043 7790743 2760071 2760857 2760371 3470043 7790371 7790913 7790580 7790913 7790841 731007 730043 730212 730560 9711002 3470894 7790743 4040424 7790937 7790913 7790841
9710782 2760770 9710071 8710646 7790870 730071 5370580 9710580 7790580 7790937 7790580 9710920 7790964 3470200 230496 2760770 2760752 9710782 910371 9710006 5230969 3700752 9710923 9710743 3700752 3700580 230504 230414 2760422 7790743 9710496 730741 2760924 7790741 7790924 7790741 8710743 3700743 9710043 9710964 8870043 7790743 730580 730414 2760580 2760580 2760043 2760006 730560 4990043 3230422 730043 2080743 5981023 7790894 8191023 3250857 6660422 8710857 8790857 3470857 8190422 3230560 6660560 9350422 230560 730964 730888 730969 8710043 5230857 9350888 5231023 9710872 9710864 730043 730043 2760872 9710043 7790841 230809 7790894 3930961 8710519 231023 9710782 230414 230504 2760857 2760920 7790687 2760960 7790752 7790770 8190960 2760809 3470924 9710752 9710782 9710782 9710071 9710920 4720964 9710782 7790752 7790770 730043 4720363 7790043 230741 3470987 910772 8710646 9710782 3470987 230924 230924 730770 910519 9711007 2760741 230872 2760928 2760924 230350 9710864 731007 730894 3470580 2760920 7790519 7790888 7790519 7790770 9710043 730812 9710752 3470752 9710496 7790516 3950043 7790516 8190043 9710752 9710414 9710414 7790741 2760741 230809 6660560 730422 3470043 8710770 3470043 7790857 8190043 7090973
3230560 730924 3470580 8870422 9710960 730894 7790752 3470580 8190371 8190973 8190812 9710043 2760422 3730004 3730004 5370752 730741 731007 2760580 730870 9350741 3230857 9710767 3230857 8710857 9040857 8711023 730580 8870518 9040580 8870580 9040580 2760422 9040870 2760743 730043 730205 730770 730752 3230880 9350646 8870560 730770 4720741 730961 3471007 2760205 2760741 8710767 2760743 3470743 3470743 9710864 730580 9710580 7790894 3470580 9350880 3730004 3700857 8710930 2760043 730043 730880 730212 3730004 3700857 9710996 3700560 3700205 8190560 3730004 4630638 7090973 3730004 7090973 8190960 2760741 3470200 9710422 9710864 2760687 3730870 3730560 3730422 250930 2760857 2760857 2760857 8190071 2760560 2760560 2760560 2760880 2760560 2760422 730928 230872 730741 8870580 8870580 9350930 8190043 9710930 2760960 2760741 2760743 2760741 9710496 910544 910741 8710872 3930205 9710864 910741 1760973 9710872 9710770 9710880 7090973 8190888 250930 2760928 2760770 6660304 730043 730422 230560 9710422 8870043 7790580 8870043 7790888 9040580 3700043 3700043 3730928 3730993 730043 2760043 730560 2760516 9350114 9710205 9710924 3700205 9710729 3700741 3470924 9710752 9710960 3700741 8870741 8870580 8870580 7790937 9040580 9040580 4990043 731023 730729 730857 1760973 8190969 8190969 7790857 8190969 9040043 6660460 7790580 730043 730371 8870741 8870580 6660422 9710996 8870422 7790743 2760952 2760924 9710496 3700741 9710772 8190646 3730004 9040857 9710646 3700880
3470924 9040872 9040969 9040969 3700770 7090973 7090973 7090973 8190646 8190371 9040872 8190812 2760741 9710414 9710496 3470285 2760870 8190870 2760894 7790519 9710969 730928 2760422 6660996 9710741 9710371 8190560 7090973 7090973 7790937 3950870 7790870 3950371 7790371 3470043 9710043 730969 3700043 9710964 8870741 9710043 7790371 7790687 2760422 2760516 7790841 2760896 7790580 3730004 8190496 8190960 2760772 2760043 230920 7790772 230872 2760580 2760580 2760894 2760580 230741 2760894 7980973 3730371 3730741 3730872 9710920 8710743 3470580 8190964 8190071 8190071 3470580 7790964 4720841 8870424 8870282 730205 8870924 9710770 730006 2761007 2760580 730857 730857 9350924 730752 730519 230857 2760880 8711002 9710743 9711007 8871007 9711007 8870924 4720841 8870560 3230422 3230212 6660422 3700770 3230205 2760752 2760752 2760006 2760422 730924 730928 6660580 6660996 730880 730741 5370964 6660580 731023 730857 3230212 9350580 6660043 6660580 730200 730928 3230560 8871007 730371 8870580 2760560 730743 730729 3931023 8870580 8870580 7790580 8870580 730580 9040580 2760924 9040870 7790937 4720519 7790519 9040580 8550519 520969 3930560 3470422 9710414 3470285 2760752 8870580 8710580 7790770 7790580 2760928 730960 730519 730969 730729 730880 3470772 9350924 7790857
3730004 7790857 9350741 3470285 9711023 3730004 8190969 8190969 6660304 9710996 3470743 730880 6660422 730996 2760071 2760880 7790580 7790937 7790857 7790841 6660930 2760560 9350580 3930422 5230422 9350870 3700870 3700043 3700560 3700743 520857 4720200 8871007 730928 730870 8870364 730743 7790888 7790913 7090973 7090973 7090973 7090973 910741 3930870 9710923 2760646 730772 3470752 7790770 3470772 7790857 7790841 3930422 730880 730996 730422 730422 730996 8870580 3470580 2760071 7790888 2760646 2760743 2760924 3390743 7790743 7790913 7790894 3950870 7790870 7790841 7790913 7790937 9040043 7790043 7790580 7790857 7790519 9711023 9710580 3230560 4720964 7790687 7790894 3470743 3471007 3470743 3470422 7090973 2760857 2760960 6660996 2760880 9710527 7790888 7790913 7790743 7090973 2760930 2760741 2760371 2760371 2760371 8870870 2760580 9040870 8870741 730200 730870 9350870 3930796 3470752 9040969 3700743 9710996 3700205 2760920 7790888 3470857 7790519 7790752 7790519 4040200 9710200 2760960 3470580 5370888 2761002 2760894 7790580 2760857 1760973 3930870 3930870 730043 730752 910857 5370888 2760043 730071 2760743 730888 230560 7790964 2760646 7090973 3930646 9350560 8870580 7790937 910043 4040200 7790516 5370043 3731010 4630638 4630043 3730646 8190516 8190942 8190973 910857 730969 3930870 2760924 3930870 3930870 3930870 3700870 7790516 7790741 7790516 7790580 730870
8190973 7790857 2760870 9350880 6660880 2760960 2760960 8710770 230767 2760772 2760969 730519 2760770 9350888 8190687 730928 6660561 8871007 730960 2760928 2760928 2760371 2760770 2760809 6660930 9350870 731023 8870772 5370043 2760043 5370043 730580 731007 731007 2761007 2760043 2760687 3470422 7790580 3470200 7790841 2760752 7790937 2760770 2760752 5370770 2760043 3470580 3950960 3930880 3930212 6660561 730741 8870043 7790752 7790937 7790580 8870282 730422 730205 730743 2760580 2760043 730894 2760560 2760043 4720580 4720544 5231023 3931023 730961 730961 730964 8870282 730964 8870580 8870580 9710969 3930205 730646 730580 8870580 4720841 8870560 7090973 7090973 7790857 7790937 7790519 7790043 7790841 7790937 4040200 2760767 8710580 8711002 2760770 9710770 9710770 2080770 3470043 8870580 730580 2760580 4720964 4720544 7790580 4720363 7790043 7790841 7790913 7790841 2760043 231023 730043 6660043 730930 730560 7790580 8190043 3730646 4630857 10110857 8190937 3731002 9350937 731007 730741 730960 6660580 9710752 7790580 8190930 8190071 3470857 9710857 8710580 9040580 7090973 7090973 7790857 3930519 3700519 2760928 9710071 8710752 9710071 8710857 9710071 9710646 3470504 230767 2760770 230496 9710920 9710920 7790888 7790888 7790519 4630930 4630071 4630857 4630043 8190043 2760422 2760772 2760205 8710519 2760964 2760964 5981023 7790888 7090973 7090973 7090973 7090973 7090973 7090973 8190646 730743 730770 5230422 730752 731023 730519 2760580 2761002 8870580 7790729 5370043 8870741 2760043 2760772 7790519 7790913 7790937 7790841 3700422 7790969 7790888 730043 730043 730646 8710580 5370888 3470422 4040200 6660560 8870560 9040961 730928 3930371 3930519 3700519 520969 6660422 730928 6660996 6660422 8870560 9040969 4631010 4630857 4630857 4630857 4630913 4630004 4630913 8710857 9350743 3930205
7790371 8870043 2761002 2760743 7790519 5981023 2760071 2760743 730519 731007 8710646 7790841 8870580 8710580 9710920 3470200 3470414 3470285 9710741 8870580 7790937 9710872 9710580 9710872 9710872 9040580 7790580 3470414 7790741 9710864 8870924 3700743 730560 730560 9040043 7790770 8870560 3950870 3470043 730770 7090973 7790857 8190043 7790857 3700857 2760924 230560 2760006 9710285 8190741 8190371 520857 9710729 3470200 7790937 3950960 5370870 5370729 5370729 7790841 7790937 230560 230504 3700960 5230646 5230646 8190741 8190872 8190006 8190006 8870580 8870580 8870580 3470580 7790841 730928 2760350 6660996 730961 6660304 2760560 730212 9710864 7790560 910371 730006 230872 8190371 3950371 3930870 730519 2760960 730741 910519 5370741 730770 730646 8870580 8870580 3470772 8550519 7790519 7790841 7790937 8870422 8710422 8190752 8190913 9040857 9040857 8550857 7090973 9040969 8870043 2760928 8870560 9040872 7790743 9040864 9710729 910741 910741 3470580 730924 8870924 9710872 9710285 8710414 2760969
9710960 9710743 9350752 3700580 8870924 3700770 9710200 3700752 3700519 3700770 3700770 9711002 9710414 3700770 3700519 3700043 3700414 9710519 3700043 3700752 3700519 3700580 3700580 3700580 3700580 3700928 3700422 3700741 8870580 8870741 7980973 9350560 9350580 9350580 3230560 730770 730928 5231023 3700770 3930205 3930560 9710580 730580 8870580 9710580 8870580 8870580 730560 9710580 3470580 2760857 730857 9350930 6660560 9350580 9350580 730580 3700580 3700580 730752 9710752 3700205 3700770 9710580 3470752 8870580 9710580 3230880 730580 730071 9710580 8710043 6660561 730960 3700960 9040580 9710580 3700960 3700743 7790841 9710580 3470580 3700580 8870580 9710580 9710960 8711023 8710646 3700870 3700870 3700870 3700560 3700870 3700580 3700580 8711002 3700888 9710739 3700205 3700205 3700205 8710519 3700752 3700752 3700519 3700770 9710519 3700519 8870741 3700519 3700580 3700960 3700770 3700770 3700205 3700560 3700519 3700960 3700519 9710519 3700519 8870560 730812 3700580 9710205 9710580 3470580 2760880 3700519 9710880 3700770 3700580 9710580 9710752 3700960 3700770 9710646 3700752 3700752 3700752 3700743 3700580 3700770 3700752 3700043 3700580 2760752 8710580 3700205 8870560 9710422 9710888 3700580 3700743 3700580 3700580 3700772 3700743 3700580 3700580 3700580 3700772 3700580 3700772 3700772 3700752 3700772 3700743 3700519 3700043 3700772 3700580 3700580 3700770 2760928 9711023 9710519 2760960 3700770 3700772 8870043 8870043 8870043 8870580 3700580 7790743 7790580 3470043 3700205 9350043 3700043 3700743 8711023 9711002 8870580 3470580 3700580 3470200 3470580 9710371 5230646 9710350 9710864 3470205 9710006 9710888 3470200 3470205 3470743 3470580 9710006 9710205 3470987 9710864 9710752 8710767 8710864 9710770 9710200 9710752 9710752 8710646 3700770 3470200 3700205 3700580 3470200 9710872 9710496 3470857 8190960 8190516 8190770 5370870 730960 7790752 3950960 3950960 3700770 9711023 3700752 3930560 9710371 9710864 9710864 9710969 3930560 3470205 9710006 8710872 3470924 5230646 9710371
9710422 8190071 8190973 8190973 8190973 3950924 8190937 9711023 230006 7790371 230006 2760371 2760741 7790687 7790870 7790770 2760646 9710422 9040872 8710422 4720741 4720964 7090973 7090973 7090973 3950772 730519 730812 2760580 2760580 7790743 3730422 7090973 4720200 730894 730961 3730560 3730560 3730560 8190937 3230371 730422 730752 730752 2760952 3250363 2760928 2760687 8190371 7090973 8190741 730928 3230560 8710864 910371 730371 730961 730770 3700422 8190765 8190969 3930422 9710969 9710969 3700422 9710996 9710996 9710575 9710996 9710575 3470205 3700205 8870205 2760205 230924 2760870 2760896 2760414 7790870 2760371 731007 730580 730928 730580 8870580 8870580 7790580 7790743 7790937 9710646 7790743 9710043 2080743 9350888 9710782 3470987 3470504 8190770 9350888 2760071 3700888 8190770 730812 6660996 2760880 8870422 730857 7980973 8190973 7980973 730857 3730870 1030638 3730386 3730004 3730004 9710857 3700752 8190770 9711023 7980973
3470580 3470923 730894 730741 910772 3470285 9710772 9040969 9710930 8870924 2760743 2760741 9710969 230767 2760752 2760896 7790857 7790841 730043 730580 730580 730580 730519 2760580 7790580 7790888 2760580 3730580 7790937 2760580 2760580 7790752 7790743 7790888 9710580 7790580 3470580 2760580 2760580 7790743 7790894 9710580 7790580 2760580 3470580 3470580 3470580 3470857 910544 910200 730071 9711002 730969 730560 730741 7790969 4720841 7790743 910371 5230969 910772 230560 2760560 7790894 3930205 730969 3930961 520857 9710930 730996 6660880 8870580 4720580 9041007 4720857 8870422 7790937 3470200 2760741 3230560 7790371 730924 730743 9350880 730200 730205 730580 730796 2760006 9350580 730200 730928 6660043 730200 730200 730960 730371 730371 6660580 730212 6660741 730071 730928 730580 730580 730580 730743 6660580 730857 730422 730928 9350580 6660580 730752 9350043 730888 730071 730888 3230371 8711002 730960 9710752 2760743 8710770 3700741 3700960 3700960 3470043 730729 8710767 7790770 3471023 9710350 3470414 3470924 730729 230006 730006 7790729 2760414 9710414 2760770 3471023 3470504 2760924 2760006 8870924 2761002 2760741 2760371 2760006 2761002 730729 730729 731007 730772 730772 730729 8870772 730519 730772 8871007 7790969 4720969 7790841 7790741 9040872 2760741 7790894 2760516 730580 6660043 6660460 730580 2760928 730960 2760580 730071 6660560 730200 6660996 6660422 730928 6660580 2760580 2760928 730960 730212 6660580 6660422 730371 730200 730071 730580 730741 6660580 6660580 730752 9350071 730870 730422 730928 730960 730928 4720200 730870 9350937 730646 8870205 9350964 4720857 3230857 3700857 730969 2760960 2760960 9350937 9710969 2760872 9710770 8710519 7790743 7790687 2760071 7790371 7790888 8190964 9350888 2760071 2760752 2760770 3471023 2760960 2760872 2760770 7790964 2760043 8190937 7790857
3470924 3700560 8190770 3930880 9710414 3470752 9710422 3950729 9710996 9710782 7090973 7090973 8190043 2760752 8710043 230872 2760870 2760071 2760071 2760920 3700560 3700422 9710371 9710872 3730924 8190812 9040872 9710212 9710527 3730004 5230857 230809 2760741 7790519 7790741 3470422 2080770 9710422 9710770 3470752 9710920 3470580 8190973 8190752 3700414 9710575 9710872 9710071 9710205 8190812 7790937 8870043 7790857 7790937 7790857 7790857 3950772 3950043 7790857 2760857 9710527 9710205 7090973 7090973 3730004 9710414 9040857 9710857 8190960 8190964 730812 3700888 9710743 9710743 8190006 9710857 9710864 3470200 730924 3730004 7090973 8190741 3470894 9710888 5230857 9710285 9710371 3470743 3950924 8190043 2760741 9710930 3731010 3730741 3730004 3731010 3730004 7090973 3730004 3730004 8190872 7090973 6660996 8190006 4630638 8790857 8190752 9710964 9710350 3700422 3230205 230560 9710212 2760580 3470205 8190812 8190043 7790580 9711002 3470422 730928 8870205 4720580 8870924 5230646 8190371 3950924 3930205 9710996 5230422 9710422 9710996 9040969 3731010 3731010 3731010 7090973 3730004 7090973 7090973 7090973 8190646 7790841 3950043 3950043 7790580 4720363 9710350 8710414 3470205 730371 3930870 9710739 3700560 9710006 9710371 3730004 8190812 8190812 8190071 7790888 8710767 2760743 8190560 3730004 3730004 3730004 8190560 8190560 8190071 8190920 3731010 3730004 7090973 2760371 2760880 2760924 7790937 7090973 8190913 8190937 5230646 9350964
3470857 9710872 9710864 3470285 9710519 1600973 7090973 7090973 7090973 7090973 7090973 3470857 8550857 2760071 9710496 3470414 7790937 7090973 7090973 8190870 2760414 7790770 3731010 3731010 1600973 7090973 7090973 7090973 7090973 7790870 2760752 8710519 2760414 9710422 9710496 3470752 3470504 8550519 7090973 3470414 9710646 9710741 9710729 3470894 9710646 3700422 9710422 3700560 3700960 2760422 2760422 2760928 2760924 3470205 7090973 7090973 7090973 7090973 7790857 7790841 7790913 3930880 3930961 3700205 9040969 3950960 9710527 9710422 7790770 3470422 3730004 8190043 8190006 8190043 7790841 7790857 7790857 8190937 7790870 7790857 7790937 3700205 3470923 2760414 230741 2760743 8710422 8710519 9041007 9710864 9710996 9710996 9710996 730928 6660561 730880 3700422 9710205 9710527 3470422 9710414 230350 2760371 3730004 8190560 9040857 8190006 8190960 3950371 8710519 730371 8870043 2760580 7790888 230560 3700422 3700205 9040580 9710646 9710519 230006 2760964 9710772 2760964 7790888 3470200 3470872 9710964 3470752 8710422 9710920 3470987 8190371 2761007 9710872 2760350 9350743 3700519 3470205 7790857 730646 3470200 4720741 3470422 9710930 6660930 6660996 9710930 5370770 8190560 8190519 9350752 9350043 9710580 3470580 3470580 7790937 7790857 7790743 9710285 3470285 2760809 230767 2760770 2760960 2760752 2760752 2760770 4630930 8190770 8190770 9710930 9710527 3700580 9040580 9710580 7790937 7790870 7790937 7790841 730812 730519 9710519 3700205 3730928 3730004 9710782 3700519 3930205 5230422 3730924 9710857 9040857 3470924 2760752 3730004 3730004 7090973 7090973 3730004 8190043 230857 5230930
6660930 3230422 6660560 9710782 2760770 9710923 8190752 7980973 9350930 5370930 2760857 2760205 2760896 2760894 7790841 7790841 6660930 2760930 2760928 3700205 9710767 3470205 9710519 2760770 2760580 2760414 2760114 2760646 8190560 7090973 3950043 3950043 230414 230741 6660996 730770 730741 730205 2760205 9350870 730996 3230371 6660880 730205 9710864 6660422 730205 6660043 730200 6660422 4990043 9350870 6660580 9350071 730071 2761007 730741 3230857 9350580 9350752 2760960 2760969 2760743 9710743 3230371 8870424 7790841 9350043 9350646 8870580 2760928 2760928 6660880 9710200 730928 9350964 9350888 2760960 5370743 2760752 2760969 2760743 2760646 2760772 2760920 7790964 9350560 7790894 2760809 7790937 8710422 7790841 7790913 2760743 8870580 7790580 7790841 7790937 7790964 7790518 2760043 2760414 730960 730770 730888 730888 5370743 2760857 4720841 8190646 8190937 2760857 2760646 2760770 9710205 2760880 6660561 9040870 9040870 2760560 9710864 730205 730996 730043 730043 6660304 730796 730880 730043 730961 910043 3930646 3700743 9710888 9710969 9710880 9710924 8870870 3230560 8710414 3470924 2760752 6660422 2760646 230560 5370770 3730004 3730004 7090973 7790937 7790371 7790969 730371 5230422 730422 9350580 2760741 6660043 730857 6660580 6660580 730205 730371 9350580 6660580 6660580 6660043 730422 730371 9350580 730580
730071 230414 230741 9710422 6660304 6660741 230006 6660422 3230212 3230422 9710575 3470200 3730770 9710857 9711007 9710200 9710996 9710857 8190560 8190913 9710960 9710770 8710770 9710880 9710071 3470285 3950043 9710285 9710969 3470923 9710752 3470580 8710752 3470200 3470043 7790770 9040969 7790937 7790969 7790969 3950043 3950043 3730422 730857 730770 9350741 730928 8190894 8190894 8190969 9710770 3700770 2760560 9710422 9710969 8710770 9710043 3230560 9711007 9710496 8870741 9710580 8711002 7790770 7790969 7790937 7790857 3950870 9040969 7790969 7790969 7790913 7790857 8190422 7790937 7790841 7790913 8870560 3950043 9710043 5230930 6660930 9350930 3730004 3730004 6660930 6660930 6660930 730930 8710743 6660043 730071 730729 520371 9710729 7790841 8870560 7790937 9710043 5370043 2760870 7790870 7790752 8190519 8710770 9710782 9710752 8870772 230872 230920 730888 6760973 9350422 9710741 9710924 9710006 9711002 9040969 9710969 3700741 3470414 3470923 8190964 7980973 5370964 8190519 8190888 3470857 9710996 3730741 8190870 8190870 9040857 8190870 520857 9710920 9350894 8710646 7790857 3930519 9350888 3230857 3700422 5230422 5230872 6660304 3730928 3730928 9710371 730857 3700752 730796 730414 4720580 9710580 3230422 9710071 9710752 8190969 4990930 4990930 4990857 4990043 8790857
9040857 8711023 3700043 3470752 3700888 5230872 3471007 8190646 9350646 9710752 8711023 3930857 9350930 5370930 3731002 2760930 5370930 250930 8190772 5230422 730880 730969 730646 2760071 7790969 7090973 9710285 9710857 3470200 9350743 5981023 8190071 8190964 4720857 9040864 9710782 3470414 3470043 7790857 3471023 2760071 3470580 2760414 2760770 9711023 9040580 3700519 8870741 230414 730752 730212 3230880 8870880 9350888 730770 730857 7790894 730580 7790964 9710752 3700770 9710752 9710752 9710752 9710752 8710857 3700743 9710741 8190960 3950960 9040857 3950960 3950043 7790913 8870580 9710580 3700580 9710200 9710752 9710414 8190043 730857 230924 9710767 8710752 8710770 7790969 5370043 7790741 7090973 8710930 7090973 8190920 8190741 8710770 8190896 8190752 3700857 3700960 8710752 9710752 8710752 9710888 8710519 2760743 9710043 8710767 3470743 3470743 2760743 9710043 9710987 9710888 9710741 7790770 3470580 9040580 9710205 9710205 8190960 8190880 3470857 9040857 9710729 3950729 3950729 9710767 8710646 9710743 3700743 8190888 9040580 4720969 9041007 9040969
9710920 9710743 4720741 8870741 9040961 730741 7790894 5370043 730043 9040580 3470894 3730004 7090973 9710880 3230212 3230880 3230880 3731010 3731007 8190812 7790857 7790580 9710920 4720969 910741 730741 730752 4720519 9710205 730880 3230560 910544 3950371 4720200 731007 730928 8870560 730928 8710043 730770 6660422 730928 6660996 730200 730422 730928 730880 6660930 9350930 9350580 730071 730857 9350752 9350937 730928 730964 9350560 730200 730743 730200 730580 910544 730071 9350580 730729 8870580 8870741 4720544 4720363 4720544 9040969 3470923 3950960 3950960 9710646 7790741 7790841 7790937 3950960 8190519 2760857 2760872 2760896 2760043 3470200 9710006 9710371 520371 8190772 4630930 3950772 9710527 3470043 2760006 9710872 7790516 230872 3730004 3730004 3730924 1760973 3730004 3730004 8190770 9350741 5370729 9350930 8190687 2760857 9350687 9350687 730043 2760516 730870 2760006 9350930 9350930 9350930 9350930 8190930 8870741 3700741 3700414 3700741 7090973 7090973 9710741 730519 730200 730772 2761002 730519 2761002 7790519 2761002 7790580 7790580 7790580 7790580 7790580 7090973 1760973 4630580 4630004 7090973 1760973 1760973 7090973 4630004 4630071 1760973 2760857 9710770 9710752 9710006 730888 3470752 3470752 9710920 7790752 3730870 3730268
9350560 730857 3250857 8790857 230857 8190687 9350422 5370930 8190071 8190896 8190896 8190043 730964 730857 9350043 5370752 9350894 5370741 8190741 2760857 730924 230350 730371 730812 9350888 9350071 9350743 5370071 5370743 5370071 4990930 4990930 9350930 5370930 730857 8190496 7790857 8190519 8190519 2760857 8190687 8190937 9350964 9711023 8190752 2760857 8190969 8190071 4990930 730414 3470894 2760857 2760896 2760894 5370043 2760752 5370752 5981023 3470987 5981023 7790888 8190964 7790743 3470857 8190920 8190888 8191023 7090973 8190646 2760857 5370043 5370043 7980973 730857 5370930 730857 2760857 8190043 7980973 9350930 5370930 5370043 730857 9350580 230857 730964 230920 3250857 8190043 8710043 1940973 7980973 7980973 7980973 9350752 9350930 9350752 3250857 730964 4720964 8190913 2760743 7790770 7790857 8190516 8190960 8190894 9710519 2760752 5370770 9710743 8710857 5370071 8190888 8190896 8190770 3730519 8190894 5370071 730857 730857 2760857 2760896 7790857 9710519 3730993 8190687 5370752 8190942 8190770 8190752 8190770 7790857 7790857 2760857 8190770 8190043 8190752 8190043 8711023 9710200 2760767 5370770 3250857 2760857 8190772 8190942 2760857 230857 8711023 7790770 9710200 2760071 8190770 8190371 8190519 8190942 730857 9350560 9350743 2760687 2760857 9710930 2760857 2760857 5370964 2760857 8190043 8190496 2760896 7790937 3950043 4720857 2761007 8190894 2760857 8190646 7790857 8190519 8190646 3950960 8190646 5370841 8190942 8190888 8190888 5370743 8190043 8190646 3950043 8190646 3950043 3950043 8190043 8190913 8190752 8190496 7790770 3470200 8190960 8190752 8190913 8190071 7790857 8190043 7790857 7790857 8190888 8190071 8190770 8190752 3230857 9350580 5370741 5370043 230504 2760043 2760043 9710580 230504 2760770 7790857 5370043 2760580 2760580 2760964 7980973 3730422 3730422 8190071 8190646 8190937 4630004 7090973 8190646 8190646 2760960 2760687 6660422 3930519 6660460 731007 730043 2760580 2760857 3730268 2370973 3730268 3730004 1600973 3730043 3730004 4630580 3730580 2760371 2760752 2760043 2760043 230920 2760580 2760857 2760857 9350964 5230969 5230422 9350894 8190894 730371 5370964 5370888 3731023 3730071 8190973 8190969 8190964 9710496 2760896 2761007 731007 230504 8870772 5370071
7090973 4630638 1760973 1760973 730960 7790770 7090973 3731010 3731010 1600973 4630857 4631010 4630857 8190371 8870741 730969 730205 730924 2760924 4630371 7090973 7790841 3470580 7790770 8870580 8870043 730741 2760580 8870043 8870741 3230560 2760580 8870424 730928 2760580 5370580 5370870 730857 6660580 730770 730924 9710580 3230560 9350580 9350752 730741 730924 9710422 3470200 8871007 9710741 3470580 3700560 9040870 1760973 1030928 9350646 2760580 6660580 3470923 9710743 2760350 2760071 2760646 2760770 2760872 2760741 9710414 3470414 9040580 7790969 3950371 9710200 3470043 9710888 7790937 5231023 3470200 2760857 2760857 2760857 7790580 2760770 4720544 2760580 8870580 8870580 8870580 8870580 8870422 6660561 2760205 3230205 730560 2760580 2760371 8870741 9040580 3471023 5370043 730743 9710043 730071 730752 730888 730888 730894 730741 9710920 730888 730743 730888 730071 6660560 730646 730752 9350888 730752 730870 730964 730812 9350894 730812 6660580 730770 9710580 730580 730812 8870924 730888 9040043 8870580 4720741 7790580 8870924 8871007 4720841 8870560 8870580 4720841 7790937 7790857 7790743 7790857 7790857 7790857 7790841 5370772 7790857 7790857 7790857 7790857 7790772 8870772 7790741 730741 7790729 7790841 9710772 8190043 2760857 8190870 2760924 7790924 230006 7790371 9710350 7790937 7790371 9710872 2760371 2760952 7790924 7790752 7790924 3470772 3470894 9710872 8190687 1760973 3730268 3730268 1600973 3730043 7090973 7090973 910857 8870580 8870422 730580 730880 730212 4720580 5370043 5370043 230924 2760969 2760043 230560 7790371 7790937 9710043 9710872 230872 3730004 1760973 3730924 7090973 1600973 7090973 7090973 7090973 3470857 8190770 9710772 2760741 2760772 7790772 7790770 7790772 7980973 5370930 2760930 5370772 5370930 2760930 8190006 5370772 7790371 2760872 2760872 7790924 7790937 7790772 7090973 9040857 3230422
8190646 7790857 7790857 7790857 7790857 3950043 8190964 8190964 9040857 4630857 4630857 4631010 4630638 7090973 3730646 7090973 4630371 4630930 250930 8190930 8190560 8190071 3731010 3731010 3730646 1600973 7090973 7090973 3730004 8190872 8190812 3730371 3730872 3730043 3731023 3731023 4630930 3700770 2080770 8870043 9350043 3950924 7790913 8871007 8870580 5370729 8870580 8870580 4720200 4720969 4720363 7790857 7790741 2760857 730752 9710996 9710752 3730004 3730004 3730004 3730004 3730004 7090973 2760930 5230930 2760350 2760924 2760006 2760809 7790741 7790741 2760741 8190516 8190752 7790770 9710741 8190964 3470743 8190519 8190930 8190930 8190741 8190519 7790752 2761007 8190872 8190872 3950371 2760857 4720519 7790580 2760646 7790857 8190519 7790857 7790857 7790519 7790937 9710071 230920 6660460 3470987 9040872 7790894 3470414 9710580 9710580 9710888 3470580 4720519 5230872 8710646 2080770 230924 3730770 3730004 8710857 9710496 3470857 8190930 8190913 9040857 3930371 730857 4990857 730857 730857 8870424 9350741 730580 730580 730646 4720969 910200 910857 6350857
5230872 1760973 1031010 8190870 8190371 9710414 9710969 9040969 730964 6660580 9350888 5370888 7790888 7790743 1030638 8190942 9040580 7790857 7311010 9350930 6660043 6660422 6660304 9710996 2760043 7790043 7790043 3730004 3730043 7980973 730857 9350580 730857 2760920 8190752 3731010 1600973 3730646 3730004 1760973 7090973 4630638 7090973 1760973 8190043 3730004 2080770 5370071 6660043 2760920 9710519 8710519 8710519 9710200 7790519 250930 8190930 8190519 7090973 7090973 7090973 8550857 9040580 7790741 9710864 9710741 9710414 9710924 3470872 9710872 730812 3700580 9350560 9040870 9350560 9350741 3930371 8190880 8190741 3730004 3731010 3730872 8190973 230857 730205 5370930 5370371 7790371 7790937 8190812 230006 2760414 730924 3700519 2760969 910857 3730743 9710857 3230422 730969 9710371 9710285 1760973 3730004 7980973 3950043 7790857 3950043 7790857 3950371 9710006 5230646 9710960 9040857 3731010 4630857 7090973 8190973 8190071 9710414 9350964 9710527 9040580 3700560 3730560 3730646 8190646 7090973 9710371 4720371 9710872 9350870 9711023 8871007 2080770 8190496 5230930 5230857 6660212 7790770 3700580 8870043 3700043 8190964 3731010 3731010 3730004 3730004 8190937 9710923 8190812 9710646 9710888 3470414 3470894 4630071 4630928 3700205 2760071 9350071 2760857 8190812 8190872 8190812 8190646 3950043 3950043 3700770 8710646 3700743 8870924 9710371 3470743 8870560 9710782 8870043 8710767 7790772 8190960 3730004 3731010 3730004 3730004 9710857 3700043
3930857 910857 910857 910371 3470857 910043 910857 3230880 3470857 7790516 3471023 1940973 8190937 9040857 7790913 2760857 7790371 8190880 9350930 910200 730857 7790857 7790857 7790857 7790857 8190937 2760857 7790519 4720363 7790937 9040969 8870741 9350937 7790857 8190560 2760741 250930 250930 8190422 730857 5370371 8870870 7790870 8870741 7790841 7790741 7790371 7790371 7790371 7790371 7790371 7790937 9040857 7790857 8190560 7790857 7790937 6660996 730422 4720857 730812 2760880 8190870 8190870 8190071 8190770 8711023 3470200 7790743 3950043 7790857 9350743 8190071 8190519 8190519 8190519 2760560 230496 8710770 2760646 3470200 3470200 7790894 8870422 2760580 4720580 2760043 2760043 8870043 8190043 7790043 7790043 3470422 8870880 8870043 8870043 7790937 7790857 9040580 7790580 7790043 7790937 7790841 1760973 3731010 7090973 7090973 8550857 8190973 8190973 5370043 5370043 5370580 9350043 9350930 9350930 730857 3731002 5370580 5370043 5370580 9350580 9350580 730043 730857 730580 4720200 730857 8870580 4720200 4720580 5370580 3730004 3730004 3730004 8190872 9710969 9710969 9710729 9710739 9040969 9710739 9710205 3470205 3470924 3470924 7790857 730371 8710580 9710580 8190872 3470857 3730872 8190942 7090973 7090973 8190006 4630004 2760870 7790519 8550519 9710212 9710371 9040857 3950043 250930 250930 7790857 3950043 3950043
8190560 9350422 8190969 8870741 8190969 8190969 9350646 520857 9350937 8871007 4720857 3930857 3950729 4720857 4720857 4720857 4720841 8190371 8190870 3730422 3730924 2760741 2760930 8190371 3730004 3730004 3730004 7090973 8190888 8190964 3470857 8190888 3700857 4720363 9710739 8710422 2760894 9710782 2760894 9710580 9711023 8190973 8190872 8710857 9710071 9710920 9710964 2760741 2760741 3230205 3930212 3930212 3700870 3700743 3930519 910519 8710857 9710575 3470205 9040857 8190880 4630928 4630200 6660996 9350646 4720200 9350580 9350880 5370741 8190896 3730646 3730004 4630857 8190930 4630930 4630043 3700857 3700741 2760969 8870741 9040870 2760928 8190870 8870870 9350930 9350422 9350924 9350422 7790857 7790857 8870772 7790371 7790857 7790857 7790857 7790841 7790924 7790857 7790857 7790857 9350930 5370930 8190371 2761007 2760857 9350924 7790857 7790580 7790729 7790741 7790841 6660996 3700870 9710006 3470923 9710864 9710371 8870580 730741 8870043 3950371 7790937 7790937 3950043 7790937 3950043 7790741 7790841 7790841 7790937 7790743 3470743 2760741 5231023 6660580 8710580 8870580 9710770 5370888 910741 9710071 9710071 9710752 9710920 3730071 8190071 8190770 9350560 3700519 7980973 5370770 2760920 8711002 520857 4631010
3730004 3730004 731007 730880 8870424 730928 730857 3730004 9040857 8871007 4720857 7790580 8870043 9710422 3731010 4630930 8190496 3470857 3230205 9350422 7790857 7790741 7790913 7790752 3950043 4630043 8190043 8190043 8190913 9040580 7090973 3950772 2760857 2760857 7790857 8190930 8190772 8190043 5370772 7790857 3230422 3230560 9710205 3930857 520371 3700770 9710782 9710782 3470504 9710772 3470857 9710772 2760414 3470923 8190960 3730646 4630004 7090973 1760973 7090973 8190516 3700857 3700422 9710646 9710496 3470580 9710996 9710422 9040772 3930212 3930212 3700205 3731010 1600973 3731010 4630282 4630004 8190371 5230857 3470205 9710964 3730043 2760043 5230422 230560 230006 730796 9710580 3700880 3700422 7790752 230741 730560 730928 730560 8870741 520969 9710205 3470200 9710739 9710575 8190888 3730004 8190560 7790888 730043 9710200 3700770 9710200 520857 3730004 8190960 3930519 3930796 3930880 9710767 3700770 9710741 3230880 730812 3230212 730560 7790857 2760043 2760857 3700560 7790964 2760857 2760857 2760857 230809 230560 9710864 7790888 8711023 3470205 6660561 730888 3700580 9710422 3470580 3470580 9040580 7790770 3730071 8190964 3730560 3470772 3470772 8710043 8190043 1600973 3730004 8190812 5230857 730928 8870924 8190930 8870580 9710414 9350880 7090973 3730004 3730004 1760973 8190973 9040857 9710741 3700414 9710880 7090973 3470857 8710043 8710743 7790752 3470894 9710857 3470857 5230646 1760973 1760973 1760973 4630580 9710960 8710752 3470205 4720741 9710857 9040857 9040857 9710414 9710741 3700414 3700960 9710741 3700414 3230212 9040857 8190371 9710646 3700414 3470923 9710414 3700880 3731010 3230857 730857 730043 3230422 3230880 4720580 8190043 8190043 7790857 8191023 8190646 730960
3390743 8550857 9710888 3470200 9040872 9710414 9710414 3470752 2080743 3470414 9710422 9710996 3950371 3950772 9040870 7790964 3700741 3470923 3950924 5370743 7790580 7790580 3470580 3470414 9710741 9710205 9711007 9710006 3470924 3470414 7790743 1760973 1760973 1760973 1760973 1760973 8190741 6660560 9710864 3700205 8870741 7090973 7090973 8190560 3470200 3470743 7790894 8190770 3390743 9710924 3470205 9710422 9710888 3470205 9710212 3470414 9040857 9040857 7790888 9710646 7790371 9710872 9710872 3700560 3470924 3470752 3700741 9040961 9040961 8870741 9711023 7790964 7790687 8190896 4720964 7790937 4720841 3470414 3470200 3471023 3470414 3700414 7790743 9710285 7790741 9710864 7790841 3700519 3950371 9710646 3470923 9711007 3470205 9710920 4720964 4720964 7790857 7790857 7790894 7790894 3470894 2080743 3470743 3390743 9710729 9040870 3470894 7790857 7790857 2080743 8190964 3470743
3470743 3471023 7790519 8550519 3390743 7790580 2760894 2760043 9350043 730964 730743 730743 3470580 9040857 9040857 3470752 8710743 5370772 7790772 2760772 7790888 3470772 2080743 9710920 3700743 3700205 3700414 8190071 9040857 3470857 7790857 2760952 3470285 2760767 2760964 2760371 2760772 3470043 2760752 2760043 7790857 3950371 7790741 3700741 8710743 3700414 3470743 3470743 3470743 8190371 8190894 4720857 4720363 9710920 8710743 9710414 9710996 9710422 3470580 7790752 7790924 7790516 2760414 3470285 2080743 7790857 3470200 2760043 6660043 2760043 2760857 3470043 7790857 2760857 8190770 8190741 3470285 3470752 9710205 9710071 3930880 9710888 910928 8870741 3930857 3700960 9710414 9711023 8710770 8710752 8190770 3730071 8190071 8190920 8190920 8190964 9350743 8190964 8190896 3470772 9710071 8710772 7790770 3470580 3470743 5370043 7790870 1760973 7090973 8190071 8190071 230504 230741 230414 230857 9710646 5231023 2760964 8710422 2760371 2760580 6660422 2760422 9710043 9710770 9710880 2760071 8710043 9710924 6660422 3930212 6660996 8710864 9350888 8710743 8710646 3730560 3730560 8190964 8190752 8190071 7790043 730743 730422 8710043 9710987 7790743 7790894 9710969 3700960 6660880 9710212 2760770 2760928 6660460 6660043 6660996 730812 3700580 8870580 8870580 9710414 9710205 9040961 3950371 8190043 9350924 3700205 9710006 9710741 8710770 3470752 9710924 3390743 4720371 5230872 9710527 3470422 9710527 9040872 3470872 3930880 730928 3230422 3731002 3930857 9040969 8870282 3930519 730006 230006 730741 230809 2760741 2760770 2760809 9710414 2760809 8871007 730928 3230205 8870282
3230212 9040043 3470043 3470924 3470743 7790937 8870772 8870772 9710864 9710422 910772 4720371 3700880 7790770 730371 8870043 3700772 7790924 7790894 3700772 4720741 9710580 730205 7790964 910741 7790770 3471023 230767 7790857 3471023 3470200 3470894 3471023 730924 3950371 3700880 7790741 3470924 9710752 2080770 9710496 9710770 9710646 9710729 9710729 3470857 8190960 4720741 2760809 2760809 7790741 7790770 7790770 7790043 9710770 7790888 3730043 4630580 4630580 8190942 8190770 8190519 2760770 2760809 9710964 8710743 3470743 3470743 3470857 3930205 910772 9710880 520371 9040870 730960 9710864 3470205 8710743 9710743 9710350 3700960 910928 910928 910928 3470043 910857 7790519 7790752 3470743 9710996 3470043 4630043 3470043 730560 8871007 8870741 730880 9040772 9040772 7790516 3470987 3470894 520371 3471023 9040864 9710414
9040857 730928 730560 9710205 8870422 9040857 3470200 8190560 8190969 9040857 520371 3700422 3700205 3730422 7090973 7090973 7090973 8190812 7090973 520857 3700741 520371 9040043 9040969 910043 3930560 3700960 9710043 3700043 3700772 3930422 3930796 9711023 9350043 9710729 9710006 3700205 3700741 8710414 7790857 7790043 7790857 3950043 8870924 3470200 2760516 9710770 7790741 8710646 3950043 8710043 8710857 9710782 9350071 8870043 3470580 2760752 8190043 4630580 3731023 4630928 8190894 9710930 9710930 730743 5231023 7790752 9710857 9710580 7790371 3700752 3700043 3700960 3700770 9710857 8190812 9710752 9710987 8710743 9710071 3730646 4630200 4630913 4630004 4630004 4630004 8190964 8710414 3930857 3700857 9710371 9710071 8190964 3700888 3700888 3700752 8710043 3700770 3700770 2760952 7790687 7790752 3470504 7790043 3470043 7790964 7790964 7790743 3950043 8190646 3700770 3700770 3700888 9711023 7790741 3950043 7090973 8190964 2760043 9710043 8190043 3730004 3730004 8190770 9710580 3700888 7790841 2760928 6660212 6660212 3230212 9040043 7090973 3730004 7090973 8190006 3700857 730560 8870580 730796 3700580 8870580 9710371 3700580 3470580 3730004 3730004 7090973 7090973 8550857 7090973 8190646 3230422 730928 2760928 730880 3700857 9040857 3700770 6660304 3731010 3730993 9040857 8190812 7090973 2760560 5230422 7090973 7090973 7090973 7090973 7090973 7090973 9710996 3700422
4720964 7790560 4720964 8550857 3390743 4040200 5370752 730752 730770 5370043 730422 2760580 2760422 2760580 7790580 2760580 7790519 7790913 7790560 7790841 9710006 9350560 8190071 8190560 730560 4990043 730205 730857 730580 730560 730812 730422 730422 7790580 9040043 7790913 730924 3700205 9040969 3930560 8190071 2760205 9350752 3930422 6660561 3930212 3931023 3700880 3700560 9040857 3950960 7790043 7790743 2760043 7790580 7790519 7790580 7790743 7790741 7790913 7790937 3930560 4040424 7790969 730969 8870772 3700772 730812 8870580 730928 730212 730519 8870422 8870741 4040200 3470414 3470414 9710880 3700888 910741 3470414 7790043 7790687 7790743 4720964 2760414 2760752 7790371 7790580 7790770 7790371 8870424 3700560 9710371 910741 8870043 7790937 730924 9710880 7790969 9040969 6660930 9710930 8870741 730729 3931023 2760872 8870741 8870772 3700519 3930870 3931023 8870870 730996 730729 7790741 9040969 730752 7790729 7790888 3470043 7790743 8870880 8870741 8870772 8870282 730646 4720200 7790913 7790580 5370930 730930 231023 2760930 2760930 7790580 2760770 7790743 7790687 8870424 7790518 4040200 4040200 9350870 2760857 2760870 2760743 2760743 2760646 8870043 8870580 730969 730043 730043 730043 730772 730646 730928 730772 730928 8870772 730646 730928 8870772 730928 8870772 9710285 5230930 2760371 9350880 8870772 730772 8870772
3390743 730930 7790729 7790043 2760414 2760741 8190519 2760930 2760414 7790519 2760741 2760930 5230930 5370580 9710923 5231023 7790924 5370741 730772 5370043 730200 7790969 8870043 7790969 2760964 730519 730422 2760743 231023 730422 7790937 2760043 730560 730928 8870580 7790729 8870205 4720544 9040580 7790743 2760857 3470743 6660561 3700043 4040200 9040043 8870580 4720969 8871007 3950729 520857 520857 520857 4040424 4720969 4720857 4040200 8190969 4720857 4720857 910857 520857 5370961 8870282 520857 3950371 520857 3950729 4040200 3950729 3950729 3950729 910741 3931023 8870422 3700205 9710729 3700870 9040870 9040870 7790857 7790964 7790043 730043 7790580 7790580 7790841 3700743 8550857 6660304 730043 231023 230006 2760772 5370772 7790580 7790560 7790560 3470772 7790913 7790913 730928 731023 730772 730772 730928 730928 5370772 520371 520857 730812 5370043 7790043 7790580 7790687 7790043 230809 8870772 7790857 5231023 7790371 4040200 4040200
4630580 7790580 4630580 9041007 7790888 7790964 5370888 5370741 8190560 250969 9710969 9040969 7790371 9040969 2760560 2760743 2760071 7790043 2760043 3470743 9040969 9710920 7790743 8190071 8190043 9350422 3470857 8710519 3470743 7790969 730743 2760071 8190422 5370743 5370964 8710743 910772 7790371 910043 9710969 7790961 731007 730812 3230422 730071 3470743 9710920 9710964 2760422 2760043 8710043 7790371 3470043 8190913 8190960 7790888 3470200 3470743 2760870 9710071 9710770 9710071 3470987 3950960 3700414 9710752 3470752 8710646 8190752 9711002 730960 230496 730770 9710770 730960 730812 730043 730969 9710071 9711002 730071 3470987 2760071 230920 730888 7790969 4720964 8710743 8870560 3470987 9040043 7790857 8870043 8870043 8870880 7790937 9040043 7790580 7790841 9710043 7790580 9040580 9040043 8870580 9040580 2760743 9710071 2760964 9710987 4630580 3471023 9350071 3930205 8710872 8710646 9350646 9350043 4990857 4990857 3930857 8710743 4880973 1031002 1030638 3730241 1031010 1031010 1760973 3730043 1760973 7090973 8190646 9350752 3700770 9710743 3470504 9040961 9040961 730371 3230880 9710739 3470743 5370071 8190960 730857 730043 730857 9710071 8710043 3730071 3730422 3730580 3731023 3730004 4630930 4630043 4630580 8190646 3230212 4720741 9710422 9710767
3700741 8550857 8550857 5370043 8190043 7790894 7790857 7790687 7790580 7790857 8190942 7790857 2760350 3470043 3950043 4630857 3931023 3930205 910741 910857 8190894 8190043 7790857 2760043 2760924 9710920 2760857 2760809 7790857 7790857 7790743 3470043 7790913 3950043 7790857 9040857 3700857 3700043 9040043 9040043 7790857 7790857 7790743 9040043 3700043 3700857 3700043 9040857 3700043 3470043 9040772 9040043 9040772 3950043 7790857 7790741 7790743 7790687 9040772 8190770 3471023 8190770 7790857 3470043 7790687 3470857 7790371 3470205 3471023 5231023 8190519 2760880 3470422 3470200 3700857 9710414 8190043 2760857 8190960 2760741 8190741 3250857 8190687 3700043 9711002 3700043 3700888 3470200 8870043 730743 8870741 8190772 730857 8870772 7790857 7790857 730857 9350043 7790741 8190829 730857 9350580 6660560 8190942 8190043 8190043 5231023 7790857 5370770 3930519 6660880 9350646 9350560 9350646 8190961 9350422 8190422 3730004 4630638 8190043 8190043 3950043 7790770 3230857 2760741 2760741 8190741 3470205 7790857 7790857 8190646 7790969 8870043 3950043 7790857 8190969 8190043 8190043 8190969 3950772 7790857 9350700 730964 9350930 9350930 8190071 8190880 8190920 8870043 8190043 9350043 5370043 9350560 9350560 9710964 8190969 9350964 3930857 9350894 9350043 8190969 8190772 3950371 8190371 8190772 3470857 8190772 7790857 7790857 8190043 2760857 2760857 2760857 2760857 2760857 2760857 2760516 250930 7790857 3950043 1760973 4630930 8190772 7790894 3950870 2760964 7790964 7790857 7790888 7790913 8190920 8190964 7790888 7790743 7790743 7790743 2760043 7790857 8191023 5370930 3950371 7790857 8191023 8190646 2760741 8870043 7790043 730880 8190043 5370741 9350043 2760880 9350880 8190071 9350924 5231023 9350888 9350741 8190071 8190071 8190964 9350924 8711023 3700414 2760857 8190043 2760809 9350924 7790741 8190772 3700414 8190741 8190969 9350560 9350880
8190888 9040857 3700414 3700743 9040857 3471007 9711007 9710920 7790888 7790752 3230422 7790770 3230880 910928 3230880 7790772 2760772 3700741 3230880 6660561 8870741 3950371 3700880 7790729 2080770 7790770 7790857 7790857 9710043 7790857 7790752 9711002 8711023 8710857 7790964 8190770 8190752 8190888 8190770 8190071 7090973 7090973 3730004 7090973 7090973 8190896 520857 9710920 9710920 7790964 7790371 8710043 7790752 9710414 9710043 7790770 9710741 2760924 9710996 2760422 2760880 520371 3700519 8190371 7090973 7090973 7090973 9040857 8870741 3700519 9710739 3470857 3700857 9040857 9350560 7790857 9710924 3950924 8190071 3470504 7090973 3470857 8190043 3470043 8710043 7790894 9710071 9710767 9711023 3470872 3470857 730928 9040864 8870924 3700205 9710741 9710864 9710864 8870422 730960 730996 9710527 9040580 7790857 7790857 7790857 3470857 3700741 3700205 3930422 8870282 8870741 3700205 9040872 7790857 5370071 8190006 2760894 8190880 8190920 9350964 3230371 3230560 730961 730961 910200 9710752 9711023 3470752 9040857 8190920 3470857 9710923 3471023 4720857 4720857 8870880 730560 730043 2760580 3470580 7790580 9040580 9040857 3950371 9710580 2761007 2760422 8870580 9710043 2760880 4630371 3470857 9040857 9040857 3700741 9710350 3470414 8870741 8870741 2760043 7790743 2760043 9710741 7790894 9710580 7790961 910857 9710743 3730560 4630071 4630913 4630371 8190371 8190888 9350043 2760422 2760414 2760414 2760857 2760857 2760741 2760857 8190741 8190006 3700741 3700743 3700770 9710646 3470422 7790913 3470043 9710006 4720741 3230212 9710996 7790752 4720857 7790752 4720371 2080770 3730560 4630913 8550857 9710880 9710920 2760752 9710770 7790770 7790752 9710580 4630857 3731010 3731010 230006 9710575 8190519 8190687 2760857 8190872
7790752 7790752 7790752 7790857 230496 3470043 2080770 7790371 9711002 4630930 3731010 4630638 7090973 7090973 5230857 2760006 8190519 2760687 2760516 2760857 2760924 3700743 3470205 3470422 3700772 9710924 3950960 3950924 730414 8870580 7790924 8190646 4630043 9040857 8870560 9040969 4720969 7790913 9040580 3930205 3470857 8190888 2760857 9710043 3470285 9710741 3470422 7790741 7790913 7790743 3930870 3931023 3931023 3930796 3931023 9350646 9350924 5230646 730857 6660880 730212 8870424 730043 9710043 730006 2760924 7790580 8190888 4630071 9710782 9710924 9710924 8190770 8190741 3730872 4630043 8190043 8190772 2760896 7790870 2760870 4631010 4630043 4630638 4630913 4630913 3470580 4630071 4630638 3470580 7790894 7790888 9710519 730560 3230212 8871007 8871007 730880 8870560 9040580 7790043 3950043 3470414 3470414 3470857 9040857 7790741 9040872 520371 7790371 5370043 9040969 7790043 8870043 8710580 8870580 8870772 2760071 2760770 2760857 8710519 9710772 230504 7790857 230920 7790772 6660212 730741 3230422 3700205 3700205 3700752 3700205 9711023 3950371 8190872 8710414 8711023 8710414 8870205 9710205 9710371 3470414 3950960 8190043 8190872 7790516 9710371 6660560 730422 2760580 4630580 3730580 3730580 9710414 3470043 3950043 2760414 5370770 730857 730560 6660561 9710043 2760422 730422 3230560 7790752 3950371 7790857 7790857 9040580 7790913 7790371 8190880 730743 2760043 2760071 2760071 3470422 7790964 9710920 8190964 2760043 230924 9710923 2760924 8190960 3950043 7790580 7790043 7790888 7790888 3470772 3470743 3390743 7790857 9710743 3700743 9710422 730928 9350071 8870043 3700741 7790924 5230646 3470924 520371 9711002 7090973 4630580 7090973 8190741 9710864 9710864 9710739 3700422 3730888 8190964 8710043 9350071 9710422 2760857 7790741
5370580 9350422 9350894 7790857 2760857 5370071 9350560 2760857 2760857 2760071 5370888 5370772 5370888 730930 2760071 730580 5370772 9350930 8190930 2760857 2760857 8190687 7090973 7090973 7790857 7790857 3470857 8190371 3470857 3470743 7790969 730930 9350743 730857 8190043 3950371 7790580 7790857 9350743 9350752 5370888 9350752 9350043 730857 8710930 9710743 2760043 2760743 9350894 9350964 9350964 730857 3731002 3730924 3730004 7980973 7980973 5370888 5370964 5370743 5370930 7980973 9711023 3730422 9350743 2760896 3470200 3730993 3730924 8190752 9350924 730857 730560 3471007 2760422 730741 9350888 730960 730857 8710930 730857 730560 2760857 5370071 9350422 3730580 8190913 9350560 9350580 9350580 6660996 9350422 8190973 7980973 9350741 3930212 9710969 9350880 9350741 2760857 9350741 2760857 5370930 5370371 5370071 5370964 3730741 3730741 3730928 3730928 3731002 9350043 8190422 8190043 9350071 5370964 5370770 5370741 730772 5370772 730772 5370772 2761007 2761007 9710857 4720969 2760928 8870924 9040969 9040969 7790964 9040043 7790770 7790729 730043 9350043 8870580 8870580 8870580 8870424 3700519 8870424 9040857 8870424 3470772 7790857 3700043 8870043 8870772 8870560 2760043 2760857 730212 8870741 8870772 3700043 7790741 8870043 7790857 8870424 7790857 730928 8870924 2760772 7790741 7790924 8870741 8870870 3950870 5370741 8870870 5370961 7790961 730924 730961 7790770 7790857 5370071 730857 2760857 230006 730205 7790043 2760043 3950371 9350043 8870870 8870870 7790580 5370580 8870364 8870580 8190741 7790741 7790752 3950960 8870580 8870424 7790841 7790752 7790729 3950960 2760741 730043 7790043 7790870 7790580 9710580 7790741 3471023 8190772 2760043 2760960 730580 8870580 8870518 730924 8870772 8870580 7790857 5370043 2760857 7790870 7790870 7790857 8870043 9040043 7790857 7790741 9350043 8870043 731023 8870424 8870424 8870424 730729 8870741 3950371 7790857 7790741 8190646 5370743 5370964 3731002 9350888 3700888 8870870 9350743 8190006 8711023 5370752 2760071 3470772 2760770 7790043 7790888 7790741 2761007 4720544 7090973 7090973 2760516 3700741 8870424 730961 910200 730961 730857 3230857 8870880 9350880 2760767 9350752 2760809 2760969 2760809 730928 2760809 2760857 2761007 2760857 4720857 3700870 2760560 3700422 3470043 3700043 4720200 3230857 3230880 4720857 8870580 8870741 7790913 3470043 3470200 2760924 8870580 7790870 2760767 7790888 7790937 3470752 8190770 5370071 730928 2760752 7790741 730043 3470200 8870741 2760969 5370043 8190646
8550519 7090973 9711023 9710371 9710006 9710371 9710872 9040864 3470414 9710920 9710924 8870043 910043 3950043 7790580 7790580 7790516 7790043 7790687 7790687 7790894 2760043 7790580 3470772 7790888 730006 730043 730560 3700960 9710741 3700770 7790752 8550519 910371 9711023 730880 4720741 910857 8190961 8190961 8190880 7090973 7790857 7790964 4720841 3390743 3390743 3390743 3700560 8870205 3700560 8870043 3700043 2760043 230924 8711023 7790752 7790752 8710519 2760770 2760752 8870580 2760920 4040200 7790580 7790043 7790770 7790043 7790913 3471023 7790687 7790913 7790518 2760752 7790964 7790580 3470580 730422 2760371 7790580 7790752 7790913 7090973 7090973 5370729 4720857 3470200 730560 3230205 3470580 3470200 8190880 3700888 3470752 730770 230496 8190043 8190043 7790857 7790857 730205 910043 9711007 7790888 9710043 8870741 2760770 7790516 7790741 9710741 9040872
7790043 2760772 2760371 7790371 4630004 7090973 910857 910772 910043 730741 910772 8870741 9710864 910043 7790888 2760043 730043 910741 9040969 2760857 730043 7790841 7090973 7090973 7090973 7090973 4630004 7090973 7090973 8190519 9710422 6660304 6660996 730422 730857 730772 730772 730006 7090973 7790770 7790857 6660560 2760646 2760924 8870364 2760969 2760880 8870422 8870518 9710285 910371 3700205 9040969 9040969 5370888 2760071 2760043 7790043 2760924 7790772 7790741 7790857 7090973 730071 2760772 3230422 730796 3471007 520969 7790043 9040772 8870518 731007 730960 910043 730961 3470987 7790743 2760770 2760743 7790743 2760743 230920 7790580 8190920 8190071 7090973 7090973 7090973 910857 6660304 8870422 3930519 3930212 9710969 8550519 9040969 5370770 3470772 7090973 7090973 4040424 730414 7790752 7790913 7790969 910519 910772 8870772 9710969 8710422 9710646 730212 730580 730796 2760580 2760770 910772 7790913 8870043 3930212 9040969 9040857 520969 9040969 8190071 7090973 7090973 7090973 2760741 2760924 731023 730880 8710580 7790580 3470422 2760043 7790964 7790964 7790964 8870772 730422 730071 730960 730043 9350752 3700043 3930212 910043 910928 8870880 9040961 7790580 731007 730928 730928 3700043 7790043 7790741 4720580 7790580 3470580 3470924 3470580 9710006 7790371 7790937 3470923 7790770 3700519 730961 730006 730857 730812 7790371 5370772 9710006 7790371 4720363 3700752 9710729 4720969 4720580 3950960 3471023 7790913 3700043 7790729 3931023 730857 731007 730924 7790580 7790841 7790741 7790519 7790043 7790580 7790857 2760043 2760043 2760741 2760741 230809 2760924 7790580 730857 730928 730741 730857 8871007 730371 731007 9350741 730924 8870741 8190960 9040857 8550857 7790964 3700519 9040969 8871007 8870741 4720519 4720519 7790741 4720544 730752 7790770
730930 730857 4990043 4990043 9350741 3930870 9350888 730212 7311010 3730071 730857 730996 3930205 9710205 6660996 730924 730580 5370371 3730200 2370973 3730200 3730043 8870924 6660741 230741 230924 230767 230767 2760580 2760743 3470580 8190960 730212 2760857 230741 730772 5230969 3930205 730205 2760857 8190930 230350 7980973 9350924 3700743 3700888 3730743 2370973 8711023 5370200 4990857 4990857 6660212 4990043 730857 7980973 9350930 4990930 730200 4990043 4990930 730857 4990930 730752 730857 730930 4990930 4990930 4990857 730857 730857 730930 730857 4990857 4990857 4990930 4990930 7980973 4990043 4990930 730930 730200 730857 4990043 4990930 4990043 4990043 4990930 5370930 730930 730857 9350930 730857 730857 4990857 4990930 4990930 730857 730857 4990857 7980973 730930 4990043 4990043 4990930 9350930 730857 730930 6660930 4990043 4990043 4990930 7980973 730200 7980973 4990930 9350930 730200 730200 730772 730200 4990930 730857 730930 730857 730930 730857 4990930 4990930 9350930 730930 730857 730560 730741 730857 4990043 4990043 4990930 730857 730930 4990930 4990930 4990930 730857 8870580 730857 730857 7980973 5370371 730857 730857 4990857 9350930 4990857 730857 730888 730924 730930 730200 731023 730930 730870 2760043 730930 731023 9350930 5370930 7980973 730930 730857 730200 730857 730930 730930 730519 730857 730371 8870772 9350646 730857 730930 730880 730857 730043 4990043 6660930 4990857 730857 730857 730646 8871007 730857 5370930 731023 730772 2760857 2760741 730857 730857 730857 7980973 9350930 5370870 5370930 4990043 730857 3470743 5370964 230414 2760930 6660304 9350752 2760071 9350888 3731002 5370888 730071 5370888 730857 7790888 730071 8190043 8190894 9350894 5370043 730812 4720371 910544 7790687 7790043 7790371 7790894 910043 731023 730729 730888 730560 730729 730560 8870043 730646 8870422 7790841 730894 9350043 5370043 2760964 6660880 730212 3470422 9711002 3230422 9711007 9350880 9710414 5231023 7790752 230006
730006 520969 910928 9040872 4040424 9710371 520857 9710920 3470752 9350964 7790969 8870422 910043 7790752 9710496 5370043 7790913 3931023 730857 230857 5370043 230857 5370772 7790857 231023 2760872 7790519 7790894 7790741 3700752 7790857 7790894 3470200 8870580 8870580 9040580 9040580 8870580 7790580 7790913 3700857 7790857 9040043 7790743 8550857 3950371 7790371 7790743 8870580 9040580 9040580 7790729 9040580 9040580 9040857 9040857 9040857 9040857 7790580 7790913 7790752 3390743 3950371 7790857 7790580 8870580 3950043 9040580 8870880 9040580 8190043 7790857 8870580 3950960 7790894 9040580 9040580 9040857 8190913 9040857 8190043 8870580 3470580 3470580 7790743 3470580 7790580 9040580 9040580 9040857 7790888 7790580 9040580 9040969 7790580 7790857 7790857 9040857 7790043 3470200 7790516 5370741 9350741 2760371 2761007 4720519 8190519 3470580 3470857 8190888 8711023 730071 9350071 730888 8870741 7790741 9040580 8870580 9040857 3470200 2760880 8870924 910519 5370741 3230880 4720857 2760422 2760924 2760006 3470422 9710371 9710872 4720741 4720964 3950371 3950371 3950371 7790371 2760772 2760772 2760687 2760743 2760743 7790743 2760071 7790743 7790841 8190896 8190930 250930 8190913 2760924 9710923 730414 2760809 2761007 2760924 2760071 2760857 2760752 2760741 3471007 730894 2760924 8870424 2760964 3470580 3950960 730857 7790752 7790752 7790770 2760580 5370741 2760770 2760580 7790964 3470200 8190913 7090973 2760770 2760752 2760920 2760580 730519 2760071 2760960 910200 730560 5370888 5370580 2760580 2760580 2760580 8870741 3470580 8870580 730796 2760857 730857 730870 8870580 5370580
8190770 3930205 3930560 910043 730741 730071 730924 730071 730924 730006 730743 5231023 9350924 730729 730071 3230371 3930371 8870518 730646 9350741 9350964 730741 9710864 2760350 2760924 730770 730741 230504 730580 230924 730770 730071 730894 730560 230741 730964 8710930 5370770 2760580 8710422 8190770 2760920 730752 730071 730888 2760924 2760743 3470743 9350071 9710782 9710920 3471023 9710924 3470987 6660560 730960 730770 4720857 8710519 7790743 4720544 3730770 1760973 8190496 7790857 9350741 2760809 730969 7790969 9710414 3700770 9710212 2760928 2760414 2760928 6660741 9710519 2760969 2760924 910772 910772 2760960 7790741 3950772 7790964 3471023 730371 2760043 3471023 7790857 3950043 7790913 6660422 9710527 2760872 9710527 9710739 2760071 730212 230920 2760743 6660880 3930422 3930796 3930519 3930519 731007 230350 2760043 230924 230006 230920 730888 730888 8710043 730888 730894 730960 9350924 4720200 4720857 2760414 5230872 2761007 9710422 2760964 8710414 4720741 3470872 6660996 6660422 3230880 2760560 3230212 2760560 9040864 2760371 730741 4720519 3230422 4720857 7980973 7980973 3730268 7980973 5370930 7310560 5370930 5370930 5370371 7980973 730928 3700580 8870043 2760809 3470580 9350888 6270652 730741 9710422 8190961 9350924 3930422 3730560 3730560 2760857 231023 230560 6660422 2760770 730560 730371 3930205 3730924 3730371 3730371 3730519 3730043 3730872 3730993 8190961 730743 9710646 8710864 1760973 8190930 8190870 8190560 3731002 3730924 8190422 8190043 8190872 3950043 7790580 7790841 6660422 3230422
730741 730857 730857 730857 3230857 730960 730960 730960 730752 730964 730371 730741 730071 730812 9711007 8710752 730770 730770 730752 230504 9711023 230767 730752 730580 730200 730071 730580 6660580 8870580 6660580 730580 730519 2760928 6660560 730928 3930422 9710782 9710205 9710200 3930422 910544 9710580 730560 730870 230924 730071 730888 8711002 2760752 5370071 9350870 2760071 230496 2761002 8710743 9711023 7790741 6660304 730928 730743 730043 8870043 730071 2760071 2760920 2760964 730743 9350071 9350560 9350964 9040872 3470205 8870580 7790913 4720544 730928 8870580 8870741 730414 4720964 3470422 730796 8870422 8870772 730880 8870880 730071 730996 730969 8870870 730888 730812 3230422 730928 9350043 4990857 730857 730960 9350924 730770 6660043 230741 730770 2760930 730200 6660043 730200 9350741 6660580 2760560 6660930 730857 730857 730960 730857 6660996 3230560 3230205 5370580 730580 9350422 3230371 3230880 3230212 4720964 4720741 9711007 3730268 3731007 3730888 3730872 3230857 3700422 3230857 8190888 6660880 9710770 9710043 9350930 7790857 8190913 9710987 730888 730924 2760741 2760205 2760894 9710772 9040772 3930212 9710752 7790964 8190920 910043 910043 8870880 9040580 9710646 5230969 3230880 910371 3230212 3730560 7090973 4630004 8190741 9710371 6660930 6660930 6660930 6660043 730857 2760006 2760043 8870880 2760414 2760928 3470205 9040772 9040772 2760809 2760371 2760071 9711023 7790888 2760560 2760960 2760770 2760071 9710987 9710923 9710864 9350924 9710741 9710006 5230872 7790752 2760043 7790741 2760741 7790888 2760767 3470422 9710414 730770 9710741 5230857 9710741 3700960 9710371 8190560 4040200 9710006 7790857 2760952 2760071 7790888 5231023 3471023 2760743 3730770 7090973 3730004 4630004 4630004 8190770
6660880 5230930 9710414 5230422 5231023 9350752 6660996 9710996 2760422 7790888 8711002 8710743 9710743 9710770 8710422 730519 2760205 730519 9350071 730752 3470772 7790743 8710743 731007 730752 8870580 8871007 7790857 9350043 3470772 5370961 3950371 3930880 730200 2760043 730519 730743 9350422 3930560 9710924 9040969 3700560 3930205 3470987 3470043 230560 230496 2760422 3700519 3470772 7790743 2760646 2760414 2760743 8550519 2760741 2760422 2760422 8870880 230560 8710422 3470743 8190071 8190071 8710772 6660043 2760928 2760043 2760743 2760350 9710205 2760743 9040870 9710920 9710772 8710772 7790888 8710772 3470772 9710920 8190043 7790857 5370043 7790888 8710743 2760043 230872 2760752 2760772 230920 230560 2760960 8190880 7790857 8190913 8190960 9710200 9350580 8710580 3470580 7790580 8870560 7790743 6660422 9710205 9710996 7790371 730646 730043 3470772 7790770 7790964 9040043 9350560 6660043 2760928 7790371 3470043 3470772 3390743 7790937 7790969 6660996 3230422 3230880 8870282 8190913 3470043 3470743 9710071 9710920 8190920 8190646 8190560 8190913 2760043 7790752 9040772 7790913 7790752 7790937 730812 6660304 6660996 8870422 3700752 3700422 7790888 9711023 3470043 7790371 7790770 9710071 3470504 730928 6660880 3930212 9710200 3930796 3700888 9710743 9710071 9710857 3730004 7090973 8190752 3470752 8710770 7090973 7090973 7090973 9710857 9710969 3470743 3470743 2760880 2760770 6660880 2760646 2760071 8190006 7090973 8190880 9040857 8190888 7790857 8190646 4720857 9350880 7790519 2760857 2760857 2760414 9710285 2760924 5230969 910741 3470743 8190071 3930560 520969 3930205 3700560 3700888 9710969 3470872 4040424
9040969 3470504 730770 3930870 3931023 3700743 9040580 9040043 7790743 8190964 4630638 4630638 8190043 7790857 5370930 730043 730043 730043 8870422 7790857 3731023 4630930 4630638 4630928 4630930 4630857 4630043 4630928 3470772 2760741 9710930 2760857 3700205 8190519 3730560 3730004 4630638 4630638 4630043 8190043 9710741 3470857 2760743 9710519 2760770 9710741 9710414 7790857 7790857 7790857 7790857 8550857 2760809 3470924 3470924 9040864 3700043 7790580 9040580 3931023 3700741 3700414 3700888 730743 8870282 8870043 730888 4720371 9710872 3700741 7790894 730741 730880 3470923 8870422 9040580 8870741 2760071 2760964 3470894 5370043 7790857 7790772 7790857 7790770 9350741 8870924 9041007 3470285 9710350 8190973 8190741 9710729 9350880 3950729 3930560 3930371 9710646 9040969 3700752 3930796 3930422 4720544 3950043 7790518 7790857 730741 8710770 6660212 8190752 8711023 7790770 7090973 3731010 7311010 1760973 7311010 8190930 6660996 2760205 2760741 8190519 8190646 8190964 9710923 8710414 9710414 9710924 7790857 7790741 4630913 4630043 4631010 4631010 4630004 7090973 4630004 230350 230924 2760371 2760928 3730004 3730004 3730004 9350043 8870043 3700043 7090973 7090973 7090973 7790841 9710414 5230872 3731010 3731010 3730004 1600973 3730004 3730004 7090973 4630004 7090973 7090973 3950043 8190043 8870422 2760043 7790743 2760770 2760743 2760743 2760071 7790870 5370772 3470043 3700414 3470580 9040043 3930857 910043 3700043 9040961 9710646 730928 731023 8870924 8870772 9710872 7790580 3470772 7790937 9350646 5370071 9350560 3930880 3930796 7090973 9040857 3730268 3730004 230741 730770 230872 730580 8870772 8190646 3700743 8190071 3730004 3730004 1760973 3730004 7090973 6660043 730930 730043 6660212 730043 730770 730043 8870043 4630371 4630043
4720371 8871007 8190741 2760857 3730004 3730004 6660930 6660043 9350043 2760205 3700772 2760928 8870043 3470857 8190496 8190519 2760857 2760516 2760114 2760872 2760114 2760770 2760752 2760952 2760743 9710212 2760857 2760857 3470894 2760516 5370043 2760857 8190519 9350880 2760857 6760646 2760896 3730974 3730770 3730993 9710422 3930870 2760964 2760422 730422 2760516 3731010 3730004 3730872 4630857 3730004 3730004 730894 730894 730880 730880 8870422 730560 730200 731007 730894 730812 730870 730969 730870 730870 730969 9350580 730580 2760687 2760930 2760969 2760516 2760560 2760205 7790519 3230205 3230205 910741 9710646 520969 3470752 3470205 8870870 910928 8190646 3731010 3730646 3730004 8190913 3470857 8190043 8190770 2760857 2760930 2760857 8190960 2760930 8190519 2760371 2760516 2760896 2760516 2760894 3230422 9350888 8190973 3730371 731007 3230880 3230880 3930422 3930880 730894 6660043 4720580 9350930 5370870 730969 730870 730422 731007 2761007 730894 730964 731007 4720964 8870043 6660561 2760043 6660422 2760857 2760930 2760857 2760371 2760371 3730004 3730004 3730004 3730004 3730004 3730004 2760857 2760043 730894 2760896 8870043 2760371 2760687 2760205 2760422 8870870 2760580 730741 8190519 910371 730870 3730004 8190896 8190687 7090973 8190687 7790964 2760857 5370043 5370770 2760857 8190752 2760857 2760896 6760857 2760857 2760857 2760516 2760857 7790857 8190519 2760772 7790741 2760894 2760896 2760964 2760043 6660212 3730870 3730268 3730993 8190973 8190687 9350964 2760896 2760743 8190896 7790857 9350043 6660930 2760870 6660212 6660422 2760880 2760857 9350870 3930870 730870 6660880 6660043 2760880 2760896 2760870 2760043 2760205 2760422 230560 2760646 2760422 2760560 2760516 2760857 7790580 9710772 2760043 2760516 730580 730580 730646 730812 730560 730560 2760930 5370043 3700772 2760350 2760924 2760371 8190930 8190496 8190960 8190043 2760857 2760930 2760857 2760930 2760857 8190960 2760857 2760770 2760952 2760857 730870
6660996 9710527 3930796 8190969 3730924 3730872 9710923 9710880 9710371 9710767 2080770 4720964 730960 8710752 3470580 9710920 2761007 9710519 3930880 3930560 3930560 5230872 3700770 3700560 7790857 7790687 2760043 9710043 2760894 3470772 7790687 2760924 730560 7790894 9040580 3470200 9710006 5230872 2760371 730560 3700519 9710872 9710920 9710212 3470580 7790894 230920 230350 230924 2760071 2760043 2760964 7790964 2760924 9710920 2760414 9710923 231023 230809 9711023 9711023 9710920 7790741 730043 9710043 8710043 2760114 2760371 520371 910857 730812 3230422 730880 7790961 9350743 7790743 5370743 7790560 7790964 3470200 3470894 8870741 9710969 3930422 3930422 730422 730422 730212 730996 730560 9040772 7790560 7790560 9040772 9040580 9711023 7790371 3470987 4630043 4630043 4630043 4630043 8190646 2760896 2760516 230560 2760371 2760687 7790770 3730560 4630071 3471023 3470200 9710743 730422 730212 730205 6660580 230872 2760743 2760560 7790371 7790741 9710996 9040857 2760371 230560 730212 730741 730560 3470422 8870422 4720841 8870741 9710741 9710729 9710924 3470752 3700414 9710646 9710872 3700560 4720371 4720371 3470743 9710580 3471023 7790894 2760043 3700870 6660460 5230422 730519 730422 9710872 4720544 730560 4720964 7790752 9710741 3700205 9710960 9350888 9710350 730888 730414 2760741 6660212 2760414 7790752 2760043 7790043 8870741 7790964 7790964 910928 3931023 3930961 9710422 9710880 9040969 3700752 9710496 3700770 7790043 730043 730770 5230422 2760896
7790770 3470752 7790770 4720741 9710414 910741 910544 3700422 2760880 3230880 9041007 3470743 9710964 9710920 2760920 3470987 8190964 8190496 8710646 9710414 3470894 3470894 3470043 1600973 3731010 1760973 3730004 9710920 3230205 730930 730729 8870580 730006 2760516 2760741 7790857 9710519 3471023 8190964 3730743 3730071 7090973 3230857 3700857 8710414 3700770 9710414 9040857 2760043 7790770 8870772 9710043 8870772 7790560 7790560 8190772 8711023 230920 3730928 3730071 3731002 3730924 3730741 8710930 3470743 3470743 3470894 6660996 730422 3230212 730796 3730422 1760973 4630580 4630580 8190913 9710857 9711023 3730928 8190371 3930422 3700205 9710646 730043 730580 5230872 2760414 730772 9710960 7790964 730006 730580 6660043 8870043 8870043 3250857 7790043 9040043 3731002 3730770 8870741 8190770 8190496 8190772 1760973 230809 3700772 9040772 8870043 3700043 9040043 9350741 8190969 8190752 3700205 9710200 9710969 3930560 9040857 8190880 730580 730006 9710741 9710741 8870580 730741 730741 8870043 730646 4720200 730646 730371 730880 9710580 9710772 8190741 8190496 3730004 8190646 7790841 7790043 7790857 7790857 7790857 3950043 7790772 6660930 6660880 730212 3731023 3730043 9350580 3730993 5230857 3730924 3730371 4630580 3730741 8190519 9710414 8710414 9040969 5230872 7790770 3470200 3470043 3730770 3730741 8190913 3930422 3930560 230920 2760371 8870924 7790964 2760857 9710770 3700205 3230880 3730004 3731023 3731023 3731010 4630857 8190043 9350043 3700580 730964 3730004 8190043 9710580 730741 9350043 3700580 7790857 7790857 230741 230414 2760371 2760772 2760772 2760422 2760752 8710414 3470772 8190772 3731010 730205 3930560 3700741 1760973 3730241 1760973 8191023 8190560 9350043 731007 730796 730880 8870772 3930870 3930880 731007 3930205 910200 3700422 910928 7790857 3950043 7790043 7790857 7790043 7790841 3700043 730770 6660212 3470422 2080770 7790580 2760414 2760928 2760880 2760928 730857 8190043
4910200 7310601 8870424 520969 4040200 910544 910928 520969 9350646
5370961 9350646 4720841
5370729 8190888 1030638 7980973 5370841 7790841 5370729 7790729 5370877 7790516 5370841 5370841 5370841 5370961 7790969 4040200 4720969 5370877 730729 5370877 5370729 7790857 7790729 5370729 7790937 730580 7790857 3950043 5370961
5370729 4040200 250969 5370580 5370841 5370877 5370829 7790729 5370841 7790937 5370841 4040200 4720841 9350700 8870580 7790841 4630930 1030282 7790961 2760516 5370841 3731002 5370729 3950729
9350646 9350937
null
null
250200 4630200 1030984 1030282 1760973 5370841 4630829 250200 250200 250200 3950870 9350646 3730200 3731002 5370870 3731002 7790518 7790841 4630200 3950729 7790857 7310371 5370841
null
7790841 7790937 4040200 8190937 5370841 9350646 3950043 5370841 7790937 7790841 8870043 7790841 7790937 7790857 5370729 5370961 5370841 7790857 5370200 3950772
null
null
null
null
null
null
null
4040200 3950043 5370961 5370961 730969 4630829 5370961 4720841 9350687 5370841 5370841 250969 7790857 3950960 4630282 5370200 7790857 250969 7790857 4040200 3950729 9350930 5370961 5370200 250969 5370752 9350114
3950729 5370841 3950729 5370961 7790841 4720841 4720841 3950729 7790518 2760969 5370841 5370877 5370841 3731023 4630930 8190961 5370870
null
null
null
4630282 5370877 250969 3950729 4720363 5370930 7790841 5370200 5370043 4720200 4040200 4720544 5370961 5370841 5370729 4990930 5370266 4720544 4720969
3950729 3950729
null
5370961
7790961 730729 4040200 4880973 4880973 1030292 1030282 250200 250969 8190770
null
null
7790969
5371023 5371023 4630043 5371023 5371023 250969 5371023 250930
1030292 7790518 9350687 10110857 3230857 7790519 3731002 3731002 3731002 3731002 7980973 7980973 3731007 7980973 7980973 7980973
4040200 4040200 4990857 7310371 4990857 7310829 7980973 4990857 8870424
8790891 3950960 7790969
null
1030646 1030646 250200 250200 9350646 4630200 4880973 1030200 1030857 4880973 1030282 5371023 5371023 1030646 1031002 1030292 1030857 1030282 1031002 250200 1030638 1030928 1030292 1030292 1030638 1030200 1030200 4880973 1030292 1030282 1030200 1030646 1031010 1030646 1030984 1030646 5370841 250200 5370200 5370200 4630200 1030961 1031002 5371023 5370841 3950043
null
4630200 1031010 1031010 1030857 1030857 1031010 1030292 1031010 1030292 1030646 1030292 3731023 1030857 7980973 1030282 1030292 1031002 1031010 1030646 250200 1030646 5371023 1030984 250200 1030646 1030984 1030282 1030282 1030282 1030282 1030292 1030282 1031010 1030282 1030646 1030984 1030646 1030857 1030984 4630200 4630200 1031010 4630200 1030292 4630200 1031010 3731002 1030984 1030984 4630200 5371023
null
null
3950729 3950729 4040200 4040424 4040200 4630200 1030984 1030282 1030984 1030292 1030292 1030292 1030282 3731002 4630200 5371023 250969 250200 250969 5370729
null
5370829 730857
null
5370729 5370961 9710729
null
1030282 5370729 250969 5370200 3950729 3950729
8190960 8190646 4630200 4630930 1031010 4630930 1030292 1031010 1030646 1030984 1030984 1030282 1030282 1030282 1030282 1030292 7980973 1030282 1030282 1030282 1760973 1030282 1030282
null
3950729
5370043 3950729 5370841 5370961 3950729
null
null
9040969 7790841 5370200 4040200 1031010 1031010 1031010 1030292 1031010 4630200 1760973 1031010 3731023 1030646 1030638 1030282 1030282 1030638 1030282 1030200 7790687
1031002 9350930 8190829 8870282 4630928 1760973 3731002 1030928 4630200 1030928 1030984 4630200 1030984 1030984 1031002 1030857 1030857 1030857 1030984 1030292 1030292 1031002 1030857 1030292 1030282 1030292 7980973 1030292 1030857 1030292 3731023 1030292 1030984 1031010 250200 5370729 5370200 1030282 1030282 5370200 5370200 250200 250969
4040200 250969 7790857 3950772 5370580 8871007 5370841 7790729 9350765 3950729 9350930 5370200 8190973 7790857
8870282
null
null
null
null
null
null
null
910544 4720857 5370729 250969
8870772 1031002 4630200 1031002 1031002 1030984 1030282 4880973 1031010 1030292 1030200 1031010 1030857 5370870 250200
3950772
null
null
null
5370870 250969 3950870 8550857 250200 5370200 3950043 1030282 3950729 4630282 5370200 1030282 4720857 5371023 250200 1030993 4630200 1030646 1030928 1030292 1030857 1030961 1030857 1030638 1030292 1030638 1031010 1030292 1030292 1030282 4880973 4880973 1030200 1030282 1030292 1030857 1030638 1030282 4630200 4630200 4630200 250200 1030928 5371023 1030282 250200 250200
null
7310601 6760564 3730765 3730404 7980973 6760765 8190564 6760601 9350114 8190973 6760857 3730829 8190829 8190829 3730241 6350601 5370841 9350114 9350177 9350564 5370829 6761023 5370266 3731002 9350564 5370829 8190942 6350601 9350700 5370877 6760481 6760765 6350765 6760481 3730519 8190765 9350765 7980973 7980973 6350765 5370877 6760601 3730981 7980601 9350114 6760877 6760177 7310601 8190942 7310601 7310829 7310601 6760973 7310891 3730601 3730200 7310404 3730601 10110857 9350564 3730114 3730137 6760857 8190765 7310564 9350114 3730877 8790857 6760942 8190877 6350601 3730114 7310564 9350765 9350564 2760857 6350601 6760700 7980973 6760601 6350404 9350765 7310700 8190961 6760601 3730241 6760857 3730137 8190961 5370877 8190765 8790857 6760601 6350404 8190937 8190419 5370841 3730993 1030404 9350765 5370829 5370877 6760646 3730601 6350404 6350601 3730765 8190829 3730829 6350601 6350601 6760700 6761023 8190829 3730229 8190829 6760877 8190765 6760942 6760646 6760177 6760601 4630282 8190419 6350404 3730765 8190913 6350765 5370877 3730601 6350765 8190877 3731002 3730241 3730829 6760700 8190877 5370829 6760601 6760857 5370877 3730829 3730981 4630829 8190765 6350765 6760601 6760601 9350765 8190765 6760601 3730241 8190942 9350765 5370877 6350601 6760765 3730137 8190942 3730993 8190829 6760700 9350700 9350765 6760765 10110857 8191023 6760646 6760973 7310404 7310161 7310419 4880973 7310404 7310891 3730765 3730137 6350891 6760646 3730829 9350765 9350700 6760700 9350765 6350765 6350601 6760601 7980973 5370829 7980973 9350765 6760601 3730765 3730877 6350601 9350564 8190765 6350765 6760942 8190765 6760481 5370266 5370829 6760942 7310114 6760857 6350404 5370200 6760877 6760601 7311010 6760646 6350765 6760942 8190687 6760177 6350765 10110857 9350765 8190829 6350404 9350700 6350765 3730241 6350404 6350765 6760942 5370200 6350765 8190877 5370266 5370741 3730601 3731002 6760564 3730765 6350891 7310564 8790857 8190371 6760601 3730137 9350564 8190571 9350700 9350765 8190765 5370877 6760646 3730404 6760601 5370829
7310371 1030857 1940973 7310700 4880973 7310891 8190829 4990857 7980973 8190571 9350700 5370841 3730404 1030928 1760973 6760177 5370200 7310266 9350646 6760857 1940973 4990857 9350580 7310404 7310266 6270652 9350765 1030638 3730519 6350857 7310571 730200 2760743 9350687 5370829 6760942 8190829 3731007 3950960 9350937 6760646 3250363 9350687 9350765 7310829 7310419 7980973 7310161 1030877 4880973 4880973 4880973 1030877 6760857 3731002 7310129 7310891 4990930 5370371 910200 8870424 1940973 5110004 7310404 9350580 9350114 9350765 8790857 5110004 7310430 4990857 9350743 9350700 9350765 8190564 7310114 9350564 3930371 8790857 1940973 4880973 7980973 4990857 7310877 10110857 9350937 8870580 8190942 9350924 9350765 9350114 4720363 9350765 3250857 8190937 9350687 6760646 2760114 9350646 9710200 9350114 9350765 730200 730857 8190687 8190687 6760700 7980973 4990857 7310404 3730200 8190829 9350700 7310404 4990857 7310601 9350700 10110857 5370877 7980973 7310700 5370877 9350894 7980973 9350765 9350743 7310404 9350687 8190913 10110857 8190687 8790891 8190829 9350687 7310601 7310700 730857 9350114 8190765
3730177 5370877 3730765 8190877 3730829 8190765 9350646 3730404 8190765 3730229 8190877 3730981 3730928 6760765 9350114 5370870 9350564 3730114 3730519 8190930 6760564 9350564 3730829 8190942 3730829 3730700 6760646 3250857 3730419 3730404 3730765 6760601 9350177 8190765 8190519 3730765 3730229 3731002 6760942 6760877 8190765 6760177 8190829 7310177 6760481 3730765 8790857 6760564 8190765 9350564 6350404 8190829 5370964 8190829 3731002 8190829 6760700 8190829 8790857 3730241 3730981 3730177 9350700 5370877 6760601 1030282 8190765 3730296 8190765 6760601 9350765 6760601 2370973 3730829 8190765 6350601 8190564 3730765 8190829 9350765 6760877 8190765 8190942 6350404 9350700 3250857 7310651 8190877 8190829 5370877 6350404 8190829 9350114 6350765 9350700 6990481 3730829 3730404 8190765 8190877 9350700 3730765 9350765 8790857 4910200 4910200 6760942 8790857 6760877 3730177 9350700 6760700 3730974 8190765 3730137 3730241 3730829 6760942 8790857 2760857 3730241 8190829 3730519 5370877 5370877 4910481 9350765 3250857 8190765 5370829 9350765 8190829 8790857 3730241 6760700 8790857 7310601 3730229 8190646 6760765 5370829 6760564 8190765 8190829 6760481 6350891 9350177 3730765 6760942 8190877 5370829 8190266 6350404 7310601 8190937 8190564 6760877 7310404 3730241 8790857 2760857 6350891 8190765 3730877 7310765 5370877 1030877 6760646 9350765 9350765 8190765 8190937 6350765 7310601 8190859 8190765 8190937 9350765 3730137 8190765 3730241 8190942 6760765 8190942 3730114 5370829 6760765 8790857 5370829 9350700 6990481 9350765 6760700 8190829 6760646 5370829 8190829 8790857 9350870 8190571 8190877 8190765 4910200 9350765 6760765 8190765 8190765 1030282 8190765 9350765 4910200 8790857 6350765 5370877 3730700 8790857 1030404 8190765 8190829 6760700 8190829 9350700 3730601 3730241 8190829 6990481 3730177 8190870 6760601 4910200 9350937 3730765 3730993 3730404 9350765 8190371 1030404 1030857 8190877 8190765 8790857 8190877 6350601 9350765 3730700 9350765 6350601 9350114 3730137 8190765 5370877 6760765 8190877 8190913 8190829 3730765 6350891 8190877 8190829 8190942 6350404 3730601 9350564 8190942 8790857 8190564 8190937 6760564 3730928 1030877 8190877 8190829 8190877 1030829 8790857 8190765 8190829 8190937 8190942 3730137 8190564 9350765 9350765 6760601 9350114 8190419 8190942 6760646 3730765 4910200 3730765 3730974 3730601 3730404 6760700 8190765 1030829 8190877 3730200 3730877 3730404 8190765 5370877 9350646 9350765 8190870 8190829 6760601
7310564 5370829 3730404 9350700 8190829 5370877 9350646 6350601 8190937 8190937 3250857 9350765 8190371 8790857 8190877 5370841 6350765 6760601 3250857 5370877 6350765 6760646 8190937 8190942 3250857 9350114 8190877 8190765 3730765 9350114 6350765 9350765 3730241 9350765 5370829 8190894 9350700 9350700 6760646 8190772 8190266 8190564 6760942 9350646 6350601 8190829 9350700 9350646 6760700 5370877 6350765 8190266 6760601 2760114 9350765 5370877 9350114 6350765 8190937 6350765 8190765 3730765 9350765 6350765 8190877 9350564 6760601 8190519 9350646 3250857 5370266 8190765 2760857 5370829 7310404 5370829 7980973 7310564 2370973 4880973 4880973 1030282 4880973 2370973 9350564 9350687 8190516 5370266 9350765 5370877 1030404 1030877 6350601 3730114 9350114 9350114 7980601 8790857 9350765 3250857 9350700 8190765 8190765 8190765 9350700 6350601 8190961 8790857 5370266 6760765 9350177 3250857 6760942 3730829 3730419 1030829 1030282 7310651 3730386 7310404 1030877 7310430 1030993 7310404 6350765 9350700 8190829 6350891 5370877 2760857 9350765 8190942 6760942 2760857 9350177 9350765 9350765 8190765 8190765 6760601 6760765 9350700 3250857 5370266 9350700 5370877 6760601 9350700 3730765 8190961 9350564 5370877 8790857 9350880 5370741 3250857 5370829 3731002 8790857 9350646 8190765 5370877 3730700 9350765 5370877 8190937 8190571 9350700 8190765 6760601 9350765 5370877 8790857 6760973 9350765 6760601 9350765 3730877 6760765 7310564 7310651 1030282 7310114 7310564 7310363 3730296 7310891 7310765 7980973 6760765 8190961 9350700 8190829 6760564 8190687 6760877 6350891 8190829 9350700 9350765 6350601 6760646 8190765 5370829 9350700 8190571 5370877 1030404 1030404 7310601 1030993 1030282 1760973 10110857 3730877 8190937 3731007 3731007 1030993 7310404 6350765 7980973 7980973 3730114 6760942 8190973 3730829 6760942 9350580 6760942 8190765 6760942 10110857 9350765 3730296 3730974 2370973 1030928 2370973 2370973 1030282 1030292 2370973 7310161 1030857 7310404 7310601 7310129 7310404 7310430 6760973 1030829 6760857 4990857 6760857 9350888 7310669 3730870 3730241 5370266 1030877 1030404 7310601 1030282 2370973 7980973 7310177 1030877 7980973 5370829 5370877 5370877 6350601 8190877 6760601 8190765 3730829 8190765 4880973 4880973 7980973
8190973 4910200 8191023 8190419 8190687 8190973 8790857 7310177 8190877 7310669 7310404 7310601 1030282 7310891 7310564 1030282 6761023 8190829 3730981 4880973 8190877 8190765 6760700 7980973 1030292 7310430 1030857 4880973 3250857 6760177 3730519 9350700 8190765 3730700 3730229 3731002 3730981 3730229 9350700 3730928 6760564 9350765 8190765 7310651 9350700 6761023 1030282 3730981 6350891 3730601 3730404 9350564 8190877 8190765 8190829 8190829 7310404 7310177 7310161 3730200 7310669 7310161 3730974 7980973 3730229 3730829 6760857 3731002 8790857 8190829 8190571 6760646 8190859 3250363 8190765 9350114 6760765 7310601 7310161 7980973 7980973 8190765 8190765 9350700 7310601 1030857 3730241 7310669 3730241 10110857 7980973 6760481 1030829 4880973 4880973 4880973 4880973 7311010 7980973 7310765 8190877 6990481 9350765 9350700 8190765 8190765 8190961 6350601 6350765 8190829 9350765 6350601 1030282 3730114 7310601 9350765 8190961 9350765 6350857 6760857 9350765 8190829 8190859 6760564 9350646 5370877 8190942 9350765 3730519 3730229 3730177 9350564 8190896 6350404 8790857 9350564 9350700 5370829 5370877 3730404 1030282 7310601 9350177 9350114 8190877 3730765 4910200 3731002 3730200 9350700 9350114 9350564 6760942 3730229 8790857 8790857 6760942 8190765 8190942 6760942 8190937 7980601 9350765 2760857 3730241 6760646 8190877 3730877 7311010 3730877 7310891 3730974 9350700 9350765 6990481 8190765 6760601 7310765 1031010 4880973 4880973 1030961 3730422 7310564 7310404 3730765 5370829 8190937 4910200 3730601 8190765 7310891 4880973 4880973 4880973 7310891 7310891 2370973 7310564 6350404 6760973 6760700 6760177 6350404 8790857 6350765 8190877 5370877 9350646 9350700 9350700 5370877 5370877 6760601 6760973 6760700 8790857 5370266 6760564 6350404 6760601 5370200 4910200 1030282 3731007 2370973 9350765 1940973 2370973 4880973 4880973 2370973 7310177 7980973 5370200 6760877 7980973 9350580 5370266 6760177 8190687 8190942 9350765 8190877 8790857 6350404 8190765 8190877 8790857 8190877 8190765 6350601 6760646 1030404 8190937 8190419 8190888 7310129 1030638 5370200
6990481 4910481 8190765 8790891 4910481 8190571 3250857 4910200 6990481 4910200 8190829 6350404 8190937 6990481 4910200 4910200 8190765 8790857 6990481 8190765 8190765 6990481 8790857 3730877 8790857 8190913 6990481 8790891 8790891 4910481 8190942 6990481 8870880 6990481 8190687 3950371 8190829 4720363 6760877 8190942 8190419 4910200 8190687 8190765 8190937 8190829 4910200 6990481 3950371 9350937 4910481 6990481 8790857 8190877 4910481 8190765 4910200 4910200 8190765 4910481 4910481 8790857 4910200 8190937 6990481 8190516 4910200 6760646 8790891 9350700 6350601 6760564 7310177 3730646 6350404 3730601 9350700 6760700 6760857 4880973 1030857 4880973 4880973 1030200 7310564 3730601 6760601 8190765 4910200 4910481 4910200 6760481 8190765 9350765 3730177 8190937 8190942 8190942 8190765 8190765 8190765 6760765 2760857 8190687 4910481 5370829 6990481 8190829 8190765
6990481 8190942 4910200 4910481 4910481 8190419 8190765 8190564 8190829 8190765 8190765 8790857 9350114 730772 8870741 3250363 8190937 3950371 6990481 8190765 4910481 4910200 4910200 7310404 4880973 7310601 1030404 3730419 6350891 9350564 8190829 8190765 4910200 8190687 8190765 6760765 8190942 8190371 8190942 8190765 8190646 8190564 9350687 8190765 8190942 5370841 5370877 5370829 8190942 9350765 8190877 6760601 5370877 9350765 8190942 8190765 7310564 1030829 1030877 6760481 8190829 3250363 3250857 8790857 9350700 8190419 9350114 9350564 5370841 2760857 6761023 3730519 2760857 3250857 3250857 9350564 9350937 4910200 4910200 8190765 8190942 4910200 8190266 7310601 1030877 9350114 1030993 5370371 7310564 1030993 6760700 5370829 2760857 2760857 4630580 1030404 6760601 8190829 8190937 6760646 9350564 7310700 7310564 7980973 5370200 1030829 9350930 7980601 5370266 6760765 9350765 9350700 2760857 9350765 6760877 8190419 8190829 9350646 9350646 8190765 8190765 9350560 8190266 9350700 8190765 8190371 4910200 8790857 6760700 8790857 4910200 9350700 8190765 8190937 3250363 8790857 6760601 8190829 6350601 8190877 8190877 5370877 6760601
3950371 8790891 8190071 3730924 3730404 3730404 3730974 3730241 5370877 1030829 1030292 7310891 8190829 8870364 8870741 8190829 3950371 6990481 9350071 3730241 8790857 9350646 6760877 6990481 8190687 1030993 1030877 1030993 8190829 1030857 1030282 1030282 8190942 9350114 9040857 9710646 3470200 9350700 9350114 7310601 7310114 9040969 8190516 1030829 7310177 7310177 1030282 7310430 1030829 9350114 8190765 3950960 7310177 7310404 7310114 7980973 3731002 6350404 8190896 9350071 4910481 3731002 7310564 3730765 1031010 7310404 4880973 4880973 4880973 7310266 4880973 1030857 4880973 7310161 1030200 7310601 4880973 7310161
8190765 8190829 8190877 8190516 6990481 3730419 3730877 8190765 6760877 8190765 8190877 4910200 9350177 8190519 6760601 8190765 8190765 8190877 8190646 8790857 3250857 6760765 8190516 9350564 8190942 8190765 8190765 8190942 8790857 8790891 8190877 3730137 8190877 9350177 6760877 6990481 3730601 8190877 6990481 3250857 4910200 8790857 4880973 7310765 6760942 3730114 6760877 3730700 6760646 8790857 8190877 8790857 3250857 6760765 8190829 6760601 6350765 8790857 3730765 1030857 3730229 8190877 8790891 6760601 8190942 8190877 8190765 3731002 6990481 8190571 8190419 8190877 8190877 3730877 8190829 8190877 3250857 8190560 3250857 8790857 8790857 8190877 4910200 4910200 8190765 8790857 8190877 8190877 8190646 8190877 8190564 8190877 9350646 3250857 8190765 8190419 6760700 8790857 3730137 4910200 4880973 7310700 4880973 3730241 8190765 9350564 8190765 8190877 8190829 8190877 3250857 8190829 8190564 8790857 8790857 8190419 8190877 9350765 8190877 8790857 5370877 8790857 8790857 8190877 6350404 8190765 8190877 3250857 8190765 4910200 8190765 8790857 8190765 6760942 8190266 4910481 6760646 8790857 6760700 3730404 8190765 3250857 9350114 5370829 8190942 8190765 8190687 8790857 9350114 8190765 8190829 9350646 1030638 3731002 3730229 8190829 8190829 9350114 4910481 4880973 1030877 8190419 8190765 3731002 4990857 3730877 9350700 9350114 10110857 4910481 6760646 8190765 3250857 6760564 8190829 6990481 4910200 8190942 8190765 8190765 3250857 8190571 8190829 4910200 8790857 8190765 8190765 9350177 9350564 8190877 3250363 8190765 6760601 8190571 8190829 6990481 6760857 8190765 8190942 7310161 1031002 6760601 3250857 8190913 9350646 8790857 8190877 8790857 8190877 7310404 8190765 4910200 8790857 9350646 8190564 8790857 8190687 4910200 8190765 9350700 8190765 8190877 8790857 8190937 8790857 8790891 8190877 9350646 4910200 8190877 6990481 9350564 8790857 8190877 8190877 8190829 3730004 3730765 4910200 8190765 8190765 6760700 8190765 8790891 8190765 8190829 6760646 8190765 9350765 4880973 9350765 3250857 8190877 2760646 8190765 8190765 8190829 8190646 9350564 8190877 8190765 8190937 3250857 6760177 8190765 9350564 4910481 3731007 6761023 8790857 8190519 7310891 5370829 8190877 8190765 8190765 3250857 8190419 8190765 8190877 8790857 6350765 8190765 8190765 9350765 8190564 6990481 3250857 6760646 4910200 8190765 8190894 6760601 8190266
9350646 5370829 5110004 1940973 9350700 10110857 9350646 9350646 8190969 7310601 3731002 3950772 8190687 8190687 3471023 4990857 8190913 9040961
8790857 8190829 9350743 8190071 8190496 8190937 3250857 3250363 8190920 3250857 5370743 8790857 3250857 6350765 8190859 9350937 8190937 8190829 8190829 3950371 8190829 9350646 6760646 6760857 8190571 3250857 5370772 5370772 2760857 8190772 8190765 8190772 8790857 8190877 8190687 8190942 6760646 9350564 6760646 8190877 3730519 8190371 1940973 5110004 2760928 3250857 9350937 9350687 7310669 3731002 8190829 8190571 9350114 8190687 3950960 8190942 8190765 8190419 9350646 3250857 8190829 9350114 9350765 6760857 8190859 7310177 9350700 6350404 5370841 3250363 5370770 6760877 8190942 7310363 6760646 8190942 3250857 3250857 8190942 8790857 3250857 5370266 8190765 5370829 9350743 6760646 8190419 6760646 8190765 9350765 8190765 3250363 8190516 8190560 8190937 8190829 8190516 4990857 8190571 9350114 8190687 8190741 8190964 6760646 8790857 8190571 6760765 3250363 8190942 8190942 8190942 8190829 3730993 8190937 7310571 6760700 8190913 9350765 6760765 8790857 9350765 8190765 8190765 9350700 6760765 8190765 9350937 8190859 8190942 3250857 8190741 8190765 5370841 9350700 8190266 8190419 9350646 8190419 8190006 9350564 8190419 8790857 5370752 9350114 5370877 9350114 5370877 8190266 8190942 9350765 9350114 8190266 9350700 8190942 8190419 5370772 8190765 3950729 6350857 8190896 9350700 6350857 8190752 8190894 8190765 8190829 6760646 9350646 6760646 5370371 8190571 7311010 7980973 9350765 6760601 8190571 6350601 4630043 10110857 5370371 6350891 8190765 8190266
8190942 8190765 8190564 8190419 8190765 8790857 8190942 8190829 8190913 8190564 9350765 8190765 8190829 8190942 8190829 8790857 8190829 8790857 8190942 8790857 8190877 8190765 8190829 8190765 8190765 8190765 8190894 8190687 3700857 8190942 8190765 8190765 4910481 8790857 8190564 8190687 8190937 8190419 8190765 9350114 8190687 8190877 8790857 8190646 8190942 8190765 8190765 4910481 8190877 3250857 8190829 9350114 8190937 4910200 8190571 8190942 3730114 8190942 3250857 8190937 8190937 8190829 8790857 8790857 8790857 8190937 8790857 8190829 8190564 8790857 8190765 6990481 8190829 8190877 3250857 8190877 8190942 6990481 8790857 8190765 8190894 4910200 8190765 9350765 8190877 6990481 8790857 8190877 8790857 3700857 8190765 4910200 8190646 8790857 8190765 8790857 6990481 8190942 8190829 8790857 8190765 8190765 8190877 8190942 8790857 4630928 8190765 4910481 8190942 8190937 4910481 8190564 6990481 6990481 8190765 8190687 8190942 8190829 8190942 8790857 8190571 4910200 8790857 4910481 8190765 4910200 8790891 4910481 9350765 8190765 8190765 8190564 8190877 8190829 6990481 8190829 6990481 8190765 4910481 6990481 4910481 4910481 6990481 8190765 520857
1030877 3731002 3730928 3731002 3730177 6760857 1030282 3730981 7310765 6761023 3730404 3730177 7310129 7980973 7310161 3730765 7980973 3730981 3730229 3730241 3730419 3731002 7980601 3730241 3730241 7980601 7980973 7980601 7310651 3730241 7980973 1030282 3730404 3730601 1030877 6760481 1760973 7310564 7310404 3730241 1760973 3731002 7980601 3730981 3730386 3730200 6350765 1030877 3730241 7980601 7980973 7310404 3731002 7980601 7310564 3730519 3730700 1030404 7980973 5370877 6760481 3730229 3730829 6760973 7310404 3730601 3730200 7980973 7310564 1030404 6760765 7310765 7980973 6760177 5370877 7980973 9350177 7310765 3730601 7310601 3731002 3730177 7310601 1030282 3730241 6760857 3730229 3730296 7980973 7310669 7980973 7310669 3730700 3730241 3730580 3730229 7310177 3730700 7980601 7980973 3730200 6761023 7980601 7980601 5370829 7310669 7980973 3730877 3730386 6760857 3730200 7310601 3731002 7310765 3731002 7310114 6760973 6350404 5370877 3730981 3730928 5370200 7310765 3730296 7310651 5370200 7310765 7980601 7310669 7310651 3730601 6760942 3730114 7310601 3730877 7310601 3730229 3730229 7310601 7310404 3730114 3730765 1030877 7310404 7980973 3731002 3730981 9350765 3730114 3730519 7310601 3730601 1030282 7980973 7310564 3730700 3730601 3730981 3730981 3731002 7310564 3730296 6761023 6760765 3730229 7310564 3730519 6761023 3730241 3730296 6350857 7980973 9350177 5370877 6760857 7310765 3730877 7310601 3730386 3730601 3730419 7310601 7310765 7980601 3730829 7310601 6760857 3730765 3730829 7980973 6760177 9350177 3730981 7980973 3730829 3731002 3730241 7980601 1030404 3731002 7980601 3730519 6350857 3730241 3730829 3730877 3730177 1030877 6350765 3730877 3731002 7310601 3730404 3730765 5370266 3730137 5370200 3730241 7310891 7980601 5370266 3731023 3730241 7310651 7980601 5370371 3730601 6350891 3730296 3730981 3730601 7310564 3730296 6760564 7310404 6760481 6760857 7980973 3730700 5370829 5370200 3730404 3730177 3731002 7980973 6760481 3730229 3730241 3730519 3730229 3730241 6760601 5370200 1030282 6350857 6760857 3730241 1030993 3730200 5370877 3730981 3730765 5370829 7310564 3731002 3730241 7310651 7310651 7980601 6350857 7310601 3730043 6350857 7310601 3730580 3730404 1030829 9350114 3730829 3730700 7310765 1760973 3731002 3730700 3730177 7980973 3730519 3730765 3730386 5370877 3730981 3730241 3730404 7310765 7980973 3730601 6760857 9350114 3730229 3730241 3730981 7310601 9350765 3730241 3730981 3730229 3730404 6760481 6350891 7310700 3730404 7310601 6760857 3730241 3730229 3730177 6761023 9350765 6350891 6761023 9350177 7980973 3730241 3730404 7310601 3730241 3730296 7980973 7310651 7980601 3730241 5370877 10110857 6761023 6350857 7310601 3730981 7980973 3730296 7310651 3730601 5370200 3730601 9350564 3730229 5370200 6761023 7310404 1760973 3730601 7310114 3730177 7310651 6761023 3731002 3730700 7980973 3730177 6760857 3730404 3730829 1030404 3730580 3730241 5370877 5370877 3730296 6761023 3730765 5370877 7310564 3730877 7310601 7980973 3730981 7980973 3730601 7310564 6350765 7980973 3730765 6760481 3730519 3730229 7980973 3730829 3730200 3730419 7310564 3730229 7310669 3730229 3730829 7310564 1030877 1030829 7310161 3730404 7980601 3730601 7310601 3730519 7980973 6760942 3730296 6760601
3730241 3730419 3730241 1030984 3730601 3730981 7980973 7310564 3730177 3730043 3730229 3731002 7980973 3730229 3730386 6760973 3730296 3730519 7310161 3730404 3730241 3730241 7980601 3731002 3730877 7310404 3730241 7310601 7310601 3730981 3730765 7980601 7310765 6760601 1030404 3730004 5370877 3730241 1030928 7980973 6760177 7310669 7310430 3730229 3731002 2370973 7980601 3730177 3730200 3730200 5370829 5370877 3731023 3730404 3730765 1030282 5370266 3730419 6761023 3730877 3730981 3730877 3730200 7980973 3730601 7980601 3731002 6760942 6760177 1030282 3730229 3730241 3730229 7310564 3730519 3730601 4880973 7980973 7980973 3730241 7310601 3730765 3730829 7310601 3731002 3730177 7980973 6350404 3730877 7980973 6760481 7310564 3730829 7980601 7980973 3730601 3730981 7310765 5370877 7980973 3730765 7310601 6760942 3730519 3730419 1030282 3730646 7310601 1030928 7980973 7310765 3730601 3730229 6760601 3730981 7310669 6761023 3730241 5370877 3730241 7310601 6760857 7980601 1760973 5370829 7980973 3730177 7310114 9350043 7980973 7980973 3730241 7310161 6760177 3730241 6760857 5370829 1030829 6760973 7980973 6350765 3731002 7980973 3730601 3730974 3730200 1030993 6760765 7980601 7310601 3730601 1760973 10110857 7310765 3731002 7980601 3730981 6761023 1030282 7980601 7980973 3730404 1760973 3730404 3731002 7310404 3730928 3731002 7310765 3730829 6761023 7980973 1030829 3730765 3730296 3730700 7310430 1030877 7980973 3730114 6760601 7310601 3730386 3730829 7310765 7310765 5370877 7310765 3730241 3730137 7980973 7310601 3731002 3731002 7310177 9350700 9350765 3730700 7310651 7980973 1030877 5370877 3730241 3730765 7310601 3730241 3730646 7310765 9350765 7980973 3730114 5370877 3730004 2370973 7980601 3730765 6760601 7310564 3730229 7310564 3730765 5370829 6761023 3730241 3731002 7980973 3730229 6760601 3730419 5370266 3731002 7310114 7980973 7980973 7980973 3730177 6760857 1030993 3730700 7980973 3730700 7310651 3730241 3731002 5370829 3730241 6760857 7310669 7980973 6350404 3730981 6761023 9350765 7310564 9350765 5370877 7310601 3730241 1030282 8190765 7980973 7310564 3730765 3730241 5370371 7310651 7310601 5370829 3730404 7310177 6350601 7980973 6760857 3730404 3730765 7310564 3730241 3730404 5370877 6760857 7310601 7980973 7310177 6760942 3730114 3730386 3730404 3730601 7310114 7310765 4630200 3730241 7310114 7980601 6350765 7980601 3730177 7310669 3730877 6760973 3731002 1030282 6760857 3731002 7310765 3730004 7980601 5370829 7310651 6760857 7310430 7310564 3730519 9350765 3730296 3731002 5370877 7310404 9350765 1760973 7310404 3730981 8190829 7980973 6760857 3730229 3730200 7310765 6761023 7310765 3730601 7980973 3730981 3731002 7310404 3730114 3730241 3730829 3730580 3730601 7980973 3730404 3730601 7980973 7310669 3731002 6760481 3730200 3730601 9350177 3730241 3730241 3730700 7980973 3730229 3730877 3730877 3730877 7310765 7310564 3730404 6760481 7310601 3730404 9350177 3730601 6761023 3730177 7310564 3731002 7310601 7980601 5370200 3731002 6761023 3730296 6760857 3730177 7310430 3731002 3730519 7980973 6761023 3730981 9350765 6761023 6350404 3730404 3730877 3730829 3730981 7310765 5370877 7310877 7980973 5370877 3730829 7980601 3730601 7310765 3731002 3730601 3730700 10110857 3730296 6760646 6760601 3730229 3730829 3731002 3730829 6761023 3730601 3730386 1030993 6760601 7980973 1030829 3730296 7310177 4880973
1030984 1030993 1030646 4630200 4630930 1031002 3731002 1760973 1030857 1031002 1031010 1030292 1030638 1031010 1031010 5371023 3950371 3250857 1030282 3731023 730857 7790961 9350043 5370200 9350924 3731023 5370770 8190913 5370266 5370841 5371023 1030961 8190519 4630200 1030984 1030646 4630200 5371023 4630200 250200 7310652 9350043 9350114 9350646 7310266 4880973 1030928 1030292 1030292 1030282 1030282 1030646 7310266 1030857 1030282 4880973 1030877 1030200 1030292 4630200 4630200 1030292 1030638 4630200 250200 1030292 4880973 1030292 4880973 4880973 4880973 1030200 4880973 1030292 1030961 4880973 4880973 1030282 1030200 1030993 5370841 8190859 8190942 3730870 5370870 8190937 3730993 9350071 4880973 4880973 4880973 5110006 7310564 7310765 9350743 910519 9350580 7790516 730519 8870580 8870580 8870580 7790969 3950729 1030282 7980973 4880973 4880973 1030638 4880973 4880973 4880973 1030200 4880973 3731002 8190564 9710964
1031002 1031002 1030282 1031002 1031002 1031002 1030646 1031002 1030282 1030857 1030646 1030282 1030857 1030646 1030961 1760973 3731002 1030292 1031010 1031010 1031002 1030646 1030646 1030646 1030646 1030646 1030646 1030200 1030961 1030961 1030292 1030200 1030200 7310177 1030282 4630200 5370729 1760973 4630200 5370200 7310404 3250857 8190071 8190829 8190913 8190913 8190752 8190770 1030200 2370973 2370973 1030282 2370973 1030282 1030292 1031010 1030282 1031010 1030646 1031010 1030646 5371023 5110004 1940973 5110812 9350071 7790729 9350888 8190571 7310404 4990857 7310829 1940973 7310571 7310404 9350071 730857 5370266 8190829 8190765 2760928 2760857 1030292 3730928 6760646 8190829 3730700 7310669 5370200 1030984 250200 5371023 4630580 1030857 4880973 2370973 1030292 1030857 4880973 1030292 1030292 1030292 1030282 4630200 1030282 8190870 2370973 1030646 250200 1030646 5370200 4630200 1030857 1030857 1030857 1030857 1030292 4880973 4880973 4880973 4880973 4880973 4880973 1030292 1030857 1030646 5371023
8190973 9040857 8190877 8790891 8190516 8790891 3950371 8790857 8190765 3731007 3730928 1760973 7310177 7310129 3731023 7980973 3730601 3731002 3730404 3731002 6760177 5370829 3730981 7310601 3730993 6350857 3730404 7311010 1940973 3730200 3731002 3731002 3730877 7980973 7980973 7310129 7310161 1030857 7980973 3730200 7310891 7310601 7310601 6760857 3730829 7310891 7310430 3730877 7980973 8190859 3730700 3730241 3730200 1030877 4880973 1940973 7310571 5370877 7980973 7310177 1030877 7310177 9350937 3730419 7310765 6760646 3730404 3730114 8190942 8190937 3730829 3730765 8190829 3730981 7310161 7980973 7980973 7310765 3730928 3730928 10110857 1760973 7980973 8190266 6760601 6760857 7980973 7980973 6760601 6760646 3730004 3730993 3730241 7980973 6760877 6350857 6760601 6350857 3730404 7310601 6760857 6350857 3730200 8790857 7310669 7310129 7980973 7980973 3730404 7310404 3731007 6760481 1030877 1760973 7310669 3730241 7310651 3730404 3731002 3730296 7980973 7980973 7310669 1030877 3730386 7310430 3731002 7980601 6760646 3730404 3730877 7980973 7310700 3731023 3730404 6350601 6760857 8190877 3731002 7310700 7980973 4880973 2370973 6760857 3730877 3730241 7310601 8790857 5370877 3730241 3730601 7980973 3730829 3730419 6761023 3730974 3730404 8190687 3250857 8190877 4630928 3730765 1030829 6760942 3730419 3730200 3731002 7980973 7310601 7980973 7980973 2370973 3730601 3730700 3730829 3730601 3730241 6350891 7980973 3730829 8190877 5370829 3730700 6760601 1760973 3730296 3730519 9350765 3730241 3730519 7310700 3730829 7310700 3731002 9350700 8190960 8870741 8190829 8190371 8190371 2760580 5370829 5370752 8190571 5370877 8190877 8190765 9350564 2760928 3731002 8190877 8190419 3730601 5370877 5370877 3250857 4910200 9350937 4040424 9350700 730880 6660422 8871007 520857 8790891
2760857 5371023 6990481 8190859 8190942 8190859 9350043 1030282 1030282 7980973 6350891 9350114 8790891 9040580 1030282 7310891 7310177 5370829 5370841 8190937 3950371 8790891 520371 8190877 5370829 8790857 8870741 730752 7310877 5370877 8190765 3730519 6350857 6760973 7310564 7310765 3730200 7310404 3730877 7980973 4990857 6760857 9350937 3730928 7310601 3730241 3730241 7310404 7980973 9350114 4990857 3730004 7310601 7310765 7980973 7980973 7980973 7310700 7310765 7310266
7310601 3730229 3731002 7311010 7310891 4880973 2370973 7310891 9350177 9350564 9350114 7980973 6760942 3730241 7310829 8190571 9350700 3730404 3730765 3730404 8790857 8190877 8790857 8190896 8190687 8190765 6760601 8190870 8790857 7310161 8190829 4880973 3730177 3730829 3730765 8190765 6760601 7310700 10110857 6760700 6760942 3730004 9350765 2760857 6760564 8190765 8190937 8190942 8190942 6760564 2760857 2760857 8790857 8190519 8190877 6760646 6760601 5370877 7310404 9350765 7310404 8190765 1940973 9350114 6760942 8190765 9350114 8190765 8790857 8190942 3730296 3731002 9350765 7310601 7980973 6350765 7310601 7980973 7310765 3730601 7310700 3730229 6760601 6760765 6350601 5370877 9350564 8190877 6760601 4910200 9350765 9350564 9350114 9350765 3250857 9350177 5110004 5110004 1940973 10110857 7310877 1940973 7310560 7310700 6760765 4910200 6760646 7980601 7310700 7310601 7310404 7310877 7310419 7310371 7310571 7310404 7310877 7310404 7980973 7310765 7980601 7310404 7310404 7310601 7980973 3730200 7310430 6760601 7310571 7980973 2370973 9350564 7310669 6350891 7310601 7310765 7310419 9350765 7310669 7310114 5370266 3731002 5370877 5370829 5370829 7310564 7310564 7980601 3730404 8190913 4910200 9350765 3730200 4880973 8190419 3730422 7310404 9350765 7310161 7310601 7980973 9350765 3730200 8190765 6760601 1030829 9350580 7310114 7310765 9350765 6760601 6760601 8790857 9350700 8790857 8190829 8190765 4910200 4910200 8190829 7310700 3730741 6350601 1940973 7310571 7310700 7310564 8190877 7310601 3730229 5370877 6760177 7310404 7980973 7310129 6350765 7310161 7310765 5370877 9350765 7310877 7310765 6760601 7310404 4880973 7310601 7310765 7310419 7310404 7310765 7310266 7310114 7310765 1940973 7310877 7310829 7310419 9350564 6760857 7310404 7310564 7310114 7310700 6760601
8190973 4630200 3730114 8190571 3730981 3730700 3730241 3730700 3731002 3730601 3731002 3730981 9350765 3730981 3730114 250200 3730700 3730646 8191023 3731002 6760177 3730241 3731002 3730404 6760601 3730404 5370829 8190937 3730137 3730981 8190687 1030877 3730765 8190765 3730519 6760700 3730981 10110857 6760646 8190765 6760481 6350404 5370829 8190266 6760177 3730993 3730765 3730601 8190870 9350114 8790857 5370841 3730981 3730646 3730601 3730404 3730928 3731002 8190961 5370829 3730177 4630829 3730993 4630928 3730765 6760765 8190371 3730993 8190765 6760177 8190564 3730601 6760700 3730241 3730993 5370877 3730765 5370877 3730993 6760857 3730765 6760646 3730765 8190829 3730404 3730519 7310765 3730137 8190942 6350601 3730829 4630371 3730137 8190942 3730404 3250857 3731002 3731002 6760857 3730700 8190519 3730241 8190071 3730114 3730872 8190877 3730241 6761023 3731002 3730404 9350114 8190829 3730741 3730241 8190371 6760564 3730114 6760646 6760601 3730404 3730404 3730765 3730981 9350114 8190942 3730646 4630282 3730177 3730241 3730981 8190765 3730993 8190877 6760942 2760857 6760601 3730646 3730829 8190829 8190564 7980973 6760601 8190266 8190765 6760857 8190765 8190829 3730700 6760765 3731002 6760765 8190266 6760177 6760942 3730241 5370371 3730404 9350765 3730646 6760646 3730229 3730296 6760601 3730519 3730646 8190371 5370266 3730519 8790857 6760700 8190571 3730765 3730296 3730993 8190829 8190266 6760942 6760646 3730241 3730700 9350114 8190942 6350765 6760646 8190942 6760765 9350765 3730601 8190765 3730765 8190829 8190942 6350601 5370829 3730601 3730601 4630200 6760942 3730601 8190765 6760942 8190942 3730601 9350700 3730601 3730404 8190829 3730601 9350177 3730765 3730765 6760700 8190877 8190942 3730993 6760942 1030993 3730877 3730646 3730137 8190961 6760177 4630928 3730765 8190829 9350564 3730765 2760857 6760601 3730993 3730601 9350765 6760601 3730928 3730601 2760857 8190942 6761023 3730241 8190765 3730229 3730137 3730646 5370266 3730601 9350765 4630829 8190877 3730765 3730137 3731002 3730765 9350765 3730241 6350404 9350765 9350564 3731002 3730829 8190772 3730519 8190571 8190765 3730241 3730765 9350765 3730241 3730993 8190942 3730241 3730829 8190765 8190877 8190752 6760646 3730241 8190877 9350114 8190419 3730241 3730241 6761023 9350765 8190942 8190765 3730646 3731002 6760177 7310564 8190765 2760857 6760601 5370752 3730765 8190266 3730241 3730601 3730601 5370877 3730241 8190829 3730700 8190765 1760973 6350891 4630829 6350857 8190829
8190896 9350741 3250363 9710646 7310363 9350580 9350937 9040580 8190888 3730137 8190859 8790857 6760700 5110471 6350857 6350857 4910200 4720200 6760942 3471007 8190571 8870424 9350765 6760857 5370266 9710743 4910200 8190894 8190894 3250363 8190752 8190752 3470743
7310363 5370200 5370266 4880973 5370870 9350870 5370870 3731007 6760857 1030282 6350857 9350560 8190419 250200 4630580 8190646 8191023 8190646 5370200 7310266 6760857 5370877 8190765 5370841 5370266 730857 3730700 8190772 7310669 7311010 5370841 3730519 5370841 1030282 8191023 4630829 9350700 6350765 8190765 5370961 9350743 9350894 6760646 9350765 8190646 4630282 9350687 7980973 7310669 6350857 7980973 8190646 8191023 5370964 8190942 6350857 6350857 8190071 6350857 9350071 5370961 5370841 1760973 3731023 3730870 7980973 7310571 9350687 6760765 1030993 5370870 5370841 8191023 5370200 8190043 8190961 8191023 3730200 1030200 1030857 2370973 7980973
1031002 1030984 5371023 1030646 5370729 1031002 1031002 1030282 250930 4630200 1030857 1030638 1030292 4880973 3730386 1030292 1030292 1030292 4880973 4880973 1030282 4880973 1030200 4880973 1030282 4880973 1030638 1030292 1030282 1030282 4630200 4630913 5370200 7790937 7790961 4630913 1030857 1030646 4630004 1030857 4880973 1030292 5370200 1030646 3950772 1030984 1030646 1030646 1031002 1030646 1030282 1030984 1030646 1030646 1030646 1031002 5370200 4630200 1030646 1760973 1030857 1030282 1030200 1030282 4880973 1030292 1030282 1030200 1030282 4880973 1030292 4880973 4880973 1030857 4880973 4880973 4880973 4880973 1030292 7980973 4040200 1030292 3731023 1030638 1031002 1030857 3731023
4630930 1030984 1760973 5371023 4630200 250200 5371023 1760973 3950960 1940973 9350937 9350741 8870560 9040961 9040961 1030292 1031002 3731002 1031010 1030282 3731023 3731023 1030984 4630580 1031002 1030646 1030282 250200 250200 250200 250200 5370200 1030282 1030200 1030200 4880973 4880973 4880973
5371023 1031002 5370930 1030292 1030292 4880973 1031010 5371023 8191023 1760973 4630930 4630200 4630200 4630200 4630200 4630580 1030292 4880973 4880973 4880973 1030200 1030282 3730241 3731002 1030646 3731002 4880973 1030857 4880973 1030857 1030857 3731023 1030282 1030292 1030292 1030292 1030928 1030984 1030646 250200 1030292 4880973 4880973 1030857 4880973 4880973 4880973 4880973 1030200 1030292 1030282 1030993 7310161 4880973 5370200 7310700 1030829 1030282 7980973 5370200 8190765 8190913 8190765 4630200 1030292 1031010 1030292 4880973 5370200 5370200 5370841 1030292 4880973 4880973 4880973 4880973 1030857 4880973 4880973 4880973 4880973 4880973 1030292 1030282 1030282 1030282 1030829 1760973 1760973 1030646 4630200 1030984 5371023 1760973 1760973 5371023 1030857 1030993 1940973 4880973 4880973 4880973 4880973 1030200 1030282 4880973 4880973 4880973 4880973 4880973 1030857 4880973 1030282 1030857 4880973 1030857 1030282 8190687 9350937 730772 7790841 9350646 8190772 9040857 3950043 8190646 8190969 4040200 250969 8190043 5370043 8190043 4040200 250969 250969 9040857 9040857 8190969 8190969 250969 9350870 5370043 9350700 3950043 3950043 8870043 8190969 5370841 250200 3950043 3950772 3950043 8190043 8190969 3950043 250930 7790857 7790857 8190969 8190043 5370043 8190969 8190969 9040857 3730241 5370870 5370043 3950043 3950043 8190419 7790857 8190969 8190646 3700205 3730241 1030282 1030292 1030857 4880973 4880973 1030292 1030200 1030200 4880973 1030200 1030200 4880973 4880973 4880973 4880973 4880973 1030961 1030292 1031002 1030292 1030292 1030646 1030646 1030292 1030282 1030282 5371023 3730386
1030638 7980973 3730386 3731002 3730200 3731002 1030404 3730386 1030292 1760973 1030928 1030638 1030857 1030282 4880973 1030292 1030928 3731023 2370973 1030282 1030282 3730386 5370841 4880973 1940973 4880973 4880973 4880973 4880973 1030638 7310419 3731002 1030200 3730386 4880973 4880973 4880973 4880973 1030292 1030928 1030200 4880973 4880973 3730386 7980973 4880973 2370973 7980973 2370973 1030200 2370973 7980973 2370973 3730200 3730200 3730419 3730974 3730200 5370877 3730974 3730765 1030638 7980973 4630200 7980973 3730200 1030292 7980973 1030282 2370973 7980973 7311010 3730241 7980973 7980973 3730974 4880973 5370200 7980973 3731023 1030282 2370973 3730241 1030857 7980973 1030292 3731002 3730974 7980973 3731002 7980973 3731023 3730974 3731023 1030282 3730974 7980973 1760973 1030282 3730200 1030928 3730974 1030200 7310891 1030200 4880973 4880973 1030292 4880973 4880973 4880973 4880973 7980973 1030282 7980973 5370200 1030282 4880973 4880973 1030292 1030857 4880973 1030292 4880973 7980973 1030200 1030292 1030857 1030961 1030961 1030282 1760973 3731002 3730700 4630200 8190772 3730200 3731002 4630200 2370973 3730200 1760973 3731002 3731023 7980973 4630200 3731007 1030292 3731023 1030282 4880973 1030292 1030292 4880973 1030961 1030857 4880973 4880973 7310571 7310560 1030961 3731002 7980973 4630200 1030282 1760973 1760973 3730386 7980973 1760973 3731023 3731023 3731002 2370973 3731023 1760973 3730646 4630282 6761023 3730519 3730386 3730386 4630200 1030282 1760973 1760973 3731023 7980973 4630580 3731002 3730870 4630580 3731023 3730646 3731023 1760973 1030282 1760973 4630282 7980973 1030857 3730519 3731002 3730004 3731002 1940973 3731002 7980973 7980973 7980973 3730004 7980973 3731007 3731002 3730200 3731002 3731002 3730974 3730700 3730646 1760973 5370841 1030292 3731002 4630200 3731002 7980973 4630282 6761023 3730386 3730700 4630282 8190419 5370841 1760973 1760973 4630928 5370841 3731002 3730200 4630200 6760481 1760973 5370841 1760973 7980973 4630200 3731007 1030857 3730241 7980973 3731002 4630200 1030292 8190043 4630200 3730580 7980973 3730241 3730700 7980973 1760973 3731002 7980973 3730700 3731002 8191023 7980973 3730241 4630200 3730974 5370841 3730200 3730419 5370266 1760973 5370200 3730386 1760973 1030282 3731023 7980973 3731002 1030282 3731002 3731002 3731023 3731023 3731023 1760973 2370973 3730928 3730200 3730646 3731023 3731007 1760973 3731002 3731023 3730386 7980973 3730974 7980973 1760973 3731002 3731002 3730974 7980973 7980973 8190937 4630200 7980973 3730200 1030993 7980973 1760973 4630200 1030282 3730974 3730386 3731002 3730870 3730580 2370973 3731002 7980973 3731002 7980973 8191023 3731023 3731002 7980973 3730646 3730974 3731002 5370200 3731023 7310669 3730974 3731002 3730974 3730870 1030282 3731023 3730004 3730974 3731023 1030292 3731002 3730200 3731002 3731002 1760973 1030282 1760973 3731023 7980973 3731002 1030282
250930 3950870 4630857 5370729 5370729 3950729 910857 520969 250969 8870580 4720519 4040200 520857 910200 730961 9040043 4720544
2760870 2760870 2760870 7790857 9040961 730961 730770 4880973 4630930 4630200 4630913 9350580 6660212 730580 8190870 3950870 4630200
7311010 3731023 4630857 1030638 4720857 9040857 3931023 1760973 7090973 3731023 3730241 4630928 7090973 3730241 1031002 1030200 1030857 1030638 1030638 1030282 1030638 8190961 520969 3950729 4630928 1030961 1030638 1030292 1031010 1030292 4880973 2370973 4880973 1030292 1030200 4880973 1030292 4880973 1030292 1030282 1030282 1030292 4880973 1030292 1030282 1030292 1030292 1030984 1030200 1030961 1030282 250200 5370729 4990857 7310829 7980973 7310877 7310571 5110004 7310266 7310266 4880973 7310161 1030961 8191023 8190646 4630930 1030646 4630200 1030646 1030638 1031010 1030292 1030646 250200 5370870 4630580 1030292 3730580 5370870 5370829 5370877 1030993 4880973 7310669
1030292 3950043 8190516 3731023 3731002 9350870 8190896 8190772 3470200 8871007 9350071 8190741 8190973 8190772
null
730770 9350700 9711007 3470743 8871007 3700519 7310266 910928 4040200 8190765 4040200 9350752 520371 4720363 8870741 250200 9350765 8871007
8190772 9040969 9350687 3730829 8790857 6350765 5370772 250969 5370772 4630282 3731002 6350601 6760877 2760969 8870560 2760969 7790969 7790913 9350114 2760646 8870205 8870772 9040772 3700857 2760772 8190969 3730981 7790772 9040969 9350700 8190969 8190969
5370930 7790857 7790857 8870741 3731002 7790961
3390743 3950772 8870364 8870282 5370772 8190913 9350646 3930364 8190772 8190646 9040772 8190829 3471023 8870924 7790961 9350646 520371 520371 9350930 520857 3950729 8550857 7790729 3730741 5110004 7310419 8870364 9350043 8190371 9350700 8190772 8870772 3700857 7310266 4880973 1940973 1940973 7310419 5370870 4720200 8190870 7790870 7790870 5370961 5370870 3950870 9350700 1030638 250969 7790519
4910481 8190942 3730241 7980601 3731002 3250857 6760601 5370829 5370877 1030404 7310669 4880973 4880973 7310601 5370877 5370829 7980601 8790857 4910481 8790891 6760177 9350700 9350765 3730177 9350564 8190829 8190829 8190266 6760177 6760481 7310161 7310601 7980973 2760857 6760177 8190765 3730981 7310601 1030282 1030829 7310564 3730765 3250857 8190829 8190765 4910200 4910200 6990481 9350177 5370877 7310177 5370829 5370829 5370841 9350765 8190829 6990481 4910200 3470200 6990481 8790891 4910481 6990481 3250363 6990481 3250363 6990481 3250363 4910200
3250857 8190973
