220
5370974 5370974 8190481 8791023 5370974 3250363 3950964 10110857 6350765 5370829 8190772 8190544 910857 8190646 5370266 8190363 9350765 9350404 9350404 8190870 8870544 9350646 8870544 8190544 4630200 1030638 3731002 9350743 8190419 8190942
8190652 9350404 9350404 8190687 8190859 5370200 4630282 5370841 7980973 7980973 7980973 1030292 1030292 4880973 1030984 1030638 1030292 1030282 1030282 7980973 1031002 1030282 5370200 1030638 1030282 1030292 7980973 1030282 4880973 1030282 4880973 1030282 1030292 1030292 1030282 1031010 1030292 1030292 1031010 1030282 1030292 1760973 1030292 1760973 1030646 1760973 250969 7310646 5370419 9350646 9350765 4990857 9350200 4990857 4990857 5370200 5370752 6770857 9350765 4990857 5370571 9350200 7311002 7980973 7310646 7310266 7980973 5370741 7310646 5370964 4990857 4990857 5370266 4990857 7310114 4990857 4990857 7310266 4990857 9350200 4990857 7980973 4880973 7310200 7310765 7310161 4880973 2370973 3731002 7980973 1030282 1030282 5370200 5370942 8190646 250969 1031010 1030638 1030292 1031010 1030638 1030638 1030292 1030282 1030292 1030984 7790841 4630937 4630937 5370841 4630580 3950043 4630386 4630200 4630386 3390043 5370071 4630200 1030292 1760973 1760973 1030282 3731023 5371010 4630580 8190564 8190544 1031002 1031002 5370419 1030282 1031010 1030282 1031010 1760973
5370200 4630200 1760973 1030282 5370937 5370200 8190481 8870544 5370841 8190544 3730646 9350200 4610973 730729 7790114 520857 3731023 1030292 1030292 5370200 5370200 1030646 5370200 1031002 1030200 4880973 1030857 7980973 7980973 8190859 5370200 1030282 1030282 1030282 1030292 1030282 1030292 1030292 1030638 1030857 1030638 4880973 1030292 1030638 1030292 4880973 4880973 1030638 4880973 7310646 7310200 7310282 9350371 730282 730282 730937 730928 7790200 9350913 4720841 1030292 1030292 1030857 1030292 1030292 1030292 1030646 1030292 1030292 1030282 1030646 1030646 3950043 1030292 1030200 1030638 1030646 1030282 4630200 3950043 1030646 1031002 250043 1030282 8190646 3731023 3731023 1760973 4630200 4630200 7310200 1940973 2370973 1030638 1030292 1031002 5370544 3731023 3731002 4630200 3730200 3731002 4630200 4880973 4610973 7310114 7980973 7310004 3730519 7310646 8870518 7790200 3731002 3731023 1030292 4630200 1030857 4880973 4880973 1940973 4880973 2370973 3730974 4990857 5370200 5370544 5370841 4630282 5370937 1030961 4880973 4880973 7310601 1030282
5370571 1031010 1030200 5370841 4880973 4880973 4880973 4880973 3731002 7980973 1030646 7980973 1760973 5370937 7310200 1030282 1030877 1030638 1031002 5370266 7980973 4880973 4880973 7980973 7980973 5370419 7310161 1030292 1030877 1030282 7310161 1030282 1030829 1030877 5370571 5370974
2080743 2080770
null
8870043 2370973 1030857 1030638 7310891 7980973 7310177 3730241 2370973 7310891 8190481 5370266 4720857 4630200 3730241 1760973 1030282 3730241 1031010 3730296 1760973 3731002 1760973 8790857 4630386 1030857 1030638 1030857 1760973 1030292 1031010 7980973 4630386 1760973 5370937 4630200 1030646 1760973 1030292 5370266 1030984 4630638 4630937 5370841 250043 7790200 4630200 7310200 4880973 1030282 4630200 1030984 1030638 1031002 8190646 1030857 4610973 1030292 1030638 1030984 1760973 1031010 1760973 4630200 250969 1030292 1030646 1760973 1030646 4630200 1030646 1760973 1031010 4630200 4630200 4630200 1030646
3950960 9710770 8710580 3470205 3930212 3930796 9710880 4720770 3230646 3230880 3470414 3471007 3700880 520969 3700404 3700404 9710969 3700969 3700880 7790894 7790516 8710560 3230414 9710752 9710371 9710752 3230212 3700961 3930422 3930560 3930880 3700205 3700969 910371 3700969 3930371 3700741 9710969 3700969
3700404 9710729 9710741 9710729 3930364 8710969 910646 3930212 3930371 9710969 3930205 9710743 9710969 3470969 3700404 3700404 9710969 3700404 3700969 8190913 8190646 4720371 9710770 9710422 9710212 9710752 8190652 8190646 3730601 9710996 9710870 8710646 8710646 3230519 3230969 910371 911007 3930386 3930386 3930205 520961 3700969 730741 3230969 730580 730006 730870 730770 730200 730580 3230371 730364 730948 8870043 730364 731007 8871007 730364
3930364 8870870 910043 3930364 3930961 910928 520969 910364 910646 3931023 3230646 4720969 910364 3230924 3230006 9710285 3230872 2760872 4720544 3230924 3230371 730371 3930870 3230371 3930519 3230872 910928 3930870 910928 910928 3930961 910928 910928 910928 910646 3700928 3700928 910928 3700924 520969 3930364 3700870 3700364 3700741 2760364 2760364 2760364 2760580 2760928 2760580 730364 4720043 9040580 2760006 2760364 2760364 8870544 3930961 3930961 910928 3230969 3930961 3930961 910371 911007 910364 3930386 520969 3930870 910371 3930371 910928 910928 520969 520969 910928 520969 520969 730364 3930880 3250580 9040580 2760364 2760580 2760364 2760364 2760364 730960 730364 2760580 730580 4720841 3230969 3230969 3930386 3930961 3930961 520969 3700928 3930961 730228 730282 3930371 3930371 3930371 3230969 3230880 910580 4720580 910364 910364 3930870 3930870 3930870 910928 8871007 2760364 2760364 2760646 3930364 3930386 3930961 3930961 910928 910646 3230006 730969 3230969 4720544 7790519 4720544 910200 3930961 4720580 2761007 4720580 7790841 7790841 3230560 910741 8190969 3700404
3700928 3700870 520969 910519 3930386 3930386 3700969 3700969 520961 2760646 8870580 8870544 910928 4720961 910364 910364 910200 910364 910364 250969 3930364 3930364 3930364 3700364 3700364 3930364 3930560 520969 2760928 8870859 7790841 3471007 910928 3930364 3930364 3930364 3930880 3700364 3700364 3700364 7790519 2760580 2760364 2760364 2760580 9040580 2760646 7790841 3230924 3930961 3230812 3930519 3700364 9710212 3700796 2760928 730961 730961 4720961 4720969 3230646 910928 3930364 3700364 8870043 8870043 910928 3930870 3930961 3930961 910928 3930961 3930961 910928 520969 910646 911007 730519 730519 910519 3700961 3930870 3700364 3700364 3700364 3700928 3700422 3700364 3700870 3700870 3700870 8550519 3930364 3930364 910364 4720841 3700519 3700519 3700880 3700422 3700796 3700880 3700364 3930364 3700364 3700364 3930205 3700205 3930870 3930386 730961 730560 911007 3700519 8870205 3230519 3250580 730580 730364 730580 8870580 7790580 2760646 2760043 7790870 3700928 3930364 910928 3700364 3700928 3700870 3700364 910928 520969 910364 250969 3700364 3930796 3930212 3700961 3930961 910928 910928 3700961 3950870 7790870 2760646 2760043 2760928 730282 3930364 3930364 520961
7790519 7790519 7790519 3700969 3700928 910928 7790519 3700741 3700969 3700928 3700928 3700969 3700519 520519 910519 3700519 3930519 3230969 910928 730961 730928 3930519 3930519 3930961 3930880 3700969 910371 910371 910928 910928 910928 520371 730961 730741 910772 3930371 3930870 520969 730006 3700364 3700519 3700519 3700888 3700519 3700519 3930870 3930519 520519 3930364 3930364 730364 3930364 910371 730937 730772 2761007 910364 910364 520961 520071 3700924 3700928 3700928 3700741 3700928 520961 3230969 911007 910519 730519 730519 730928 910371 910200 910928 3930961 3700961 911007 4720969 910928 3700961 910928 4720544 7790519 730960 3930205 520371 3700519 910646 7790519 7790519 7790519 7790580 7790071 7790519 7790519 7790964 2760580 7790580 7790913 7790841 7790580 7790752 7790071
910364 910364 3930364 3930560 3930364 3700364 3700364 3700364 3700364 3700364 3700752 3700870 3700870 3700870 2760646 3230519 2760364 2760364 2760364 730364 910580 3700770 3700870 3700770 3700212 3470870 3700880 3470729 3930870 3930371 910741 910928 910928 3930961 3700961 520371 910364 910364 910364 250969 3930519 730752 730364 911007 3930961 910928 3700961 910646 3930364 3930364 3700969 910364 910646 520969 520961 3930386 3930741 3930364 3700364 3930364 3930386 910364 910364 3230969 3930414 3230924 3700870 2761002 2760960 2760741 2760928 2760414 3930519 8870859 730371 3230872 910928 3700519 3700961 3700364 3470519 3470519 3470519 2760580 2760928 8870580 910519 910928 910928 3700928 910646 8870043 2760928 2760364 2760580 2760580 3230519 5370743 2761007 4720961 910364 910364 910519 910364 520961 910364 520071 3930519 3930386 3930519 3930519 910928 910364 3930519 3930519 3930519 3930519 3930364 3930519 910519 520969 3700969 3700969 910519 520519 520519 3700364 3700796 2760928 3700770 3700796 3700364 2760364 2760364 2760364 3930519 8870580 730043 2760043 730364 2760364 3930364 3700364 3700364 3700364 3700364 3700364 520519 3700364 8550519 910928 3930364 3700364 3930212 3950870 7790519 910519 6660006 730519 910519 3930364 910928 910928 520961 3700364 3700364 3700519 3700519 730870 8870859 8870580
9710960 3470752 2760687 9710071 2760364 9710870 9710924 9710580 3470519 3230371 8190652 3930519 2080770 3230770 9350404 3700404 8870043 9351002 5370580 9350829 9350564 3930386 3930364 3700961 3700961 3230872 3930961 910364 3930961 520961 910646 3700969 3930880 3930212 3930796 3930880 520961 910928 3930961 3700961 910928 3230519 3230304 3930364 3700961 3700961 520961 8870580 3700770 3700741 3700928 910364 910928 3930961 910371 3700961 910741 3700969 9710212 910928 3700961 3700961 3700961 3930961 3930961 3930741 910741 910928 3700928
4720961 7790580 730646 7790200 8871007 8870580 730961 730282 910043 730928 8870424 730519 2761002 520961 7790519 7790841 3700969 520519 3700969 520519 8550519 3700770 520969 520969 4720961 910928 3930519 910928 3700961 3700961 910928 910928 3700961 3700961 3230812 3930961 3930961 3931023 3230969 730961 3930961 910928 910928 910928 910928 7790841 4720544 730928 3700519 3930386 3700969 730928 730928 730282 730646 8870580 730646 730937 8870772 8870043 8870043 8870424 8870043 7790841 4720961 730772 730961 731007 730812 731007 730928 8871007 731007 730646 8871007 8870772 3930519 730560 3930519 730961 730646 731007 4720544 731007 2760580 730071 2760741 7790580 8870580 8870580 7790580 4720544 9711002 3700580 3700969 2760364 250969 250969 3930364 3700519 3700928 3700519 7790870 7790841 730961 730961 910580 910928 911007 910580 910580 3700961 3700519 910928 910928 910646 7790519 2760870 7790519 2760580 7790580 731007 7790043 8870544 4720580 8870580 8870580 8871007 7790580 8870580 7790888 7790200 730937 730364 910519 910928 4720961 910928 520969 3700969 520371 910928 910646 3700752 8871007 8870580 8870424 4720043 910519 3700519 520741 3700205 910772 910741 910646 910928 910928 520961 910646 910928 8870043 7790580
5230969 3930519 3930519 8190652 8190937 9710006 910364 3930364 3930364 3930364 9710924 3930364 3700960 8710560 9710924 9710969 9710422 6990200 2760894 3700770 2760752 9710864 2760580 2760580 3470519 9711023 3230519 9710752 8190770 3930870 3700364 3700404 3470752 2760687 2760071 7790894 3700404 3700404 2080770 3700969 3700770 9710729 3700960 3700960 7790741 2760743 2760114 9710519 9710752 8710770 9710770 3470752 2760114 2760114 2760043 2760752 2760752 8710752 8711007 8711007 4720770 9710920 3230006
2760896 2760964 2760580 2760580 3230414 3230519 9710743 8190363 250043 2760071 8190652 8190942 4630937 3230770 3230519 3230414 3930519 3930422 3930364 5370841 9710870 3230212 4720371 8710519 2760964 2760687 2760364 6990200 9710752 8710752 3470519 9710519 8710519 9710770 9710752 8710770 5230519 3700519 3470752 3700404 3700743 3930422 3930880 3930796 8790857 9710519 8710767 9710580 8190363 2760114 9710741 5230519 9710350 3700924
7790519 7790519 8550519 8871007 730228 731007 8870924 4720544 4720544 3700969 910928 3700928 3700752 3700364 8870772 4720580 8870772 4750772 7790519 2760928 7790580 8871007 8870580 8870580 7790741 7790888 7790841 730960 730928 910200 520969 4720043 3700969 3700969 3700928 910772 730880 730371 910371 4720961 4720580 3230646 910928 7790841 7790519 7790580 2760580 2760930 7790580 731007 730772 7790580 2760646 730364 3930519 3930519 3700071 730228 8870580 731007 730646 7790200 730961 4720841 7790841 4720969 4720544 3700924 3930870 3700364 8870772 3230969 730519 731007 8871007 911007 8870859 8870580 4720544 7790841 3700928 7790841 8870580 3250580 8870580 7790580 7790841 7790913 3470870 731007 730646 730961 730870 730928 730961 730961 730961 730961 730006 910928 3930386 3700870 3700969 3930961 8870580 910580 730646 520519 910928 910928 910928 3700969 910928 910928 2760364 2760364 2760888 3700969 3700888 3230969 9710729
4720071 3700519 3930386 3930741 3700924 3700205 3700205 3700969 3700969 3700205 3700969 520969 2761007 3230812 3230880 3230212 910928 3930212 520371 520371 3700969 3930386 910364 3930519 3700969 520519 3930364 520371 3930364 3700364 3700969 3700870 3700870 3700870 3700519 3700519 3700364 3700364 3700364 3700364 520969 8871007 3930519 520519 520371 3930364 3700796 3700969 3700928 2760364 2760580 730580 2760364 2760364 2760364 2760646 2760928 8870424 910928 910928 910928 520969 910646 3700205 730961 730928 8871007 910928 730071 4720071 2760364 2760364 7790519 7790519 7790519 9711002 3930961 3230969 910928 3930386 910928 3930870 520969 8870544 2761002 730928 2761002 730364 730364 3930364 3700960 3700743 730870 730870 730870 730870 730519 8870580 910928 8871007 3230646 3230646 4720841 910364 3930519 3930519 3930364 3930364 3930364 3930364 2760364 2760928 7790841 2760928 2760928 2760928 4720741 911007 910741 3230924 730928 3230646 7790519 3930870 3700969 3700969 3700205 3700364 3700364 3930880 910928 910364 3930364 910928 3700969 910928 910371 910928 910364 910364 910928 910928 3700961 910928 3930422 3930961 3930961 3700969 3700364 4720961 730928 730519 3700364 910200 3930961 3930519 3930364 910928 910928 3930519 3930364 910371 910928 910741 520961 910928 910928 8870580
3930519 3930519 3930364 3230304 3700880 2760687 9710729 9710752 3230519 5230519 2760741 3230519 910364 3700404 9710071 3700743 9710964 8710646 9710741 9710920 5231023 3700414 9710285 3700414 3470414 9710414 3700969 3700924 3930961 3230969 3930880 3930961 3930961 3930961 910928 3930212 730961 731007 8870043 730646 8870580 8870544 910043 730364 730961 910364 911007 520961 910928 910928 910200 3930364 3930386 3230796 730961 730928 8870580 730646 910580 2760364 8870043 8870043 8870043 730961 730364 730364 730961 3230043 730961 911007 4720371 3700961 730364 3230414 730937 3930961 3230646 3950870 7790870 4720969 3700928 3700928 3700880 3230924 3931023 3930961 910928 910646 520969 910200 3930386 3230924 3230422 8871007 3230969 3230969 3230646 8871007 2760364 2760364 2760043 730888 730937 730961 910200 5370961 3230872 730924 731007 730371 730580 4720580 731007 730282 730364 730969 3930961 520961 520961 910043 730043 730961 730961 730961 730969 910200 730961 730371 910646 4720841 4720961 4720961 4720961 3930880 3930371 3700969 3700928 3930422 2760364 2760928 3930961 910200 3700969 3700928 3700928 3700969 730282 3230969 730282 4720969 250969
7790519 730371 730364 730928 3230519 8871007 730928 3230519 3700741 4720961 4720961 910928 3230519 3230205 3930880 910646 3950870 8870580 8870580 730870 8870870 2760364 3930371 3700928 3700870 3700870 3700870 3700364 3700880 3700796 910364 3930519 3700969 3931023 910928 730928 730928 8870580 8870043 8870859 3930205 3700205 3700519 3700519 3700928 3930519 3930386 910928 910928 2760364 3930519 520519 3930364 3930519 3930519 910928 4720961 730646 730928 730646 730948 8870580 7790200 2760646 2760580 7790580 7790580 8870580 4720580 9710580 4720371 3700580 910928 910928 910928 520519 3700519 3700969 3700969 910364 3700752 3700364 3700928 4720969
9710752 3700404 3700404 3230770 8710519 9710519 3950960 9710880 3700770 3700364 3930364 8710646 3700205 8190969 8190363 6990200 8710770 5230466 9710200 8710580 9710519 3470580 2760960 8710422 9350687 7790114 3700964 3930371 9710729 3230770 910364 7790857 1030984 1760973 4630200 5370841 9350870 3700741 3700969 3930870 3930386 731007 730228 730870 730870 8870870 731007 2761007 8871007 2761002 7790841 730646 3230646 4720043 3700928 3700741 730961 730969 8871007 3930364 910928 520969 8870043 8871007 730937 520961 7310266 7310266 9350200 8870424 2760770 730928 3930519 910928 910928 520969 910646 8870772 8870772 730937 7790519 7790519 2760580 7790580 5370580 8870580 730364 910043 730969 3930371 3930519 3700870 3700870 3700519 9351002 520519 3930519 3930519 3930386 3930519 3700969 3700969 520969 3931023
3700969 9040772 8870043 7790913 3230560 910364 3470969 520519 520519 7790687 2760516 2760371 8710987 8710888 8710743 4630638 5370841 3930205 5230969 8710560
5230350 4720770 230496 2760752 9710743 3470752 3700888 3700404 3470752 2760896 2760043 3700796 3930796 3930796 3700857 8190652 8190652 9710743 3700743 3700770 9710969 5230646 9710071 9710071 8710743 3230519 3700404 3700960 3700071 3700960 8190872 8190743 8190937 8190888 3930371 3700404 9710870 9710071 9710812 8710560 9710964 8710888 2080770 9710880
910519 910928 910928 910928 910928 910928 910928 3930870 910928 520969 910646 910928 910928 520969 910928 910928 3930961 3930961 910928 3700969 910928 520371 910928 910928 520969 3950870 8870870 730870 730961 3700969 910364 3700969 520519 3700364 3700928 3930796 910928 910928 730043 3700928 3700928 3700928 3700364 3700364 520969 3700969 3931023 3700364 3700364 3700969 910364 910364 910364 910364 910364 910519 910928 3930519 3930519 3930870 910928 910772 910200 4750772 3700870 3700364 3700961 910928 3700961 520961 520961 910364 910928 3700969 520969 520969 520519 730928 3930880 8870043 8870043 520519 3930364 3930386 3700969 520519 3931023 3700969 520371 520969 520969 520969 3700928 3700364 2760364 250969 250969 3700364 3700364 3700928 910519 910200 520519 910519 520969 3930961 911007 8871007 4720969 3700928 3700364 3700969 3930961 910200 3930961 730364 730371 730880 730928 8870424 730282 910371 730969 910772 910772 911007 4720841 910928 3700961 3700961 910928 3930961 910928 910928 3700969 3930961 910928 910928
3700969 3700969 3700969 910772 3930961 3700961 520961 3930519 3930422 3930364 3930961 3930961 910928 730772 730928 730928 3930364 730741 730282 730928 730928 4720841 730772 2760772 2760043 2760960 2760928 2760364 2760928 2760928 7790752 3470752 2760928 2760043 2760928 2760364 3700519 7790752 4750772 520519 3930519 910519 910371 3700969 910928 3930371 3931023 3930519 3930519 520519 910928 910928 3930519 730928 910772 3700928 3700960 3700928 3700928 3930519 3930519 3930560 3930364 3700969 730364 3700961 520961 3700961 3700364 3700364 3700364 3700364 3700364 730364 730646 8870772 2761002 7790841 8870544 730519 8870580 7790888 8870772 8871007 730928 3700772 9040772 3930364 3700741 3700960 520969 3930519 3930519 3930519 3931023 3930519 520969 3930961 520961 520969 8550519 3700888 3700960 3700870 3700870 3700870 3930364 520519 910928 911007 730741 730371 3230872 730414 730205 730928 8870772 3700580 7790580 8870580 4720969 730937 3700961 3700519 3930880 3700969 3930371 3700969 520371 520071 910772 3700772 4720580 730519 8871007 2760422 2760646 2760043 2761002 730519 730961 3230969 910928 520961 3700743 3700752 3700928 910928 730364 730364 730928 730961 910928 910772 3230646 8870580 3700928 3700928 3700928 520741 3930519 910928 520961 730646 730646 8870043 7790841 2760580 730646 8870580 7790519
3930961 3930961 910364 3930961 910928 3700961 910928 3930961 3930880 910646 910364 3930880 3930880 910928 3930880 250969 3700870 3700928 3700519 3700519 3700796 3700880 3700928 520969 8870043 8870043 8870580 2760364 520961 910928 520969 910928 520371 520969 910928 520969 3230969 3930560 3700961 730870 730870 911007 3230646 910371 910200 910741 4720544 4720969 3700741 3700969 8870043 8870043 8870043 8870043 8870870 730282 8870580 910928 910928 520961 4720961 910646 910928 8871007 8871007 3230646 3230212 3230006 4720741 910928 520961 520969 910043 910928 8870580 7790580 4720580 730282 731007 3930386 3700364 3930364 3930560 3700928 911007 520961 3700928 3700928 910928 520961 910928 520969 520969 910364 3700364 3930364 3700969 3700969 910928 730948 730937 4720043 910646 910646
730961 730961 8871007 8870544 7790200 730969 8870772 910519 730364 731007 2761002 730364 731007 2760928 2760646 2760646 2761002 3700928 3700519 3700928 3700519 3700870 3700928 3700364 3700752 3700870 3700364 3930880 910928 3930364 3930364 520969 9350646 9350924 9350006 2760580 9350580 3230857 9350752 8190960 8190481 1030282 1760973 1030646 1031010 1030292 1030638 7980973 3731002 3731002 7980973 5370580 4630580 8190519 730961 3930364 520961 730870 730924 8871007 3930364 3230969 3700969 3700519 910928 1030282 1030984 250969 250969 910364 910928 910519 3700961 910928 520961 910928 520519 910928 910928 910928 3700969 520969 3700969 520519 520969 520969 520969 8871007 3230646 3700741 3700364 910928 910580 8870580 8870518 3700580 3930880 3930212 3930386 3930880 3930212 3700969 3700969 3700928 4720961 910646 910928 910928 910928 3700961 910371 8550580 3930961 3700961 3930961 3930386 910928 910928 3930961 3930519 3700205 910928 3930519 3930364 910928 3930961 910928 910928 910928 3930961 910928 910928 910364 910928 520961 910928 520969 910928 910928 3930364 3930870 3930386 3930386 3930386 910519 3930422 3930364 730937 3930386 730729 730364 730364 3930364 520969 910928 730364 910200 730961 8870518 910646 910646 8870544 2761002 730580 8870580 730519 3700519 3700928
910928 520969 4720544 520519 910928 3931023 520969 910928 3700969 3700928 731007 730961 8871007 730809 8870772 3931023 730371 910519 3930961 730969 730961 8870043 8870772 8870859 7790200 7790519 7790841 7790519 7790841 520969 910772 520969 8870772 730646 910772 7790913 3700772 9040772 3700928 3700928 520961 910928 910928 910928 910928 520961 910928 910928 910646 910928 910928 910928 7790841 4720580 8870544 3230924 3700519 3230205 3930519 730205 730519 730519 731007 730646 3230519 730961 730928 730364 731007 731007 730937 2761002 730772 730772 7790071 8870043 8871007 8870859 8870772 8870772 3700772 3700772 3700772 3930961 730961 910519 910646 4720961 7790841 910519 910772 3930386 910519 910200 910364 910772 3930519 910928 4750772 7790772 7790772 8871007 520371 520741 3700969 3700205 910928 3700961 910646 910928 4720961 910928 520961 730772 730961 730772 730961 731007 731007 3230519 3930386 730969 911007 520519 911007 3230519 731007 8871007 730937 730812 731023 730928 730646 8871007 7790841 4720371 3230969
7790841 7790519 730646 8870580 8870580 8870580 8870043 3930519 3930519 3700960 520741 7790043 8870043 8871007 520857 3950371 3700880 910364 3930560 3700969 3931023 3700741 520741 8190071 5230350 6660304 2760770 300422 9710350 9710371 3230812 9710741 5230969 3930741 9710212 3470872 9710960 300422 300422 300422 8710969 8710969 3700205 9710285 3230414 3230371 3930880 3700741 3700870 9710964 9710071 3700519 3700752 9710960 4720741 3700414 9711007 2760371 8710414 2760414 9710969 9710285 3230924 3700071 9710741 3700404 2761007 3230519 2761007 2761007 3230519 2760741 2760960 2760414 2761007 3230519 9711007 2760364
3930880 3470969 520071 9710729 3700414 8710741 9710371 9710212 9710729 2760770 8710770 8710969 3470969 3930961 8710752 9710729 3700404 9710770 3470752 3470752 2080770 9710741 3700960 8190896 8710767 7790114 7790841 230496 3470580 8190646 5230969 730205 3700422 9040580 8710646 8190859 3700752 3950960 3700741 9710414 9710729 9710519 8710864
3470752 910371 9710924 300422 3930880 520741 9710969 3230770 2760580 9710580 3470580 4720741 910580 3230812 3470205 3470969 7790071 8710767 5230646 8711007 2761007 3230770 4720071 3700741 3700741 3700888 3700071 3700071 3700414 3700404
9350404 3950371 3730700 3730004 3730004 8190960 8710770 8711023 9710071 3730601 8190564 3730004 7090973 8190646 9350896 8190743 8190071 8190071 8190960 1031002 5370961 5370544 5370200 1030282 5370544 250043 7980973 1031002 1031002 1030984 6760857 7310835 8190363 8870544 250969 8191023 8190544 4630580 8190646 8190544 6770857 5370870 5370266 8190913 9710200 9350812 5230560 3230422 7310114 9350741 5370371 8190371 5370743 3950371 7790841 9710071
5110196 5110196 5110196 5110196 5110196 1940652 7310266 5110350 1940652 1940652 5110350 1940652 7310196 5110196 7310196 5590652 7310571 7310196 6270652 5110350 6270652 5110004 5110560 5110004 7310200 5110560 1940652 1940652 7310371 7310829 7310652 1940652 1940652 5110560 5110006 3270652 3270652 7310200 5110004 5110006 5110004 5110006 5110350 5110350 1940973 7310877 1940652 5110004 7310266 5110006 7310419 5110004 5110004 5110004 1940652 1940652 5110004 5110004 5110560 5110006 3270652 3270652 5110004 7310419 1940652 1940973 5110004 7310282 5110006 7310835 1940652 7310419 7310200 5110560 1940973 1940652 7310829 1940652 7310652 5110004 1940973 7310829 1940652 1940652 5110652 1940652 7310652 5110004 5110350 7310200 7310835 7310652 5110350 1940652 6270652 5590652 5110006 5110350 7310200
5110471 5110652 5110652 5110045 5110004 5110004 5110560 5110560 5110004 5110004 5110004 5110006 5110004 5110560 1940652 1940652 3270652 5110652 5110652 5110652 5110652 5110652 5110652 5110652 5110652 5110652 5110652 1940652 5110652 5110652 1940652 5110652 1940652 5110652 7310652 5110652 5110652 5110652 5110652 5110652 1940652 5110652 1940652 5110652 5110652 5110652 5110004 5110652 5110652 5110652 5110652 1940652 5110652 1940652 5110652 5110652 5110652 5110652 5110652 5110652 1940652 1940652 1940973 5110004 5110004 1940652 3270652 7310200 1940973 5110045 5110560 5110004 5110560 5110004 5110560 5110004 5110004 5110004 5110004 5110004 5110560 5110004 1940973 5110004 5110560 5110004 7310829 5110004 5110004 5110004 1940973 5110004 7310419 5110004 1940973 1940973 7310200 5110004 1940973 7310371 5110004 5110004 5110004 1940973 5110560 1940973 7310571 7310371 7310835 5110004 5110006 7310829 5110045 5110004 5110045 5110560 5110560 7310266 1940973 1940973 7310371 7310877 5110004 1940973 5110004 1940973 5110004 5110350 1940973 7310419 5110350 5110045 1940973 5110045 5110006 5110006 5110560 5110006 5110006 5110045 5110004 5110560 5110350 5110560 1940973 5110560 1940652 5110004 5110004 1940973 5110045 5110560 5110006 5110350 5110560 7310829 1940652
7310635 5110471 5110471 5110471 5110471 5110471 5110471 1940973 5110471 5110471 5110652 1940652 6270652 5110652 5110004 5110350 5110004 1940652 1940973 5110560 5110560 3270652 1940652 1940652 5110004 1940652 5110004 3270652 1940652 1940652 5110652 7310419 7310266 7310571 7310652 5110006 5110004 5110350 5110560 5110006 5110560 5110004 1940973 5110560 5110560 1940652 1940652 5110652 5110652 7310652 5110004 7310829 5110004 5110652 7310829 5110004 1940652 7310652 7310652 5110004 1940652 7310829 1940973 1940973 5110004 5110004 5110560 5110004 5110004 5110004 7310200 1940973 7310161 7310829 5110004 5110004 5110350 5110350 5110006 5110004 5110350 1940652 5110004 6270652 7310200 5110560 7310266 5110560 5110045 1940652 5110006 7310419 1940652 5110004 7310200 5110006 1940973 5110004 7310877 5110004 5110560 7310419 1940973 7310419 5110652 5110652 5110004 7310652 3270652 5110004 5110004 7310877 5110004 5110560 5110560 5110045 7310371 5110006 7310571 7310371 5110004 7310371 5110004 5110560 5110004 5110004 7310371 1940973 5110004 7310652 7310652 1940973 7310200 5590652 1940973 7310419 7310371 1940973 5110560 1940973 5110560
9710071 3470987 9710770 8710888 3470782 8550580 9710920 9710987 3700888 3700752 520371 9710770 8710752 9710371 9710741 3470422 9710743 4630071 3950960 9710071 8711023 9710071 8711007 9711007 4720770 9040772 8710414 9710923 9710371 9710996 5230872 2760006 9710770 7790741 3700743 3470924 2760414 9710923 910200 3230422 9350812 5230560 9710739 3700205 9710924 8710741 9710770 9710422 7090857 7090973 9710575 3700770 3470519 8190687 3470969 9710743 9710770 3470729 9710729 3930560 3700969 3930880 3930796 3700212 5230350 9710924 3700212 3470752 8190519 7090973 7090973 7090973 3470857 2080770 8710767 9710770 8710752 8710646 3470782 9710920 5981023 8711023 3470414 8710646 8870924 8190888 7090973 7090973 8190646 8190872 9710920 9711002 8710888 3471023 2080857 2080743 2080743 7790841 7790896 2760743 8711023 9710043 8601023 8870043 9710924 3470857 9710527 9710960 3470924 9710741 3471007 4720371 3390043 7790857 7790071 3700969 8190371 3700770 8711002 8710770 9711023 3730268 2080770 3470987 9350422 5231023 8190519 9710519 3230560 3700414 9710071 3730004 8190646 3730004 3730004 4630638 8190371 7310371 5370743 5370371 1030646 1030646 5370974 5370743 9350888 9350752 9711023 9710285 5230350 9710770 3470857 3470857 3470857 3470857 7790857 8190071 230857 230924 9350422 8710930 7310571
3230880 9040580 8870422 3930796 910371 3700205 3930422 3930422 730560 3700205 8190371 8190930 730964 230006 2760580 230924 2760580 3470043 2760743 2760964 730964 730894 8190960 8870422 9711023 9040580 3470043 2761007 2761007 3470200 730812 4720071 8870424 8870422 9710371 3700741 8711002 3930741 3930205 9350741 730580 730560 730560 730205 8870043 4720969 910043 8710969 3700924 3470969 3930422 3700741 3700422 3700964 730752 3230560 8870205 5370580 7980973 9350752 730743 3230371 5231002 730996 730872 730741 7790924 8870043 9350006 730371 730961 8870580 8870544 7790580 730006 730371 730371 3230304 3230422 3230422 730752 730071 2760580 2760960 8711002 4720770 730770 9710071 730960 2760071 2760371 8190743 7790857 730888 730772 2760770 730743 730743 730888 730071 730560 8710987 5370743 5370752 730205 730888 730743 730870 730071 730741 2750857 9350888 6660422 3930857 9350371 9350043 730729 730969 9351002 9351002 9350743 730969 730930 731007 730928 731023 730928 8870544 730969 730969 2750857 9351002 730371 730200 730282 730960 730200 730960 730743 730928 730071 2750857 730960 730071 730371 730770 730200 730371 730200 3230205 730930 730741 730960 730930 730969 730743 730422 730928 730752 730770 730371 4990043 730200 730752 730964 2750857 730752 730371 730371 2750857 730200 730930 730729 2750857 730752 730200 730071 730200 730928 730580 2750857 2750857 2750857 730770 730743 730888 730200 730930 730371 730741 730071 730928 730770 730752 730200 730960 730200 730928 4990043 2750857 2750857 2750857 2750857 4990043 4990043 730071 730741 730205 2750857 730752 2750857 730969 730200 730741 730371 730371 730752 730969 730371 730969 730930 730071 730200 730560 730964 730770 730205 2750857 9350646 730928 730928
731023 730752 731023 4990043 9351002 7980973 6770857 9350930 5370930 6660930 4990043 730071 730928 730752 730930 730205 730960 9350580 730200 730200 730743 730930 730200 730519 730200 6660043 730205 4990857 9350422 6660304 6660422 730961 6660996 730371 730282 730422 731007 730930 730741 730870 730888 730200 6660043 730894 9350930 2750857 731007 2750857 2750857 730071 730043 730752 4990857 2750857 730200 730371 730928 730960 4990043 730888 730200 730200 730200 2750857 2750857 2750857 730200 730752 730371 3230043 730205 730371 2750857 4990043 730371 730371 730743 730741 730371 731007 730928 730422 6660930 3230422 2750857 730371 730371 4990043 730870 730928 730200 730422 730928 730928 730071 730964 4990857 4990043 4990043 9350772 730729 9350422 730371 730741 730964 730888 730752 730071 730200 730894 730969 730964 730729 730964 730043 9350043 730894 5370741 2760043 2760580 730928 730928 730200 730371 730888 730928 731023 730960 730646 730228 730646 730043 730646 730812 730741 730880 730928 730646 730741 730743 5370071 730282 730928 730770 730770 730928 730928 730071 730580 730043 730928 730071 730964 730580 730928 730770 730071 3700422 730924 730880 8870580 730924 730888 730743 730422 3700969 9710200 8190544 8190496 5370580 730580 230414 2760752 2760580 2760580 2760770 3700924 8870924 9350924 9350200 2760872 3470924 230006 2760371 730519 230414 230006 230006 230414 730519 5371010 8190896 8190371 8190544 730741 1760973 3730580 3730004 3730004 230414 230872 2760894 3230996 5230422 730646 730043 730043 7790580 730043 730743 7790580 730894 730772 730894 730948 730888 4720071 9711007 4720969 8710767 520371 9710071 730741 5231002 3930880 9710870 3700888 8870924 3230205 9710205 3230205 730560 2760752 9710864 5370888 8710466 730371 730580 730580 2760752 3731007 3730004 3731002 3730580 8190930 3930857 8870414 3930205 9710924 8710969
3930880 8870205 3930560 3930560 730964 730964 2760964 230920 230920 8870580 9710772 3470519 4720071 4720841 730888 5370772 2760646 8190752 230496 2760772 2760743 2760888 730071 2760752 8710466 8711002 730928 3230205 3930212 910857 9350880 3230880 730580 8710519 8710864 8710414 9350924 730812 3930422 9710870 3700205 3700205 3470285 5230857 3470205 8190560 1600973 1600973 3730004 3730004 3730560 3470857 8191010 3470857 7090973 3471023 9710767 9710414 3731007 5230857 3470857 3700743 3700422 3471023 8190743 230857 6660304 9350404 5230466 5230560 8190920 3470200 9710414 7790580 5230414 730809 2760560 7790857 7790687 9710285 520071 9710770 9710969 9710350 910741 3470006 7790857 3390580 2080770 8190772 3470580 9710770 9710043 8190772 7790964 3470969 2080770 9710752 8710888 9710767 8710646 4720071 4720857 3230205 3230212 3230880 3730646 1600973 4631010 7090973 4630638 7090973 8191007 5230350 5230857 8711023 5981023 8710888 8790857 9710071 3470987 3730071 8190888 8190741 9710729 3700770 8190969 3930857
3470752 9710743 3471007 3470987 8710466 8710930 3470857 7790371 2760371 2760930 5230466 8190371 5230857 9710205 9710575 8190006 8190371 8190812 1760973 3930371 3931023 520741 3470969 230920 9710857 9710996 5230872 9710923 9710414 2760964 7790896 3730004 5370071 5230466 8190743 2760371 3730004 3730004 3730004 8190516 2760752 9710285 9710285 9710770 9710888 9710770 9710920 2080857 9710741 8190894 1031010 1031010 9710920 9710969 2080857 3470752 8190960 3470857 3230212 3230212 3700770 9710752 3470205 2760371 2760770 9710200 2760752 2760371 9710752 8710872 9710864 3700743 9710857 8190770 6660006 5231023 2760888 8710872 3470205 3700770 3470872 8710741 9710350 8710560 10110857 9350812 9350924 3230371 9710996 3230414 3470519 2760924 3950964 9710519 3470580 3250580 5231023 8710741 9710920 8710646 9710006 8190496 8190071 3470752 2760371 8711023 8190006 8710857 9710923 3471023 8190743 2760560 8190770 3470414 8190687 3730420 5230466 8790857 730752 5230466 8870580 3950964 3470414 730371 3470285 4630071 1600973 5230466 9710043 8190043 3470987 8190687 9710920 230414 9710580 9710371 6900872 3470580 4720741 9710414 3470872 7790371 9711023 8190043 3470857 4630004 8190770 3930205 9710888 9710414 3470200 8711023 7790687 8711023 3470043 3390043 7090973 8190043 230414 9710770 9710767 3470857 8710466 8190519 3470580 2760894 8870422 9710580 7790752 3470519 2760960 230414 9710741 3470580 3470285 9040580 3730924 3731010 5230466 5230466 3230414 9711007 4720770 3471007 4720964 9710930 2760772 5231023 8190071 3230205 3700770 9710857 9710739 5230857 8190743 9710414 8601023 8710987 5230646 9710071 9710924 9710414 3700888 9710729 3470752 5370960 7790114 3470857 3470200 8190872 3470857 8190770 3950964 8190560 10110857 3470414 5230350 5230466 3470924 9710580 8190770 8190743
3730071 3730004 4631010 4630638 8710466 9710930 3470987 7790752 3230422 730812 9710930 3731010 1600973 3730004 7090973 8190687 9710857 8710857 8710987 9710580 3230414 9710964 8550580 3730268 1760973 3730268 1760973 730743 8870414 9710205 9710071 2080770 3470205 5370580 230857 3730004 910371 3930796 3930880 3930796 5230560 9710969 3230880 1600973 3731010 1600973 3731002 3730004 8191007 5230857 9710350 9710371 4630638 6760857 5230466 9711002 5231002 9710996 3230872 3230924 7790200 7790371 7790857 7790200 7790580 7790580 4630200 2370973 9710212 3700961 2760371 8710767 9710414 9710043 3700414 9710371 8710872 9710924 910857 3930880 730043 2760043 6900872 9710864 8710560 9710350 5981023 9710767 8710767 3470752 9710752 4720964 8710752 8710580 8710743 8710422 2760752 230496 3470414 8710872 2760350 3470580 5231023 730752 8870043 8711023 8190071 8190071 7790857 230924 9710043 9040580 9710043 9040580 3470043 9710741 9710923 9710212 9710924 3470752 3470857 2080743 4720964 3930857 910371 8710987 3930741 230857 3230006 3230212 8711002 1600973 1600973 3731010 3731010 3730924 4631010 3730004 7090973 4630071 8710930 9710071 8710466 230857 230857 8710930 9710527 8710043 8710043 730894 3471023 9710772 2080770 3470752 9710920 3470857 8190071 8190888 230857 9710205 3230205 3730004 3730004 3470857 3230812 8710422 3700770 3230212 3230880 3930857 3930857
8190071 8190496 7790857 8190646 8710422 910371 910772 3700743 3230205 9710414 5230422 6660996 2760872 9710519 3470857 2080743 8710466 3470752 8550519 7790888 8190743 2760964 2760071 2760741 5370772 8190920 3730888 3731007 3731010 4630638 1600973 7090973 7090857 4631010 4630857 3730071 9710888 3470285 4720371 8710872 3471023 8190006 5370888 7790857 3950870 3950870 910857 8710930 730772 8711023 5370960 8190896 2760114 5370371 7790580 3470580 3730924 3470872 8710872 8190752 8190870 2760964 4630371 9711007 3230519 4720964 3470857 3470200 3731010 3731010 4630638 4630638 7090973 4631010 4630004 4630004 8190896 2760770 9710880 8710770 9710006 7980973 3230414 730414 8710519 2760580 8710422 2760043 9710752 9710920 7790964 3731010 1600973 4630638 3731010 7090973 8190894 8190741 8190765 3230770 9710770 8710767 9710739 9710422 1600973 4630638 3731023 4630638 3730004 8191010 3470414 9710812 9710812 8710560 8190942 6660741 6660304 5230519 9350752 8190741 8190071 8711023 9711007 3471007 3470872 7790200 5371010 5370043 5370580 8190544 5370544 5370752 7790200 8870544 7790200 7790857 8870544 3230205 3230519 3230560 9710752 5230872 3470519 3470006 1760973 8190743 3730420 1600973 3731010 4630857 4630638 4630857 4630857 4630200 4631010 4630857 4630857 4631010 4630004 4630004 4630071 3950964 9710729 3700857 3731010 8190770 3730924 9710371 8190371 9350560 9710923 2760924 8190888 4630004 3730646 4630200 9710414 3470414 8710743 8190942 2760350 3700519 9350896 8190560 3731023 3730071 8710987 8710987 3700741 8710743 3470285 3700414 9710519 9710519 3470560 3950371 3950960 8190770 9710767 3700960 8710767 9710414 9710767 4630638 3730580 7090973 730960 8190960
2760752 5230466 9350924 5230466 3930857 8710560 8190496 9710371 3471023 4630857 4630857 4631010 4631010 1600973 4631010 4631010 4630857 1600973 4631010 4631010 4630004 4631010 3471007 4720544 5230414 8710414 8190741 9711007 9710414 9710770 3470752 8190496 3700857 8190888 8710770 8710969 9710752 9710414 3470205 9710741 3470200 8710770 4630857 3731023 3731023 3731023 4630638 4630857 3730888 9710857 9710200 3731023 3730924 3730420 4630071 8710857 8190770 8190743 8190371 9710752 3730560 4630638 8190770 8190652 8190071 8190496 2760770 8710519 9710888 8710857 2080743 8711007 9710743 9710422 9710071 9710920 8190888 8710646 3700519 9710414 3470857 9710857 9710414 9710857 9710857 3950960 8190913 8190969 3730924 8190888 8190741 8190969 3230205 3930961 3930205 3700743 3730004 3470752 910857 3470752 3470752 2760888 2760888 9710964 3731010 3731010 3731010 3730004 9350888 3230880 3700743 9710071 8710743 9710071 9710414 9710770 5981023 9710519 3230872 9710200 3230812 9710544 3731010 3731010 3731010 3731010 4631010 4630638 4630857 8190646 3470857 8711007 9710857 9710071 8190496 3730004 8190741 9710752 9710987 3731010 3730004 3730004 3730004 1600973 4630857 8190894 5370043 8190371 5981023 3730071 3730004 3230924 8190071 3950371 3470924 8190961 4630857 1600973 1600973 4631010 4630638 4630638 4630638 4631010 7090973 7790857 7790580 3471023 9710043 8190770 8190743 8190770 8190743 8190519 4720741 3470200 4720964 7790913 3470752 3730004 1760973 3730004 3731007 3730580 3730004 8190894 3470857 8190770 3470857 9710770 3230969 5230519 3230006 8190371 9710371 3730924 8190961 9350964 3230770 8710752 3731010 7790894 230857 230872 9710767 9710969 3230205 9710782 8710767 2760888 8601023 2760770 8190896 8190894 3730268 8190741 3470200 9710924 2760888 7790888 2760071 2760888 3470782 7790071 9710920 3470987 3470969 9710857 2080770 8190071 2760894 7790752 7980973 3730580 4630580 3731002 5370743
3930414 3930212 3930422 300422 5230422 9710212 3470200 9710996 9710527 3930386 9350743 7311010 7980973 7980973 7980973 1760973 8191023 8191010 4630004 8710422 9710960 730930 2760741 5370371 7790200 5230930 7790114 2760928 7790114 8190371 8190741 1760973 7980973 1760973 1760973 3930857 5230560 3700964 8710646 3470782 520519 8190741 730212 3230560 3230560 730930 9711002 3730560 3730004 3730928 8190920 7090973 3731002 3730268 2760964 9710930 8190043 8601023 2760743 9710519 3470987 3470519 9710519 9710770 4720371 9710770 3700752 8710741 6900872 9711007 9710812 3230996 4720964 9710006 3230857 8711007 9711007 3230212 3230996 2760560 4720964 9710857 3730004 3730004 3731010 7090973 3730004 7090973 3470857 3950960 7790741 7790896 4750772 4750772 4750772 9710519 8190772 2750857 3230422 3731002 3731023 3731023 4630004 3731023 2760964 1760973 3730004 1760973 7790857 8790857 2760894 9710527 2760896 5230969 3700964 3700422 3700969 3700888 3730928 3730371 7980973 8190969 8190687 3250857 8870772 2760516 3470200 2080770 9710770 8710646 7790043 7790841 8870043 7790743 8190371 7790964 8870043 8870043 7790071 9710285 8710414 3700580 4720857 3230857 3230422 3230770 8190043 9350422 230857 3731002 1031010 8190896 8190812 5981023 8711023 2760960 3700857 2760770 8710767 9350580 8710466 2760580 9710422 9040580 3470580 3470580 2760043 8870580 8870870 3700870 3700071 9710414 3470414 4630638 5371010 7790857 8190043 5370960 8190872 5370741 7790857 7790857 7790857 8190770 9710960 9710987 8710857 9710857 1760973 3230996 8710519 9710930 8710930 9710857 8710422 9710205 3470580 8711023 730770 7790964 5370888 2760743 7790888 8190371 8710770 5230519 3700580 3230043
3730560 9710857 8190960 2080857 3470857 3470857 5230857 9710741 3470414 3470422 3471007 3730004 1600973 3730004 8190741 3230857 8191007 3230857 9711007 3230560 9710857 3230646 3230857 3471007 8190560 3731010 3950960 3930857 3930961 9350743 3230969 8871007 8871007 3731010 7090973 7790857 9710071 3230006 3230212 9710864 3470987 3470924 3470924 9710006 3470752 9710071 8711023 9710743 7090973 7090973 3470857 8190942 3730888 4630580 4630580 3390580 3950043 8190896 8710043 2080857 4630857 4630580 9350646 9350560 9350646 8190752 8190743 8190896 3470857 3950964 3470857 9710857 3470857 3470752 3470857 3470857 7790857 7790743 3470857 3471023 3471023 7790894 7790896 7790071 9711023 7790964 3950964 3470752 9350043 9350765 8190560 8190960 8190071 8190960 8190770 9711023 3471023 9711023 3470043 2080770 3470422 3470872 9350930 8190071 8190969 8190960 8190071 3471023 3470200 3470422 3471023 4720857 3470857
6660422 6660304 3230560 7790857 7790516 7790743 7790071 8190743 8190772 8190894 2760071 9710071 7790071 3470772 2760960 8190071 7790857 9711023 7790857 2760071 230496 8710930 9710772 3700772 2080770 2760114 7790071 3730004 8190888 9710527 8710969 8710969 730870 2760741 3230371 6660996 3230205 6660304 8870205 8190872 5230930 3930414 3930880 9350687 3471007 4720770 4720770 3700960 9710960 8710770 3700796 9710770 7790857 5370741 3731023 3730519 7980973 3730268 7980973 1030638 3731002 3731002 7980973 3731023 1760973 1760973 7980973 3730519 230414 3730268 3730888 8190071 4630071 1760973 4630200 8190743 8190496 4630386 8710646 8190071 8190888 3950964 3700071 5230969 9710969 9710770 2760741 3470987 6770857 8711023 2760772 3470285 3470987 8190071 3470580 7790964 8710580 1760973 8190896 2760071 5230930 3730004 3730004 3730004 3730004 8710930 7790857 8710930 3730004 7790043 3390043 3390043 7790857 7790857 8871007 4720857 5370741 4720857 8870544 7790857 7090973 3730071 3730004 7980973 8710414 5230872 8710770 9710741 3700857 3700960 300422 3700772 730812 3700857 3930796 5230872 9710350 520371 3470006 8190646 7311010 7311010 7980973 8710466 5230930 731007 730071 1030638 3731023 1760973 5230350 3700964 730888 2760043 5230519 9710043 9710770 8870414 8190960 7090973 7090973 7090973 7090973 7090973 7090973 4630004 7790857 8190646 8191007 8190772 5371010 8190043 7790857 4720857 4720857 2750857 3230857 3700580 3950964 8190652 1030857 1030857 1031010 1031010 4630200 3731023 1760973 1760973 3730004 730205 3700870 910741 230857 5370772 3730004 3730004 3950964 3390043
2760043 7790043 3730043 3731010 3731023 1760973 3730004 7090973 8190560 730772 3230924 3700741 3700880 3230924 8870924 7790752 9350006 8190872 7790043 4720894 3470200 7790857 4720857 7790857 2080857 7790071 7090973 9710770 3470729 9040580 730560 3730646 4630857 7090973 4631010 7090973 3390580 7790114 2760928 2760580 3230812 3230812 3230996 9710527 8870580 9710996 3470560 4720857 3230857 9710857 5230560 9710739 3700741 3700519 3700519 3700519 3700519 3700519 3470519 3700752 3700519 8710646 8190913 8550519 3700770 3700212 9710767 7790913 7790857 7790114 7790924 3230414 3230924 8870772 3230880 5230422 8710872 3230924 730964 730964 3230043 3470580 4720071 3930414 3700752 9710371 8710752 9710770 8710752 9710071 3700414 9710743 8711023 2760071 7790752 1031002 7790870 3230422 3470857 5370772 230857 230857 9710772 3470772 3470772 9710770 7790741 3470205 3230872 3230371 5230872 3230422 910741 4720741 9710414 3230414 9710923 5231023 3930422 9710205 5370772 5370043 9350752 230857 3230996 3230422 9710575 4630371 8191023 6660304 5230930 5230930 6660422 3230880 3230006 4720371 2760687 2760371 730880 3230796 3470422 9710812 3470422 3930857 3700205 4990043 3230872 9710864 3230006 3230205 4720043 3230205 3230414 4720371 9350752 3230422 4720741 3230996 3230560 9710422 4720857 8870043 730930 9350930 9350043 5370043 9350580 7980973 9350930 8870422 730928 730924 8871007
7790580 9710422 730414 2750857 730006 3470580 3470872 8870580 8870580 8870580 730741 9710857 9710920 7790964 7790964 3470580 7790043 7790071 7790894 7790741 3230304 910043 3470006 9710575 3471023 5230466 3470205 8710857 3470422 6660880 5231023 9710870 3470519 3730371 3730560 9710857 9350006 9710857 910857 8710752 9710987 5230872 8710414 3230371 9710888 8710741 8710987 3470752 9710544 1760973 230924 8710743 3470580 7790687 8710888 3470580 7790743 8190961 3230205 5231002 3230006 3230857 3730004 3730004 3730004 1760973 8191007 8710857 8190743 8190743 8190071 3950371 8190743 8190071 300422 2760770 8710422 5231002 8710646 9710857 8710414 5230857 730770 5370371 8190071 8190371 8190812 8190516 2760770 3470043 7790743 7790857 9710043 3470519 7790371 2760371 3470580 7790857 7790857 8190870 7790857 8190752 9710519 5230519 2760928 730519 9710987 9710575 1760973 9350812 9350924 8190006 9350560 9710544 8710857 9710580 3470580 8190006 8190872 3700071 9710960 6660006 3230857 9710743 3471007 3471007 4720071 8190071 9710371 910371 8190872 8190894 8190687 3470987 8711023 4630071 4630371 3230812 8710872 9711002 9710739 3230880 3700857 9710350 8711007 3700770 3930205 3700857 3470857 9710864 9710920 8710519 8710422 3470987 8190371 1030857 8190519 8190743 2760770 3470519 9710888 9710414 8710770 8710741 3700519 2080743 9710857 3470857 8190652 8190741 8710646 3470414 3700772 3700880 3470422 4720969 2750857 3230857 3230646 3700741 2760888 3250857 9710930 9710930 2760741 2760770 730812 3230996 3230996 3230812 3700772 3700205 9711007 3230857 3730071 3731007 230872 230857 3230857 730924 8870772 3230371 3730004 3730004 4630371 3731007 8710466 3470772 4720857 8190071 7790857 7790071 9040772 730772 8190772
5371007 8191002 9350560 9710930 5230872 8710560 8710767 3471023 8710770 9710924 8710414 9710782 730414 730043 9350930 9350772 9350812 730205 9350772 5231002 9710200 3470200 730770 730894 9350743 730371 6660996 9710864 6660996 3230796 730212 9350371 730519 9350880 730006 2760880 3230812 730880 730519 3230880 3930796 8710872 8710741 2370973 1760973 5370071 2760960 9350812 3730974 9350880 9710422 2370973 1031010 730888 730752 730888 9710752 5230422 3471007 2760896 230006 230872 8710519 7980973 5370888 9350888 9350752 300422 8711023 8190071 8710646 3730043 8710987 3470205 9710987 8190371 2760872 730770 230920 8710987 9350924 2370973 7980973 5370888 7980973 7980973 7980973 9710741 9710743 3470782 2760071 4630071 8711023 9710743 3731023 3730974 2760770 2760752 8710987 9710770 3471023 5370571 8711023 8190913 4880973 6770857 5370200 3230519 3230857 3230770 2370973 8190896
9711002 730888 3230422 230006 4720964 730964 3230560 910200 6660880 730006 8191007 8191007 8191002 7790857 730741 8710043 3930560 3930414 6900872 3930414 3700964 910741 7790964 8190894 5370937 8191002 5371007 4720544 3730004 3731010 3731010 3730200 3730071 3731010 3730004 8190071 9350964 3700888 9350741 8190741 8190743 8190560 8710646 3930212 9710729 3700205 7980973 3730004 3730004 1760973 7980973 8190519 8190519 8190894 8190519 9710729 730422 2760071 9710772 8711007 9710043 8190752 3950371 230920 9710043 8711023 2080857 8190888 3930741 5230872 9710371 3470752 8710872 7790071 730752 5370960 3730004 3730004 3730004 7090973 8190752 3950960 8710043 9710770 2760770 8711002 9710772 3470752 3700741 8711002 3731010 3731010 8190888 3230857 3230414 2760371 730894 730772 8190894 8190772 9710782 3471007 9710770 7790741 2760888 2760896 2760043 2760924 7790743 9710920 9710987 3470987 3700743 7790964 7790200 7790200 8190519 7790857 5370043 5370772 7790200 8870580 7790200 730741 2760114 5370741 8710466 3730268 3730004 7980973 8710930 230857 730414 9350772 911007 8190961 910857 8190930 8190961 3700770 3700857 9710857 3700752 8190560 8190961 9350772 3470772 9710770 8190544 3930422 3700743 9710205 9710205 3700960 3470205 8190894 3700857 3730268 3730004 2750857 8710752 730006 9710371 8711023 3230857 4720770 9710743 9710920 8190872 1760973 7090973 8190752 3730004 3730004 7090973 7090973 4720857 7090973 8190646 7790071 9710864 7790071 910371 2080770 8190894 3730071 3730371 3730961 1760973 8190646 300422 3700888 2760743 2760752 2760743 3470782 9710071 3470200 8190960 8190770 8190888 3230857 7311010 3730004 8190752
730924 8870424 8871007 7790371 730646 730872 730646 730741 9711023 2761007 9711023 730741 5231023 7790924 8871007 8871007 730646 8870544 8870544 8870544 7790371 730006 8870544 8870580 7790371 3470200 7790580 7790964 9350743 5370942 730371 730961 730741 8191007 8870424 5371007 5370741 7790752 8870424 730741 8870043 9350913 2760371 7790371 730646 8870424 730646 8870772 8870043 8870043 730924 8870580 730006 4720043 730880 8871007 8870544 8870043 730043 8870043 7790200 8871007 730646 8870043 7790580 8871007 8870424 8870580 4720371 4720741 8870424 731023 730646 7790741 2760928 730200 731023 730519 730928 730812 8870424 910200 730872 8870580 8870518 7790071 7790200 8870544 4720371 8870424 8870424 7790857 9040580 7790857 8870544 8870924 8870580 8870424 7790752 8870772 8870580 7790371 8870544 730741 8870043 7790857 730969 730772 730414 730772 730924 8870424 730006 7790371 8870544 731023 731023 730960 730006 730646 730006 8870772 910857 7790371 730006 8870544 5370841 4720969 8870424 2760872 4720371 7790857 7790371 8870518 8870043 7790741 8870043 3470969 8870424 4720741 7790913 8870424 3470043 8870424 7790741 4720544 8871007 730646 730969 730371 730646 8870580 730741 731023 730870 730752 730872 8870580 730646 8870043 8870580 8870924 910857 8870424 7790857 8871007 730872 7790857 2760872 7790371 7790752 3950371 3950371 7790371 7790857 8190770 7790857 9350913 8190519 7790857 7790924 8870518 8190519 8870424 7790741 8870414 7790857 3700519 8870422 730928 7790371 8870544 8870772 910519 7790741 7790752 8870924 910857 8870424 2761002 910200 3230519 910519 8870859 5231002 8870772 9350741 8190741 8190363 9350646 8190363 8190371 8190872 5370841 6770857 9350930 9350422 8190913 8190519 8870924 8190741 4720741 9350646 8190519 8190741 8190770 8190960 730809 8190646 8191007 7790857 3950043 7790857 2760043 8870580 910200 730812 8190913 8870772 7790857 8190519 9350646 8870544 8190770 9350741 8190422 9350924 8190937 7790200 8870424 8870205
730930 3930880 2370973 2370973 9350812 1760973 8190560 9710422 9710739 3700519 8190560 9350560 7980973 3230857 3230560 3230006 9350422 5231023 8190743 8190560 8190772 3470200 1760973 3470200 3731010 9350006 9710285 2760743 5370930 9350888 9350896 9350422 2760371 2760964 9710205 730928 730228 5230466 8190371 9350772 5370930 2760930 6660930 5370930 7980973 5370930 5370930 5370741 2760371 3470200 6900872 730812 5230414 3230872 9350371 1760973 7310004 2760930 2760772 2760964 2760741 2760414 2760894 9710043 8190752 7790772 730812 7980973 7980973 7310004 7980973 1760973 8190772 3730371 3700752 8190743 9350924 8870422 9350371 5370043 2760930 2760006 2760422 2760928 2760928 8870772 2760741 2760371 9710888 8190741 3730004 2370973 2370973 2370973 9710006 3731023 230872 9710772 730928 730200 2760006 2760896 2760924 7980973 8190519 1760973 1760973 8190043 8190519 8190422 8190812 6660930 6660930 2760930 2760752 730560 9350646 3930371 6900872 9710741 2760560 5230519 2760114 2760752 8190960 230924 2760924 8870043 2760770 2760770 2760924 8190414 9710371 6660741 3930414 3230414 300422 9710200
7790896 730752 2760371 2760770 2760872 2760043 2760414 4630638 3730268 3730646 3730004 8190646 8710422 9710930 8190414 9350752 9710350 8710646 4630071 8190071 730729 3931023 3931023 7790857 3470729 7790071 520857 3700071 9710205 9710527 3470560 730646 730870 6660043 730880 730560 2760741 2761002 730519 2760924 2760894 2760924 2760071 2760772 2760741 3700770 9710006 8710888 5231023 3950371 8710422 9350743 6660880 3700422 9350371 9711023 3700770 8870422 3950960 3950371 3700960 3700071 730928 730006 8870580 3700741 8190560 8190560 8190560 8190888 5370752 9710743 8870043 2760743 5370870 8870772 2760371 2760205 2760071 2760928 7790752 3730560 8190071 3950043 3700770 8710752 2760560 2760770 2760928 9710960 2760743 9350964 3470752 730772 6660043 3700414 730928 3700857 8190043 8190888 8870414 3230414 9710923 9710043 8870043 3730043 3731002 8190414 3730004 3731002 8191010 9350752 9710414 9711023 7790841 2760414 5230872 2760371 2760896 2760371 2760880 6660741 2760770 9710422 7790743 7790894 3470422 7790964 9040772 3700888 9710924 3471023 3950964 8190743 4630371 4630071 3730928 9710996 3470205 9711002 9710924 8710422 2760924 3470519 8710519 9710580 3470200 9350580 9350560 9350812 3230996 9710880 3930880 3700205 3700422 3700205 3470560 3470872 3470422 3470205 8190913 3730420 8190880 8190646 8190960 3470872 8190071 2760752 2760924 9710200 8190894 4630200 3730420 3730560 3730420 3730420 3730974 8711023 3700880 520371 9710350 3700924 2080770 9710770 3700741 9710752 3470752 3470969 2080770 8190741 8190969 3470200 9710812 8190896 9711023 2760888 9710743 3470969 3730071 910741 910371 3230414 3230924 730006 2760371 3230872 2760872 9710864 7790888 7790752 910646 3470969 3470205 9040772 9710772 3470200 7790894 9710205 3470772 9040772 910772 3470969 7790743 9350888 8190772 8190812 8190752 8190896 7790964 8870772 3470772 9040772 9710812 3470772 9040772
9350964 9710864 8711023 8710864 8870772 9710743 8710043 2760896 731023 730071 730888 2760741 9710043 9710043 9710743 7790071 8190371 5370741 9350043 5370888 9350964 9350422 9710371 8190960 9350371 9350371 9350371 6660006 9350371 9350371 9710285 9711023 9350371 2760371 9350371 2760371 5230872 2760371 9711023 2760006 2760006 9350006 9350687 730924 730200 2760371 2760928 9350924 730924 2760924 2760924 2760924 5231023 5230969 730924 730924 2760924 730924 230924 730924 5231023 5231002 2760969 730969 8190969 9350687 730969 730371 8870422 2760371 730646 730969 730006 2760928 9710285 5231023 730006 2760371 2760969 730870 730969 9710870 2760928 730969 730969 9710969 2760741 9710864 8710864 2760969 730371 3700519 3700969 910519 2760071 730519 730969 730741 3930205 3930205 3700205 2760928 3700772 9710200 730880 9710782 910519 9711007 8711002 2760743 730964 730888 8711002 9710782 730928 730743 5370071 730144 731007 730646 2760043 730646 730743 730071 730006 730071 8711023 8870043 3230519 730888 730937 3230519 730560 730519 2760969 8710519 730519 730006 730752 2760969 730646 730888 9710043 730743 2760071 730924 2760969 730888 2760743 230920 2760969 2760350 730743 2760580 2760071 730071 8711002 7790519 2760872 730371 730371 730872 2760969 2760888 7790964 2760888 230006 2760006 8871007 730006 3470043 730006 730964 7790043 5370741 9350560 8710519 8190888 8190741 5370743 9710857 8190071 2760752 8190687 9350752 2760770 3470752 8710930 8711023 730872 9710371 9710371 9710200 9710930 8710930 2760741 8710872 9710782 8710872 9710729 9710930 8710872 9350741 2760741 2760741 730519 2760741 2760350 2760741 2760350 2760350 8710519 2760350 2760350 3470200 730924 2760924 8710519 2760743 2760350 2760071 730770 2760741 9710519 8710864 8710864 8710864 2760071 8710519 9350741 2760741 9711002 9710864 8710987 2760071 9710200 8710864 9710864 2760350 9711002 9710200 2760741 6660741 9711002 9710422 9350741 9350741 8190071 9350812 7790200 2760960 9710200 9710864 730560 2761007 2760752 9711002 2760205 2760205 730812 2760741 3470200 2760071 730071 730071 730809 730144 730752 2760071 730071 9710200 8710969 8711023 730144 9710200 730888 2760928 911007 6660043 730752 730043 730560 2761002 2760896 8190960 730043 730928 8711002 2760043 730071 8710969 730928 9711002 730741 2760741 8711023 8711002 8870580 2760969 9710544 730928 8870424 3700969 8870205 3700205 8870205 730812 7790516 730770 9710544 9350888 9350772 9350772 9350772 9350371 9350772 5370829 9350006 9350006 730872 8190930 9350741 9350812 7790200 9350371 9350580 8190371 9710857 9710930 2760371 9710930 2760872 9710864 9350964 2760350 9710864 9710864 2760580 2760924 2760741 230872 7790371 8711023 730772 730741 9710371 2760872 730772 8870772 730741 2760741 5370743 9350924 230924 2760930 730371 9710930 230006 730964 5230930 5230646 9710285 5231023 730006 730371 2760772 7790371 2760371 730371 730371 7790371 730371 9710772 230872 2760928 730144 2760888 2760741 730741 2760741 9350580 9350043 8870043 730006 730888 2760928 730371 730743 730071 3470969 730006 2760006 730371 9710519 2760872 2760350 9711023 8711023 7790741 8190371 5231023 9710285 5231023 5230872 9710371 9710006 9710371 9710371 9710371 9710987 2760371 9710371 9710371 9710371 9710371 9710371 9710772 9710371 9710741 9710864
730930 730741 730812 730560 2760772 730741 2760580 730519 2760414 730414 2760414 2760350 730414 2760350 8710414 730741 9350741 730560 730560 8870424 730928 5230872 9350371 9710371 9350741 730741 3930519 8870772 2760371 730371 730371 730371 9350687 730371 5231023 5230969 910371 3930519 9350006 2760969 730812 730812 8870422 8870924 9350924 4990043 5370371 8190969 9350924 5370371 9350964 9350371 9350371 9350371 8191002 9350930 2760772 9350371 9350422 5370930 730924 5230350 9350924 9350924 5231023 5231023 730924 5231002 730200 9350371 730796 2760371 9710200 2760741 6660741 2760896 9350422 730519 9711023 2760741 730741 2760350 730870 730870 730519 8710930 730519 2760414 2760928 730812 8870580 2761007 730752 730071 730519 3230924 730924 730924 731007 731007 730371 730969 730519 730371 730969 730924 730924 730560 520071 730924 520371 9350743 730519 3930519 3930422 8711023 9710519 9350888 9710422 730752 9350924 3700519 2760928 2760969 730928 2760371 2760580 730071 8870580 2760071 730928 8870580 7790857 9350580 2760969 730969 730752 730928 730560 730071 9350646 3930857 730964 730560 730969 910043 9350772 730560 730560 2760414 730770 8870772 730964 730743 730964 8870772 730928 730969 3930560 3930560 730928 730928 730928 730144 2761002 2760928 730422 7790888 730043 2760872 730212 730743 6660460 730741 8870205 3700772 730928 730422 9710527 6660996 6770857 9350812 9350964 9350043 9350743 8190896 9350924 7980973 9350687 8190071 9350930 8190870 6660880 9350371 9350371 8190371 5370772 2760930 230006 5231023 9350930 5370870 2760350 2760350 5230519 2760924 2760924 5370964 731023 2760888 730924 5231023 5230930 5231023 9350930 9350371 730796 8870924 9350924 5231023 730006 5231023 2760924 730371 6660006 2760924 5231002 2760964 730006 730006 730371 730741 730205 9350964 730812 2760743 730964 730560 730743 730969 2760888 730741 2760741 2760414 9710519 8710969 2760071 730371 730741 2760741 2760969 8711002 730560 9350924 730888 3930519 2760205 730772 730924 8870924 7790772 730560 730969 730752 730006 730006 730924 730880 730741 730071 730888 730560 731007 730924 8711023 730770 730422 3230872 730560 730741 730741 730743 9350772 9350741 730752 730071 6660741 730371 730560 730371 2760741 731007 9350888 730924 730519 730924 730519 8870580 6660996 7790888 730743 5231023 5231023 5231023 9350924 2760043 6660996 7790200 2760969 2760969 2760580 730422 730888 730371 2760371 2760371 2760371 9710519 2760371 2760741 2760741 8710519 2760350 2760924 2760924 2760006 9350964 9350888 8190741 9350741 9350772 2760924 9350964 8711023 2760752 9350371 9350371 2760371 730872 9350741 9350772 8190071 9350741 5370888 730772 2760770 2760350 2760894 9350371 2760371 730371 2760371 9350772 9350741 2760930 230872 2760770 730743 2760741 6660741 9350772 9350924 9350646 2760741 730741 730812 3700519 230924 3230924 5231002 730519 730888 730519 9350896 3230519 5231002 2760371 2760371 230872 2760741 730071 730743 730519 730964 730924 2760888 9350964
730872 730422 730560 2760422 730924 730371 730969 2760371 9350743 730996 2760924 730743 730812 730812 2760924 2760350 4990857 910200 730964 8870518 2760969 9710880 730969 730071 3470200 2760205 730812 8870544 730880 730646 910519 730071 730205 730969 730743 730200 730560 9350560 730969 9710969 730888 3930205 3930205 730205 6660304 910200 730969 2760422 730560 730924 730809 730519 730928 730930 730772 730928 731007 730969 730743 730964 3230969 3230519 730071 730961 730888 9350964 730928 730928 730646 730743 730961 730519 6660422 730519 2760580 730646 9350422 730888 730205 3230812 8710466 8190743 9350743 9350371 5370888 9350880 2760205 9350371 9350371 5370371 9350930 8190772 9350646 5370741 2760350 9350772 2760930 5370043 2760371 730006 8190422 730371 730371 730741 230872 730741 730414 730796 731023 730924 730006 2760371 7790371 2760371 730371 730371 730741 2760371 2760969 730371 731023 730519 5230519 3230422 8870043 2760872 730872 730519 2760422 731023 730796 910519 730743 730519 5231002 730924 3230006 5230422 910371 730743 730560 730071 730961 3230880 9350006 730205 6660006 910519 730812 8870205 9710527 3470969 730924 9350006 9350371 9350006 730371 5370743 7790371 9710371 2760371 9710772 2760896 6660006 730371 5231023 730371 730743 730560 730741 730924 9350924 730924 2760969 730371 730371 730996 730924 2760006 730006 7790200 730205 730422 5230422 2760371 2760872 2760371 730560 7790913 7790371 9710923 730969 730043 4720894 7790894 2760969 2760888 7790896 7790894 7790687 730772 2760772 2760743 2760516 2760114 7790896 7790857 8190043 7790888 3230006 3230006 3230519 730144 730144 8190960 7790857 7790857 9350371 730894 6660880 8870422 3470580 7790741 4720964 7790743 9710924 8190752 9710205 5230560 300422 730924 7790043 9710729 7790964 2760924 2760960 2760741 7790772 2760888 9710519 9710752 8711023 4630071 730371 3230422 730809 3230996 3230422 9710880 8190894 8710646 9710071 9710770 9710071 9710729 9710782 730796 3230924 730928 730812 7790888 5370870 7790894 730812 7790071 7790516 7790071 2760687 2760114 7790857 4630004 5370580 8190516 7790857 4720894 3470580 3470987 6990200 8190071 8190071 7090973 8190743 3230414 3230969 3470969 9710964 9710371 910741 8870424 730371 6660880 3700580 6660212 730812 3730004 8190560 8710580 5231002 730371 730872 730043 8870580 3470872 2760772 2760770 2760752 8710519 2760770 2760646 2760743 7790743 2760743
7090973 730071 8710987 9710996 8190765 7790752 730969 8710969 9710782 4990043 730964 730888 8870043 8870424 8870043 2760071 9710920 9710920 2760888 9710920 2760894 2760809 2760770 4720071 2761007 7790913 3950964 6660996 8601023 2760743 9350772 8190772 8190894 5370888 9350743 2760114 5370942 2760687 2760114 2760752 2760043 9710782 2760960 2760371 8190371 3730924 3730924 9710964 8710466 9710987 8710741 8710741 9710006 730743 9710580 9710870 2760741 9710071 8710864 7790741 4720741 7790841 520371 520371 8190969 8190043 8190043 730741 6660930 5370200 5370888 8191007 8190743 8190765 7980973 7980973 9350924 730580 730071 3930386 3930386 3930386 3930870 3930796 3700870 9350964 8191002 9711023 8190741 5981023 9710924 7790857 8190043 1760973 3730004 3730420 3730004 3730004 7090973 8190772 910741 8190516 9710880 9350043 6660422 730212 9710205 9710212 3930741 9350646 9350888 7790964 5230930 730924 9350422 9350964 730924 3950960 8601023 9350896 2080857 8190043 8190043 2760896 2760809 2760894 2760560 2760896 9350560 3730043 5370743 9350043 8710969 7790516 8190770 8190371 8190519 2760872 7790200 7790752 7790200 2760809 2760516 1760973 1760973 3730004 3730004 8190743 2760687 3470752 8710043 8870043 7790071 3470043 3950043 8190043 8190872 7790071 3700743 3470043 3731002 3930371 520071 8710857 8710646 7790743 8190043 5370870 5370071 730996 730560 730770 730880 3930857 910857 9350404 3730601 3730043 3730004 3730004 8190930 8190930 8190870 5981023 8190888 5370071 3730580 3730004 3730004 3730004 7090973 3730004 3700743 3730580 6660460 1760973 1760973 7090857 3730004 8190422 7090973 8191010 2760422 230924 5981023 8601023 7790894 8191023 3730829 3730004 3730004 3730004 3730004 5230857 3700857 9710752 5370930 2760043 7790857 8190519 3730004 3731010 3730004 7090973 8190752 8190770 2760114 7790964 7790741 7790924 3950043 3950371 3470200 3470924
5370743 2760414 2760741 5230422 5230519 9710006 9710285 9710414 9710752 8710560 3470205 9710350 5230414 9710006 520071 8870924 8190752 9350371 3950371 9350741 3470414 3470519 3470969 4720969 8190969 8190646 8190812 5230519 9710987 9040772 9710969 9710414 8190960 8190414 3470200 7790741 5230646 9710729 3930414 3700205 8190888 8190969 730741 230414 730422 5230414 730519 730924 730872 9710371 9710371 3470205 3470752 3470872 9350043 8191007 9350752 7790857 8190560 8870544 7790888 7790580 3730241 9350741 6660006 6900872 9350371 8710930 8190071 2760960 8870924 9710200 9710752 3930371 3700364 9710006 2760741 3470200 6660304 730205 9350880 9350741 9350888 9710205 2760872 9710205 9710205 9710575 8870424 730364 9350043 9710923 2760071 2760888 9350043 9710414 730770 5981023 7790741 7790752 4720964 8190960 7790741 7790741 7790687 9350930 9350930 9350741 2760930 9350006 9350580 9350371 3230371 9350880 9350880 8870924 9350646 8870870 9350870 8870870 8870870 8870424 3950371 3950960 7790857 7790857 3731023 1030857 7310371 6770857 5370741 9350743 5370580 9350924 2760752 730772 230496 5230466 2760043 5370741 3930371 5231023 8190896 9710812 2760896 2760964 9350743 9350743 9710741 9710923 9710741 9710923 9710414 5370888 9710371 7790741 8190741 7790924 5231023 8190371 9711023 8190770 7790371 7790200 8190496 7790200 7790924 9710969 7790114 9350913 7790913 3470205 7790913 1030857 1030857 6770857 6770857 730888 230414 2760071 5370964 8710519 10110857 2760071 8190888 5230519 9710371 3730371 3730386 8190071 2760960 3470752 9710743 9710864 3930386 6660561 730741 730770 730414 730880 730770 4720043 9710752 7790913 8190743 730414 730144
2761002 2760969 730519 9350422 2760741 9350880 8870924 2761007 2760741 730205 730969 730205 730960 730006 730752 730371 730770 730741 8870544 7790071 8190913 8870880 7790743 8190687 3470924 9710888 9710739 8710519 9710964 9710006 8710872 8710767 8190888 8190741 2080857 8710422 8710422 9710741 9710350 5230350 5230350 9710371 3470752 9710770 8710752 5981023 3730004 8190006 8711023 9710006 7980973 1760973 1760973 8190888 8191023 9710205 910928 2750857 4990857 7980973 3730004 3730371 9350964 8710043 3700741 9710743 9710969 3730004 4630371 9350812 9710575 3470969 9710924 3230006 8710872 9710770 7790071 2080770 8190043 9710527 7790896 4720964 3950964 5230969 3930371 9350006 5370371 9350580 8190741 9710752 9710923 9710752 4720741 3470200 3470205 9710519 9710527 4720741 8710414 7090973 3730888 3730924 8190770 5370960 8710422 5370743 3230796 8190071 4720371 7090973 3470857 7790894 8190872 2760071 4720857 3470422 8190371 9710006 9710770 8190071 3470857 9710920 9710743 5230560 3930422 300422 9710575 9711002 3230519 9710205 4720371 9711007 3470200 8190741 8190770 8190894 3470857 3950371 7790857 7790857 8870924 3700414 9710923 3470857 2080770 3470580 7790114 3731023 3730043 3730268 8711002 6660880 9710575 5370752 3470200 3470043 8710422 730770 9710285 9710212 9710996 3471023 3470782 3950964 8190422 8190560 9350371 8190942 9350687 4720857 8190942 8190371 4720964 8190741 8190544 9350741 9350930 730741 9350930 8190930 9351002 9350371 9710930 9350371 5370371 8190006 9350924 2760924 8190752 8190770 8870544 8870772 7790857 8870544 8870544 8870518 3950371 3950960 3950960 3950960 3950371 7790752 1031010 3730200 3730888 2760743 9350772 3730004 3730993
9350687 910857 3930857 5370071 3230857 8190969 5370888 5370071 5370071 3250857 3470200 9710987 910857 1760973 3730268 8190519 1760973 5981023 9710930 8190960 2760071 9710071 9710071 8190519 3731010 3731023 9350580 9350580 9710930 8190896 9710770 1760973 3731023 4630200 3731002 9350924 3230924 3930422 9710414 9710729 9710371 9710960 3700071 2080770 9710422 9710880 8190894 8710930 2760743 5370937 1030857 5371010 8190363 7980973 8710872 3700752 3700752 3700071 3700964 3700960 730870 8190071 8190752 9710864 3470857 3470200 2080857 3470414 730880 730212 3730004 8190071 3731010 1600973 1600973 7090973 1600973 7090973 7090973 7090973 8191010 8190969 3470200 3930386 3930961 3930961 3930961 9350404 9040580 910857 8190496 7090973 7090857 1600973 3730004 1600973 7090973 7090973 7090973 1600973 3730004 7090973 7090973 7090973 7090857 7090973 7090973 5231023 7090973 8190371 2760422 6660880 8710519 3470969 8190770 3470752 9710752 9710414 8710414 9710212 3470857 8710857 3470857 7530857 9350880 8870880 3700880 3700880 9710969 3731010 3731010 3731010 3731010 3731010 3731010 3730004 7090857 7090973 7090857 7090973 7090973 7090857 7090857 3731010 1600973 3731010 7090857 3731010 3731010 3730004 6990857 2080857 8190516 3470857 2080857 3470205 8190560 2760560 3730560 3470857 2760924 8190043 7090973 7090973 9710739 2760006 2760371 7790371 3470857 8710888 3730560 3730560 3731010 3730560 6660212 2760560 7790888 3470205 9710575 300422 9710812 8710872 730144
7790752 3470200 9711007 8190741 5370964 2760043 8870043 8870580 8190770 3730268 3730004 3730560 8190960 3700205 9350422 8190560 8190560 9350560 9711023 230920 9350741 3230422 3230519 3230770 3230560 3230422 3230422 2761007 730894 2760071 731007 730812 3700969 7980973 8190960 9350741 3230414 3230770 3470200 2760741 7790200 3470200 7790888 8190363 8190741 7790371 8190496 2760924 5370741 2760924 2760741 9350880 730212 3470200 2760646 730741 5370964 1760973 3730580 9350741 3470200 7790857 8190752 5370071 5370371 2760071 9710864 9710350 9710350 7980973 9350741 9710043 3470200 8870424 7790894 3730993 3730560 8190888 8190687 3470200 7790857 7790743 7790371 8190770 7790200 8190519 7790580 7310646 8190371 8190960 9350741 8870859 2760928 2760928 2760969 7790071 3470519 9710519 2760770 3700519 8190888 3730004 9350924 3730004 9350924 3250857 3470200 910200 9711002 3230924 3230969 3230519 7310371 9350422 5370752 3700857 8711023 7790580 8870580 9350560 8870580 730560 3731002 3731002 9350560 9710923 8190930 8190496 9710200 8190770 8190071 8711023 8710752 3470729 8190896 8190071 8190752 3730519 7980973 10110857 9350404 7980973 3730519 9710006 6660561 9350772 6660996 8190752 2760114 8190519 3730560 4630386 1031010 4630200 3730004 7090973 7090973 3730043 9710857 9350422 8190043 8190752 8190880 3470519 3731023 4630857 4630200 4630200 4630638 4631010 4630580 8190006 8190652 8190937 2760071 2760560 8190960 3730071 2080857 3730268 3731010 3730420 230920 1760973 7311010 3730371 1600973 3730371 9710729 520969 1600973 7980973 3730268 3730004 8190920 9350765 7790857 9350646 3730004 2760930 8710987 5231002 730964 2760969 9350043 3230205 730043 5370741 730888 2760741 8190071 8711023 2760350 2760646 2760646 9350964 6761023 9710743 2760752 2760770 8710930 9710200 2760043 5370071 8710422 8710987 9350422 9350743 5370772 2760580 8190743 9350913 7790964 9350043 9710930 2760770 8190363 3470200 8190930 8190913 8190743 7790857 7790741 3731002 8190071 8190496 8190960 8190071 9350924 4720071 3230646 8190752 8191007 8190913 8190006 730580 3700580 8870580
9350930 8190770 5370888 4720964 8190071 9710527 8710422 9710739 3950371 8190560 8190560 3470200 8710422 3230560 9710987 9350371 9710964 3930796 3700741 3700205 3470924 9710371 520071 5230857 9711023 3930205 3930560 910646 8190519 9710969 3700580 9040580 8190960 8190913 8190969 3470969 3700880 6660996 3700870 3230796 2760809 6660561 9710527 9710212 8191010 4720857 3470414 8710741 9710864 8710519 9350964 3230006 9350924 8190741 8190896 7980973 7980973 9350741 9350896 6350857 9350930 9350930 9350964 6760857 7980973 3930857 9350964 9350752 3230422 3230560 730928 730743 7980973 2760969 2760969 9350752 910580 5370371 3230857 5370961 730961 4720964 8870424 730961 4720544 5370743 9040580 9350043 2760964 9710006 7980973 3700205 3470580 3470043 9710739 3731010 8190880 5230857 9710739 8710414 8710987 3731010 3731010 8190930 7980973 8190969 8870772 3730924 8190969 8190969 9710930 9710924 9710527 9710812 520371 9350812 3470969 730071 9710729 9350752 9710200 3230796 9710741 3470414 4720894 8870580 730519 730519 5370870 730729 2760414 2760960 2760752 8711023 8190519 8191002 3700857 9350422 8190812 9350913 730560 3470580 730924 5370580 9350687 6660561 9350930 4990857 9350580 5230422 9350930 730741 730228 3230371 3230560 5230414 9711007 9710043 8190888 7790857 5370743 7790743 5370071 7790580 7790580 9040580 8870580 7790857 8190363 5370741 7980973 5371010 8190888 8190913 8190961 5371007 3700857 6660880 2760414 2760205 3930560 2760896
9710880 9710414 300422 8550580 3950960 3950960 3700743 3470560 3730560 9710923 2760770 3700404 9710752 9710519 2760071 730964 9710987 9710987 3470205 3470729 7790371 9710752 3470519 8710770 3470519 9710519 9711023 7790894 8710770 8710519 8190071 2080857 8710857 3470857 9710519 2760043 2760043 2760743 2760960 2760743 9710519 2760043 7790752 9710741 3470752 2760924 9710519 9710987 9710071 3700741 9710770 3470519 3470519 5230519 9710575 8710560 8870205 9710285 9710920 2760741 2760741 3470519 9710519 9710519 2760006 3470519 3470519 7790516 3700743 9710422 9710422 9710996 9710422 9710880 9710212 3470422 9710212 3950960 2080770 3470414 9710770 3470752 9710519 910519 3230519 8190414 8190006 8710767 3470857 7090973 8190770 8190741 8190741 8190743 8190741 8190646 8190960 9710414 8710857 7090973 8710857 8190743 8190743 8190071 2080857 8710930 9710752 9710924 3470969 8190920 8190414 4630071 8190414 9710371 3700888 9710752 9710770 9710741 9710924 2760809 7790896 7790913 3950960 3471007 7790580 7790964 7790913 3950371 3470205 7790857 3470580 7790896 9711002 7790371 9711002 9710071 8710987 9710782 8711023 9710920 7790964 9710782 9710920 3470729 3470205 9710071 9710071 9710371 2760964 9710964 3950964 3950964 7790964 3950964 9710924 3730071 3730268 9710920 3950964 9710920 520969 7311010 7310004 520857 3700969 9710920 9710920 7790043 3700580 9710580 230414 5230519 2760350 3470519 3950371 3230770 8711007 8710519 7311010 7311010 9350930 9350913 3470857 9710752 9710987 9710880 3470519 8710741 3470752 3470580 8710646 8190519 2760516 7790857 3730888 8190743 8190743 9710964 7311010 3730519 8190960 8190960 8710770 9710519 9710743 7790752 7790743 8190741 3730004 8190743 8710743 8870924 9710772 3470772 9710006 7790741 7790741 5370888 3730004 4630580 7090973 1760973 3470857 7980973 7980973 9710969 8711002 3930796 3230414
7790580 3930212 3700743 3700924 3930212 3930880 3700969 910928 4720857 4720894 1760973 8190743 8190516 3930560 910371 9710969 4630371 8190870 4630371 910371 9710969 3470969 9710880 910519 7790752 9710782 8710580 730969 910043 9710043 7790743 7790071 2760743 9710772 3471007 3230519 2760960 4720964 3230969 730961 9710519 910519 910519 8190646 731007 3230770 4720969 3930870 3930870 3931023 3930870 730282 730960 730928 730580 730043 8711002 7790580 3470580 4610973 4990043 7980973 5370741 730969 730580 730580 910200 6660741 730770 730741 730282 730282 6660043 730928 730580 730200 730928 4990043 730371 730741 4990043 3230969 730282 730870 730228 730964 730928 730928 730200 730928 731007 730928 730752 730928 730200 730364 730796 730729 730928 3930796 730282 730928 8871007 730937 730870 910200 730969 730937 730928 730371 730928 730928 9350687 9350896 9350043 9350560 8870544 9711007 3250580 8870580 4720969 730646 730796 8871007 3250857 8870424 3230646 730880 730646 4720841 4720371 730228 8871007 4720841 8871007 4720969 4720544 730937 3700580 7790580 4720580 4720043 9040580 2760772 730646 2760928 2760894 8190870 9350870 2760896 2760896 8870870 2760422 6660880 2760364 7790894 4750772 7790516 2760894 730580 730580 4720580 8870580 8870580 8870043 9350560 9350772 2760205 2760928 2760928 2760928 2760880 2760560 7790841 520961 3700888 3470857 9710739 9710575 3700205 3700924
6660043 730870 730580 2760809 3950870 8870870 3950371 7090973 730809 730770 7790752 7790913 3230043 3230043 3230880 3230212 911007 911007 910580 3700969 3930560 3700969 3700969 8710743 7790114 2760687 2760371 6660212 5370043 8601023 2760880 3470580 910928 3930961 911007 8190371 8191010 3730004 7090973 7090973 8190646 8190937 3250580 7790371 730928 6660460 9350924 730960 730870 730200 6660043 730200 730364 730880 730870 9351002 730580 3230205 731023 730200 9350752 730969 4990857 7310282 6660580 4990857 4990857 7310601 230857 730888 730519 730144 2760928 3230519 730371 730960 730870 9350422 2760205 2760960 730519 730519 730870 730205 730770 730888 9710782 2760741 2760752 230857 6660996 5231023 5230519 730928 9350743 730743 730752 6660460 730144 730144 730894 2760928 9710043 730870 6770857 9350930 230857 2760770 2760770 2760752 5370071 5370752 5370752 3731007 6350601 9350896 9350772 6660930 9350924 6660580 6660580 730741 730741 2760371 6660006 2760205 2760924 2760414 9710519 2760741 2760371 9710870 2760924 2760580 3470414 730741 9710864 2760371 2760006 2760924 9040580 2760350 2760741 7790071 2760006 3470519 7790913 2760350 7790741 9040580 8550519 3470043 3470752 2080743 3700969 3930205 3930414 3930741 9710741 8710741 9710969 9710741 9710969 8710969 9710969 9710969 8710872 9710969 9710969 9710969 9710969 3700580 3700071 9350752 3700888 3700071 3700888 9710043 9710043 9710043 9710043 3470043 3470043 3470043 8710646 9710285 9710920 3700888
9350930 5370580 6660580 6660930 9350043 5370960 9350930 9350043 9350930 2760928 2760928 9350200 9350687 9350930 9350930 9350743 9350580 5370741 8190930 9350829 2760930 9350896 5370752 9350741 730928 8190071 2760928 2760888 9350580 2760741 2760928 730519 2760741 5231002 2760687 5230519 2760006 2760371 6660741 9710071 2760580 2760964 730414 8190687 730519 2760350 2760114 8870772 2760687 2760371 2760741 2760741 2760043 730743 2760371 2760580 2760646 2760580 730071 8710580 2761007 9350888 2761007 230496 730071 7310646 5370964 9350043 2760888 730371 2760516 730894 2760743 9350743 730414 730371 2760743 2760741 2761002 5370841 2760752 2760071 2760960 730071 9711023 7980973 3730004 8190930 3730004 9350743 2760928 730743 9350043 9350743 730414 730812 730071 730880 2760371 730212 7310646 5370371 9350752 2760770 2760960 8710422 2760071 2760743 9350743 2760772 5370071 2760924 9350772 5370964 5370743 9350930 9350741 9350752 9350741 2760043 2760071 730743 5370071 9350772 2760741 2760752 730770 2760888 2760770 2760371 2760743 6760857 9350772 10110857 9350888 9710857 8710930 9710930 2760888 5231023 8710414 8710519 9710519 8710519 2760071 730924 5370772 2760772 2760741 2760964 2760930 2761007 3730993 5370772 2760930 230496 9350930 9350888 5370752 9350043 9350043 6660930 8870043 9350043 9350930 9350043 730960 2760071 2760888 9350964 230857 8710519 9350043 9350880 730212 730796 9350930 9350930 6760765 5370266 9350743 9350687 9350924 730200 5370942 2760371 2760770 730888 9350743 730894 2760896 730964 3230519 8710987 8711023 2760752 2760770 2760924 9350752 5370964 9350888 9350896 6660880 9350743 3731002 3730993 9350888 730964 3230796 10110857 730796 3230880 730212 6770857 9350930 3230857 3230857 9350043 9350422 9350687 9350687 2760960 7980973 3730241 8190071 9710930 6760857 5370960 9350743 9350880 8190043 9350888 9710200 9350741 9350043 730888 9711002 2760422 2760741 8190960 2760928 2760114 8190942 2760928 6770857 9350043 5370743 2760894 2760414 9350741 8190414 2760741 8711002 730924 730071 7980973 9350930 5370942 3230857 9350741 5370743 4990857 5370964 9350964 9350043 5370942 9350580 7310646 7980973 5370964 9350930 8190414 6660043 5370071 6660580 8710930 230857 6660741 9350888 5370741 9710930 9710923 2760350 2760964 5370772 730371 5370071 9350930 5370772 230857 10220857
4630857 3950043 8190829 8190765 8190880 7790857 7790857 7790857 7790857 7790857 7790857 7790857 8870924 7790752 3230205 6660561 3230205 3230812 2760896 2760872 8190920 5231023 9710752 9710987 3470772 3950960 9350560 2760888 2760770 2760743 7790114 3470772 3730071 2760752 3470285 3470414 9710857 9710782 9710743 9710964 8711007 3470422 3230924 9710752 9710414 9710414 3470285 9710422 3700364 9710969 3470729 3470752 3470200 8871007 3230519 3230519 3230924 4720964 3470987 9710371 5230646 3930422 730880 730743 730743 230414 230006 230006 2760371 2760770 6660996 3230212 5230872 9710575 3230371 3230422 3230212 8711007 3470414 8710767 9710782 8710414 9710920 2760809 9710205 8710864 3950371 9350687 3470969 520071 3930560 6660304 3730420 3730646 5230969 3700857 4720770 9710519 9710752 3470969 9710414 3470870 9710923 9710205 9710414 8190872 300422 3470729 5981023 7790114 2760114 2760516 2760071 8190920 8190920 3950964 9710741 3930212 3700969 3700741 9350741 3700870 3700870 3700519 3700205 8190646 8710767 9710770 3730004 3730004 1760973 1760973 7090973 8190920 3470857 8190743 5370841 4720857 3950371 8190646 5370888 5370741 8190930 7790857 8190741 7790200 8190519 7790857 3230519 3230519 3470422 4630857 2760964 2080743 3930212 3930560 5230560 9710741 5230414 9710371 9710964 5230414 9710739 9710857 8190752 3470857 3470205 8190687 9710752 8711007 9711007 8711007 230496 230872 2760752 3730560 8190043 8190519 9711007 9710857 2760770 5981023 8190888 8190888 8710987 2760770 8710987 2760687 230006 8710770 2760752 2760770 2760752 2760371 3470872 3730888 3730646 3730646 6660304 2760371 3230422 9710519 9710519 8190414 8191007
3730974 4630071 1760973 3700414 3700752 9710920 3730071 4630282 8190071 911007 910580 8710560 7090973 7790870 7790894 2760743 9710920 2760960 9710782 4720964 8711023 7090973 3470857 3950371 9710371 9710969 730948 8871007 8870422 5230646 3230414 3250580 9710580 4630580 8190687 3470200 3730268 3730420 3730420 4630580 8190920 9710923 8710864 8711023 7790888 7790743 7790896 3950043 8190920 3730646 4630857 4630071 3950964 7090973 2760894 9711023 3470200 3700205 7790371 4630371 3470969 3230969 3230969 730872 3230969 730282 8871007 5370580 5370043 8870043 730752 3470987 9710880 2760371 8870043 2760880 2760371 7790371 9710920 8190043 5231023 9710930 8710857 730580 3470200 3230560 9710205 9710880 9040580 5370043 9710580 3470580 5230422 9350924 9350371 8190414 3470857 7790857 9710772 230920 5370964 730894 730770 2760964 3470772 7790752 3230043 2760770 5370752 5370960 5370937 8711007 7790071 5230969 9710422 3950371 3470205 7790896 7090973 8190646 7090973 8190894 5370964 9710782 8710043 9710920 9710371 910371 9710960 8190920 8190071 9710743 9710729 3700857 8870870 8710864 9710782 3470772 4720770 3470987 3470414 4720964 8710767 3470043 9710770 9711007 7790888 4720071 9710519 3470752 5370580 2760896 2760580 2760964 7790894 3471023 7790071 9710414 9710880 2760924 9710071 3730924 3730924 8711023 7790857 5370964 230496 8710466 7790743 730743 3930422 3230205 3700743 5230350 3700924 3930371 3950371 5230969 8710752 9710864 9710770 3470752 9710071 8710743 9710006 9710743 730872 8710872 3230043 3230646 9710782 5371010 5230560 3470752 3470752 7790071 2760114 2760964 7790894 8710888 7790888 4720894 5370071 3471007 3730646 8190071 9711007 730888 9710864 8710580 7790964 4720580 3470580 9710920
9710422 7090973 8190960 8190071 8710888 3950964 4630580 4630071 8190770 8190496 5230857 9710371 9710575 3470729 520071 9710924 9710527 8190371 8190496 9710414 3470285 3950371 9710544 730743 7790752 7790894 7790894 7790743 4720770 8711002 3470414 9710782 8190741 8190752 4630071 8190741 8710466 3230560 730888 9710043 3470772 7790752 9710782 9710071 3470987 9711007 3470987 9710782 9710770 8710752 8710519 9710920 8710646 9710071 5981023 2760872 7790894 8710414 9710782 8710987 8710770 9710782 730888 9710772 9710782 9710006 8710857 3470857 3930560 9710864 5230350 9711002 7790913 2080743 8190888 8190913 9710857 8710646 9710920 4720580 3470752 7790071 3470200 2760896 8190687 3730924 8190071 3950964 9710920 3470987 8710743 2080743 8710743 9710770 9710752 3700964 3700752 9710752 8190006 8190896 3470043 3470969 3730646 4631010 9710857 2760809 8710888 3470519 8710743 3470414 3471007 9710422 8870205 3470752 3470414 7790896 3470043 7790687 7790857 9710770 2760752 9710920 3470580 8190743 7790857 2760752 2760896 2760964 3471023 3950964 9710422 3230371 5230560 8710864 9710743 7790114 5370888 2760888 9710930 7790743 7790516 7790888 8190743 4630004 4630857 7090973 4631010 8710466 8710743 3470782 3470782 4720071 3470580 3470924 4720371 9710888 3471007 9710006 3471007 3470857 4630071 4630580 3950964 3950960 3950371 7790924 9710071 3950960 8710741 7790894 7790743 4720071 8190888 3950964 9710888 9710371 9710285 3700205 9710880 9710006 7790924 8190741 7790894 8190880 7790114 3700772 4720371 4720841 3470200 8190877 3730004 7090973
8190969 9710857 730770 730960 9710414 910772 9710200 730770 8710466 7790580 5370371 8190930 7790857 7790516 910371 5230969 8190894 5371010 8190930 3700770 3930371 9710969 3470729 9710969 3470969 3930212 3930741 3930212 5230560 3930414 730071 8710580 4720770 3730004 1760973 1760973 1760973 7790857 8190519 8191007 7790071 7090973 3730004 1760973 4630638 1760973 7090973 1760973 9710752 2080857 8190888 8710741 9710371 3470924 7090973 1600973 4630638 1760973 4630004 8190770 8710770 8190516 8190770 3470857 3230414 3230006 910772 8190888 3470200 9710043 7790580 4720544 730071 3230043 4720071 8190888 8190880 8710466 4720894 4720371 3471007 4720770 4720964 3471007 9710743 9710006 8601023 7790964 2760580 7790964 3731007 3730004 8191007 5230350 520741 9710920 7790687 4720071 3470987 8190888 3471023 9710371 7090973 3390580 3950043 3470043 7790743 7790752 3930422 9710422 3470872 2760043 2760071 2760772 2760071 3470772 7790964 7790857 7790687 5370888 1760973 3730268 1760973 5370580 7790888 730948 5230466 730741 3930414 3470969 9710987 3470969 8711007 7790071 3471007 7790687 3731002 9710371 9710371 3700741 3470872 3700205 5230560 3470205 520741 3470006 910043 9710741 8710969 3700880 9710924 9710864 3470043 8190043 230414 730964 730741 8710043 7790071 8710466 8190071 8190888
8710414 9710414 9710741 5230350 3470414 9710371 520371 9710924 9710969 9710960 3470969 8190743 8710864 9710969 3700770 9710371 3470924 9710350 3470987 3470414 9710920 3700770 5230414 9710071 9710752 8190371 2760960 9710743 4720964 5370071 8190043 8710414 4720741 9710880 3470924 5370930 8190043 8190930 7790857 7790857 4720857 7790741 3470752 910857 9710857 5230872 9710857 9350371 3230414 3471007 9710743 520071 5230414 5230414 3470752 7790371 3950371 5370743 3390043 3730646 5370580 8190930 5371010 8190888 5370741 5370841 9350580 8191007 8190741 7790857 8190913 4720544 7790913 9710969 910741 9710414 8190752 8710466 7790857 9710043 3470752 5231002 3230043 3731002 3730829 3731007 3230857 9710200 8710872 3230205 730743 730560 730770 3730924 3730371 7980973 9350371 9350924 3470043 9710285 9710006 730924 3470772 8601023 6770857 5230969 6900872 9710212 9710350 3730371 3730646 3730993 8190560 3730071 4630638 4630937 5230969 3930880 9710969 3470969 9710006 8710560 9710812 9710414 8190646 3230560 4720741 9710857 3230414 5370580 5370743 8190071 5370741 3730004 8190960 4630937 8190920 5370888 6900872 3470200 730371 8710741 5231002 3230043 5371010 3731002 8190560 8710770 7980973 3930560 3730004
9710920 9710920 7090973 7090973 7090973 8711007 3230006 8710560 3230872 8710767 9710741 3470414 3470752 3470872 2760646 7790894 7790896 7790743 7790071 3950043 8601023 9710770 9710969 9710729 9710924 8710987 7790894 9710782 7790071 8870580 3230205 3230006 9710205 9710920 7790888 8190770 8190516 8190516 3950043 7790741 7090973 8190872 9710987 3931023 3930371 3930371 5230646 5230560 3930386 3930796 730752 730960 730960 910043 3230880 910043 4720894 4720043 7790841 3700580 3700071 9040580 3700888 9040580 3700770 9710752 8710767 8870580 8710872 9710770 9710770 9710371 9710371 730371 6660996 9350371 2750857 6660422 9350580 730752 730371 730752 730071 730371 9350752 730741 9350743 3230205 9350646 9350741 730960 730212 730888 3930205 730796 730964 730205 730729 730729 8711002 730729 730770 9350772 730071 730371 730729 9350888 730729 9350580 730888 730729 730960 730741 9350964 9350752 9350580 9350888 9350646 9710527 9350964 9350422 730960 730560 9350371 730770 3931023 9350752 9350741 9350752 5231002 730880 730743 9350913 9350743 3250363 8870544 8870422 7790924 9710422 3470043 3470580 9710782 7790071 9710920 8710752 3471007 9710770 7790371 8710752 9710422 3930422 9710527 8710767 9710770 9711007 9710752 3470752 3470987 9710752 3700414 9710770 9710770
9351002 730948 8870544 3390580 9710969 3470414 8190969 9710772 3470987 7790071 7790888 7790071 7790888 9710527 910043 9710969 3470200 8190880 5231023 9350580 8190414 9350422 5370580 9350580 730880 6660880 5370743 730071 2760872 6660422 2760371 6660580 2760872 5370741 9350580 9710200 2760580 2760560 9350888 3250580 3700580 3230996 9350422 730580 8870580 730743 5370580 9350422 2760924 5230350 3230414 730880 5230414 9710212 5230872 730872 3230857 8710987 8710857 3730371 9350371 8710930 3470752 7790752 3230006 9710527 7980973 3930796 730414 9350043 5370930 3730004 9710371 910857 8190752 8191007 2760770 730770 9711007 8710864 8190888 8190741 8190646 9710741 9710996 3700960 9710414 9710969 9710752 5230969 9710752 8710767 6770857 5370752 6770857 5370200 1030282 7980973 1030282 5370752 3230812 8711002 730071 8190043 8710466 5370888 730924 7790071 9710741 3230414 5370071 3730004 3731002 8190371 8190414 8190006 9710770 8710466 7790687 7790894 7790888 9710071 9710729 8710930 7980973 3730268 3730371 3730004 3730004 8191010 8190071 3950960 9710006 3230205 9710350 9710772 4720857 3950043 8710752 3470872 9710782 3730004 8190920 8191010 7090973 8190414 8190896 7090973 4630004 8190960 9710285 3230414 3470772 9711007 4720741 3471007 3700414 910928 9710371 5230872 9710743 9710741 9710923 5230857 3470414 2080770 3470414 5230560 3230880 8191007 3230422 8870414 3230212 730371 9710772 3230371 4720071 4630857 8190741 3731010 3731010 1600973 3730004 7090857 3731010 7090973 4630857
9350930 3470987 3730004 3730004 8870043 5230466 8190896 3470857 4720371 7790741 9710987 7790888 7790857 7090973 5230930 8190560 3730004 9710422 3931023 3930422 3230969 9350560 910857 8191010 8190560 7790857 8710466 8190743 8190743 8190743 7090973 8190071 8191010 8190772 2760964 8710580 2760350 8711002 2760770 9710930 3950964 7790857 8190772 7790200 7790857 7790857 3950043 7090973 7090857 1600973 1600973 7090973 9710857 3930205 9711002 2760743 7790071 8190743 8190894 7530857 3700857 9710743 3470752 9710371 9710864 7980973 3730371 5371010 8190770 230857 8710864 2080770 7790741 9710752 8871007 8710987 730888 3471007 9710987 8191007 5230466 9710782 4720857 9710987 3470987 9710285 9710414 9710741 9710960 9710752 3470752 8190812 3930857 9711002 8190812 3731010 3730004 3731010 4631010 7090973 7090973 8190888 7790964 3470519 8190872 8190071 8190896 8190741 8190743 1600973 3731010 3731010 8190772 7790857 7790841 230857 9710930 3730004 230857 2760930 230857 8710043 8710857 3730004 7980973 8190071 8190969 5370071 9710930 3470205 9711007 3470200 9710205 3930371 4720964 3230006 4720964 9710205 4720964 8711007 3471007 4720071 5230857 3730004 4630580 3730371 8190960 3470857 8190894 9710071 9710422 9710923 3730004 3730004 3730004 8190812 8190743 3230770 3470782 8190560 9710770 8190937 2760743 9710920 3470752 9710071 3471023 9710920 9711007 6900872 3470782 9710741 3700071 9710770 8710646 9710888 8710043 9710857 3930560 520857 3700205 9710960 8190006 3731007 8190006 8190741 910857 3250857 3930880 3700857 9710350 9710006 9710371 8190741 8710864 3471023 3730004 8190652 7090973 7090973 8191023 8190829 8710580 9710414 9710930 730743
3470200 7790913 9710996 3230560 3230422 2760741 2760880 2760741 7790896 7790752 7790857 8190646 7790752 7090973 3730004 8191010 2080857 5230857 730924 2760371 2760371 230872 9710864 7790964 5370960 9710006 3230560 9710770 3230422 3230996 5230872 3470205 4720741 4720071 9710071 9710285 9710006 5230414 9710752 9710414 9710350 3470924 7790964 2080857 7790071 3470752 9710920 9710580 9710964 9710743 4720964 3470772 2080743 8710646 8710767 3470782 2760964 2760580 2760006 9710371 9710987 6900872 3700888 9710743 3470969 3731010 4630371 4630638 3730004 8710466 9710996 9710770 3470422 9710071 8710422 4720071 3471007 3470200 3950371 3470872 9710544 3470205 9710071 9710371 3230371 3230796 3230519 3230212 3230006 3230212 3230414 4720741 4720964 3230796 3230880 3230880 3230422 5230422 3230304 3700422 3470043 7790741 2760043 7790371 9710371 2760888 7790894 7790841 3700888 8710888 9710071 3930560 520741 9710071 5230646 3930212 3930212 3930741 9710371 3700743 9710212 9710371 9710212 3700880 3700212 3470414 3700796 9710739 9710006 8190741 9710857 8710864 9710743 9710888 9710864 8710741 3930371 910371 3930371 9710924 4630580 3730371 3730560 8190896 3470200 9710350 9710964 5230350 9710741 9710371 9710371 8190741 9710741 5230969 9710964 3930371 3930519 3930560 9710969 3700205 9710200 8710969 8710969 730071 730924 9710205 3230796 3230880 3230996 9710422 8190961 4630638 8190894 8190006 7790857 3950043 4630282 8710770 5231023 730772 3730268 3730420 3730268 5230466 5370752 8710466 8190422 5370752 8190741 2760770 9710857 3730560 3730924 3730004 3730004 8190371 8190752 3470200 7790964 3230770 730560 9710580 4720580 8190894 3470200 8190071 2760580 2760964 3470772 2760743 2760964 2760964 2760772 8190741 9710371 9710371 3470969 9710729 4720371 2760414 2760872 730646 5230466 2760896 8711023 9710864 3730420 3730924 3730646 3730004 8191010 8190646 8191007 3230006 5231023 5230519 3230006 730371 730371 4720043 730646 9710043 5230872 8190414 3730420 3730004 3470857 8190920 8710888 5370752 2760580
7790741 3470285 7790752 3471007 7090973 7090973 2760071 3230996 4720371 8190741 7790964 2760888 3471023 2760752 6660996 730422 730071 730741 3930961 3930422 730961 3230304 730741 7790580 3950870 2760043 8190743 2760743 8601023 8190920 8190888 9710071 8710987 2760872 9710864 7790888 9710864 9710043 3470872 3950964 2760743 7790894 2760646 7790741 8190363 3730004 3730004 9710770 3470987 9710212 9710285 3700880 8190770 8190071 8190920 8190652 3700888 9710964 9710006 3470987 3700741 9710924 5231023 3470043 9710285 7790516 2760743 7790772 8190772 5230857 520741 3470969 730414 8710864 9710923 3470772 7790964 8190741 8710560 9710371 3230872 3230770 3230796 9710006 9710743 8190872 8190872 3730004 8191010 3730004 8190741 9710770 9710071 9710770 9710870 8711023 9710770 8190770 8710519 9710770 8711023 8190960 3730420 3730420 3730420 7090973 3470006 3930212 3930371 9710741 8710414 9710006 8710767 9710071 9710071 3700888 9710729 3700770 9710071 3700770 9710285 9710888 8710872 8710888 5230646 3930205 910200 3700888 3700969 3470752 3470969 910371 9710741 9710741 9710767 9710920 5230872 3700414 3230857 4720770 4720770 5230466 731007 9710580 730969 730969 910741 910857 8711007 4720071 8191007 910200 9710782 730006 730006 9711007 9710782 7090973 7090973 8190006 4630638 3731010 7090973 7090973 7090973 8710466 3230304 3230205 3230205 3230205 3471007 3230646 3230872 4720071 731007 730580 3230770 4720770 3471007 9711007 3230414 4720961 9710414 8191010 3730924 8190006 7090857 8190888 8190652 4630004 7790114 9710200 9710960 8190741 9350888 3470857 3930519 3930560 9710350 3930414 910928 3230205 3230969
9710930 3730004 8190930 8710864 9710782 9710071 9710782 3950964 9350964 9710071 9710964 2760894 730414 2760371 2760743 2760743 230006 9710987 8710580 7790964 3470200 3700964 8190422 9350888 8190937 8190870 3700870 8870870 2760114 2760687 9350964 2760888 6900872 6900872 5230519 5230872 8711002 2760414 2760894 7790894 2760809 2760928 9351002 9350687 730071 730930 2760896 2760071 8710987 3230422 3230304 910857 3230880 8190371 9350043 8710752 730996 3230996 730880 730752 730964 730741 730924 730560 8710414 9710969 9710371 9710371 5231023 9350924 9710739 730924 9710205 3930371 9710371 9350743 730770 730960 3230812 8711023 9350741 4990857 9350741 9710864 2760071 2760928 2760687 2760741 2760964 9350964 9710923 8190043 731023 9710285 9350743 3730004 8190071 8710752 9710930 730809 730928 8711002 730924 7980973 7980973 9350687 9350743 9350752 4990857 9350888 9350371 9350924 8790857 9350743 9350924 730888 9710864 9710743 8710043 3470200 7790371 7790913 3470969 7790913 7790743 7790913 4720544 7790913 7790743 7790913 4720371 730743 8870424 730646 8871007 730961 9710200 9710371 730371 3230371 8710580 3700580 3700580 9710580 3230880 3930796 3930880 3230212 3230796 3700880 3930212 3930796 3930212 9710880 9710960 9710212 3700880 3700212 3700880 3700752 3700880 3700212 3700752 3700960 3700880 3700770 3700880 9710880 3700752 730924 9710741 8710580 5230414 9710580 3700969 9710741 3700580 3930560 3230812 5230560 9710729 9710350 9710969 3700924 9710969 3700741 9710812 9710996 3470414 9710580 9710580 3700741 3700414 9710544 9710205 3470729 3470580 3470580 3470205 3230371 5230872 3230880 730212 9710924 9710580 3700752 3700960 3700770 3930796 3230880 8711002 3930796 3230212
3700796 3700924 9710212 9710371 3700880 3700071 9710880 9710964 3700796 2760880 9710888 9710880 9710414 3230560 3230519 9711007 3230560 8710752 5230414 2080743 8710414 8710743 9710770 8710519 9710071 8710741 3470987 2760741 230414 5370930 6660006 230006 5230930 2760924 730580 3230006 3230422 730371 230006 730812 730519 230924 230872 730205 730924 8870043 5230560 730364 731007 730960 5370580 731007 9710580 9710580 3250580 730371 3470414 3470580 9710741 9710580 4720741 9040580 9040580 8710414 730364 8710987 730071 730770 230496 230496 730364 2760741 730414 230924 5230466 2760364 8190371 2760043 9710043 8710043 5230646 3470200 730006 9710006 9710043 7790741 2760960 3470285 5230872 230006 230872 230872 730924 5230930 230006 230006 730006 730519 730743 730741 5230422 9710200 3250580 3470006 9710770 4720770 9710371 8710864 3230205 3930519 8710560 8710519 5230414 9711007 9710880 3700422 9710205 9710414 8710414 8710752 9710987 2760924 7790752 9710752 8710767 8710767 3700071 9711023 9710782 9710770 3250580 3250580 2760770 9710205 9710200 730560 730006 730560 9710200 9710205 9710580 3470752 8711023 7790857 5370960 7790888 8190770 8190930 3730004 8190930 230920 2761007 8710864 9710580 9710752 3470414 9710888 9710743 7790687 9711023 2760752 3230770 2761007 5370071 2760071 8711023 8871007 8190770 8870205 2760560 730205 8870424 730560 8870772 5371007 8870544 730812 2760888 3470200 3230560 4720071 3471007 8710752 9710741 8710519 9710920 4720964 3470043 8190772 2760516 2760896 2760964 5981023 8710580 2760560 7790743 3470987 3950371 5230519 3230422 3230872 3230857 8190043 8190371 5370942 8190560 3470200 8190071 8190043
7790043 7790043 7790043 7790043 7790043 7790043 7790043 7790043 7790870 5230872 5230872 9710006 9710006 9710006 9710006 230006 5231002 5231002 9350924 910519 3700519 3700519 3700924 3700519 3700519 3700924 3700924 8710466 8710414 300422 8710864 9350743 9710006 3470205 8710969 8710646 3930857 3930741 9710930 9710772 5231023 3730888 8190888 3230857 8710741 8711007 9710857 300422 3700404 910646 9710575 3250857 9710923 910857 4720371 6660930 2760960 2760114 7790371 2750857 3230857 3470857 3730071 3731010 9710857 3730071 8190071 8191010 5230857 9710729 9710414 8710770 3470782 9710770 3470752 3470857 9710519 7790752 8190888 8190913 3700969 8190888 7790857 9711023 7090973 4630638 4630638 4630937 4630282 1760973 3730004 8710969 3700422 730961 730071 8710422 9710782 8870880 3730924 3730420 3730420 3730004 4631010 3730004 7090973 1760973 4630937 520857 5230872 3700969 730888 730741 8711002 2760043 8601023 3470519 9710772 9710741 3730924 1760973 1760973 3930741 8190969 9710414 3700888 3700741 3470924 9710741 8190646 8190646 3470200 3700969 7090857 7090973 7090973 8190770 3230646 5230872 730872 8190560 3730646 3470200 9710741 730888 730422 9710857 3730004 7090857 7090973 3470857 3230996 3700960 3230422 3700580 8710414 9710960 9710350 3470752 8190752 3700414 3700414 8191010 3730004 7090973 7090973 7090973 3950960 2080770 3470752 3470857 8190519 9710924 3700969 9710212 7090973 7090973 7090973 7090973 7090973 8190646 7090973 7090973 7090973 8710646 9710212 3700969 3930212 3930880 910928 3930212 3930796 3700880 9710864 8710741 9710880
3470987 7790888 3470772 9710888 3700964 730960 9710580 8870580 9710527 730580 730796 730880 3700880 2760687 9710414 8190741 3470857 9710857 9710414 3470857 2080857 3470857 9710767 8710770 9710767 9710071 8711007 9710580 9710580 3250580 9710770 3470580 8710580 9710071 8710580 3470752 9710285 8710519 3470987 9710205 9710812 3470580 3470580 2080770 9710920 8710560 8711023 8190743 8190071 8190812 3470043 8710743 3470043 7790114 3470580 8710872 3470872 7790743 3470414 7790964 8190006 3950964 3230414 6660043 8190516 3930371 3700743 3230796 4720071 7790200 7790043 2760371 7790371 730752 730741 9710964 3250580 4630580 3730928 3730646 9710527 9710043 2760580 9710772 9710920 9710752 2080770 8710767 9710770 9710770 8710560 9710812 2080743 2080857 3230422 3230996 4720857 9710857 3470857 8190560 3230880 2080770 3470857 3470752 9710580 3470043 9710006 7790043 6660996 6660460 9710043 8870043 2080770 8710767 2080770 7790071 8870580 9710782 3230560 9710770 3230969 3700880 3700752 9710857 3730993 3470752 3700960 3930422 8710770 730880 9710743 8711007 9710770 3470752 9710920 9710920 3470987 8710752 8870580 8710422 2760888 9710964 7790888 8710646 9711007 8710580 9710920 3470987 3230770 8710969 730006 3230560 9710920 3950964 3950964 3930205 3930519 8710743 910928 3230371 3230796 7790964 2080743 3700422 9710920 8710646
3230872 3700857 8870924 3470987 3230560 5230872 9710743 730924 9040580 7790371 9040772 3700205 7790371 730924 6660043 6660043 230006 3470519 7790071 3700772 8710888 9710071 8710969 3470414 3470200 3230996 8870422 3230996 9710422 3700880 8190741 5230422 3230205 3230422 730212 730928 3230560 730282 730741 2760896 730560 7790913 8870580 8190371 7090973 3470857 3470924 9710371 730770 3930414 9710414 5230646 3470285 300422 3700752 9710422 8710560 730743 9710864 7790888 8710743 9710864 7790741 7790071 9710544 3700404 3700752 9040772 3700772 3700422 9710422 3700772 3700422 3700205 3700580 3930422 3930519 8870924 3700519 3700580 5230422 8710422 9710996 3700519 3470969 6660043 6660043 9350687 730043 730996 2760371 230006 3230646 3700772 9350371 5231023 5230646 3470924 9710371 230414 2761002 2760772 2760422 2760371 2760205 9710519 9710741 9710923 3930414 9710960 3930741 730960 730928 6660561 2760880 730580 6660996 9710285 8710422 8870580 3700580 9040580 3230880 3230880 9710422 9710414 3471007 8190043 3470285 8190772 3470200 3230796 730752 6660043 730006 730560 8870580 9350043 9350580 9350924 3700071 3700888 2760205 2760560 3470772 230924 230414 730414 730960 8710043 7790741 7790200 8870043 3230646 3230969 5230872 8190516 9710741 3470200 7790894 6660212 6660561 2760560 2760928 2760894 2760896 2760646 9710212 3470519 7790741 3700770 8190646 8190880 9710371 5230872 5230519 230924 2761002 730414 730414 3930414 5231002 9710741 3700743 3470752 3470987 3700212 6660304 3230969 3230212 5230422 8870580 3470580 3470580 9711023 7790913 3470043 3470580 8190752 8190770 8190743 9710285 8871007 3230414 3470969 9710580 9710414 3730993 3731007 3230857 3230212 730812 730880 3230796
3470782 9710371 9710371 9710371 3470782 5230414 9710350 7790741 9710527 3470205 8870772 7790371 3470200 6900872 3700752 3230996 3230422 4720544 8190960 3700880 9710006 3230414 3230796 8870580 8190880 9710857 9710043 3950043 7790841 3470043 9710752 9710741 9710414 5230560 3230924 9710960 9710414 5230646 9710414 9710741 3230414 8710043 730414 9710414 9710414 3470285 9710960 9710414 9710006 9710371 7090973 8190006 3390580 3950371 4630282 8190741 3700741 3700770 3700880 9710752 9710770 9710752 4720544 4630282 8190961 8190741 3230422 8871007 730809 730741 9040580 8870580 9710414 9710371 9710767 8710646 8710752 9710770 9710770 8710888 9710071 8710767 9710071 9710920 9710996 8710560 9710071 8710646 3930422 3230212 8710770 9710414 3471023 4630371 8190363 4630937 8190741 9710741 9710767 3700960 9710752 9710414 9710414 9710414 3700969 3700969 9710996 3700422 3700422 8190880 9710741 3700960 3700580 3700580 3700880 9710212 3470752 3700796 8190960 8190770 8190888 5370741 730948 730924 730228 9710741 9710741 3470285 8190770 5230414 9710923 3470200 8710872 9710812 5230519 9710414 9710414 9710741 9710741 3470285 9710741 3950960 3950960 3950960 9710752 9710767 8710770 9710741 9710414 9710414 9710741 8710414 9710741 3470414 9710741 9711023 3950964 3470729 3470043 9710772 9710422 3230812 3230770 3230996 9710071 9710422 3470205 8710743 9710071 3470752 3700888 9710071 3470987
3470560 9710350 4631010 3730646 7090973 9710741 9710741 3700212 2080743 9710371 5230872 5230872 9710285 3700212 3930212 3700796 9710888 3470006 3470200 9710371 9710212 3700212 8190880 8190741 3731007 3730580 5230414 9710422 7790371 9710857 9710422 3471023 9710960 9710770 3700772 8871007 9350880 3950960 8190772 9350422 9350880 9710422 9710880 6660996 5230560 9711023 5230422 9710212 8190880 8870924 8870924 7790743 9711023 5230466 9350580 9350580 3230560 9710580 730964 730580 9350422 730894 730741 730414 9350772 8190743 9350743 8190743 8190880 8190043 8190422 8190043 8190043 8190422 9350043 8190888 2760888 230857 2760964 6660580 5231023 2760743 5230350 2760560 230006 2760371 8190772 7790752 3700772 5981023 9350422 2760888 9710527 730996 5230422 5230646 2760371 2760371 9710371 9710371 9710043 730371 9350371 9350964 7790371 730006 2760772 2760371 2760969 9350772 9350772 9350964 2760516 9710864 5370071 5231023 6660304 6660880 3930212 730741 730560 730741 730741 3230996 9350422 8870414 2760960 3230422 3471007 3230996 5231023 8871007 730924 5230422 730212 5230422 9710422 9711023 8870043 9710422 9350772 730880 6660043 9710772 9710772 730071 9710544 9710888 9710880 2760960 9350560 3230796 3230812 730741 5230872 2760770 6660422 730646 3230205 3230205 3230996 3930560 8870422 4720841 9350043 9350200 730870 6660580 9350896 730580 2760580 9710580 9710888 5370964 5231002 6660996 2760350 730646 3230924 9350888 9350743 730743 9350870 730870 730870 730924 9350924 9350043 3700580 5230422 8870580 8870580 9040580 730928 3700580 9710043 3230043 9350371 9350371 3230422 4720071 9710996 730741 3930519 9710930 6660006 730144 3470414 9710741 5230414 9710857 9710205 3230996 9710422 5231002 3230812 730422 9710864 3230796 230857 9710371 9350371 9710770 9710960 9710006 3230212 9710741 9710987 230872 8710580 9710772 3230796 730996 730422 2760350 3470422 730812 9710043 5370942 8190829 8190752
8190741 3950371 4720371 8190371 3250857 3950371 3250857 9711023 8190872 8190560 8711023 8190516 8190770 3950964 3470857 7790687 3950960 7790071 3950371 8190371 9711023 520857 3470857 5230872 3930212 5370961 4990043 730205 5231023 9710920 3470987 9710006 3470200 6660304 3930796 3930880 3250857 730770 730371 3230924 3230812 730812 3230857 4720857 8191007 3470857 3950960 3470857 8190888 9350812 3930212 9710924 3470857 8710857 3470519 230920 2760924 7790857 9710987 9710857 9710770 4720964 2760964 8710519 9710782 3470752 9710857 3470857 9710414 9710857 3470857 3470857 3930857 3930519 3700519 9710857 3930519 3700969 520741 3470872 910857 730741 730872 5370043 730872 5370741 6770857 2760422 730960 2760752 3230872 8710872 730560 3470200 5370743 8190920 730752 730743 3230205 3230006 9710043 7790371 9350870 9711023 3950371 8870580 3470580 7790371 9040580 9040580 9040580 3470200 3470200 8190006 3470006 8190371 8190371 8190371 8190043 8190043 3470857 8710857 3470200 3470924 3470857 2760924 2080857 8190894 8190006 3950371 8190888 3250857 8190519 8190687 2760516 2760114 230872 5370043 730812 6660422 230857 3730043 7980973 9350043 7980973 5370371 2760414 2760687 8190772 2760924 5230466 8870924 3470924 3470772 3470200 730743 730928 3250580 4720580 3700414 7790743 9710422 3470872 3470872 3470872 3470872 3470872 3950371 3470872 3470872 3470872 3470872 3470872 7790371 3470872 3950371 3950371 9711023 8190872 8190872 8190872 7790741 5370741 7980973 5370371 9710864 3730420 2370973 3730420 3730004 8190363 8190071 5231023 3470200 5231023 3470729 3470924 3470924 3470924 3470924 3470924 3470924 3470729 8190006 8191010 3731010 3730004 3470857 8190937 9350924 8190043 8190741 3470857 3470414 3470414 3470006 8190741 8190872
3930796 3470752 7090973 8191010 7090973 7090973 7090973 8870043 8870043 2760741 9040772 9710772 3470752 3470772 9040772 3470752 2080770 2080770 3470519 3930796 9710969 9710880 9710414 9710969 9710414 9710741 3700414 3470580 7790896 7790043 8870043 7790841 9040580 9710580 9040580 3700796 3700580 3700580 3700580 3700205 300422 9710580 6660996 6660996 3230812 300422 3230422 3230422 3230812 3230422 300422 3230205 6660996 3230996 8870580 3230205 3700580 730812 5230422 5230422 3230812 9710205 9710770 8710752 9710071 9710071 3230371 6660304 730212 9710770 7790743 9710880 3470752 9710414 3230996 9710770 9710996 9710743 7790071 9710920 5981023 2760964 5981023 9710987 5230646 9040580 9710006 8870580 730580 730964 730880 730948 9350580 9711002 3700580 3230646 3700580 6660460 6660880 9710996 9710527 5230422 3230880 3230996 3700770 9710812 9710071 9710812 9710920 9710071 8710519 9710519 8710519 9710739 3700743 9710864 3470205 3700888 9710924 9710371 9710864 9710741 3930212 3700969 3700969 3700969 9710741 300422 3700964 3700924 3700964 3700743 8870043 730880 3700880 9710422 3470772 9710772 3470772 3470772 3700964 9710964 3700404 3950964
8710857 5371010 8710466 9710371 520741 8711007 3230414 9710071 9710969 5230646 3700071 9710996 520741 9710743 9710924 910371 520969 3700969 3700969 9710006 520857 9710729 9710371 9710212 3700796 3700880 3470969 9710880 9710414 9710739 9350924 4720857 3700205 9710969 9710371 3470200 3930741 910371 9710857 5230969 5231023 4720857 3230857 8190961 5230350 8711023 4630937 1760973 7980973 5230857 3930371 5230872 730872 730812 910772 9710205 3470969 3470752 3730420 4630071 3471023 3930371 3230414 4720964 8190913 7790857 3470200 3230770 9710770 2080770 3471023 3700964 8710646 5371007 3470752 9710414 8191002 9710857 910857 3230212 4630937 4631010 4630937 9040580 9040580 3700880 3470987 9710422 3470422 9710770 5230466 8190896 9710969 9710741 910371 5230969 910646 4720894 2760580 5370741 8710969 9710371 9710371 3470969 3950964 8190043 230872 5230466 5230466 730796 3470580 3471023 3731010 4630071 8190743 9710857 5230857 9710924 9710752 4720770 7090973 9350924 3470414 9710741 3470969 3470414 9710888 730948 8870580 3470580 230924 8710414 2760560 910200 9710575 910741 3230812 3230560 9710864 6900872 4720964 2080743 9710006 2080743 9710043 8710043 7790071 9710920 8710646 3470872 8190687 8190888 9350580 730924 9350580 9350422 730212 9350580 5231023 9350580 2760580 9350924 9350006 3230371 9350560 3230414 3230414 3230006 2761007 3250580 3700414 9350880 8870424 3470580 2761007 3230043 3230212 910857 3230880 9710544
8190743 8190772 7790200 2761002 8870772 730812 7790894 5370071 9350404 2760741 9350896 2760071 2760071 4720894 8870580 9040772 2760752 2760928 7790752 9350772 7310114 9350422 3250580 8710422 3471023 730796 3470200 7790516 7790888 9040580 8870424 9350812 730741 3950870 9711002 2760928 730371 8870580 7790888 9710200 9350580 3250857 8190414 2760928 8870414 3950960 9350896 2761007 9350687 8190516 2760114 730770 730752 7980973 9350043 9350043 8190043 9350043 6660561 9350371 9350772 6760942 730888 5370772 2760114 5370741 730964 730071 2760516 730752 230920 730888 2760770 730752 9350888 730741 2760770 9350880 3230422 9711002 730770 2760752 6660422 9710519 2760205 2760964 730752 2760752 9350687 2760969 9710285 230414 8870043 5370741 8190371 9350924 2760006 2761002 2760516 730071 730960 2760928 2760371 230872 3470205 910371 2760071 2760371 2760960 730205 2760371 730812 730371 5231002 730752 3230212 9710772 2760752 6660880 8710043 6660880 9350752 6660212 9350772 5370960 9350422 9350930 6660212 230496 9710422 8710043 730796 730752 3230770 730752 3230770 730212 9710772 2761002 2760960 5370960 2760071 730071 730960 2760969 730371 730770 2760752 2760924 730743 9710782 2760770 730006 3470772 7790516 3730993 8190969 9350772 9350772 8190772 8190519 8710519 5370960 7790519 7790888 7790857 7790743 7790841 7790964 7790743 7790857 7790888 5370772 7790857 7790857 3470857 7790857 7790964 7790964 3471023 7790752 7790896 7790743 7790888 8190752 8190772 3470772 7790752 7790772 7790743 7790888 3471023 7790752 3470772 9040772 3470772 7790741 3470987 3470969 8190770 3470752 3470987 7790071 7790841 7790857 7790857 3470519 9040772 9040772 3470772 7790752 7790516 3470772 4720071 4720071 4750772 7790857 7790857 7790772 4750772 4750772 7790913 3470969 8190913 8190942 3470200 3470205 9710575 8710969 8710422 9710739 5230857 8710857 9710996 9710743 3230422 730414 2760743 2761007 9711023 230872 9710285 3230560 9711007 9710205 8710770 9710770 3700743 8710857 9710870
1760973 3470782 3470772 8190888 7090857 7090857 730414 3730004 3731010 1760973 7090973 8191010 7090973 3930414 9710767 8710743 3470872 730924 3230560 730812 3470580 9710812 4630071 4630857 3730646 4630857 4630004 4630200 4631010 2760516 7790687 3470043 8190071 8870580 8870043 4720841 4720857 8871007 8191002 4720043 4720857 3470987 9711007 3930414 730741 730741 730282 3230043 730741 730282 9710924 9710371 9710371 9710920 9710767 7790857 7790857 7790857 7790857 8710864 8190743 8710752 9710857 730969 9710371 9711002 4630371 9710857 9710371 3700964 3700888 9710880 9711002 9350772 9710782 3230770 9710205 3470772 730560 3230770 8871007 9710422 3471007 3470772 3470205 2760964 2760770 9710920 7790071 4720857 8190741 8711007 8711002 730888 5230466 2760071 730880 2760350 7790371 8710043 8190770 8190752 730071 730560 730560 8190652 8190770 7790857 9711007 9710422 4720857 3730004 7090857 8190519 730743 9710920 9710006 9710920 4720964 230496 9710371 9710371 8710646 3470006 730888 730205 2760422 9710772 4720964 9710772 8710770 9710741 3700752 2080770 8710414 3470422 9710071 9710880 3700770 8710743 9710071 9710071 9710920 4720770 2760741 7790888 2760741 8710414 8710987 8710422 1760973 1600973 3730004 8190960 3930880 3731010 3730420 3730004 3730004 7090973 8710857 3700857 9710414 3470414 5230519 9710741 3470414 2760896 2760896 2760516 2760896 7790896 7790114 3471023 8190969 5230350 9710741 3470200 3470200 8710414 9710071 9710006 7090973 8190920 1600973 3730004 7090973 7090973 8190071 2750857 3230205 5230422 2760741 3230422 730812 7790857 9710772 8710560 8711002 8870772 8710414 9710920 4720964
1760973 8190741 8190770 7790894 8190516 8190516 3470969 730880 730772 730930 8870772 8191007 3250857 3700880 3730888 3470857 8190913 4720841 8550580 3470580 5370772 7790752 8870580 8190496 5371007 5370960 3230414 3230646 4720857 4720964 8190772 8190888 8190772 9350930 8191002 8190772 1760973 8191023 8190772 4720857 5371007 4720857 8191007 5371010 4720770 3731002 7790857 4630004 5370772 4630638 8190930 7790857 7790857 4630580 3390580 3730004 8190772 7790857 7790772 730930 8190930 5371010 8190741 7790857 4630004 1760973 7980973 8190930 730930 7790857 7790857 4630004 8190969 8710864 8710987 730770 9710741 9710752 9710920 5230969 8710414 8710752 8711002 3730888 8710857 8710969 5230422 9710741 5230969 910772 910772 9710752 9350006 9350924 3930414 3700888 5230872 8870924 9710414 5230466 3230043 730560 730960 8710560 3470205 7790741 7790071 730580 3230414 3470772 4720371 3230812 8710857 3930212 9710575 3700960 3470969 3470200 3730924 8190741 9710071 9710414 3470729 3930205 3731010 4630857 4630371 4631010 7090973 3230560 730770 9350964 9710864 9710043 3470580 8190872 3730004 3730004 2080857 3470857 2080857 2080770 4630857 3731010 4631010 3730004 1600973 4630857 4631010 7090973 4631010 4631010 4630857 4631010 7090857 7090973 5370580 7790870 8710857 8710741 9710071 9710729 3470752 9710857 9350752 8710646 9710857 9710285 3730200 7311010 8710466 2760770 3250857 8710888 8710646 8190969 3700857 9710371 3700414 9710350 9710212 8190752 3230205 3230857 3730560 3731010 3730371 3730560 3730004 3470857 8190960 8710752 9710770 8710743 9710071 3470414 9710920 3470969 8190888 8190960 8710466 7790371 8710466
3950371 730228 3700580 9040580 3950960 9710752 9710071 8710770 8710560 9710770 3470205 7790743 8190071 9710772 730960 8870043 3700960 9710043 7790841 7790857 3470200 3950371 8190920 3950960 3390580 7790741 3950960 3390043 8190880 7790857 8550519 3470519 8190930 7090973 8190930 8190942 9710870 8190770 3470200 730960 730212 6660561 3230796 3700580 3700212 3230646 3230996 3700580 9710212 3230560 9040580 3230422 7090857 8190652 7090973 7090973 8190888 8190812 9710422 3230304 3471007 3730004 3730560 8190652 3700857 3700404 3700422 3471007 3700969 3470987 9350043 8711023 9710772 3730043 8190043 9350043 7311010 7980973 3731007 7980973 7311002 3730580 6770857 5370930 7980973 3730004 7980973 8190930 9350888 8190960 8870580 5370580 8191007 8190930 9350743 9350741 8190414 3950960 7790743 7790580 8870580 8550580 8550580 8870580 730948 8870580 5370580 5370930 9350930 9350930 9350930 8190043 5370930 8190043 8190043 8190930 8190043 8190930 8190043 3470043 8190043 7790857 9040580 7790752 8870580 8870580 730580 730580 5370580 730580 730580
3730993 8190888 7790857 8190772 8190969 7790200 5370580 8710414 3230414 9710752 8711023 3700880 5230872 3470200 3930371 9710371 9710870 9710071 9710782 2370973 3730420 3730004 1760973 5370580 5370043 250043 8190519 5370043 7790857 2760888 2760894 5370888 2760888 7790371 2761007 7790516 7790894 7790743 3471007 3470414 8710414 8190770 2080857 910857 3700743 3470729 9710920 3471007 7980973 5370888 2760894 7790752 8710888 3470729 520969 520741 7790071 3470519 7790071 7790896 4720544 730770 7790519 7790888 3470519 7790071 7790913 910928 520969 910772 8870772 8870870 2760969 7790752 5370371 9350043 730043 910928 730741 520371 7790841 2760752 9710920 7790519 7790114 7790071 1760973 1760973 5370071 8190920 7790580 2760888 3470580 8190043 2760743 7790964 8710743 3730888 8190743 4630580 8190743 8190770 4630071 8191007 9350741 730969 3930422 910928 3470872 2760741 7790519 2760560 2760752 4630580 8190646 4720770 4720969 910646 910928 3230646 9350371 9351002 3230212 3931023 910928 520969 910741 730580 730880 5370743 6660422 5370371 8190519 7790857 8190646 5370580 9350646 8190071 3950964
910741 3700969 910857 3470752 3470857 730930 3700422 3700770 7790857 8190560 7790841 3390043 2760114 8710770 3730004 7090973 3730004 1600973 8190741 3950371 3930371 730812 3230872 5370580 9710575 8190006 3470969 8190770 3700741 910043 4720043 4720741 8711023 2760752 3470782 3700960 8190071 520071 3470857 8190071 8191010 3730004 7090973 3250580 5231002 4720741 3730924 9710923 5230646 4720969 9711007 3730646 3730519 4630371 3470857 2760809 9710870 9710923 9710923 5230414 5230857 9710923 8190414 2760960 9710200 3470414 7790371 7790200 7790580 7790200 4720770 910857 9710212 3470580 910580 910200 910928 9710864 9710969 5230560 3700741 3700741 3700960 9710969 3700770 3230770 9350580 730580 9350580 730924 9710923 7790857 9710960 7790888 3470043 5370580 7790580 5370743 9350580 4720841 9710924 3930741 8710770 9710770 8190752 9710741 5230872 3930371 3930212 3700888 3700422 8870580 3250580 9350580 3250580 4720580 8550580 3390580 4630580 5370580 8870580 9040580 3931023 8190969 2750857 300422 3700870 3700870 8870580 9350580 3700888
4630371 9710205 3230519 9710422 230872 9710864 2760580 5230414 9710414 2760770 2760960 7790743 2760924 9710743 3470519 8190414 7790964 3730420 3730420 9350741 9710770 9710870 9710071 3950870 8190006 8190371 3470752 3700964 1760973 8190743 8710888 3950964 3730004 8190872 8190071 9710519 9711007 8710767 8710767 5230466 9710414 2760770 8190752 8191010 8190960 7090973 7090973 4630371 8190913 9710729 3700924 8711023 8710770 3700770 4630937 5230519 3700422 5230969 9710923 9710870 9710864 3470870 3470870 3700414 3730071 3730420 3730420 4630071 4630937 8190772 2760809 2760414 2760770 2760414 2760114 9711023 9710923 2760414 8710864 5230350 2760580 2760006 2760770 8190812 2760350 2760894 7790516 7790114 3470519 7790841 7790894 3470772 7790964 7790896 5370961 8191007 3730114 8711023 9710864 8710872 2760414 2760924 2760414 2760741 7790741 2760741 3731023 3730420 3730420 4630071 2760371 9350687 3700414 3470924 8190371 8190371 1760973 7090973 8190772 2760964 2760743 2760770 9710923 8710422 3700422 910200 5230350 3470205 3470872 3700960 9710414 3470752 230924 2760043 2760743 3471023 2760770 8190888 4720371 2760114 2760896 8710466 8710414 2760205 3700969 9710205 9710212 4630580 1760973 1760973 2760687 3471023 7790687 3470519 520741 3730888 4630071 3730420 2760516 2760580 2760924 2760006 7790371 3471023 3730974 2760894 2760960 9710767 3470285 3470969 1031010 9710969 910519 3250937
5370741 9710371 9710743 5230466 1600973 3730560 8190071 8710752 3471023 8710857 730580 5370580 230920 2760770 9710071 8710466 8711023 9710743 1760973 3470519 9710752 9710414 9710752 4720741 8190414 8710466 2760741 9710205 8710741 3730560 8190371 9710782 8711023 2760687 2760687 9710920 8710743 9710422 3470519 3470519 8190743 7790743 7790071 4630857 3730420 7090973 4630580 4630937 8190888 8190888 8190519 2760896 5981023 2760964 7790888 7790071 7790752 230857 8710422 9710422 3470200 9710519 8550519 4630371 4630371 4630071 8190743 9710770 9710414 3470200 8710519 3470519 8710767 3470857 9710519 8710857 8711023 9710071 8710043 7790857 2760964 7790913 3470857 5230414 7790741 2760580 3470752 7790741 8190894 8190888 8190896 3470200 7790752 5370580 5370741 8190646 7790580 9040580 9710923 5230466 3470857 3730420 8190894 9710870 3471007 2080857 8190071 8190812 3730371 3730961 3730888 8711007 8710872 5370043 8190043 5231023 4720741 9710741 4720071 9710414 4630071 8190071 9350888 9710920 8710466 7790857 3470200 3730519 5370964 9711007 5230872 5230414 5230350 10110857 5230872 3930857 3730924 3730928 3730004 3730004 3730371 8190560 7090973 7790580 4720969 2080857 8710743 9710923 9710414 9710743 9710752 8710770 9710770 8710770 9710739 3730924 8190371 8190872 8190043 3700212 9710857 4630857 8190371 8190560 2760043 3730268 8190743 8190920 3730241 1031010 3730071 8190896 9710580 2080743 9710770
8190652 8870772 8190772 8190071 3470772 7790071 7790896 7980973 8710752 2080770 5230560 2080743 3471007 4720894 3471007 1760973 4630071 4630004 8190071 3470200 5370870 2760964 2760770 2760687 7790857 8190516 7790888 3470772 3470414 2760752 2760772 6990857 7790741 3470772 7790913 3950043 8190646 8710987 9710782 3730004 3731023 3730043 230857 2760888 7790894 7790741 7090857 3730004 3730043 8710466 730770 9710770 8190752 8711023 4630200 1760973 1760973 9710923 5230422 3700770 3950964 3470205 8190743 8190652 8190969 9710371 3470752 9710857 3470752 9710857 8710770 3470987 3470752 3470560 2760350 4630200 8190516 9710923 5231023 9710414 7090973 8190913 7790857 7790371 7790857 5981023 2760687 4630200 3730043 9710864 9710924 9710741 9710519 8710770 9710519 7980973 8190043 3730043 8190071 8190043 7090973 8710857 8711007 8710422 8190888 9710741 3700414 9710770 3470414 3730004 3730004 3730004 8190687 3470200 730770 3700071 9710752 3700880 9710924 3470872 8190743 9710285 9710071 9710770 9710519 4630857 7090973 3950870 7790200 3230872 4720894 2760043 2760114 3470200 8190772 8190888 8190888 9710043 8190043 4630371 8190920 8710987 8190770 7790043 2760043 7790894 8190743 9710770 3470752 9710071 9710920 8190888 8190920 8190870 230857 8710987 2080770 3470772 3470772 8710519 3470414 3470772 7790896 3730268 8190894 9710043 3470043 3730646 1760973 5230872 9710205 3230205 9710544 9710414 9710741 9710743 3470205 9710371 3470772 300422 9710924 9710006 9710767 8190894 2080770 3470752 2080770 8710767 8190071 3730004 4630071 1760973 8190496 8190770 3700960 3470414 9710770 3470987 5230969 3470969 3730371 3730071
520741 730969 910741 730894 730894 730961 730961 730894 730741 730894 730894 910043 910200 8870424 910580 910580 730741 730928 910580 730888 730964 730894 730894 910371 730371 730371 730969 730071 3230872 730872 910043 730961 730894 730741 910580 910580 910580 730741 910741 3700580 910928 730580 8870580 730580 730741 910741 730741 9710864 910741 9710864 730741 730580 9710864 730741 910580 910741 910580 730964 730414 5230350 5230466 5230350 5231023 5230519 5230466 3230006 730006 730894 730752 910580 9710580 9710864 9710864 7790741 9710580 3250580 9710580 8710987 730894 910371 730770 3470580 730071 9711002 730743 8711002 910580 3230006 910371 910371 910371 7311010 910580 730743 730964 910580 730964 3230371 3230371 3230872 9710580 730894 730928 7790371 730894 730729 3250580 910580 3930205 4720580 910580 9710864 3230872 9710864 730741 910580 3230205 3470580 3470519 730924 910580 2760350 2760114 730888 3230924 730743 730071 730924 910043 910580 3230969 910371 910043 910043 730961 730071 730646 730888 8711002 2760770 730870 730894 730743 730741 730741 730741 730743 730043 730371 4720071 7790371 7790752 2760770 7790752 9350560 8710752 9710864 8711002 730071 2760888 730071 730924 8710519 3470782 8710422 9350006 9710580 8710519 730924 3230519 730961 730961 8870580 730924 9350964 910857 730144 6660043 730894
9710880 3731010 3730004 3730004 8190422 910857 7790687 7790857 3470969 3470519 3470987 910646 3470987 8870859 3470969 520071 3470969 4720741 7790743 3470752 520371 520741 520371 9710729 520371 520371 9710729 520741 3470729 520371 520741 520741 520741 520741 3470729 8710646 4720857 8190687 8190071 8190560 3470857 3470200 2080743 9710071 9711023 2080743 8710466 9711023 3470200 3470200 8190770 8190519 7790964 3471023 3470857 3230205 9350741 3230205 730894 2761007 9711007 2760964 7790371 3470200 8601023 3470870 730071 2760422 3230422 8710646 1030292 3230006 5230857 3731002 3730004 3730371 8190888 8190920 6350857 8191023 5370752 8190741 8190371 8191007 8190646 5230646 8710519 9710996 9710422 9710519 520969 520969 3470969 520969 3470969 3470969 3470969 3470969 1030282 9350422 3470857 9350006 3230880 9710422 9350743 9350741 730560 230924 2760888 5370743 730960 3230812 730371 9350752 7980973 9350006 9350560 5371007 8191007 4720770 4720969 2760928 3930796 3470200 3470200 4720741 8870414 7790841 7790741 3470872 3950371 3950371 3950371 3950371 3950371 7790371 3470200 9710285 9710575 3930796
5230969 910741 5230969 3930414 8710414 9710960 8190743 910857 8190071 910741 9710414 230414 8190770 8190960 3230969 8710857 3730004 910857 9350560 9350880 5231023 9710741 9710857 8190743 3730888 3731023 3730580 3731007 230920 2760006 5370371 230414 5370964 8711002 8870043 3470200 8190896 2760888 730422 3230304 3470200 9710743 8710864 9710285 9710414 9710987 8870414 3950964 9710285 9350896 2760043 8190743 2760114 8190741 3730004 3731002 3730004 7980973 8710857 8710741 8710752 9710205 9710285 8710741 2760896 2760964 2760043 8190894 230496 2760043 230920 8710414 9710857 3730888 8190006 8190741 3470857 5231023 2760580 2760743 2760888 3730071 5370743 8710857 3230414 9710575 3730371 3730004 3730004 8191010 3731007 3730993 8710857 910741 8710414 3470969 9710888 9350888 8710043 5370580 9710964 9710964 730964 9710519 4720964 3230857 5230422 8190516 8710743 8710770 8710414 2760687 2760741 2760687 9710519 3730888 8190371 9710920 8710741 9710729 8710969 9710043 730414 230920 7790741 8710888 8190752 5370964 9710987 9711007 9710414 3700770 9710752 9711007 3470200 9711007 3471007 3230646 4720770 3470200 9710964 3470200 4720741 3230646 3230414 3230519 2760960 9711007 4720894 2760969 4720894 4720964 4720770 3230519 4720894 9710870 9710964 3230646 3470200 3700772
910857 8190071 8190888 3730371 9710580 7790888 1760973 8711023 8710857 9710729 9710782 730888 730752 5370043 5370888 3730646 3730888 5230930 5231002 5230466 3470200 4720857 3930414 9710743 3730420 3730420 3730004 1760973 8190770 5230646 3930205 3930371 3930422 8711002 3470580 8190560 8190560 8190741 8190942 8710767 8190770 3730371 3730924 1760973 3730004 8710466 9710043 9710071 5230414 9710767 9710414 9710969 9710414 8190872 3730420 3730371 8190741 9710200 2080857 910741 8710969 8710741 3230414 3731007 8190960 9710864 9710741 3700796 520857 9710880 9710857 8711023 8710560 8190913 9711023 9710371 8710770 3470752 8190371 8710864 4720770 9711007 4720371 9710888 8710414 9710371 4630638 8190888 8710857 9710770 8190414 3730071 3470200 2760924 2760809 7790114 8190888 5370371 9710519 3470782 8190896 9710772 9710285 9710212 730812 8870043 8870924 7790857 6770857 6770857 9351002 5370371 7980973 730930 5370937 910043 7790913 8190646 3731023 1760973 1760973 4630200 4630638 3730924 3731023 3731002 3730646 4630200 3730646 7980973 3731002 4630004 8190519 3250857 8190043 2760894 8190043 730930 8190877 3730371 3730004 8710580 8710580 9710920 8711002 5230414 910200 3930857 9350741 8710864 5230969 9710414 9710350 230872 230924 10110857 5230466 9710923 9710857 9710743 9350772 3930796 8710864 9350924 8710767 3700770 9710782 9710071 7980973 7980973 3730004 8190772 3730420 1760973 8190071 8190872 3230414 230924 8870772 9711007 7790841 8190969 910857 7790752 8790857 3930796 8710043 9710782 7790071 3930414 9710923 9710414 9710969 730930 3730004 3730071 8190741 8191007 3471007 9711023 9710285 9710414
9350930 6660930 8190930 9350371 9350580 1760973 6660930 6660930 6660930 5230466 9710770 9711023 3470987 8190560 8190071 9350371 9350371 5371010 9350741 5370741 8190006 6660930 6660212 2760930 3730241 3731002 6760857 8790857 8190516 9350870 9350888 3700414 9710864 2760560 3700580 2760924 5230422 2760924 730796 2760930 9350043 2370973 3730200 5370942 9350580 6770857 2760414 2760741 2760741 6660006 9350930 8790857 9710857 9710864 8190371 3470200 3470560 2760770 2760371 9710930 6660930 2370973 3730924 8190942 8190687 3950371 8190006 3950964 3950043 6770857 7980973 5231023 6660880 9710930 730371 2370973 3730371 3730071 2760516 5370942 8190772 1760973 3730004 1760973 2760371 5230414 230414 7980973 9350930 8190687 8190741 6660930 5370743 9710987 2760371 2760924 2760924 8790857 2760687 3471023 1030829 7980973 7980973 3470857 8190043 2760741 8190930 8190752 8190496 9711023 3471023 7790741 8190872 3730200 7980973 3250857 8190371 3730974 3730420 3730004 1600973 4630071 7090857 4630638 8191023 7310004 5370071 5370580 5370071 5370960 5370888 2760930 5370743 9710920 9350687 3470857 7790743 7790071 7790071 2760006 3700414 3950371 2760371 2760006 3470414 2760741 2760872 2760809 2760371 8870043 2760924 2760888 2760969 5231023 9350371 2760960 6660304 4990857 9350743 3950964 730969 730741 9710969 3930422 3470987 3731010 3730888 9350006 5230350 3470782 9710006 2760371 2760371 8190519 9350560 8190741 9710371 2760071 2760872 4630371 8190371 8190371 8190371 8190519 7790371 2760741 7790371 6660580 7980973 9710200 3470422 8710519 8190743 3730071 8190942 8710857 8190371 8190371 8190371 730200 8711023 3230857 9350560 3730974 3730519 9710200 2370973 7311010 3730004 8710857 8190942 2760071 2760371 8190969 7980973 3930205
5370930 5230930 3700414 730752 3731002 2760741 2760743 730888 730743 9350404 3730043 8710857 8190942 9710930 9350043 6660930 2750857 5231023 8870043 730560 2760687 9350646 730770 8190516 8711023 2760964 2760896 2760071 5370752 4880973 3730200 3730043 2370973 1760973 3730004 3730241 9350043 3730580 8190896 5231023 9350752 9710770 9710770 8710930 3730004 2370973 3730420 1760973 9350043 3730043 5370960 5370741 8870518 8870424 7790114 7790071 730741 2760924 8190519 9350646 8190888 5230422 8710646 730371 5230857 9710924 9710414 9710739 9710930 9350580 8190930 5230930 9350560 3731023 3731023 3230857 9710930 730888 8870859 7790200 9350741 2760964 3731010 3730928 9350200 5370371 5370741 2760071 3731002 3730268 3730420 3730200 3730200 3730974 3730004 3730371 3731002 8190371 8190969 9350006 730872 9351002 730964 9350888 730071 2760928 2760872 7790371 2760741 8870870 2760969 7790200 3700519 9350043 9350924 9350752 2760928 2760414 2760960 9710923 9710414 8870924 6660880 730924 730743 6660460 6660580 6760857 3730200 3730200 3730928 3730928 3730928 3731002 3730928 9711002 2760741 2760516 2760114 8710519 9710923 2760770 5981023 9710043 9350964 2760752 2760006 2760894 2760894 9711002 9710200 5231023 9710200 9710205 910200 3470205 8870422 2760371 2760560 7790071 9710888 7790913 8710872 2760687 6660304 5230872 2760752 9710969 2760646 7790743 730770 8710752 3700770 8190770 3730519 9350870 2760960 230496 9710752 730741 8710646 730560 9710969 8710743 3730071 3730371
9710930 8190960 8190969 8190896 7980973 3730004 3730004 8190930 7310371 230857 2760516 9710782 8711002 3230205 3230560 3230371 7980973 9350752 5370580 730752 730560 8711007 730212 9350880 5230930 5231023 9350371 6660006 9350371 9350006 6660930 9350924 9350043 7310004 9350741 9350741 730371 7311010 5370200 2370973 2370973 7311010 7980973 3930857 910857 9350924 3230006 9350371 9350371 9350580 730580 9350422 730924 9350896 5370752 5370752 8190043 8711023 8190888 8190371 2760888 2760743 9710741 8190071 3730004 3730004 8190870 2370973 7980973 9350743 3250580 8870205 8870424 8870043 3230560 3470969 2760741 2370973 8190870 8190870 3730004 1600973 7980973 3930386 8710646 8710864 910741 8710864 910741 9710864 8870772 9710422 3471007 3470200 3470200 5231023 1940973 1940973 2370973 3730200 2370973 2370973 3730924 9710519 9710519 5230519 230414 2760414 2760924 2760350 9711002 8870414 2760741 3730200 230857 730414 910371 3700743 9710770 3470752 9710071 3470752 9710770 9350752 9710414 9710870 9710752 9710812 8710752 8711023 9710752 9710414 3930741 3931023 3930212 3930212 3930386 9710212 3700519 9350880 8870544 8870880 8191007 8190743 8870880 9350964 3471023 8190937 4720841 4720071 3470200 9710888 9350880 9710212 9710969 5230969 9710371 2760872 8710987 730071 2760741 4990857 9350870 730580
730960 3230205 8711002 3230996 730960 730928 730729 730743 3700741 9710864 8870414 7790043 4720770 3700928 730772 230924 8190930 9710930 6660422 9710414 9710870 5231023 9710071 9710414 730282 8710987 2760770 2760422 8710422 9710782 3470752 3731002 9710857 9710782 3230205 9710205 9710205 3700743 2760371 2760772 730200 5370752 5370752 5370752 4720043 8870580 7790752 9350741 730960 8871007 2760371 730646 8870580 8870424 730729 730870 9350580 9350924 730928 730228 8871007 730928 3731002 8190969 8190969 8190969 3930414 2760741 730071 8870580 730752 5370043 8870870 2760888 2760930 9710414 5230414 4720371 8711007 3730765 9350870 9710930 8190371 3470519 2760741 730741 6660212 2760741 8870414 8190770 7090973 3731010 3730004 8190414 3731010 3730004 3730071 3730420 1760973 3730004 8191010 8190646 9040580 7790580 9040580 7790071 7790913 9040580 7790913 7790894 7790896 7790913 7790516 7790913 7790896 7790687 9040580 7790894 6660580 3730004 3730004 8710857 9710767 8190888 3730004 2760422 9350743 6660043 3730004 3730993 8190770 9710043 9710752 8710770 9710782 8710770 9710527 3700212 8711002 3470752 3470422 2080770 3470752 8710646 7790071 9711023 2760752 2760770 3730004 8191010 8710752 9710071 3730004 3730004 3731010 3730004 3730004 3730004 8710422 8710560 9710729 9710729 9710729 9710739 9710739
8191010 3470857 8710857 9711002 910857 8710767 4720770 910857 4720857 4720857 4720857 5230857 3730993 8190752 5981023 3730519 1030857 3470857 9710575 3470857 8710857 9710857 3730071 3470857 7530857 8190371 3730993 3700857 3950964 8190969 7790857 8190043 3730241 3470870 2080857 2080857 2080857 8190043 8190646 9350896 8190560 8190894 2080857 3470857 3470857 3470857 3250857 9710739 6760857 230857 5370930 9350741 7790371 3730004 7090973 3470857 8190741 7790857 2080857 2080857 4720857 7790857 230857 7311010 7980973 2760964 8190930 7530857 7310004 3730071 9350646 8191002 3730993 9350043 8190422 9350580 8190741 7980973 3730993 9710857 6660561 3950960 730743 2760770 8870043 3950964 8711023 3470857 5370071 8190422 8191007 8190969 5370930 730414 3731002 7310004 3730004 8190071 3730004 8190960 3230422 730205 7790888 3250857 910857 4720857 910857 730961 7980973 8711007 8790857 9350772 3250857 8190894 8190765 8190363 9350580 9711023 9350888 3230857 8190743 8790857 9350880 8870580 7530857 3250580 8190071 9350580 9350646 8870424 9040580 3250857 3950043 730888 5370888 730872 2750857 9350888 9350580 7530857 730729 730743 3250580 9350743 730422 3950043 3390043 4630004 7090973 7090973
6660422 230006 5230519 3230880 8710864 3730268 3730268 3730268 3730268 8190043 3730043 8190896 2080770 3230924 8190371 7790857 9710071 9710920 8710969 8710646 3930205 9710743 9710285 8190770 230872 5230466 9710870 9710414 8710741 3730924 8190888 3730646 4630937 8190913 8190937 8190741 7790888 5370071 5370371 5230422 3230872 3470987 2760964 2760687 2760743 7790371 2760888 5370888 8190743 7790857 8190894 8190888 2760350 9350741 2760969 8710519 2760516 8190743 8190687 3470987 8190687 8190913 7790857 7790114 730770 8190888 4630371 8190519 8190043 2760043 3730043 1760973 3730993 730071 9350765 3930796 9710782 8710770 3470200 2760888 8710741 9710205 9710205 8710741 3470782 9710205 2760960 5370071 9710888 5231023 9710770 5230519 230496 5370741 230414 5230519 2760071 2761007 5370741 730414 9710414 9350896 3230304 8190743 3470200 3470414 9710857 5230466 3730580 3731002 9350930 300422 6770857 9350646 9350371 5370371 2760371 9710857 3470857 3470857 7530857 8190880 8710857 9710857 8710872 3730241 8190930 3250857 3730993 8710857 9710857 3470987 3470857 4990857 8710857 730580 7310196 5231023 5230857 9710371 8710857 8190743 9710857 8190770 8190920 8190496 3730993 9350404 8190896 3731002 8190888 8190913 8190743 4630638 8190770 8190741 8190544 3700857 3230043 3230857 3470857 3470857 8190752 9710371 520519 9350200 6660880 9710519 9710864 2080770 8190646 5230646 520071 4720857 3730580 910857 1760973 8710043 3470200 3470729 5370071 8710857 9710857 8190371 9350006 9350043 3700969 9710782 3730993 3230924 4720857 9711007 9350930 9710857 9710857 3700857 9711023 3700969 8190961 3470857 8190071
5230930 6660580 9350743 8190071 230924 730888 3700580 9710987 9350752 8710043 9350812 9350043 7311010 3730004 3730004 9350741 6900872 8711002 2760414 2760741 9350580 2760928 5231023 2760960 9350880 730071 2760969 9710200 9350580 5370580 730894 2760516 6660212 6660212 2760371 6660996 6660741 9350422 730752 9350888 4990043 9350964 9350741 730964 9350043 9350741 9350687 9350043 230857 9350888 730770 6660930 6660880 9350043 6660580 9350743 9350964 9350896 10110857 9350580 6660580 730870 730200 6660580 3230519 4990043 4610973 10110857 7980973 9350752 8601023 730752 9710987 8711007 730071 9710071 9711007 9350888 9710580 6660741 6660741 7310004 7311010 7310004 4990857 4990857 7311010 10110857 9350896 5981023 6660043 10110857 2370973 2370973 2370973 6660930 6660930 6660930 6660930 6660930 6660043 6660580 6660930 8710422 730212 3930422 3700519 3930212 3700580 9710969 9710580 9710580 3700964 9040580 8710646 3250580 3700580 9710580 3700796 9710752 3700580 3700580 3730004 3730004 3730519 3730004 3730888 8710857 3730071 9710857 8710857 8190071 8711023 8190770 8190071 9710857 8711023 3730993 8190770 8190752 8190960 9711023 3470200 8190071 3470200 8190770 8190770 8190752 3470857 8190071 3470200 3950371 3950371 7790752 8190071 3470200 2080857 3470857 2080770 3470200
3730043 230857 230496 1760973 1760973 3730004 8190937 1600973 1600973 3730928 4630371 4630580 3950960 8191007 4720857 5370964 8190071 2080743 8190422 5981023 8190743 3731007 3731007 4720857 8190961 730812 730414 731007 3731007 5370930 3470987 8710767 3470872 8190646 3471007 5230646 9710752 9710414 8710770 9710923 9040580 7790114 8190812 8190414 3470200 7790741 7790741 7790841 3730004 3730928 3730371 3730004 8190743 9710930 8190519 9710071 5230872 9710371 3730420 1760973 3730004 8711007 3470200 2760741 5230930 8790857 8710987 8710987 7790114 8710043 3470043 9040580 9040580 6660043 7790964 9710285 7790687 8190913 2760371 2370973 1031010 2370973 3730420 7980973 8190043 8710466 3730043 3730200 7311010 3730646 3730004 3730004 7090973 7790857 3950043 7790857 3230422 3730928 1600973 3730004 3730004 3930857 3730371 3730004 3730004 8191010 8190930 8190646 4720857 9350896 7980973 8711023 3470857 1030857 1030857 1030200 8601023 8190687 10110857 7790071 7090857 3731002 3730004 3470857 8190765 9710752 3230857 3230857 8190741 9350743 9350422 8870580 9710580 8870580 8870580 8870580 8550580 8550580 910519 3930857 3230924 5230969 3930741 9710414 910857 9710205 730205 8710422 8710767 910741 8190969 2760580 3470200 8190071 8190920 3730646 3731002 1760973 4630638 8190496 8190652 8190496 8190519 4630071 4630282 910200 5230872 3930741 8710741 3230857 5231023 9350371 3250857 8190071 9350752 9350580 9350924 3470580 9040580 3470580 8710770 9710071 8710752 9710071 8710646 8710646 3470752 9710969 3930741 8710857 730770 2760687 230496 730205 8710864 2760580 9710071 3470200 8190960 8190071 8190516 3470857
5370930 3230560 4720580 9710857 8190812 7790857 3470200 7790857 8191002 3470857 8190888 9710857 8190560 3470857 3471023 7790894 9710422 8870043 8870880 7790857 7790857 3470857 3470857 3470857 6660212 2760960 2760752 230924 2760646 7790857 3470857 7790857 8710857 3470857 7790894 5370772 730930 730930 9350580 6660580 5370580 8190519 5370580 3230812 9350812 5231023 2080857 9710857 8190741 8190371 2080857 8190516 9710857 3470857 8190752 520857 9710205 3700857 3700857 3700857 3700772 3700857 3250857 9711023 8710857 3700770 9710857 3470857 3700857 3700857 9710857 730580 5231023 9710930 8710857 9710857 9710857 9350880 3230880 730894 3230857 3700857 3470857 8190687 9710770 8190894 9710857 3470857 8190752 3470857 4720857 8190913 9710770 3470752 8710752 3470857 3470857 3470857 9710857 8710466 9710857 8711023 8711023 9711007 730752 8711023 8710857 2760872 4720741 3470200 4720857 5231023 9350812 3230880 3470200 9710770 3700857 3470752 9710857 3470857 9710857 3470857 3470857 3470857 3950960 3950960 8190646 3230519 2760770 2760770 2760743 8190888 8190894 8710466 3230857 9350741 9710743 3470729 8190743 2080743 3950964 3700422 3730371 2370973 3730420 2370973 8190960 9710739 9350422 9350888 9350741 2760560 3730974 1030282 3700870 5230560 9710205 9710200 9710920 8190969 8190652 1760973 2760580 9710752 3930205 3730974 3730371 4630371 3730371 3730560 3730928 3700857 3950960 7790752 3470752 4720770 3471023 3470200 910519 3230519 2760071 3470519 9711007 8710414 9710923 3230212 3230422 8190071 9710071 8711023 9710920 8710752 9710770 3470752 2760371 3230560 9350371 5370371
9710519 3470519 9710575 8710864 9710575 3470857 3700205 8190371 9350924 9350964 9350964 2760960 230414 8710560 7790894 3700964 5230422 9710371 8190071 9350560 9710857 8710857 8710414 8190743 4630937 3730580 4630200 3730888 3731023 4630200 9710770 3470752 8710414 3470752 8710741 5230414 3950371 2760205 6660996 2760752 6660561 3470752 6660212 9710767 3471023 7790752 2760741 2760809 3731010 3730004 8190913 7790857 8190516 3470752 2080770 9710880 8710752 3700960 3700770 3730268 3730268 3730928 3730043 3730043 3730043 2760770 8190519 9710770 2760888 2760880 9350043 8711002 3930422 3930796 9710770 9710544 8710767 8710043 2760770 2760752 3470519 8710770 9711023 7980973 4720857 8711007 8190071 3700741 3700071 8710646 9710580 8710466 730770 730071 9710200 5231023 6660043 9350422 730924 8710743 7790752 3470580 8711023 4720071 4720770 9710580 3700580 9711007 8190770 3470580 4720071 9710519 8710646 4720770 7790752 7790752 7790752 3471023 3730043 8190743 8710930 9710422 2080743 2080743 2080743 7790894 3470043 7790894 3950964 910200 5230857 5230857 910741 9710987 9710969 8710969 8190071 8190920 8711023 2760743 9710930 2760888 7790371 2760071 7790743 2760888 3730519 3730519 3730043 8190043 7790857 7790857 3950043 4610973 7980973 9350930 5370888 7790743 2760071 3470782 3470752 9710920 4990857 8190913 8790857 7980973 2760930 2760930 2760930 2760930 2760928 9710519 2760930 7310004 2760930 230857 8710752 9710770 8710519 9710743 8710888
7310646 2760770 2760930 5370741 8870414 9710857 8710752 7790894 9710857 9710743 9711002 730872 730371 2760071 4720371 520969 7790894 3931023 520741 7790743 3950964 2760371 9711023 7790896 7790924 8190516 9350964 520071 730200 5230930 730006 9711002 730560 3700519 8870772 7790964 910371 520371 910371 520969 520519 7790687 3730004 7311010 2760930 730071 2761002 3230519 3731002 3700888 730888 5370888 8710743 3250857 9710930 8870580 8190752 9710580 730770 9710729 520741 3700414 9710350 2760924 3470924 3470729 3470729 2760741 4720741 4720371 8870880 3471007 7790841 9711023 3470872 9711023 2760743 3470772 7790888 7790964 3470519 2760894 9710519 2760964 2760964 2760743 7790894 2760888 2760350 910741 910043 3470043 8190043 3470043 2760043 3470043 8870043 3470043 3470043 7790371 3470200 2760350 3470043 2760043 3470752 5230646 3700888 7790743 9040772 7790841 2760414 2760743 3470519 7790743 3470782 8191002 5371010 9710414 3700870 3470519 8870205 5370964 8710466 3730268 1760973 1031010 2760752 2760924 2760071 9711023 2760580 2760770 5981023 5370888 3730580 7980973 9710414 3700969 5370870 2760770 2760743 9711023 7790964 7790894 9710920 2760516 8190913 3700857 3930205 3230519 2760043 6660880 3930519 3700741 4720071 7790888 7790888 2760114 7790071 2760071 5231002 3700205 3930205 3700880 520371 8190942 7790071 3470519 2760646 2760687 2760516 2760071 2760896 7790071 2760114 7790888 3930519 3700772 3470519 730964 5231023 8870043 8870772 3930205 5230969 3930205 4720969 5230969 9710205 9710767 9710741 5231002 9711023
6990857 6990200 8190516 8190877 9350564 3250937 3250857 8190765 6990857 4910481 6990481 8190741 6990481 6990200 3250363 8190687 6990481 8790857 3250363 9350404 3250937 3250937 4910481 8870518 4910481 8190829 4910481 3250857 3700404 8870859 3950371 8190859 3250363 8190765 6990200 3250363 6990200 8190877 4910481 9350564 1760973 8190371 8190829 3730241 6990481 6990481
8190913 8190877 6990200 6990481 2760687 7790841 8870544 6990481 8190942 3250937 8790891 8790891 8190829 8190942 6990481 8870859 6990200 6990200 3250937 3700404 8790857 8870544 3250937 8870859 8870859 8870924 4910481 3470200 6990481 520857 4910481 3250937 6990200 8190877
1031002 1030646 1030638 6770857 1030638 1030984 1030282 1030961 5370200 5370200 5370937 8190544 5370200 1030638 1030282 5370200 1031002 1030638 1030282 1030282 1031002 1030282 1030282 1030282 4880973 1030282 1030282 1030282 1030282 1030282 1030282 1030282 1030282 1030282 1030282 4630200 1031002 1031002 4630200 6770857 1030282 1031002 4880973 1030282 4630200 1031002 5370200 1030282 1030282 1030200 1030200 1031002 7980973 1030282 7980973 5370200 1030984 5370937
9350580 8190652 8870424 7310652 4630580 8190913 9350646 8190652 8190913 8190942 4990857 730200 9350043 3950371 8190652 8190419 730646 8870043 4630282 8190652 8190652 9350404 9350404 8190765 5370960 8791023 9350741 3250857 8190942 9350765 8871007 9350043 5370937 9350646 4630282 8190937 3950960 8190371 4630200 8190913 8190969 8190969 7310652 9350964 3250857 8190496 731023 730770 4720371 520857 4720857 5370841 3250857 8190937 9350765 8190859 3950371 7790200 8550519 8190652 3731023 7310004 7980973 9350765 6760973 8790857 5370877 3250857 520857 8190937 5370841 1030292 1030961 1030961 1030646 5370841
6350601 5370419 5370743 2760687 6760765 6770857 7310669 7310601 5370571 5370829 6760700 5370937 2760741 3470752 7310129 4880973 3730519 7310129 5370841 5370942 2760114
6990481 7310891 1030829 5370419 5370200 1030282 5370974 8870859 8791023 5370419 3730296 6760601 5370419 7310161 7980973 5370877 3730241 5370571 5370942 5370937 1030877 4630200 5370974 3730419 3730519 1030829 1030877 1030282 6760700 1030282
null
null
null
null
5370841 3950043 3950870 4630386 1030646 1030961 5370974 1030292 1030282
6770857 5370200 5370200 3950043 4630386 6770857 5370200 1030282 1030282 1030961 5370200 7980973 1030282 1030282 4880973 1030282 7980973 1030292 1030282 1030638 1030200 6770857 1030961 1030282 1030282 1031002 1030282 7311002 1030282 1030282 1030282 1031002 1030282 7980973 4880973 5370974 7790841
null
1030646 1030984 1030282 1031002 1030282 1030292 1030282 1031002 1030282 1030292 1030282 1030282 1030282 1031002 7980973 1030282 1030984 1030282 1030638 5370974 1031002 1031002 1030282 3731023 5370200 1030282 1030282 1030282 6770857 1030282 1030857 1030292 1030857 1030292 1030282 1030200 1030200 1030292 4880973 1030282 1030282 250043 4630200 8191023 5370937
9710544 3700961
null
7311002 7311002 7310571 4610973 7980973 7310835 7310419 7310646 7311002 7311002 7311002 9350200 9350580 8871007 4720841 4630200 1760973 1760973 3730888 4630200 1030646 5370888 5370544 5370888 7310571 6760877 7310004 7980973 8190363 1760973 5370841 8190765 3950870 9350043 9350422 9350200 4630386 4720969 9350646
7790519 1030282
null
null
3950043 8190961 5370974 5370961 7311002 8870859 5370841 1030961 5370571 7790200
null
null
null
null
null
null
null
null
250969
9350741 3950964 7790200
5370961 520519 8871007 5370870 5370841 8870544 4880973 9351002 7980973 8870859 250969
8190765 8190646 4990043 9351002 9350200 4990857 7311002 4990043 4990043 7311002 4990043 730937 8870544 3700404 9350743 8190829 8190896 8190859 5370841 8190363 3730981 8190829 4630282 4630200 4630386 520857 8190652 3730974 4720969 5371007 8190937 8870580 4630282 7790200 9350200 520857 520857 9350043 730729 9350913
null
null
null
731023
9350765
1030282 250969
730770 9040580 8870544 731023 7790200 8870424 8190646
null
3730404 9350743 9350560 730928 9350752 2760371 3230969 9350404 4720371 8871007 3950371 8190363 3390043
910857
null
null
null
9350687
4880973 1030984 1031002 5370200 3950043 7980973 9350765 5370200 8190544 4630200 4630200
3950043 7790200
5370974
250969 250969
5370974 5370200
5370961 5370974 7790857 8870544
4630282
null
null
null
7790841 1030282 5370961 8870544 5370961 5370266 5370841 5370961 7790200
3950043
5370937 8870859 7790200 4630386
7790841
7790200 3470200 9350646 8871007
null
null
7790841 7530857
null
8870544 8190481 8190765 3730646 1760973 1030984 4630200 4630386 1030984 1030292 3731002 1760973 1030646 1760973 1030638 1030984 1030282 3731002 1030282 1030984 1760973 1760973 1031010 1030646 1030646 4630200 4630200 4630386 1760973 1030282 1760973 1030646 5370200 5370974 5370841 7790200 4630200 1760973 3731023 1031010 1031010 1031010 1031010 1031010 1031010 1030646 1031002 5370974 1030984 5370200
null
4630282
null
null
null
null
null
4880973 5370200 250043 7310835 6350857 1940973 8870859 9350896 8190896 7790200 5370200 1030282 1030638 1031002 5370200 1030961 730964 7790687 8190859 250043 7980973 1030282 1030638 1030282 5370841 3950043
7310177 3730700 3731023 3730386 7980973 3731002 1030282 3730268 7980973 5370419 3730700 7980973 7310430 5370571 3730200 7310564 7310004 1030638 1030282 7310891 7310646 7311002 3730519 7310646 3730241 7310404 3730296 3731002 7980601 7980973 7310646 1030282 7980973 3730296 7980973 3730700 5370200 7980973 3730241 3731002 7310646 7310601 7980973 7310601 3730519 1760973 5370877 3730974 7980973 3731002 7310114 7310564 7980973 1030282 3731002 7310601 3730404 7980973 3730404 1030829 7980601 7310646 1030282 7980973 6760765 7980973 1760973 3730580 7980601 3731002 7310564 3730974 7980973 7310601 7980973 7980973 7980973 7980973 1030829 6761023 7980973 7310564 3731002 7980973 1030282 6760601 1030282 7310564 7980973 3730928 6350891 3730296 3731002 7980973 1030282 7310601 7980973 7310601 3730580 7980973 7310646 3730519 7310601 6760481 3731002 1030282 7310601 7980973 1030877 6760481 3730229 2370973 7980973 3730974 6761023 7310601 6760404 7310646 1030829 5370266 7980973 7980973 7310564 7980973 7980973 7310646 3730928 1030282 7980973 6761023 5370571 6761023 3730829 3730580 7980973 5370841 7980973 3730386 7310404 3730200 7980973 7310430 7980973 3730241 3730974 7310669 7310669 7310646 3730580 7310601 5370200 7980973 6350857 3730200 6350857 7980973 7310430 7310161 1030282 7980973 7980973 3730241 1030282 7310646 3730580 7310646 1030282 9350404 7310646 3731002 7310646 1030282 7310765 3730386 7980601 3730404 7310646 1030282 3730981 7310601 1030282 3731023 7980973 7310646 7980973 3730601 7310765 3730200 3730386 5370419 7980973 7310161 3730241 7980973 7310430 7980973 7980973 7310765 1760973 7310700 7980973 7310601 7310646 3731002 7310601 3730700 1030282 3731002 5370419 7980973 7310646 7310646 7310646 7980973 7980973 1030829 7310646 1030282 7310646 3730519 7980973 7310646 7980973 3730601 7980973 3730404 7310646 7980973 4880973 6760857 6760973 3730974 3730229 5370877 7980973 4880973 7310601 3730200 7980973 7310646 7980973 7980973 7310161 3731002 7980973 7310601 3730981 7980601 7310646 3731002 7310765 7310646 9350200 3730580 7310404 7980973 3730700 7310700 3730241 7980973 7310564 7310669 7980973 7310646 3730961 7980973 7310700 7310564 7310765 7980973 7980973 3731002 7980973 5370829 7980973 3730580 1030282 7980973 7310646 7310765 1030282 3730928 1030282 7310646 3731002 3730200 7310564 3730200 9350200 3730519 3730200 7310646 7310646 3730877 7980973 3730241 7310646 3730200 7310564 7980973 7980973 7310114 7310004 3730114 7310646 7980973 7980973 7980973 5370200 7980601 7980973 7310601 7310765 3731002 7980973 7980973 7980601 7310646 7310646 3730241 7980973 7980973 7310646 7980973 3731023 7310601 7980973 7310601 3730877 5370200 7980973 7980973 3730765 7310765 7310564 3730519 1030877 7310004 3730519 3730580 7310564 1030282 2370973 7980973 7310601 7310430 7310114 7310646 9350200 1760973 7980973 7310430 1030877 3730765 7980973 7310646 5370841 3731002 7310601 7980973 1030984 3730419 3731002 3730829 7310765 5370200 7980973 2370973 7980973 3731023 7310114 3731002 7310646 3731002 7980973 7310700 7980973 1030282 7310646 3730296 7310700 3730229 7310601 3730386 7310646 3731002 7310646 9350200 7310601 7310404 5370829 1760973 7310646 6761023 5370200 7310430 7311010 7980601 7310646 7310669 7310129 7980973 7310601 7310601 7980973 7310601 7980973 7310114 5370200 7980973 2370973 3730404 7310601 3730200 3730829 7980973 3731007 7310564 3731007 7310564 7980973 7980973 7310646 7310114 3731002 3731002 7310646 7980973 5370266 1760973 1030282 7310669 7310765 1030282 6760857 2370973 7980973
7310571 3730200 7310891 2370973 7311010 7311010 3730877 1031010 1030282 3730419 3730829 7310765 5370829 3730241 7980973 7310891 7310404 7310161 7310669 2370973 7311010 7310646 7311010 3730974 7310829 7311010 7310835 7310835 7310601 7310601 7310835 1030638 7310564 7311010 7310700 7980973 3730114 7310161 3731002 7310430 6760857 7310646 3730519 7310129 7310601 7310877 7310829 7310266 7310877 7310114 7310564 3730241 7310266 7310646 7310404 7310419 3730114 7310601 6350857 7310765 7310700 7310430 7310404 7310646 3730765 3730200 3731002 6761023 3730961 7980601 1030200 3730877 3730519 3730519 5370829 3731007 2370973 3730404 7310601 6770857 1030877 3730420 7310564 3730974 7980973 3730646 3730241 3730700 3731002 7310564 1030877 7310601 6760404 3730200 7311010 7310765 7310601 3730200 7310669 7310646 3730241 7310829 7310646 7980973 7980601 6760942 3730974 6760700 3730961 6760481 3730928 3730200 3730200 3730974 3730829 3730519 2370973 6350857 7310646 7310669 9350404 6761023 2370973 3730519 3730114 3730296 3730961 5370571 3730981 1940973 3730419 7980973 3730404 6761023 3730829 1030829 3730404 3730241 3730601 1030829 6760601 3730200 3730229 7310129 3730974 3730519 7310765 3730601 3730700 3730974 3730601 3730519 6760700 8190877 1030282 6760404 3730200 1030829 3731002 3730877 3730765 3730241 6760404 7310891 3730114 3730419 1030877 3730765 7310646 3730700 3730601 6760942 3731023 7311002 7310765 3730241 3731002 3730241 2370973 3730829 3730928 3730404 3730700 3730404 6350857 3730700 3730200 7310646 3730296 7980973 3730974 5370743 3730404 7310601 5370841 6760857 3730519 3731002 6760857 7310669 3730200 3730229 4880973 2370973 3730200 7310004 7310646 1760973 6760857 3730961 7310200 2370973 7310765 6760857 3730200 3730404 4630200 6760857 3730974 6761023 1030282 3730765 8190877 2370973 3730241 3730601 7310646 3730601 3730200 3731002 3730601 3730974 7310646 6761023 3730200 5370877 3730981 7310700 3730200 7310646 7980973 3730404 3730829 6760857 3730200 7310601 7980973 7310404 3730200 3730700 3730519 3730700 3730200 3731007 7310404 1760973 6760973 7310564 7310765 7310200 7310646 7310004 2370973 1940973 3730200 7310200 7310114 7310877 7310646 6760601 7310646 7310669 3730601 6760857 3730404 7310601 1760973 1030282 6761023 3730200 3730601 6760857 3730519 3730200 8190419 7310646 3730114 1030829 3731002 3730114 6761023 3730928 2370973 1760973 2370973 7980973 3730877 3730928 7310114 3730114 3730296 7310564 1030282 7310564 3730419 7310404 3730519 6350857 7310891 5370829 1030857 3731002 7310601 3730386 3730993 3731002 3730241 7980973 3730877 3730877 7310601 3730993 3730200 3730974 3730974 6760765 3731023 6760857 3730241 6350601 3730241 3730296 9350765 3730200 3730200 7310404 3730646 3730519 2370973 7310601 3731002 3730877 7310601 7310200 7310161 7310669 7310765 7310646 6350857 3730993 3730700 3730419 4630200 3731002 3730404 3730765 3730601 3730519 3730601 3730601 1030877 3730981 1760973 6760481 7310646 3730877 3730974 3730229 7310430 9350404 3730200 9350404 3730241 8190829 3730700 3730241 3730519 3730601 3730519 3730241 8190765 3730601 6760646 3730404 7310601 7980973 3730765 3730200 3730700 6760973 2370973 6350857 6350857 7310161 9350765 9350006 7310700 6350857 6350857 3731002 6760857 7310430 3730004 7310669 1030282 3730765 7310266 7310200 1030282 6350857 8190937
8190071 3730993 3950964 8190888 3250857 3730419 3730981 8790857 3730114 8190859 6760404 8190687 6990857 3730004 6760765 6760857 3730646 8190419 3730700 8190765 8190877 8190687 3250857 3730700 3730404 3730700 3730114 6760564 8790857 8190877 3730928 6760601 3730877 6760973 6760601 8190942 8190765 8790857 8190741 3730404 8190877 8190829 3730114 3730519 8790857 8190877 8190419 8790857 3730004 8790857 8190859 3730601 8190765 3730993 8190765 8190829 7310891 7310646 7310564 7310161 3730229 7310601 3731002 7980973 7980973 7980973 7310601 1030282 7310004 7310114 3731002 9350200 7980973 6760601 9350765 7310601 7980973 7980973 5370829 2370973 7980973 7310601 3730371 5370419 7310430 3730974 3730601 6760404 2370973 5370266 7310646 1030829 7310114 5370419 5370200 9350404 5370571 7310700 7980973 7310765 7310404 7980973 7980973 7310564 2370973 2370973 7980973 7310564 5370266 1030877 7980973 7310564 7980973 3730229 6760601 1030282 5370200 7980601 7310404 6760481 3730114 7310404 7980973 5370200 1940973 7980973 3730229 7980973 7310601 3730580 7310891 7980601 7980973 7310646 7980973 9350765 5370829 7310891 7310404 4880973 3731002 7310129 9350200 7980601 7980601 7980973 7310404 7310282 7310646 7310564 7310564 3730241 7310700 7311010 7310419 7980973 7311010 7310601 1030200 3730371 5370829 7310669 6770857 3730200 7310765 7310646 7980973 3731002 7310765 9350765 3730829 3730404 3730296 7310404 3730974 1030282 7310404 7310891 7980973 7980973 3730519 7310646 3730419 7310200 7310669 7980973 7310004 3731007 7310430 4880973 7310571 7980973 7980973 6350765 3730404 7980973 7310601 7980973 7310765 3730229 9350200 1760973 2370973 7980973 6760404 7310419 6350601 3730700 7310700 6350765 7310700 5370200 3730519 6760601 7980973 7310601 7980601 3730200 3730229 7310601 4880973 7310646 7310646 5370829 9350765 3730700 9350765 7310564 6350404 3730981 1030200 7310765 1030282 3730241 3730700 3730974 5370829 3730404 6760857 4630200 6761023 5370829 7310564 5370200 5370829 3730200 5370937 9350200 3730700 6350404 5370841 6760601 7310601 7310129 7310669 8190829 9350765 7980601 9350765 7310601 7310646 3730601 3730404 7980973 2370973 3731002 9350200 9350404 3730829 1030292 7310200 3730419 7310200 3730200 3730200 7310114 7310601 2370973 7310646 9350200 9350404 7310765 1030282 7310404 3730229 7310646 7310646 7980601 7310601 5370937 6770857 7980973 6350891 7980973 7310200 9350200 3730700 7310161 7980973 7310114 1760973 7310646 7310430 7310700 7310891 2370973 7310646 7310646 7310564 7310669 2370973 9350765 7310161 1030282 2370973 7310601 7310004 7980973 7310765 3730877 7980973 3730829 7310646 6760857 7310161 6770857 7310161 7310161 7310669 3731002 7980973 7980973 7310646 7310161 7310161 7310404 2370973 7980973 7980973 7310114 6760877 3730519 3730829 6760601 7310404 1030877 6760481 7310669 3730580 3730601 7310601 7310700 7310669 7310564 3730928
7310177 3731023 5370877 1030857 3730981 1030984 3730877 3731002 2370973 8190877 7980973 7310601 3730928 1030292 7310404 3730419 8190877 6760404 3730229 3730877 3730981 3730877 3730404 7310601 3730200 3730601 3730241 3730601 6350891 6760973 5370419 3731002 3730137 6760481 6760942 3730114 3730229 9350564 3730404 3730601 3730700 7310129 7310669 7310564 3730241 6760877 5370877 8190829 6760481 10110857 6760942 3730829 6760601 6760973 6350404 8190829 7310129 7310601 3730700 1030829 1030877 6760973 7310564 6760404 6760404 3730765 7310601 8190765 3730137 6760404 8790857 3730877 6760404 7310282 7980973 6760404 6760601 8190765 6761023 3730765 6760646 7310601 6350765 8190877 3730981 6760857 9350765 3730241 7310564 7980973 7310601 3730877 9350564 3730229 8190652 3730993 3731002 9350829 3730993 7310404 7310564 3730519 3730829 7310765 6350601 6760404 6760481 3730993 3730519 7980973 1030857 3730404 3730519 3730404 9350404 8190765 7310700 1760973 7310765 3730519 5370841 7310765 1030282 7310404 2370973 6760601 3730296 8190942 1030282 3730419 3730386 7310646 7310564 1030282 1030292 7310114 3731002 7310601 3730296 1030857 9350741 6760601 3730386 3730601 6760564 7310601 3731002 6760857 3730765 6760601 7310564 6350601 3730601 8190937 3730229 3730229 7310177 1030829 5370877 7310177 6760857 6760857 3730386 7310891 3730241 3730200 3730765 8190877 3730404 3730241 6760601 6350601 3730981 3730765 6760601 3731002 7310177 6760765 8190765 3730137 3730200 8790857 8190877 6350891 6760601 3730981 3730765 7310601 3730004 3730601 7310564 3730296 3730700 6350765 7310700 3730229 3730419 3730981 6760942 1030282 6760942 6760973 1030877 3730877 7310404 3730241 3730404 6760481 3730404 5370829 3730877 7310564 3730404 3730646 7310129 8190829 6760481 3730877 8190765 3730829 2370973 5370829 3730386 3730981 10110857 3730700 6760857 3730765 6760877 6760404 3730419 3730296 3730404 3730200 5370942 3730296 8190652 9350765 1030638 3730981 8790857 6760601 8190652 6760601 6350404 7980973 6760601 6760404 8790857 3730601 6760404 8790857 7310161 6760973 3730229 6350601 5370571 6760564 3730829 6760942 6760564 3730229 7310601 9350564 3730229 6761023 6760765 3730419 3730924 6760564 3730928 8790857 6990200 6760857 9350404 3730601 7310177 1030282 8190829 3730877 2370973 3730386 8190419 8190177 3730700 3730877 4880973 3730981 3730700 3730928 9350765 6350404 6760877 6760404 8190765 7310564 6760765 3730137 3730137 3730200 7310646 3730137 3730981 7310646 8790857 6760942 3730229 6760601 7310564 3730601 7310564 3730765 7310765 3730519 3730229 8190419 3730700 3730229 3730601 3730004 3730877 3730137 8190481 9350404 3730419 8190564 6760877 3730928 8190877 7310177 6760404 9350829 6760404 3730700 3730296 9350404 9350404 3730829 6760404 6350765 7310646 3730229 3730404 3730137 7310564 9350765 6760646 7310564 3730877 9350404 3730981 3730829 4630200 7980973 3730200 8790857 6350404 3730601 3730601 3730981 6350601 6760564 6350891 6760601 6760481 6350891 7310669 3730404 3730829 8190942 2370973 8190829 3730404 7310404 3730241 7310564 7310646 6770857 1030877 7310404 5370829 7310161 5370829 3730241 3730765 6760404 3730765 9350765 8190877 6760404 6760404 8190765 6760404 3730765 6760857 6350765 6760877 3730114 7310601 7310564 3730601 3730993 7310601 3730114 3730519 7310765 3731002 3730229 3730974 6760942 3730200 3730229 3730386 8190419
6760765 8790857 8190687 7310129 1030282 7310601 7310891 7310646 3730981 3730296 4880973 4880973 4880973 7310891 5370877 6350891 3730601 9350564 8790857 3731002 7310564 6761023 8190419 4880973 4880973 4880973 7310177 7310129 6760601 6350404 6760700 6350404 7310669 8790857 9350687 3730296 6760404 8190829 6760404 8791023 3730646 6760942 8790857 4880973 3250857 5370571 8190829 6760857 3730765 8190942 8190859 8190829 7310601 3730700 3730137 8190363 3730229 6760700 6760404 3730004 3730765 3731007 6760765 5370419 3730229 3730229 7980973 3730404 3730829 7310161 3730404 7310669 7310646 7310891 7980601 1030877 7310177 1030877 3730877 6760404 8190765 6760404 3730229 7310161 3730296 1031010 7310646 3730601 3730404 9350765 3730765 8190652 6350891 3731002 6350857 6760404 9350404 6990857 8190942 3730241 6760564 8190687 7530857 8190877 8790857 1030877 3730229 3730646 6760404 8190564 7980601 2370973 3730229 8190877 8190765 7310404 9350765 3730877 3730829 5370877 6760404 6760404 8190564 3250857 8790857 9350564 8790857 8190877 7310129 7310835 9350404 6350404 3250857 7310419 8190419 6760942 3730114 6760877 6350404 3730419 7980973 8190481 6760700 8190419 8190877 6350404 8190419 8190942 3730200 3730928 3730700 3730386 6760601 8190765 3730601 3730877 3730601 7310161 3730404 8190765 6350404 6760646 3730993 6760404 7310601 6760646 7310669 6760601 3730974 3730601 3730137 6760404 6350857 3730601 6760646 6760481 6350601 6761023 6350891 3730137 3730974 6760700 7310430 2370973 8190765 6760601 3730601 3730700 3730419 6760646 5370266 6760857 3730765 9350404 3730519 8190877 6760404 9350765 6760601 6760765 6990481 3730765 3730877 6760601 9350765 6760601 3730765 6350857 2370973 3730419 6760942 6760481 6760942 6350857 6760700 8790857 8190419 8190564 3730229 7980601 3730419 4880973 7310564 3730229 1030282 7310835 7310700 2370973 7310700 7310404 7310669 2370973 4880973 7310129 2370973 7310200 7310419 7310404 7310564 7310404 7310601 7310129 4880973 7310601 7310835 7310700 7310765 3730981 7310765 6350601 6760404 3730981 10220857 5370877 3730981 6760564 3730229 2370973 3730296 3731002 3730229 7310877 3730229 5370829 3730829 3730404 3730829 3730200 3731007 3731023 6760601 5370942 6760942 1030282 3730829 6760700 3730974 3730877 6760404 3730765 3730700 3730765 3730404 3730765 7310161 3730829 3730601 9350404 3730765 3730877 3730404 3730404 6350765 3730601 6350404 8190419 3730601 6760404 8790857 3730601 6760404 3730974 3730137 6760942 3730137 3730765 3730877 3730296 6760765 6760481 3730765 6350601 6760857 8790857 9350564 3730601 3730700 3730829 7980973 3730404 3730829 6760942 8190829 6350857 3730404 8190652 6990857 3730765 8190877 1030857 6760877 8190829 3730419 6350404 9350404 3730229 6760601 3730404 3730928 6760857 3730765 8190877 3730765 3730877 3731002
7311010 7310161 1030282 1030282 7980973 3730419 3730296 7980973 3730419 3730296 3730404 7310765 3730296 3730200 7310601 7310765 7310700 3730765 7980601 7310891 3730829 3730229 7980973 7310601 3731023 7310114 3730296 7310129 3730200 7980973 7310765 3730200 7310700 7980973 7980973 7311010 3730700 1760973 7310891 7311010 3730200 3730386 7980973 3730200 7310404 3730829 7310601 7310564 7310404 3730200 2370973 1030877 7980973 3730404 7310601 1030877 7310129 3730877 7310404 7310177 7310646 7310765 7311010 2370973 7310765 7310564 7310652 4880973 7310835 7310669 7310129 7310765 7310129 3730229 3730229 7310601 7310129 3730296 7311010 3730229 3730419 7310700 7980973 3730519 7310564 3730296 7310564 3730296 1030282 3730700 3730200 7310129 3730765 3731002 6761023 3730229 7310601 7980973 7310601 7310564 7310891 6761023 3730200 3730200 3730229 7310829 5370200 7310601 7310700 3730829 7310564 7310404 3730829 7980973 7310404 3730765 1760973 7310765 7310891 2370973 7310404 7310669 3730877 7310404 7310765 1030282 3730229 7310601 3731002 3730404 3730765 2370973 2370973 7310646 7310129 3730765 7310601 1030857 7311010 3730229 7310601 2370973 7310601 3731007 3730229 7310601 3730981 7310601 7310765 7310601 7310601 7310564 3731002 7310601 7310430 3730200 3730519 7310430 6761023 2370973 1030282 7310161 3730404 7310829 7310404 7310601 7310161 3730229 7310601 1030877 2370973 7310601 7310564 3730229 7310177 3730200 1030877 7310601 7310404 3730200 3730386 7310669 2370973 3730404 1030829 7310161 7310601 3730700 7310765 3730877 7980973 2370973 3730229 7310601 3730404 7310891 3730404 3730700 7310765 7310601 3730981 7310765 7310601 3730229 7310601 7310765 7310601 7310765 7310601 5370942 3730296 1030961 3730229 7310646 7310601 7310564 7310601 7980601 3730700 3730601 6350857 3730829 7310700 3730419 3730404 7310564 7310646 3730601 7310564 3730404 7310765 3730519 3730200 7310700 7980973 6760877 7310669 6760877 7310404 7310404 3730419 7310646 7980973 3730404 7311010 7310161 7310129 5370200 7310129 3730765 2370973 3730981 3730296 2370973 7310765 7310404 7310765 3730296 3730404 3730229 7310700 7310114 7310404 3730829 7310601 3730981 3730765 3730200 7310564 3730114 6760481 7310114 3730200 7310404 6760857 3730296 7310601 6761023 7310765 3730241 3730296 7310114 7310564 7310601 7310564 7311002 6770857 3730601 7310564 7310114 7310564 3730419 7310564 3730241 7310877 3731002 7310404 1030829 7310564 7310669 7310601 7310765 7310177 6760857 3730829 6760857 3730829 3730296 6760404 3730404 7310601 7310177 7310601 7310601 7310765 2370973 3731007 7310765 7310161 7310404 3730229 7310601 2370973 7310601 7310765 1030829 3730241 7310891 7980601 3730229 7310404 3730229 3730981 7310114 3730386 7310564 3730114 7310564 7310765 7310601 3730229 7310829 1030877 2370973 7310177 7310564 3730229 3730829 7310700 7310646 7310177 3730200 7310404 7310564 2370973 7310829 1030857 7310765 7310564 3731007 3730386 7310601 7310161 7310765 7310161 7310419 3730700 7310404 7310200 7310161 7310891 2370973 7310404 7310601 7310404 7311010 3730877 7310765 2370973 7310404 3730200 7310564 7310161 1030292 2370973 4880973 7310004 7310765 2370973 7310571 7310700 7310404 3730200 7310891 7310601 3730229 7310601 7310564 3730229 2370973 7310129 7310601 7310129 7310601 3730386 7310601 7310601 7310129 7310765 3730200 7310404 7310601 7310564 3730200 7310765 7310564 7311010 1030829 7310601 7310129 7310829 7310877 7310765 7310564 7310646 7310114 7310877 4880973 4880973 7310129 7310177 7310266 7310404 2370973 7310669 7310601 7310404 7310765 1030877 7310601 3730519 7310114 7310601 7310404 7310564 1030877 7310601 7310646 3730419 7310564 7310765 7310700 7980973 7310601 7310564 3730601 7310404 3730296 7310129 1030829 7310564 7310646 7310601 7310161 3731023 7310601 3730877 7310404 3731002 7980973
3730877 8790857 3730296 3730981 3730404 6760973 3730981 3730229 6760877 3730419 1760973 7310564 5370571 6350404 3730296 3730404 7310601 6760765 3731002 6350891 3730981 6760857 8190859 6760481 5370877 5370942 3730229 3730601 3730829 3731007 1760973 6760404 3731002 9350765 6760857 3730404 6350891 5370829 3730981 3730601 8190877 6760700 8190877 3730404 3730829 8190877 6760404 6350857 3731002 5370266 6760877 3730241 3730404 5370877 6760404 6350857 8190519 9350765 5370877 3730386 6760601 9350404 3730296 7980973 6761023 7310765 6760481 6350765 1760973 9350404 6350857 6760601 3731002 5370877 6350891 5370877 6350765 6760601 6350404 3731002 3730765 8190829 5370829 7310564 8190765 3731002 3730137 6760404 6760877 3730229 3730601 7310601 3730700 1760973 5370266 3730241 7310404 8190829 6760942 6350891 3730241 3731002 3730404 6760942 3730241 5370877 8790857 7310564 7310765 7310601 3731002 6760857 6350765 5370877 3730981 6350857 3730765 3730241 6760973 3730974 6760404 3730646 6760942 8190765 3730700 9350404 3730404 6760646 7310669 3730601 3731002 3731002 6760942 5370877 6350404 3730601 7310646 6761023 6760857 3731002 6760700 8790857 5370829 6760404 3730601 6760646 3730928 5370571 6760601 3730404 6350601 6760942 6760700 3730241 3730404 6760404 3730829 3730877 9350404 8190177 6350891 3730829 8190877 6760601 3730404 6760601 6350765 3730519 7310177 9350765 3730765 5370877 6350891 6760601 3730601 3730981 7310646 3730765 8190652 6760942 3730229 3730241 6760601 3730765 5370829 3730229 8190829 8190942 3730229 6990200 3730601 3730419 6760942 7980601 6760564 3730601 3730404 3730229 6761023 6760404 3730829 3730601 3730928 8190765 6760404 3730404 3730765 5370877 6760857 8190419 5370877 6760404 3730765 5370877 3730114 7310646 3730765 6760601 3731002 3730981 6350765 6760601 6350765 5370877 6760404 6760601 3730404 5370877 3730981 6350765 6760404 6760601 6761023 3730229 6760700 3730765 6760857 6350765 6350404 6760481 3730419 3731002 6760700 3730229 7980973 1760973 3730404 3730829 6761023 3730404 3730765 6760564 3730229 3730601 6350404 5370877 9350564 3730877 6760404 3730829 5370877 6350404 3730601 3730765 6760877 9350765 3730404 3730296 8790857 3730296 6760404 6350765 3730137 6760404 3730404 6350765 6760404 3730137 6760646 3730877 9350404 3730229 3730981 3730877 9350404 3730229 6760601 6760765 3730601 3730700 3731002 5370877 6350765 3730601 3730877 3250857 3730404 3730601 6760700 6760877 7980973 3730404 7310419 5370942 3730981 5370419 9350646 3730829 6760857 3730765 6760877 8190419 6350404 7310404 8190419 8190877 3730229 3730765 9350772 1760973 6760877 3731002 6760481 7310700 6760404 8190765 3730114 7980973 8190419 5370877 5370877 6350891 3730829 6760564 9350404 3730137 3731002 9350404 3730829 6760564 3730229 3730601 6760564 6760973 6760857 9350564 6760404 10220857 6760877 8190942 3730601 1760973 3730241 8190829 5370877 8190829 6760942 9350404 8790857 6760857 7980973 3731002 5370841 5370877 6760877 9350765 6760877 6760404 8190371 6760404 6760857 3730765 6760765 6760601 9350404
3730981 8790857 4610973 4610973 4610973 9350896 6350404 9350404 8190829 6760857 8190765 8190419 6990857 6990200 7530857 8190765 3730404 6760601 8190564 3730993 8190765 8190942 6990481 8190829 8190564 8190877 6990857 8190942 8190829 8190877 6760404 6350765 8190877 3730137 9350404 6760404 8790857 8190877 6760404 8190765 8190877 6760404 4910481 9350765 9350404 8790857 3730114 8190765 8190877 8190765 3730765 3730241 9350404 8190419 8190829 9350564 8790857 6760942 8790857 6990200 8190829 8190363 6760564 8190564 8190829 6990857 8790857 6760564 8790857 8190877 8790857 8190564 8190829 6760404 8790857 3730993 8190765 6760601 8190371 9350404 8790857 8790857 8190877 8790857 8190877 6760404 3730137 6760404 8190765 3250857 2750857 8190888 6760601 3730137 8190942 10220857 6350765 8190829 3730419 9350404 6350601 6760646 8190419 8190829 8190564 8190564 8190829 8190765 8190877 8190829 7530857 8190829 8190942 8190177 9350564 8790857 8190877 9350564 8190913 8190829 3730137 9350404 8190765 6350404 8190765 6350765 8190877 3730765 8190765 8190765 6760601 3250857 8790857 6760942 8790857 8190877 8190942 8190765 8190765 6760601 3730765 6760765 8790857 9350564 8190877 8790857 6760601 6990481 9350646 9350404 8791023 8190942 8190877 6990481 8190942 8190877 6760404 8790857 6760404 8790857 8790857 9350924 9350765 6760404 8190877 6990481 6760404 8190765 6760404 6760404 8790857 6760404 8790857 6760601 8790857 6760404 4910481 8190859 6760404 4910481 8790857 8190481 8190942 8790857 3250857 8790857 6760700 8190765 4910481 8791023 8190877 8190942 8190877 8790857 8190752 8790857 8190765 8190829 8190877 8190937 6990200 8190829 8790857 8790857 8190877 8190765 6760877 8190937 6990857 8190877 3250857 8790857 8190877 6760877 8190765 6760404 8790857 8190877 3250857 8190877 8790857 8190877 3950371 8190829 8190829 8190877 8190765 8190877 8790857 9350404 8190765 8790891 8190942 8790857 8190829 8190765 8190829 6990857 8190481 6990200 3250857 8190371 8190829 9350564 6990200 8190877 7530857 8790857 6350601 9350765 3730241 7530857 6350404 8190177 8190765 6990481 6760404 6350765 8790891 8190961 9350765 6990857 8190829 6990200 8190177 8190877 8790857 8190877 8790857 9350404 6760404 8190765 8190877 8190942 8790891 8790857 8190765 9350765 4910481 10110857 8190877 8190942 8790857 3250857 8790857 9350564 6990481 5370877 6990481 8190877 8190371 8790857 6990481 8790857 8190877 8190363 8190942 6990200 8190564 8790857 8190765 8190942 3250857 8790857 8190913 6760564 8190765 8790857 8790857 4910481 8790857 4910481 8790857 8190877 3730700 8790857 4910481 9350404 8190913
8190942 8190829 9350404 3470729 8190942 7980973 7310114 4610973 5370930 7980973 5370877 8190363 3950371 8190177 7980973 1030961 1030282 3730241 8190877 8190829 1030292 4880973 4880973 7310177 4880973 1030282 3730241 8190942 5370877 8190419 7980973 3930857 3730114 8190942 8190942 3700404 7530857 6990200 6760601 4720841 7530857 3930857 9350404 8190877 9350404 9350913 8870859 7530857 5370741 8190419 3950371 3700404 8190419 7311010 3470200 3730601 8790857 7310829 7310430 9350200 1940973 9350404 8190646 6350404 8190765 8790857 9350772 9350564 7310765 910928 3730961 3730200 3730961 8190942 9350765 8190687 8190829 9350404 8190765 8190687 7980973 3250857 9350404 8790891 730743 3470857 8790891 8870859 7310419 4990857 8190942 7980973 7980973 7311010 1940973 9350404 5370200 5370942 5370942 6760700 9350404 7530857 9350829 9350404 8870424 9350741 4630200 6760481 5370741 3730928 1030857 8190960 9350404 3730114 8190765 8190829 8190516 3470200 8190752
7310129 3730137 3730981 3730296 7310564 3730229 7310646 3730229 7310601 3730200 7310601 3731002 7980973 3730829 7310564 3731023 7980601 6760481 1030829 7980973 7310161 7980973 7310891 7310601 7310282 1030877 1030638 7310601 7310877 7980973 7980973 3731002 7310404 3731002 3730981 7310765 7980973 7310161 7310601 3730241 7310404 5370200 3730229 7310404 7310765 7980973 7310601 7980973 7980973 3730981 3730765 5370829 7980973 7310601 3730519 7310646 7310646 7980601 7310129 7980973 3731002 7310700 7980601 7310601 3730200 7310646 7310601 1031010 7310765 7980973 7310601 7310765 7980601 7310601 1030638 3730700 7310404 7310564 7980973 7310564 3730404 3731023 3730829 7310646 6760481 3730404 7980973 7310564 3730404 3730519 7310601 7310404 7310646 7310404 7310765 1030877 7310765 3730137 1030292 7310765 3730296 3730229 7980601 7310700 3730114 6761023 3730765 6350857 7310601 7980973 9350765 7310601 7310404 7980601 7310161 7310765 7310601 7310564 4880973 1030200 7310829 7310700 1030829 7310564 7310646 6760481 1030877 1030282 3731002 6760877 3730601 3730229 6761023 7310129 3730229 7310161 7310404 7310765 1030282 7310129 4880973 7311010 7310601 7310404 7310891 7310601 4880973 6760857 3730229 7310646 7310114 7310601 7310564 7310700 7310601 6760481 7310564 6760857 3731007 3730519 6350404 3730296 7310669 7980601 6760481 3730519 7310765 5370877 5370200 3730404 3730241 3730296 6760481 5370200 3730981 7310765 5370877 3730241 3730877 7980973 7980601 3730229 6350601 7980973 7310646 3730229 7980601 1030282 3730765 3730137 7310564 7310646 3730829 7310564 3731002 5370877 7980973 2370973 7980973 7310404 7980973 2370973 3730404 7310669 3730700 7310404 3730404 7980973 7310404 7310564 6760857 3730829 3730404 7980973 7310404 5370877 7310564 7310177 5370877 3730229 7310161 7980973 7310765 7310601 7310404 7980973 7980601 3730519 3730974 7310700 7310765 2370973 7310161 3730229 7310177 7310646 3730519 7310564 3730229 1031010 7310564 7310404 6760601 7310669 7310571 3730404 3730200 7980973 7310765 7980973 7310404 3731002 7310161 7310564 7310765 3730519 1030282 7310161 1030282 3730296 7310765 3730877 7310601 7310601 3731002 7310177 6760700 3730419 3731002 7980973 7980601 3731002 6760404 3730601 3730519 7310646 7310564 7310765 7980601 7310700 7310765 7310161 4880973 4880973 7310601 7310177 7310161 3730404 7310564 3730829 7310564 3731002 7310161 7310404 7310765 7310564 4880973 2370973 4880973 4880973 7310177 7980601 7310404 7310601 3730765 3730296 9350404 3731007 3730601 6760481 7310765 7310669 7310700 7310601 7310601 4880973 7310200 7310129 7310601 7310564 7310404 7310601 6760877 3730404 7310669 3730404 3730829 3731002 3730404 7310177 3730200 6760404 7310646 2370973 3731002 3730241 7310404 7980973 3730877 3730829 3730404 6761023 2370973 3731023 7310564 7980973 7980973 7310765 1030877 6760481 3730229 7980973 3730200 3730601 3730200 3730519 7310430 7310564 3731007 7310564 1030829 7310700 7980973 3730200 3730419 3730200 6760857 3730114 1030282 7980601 7310564 7310404 5370419 3730200 7310646 7310564 7980973 3730229 7980601 3730229 7310601 3730200 7310419 7310404 3730928 7310891 7310404 3730877 3730829 3730877 3730419 7310564 7310765 3730765 1030282 6350857 7310601 7310601 7310404 3730765 3730200 7310129 3730229 7980973 3730296 3731002 7310129 7310646 7310601 3730700 3730229 7310601 7310700 7310430 3730974 7310646 7310430 3730519 7310404 3730601 7310564 7310601 7310564 3730829 7310564 3730200 7310564 7310430 1030877 7310765 7310564 5370266 3730765 7310564 7310891 3730296 7310601 3730765
7310161 3730404 3730765 3730137 3730981 3730928 3730981 3730765 9350765 6760765 9350564 3730229 3730601 6760481 8190765 3730981 3730229 3730137 6350404 3730765 7980601 3730981 3730829 6760481 6350765 3730961 6760601 3730700 3730765 3730601 5370266 3730114 8190829 3730229 3730137 6760942 3730229 3730241 9350404 3731002 6760404 1030829 3730404 5370877 6760404 6760601 3730981 3730765 3730241 3730700 3730829 3730296 6760404 3731007 3730974 3730296 3730114 3730296 3730404 3730765 3730601 6350891 7310700 7310571 4880973 7310266 7310829 7310891 7310161 7310891 7310177 7310564 5370419 9350200 6350404 3730296 6760404 3731007 3730765 6350404 3730765 3731002 6760404 3730877 6760404 5370877 7310601 6760404 7310564 6761023 3730981 3730229 3730404 3730993 7310177 7310129 7310601 3730765 3730981 3730296 3730981 3730404 3730961 3730601 3730229 3730829 6760877 3730386 6350404 7980973 3730229 7310601 7310646 1030829 6760942 9350765 7310177 3730519 6350404 7310430 7310564 3730981 5370200 7310404 7310877 7310177 6350891 6350601 3730241 6760404 3730829 5370877 3731002 3730229 3730877 3730200 7310765 3730601 3730981 3730765 6760481 6760481 3730229 7310161 3730229 6760857 7310646 3730419 6760857 7310564 7310177 7310564 2370973 1031002 7310564 7310404 7310430 4880973 2370973 4880973 2370973 7310829 3730404 3730114 3730829 7310601 3730700 6350404 7980601 6760404 8190419 6760857 3730765 3730765 6760601 3730404 8190419 8190829 3730646 6761023 3730765 3730241 7310404 7310161 3730229 3730404 3730924 6760601 5370419 3730296 4880973 4880973 4880973 7310114 7310564 7310765 6770857 7980973 5370877 6760404 3730404 6760601 3730404 6350857 3730877 6760765 3730829 6760564 3731002 3730519 3730404 3730700 3730981 6760601 9350765 3730229 3730601 6760481 3730404 3730829 3730877 3730601 6760481 1760973 9350404 3730229 3730404 3730296 6760857 6760601 6350857 3730829 3731002 5370877 3730877 3730404 3730229 6760601 3730404 7310646 3730200 5110560 7310200 7310700 1940973 7310765 7310877 2370973 7310161 4880973 7310601 1030282 7310404 7310177 3730241 7310765 6760700 3730993 7980973 7310601 3730200 7310891 7310564 6760877 3730137 3730404 5370200 6760404 3730419 6760857 6760877 3250857 3730765 3730386 4880973 4880973 4880973 4880973 4880973 1940973 4880973 7310177 7310129 7310891 6761023 5370942 6350765 7530857 3730404 9350404 6760601 9350765 8190419 3730765 8190829 6760564 6350765 6350891 6760601 3731002 6760601 3730700 3730404 6350601 3730700 6760404 6350601 3730404 3730877 7310404 7310177 2370973 7310177 7310564 1030877 7310601 6760404 6350765 8190877 3730981 3730004 6761023 6760404 8790857 8190877 6760404 5370877 3730114 6760601 6350765 8190877 6760404 3730419 10110857 3730981 3730241 5370419 7310564 3730993 6760700 5370877 6760564 9350404 9350765 6760404 8190829 8190877 6350601 6760481 6350404 9350829 3730700 3730877 3730877 6350857 6760942 6350601 6760601 5370877 3730765 6760601 6760404 8790857 3730137 3731002 6350765 3730241 8190859 7310765 3730981 7310601 7310700 3730601 3730601 7980601 3730114 7310669 6760601 3730229 3730601 7980973 3730829 6760857 3730993 3730200 6760404 7310564 6350404 7980973 6760877 3730928 7980973 9350404 3731002 7310765 6760877 3730386 9350765 6350404 6760404 6350765 3730137 6761023 6350765 6760877 10110857 6760601 3730404 9350765 6760404 3730961 3730419 3731002 7310601 3730229 3730981 3731002 6761023 6350601 3731002 3730974 3730200 3731002 5370877 3730601
7310669 3730404 1030638 5370877 3731002 5370877 7980973 3730981 5370877 3730404 3730200 7310430 7310669 3731002 1030877 7310404 7310669 3730519 3730419 7310765 3730404 3730241 6760404 1030877 6760857 5370571 3730601 7310765 3731002 3730961 7310601 6760857 6350891 7310700 1760973 7310669 6760481 6350765 1760973 7310564 3730114 7980973 1030282 6760601 3730200 6760564 3730137 6760857 7310601 3730700 7310564 3730404 6760857 1760973 4610973 6350404 3730580 3730241 3730765 7310646 3730829 7310646 7980601 3730386 3730404 3731002 5370942 3730829 1030961 9350404 7310700 3730404 7980601 3730404 3731002 6760942 3730765 7310161 6760481 7310646 7310669 3730877 3730296 7980601 3730981 6350601 3730981 3730765 6350601 6350857 3730419 9350404 4630282 7310601 7310564 7310419 3731002 6760404 3730419 3730241 7310564 3730993 5370877 1760973 6760481 3730829 3730877 9350404 3730829 6350601 6760404 6760857 3730241 7310765 3730765 6760601 7980973 6350404 3730137 3730981 3731002 7980973 3730829 9350404 3730404 3730241 8190177 3730765 5370829 3730700 8790857 3730137 8790857 3730137 3730229 6350601 3730829 6761023 6760857 3730229 7310669 7310404 6760481 8190942 7310404 6760877 3730601 7980973 4990857 7310404 7310564 5370571 3730419 8190877 3730229 6760404 6350765 6760404 3730241 5370877 6760601 6760857 3730765 5370877 3730404 6350765 5370877 10220857 6760646 3730765 5370200 6760857 3730114 6760481 6350857 6760404 3731007 6760601 6761023 3730765 3730601 3730419 3730404 9350404 6760857 3730229 6760700 3730601 6760857 3730993 3730601 5370829 3730114 8190765 6350857 3730829 6760942 9350404 6760877 3730404 3730601 6760601 6760404 3730200 3730404 3730765 3730765 6760601 3730404 7310765 7980973 3730404 7310177 6760481 6760404 8190765 3730296 6350765 3730877 3730229 7310430 3730829 7310646 3730829 6760973 9350765 6760857 6760942 3730404 3730829 3730404 9350404 3730601 3730404 7310700 7310601 7310601 3730404 3730419 8190937 6760404 6760646 4630282 6760765 8190942 3730829 5370841 6760564 8190829 3730137 6760646 3730765 3730004 3730241 7310765 3730877 6760601 3730004 7310601 3730765 3730601 3730877 9350829 1760973 9350404 3730601 6760646 7980973 3730601 7310601 3730404 7980973 6760857 5370942 3730114 6760973 7310646 3730404 8190177 6760564 3730646 3730829 7310564 3731002 6760942 9350404 3731002 6350404 8190877 6760404 3730765 3730981 6350765 3730981 3730404 3730993 8190877 6760404 3730601 3730114 6760942 6350765 3730601 6760481 6760601 6760481 3730993 6760601 3730981 5370571 3730601 3730981 3730601 3730229 6760973 6350891 6761023 6350404 5370419 7310564 3730765 6350404 6350404 3730993 6760404 3730765 6760404 8190829 3730404 3730765 9350765 3730981 8790857 8190877 3730241 3730877 3731002 6760646 3730765 8190652 8790891 3730601 3730114 6760404 3730829 6760404 8190765 8790857 8191023 8190942 6760877 8190765 6760564 5370942 3730404 8190564 5370841 6760564 6760601 6990481 5370877 6760404 3730981 6760404 3730765 6350765 6760877 3730137 3730404 6760646 5370942 3730993 6350765 6350765 6760601 3730404 8190765 3730601 6760700 3730765 8190942 6350765 3730981 3730993 3730765 8190371 3730765 3730601 6760601 8190942 3730993 8190419 6350404 6760601 6760765 6760564 6350404 3730601 3730404 6760404 8190829 6760564 6760404 8190829 8190877 6760404 8190765 6760973 6760404 3730601 5370877 8190765 3730700
3730137 9350404 8791023 8190829 8190765 8190765 8190829 3730601 6990857 6990200 3730296 8190419 8190177 8190829 8190877 6990200 8190829 8190942 8190687 8790857 8790857 6990200 8190363 8790857 8190877 8790857 8190877 8190829 6350601 8190741 6350404 8790857 8790857 10110857 8190877 8790857 8190177 6760404 8790857 8190877 8190877 5370942 8790857 2080857 6760877 5370829 7980601 4880973 1030877 7310129 5370200 6760877 5370200 6760404 8190877 6350765 6760877 3730241 9350404 8190829 8190942 8190765 6990200 8190765 6770857 7310601 7980973 6770857 4880973 7310891 4880973 4880973 4880973 4880973 4880973 4880973 4880973 1030638 4880973 7310601 7310404 3250857 8190765 8190363 8790857 8190560 3250857 8190564 5370829 3731002 1030877 3730601 6760404 8190829 8190363 7310419 5370571 9350580 6760877 6770857 7310564 7980973 1030282 6760700 8190177 6990200 8790857 8190877 8790857 8190765 6760601 8190765 7310177 1760973 7310564 7310765 5370877 1030282 1030877 1030638 7310161 3730981 7310404 7310601 6760481 8190877 8190741 4910481 8190516 8790857 8190877 8790857 9350404 8790857 4910481 8790857 6990200 6990200 8190877 6990200 6990857 8190877 6990200 6990200 3250857 8790857 6990481 7530857 8790857 8190765 8190177 8190877 6760404 8190877 8190765 8790857 8190877 8190765 6760404 8790857 8790857 8790857 8190765 8790857 8190937 8190765 8190765 7530857 8190942 8190942 9350564 8190859 6990481 9350829 3730137 6350404 6760765 8190363 8190419 8790857 6990200 8190765 8790857 8190937 8190419 6990200 8190765 8790857 8190877 6760404 6760404 8190516 6760404 8190765 5370877 6760646 10110857 3730601 7530857 8790857 8791023 6350601 6350601 6760973 4910481 6760564 4910481 8190937 8790857 8190363 3730601 6760700 6990857 3250857 6760404 5370829 8190177 8190877 8190937 6760404 8190564 8190961 6990200 8191007 8190765 8190829 8190877 8190765 8190877 8190177 8790857 8190877 6990481 8190829 3700404 8790857 8790891 8790857 3250857 9350829 8190765 8790857 8190564 3250857 3730229 9350043 8790857 7530857 8190829 8790857 6990200 4910481 3250857 9350765 5370829 8190765 3730200 8190363 6990200 9350564 6990200 8190877 3250857 8190877 6990200 8190829
3730993 8790857 8790857 8190419 3730993 8190765 3250363 8190652 8190877 8190765 8190877 3250857 8190419 8190765 3250857 8190564 5370841 7310669 7310161 7310765 1030877 3730200 3730296 6760404 3731002 8791023 6761023 8190765 8191023 5370877 7980601 3730241 3730404 6760601 3730200 7310177 3730200 7310765 7310564 9350765 3731023 7310765 7310835 1940973 7310161 4880973 7310564 7310601 9350580 7310114 1030877 7310282 7980973 7310601 9350765 9350765 6990200 7980601 7310404 7980973 7980601 5370877 3730241 6761023 7310564 4880973 1030961 7310404 7310177 8190765 6990481 8190877 8190877 6760601 9350765 9350564 7530857 9350765 9350404 730969 8190564 8190877 8790857 6990481 3730404 8190942 8791023 9350404 730969 6760564 8871007 6660043 730043 4990043 4990043 3930857
6770857 1030829 7310564 7310564 9350765 6990200 8190765 8190765 1030638 4880973 4880973 4880973 4880973 4880973 4880973 4880973 7310161 4880973 4880973 4880973 4880973 7310177 4880973 7310161 7311002 7310646 5370200 8790891 8190829 8190859 8790857 6350765 3250363 9350404 10220857 9350404 3250857 6350765 9350404 6760404 9350913 3250363 3250937 9350870 9350404 8190859 3250857 8190765 7530857 8790857 9350404 9350580 8190942 3250580 3250580 8190765 8790857 8190870 6760601 8190765 8870580 8870580 3250580 2760870 9350580 9350404 9350870 4720857 730948 3250580 3250363 3250857 8190877 3250937 8190829 8190829 3250937 7310114 8790857 8190829
8710857 9710857 9350888 9350880 3250857 8190961 8190741 8190812 9350765 8190920 7530857 8190937 8190859 3950371 8190829 5370200 6770857 7311002 8190743
6760601 5370877 5370419 4880973 7310161 1030646 1760973 3731023 1760973 4630200 4630386 7310430 2370973 4880973 4880973 4880973 4880973 7310200 9350404 5370964 3730386 8190371 3731010 5370200 250043 8190544 7311002 1030282 5370200 5370200 5370772 1030200 4880973 4880973 7980973 8190765 1030984 9351002 3250857 6350601 7310564 1030282 1030292 7310646 7310266 8190937 3730601 7980973 5370266 7980973 4880973 1030638 1030638 4880973 6350857 5370877 730043 730969 3700961 9350404 8870859 3700404 8790857 3730241 1030877 4880973 2370973 7980973 7310891 1030638 7980973 1030282 7980973 5370877 8190519 9350404 5370829 7310669 1030877 1030282 1030829 6770857 1030829 1031002 7980973 5370877 2760928 9350765 8190961 8190363 7310564 8190942 8190765 8190942 5370829 5370580 5370266 4880973 8190765 2760114 8190544 3730993 1940973 6760877 7310835 7311002
4910481 8190516 8190772 8190942 8190516 8870859 3250363 7790841 8190363 9350772 8190419 5370772 6350404 8190419 3250363 3730241 6350601 5370772 8870772 9350765 3700404 3250937 3700404 8870772 3700404 4720841 5370877 730937
4630200 4630282 8190560 4610973 5370200 5370266 5370752 5370961 8191007 6770857 9350200 9350580 8190481 8191007 8190652 4630200 3950043 3731002 4630282 9351002 8190961 5370937 8190646 4610973 5370741 8190519 8190913 5370200 5370961 3731002 4990857 7980973 1030292 1031010 1030961 1030282 5370772 8191023 5370544 8190646 8190646 8191023 3731002 1030282 5370200 8191023 8190544 8871007 4880973 1030200 1030200 1030200 1030282 1030292 1031010 7311002 7310404 7310646 9350043 5370974 7980973 7310829 4990043 5370841 7980973 1030282 7310829 7310114 7310700 7980973 7980973 9350741 8190481 8190363 8190481 1030292 1030292 7980973 7980973 8190544 8190544 4630282 4630937 7980973 4610973 7310200 5370200 9350913 250969 8190961 4630200 8191023 8190652 1760973 7980973 1030292 4880973 4880973 1030292 2370973 2370973 1030292 1030829 1030282 1030292 1030638 1030200 7310700 7310564 5370841 5370937 9350765 8870544 8190043 7790857 4880973 4880973 7311010 1030282 1030282 4880973 4880973 1030282 7980973 5370544 8191023 8191023 8191023 3950043 8190652 8191023 5370266 3730646 8191002 8190177 8190937 8190765 8190765 8190544 8190363 3950043 8190646 9350646 9350687 10220857 10220857 9350913 8190687 8190371 8190687 8190765 8190544 4630386 5370200 8190829 8190544 8190419 5370266 7980973 4880973 1030638 8190969 8190765 8190872 1030282 7980973
3730241 3730961 4630200 8190961 1760973 1760973 1760973 9350743 3731002 6350857 7980973 3731023 5370841 7310571 6350857 8190752 7310282 6350857 7310004 6350857 3730993 5370419 3730646 3730241 6760973 6760857 5370071 8190752 4630200 3730004 6760973 3730241 8190961 5370937 8191023 1760973 7980973 4630386 4630200 4630282 8190937 1760973 1030282 3731023 1760973 3730241 1030282 7310646 7310430 3730928 3730928 3731002 3730928 1760973 5370937 3731023 4630200 3731010 3730993 3731023 8190859 4630386 1760973 3730386 4630200 4610973 7310282 4990857 6350857 1760973 3731023 7310646 4630580 3730004 8190363 3731007 3730961 8190363 3730200 8190961 4630200 3730386 4630282 4630200 1760973 4630200 8190544 8190961 8190544 5370937 8190961 3730928 3730241 3731007 8191023 1760973 1760973 3731002 4630200 3730004 4630200 7980973 7980973 3730928 8190937 3731002 7980973 7980973 9350646 3730004 3730386 3731023 3730646 8190481 6760857 8190859 8190829 4630200 9350687 4630282 5370571 5370974 4630282 1760973 6760973 1760973 1030282 5370961 4630071 3730241 1760973 1760973 5370571 3731002 3730004 6760973 3730601 6761023 7980973 3731002 1760973 8191023 1760973 4630200 4630200 8190481 3731023 3731023 8191023 3731002 1030282 3730928 7980973 7980973 8190544 3731023 3730004 5370937 3731023 1760973 8190961 8190481 1760973 8190652 3730646 7980973 7980973 1760973 5370841 1760973 1760973 1760973 4630200 8190363 8190652 3731002 3730646 1030282 5370870 3731002 3730519 8190544 4630282 3731002 5371010 5370841 3730646 8190481 1030282 5370841 3730646 7980973 7980973 3731002 3730241 8190937 6760646 3730928 7980973 3730200 3730241 7310200 7310161 7310646 4880973 7310646 3730580 7310419 6770857 7310646 7310700 7310266 7310646 7310646 7310004 7310700 9350896 7310700 7310430 7980973 3731002 7310601 7310646 7310829 7310601 4990857 7310646 7310700 7310430 7980973 7980973 3731002 7980973 7980973 1030282 7980973 7980973 7310004 7980973 1030829 7310646 7980973 1030638 7980973 1030282 7310646 7310004 7310564 7310430 7310646 7310200 7310200 6770857 7311002 6770857 7310646 7310646 7310646 6770857 1030282 7310200 7980973 7310200 7310200 4880973 7310646 7310200 1030282 7310200 7310200 7980973 1030282 2370973 7310200 7310200 7310835 7310877 7310200 7310004 7980973 7311002 7980973 7980973 9350200
7790580 5110004 7310430 730212 2760928 4610973 8870870 3731002 3950960 9350765 3731002 3730371 5371010 1030282 1760973 1030638 1030282 1030961 5370544 250969 5370200 5370200 1030984 1030646 5370974 5370200 5370544 5370974 910364 1031002 1030282 1030282 4880973 4880973 4880973 4880973 1031002 4880973 1030292 4880973 1030282 7980973 2370973 3730200 3730961 3730646 8190961 7980973 7980973 7980973 7980973 7980973 4880973 7980973 1030200 4880973 1940973 1940973 3730200 1030282 7980973 7310471 1940973 7310177 3730877
5370419 4630282 8190481 5370937 7310564 7980973 5370200 5370200 3731002 1030282 1030638 1030292 1030282 5370200 5370200 5370200 8190544 9350646 4630282 8190646 8190913 5370961 5370937 1030292 1030282 3731002 5370200 5370200 4990857 1030282 1031002 5370841 8190961 8190043 8190646 5370841 8190544 8190544 8191007 5370961 8190969 9350646 5370841 8190481 5370937 4630386 5370937 8190519 8190544 5370841 5370937 8190969 8190646 8190544 1030282 6770857 5370043 5370200 5370200 5371007 5370937 8190043 1030961 1030282 1031002 1030961 5370974 5370200 1760973 1030638 7980973 6770857 7980973 1030961 7310700 5370200 7980973 7310646 3731007 3730241 3731002 3731002 3730888 3730928 3730386 6760481 1030282 3731002 7980973 6770857 6770857 1030282 7980973 6350765 3250857 5370942 8190942 5370829 6350857 8190859 5370937 8190363 4630200 5370841 7530857 8190859 5370841 5370937 8190961 5370841 8190363 5370266 8190544 5370841 5370937 8190937 9350646 5370841 3731002 5370841 9350812 6760646 8190363 5370937 8190519 6350857 8190752 9350741 3730993 8190363 8190937 8190419 8190363 8190859 5370937 8190937 8190859 5370841 8190363 5370571 8190363 3730993 8190937 8190913 8190363 5370841 3250857 8190937 5370937 9350913 8190772 5370841 8190937 8190859 7530857 5370841 8190363 8191023 8191002 8190544 10220857 3250857 5370937 5370571 5370841 5370937 3250857 5370937 8190961 5370544 7530857 8190942 6760404 6760765 3730560 8190363 250969 5370937 9350580 8190544 8190937 8190544 7530857 6350765 8190363 5370937 8190913 8190544 8190481 8190969 8190544 5370841 5370937 5370961 5370841
3731002 4630282 3731023 4630200 5371010 1030984 4630200 3730296 10220857 7310266 6760973 3730519 6760857 7311010 6760857 1760973 1760973 5370200 3730646 7980973 3731002 4630200 1760973 4630200 5370841 1760973 3731002 4630200 1760973 3731002 1760973 5370266 3730580 4630200 5370841 1760973 4630200 3731002 8190930 8190519 1760973 8190772 4630200 3730646 7310371 3731023 3730928 3731002 3731023 3730004 4630200 7980973 1760973 8191023 1030282 3731023 1760973 1030282 1760973 1760973 4630580 7980973 5370841 1760973 3730974 3731002 8190363 3731002 1760973 3731023 3731002 1760973 5370266 1760973 3731002 3730928 1760973 1760973 4630200 3730961 1760973 4630580 3731002 4630200 3730519 3730519 5370571 3730200 6761023 3730241 3730241 1760973 3731002 3731002 3731002 6761023 7980973 1760973 3731002 3731002 3731023 3731002 1760973 1760973 3730241 3731023 3731007 3731007 1760973 4630580 3731002 3731023 5370200 4630282 1760973 1760973 5370371 3730646 7980973 3731002 3731002 3730961 3731002 1760973 3730519 3730646 3731023 3730974 3730974 1760973 3730004 7310161 3730241 7980973 7980973 7980973 3731002 9350200 7310646 9350200 7980973 3731007 3731023 8190652 7980973 5370571 1760973 1030282 7980973 1030282 3731002 7980973 3731002 7980973 4630200 7980973 3731002 3730241 7980973 7310114 1760973 3730646 7310646 1760973 4990857 3730200 3730974 7310669 3730200 6761023 7310646 3730700 4630200 5370571 1760973 3731002 7980973 1760973 7980973 5370200 3730928 3731002 3731002 1030638 6761023 5370571 3731023 5370200 7980973 3730700 5370200 1030282 7980973 1760973 7980973 1030638 6760857 3730371 3730765 3730419 1760973 3731002 3730241 1760973 1760973 1760973 1030984 5370200 1760973 1031010 7980973 3731023 3731023 3730519 3731002 1030282 7980973 1030282 3730519 3731007 1760973 6760857 3731023 3730700 3731002 2370973 7980973 3731002 1760973 7980973 1030282 3731002 3731002 7310371 3731002 3730386 3730928 7980973 1760973 8190419 7980973 3731002 1760973 7980973 3730928 6760857 1760973 1760973 1030961 7980973 4630200 3731002 3731002 1030282 9350006 7310669 7980973 6350857 3730386 5370571 1031010 3730646 7980973 7310646 3730961 1760973 6761023 4630200 1760973 5370200 1760973 1030646 3731002 1030646 7980973 7980973 1760973 5370266 3731007 3731002 3731002 1760973 1760973 1031010 3730519 1760973 1760973 7980973 1760973 1760973 5370571 3731002 1760973 3731002 1760973 3730386 7980973 3730961 1760973 1760973 1760973 3730646 3730241 3730137 3730519 6760481 3731002 8191023
7310835 1940973 8190419 1940973 8190363 3950043 8190363 1940973 7310646 3730580 9350200 5370043 3950043 5370961 4880973 5370571 4720043 730071 7790841 8190363 8190859 3250363 8870859 8870880 7790200 730205 9350743 730743 5110004 5110004 9350829 8870859 5370937 5371007 8190363 8190859 8870544 3950371
7790857 7980973 3470200 4880973 4880973 1030282 1030292 4880973 1030282 7980973 1030282 1030282 7790841 5370200 5370043 5370937 5370937 5370580 6760973 5370419 2760930 2760580 8870859 7790687 9350772 2760646 2760364 7310877 2760969 4630580 5370544 3950043 1030646 7790841 8870544 8190765 5370419 7310646 5370571 7310004 7310700 7980973 9350765 9350896 6350404 7310004 9350765 9350896 8190516 6350857 9350964 9350687 3730004 8191002 8190894 8190363 9350404 4630200 5370841 5370841 5370870
8190960 8190937 8190743 8190646 8190652 1030829 3950870 8191023 7310891 4630200
7090973 7310371 7310282 9350422 7310700 7310700 7310004 1030282 4880973 1030282 3730386 7980973 7980973 1031010 1760973 7790200 9350765 7311002 7310282 7310282 7310282 7310282 9350580 5370877 1030282 1031010 1030961 4880973 1030282 1031010 1030292 4880973 1030638 1030961 5371007 8190870 8870870 3950870 8190652 8190961 4750772 1760973 8870424 5370571 5370974
730930 5370870 5370580 7790870 5370841 3950043 7090973 1031010 5371010 3730519 8191007 3950964 8550519 4720544 4720544 4720544 3730519 8871007 8190519 4720544 5370870 7530857 5371010 8190937 4720857 1030292 4630282 8870518 3731002 4630638 7310877 5370870 3730268 3730420 4630937 7790200 3470043 7790580
8190896 8870043 4630200 1031010 1031010 1030292 1030282 4880973 1030292 4880973 1030282 1030200 1030292 7980973 1030282 4630282 250969 1030984 1030961 1030857 1030857 1030292 1030292 4880973 2370973 1030292 1030292 8190969 9350404 8870544 730961 7980973 8871007 7790870 4631010
3700888 2080857 4630200 3700969 5370200 1030200 7980973 4720544 250969 8190961 3950870 7790200
250969 1760973 4720969 910646 910364 8190652 7790043
1030857 8870544 8870544 8871007 8871007 8871007 6770857 7310601 7310646 5370772 5370772 8190516 8190363 2760743 7790870 5370870 8790857 4630282 730961 9350404 3730981 2760743 4990857 3250580 3931023 4720969 4720841
520857 250043 7790519
7310646 5370544 7530857 8791023 5370841 250969 3950043 5370200 1031002 5370200 1031002 5370930 5370200 7790841 8870859
