210
1031010 5371023 5370200 8191023 4630829 4630200 5371023 4630386 5371023 5370974 3730200 4630200 250200 1030857 1030292 5371023 1760973 4630282 2370973 7310891 1030282 1030282 1030282 1030282 5370404 4630200 3731023 4630282 4630200 1030292 9350928 7790200 3730200 1030292 1030292 1030292 1030292 1030292 7980973 4630200 5371023 1760973 4630913 4630913 4630282 1030857 4630857 7310646 8190857 1760973 3730200 4630200 1030292 4630200 4630913 4630200 4630913 4630937 1760973 4630200 4630200 1030200 3730043 7310200 7310646 3730974 1030292 1030282 1030282 1030282 3390580 8550857 8550857 4630200 4630200 4630200 1030993 8190700 1030857 1031002 5371023 3390043 3390043 8191023 4630386 3730646 4630200 1030282 4630200 8190481 4630200 4630200 4630200 4630200 4630200 2760930 5370930 5370519 250200 250200 4630386 6660857 9350928 4630200 4630200 4630200 4630937 4630004 3730646 7310646 250200 1030993 5370743 9350770 3730928 3730241 250200
4630282 8190857 8190560 1030857 1030292 4880973 4630386 1031010 8191002 7790200 8870969 9350937 9350961 9350942 9350870 6350601 9350870 6660857 9350964 4630913 4630424 4630937 4630200 1030857 1030857 1031010 1030292 4630930 1030282 4630200 250200 5370829 250200 4630424
null
null
null
null
730414 3730419 8710857 8190770 8190770 2750857 5370571 5370571 4720743 3700961 3730928 8190700 8190942 8190404 8190857 3730765 8190857 8190700 8190829 8190404 9350371 8190961 9350942 3700796 6350857 3730371 8190857 9710767 8710969 8190872 3950896 10220857 8791023 6350404 5370200 6760601 6760700 3231023 8190857 8190741 9350519 9350519
9350928 730857 8190371 8190857 8191007 4720857 5370371 8710857 3701007 6660580 730371 2760961 730743 7790200 4040200
8190071 8190752 3730200 7980973 3731002 7310646 8190894 3730114 3230205 730894 3730241 7310669 10220857 5370200 1031002 1031002 5370930 5370772 5371023 251002 4880973 1031002 5371023 7980973 5230969 10110857 3731002 7310430 3731002 7980973 3730974 4880973 7790857 8190481 250200 8191023 3731002 3731002 5370200 3730877 7310829 3730601 10110857 7980973 5370571 7310404 7980973 5370371 5370071 8190896 7980973 250969 8190857 8191002 1030984 8191007 7980973 7980973 7980973 5370404 7310404 6660996 3730770 8190857 8190896 6760601 3730981 3730419 7310646 1030292
8190700 9350961 3250857 3730770 3731002 4990857 8190652 8190942 7980973 8190969 8870969 9350894 9710741 3230969 3230371 8190857 5370974 5370841 5370974 250200 8190481 4880973 1030282 4880973 7980973 5370519 5371023 7310829 3731007 3730386 3731002 8190942 8190942 8190969 9350601 8190829 3700200 9350942 6760481 9350942 4630200 1760973 4630200 4630200 9350601 8190404 7310700 3730296 7311002 9350937 5370841 8190404 5230969 7310765 9350687 8711023 6350404 9710752 9710741 8710872 9710729 730857 3730296 7310891 3730114 6350404 8190700 8190913 250200 7980973 7310646 7980973 1030282 7310646 1030282 1030282 7980973 1030282 5370200 1030282 7980973 5370200 5370829 4720363 730200 4630282 8190519 3730386 9350560 9350687 3950960
4630386 4630386 250200 4630282 5371023 1030984 4630200 4630200 4630200 1760973 3731002 3731023 3731023 1030292 3730200 1030292 1030292 4880973 1030282 1030292 1030282 1030292 7980973 1030282 5370200 4630282 5371023 5371023 5371023 1030984 4630200 1760973 1760973 4630200 1031002 1030984 5371023 1030282 1030282 1031010 5371023 250969 4630200 4630386 5371023 1030857 4880973 1031002 1030292 1030638 1030857 1030292 1030282 7310829 7310700 1030200 1030282 1030857 1030829 1030282 1030292 7310646 3730974 1030993 1030292 5371023 1030282 1030282 1030857 1030282 1030292 1030292 1031002 4630200 1030638 1030282 1031002 1760973 250200
9350961 8190969 4040200 3470043 8710864 9710752 3700422 8710872 8190880 9710519 910741 910741 9710969 9710987 3700414 3950888 3950888 9711002 3470961 9710782 9710772 3950960 5230969 8710770 9710969 9710739 8710414 9710496 4720888 3471007 9710743 3230205 3700961 3230812 8710969 3700752 9710205 3930560 3230872 7790200 2760752 7790770
null
9711007 9710752 8710752 2761007 9710969
6760942 4911023 7790937 6760646 3930796 3700741 9710205 3700205
null
8190913
3230371 9710729 3230519 730580 3930364 8710767 5230969 9710071 8710752 4720743 4720964 9710580 3471007 8710646 5370841 8190071 8190896 8190969 9710767 8190752
3950888 3390071 4630913 5370519 8190519 8710770 8710580 8710580 7310419 1030282 4630282 4630829 6350404 9350942 9350942 5370519 9350519 3730229
250200 1030984 4630200 3731023 4630200 4630200 1030928 3731023 3950896 8190913 250200 4630200 3390043 7310891 1030282 5370974 9350601 4630937 3730765 3731002 6350857 8190752 3731002 5370960 6350601 8190942 8870942 6760481 230504 3700796 3230770 8710752 9040857 9710729 2760580 2760687 910857 3250857 3730564 3731007 8190942 8190942 9710987 8710770
3730241 1030282 4720961 9350937 2760928 3470961 5370752 3390071 730928 730960 8791023 7311002 7790937 9350993 6770857 7790519 9350519 730857 9350928 8191023 250200 250200 9350928 2760928 8790891 3731002 3730519 5370841 7770857 6350601 7980973 7310161 7310419 5370930 7310177 5370404 1760973 3731023 3730928 7310161 5370200 6760177 4880973 6770857 1030928 1030993 1030638 6350857 5370841 1030282 1760973 4630580 8190177 8190519 3730646
3470961 5230872 9710888 8190942 8190920 9710864 8190969 7530857 2760770 3700205 5230969 9710864 2760888 3470782 9350741 8190560 3700422 8710414 8190880 3700743 8710770 730743 9710752 2760960 2760071 7790043 8190652 4630071 4630071 3950960 9710960
2760743 2760770 2760960 2760741 8710770 2080770 2760580 3700770 9710752 9710923 9710987 3700414 730888 2760114 6660560 6660560 9710205 3470772 230504 9710960 3700743 3930364
5110635 7310471 7310471 7310471 7310471 7310652 7310652 7310652 7310652 7310471 7310652 7310471 7310471 7310471 7310635 7310471 7310471 7310635 7310635 7310471 7310635 7310635 7310635 7310652 7310471 7310652 7310652 7310829 7310652 7310652 7310652 7310652 7310471 10140652 7310652 7310471 7310471 7310471 7310471 7310471 10140652 5590652 7310652 10140652 7310471 7310471 7310471 7310635 7310471 7310471 7310471 7310471 7310471 7310471 7310471 7310471 6270652 7310471 7310471 7310635 7310471 7310471 7310471 7310471 7310471 7310471 7310471 7310471 7310430 7310266 7310877 7310471 7310471 7310471 7310471 7310652 7310471 7310471 7310471 10140652 7310471 7310471 7310471 7310471 7310471 7310471 7310471 7310471 7310471 7310471 7310471 7310635 7310471 7310471 7310471 7310471 7310471 10140652 7310371 6270652 7310635 7310471 7310471 7310471 7310471 6270652 6270652 6270652 7310430 10140652 10140652 7310471 7310471 7310471 7310471 7310635 7310471 7310471 7310471 7310471 7310471 10140652 7310471 7310471 7310471 7310471 7310471 7310471 7310471 10140652 7310471 7310669 7310471 7310471 10140652 10140652 7310471 10140652 7310430 10140652 7310471 7310471 7310471 7310471 7310471 7310471 7310471 7310471 10140652 7310471 7310471 7310471 9350371 7310471 7310471 7310471 7310471 7310471 7310471 9350601 6350404 9350371 7310266 7310652 7310652 7310471 10140652 7310652 7310652 3730877 3730114 7310601 3730993 10140652 7310652 8190652 7310471 7310652 3730371 3730371 3730993 10140652 10140652 7310635 7310635 7310652 7310652 7310635 7310635 7310635 7310471 7310471 7310471 7310635 7310471 7310471 7310635 7310635 7310635 7310635 7310635 7310471 7310635 7310635 7310635 7310635 7310471 3730371 7310652 7310652 7310652 7310652 7310652 7310635 7310635 7310635 7310635 7310635 7310635 7310635 7310635 7310471 6270635 7310471 7310471 7310635 7310635 7310635 7310635 7310635 7310635 7310635 7310635 7310652 7310635 7310635 7310635 7310635 7310635 7310635 7310635 7310635 7310635 7310635 7310635 7310471 7310652 7310652 7310471 7310652 3680652 7310652 7310471 7310652 7310652 7310652 7310635 7310635 7310635 7310635 7310635 7310635 7310652 7310471 7310635 7310471 7310471 7310471 7310635 7310635 7310471 7310471 7310635 7310635 7310635 7310471 7310635 7310635 3730829 7310652 7310652 7310471 7310652
4990857 7310266 6270652 7310266 6270652 5110471 7310371 5110471 5110471 5110471 6270652 5110045 5110812 5110006 7310571 6270652 7310471 5110471 7310571 7310419 5110045 5110006 7310471 5110471 5110471 6270652 6270652 5110471 7310471 5110471 5110471 6270652 6270652 6270652 7310371 5110471 5110471 5110006 6270652 6270652 5110471 5110471 6270652 5110471 6270652 5110045 6270652 5110812 6270652 6270652 5110045 6270652 6270652 5110045 5590652 7310471 6270652 5110004 5110006 5110471 5110006 5110045 5590652 7310371 5110045 5110471 6270652 6270652 6270652 7310371 6270652 5110045 6270652 5110350 5590652 5110045 5110045 5110045 5110004 5110350 7310371 5110006 5110006 5110350 5110045 7310829 5110560 7310371 5110560 5110045 7310200 7310371 5590652 7310471 7310471 5110006 1940652 7310371 5110471 6270635 6270652 7310371 7310829 7310471 6270635 5110471 5110471 7310571 5110471 5110652 5110006 5110471 5110471 5110471 5110471 5110471 5110471 5110471 7310471 5110471 5110471 5110471 7310652 5110471 5110471 5110471 1940652 5110471 5110471 7310652 5110471 7310471 5110471 1940652 5110471
5110004 5110006 5110812 5110560 5110350 6270652 7310419 7310652 1940652 7310419 5110004 5110004 6270652 7310571 7310571 6270652 7310200 7310652 5110471 5110471 5110471 7310266 7310419 5110471 5110471 1940652 5110471 6270652 5110350 5110560 5110004 5110812 5110560 5110549 7310200 5110004 7310419 5110004 7310200 5110350 5110004 5110812 5110006 7310419 5110652 5110004 5110560 5110471 5110045 5110471 5110004 5110652 6270652 5110652 5110045 5110045 5110549 5110652 1940652 5110652 5110549 5110560 5110560 5110560 5110006 5110004 5110471 7310829 5110471 7310419 7310652 7310829 5110812 5110471 5110045 5110812 5110350 5110045 5590652 1940652 7310471 7310266 5110471 7310471 5110471 6270652 7310371 7310571 7310266 7310471 5110471 7310371
7310471 7310471 7310471 7310471 7310471 7310471 7310471 7310471 7310471 7310471 7310471 7310471 7310471 7310471 7310471 7310471 7310471 7310471 7310471 7310471 7310471 7310471 7310471 7310471 7310471 7310471 7310471 7310652 7310471 7310471 7310471 7310471 7310471 7310471 7310471 7310471 7310471 7310471 7310471 7310471 6270652 7310471 7310471 7310471 7310471 7310471 7310471 7310471 7310471 6270652 6270652 7310471 7310471 7310471 7310471 7310471 7310471 7310471 7310471 7310471 7310471 7310471 7310471 7310471 7310471 6270652 7310471 7310471 7310471 7310471 6270652 7310471 7310471 7310471 7310471 7310471 6270652 7310471 7310471 7310471 7310471 10140652 7310471 7310471 7310471 7310471 7310471 7310471 7310471 7310471 7310471 7310471 7310471 7310471 7310471 7310471 7310471 7310471 6270652 7310471 7310471 7310471 7310471 7310471 7310471 7310471 7310471 7310471 7310471 7310471 7310471 7310471 7310471 7310471 7310471 7310471 7310471 7310471 7310471 7310471 7310471 7310471 7310471 7310471 7310471 7310471 7310471 7310471 7310471 7310877 6270652 7310471 7310471 7310471 7310877 7310471 7310471 7310471 7310471 7310471 7310471 7310471 7310471 7310471 7310471 7310471 7310471 7310471 7310471 7310471 7310471 6270652 7310471 7310471 7310471 7310471 7310471 7310471 7310471 7310471 10140652 7310471 7310471 7310471 7310471 7310471 7310471 7310471 7310471 7310471 4990857 7310829 10140652 7310829 7310471 7310371 7310363 7310829 7310829 7310371 10140652 4990857 7310419 7310471 7310877 7310471 10140652 7310877 4990857 6270652 7310700 7310371 7310471 6270652 7310571 10140652 7310471 7310471 7310471 7310471 6270635 7310471 7310471 7310471 7310471 7310471 7310471 7310471 7310471 7310471 7310471 7310471 7310471 7310471 7310471 7310471 7310471 7310471 7310471 7310471 7310471 7310471 10140652 6270652 7310471 7310471 7310471 7310471 7310471 7310471 6270652 7310471 7310471 7310471 7310471 7310471 7310471 7310471 7310471 7310471 7310471 7310471 7310471 6270652 7310471 7310471 7310471 7310266 7310371 7310571 7310471 7310471 7310471 7310471 7310471 7310471 7310471 7310471 7310471 7310471 7310471 7310471 7310471 7310471 7310471 7310471 7310471 7310471 7310471 7310471 7310471 7310471 7310471 7310471 7310471 7310471 6270652 7310471 7310471 7310471 6270652 7310471 7310471 7310471 7310471 7310471 7310471 7310471 7310471 7310471 7310471 7310471 7310471 6270652 7310471 7310471 6270652 7310471 7310471 7310471 7310471 7310471 7310363 7310371 7310765 7310266 7310471 7310419 7310371 7310601 7310266 7310652 7310471 7310652 7310471 7310471 7310471 7310471 7310471 7310371 7310560 7310371 7310471 6270652 7310471 7310471 7310371 7310471 7310266 7310371 7310471 7310471 7310471 7310471 7310471 7310471 7310652 7310471 7310471 5590652 7310471 7310471 7310471 7310404 3680652 3680652 5590652 7310471 7310471 7310471 7310471 6270635 7310471 6270652 7310571 7310652 7310652 3680652 7310471 5590652 7310471 7310471 7310471 7310266 5590652 3680652 7310471 6270652 7310371 7310471 7310471 7310371 7310652 3680652 7310877 7310419 7310371 10140652 7310371 6270652 6270652 7310371 6270652 7310419 7310371 5590652 7310877 6270652 7310371 7310829 7310371 7310419 6270652 6270652 6270652 7310371 7310371 6270652 6270652 6270652 7310266 6270652 7310371 7310829 7310371 6270652 6270652 7310371
3390071 7090973 8190872 9040857 9040857 8190872 8190880 7790857 7790857 8190772 7790937 2760043 8191023 8190857 8190857 8190857 8190880 8190560 8190422 8190870 8190646 8190770 8190422 7790857 7790857 8190519 7790857 7790857 8190857 8190913 8190857 4630424 8190857 8190857 9710930 8190857 3470857 8710857 9350741 9710414 9350743 4630930 3730071 2760960 8710864 2760743 9710071 8711023 8710857 9350770 8870888 9350937 8190964 9710920 8190964 8190857 8190857 3730888 9710923 8710767 8711023 9350770 5230857 9710857 3470857 8190857 3730004 3730004 8190857 3730004 5370043 230767 7980973 8190752 5370960 5370888 8190870 7790857 5370071 5370770 5370752 8710857 9710285 730857 9350741 730857 8190071 5370741 8191002 7790857 8190872 5370741 8190741 3470857 8190770 8710743 8190071 8190071 8190920 8190964 230767 8710930 230767 8710466 8710864 8710857 8710857 3230770 8190741 9710857 8190857 3730770 8710857 7790770 8190770 2760767 730969 730857 9710414 910857 730205 8190969 8190580 9710752 8190930 3730004 8190930 8190894 3730770 1760973 3730004 8190857 8190646 8190857 8190770 2760071 8710857 9710752 8190752 8710767 8710857 8190752 8190872 9350770 5230872 9710741 9350160 9710212 9350560 9350741 910857 730741 730964 8710857 8190741 5230857 8190741 9710857 8190071 8190772 8190896 8190812 9710857 3470857 8190896 8190770 3730741 8190422 5230930 9350888 8710857 9350888 8710930 9350880 8190770 8190752 8190857 8190857 4630424 8190857 8190857 8190857 8190371 8190741 9710857 8190770 9040870 3730969 8190857 3731002 3730004 3730004 9350422 8190422 7090973 8190857 8190006 8190560 5370930 5370752 8190857 8190646 8190646 8190646 8191023 8190870 8190857 4630937 8190857 8190870 7090973 8190646 4630937 8190857 8190857 8190519 5370960 7980973 9350961 10110857 4990857 7980973 9350930 10110857 3731002 9350752 8190772 7980973 3731002 8190857 8190870 8190519 8190519 8190857 8190857 8190913 8190872 8190872 8191023 7090973 8190646 4630937 8190857 8190857 8190913 1030638 3731002 7090973 7090973 4630913 4630937 4630913 4630937 7090973 4630937 4630424 1031010 4720857 5370519 7790857 8190857 9350924 8190071 9350772 3230772 5370071
7790937 7790043 5370043 7790937 3700857 5230872 4040200 7790200 9710772 2760741 3700205 8870560 8870969 730969 3930205 3700969 8870969 8870043 730928 2760928 250969 7790870 2760646 8190519 6660212 9350930 730743 730796 730964 730580 8870580 7790043 7790043 7790937 2760928 2760928 7790870 2760646 8870560 2760969 7790857 3250857 3470772 9710519 4720743 8870880 730857 7790200 8870424 730857 3230422 8870888 730880 8870043 8870580 7790896 8870870 9711002 8870422 3700519 7790924 8870580 4720580 9040580 3470961 3470961 3470872 5230646 910371 8870880 9710864 3230812 9710969 910371 2760580 230872 3230422 3230205 730519 3230796 2760422 6660880 730422 2760422 2760646 7790424 7790424 7790200 730371 730928 2760961 2761002 730857 5370841 730560 730924 730928 730888 730928 6660043 6660043 730200 730928 6660422 730200 6660580 6660857 730857 730422 6660857 730200 6660580 730560 8870580 3230371 8870580 730200 730857 8870043 730812 7790371 2760516 2760043 730928 2760960 2760960 9350770 8190770 3730770 1760973 8190580 8190580 8190700 9040580 8190580 3471023 730772 730580 730043 230006 730812 7790371 7790894 8870772 8870580 7790937 7790937 2760928 9710741 8710864 7090973 8190961 8190560 4720363 8190652 7090973 7090973 4630930 5370964 2761007 3230414 3230414 9710743 9711007 9710006 4720043 8870580 7790969 8870969 730964 8190687 8190896 8190896 4720371 3230519 8710864 3230812 2760961 3730924 3730646 3731010 4631010 3731010 4630857 4630857 8190857
730812 3230371 3230371 9710285 730071 9710969 910371 4720969 4720969 911007 730043 730043 230924 230006 730880 7790371 7790857 7790937 7790937 7790937 8870043 7790937 8870043 7790969 7790857 7790857 8870043 7790937 7790741 5231023 2760924 7790937 7790741 7790371 230872 7790371 2760371 8190857 7090973 7090973 7090973 7090973 7090973 7090973 7090973 7090973 7090973 7090973 4630638 7090857 7090973 7090973 8190857 7090857 7090973 7090973 3250857 730560 730560 730888 730812 730812 8870888 8870743 2760071 230920 2760071 730580 730924 9711002 7790519 7790741 730646 730043 730043 730924 730043 2760924 2760894 2760741 2760752 7790894 2760371 7790857 7090973 7090973 7790752 2760414 7790870 2760767 7790937 2761007 2760560 2760422 2760114 7790894 2760924 2760896 2760043 7790043 2760043 7790896 4630371 7090973 4630638 3730646 4630913 4630937 4720043 3470043 4720741 2760772 2760741 2760772 2760371 2760894 2760741 7790894 8190801 3730004 8190857 3730004 3730004 4630638 7090857 7090857 4630857 7090857 3230560 2760896 8190772 3730043 3730004 8190857 3230212 730857 3230880 3230212 730560 730741 5230646 4720371 3930422 9710729 9710864 730880 2760043 2760043 2760043 2760741 7790888 2760770 7790741 7790894 7790043 2760043 2760888 2760043 7790770 7090973 7090973 7090973 7090857 7090973 7090857 7090973 3730004 7090857 4630424 7090973 4630638 7090973 8190857 7090973 3730004 3730004 8190560 8190857 8190160 8190896 2760580 730894 2760924 730964 730870 730964 9350894 730741 730519 6660043 6660857 6660857 6660880 730519 730519 4990857 730928 730857 730580 730928 730928 9350993 6660580 730969 8870424 730560 730857 8870580 730741 2760928 8870043 7790371 7790371 8190646 3250857 5370404 3730519 7790937 4630043 250200 251002 3230422 6660996 9350741
8190071 8190741 5370770 5370071 5370071 7790857 8190857 8190930 8190857 8190930 8190519 8190772 230872 5230930 3230205 9350888 9350772 9350160 8191002 8190772 8190857 8190580 8190857 8190071 8190519 8190857 8190942 8190857 9350601 9350894 3700857 9710857 3250857 8190687 8190894 8191002 8190930 8190857 9350888 9350422 9350894 8190857 8190930 8190857 8190857 8190857 7980973 3730646 3730043 8190930 730743 9350888 5370752 8190770 8190930 5370071 9350888 8190519 7980973 8190896 8190969 8190857 3730004 3730519 3731002 3730386 7980973 3730770 3730004 3731002 3730969 8190964 4630930 8190913 8190857 4630580 8190519 4630913 7790857 8190857 8191002 5370160 8190930 8190857 9350930 5370160 5370071 5370741 9350772 8190961 5370741 8190772 7980973 5370772 230857 5370930 230857 730857 730857 5370829 8190772 5370071 730857 5370772 8190772 8190930 5370071 8190857 8190772 1760973 1760973 1760973 1760973 8191023 8190857 8190857 8190913 7790857 7790857 8190857 8190770 8190930 8190770 8190071 8190857 8190942 9710930 8190770 3950888 8710930 9710857 8190857 8710857 9710857 3700857 3730924 8190930 9710930 8190371 8190857 8190857 5370519 8190646 8190071 9350770 5370519 8190770 8190942 8190160 3470857 8710857 5230930 5230857 7980973 8190857 8191007 8190857 5370160 8190646 4720857 7530857 8190646 9350942 8710857 9350888 8190687 8190404 8190812 7090973 8190371 7790857 8190969 3950888 7790857 7790857 8190646 8190371 9040857 7790857 8190857 7790857 8190913 9350924 9710930 8190942 8190580 8190770 8190741 8190913 8190519 9710930 8710930 8190770 8190752 9710752 3470857 8710770 8190770 7790857 9710496 8190770 8190857 8190896 8190894 8711023 3470857 8190964 8190894 9710752 8190770 3250857 8190752 3470857 8190770 7790896 8190964 8190913 8190964 8190770 8190896 8190770 9710857 8190071 8190752 8190770 8190752 5370160 9350770 9350770 3700857 3700770 2080770 3700964 9710729 3700964 9710857 9710857 3700888 3700743 3700752 3700743 3700960 3700857 9350770 9350964 3730043 9350770 8710414 8710857 8710857 8711023 9710414 9710414 9710414 9710864 8710864 9710857 9710864 2760741 8190872 2760872 8190872 2760872 2760872 2760371 230872 2760371 230006 2760687 230006 2760006 2760580 2760580 2760114 2760580 2760114 2760580 730580 2760752 8190580 8190752 730580 3470580 2760043 2760043 2760580 2760964 2760888 5370770 2760770 7790741 3230741 9350371
9710371 9710880 3470422 3471007 3730602 3730602 3731002 5370930 8190857 8190961 9710414 9710752 10110857 730772 730772 8710930 730741 5230422 3930212 6660212 9710006 8190741 230741 230414 2760580 2760743 230872 5370743 2760743 730857 9350371 230857 230857 5230930 3230422 730812 9710371 9710880 8190812 3930371 730043 230857 230857 230857 730857 730580 730857 730043 730857 730043 730880 7790043 7790770 7790519 7790888 8870580 7790371 7790937 3700772 8870924 3930796 6660880 8190969 8190857 4630371 5231023 9350924 5230857 3700857 8710752 9710071 8710969 8710519 9710969 9710864 910371 9350560 910857 730857 2760422 3730580 8190371 8190700 7530857 8870422 2760872 730857 5370071 8711023 3231023 730969 7790371 730857 9710930 7790857 9710741 8710743 9710857 9710857 8190894 9710857 9040857 3470857 7790857 8710752 3470422 2760770 230924 2760414 3730770 8710466 9710969 9350560 730752 9710930 8190752 8710752 8710857 3471007 2080770 5370043 230350 2760872 8190872 3470772 2760006 7790857 7790200 5370741 8190741 8190772 8190772 8191002 8191002 8191002 8190969 8190969 7790857 7790937 8710752 8710864 8190071 9350371 2760894 5370888 8190872 5370741 8710864 3930857 9710752 4040200 2760924 5230930 3730004 5370741 7790857 3700422 3700205 8190896 8190652 9711007 8710414 8710969 8711002 230857 230414 730422 5231023 7790857 2760770 2760896
8711023 520857 5370741 9710414 9710752 3930212 9710371 4720043 730043 5370772 5370841 5370519 5371023 9040857 7790937 7090973 7090973 8190872 9040857 9040857 8190857 8190857 8710857 9710782 3730770 3730071 8190857 8190071 8190857 8190857 8710422 9350928 3700200 8710422 8190857 8190880 8190770 8190752 8190894 8190894 7790770 8190770 8190770 3730646 4630857 4630857 4630937 3730646 4630638 8190857 8190752 8190770 8190770 8710767 9710857 3470857 9710920 7790857 8190964 7790888 3950888 9350937 3700200 4720857 3700857 9710071 9710857 3700519 8191002 8190646 8190894 8190687 8190560 9040857 8190646 7790857 8190913 8190519 8190071 5370964 8190942 8190964 7790857 3700964 8190646 7790857 9710888 3700580 3470422 3730004 3730580 4630071 8190857 8190580 8190913 8190857 2760516 8190772 2760809 9710960 9711007 8870770 7790741 9710743 8711002 9710857 8190770 8190071 8190519 8190752 9710772 8711023 8190920 8190071 8190770 8190752 8710857 8190770 9350752 8190752 8190857 8190752 730857 6770857 9350930 9350770 3230996 8190772 8190857 8190857 7530857 9710071 3470857 8190857 8190857 3730071 3731010 3730004 3730071 8190857 3730993 9710930 9710857 3730888 9040870 3471023 9040857 3470857 8190894 8190857 9350743 9710930 8190964 8870743 8190870 9040870 8870870 8190870 8190870 3730928 9350870 9350870 8190930 3731002 3731002 8190857 3731002 9710857 9350894 9710857 8190371 8191002 8190872 8190880 8190646 8190894 8191007 8190519 4720200 8191007 8190857 8190857 8190857 8190857 8190857 8190857 8190857 8190160 8190160 8190857 8190770 5370043 9350928 3700741 7530857 8870424 7790969 7790200 7790969 8870424 7790857 7790857 5370160 8190772 8190857 910857 8190857 8190913 7980973 9350930 5370960 8870770 8870424 8870770 8190857 8190770 8190913 5370752 5370752 8191002 8190770 3730993 8190857 8190752 7790770 8190770 5370752 5370752 8190930 8190857 8190770 7311002 7980973 6770857 8190752 5370752 5370752 5370960 3730772 3730772 7980973 3731002 6350857 5370770 8190894 8190964 7530857 3470857 8190964 9040857 3731002 5370770 9350937 3731002 8190930 7790857 9040857 7790857 8191007 3731002 5230930 3730371 7310371 3730519 3731002 3730580 5370960 8190857
3930772 9710987 3230414 8710772 910772 910772 3230772 9710864 9710772 9710350 3930772 9710969 910772 8870560 910772 9040772 910772 9040772 4720363 3700770 9711002 3700422 3700752 4040200 9711002 3700200 730924 9710006 9711002 7790371 8870770 8870580 8870580 5370960 9350930 730857 7311002 730930 9350687 7790200 2760350 6660930 5230930 5230857 4720752 9350752 4720857 9350924 8190752 9350888 8870770 7790752 3950960 9710414 8190913 8190752 3730004 3730646 8190687 3730004 3730519 8190857 8190770 8190857 8190752 8190580 8190857 4630580 4630930 8190857 4630371 7980973 5370752 5370960 730857 730006 730857 730857 3230812 2760580 730770 730422 6660422 8190857 6760857 7310560 3730743 7980973 7980973 5370930 7980973 7980973 3730004 3731002 7980973 8190930 230857 2760930 9350519 8190580 9350752 2760687 7980973 7980973 5371023 3731002 7980973 1760973 7980973 9350519 3731002 9350930 10110857 7310371 7980973 6770857 5370741 5370960 9350930 9350888 3730743 5370071 3731002 5370743 2760772 2760928 2760772 8190560 1760973 3731002 3731002 7980973 3730969 7980973 7311002 3730004 8190930 3730004 8190930 3730004 8190857 5370888 9350964 730857 730857 5370930 7980973 9350930 8190580 2760752 9350930 3730519 3730741 8190741 8190930 9350942 3731002 3730924 8190930 6760942 8190752 4720857 9710930 8190770 5370960 8190801 8190519 8190519 8191023 6760942 9710923 9710519 1030638 2370973 8190770 7790857 3470930 8190857 8190752 730857 6660857 730857 9350888 5370960 5370752
3700770 9040857 8190160 8190857 520857 3700857 520857 3700857 520857 520857 520857 520857 8870770 8870770 9040772 910772 3700770 3700770 9710772 9710752 9710729 8870770 3700772 9710729 3700969 9040772 910772 7790371 9040772 7790969 7790752 7790969 7790770 7790741 7790741 9040772 7790371 7790371 7790371 7790371 3470772 9040772 8870770 7790371 3730371 3730646 8190857 8870770 2760743 8710743 2760743 2760743 8870770 8711023 9710414 3731023 3730646 9710930 3730043 8710930 2760743 8710930 3470930 3470782 7790770 9710071 3470872 9710920 7790924 3230646 730371 730071 730205 8870580 8870580 7790371 7790937 9040580 8190961 3730993 9710857 9040857 9710205 7790857 8190857 2080770 9710782 9710920 9710920 3470772 3930371 3930371 9350743 8190560 3730371 3730560 8190857 3470930 7090857 8190371 8190772 7790857 2760894 3470772 8190896 8190894 3730241 8190770 8190894 7090973 8190857 3700200 8710743 9710743 8710770 8710767 730071 3930772 5230646 9710743 9040580 5230646 8710414 3930371 9350371 8190857 2760743 2760754 8190964 2760646 2760350 9710987 2760043 7790888 730928 730928 3230969 3730743 3730928 3730928 8190652 8190857 3470930 8190580 8190580 9710857 9710857 8190580 3700857 3700770 9710414 9710496 8190519 9350519 730857 3230924 9711007 9350743 8190964 9710043 230809 6660043 9350371 6660880 3230371 2760371 730006 730043 9710043 7790964 730006 9710371 8190580 3730646 3730928 8190857 8190857 8190964 8190857 3700770 9710414 3470857 2760894 2760894 2760924 230767 6660422 3700205 3230772 730752 8710772 9040857 8190969 3470857 9710741
8190857 5370964 5370930 5370888 2760888 7790888 8190580 8190964 730743 7790857 8190964 9710414 2760371 7310560 7980973 7980973 7980973 7980973 3731002 230872 9350772 8190560 7790770 8710752 3230770 3230812 3230414 9711007 4720857 9710767 3470857 8190741 8191002 3700969 9350160 9710752 9710496 8710752 3700960 3700964 9710739 7790969 8870888 8190772 5230857 3230414 4720857 8190646 8190857 8190964 8190770 8190857 8190961 3731002 9350560 8710422 9710496 8190560 8190371 8190741 9710496 8190770 3470930 8190964 8190857 8190752 8190961 2760964 230872 3230371 731007 3230772 230414 5370741 2760960 730888 2760743 9710743 8191007 3950896 7090973 8190646 3950896 3390071 3950888 3950888 7790857 7790752 7790857 5370743 3230812 9350888 5370752 9350752 730043 730043 9350930 8190580 230857 2760371 2760043 7790894 8190770 3390043 8190646 8190646 4720964 8190741 3471023 8190913 8190770 9350741 9710930 2760071 6660560 8711002 730560 8870043 730071 8870580 230504 730205 3230519 730006 9710782 2760770 730560 230006 230504 8710466 7790752 3470987 8710752 9710888 9710864 8710770 9710752 2080770 2080770 8710422 3700205 8190770 8190371 9040857 8190646 2760205 2760754 2760205 2760969 2760928 2760071 2760964 2760964 730857 730519 5370743 8190160 8190519 8190160 3730004 3730519 9350519 2760770 230767 2760516 2760741 2760960 2760646 7790888 7791007 3950888 7790519 2760422 2760754 2760754 2760754 2760754 2760754 7790519 7790519 7790519 7790519 3390580 3950888 4630937 8190857 3230741 3230212 910200 3930796 9350880 7790200 230496 8870580 230767 3700580 4630638 8190857 8190857 7090973 7790857 8190071 9710752 7790964 7790857 7790937 3950896 3950888 3390071 3950888 3950888 3950888 7790857 7790857 7790857
7790857 7790741 8190741 8550519 8190801 4630930 8190930 7790857 9710741 8710770 9710729 8190422 3230924 3700200 8191007 8191010 9710743 8190969 8190519 3700200 9710496 8870924 4720857 3701007 4720857 9710782 3470580 8710466 3731010 3731010 3730004 3731010 9350930 730857 8190772 9350964 8190772 2760770 2760767 7790371 7790752 7790894 7090973 9350160 9710422 3700857 9710996 9710414 9710414 9710422 3700924 8870888 3700772 3470987 3700770 7790969 8870969 910646 8870969 3390043 6660930 9350880 730857 730857 8870422 3700043 8870580 9040580 9040857 3470772 3471023 3730004 4630638 3730004 3730004 8190646 7090973 230350 3730004
3390580 3390580 8870580 730200 730519 6660930 9710930 8710767 8710930 2760767 9350924 9710920 7790200 7790772 730772 3730602 1030857 4630200 3730200 4630200 3731023 3730386 1760973 8870888 3470043 3470782 9710920 2760071 730519 730071 9710519 9710772 2760770 7980973 2370973 2370973 2370973 3730602 3730386 3731023 3730386 7980973 8190770 3731007 8190857 8191007 7790857 8190896 2760896 7790896 7790894 7790964 7790894 7790964 7790894 8190770 7790770 3471023 3470857 7790964 3950896 7790894 7790964 7790937 7790424 2760043 7790896 2761002 2760770 2760752 7790770 2760888 8710743 2370973 2370973 2370973 1760973 3731007 9350928 9350888 3700752 8710770 3700752 2080770 9710996 3470422 910200 2370973 9350770 9350687 2370973 3730386 2370973 8190071 8190857 3950888 7790937 7790894 7790752 2760646 2760071 3470422 9040772 5370160 7790857 8710422 8710770 3700071 9710205 8710969 7790896 7790770 3930796 9350964 9711002 3930371 3930772 730924 730969 730743 730743 8870422 8190752 9710071 7790770 9710772 7790752 8190770 8190857 3730519 5370772 730741 7790770 4880973 1030857 3730519 3730519 5370930 1030292 2760071 8870969 7790888 730071 5370741 730857 8710864 8710864 3230770 2760752 9711002 3230772 3230772 2760872 8870772 730743 730071 8870888 3470043 730857 4720200 7790888 7790961 7791007 3470961 8710772 730857 730969 7980973 3730004 3731002 7980973 8190969 6760973 9710920 8710772 9710920 8710752 9710071 3700960 3700888 3730602 3730519 3950888 230924 730422 230006 230496 2760894 8711002 9710964 2760894 8710422 8710743 2760969 730888
9040857 9040857 9040857 3470857 3950896 9040857 3700205 3700205 730928 3230969 3230996 8190857 3730004 8190857 7090857 3730004 8190857 8190857 8190857 8190560 7090857 7090973 7090973 8190160 9040857 9040857 9040857 2760043 7790371 2760580 7790371 7790937 8870580 5371007 2760687 2760205 730770 730812 2760414 5231023 9710739 2760560 3230924 9710729 9710996 1760973 7090973 8190880 8190646 2760646 8710864 2760350 1760973 8190741 9350888 9710422 9710996 5230872 9710371 3730872 3730371 5230857 5231023 4720857 8190913 7790857 8190812 9040857 8190896 9710960 9710205 9710496 3730004 3730004 3730004 8190857 8190580 9710371 9710580 9710205 9710006 8870942 2760414 2760741 8190857 8190371 8190741 9040857 9710350 9710496 3470285 2760741 8710752 8710646 4630937 4630371 8190857 4630913 8190857 8190519 8190646 9040857 7790857 7790770 9040772 7790741 7790752 9040772 7790741 7790937 7790888 8190942 8190896 8190687 8190371 8190687 8190404 9040857 730870 6660741 2760961 8711023 2760888 2760752 9710920 9710519 8190770 9350880 230350 8190880 6660212 6660560 230560 2760924 3730004 3730004 3731010 3730004 8190857 7090857 8190857 4630937 8190371 9711007 5230857 9710422 3701007 3701007 4720752 3701007 9040772 9350741 3230969 3230741 3700961 3700741 3700205 6660880 6660880 6660560 3930560 6660561 3700964 3700071 9040857 3470857 9040857 3470872 9710864 9710006 8190812 8190006 3950960
3700422 4720961 8870560 7790969 7790424 8870888 8870870 9040870 7790870 3950888 8870888 8870743 7790371 8190519 7790371 7790424 7790937 8870743 3950888 8870560 8190872 7790741 8190371 8710646 6660580 2760964 230872 2760770 9710519 8870743 3471023 3730743 3730741 3730924 8190857 3730741 3730646 3730646 3730646 3731002 4630638 8190652 4630282 4630937 8190652 8190652 4630580 8190652 8870924 8870424 8870743 8870743 8870560 3700043 2760960 6660996 6660422 6660422 730422 8870580 3470580 3700580 3700752 3700743 2760071 230496 2760516 6660560 2760560 2760006 2760516 8870205 9350560 8190646 9350964 3930371 9710205 9710920 8190200 8190857 8190752 8190969 7790937 730371 5230872 7790961 730857 730924 2760928 2760928 730928 730928 730857 2760961 6660741 9350741 730964 730894 731007 730880 730212 2760928 6660043 730646 730928 730857 730200 730200 6660996 730752 730857 9350937 730752 730928 730743 3230371 730371 5370752 730752 3230414 3230414 730741 730924 230741 6660741 2760205 2760872 8870924 2760006 8870560 7790424 8870770 3470580 8870888 3931023 3700743 3700770 3950960 9350888 9040580 7790937 8870888 8870888 9710923 8190930 8190770 4720741 2760741 730924 3230924 3700741 230414 2760880 7790870 2760767 8870043 730071 7790752 3230770 6660561 9710422 730043 3700580 3730993 3730043 3730646 3730043 3730928 3730993 8190857 8190857 8190857 5370752 8870969
6660930 2760752 2760006 9350924 2760741 230350 730580 730743 730580 2760580 5370519 250200 2760741 2760371 9710371 9710006 2760872 2760752 230504 230006 230920 730770 8710770 8870969 7790200 5370519 2760071 7790937 730422 7790741 3230560 9710414 2760924 9710923 8190741 8190741 9710414 2760770 9710205 9710864 9710741 5230646 9710371 8190741 9350519 230924 730729 3230371 730741 9710741 8190857 8190646 8190930 9350930 4720772 2761002 2760924 8710580 9710071 2760767 2760741 7980973 3731002 730043 3930519 730894 8190964 730880 730752 230350 230504 230924 730770 3730580 7770857 5370770 3730371 5370371 1760973 4990857 730961 8190752 7980973 6660043 9350964 730741 730928 730961 730519 730580 2760371 230872 730930 230350 230350 5370930 6770857 9350371 730371 8870580 4720200 7790424 7790870 8190930 730857 2761007 730646 2760872 730880 6660580 9350930 9350870 9350930 730930 730857 730928 730200 9350519 730560 6660741 730796 9350560 730928 730857 3700200 730560 3930205 730969 9350870 730969 9350937 2760516 2760205 230560 230350 2760350 2760924 2760741 730371 9350870 2760741 5370519 2760114 2760894 2760896 2760114 2760114 8870888 8870424 7790894 8870424 2760928 2760969 7790371 7790371 8190896 2760560 7790896 730924 8870743 7790770 3950888 7790888 7790770 3700741 3950888 7790937 730964 8870580 730924 7790888 9350741 3950896 7790752 9040857 7790857 8190071 7790937 8870770 2760770 7790870 5231023 2760964 8870424 2760896 8870043 8870580 8190580 6660880 9710212 3700743 8870560 730200 3230880 8870580 9350560 9350519 2760930 2760928 2760646 7790857 7790937
9350930 9350930 5370930 730930 2760930 9350930 9350993 6660930 5370043 6660043 5370930 6660930 5231023 9350741 730770 2760741 9350937 730729 9350924 730857 730857 730857 730894 9350519 730964 730422 730812 2760928 8190857 7980973 9350930 730857 9350880 2760928 730928 8870424 730880 730560 730880 8870424 730857 5370371 730857 730752 730928 8870888 2760928 9350752 7790770 2760928 2760371 9710371 251002 730043 730043 4720043 3230212 8870580 2760743 2760371 730371 5370519 2760371 730741 2760772 730772 2760772 8190857 3730772 730043 730043 730414 2760580 2760928 2760071 2760928 8190071 8710930 6660561 730870 731007 3230519 2761007 4040200 2761007 4720888 1760973 7090973 4631010 7090973 5370519 2760071 2760071 2760969 2760969 9350870 2760414 2760809 8710767 730729 9710864 8710864 7790741 230872 2760371 2760006 5370741 3470285 2760414 7090857 7090857 3730646 8190770 2760960 730770 2760422 2760969 8870580 8870424 8870580 8870043 730071 730200 730928 8870043 8870580 730200 6660996 730580 6660580 730928 730580 6660580 730741 730857 730857 730857 730580 730071 730960 6660857 730200 6660043 730857 730969 6660857 730928 730200 730200 730857 730857 6660043 730743 6660043 730200 730928 730928 730870 730580 730857 9350519 730928 9350937 6660857 730928 730857 7980973 7980973 4990857 9350930 730857 2760741 730930 730422 5370741 9350422 3230205 731023 5370930 9350930 730857 6660043 730422 730772 230872 230872 730857 2760580 2760580 6660560 2760205 5370974 6660560 5370741 8190519 3730004 3730004 8190930 8190741 730857 8190741 730200 9350937 730969 730812 730560 2760969 730560 730580 9040580 730560 2760422 6660996 910371 5230872 4040200 2760928 9350519 730928 7790200 730646 8870580 8870580 8870580 8870580 8870043 8870043 8870580 2760770 6660422 2760580 730870 730741 6660741 730870 730200 730857 6660930 730857 730043 730928 6660043 730200 730200 6660422 6660043 9350519 3731002 4990857 9350930 9350930 6660857 6660857 9350422 4990857 7980973 7980973 6660857 730857 4990857 9350930 9350519 5370743 9350894 9350964 9350937 9350930 9350743 9350964 9350888 2760928 9350924 9350371 9350964 7530857 9350928 2760928 9350560 2760928 9350519 2760928 9350993 8870743 2760928 8870043
4630930 4630930 8190880 8190560 8191023 3731002 7980973 5370930 3731002 8190857 5370772 2760930 5370930 2760741 8190519 8190772 9350937 8190930 8191002 8190772 2760930 2760043 2760752 8190930 2760930 2760930 2761002 2760930 9350870 730560 730729 730729 8870043 8190857 1760973 2760741 2760350 230741 2760924 9710923 3700519 9350930 5370752 8711023 2760928 5370841 8870888 8870743 7790937 7790969 7790937 7790937 7790937 7790969 7790371 8870560 8870424 3470930 6760973 730857 3730519 3730200 1760973 7980973 3730969 3730004 7980973 4630638 9350519 5370888 6660560 730071 3231023 9350937 3731002 3730004 8190857 8190857 8190857 3730772 5370071 2760888 9350888 5370888 5370772 9350560 2760894 2760580 2760964 2760006 8710519 9710371 6350857 6760857 3730004 3730004 3730004 3730004 3730004 8190857 8190857 3730004 3730004 3730004 8190930 8191002 730857 7790752 8870422 5370930 9710880 9350880 2760928 730964 5370930 9350752 730043 730960 730969 730930 3731002 3730004 3730004 3730004 8190857 8190930 8190857 9350160 910200 730646 730812 1760973 3731007 5370741 7790770 5370741 730812 9710422 3930519 6660212 6660561 2760043 3470772 3730004 1760973 3730004 3730004 8190857 7090973 1760973 1760973 4631010 7090973 7090973 8190772 2760964 2760964 2760896 2760350 2760924 2760646 2760646 6660212 9350743 3730241 7980973 8190894 9350752 8870969 9350752 9350371 9350752 9350743 9350930 9350770 5370371 9350741 6660857 9350770 9350741 9350964 8190422 8870424 8190913 6770857 9350930 7980973 9350687 9350942 9350964 5370772 2760743 9350519 2760964 730519 730964 6660043 2760964 2760743 9350894 8870743 8190964 2760743 2760896 3730004 3730004 3731010 3730004 8190857 1760973 8190857 8190894 2760894 2761007 5371007 4720043 4720043 7980973 3730888 3730004 3731007 5371007 5371007 5370043 5370043 5370043 8870043 8190913 8870043 3700969 9350930 730964 9350741 5370964 730200 730857 730857 730519 730043 730857 730043 730888 730888 2760743 230857 230857 730043 730043 730071 5370772 6770857 3731002 3730043 3730043 5370043 4630043 3730241 3730241 7310646 5370200 731023 730857 730857 2760928 730043 730043 730043 8870043 8870580 3700043 3700043 9710371 9710371 9710371 9710864 7790371 7790924 3470043 3931023 3930422 9710527 3700880 3700796 3700422 300422 8870560 3700212 2760930 2760754 2760928 730212 6660996 730743 8190894 3731023 3730004 3730371 7980973 3730928 3731002 9350964 6660857 6660880 9350964 6660422 730870 730772 730928 3230519 730857 730857 9350772 730928 730857 9350930 9350741 730200 730752 730928
8190652 7790937 7790857 7790961 7090973 7090973 4631010 7090973 4631010 7090973 4631010 4630371 3470285 2760770 3470857 9710043 3470857 730754 730580 730205 250969 8190969 8190560 8190857 7090857 7090973 6660741 5230969 2760350 2760350 5231023 9710371 9710371 3470872 9710864 8190519 7790519 730646 730928 730646 730371 730006 730371 730741 6660930 9350930 6660857 8190896 2760371 2760560 2760952 2760928 2760743 3470772 9710923 9710782 2760770 2760071 2760770 2080770 7790770 2760752 2760960 730414 6990200 9710414 2760952 2760741 230872 230504 2760414 2760924 230924 7790371 2760043 2760043 7790894 7790043 2760752 730770 730812 730924 5371007 9710857 730960 730071 9710782 8190930 3730646 8190857 8190920 2760741 730741 230496 230920 230496 230504 2760687 2760043 7790896 2760516 3470043 7790894 3470043 7790752 7790964 3390071 3730741 3230880 9710527 8190880 3700212 4990857 3700741 8870772 730519 731023 730857 730930 730212 730560 730560 4720772 4720741 731007 730200 731007 730200 730200 731007 730200 5370043 730857 5371007 7790424 7790424 3470043 8550857 3390071 3470872 2760872 9710043 8870580 730796 730880 3700043 730560 9040580 4720371 4720043 7790924 7790857 7790857 7790857 7790857 8190580 8190913 5230857 5231023 3470857
9040857 3700857 3700857 8870043 8870880 9710739 9710006 731023 6660560 6660857 6660741 2760741 7790937 730200 730930 730857 730930 730857 8870580 730857 8190160 8190857 7090973 4630638 7090973 7090973 4630638 7090973 7090857 7090973 7090973 7790870 7790519 7790519 2760741 2760924 730924 3230519 730519 6660422 2760964 230560 2760752 2760770 2760646 2760767 3470043 7790870 2760414 2761002 2760770 730371 3930796 230006 2760071 2760743 2761002 2760071 2760743 2760646 2760964 2760043 2760414 2760961 6660996 730414 2760741 2760350 6660996 2760770 2760580 9710422 7790937 730071 230006 2760371 5371007 2761007 7790924 3700519 730870 730870 6660422 2760371 2761002 2760646 2760560 7790937 4040200 8190964 8190896 4630043 730205 730205 730212 730414 730770 8190580 730857 730812 6660422 730200 730969 730043 730205 8870772 4720200 730741 730857 730888 730519 730888 730200 730743 2760743 730743 730200 7791007 7790969 3470043 8190894 5370888 3730646 3730646 3470857 9040857 8870969 730961 7790969 2760928 9350993 8870942 730729 730924 730857 7790043 2760924 3930519 9710205 9710519 9710767 8870888 7790857 9350937 8870424 7790371 8870969 730928 7790857 2760422 9350880 9350993 8870424
3700960 3730004 4630071 8190404 9711007 2750857 730580 2750857 9350770 8190371 8190560 8190371 9350888 5231023 3700752 7790969 7790424 8870043 8870770 9710580 3471007 3471007 7790894 2760752 730770 910857 9350743 8190646 9350894 3700071 9710071 3930205 730371 9710496 730752 730960 3230996 911007 9711007 910857 8190812 8190896 3930857 3930422 730071 3730422 6660857 730960 4720043 2760872 3730872 3731010 8190371 4630004 7090973 6660422 3730371 3730004 9350894 3230770 3230646 3230646 9710519 7790371 2760888 9710964 730043 9710923 730741 3470580 8870043 8870880 7790424 8870043 5370519 5370519 5370841 6660930 5370930 7980973 7790857 7790857 8710646 3730741 3730371 3730371 3730371 8190741 5230857 5230930 9350741 3700414 3700960 8190770 3700770 9710752 2080770 730870 6660580 2760580 2760371 6990200 3731023 3731023 3731023
9710857 9710285 9350770 5230857 9710006 3470772 2080888 730580 9710782 3470285 7790937 9710043 7790741 7790961 9710743 8190896 8190772 730741 730414 8710930 230741 730924 9710741 730772 5370743 7530857 2760924 9350772 8870888 8870969 7790969 8711023 2760772 5370772 5370841 9350942 8711002 8870888 7790200 7790937 5370519 5370930 5370743 5370888 2760930 3470930 5370160 5370888 7790888 7790888 7790961 7790888 9040857 9710071 3700071 3390580 3470422 7790752 7790894 7790894 5370964 3950896 7790896 7790961 5370888 5370743 6660857 5231023 8190772 4990857 6660930 230924 730796 730743 730964 6660857 4990857 230857 9350930 9350930 4990857 9350930 6660857 9350519 730857 730888 9350519 9350888 8190519 2760687 7311002 7311002 6660857 5370266 730857 9350772 4720888 9350937 2760114 3950960 8190770 6660857 7530857 730857 9350930 730212 8190752 8190969 9350743 730857 6660857 730857 7310371 8190422 730857 3730580 5370200 9350519 5371007 3730580 730857 730857 730857 5370043 730580 730580 8870580 5370752 730580 4720371 8870580 7790741 7790937 3731023 3730519 3730969 8190969 8190969 5370043 5370043 5370930 5370930 8190930 5370772 7790857 7790857 7790857 3950888 4880973 1030638 3731002 9350930 2760930 7980973 5370930 5370371 8190741 5370371 7790964 3950896 7790857 3390580 3390043 1760973 1031010 1030993 4630043 5371023 4630580 1760973 5371023 7311002 7310371 7310560 7310646 9350870 9350772 9350928 9350928 8870424 7790937 7790200 6660561 6660561 2760880
5370160 7790857 7790937 7790969 3390580 7790857 8190646 7790857 7790857 9040857 9040857 3700857 9040580 9040857 4720857 4720857 8870580 7790857 3470857 8190404 2760960 2760770 2760752 730770 9350888 9350880 8190371 3700743 3700519 8190519 9040857 3950896 8190894 8190071 1030928 1030993 7310646 1030638 6660857 9350880 9710920 8190741 3731010 3730772 3731023 3730071 8190857 9350371 5230930 730371 3730200 3730200 3730969 7980973 8190969 8711023 730857 230857 2760114 5370772 2760928 9040772 730880 2760964 3730602 3731023 3730743 3730772 3730928 2760928 8710930 3730743 3730770 3730772 7311002 6660857 5370071 730888 2760969 2760772 2760888 3700071 9350772 3700519 9040772 2760928 2760772 9350772 9350160 8870772 8870772 730754 2760754 8870772 2760752 3700752 2760960 2760960 3700772 2760752 7311002 9350894 9350772 5370772 5370071 8870772 2760930 7980973 9350930 9350964 2760928 2760928 8870772 9710414 9350772 230809 730857 9710960 2760741 2760872 3700770 3700772 2760752 2760772 2760770 9040857 9710519 9710772 3470580 8711023 3700960 2760772 9350930 9350772 9350770 9350371 730752 8870043 230496 2760928 3700888 2760928 8870772 2760772 3700772 9710496 2760960 8870772 730928 3700964 9710772 3470580 3470772 730960 8870770 8870772 3700772 3470772 8870772 730928 730772 9350993 8870969 9350560 9350687 6660857 9350560 9350560 730857 4990857 9350741 730729 4990857 6660857 9350371 730371 9350371 6660857 9350752 9350894 6660741 7311002 7310560 7310560 6770857 4990857 6770857 6660857 9350741 5370770 4990857 9350741 730888 9350601 7980973 3730004 3730004 6350857 3730928 5370770 9350772 6660857 730857 3230422 3730602 3730602 3730602 3730004 8190752 7790964 8190930 9350687 730770 730924 2760964 2760580 8870888 9710930 8190580 8190894 230920 9350770 2760888 9350993 730894 3230872 8711023 730770 8870770 9350687 3731023 7980973 3730004 3730519 8190969 730969 8870969 8870969 8870772 730646 730969 9710527 9350422 9710205 3230996 8870424 3930880 8190857 3731002 8190580 9350937 2760741 8870424 8870580 5230872 3730872 8190857 5231023 730741 3730741 1030638 3730386 3730519 9350930 3730993 3470857 2760894 9350888 1760973 2760043 2760924 2760960 7790770 8710466 8870888 9350993 8190741 8190071 8190969 8190969 8190741 730857 730857 3230422 3230560 3230414 3230872 3230996
8870743 4720964 9040870 911007 3230741 730969 3230741 3700414 3470580 230920 2760580 2760071 8190071 2760071 2760741 2760371 4720371 5370770 3730646 4630371 4630424 8190071 8190071 910371 9710969 9710964 9710350 730205 5230969 9710371 9710969 7790519 7790519 2760743 230809 2760770 3230519 3230796 3230872 2761007 2760924 2760071 7790888 2760205 2760896 730743 730071 730371 8190752 3730004 8190857 9040857 5370043 7790964 3230371 730371 3230371 3230519 3230996 3230560 7790752 731007 9710205 7790371 9710969 9710969 9710350 7790937 7790371 7790770 7790741 7790752 7790519 250200 9710969 910741 3471007 4720741 3470285 7790969 7790969 7790969 7790969 7790969 9040580 3470580 4720752 9711002 4720043 9711002 4720371 7790741 9710772 3470043 4720043 730205 730812 730969 5370964 9710205 3470043 8870772 730924 730812 4720772 7790371 3471007 4720772 7790894 4720363 4720772 910772 3700772 3931023 8190964 8870205 3700857 3930205 730772 5230969 910772 910772 910371 910772 7790969 7790937 730964 7790857 3470772 3470043 3230996 730422 3230880 2760560 3230212 3230371 7090973 9040857 9710205 5230422 730880 3930212 3230422 3230772 3230772 3230772 3230880 9710888 9710414 9710071 9710880 3230414 9710964 230767 4720888 8710466 3471023 8711023 9710864 2760964 8190896 5370960 8190646 8190894 3700200 2760809 2760743 3470782 2760371 6660580 2760580 730580 6660561 6660422 2760371 3230422 6660560 7790888 3470580 3470580 7790888
3230969 730560 230560 230920 230872 2760888 8870743 2760928 2080770 4720888 4720741 3471007 3471007 4720200 5370964 5371007 9710422 8870969 2760741 2760770 9710923 3230422 730961 9350928 3700961 3230646 4720752 3230880 9710996 3230560 3230646 3930422 3730772 3730743 8190964 4720743 5230872 730741 730969 730560 6660422 730560 7790752 9711002 7790772 2760894 2760772 7790752 5370071 6660560 5370371 8710422 730752 9350924 730006 730924 3930857 730580 7790043 8870770 7790857 7790857 730888 2760043 730043 730960 730560 8870424 9350560 9350560 730812 730880 3930212 3700969 910371 8710872 7790770 8710772 3470772 4720741 4720964 9710969 8710414 9710743 9710743 8710743 3700743 3930880 4720969 3930422 3930371 3930519 3931023 3930519 5370043 8870772 9710580 230006 7790888 1030993 730560 730772 730894 5370371 3730743 5370071 3470580 9711007 2761007 2760767 3730974 9350741 3930205 730796 5370043 2760560 2760043 8190071 7790857 7790964 2080888 3730993 6660741 3930212 3700857 5370743 4720371 230872 230872 230872 730043 2760924 2760964 9710043 7790371 7790888 7790772 2760772 7790894 7790894 2760894 2760754 7790896 3470782 2080888 8870770 730770 730560 730580 3730580 3730580 8190580 8190857 7530857 5370741 7790857 6660043 730924 730924 3700772 7790772 3700580 730924 2760043 2760752 730772 2760752 230496 730043 730770 9350928 3700752 8870770 8870969 4720363 8710772 8710772 6770857 2760770 3471023 9710496 3470580
8190160 9040857 5230646 3700772 7790371 9710864 6660212 2760960 2760741 2760560 2760071 2760006 7790870 7790937 3950896 9040772 3470422 3700888 730894 730646 730928 730964 8711002 8870043 3700043 3700422 9710414 9710414 7790937 3700519 730580 730580 730960 8870969 3230924 3230924 8870205 730006 7790371 730888 3931023 3930560 730741 730924 7790371 4040200 3700205 730960 8870870 2760767 8870770 9710752 8710772 8870772 9710772 8711023 8190071 3250857 8870043 3230770 730752 8870043 230920 7790969 7090973 8190857 9710414 2760960 730743 3700796 9040857 7790857 5370043 7790200 8870772 7790894 7790896 8870580 9710580 7090973 3700796 9040857 8870743 3700772 3700043 9710920 7790964 2760071 7790964 9710071 9710071 4720371 4720741 3700741 5230872 3230371 6660422 9710422 9710527 9040580 9040580 5370930 6770857 5370519 5370772 2760422 2760888 2760964 2760964 7790894 7790772 7790896 7790969 7790894 3700888 3700743 3930422 3700770 9040580 3700205 9040772 3700580 730743 730964 730969 7790964 8711002 7790969 8870770 8870888 6660043 6660043 2760752 8870772 8870772 6660422 6660422 6660880 6660422 2760752 6660996 9710996 9710496 9710772 9710527 3470857 3700519 2760928 9710864 9350870 6660560 6660996
9711002 730924 9710752 8870770 9710741 8190160 9350930 6660857 2760770 3700772 7790888 7790772 730212 730043 730894 730043 6660880 730928 730880 7790424 7790424 9710422 730729 6660880 730796 730560 8870422 6660422 6660996 2760043 5370043 6660043 2760006 9710371 7790937 7790043 5230646 730924 730928 3230205 730928 3230969 3230646 3700741 8190741 8190857 8190770 3470857 9710350 8190857 7090973 7090973 8190560 3950888 9710006 2760741 2760928 9710996 7790937 230006 230006 9040772 8710414 9711002 730772 8870942 3230924 9710285 2760516 2760414 2760114 2760516 9040857 3730872 4630371 8190857 3700857 9040857 9710864 9710864 9710864 8870870 731023 730200 730646 730772 7790969 7790741 5370519 7790969 7790371 3950960 1760973 8190519 3950896 8870043 9350930 8190371 7790857 3390580 9350371 5231023 5370741 730924 5231023 8710414 8190652 8190071 8190920 8190646 8190964 7790857 7790857 7790937 1760973 7790969 730580 2760580 2760580 730964 8870969 8870969 2760969 8870969 8870770 8870743 7310371 5231023 8710580 9710580 5230872 3230880 2760896 9350743 3700422 9710996 2760888 9350743 8870580 6660560
7790964 7790200 9350741 9350741 7980973 9350930 9350772 7980973 7310646 9350772 7980973 9350772 6760973 8190857 3730872 8190560 3470857 9350772 8190652 5370752 6660857 2750857 9350752 9350752 9350752 6660857 9350752 9350752 230857 9350371 7530857 3250857 8870424 3700857 9350560 9350772 8870772 730371 9350930 3250857 9350687 8190687 9350687 9350772 3700857 9350772 3700772 730928 8870743 8870772 730371 3230212 730371 730371 2760770 730205 230496 2760071 9710580 4720580 8710772 9350770 9040857 8710857 2760071 2760754 3470772 2760960 2760770 8870770 2760580 8710580 8190687 8710930 2760006 8870942 9710422 9710772 2760880 8870888 9710888 8870888 9710987 9710969 2080888 8190071 3730371 3730200 8190071 8190857 8190857 8190422 8711023 9710743 9710772 2760071 2760743 3730772 3730602 3731010 3730741 3730743 8190857 3730646 3250857 9350924 2760071 7790857 5231023 2760752 9710772 3470772 9710212 2760772 3230205 3930212 910772 3930422 9350894 5231023 8190772 8870772 9710752 3730602 3730420 4630371 3730646 3730004 10110857 3230414 9710752 2760809 9350770 2760960 2760809 2760770 8190857 3730772 4630200 3730004 3730772 3730928 3730004 8190857 8190857 3700743 3700519 8711023 4720752 8190857 3730872 3730741 3730646 3731023 4630071 8190857 8190964 3230772 5230872 230504 9350770 9350371 730888 9710043 7790857 3470857 3700752 3700071 8710770 8870743 3700519 8190880 5370743 2760071 9350928 8190741 8190519 5370770 8190519 730371 9350743 6660857 6660930 6660857 9350772 8870772 3700200 8870772 3700772 3700772 7790772 9040772 3700772 8870772 5370571 5370960 7980973 6770857 9350772 9350772 8190772 9350772 8190772 8190772 8870772
7790937 5370371 8870043 7790896 3950888 3700888 230872 3930560 9710729 3930857 9710371 9040772 3700960 9710205 3700752 2760114 3230212 730857 8870770 230872 7790937 8870969 9350519 6770857 5370371 9350519 5370960 5370371 5370741 5370071 5370960 5370071 9710006 730560 730560 9710205 7790857 7790857 8870043 730961 730200 730560 730870 2760205 8870870 730560 730200 3230924 730414 230741 7790741 9711002 2760924 2760043 2760043 230924 230924 2760741 1030993 9350560 3230969 3700580 9710350 9040580 730414 730422 3470043 2760006 230414 2760741 3730371 9350930 4720857 2760350 730205 730812 3230205 2760205 2760961 2760969 2760350 730930 6660741 730924 730752 3930212 3930422 730043 2760880 7790937 9710741 8870770 9710969 230350 230350 730422 5370043 8190857 1030993 3230371 3230212 4720969 730414 730519 230767 2760952 8870580 730414 9710350 7790371 7790937 3230414 7790043 4720043 9710741 3470772 7790371 9710414 9710519 730560 2760888 730888 2760350 2760888 2760969 2760743 7790964 2761002 2760071 2760205 3700772 9710996 8870560 730560 9710422 7790772 2760772 7790894 2760896 6660996 6660422 6660422 730580 3230560 730964 731007 3230812 3230205 2760422 730772 4720772 4720772 9350560 9350422 3230880 3700205 911007 2760928 6660560 3230205 6660880 3230996 730870 9710857 6660930 730752 730580 2760960 730770 2760422 3230519 730519 730371 730870 6660996 8870772 7790752 8710770 6660422 230006 2760006 2760371
7790937 3470857 7090973 7090973 8190560 8190880 3390580 910857 9040580 2080770 8710422 3471023 2760371 2760880 2760560 2760872 2760006 7790770 8870770 7790857 3730004 7090973 3730004 8190519 730741 8870043 2080770 9710920 8710767 9710071 8710646 9710043 5230422 9710996 9710422 9710350 3470422 9710772 9040772 730580 8870580 4720580 9711007 9710006 8190646 3730772 9710285 9710212 9710071 9710743 3950896 3471023 3390071 3700969 3700928 3700741 3730872 3730004 3730004 3730560 8190812 3730004 7090973 7090973 8190857 7090973 8190646 9040857 3470857 9040580 9710772 3700043 9710043 3700772 8870580 3700580 3930880 2760770 7790964 9710212 7790937 3700580 9040580 9040580 3700743 3230770 9710920 5230646 9710212 9710996 9710743 9710888 3230371 9710743 3701007 3700205 9710969 3700205 250200 1030993 2760888 7790741 8711023 9710864 2760743 9710864 9710422 9710580 4720961 4720969 3230212 6660561 3470422 3230212 9710496 9710519 2760880 9710772 3470422 9710880 8190812 8190857 7090973 7090973 8190857 9710205 9710864 3700212 3470580 9710996 3700880 3700200 9350964 9350741 9710071 730212 8870969 730743 8710422
8710414 9710930 8710930 9710930 3700043 9710923 8870580 3470043 9710496 3700888 4630071 8710772 9710414 9710422 3950896 3471023 730928 730071 3700043 2760752 730880 730924 3701007 8870580 3701007 3700200 3700200 3701007 3700200 3701007 4040200 8870969 9710422 7790857 5370741 7790200 7790200 3951002 7790937 4720200 4720043 4720363 4720200 9710964 730560 3930560 3470872 3470580 730371 730743 9710782 9710205 8870560 9710987 2760205 9710743 2760930 2760560 2760071 2760896 2760741 2760924 2760371 9710996 3470580 9710752 2760809 9710519 2760006 7790857 2760560 2760646 7790937 4720961 730646 2760687 7790964 9710422 2760894 7790371 9350741 9710205 2760371 2760646 2760743 2760560 7090973 3730646 8190857 8190857 9710857 9040857 3730004 8190870 2760006 8190870 8190961 5230872 9710371 3230880 3230560 3230560 3700888 4720888 7790969 730894 230350 730888 5230422 2760872 9710006 7790870 7790424 7790200 730870 2760928 730870 2760580 731007 3230812 3470782 3700924 3930422 3930205 9710969 300422 8190371 8190371 8190422 7090973 8190857 4720200 9710960 3700741 3230414 9710414 9710923 3700752 9710767 9710496 8710770 9350870 2760560 2760743 2760964 2760743 7791007 3470782 2760770 2760414 6660560 9350601 9710987 910371 3230969 3230924 910371 4720371 2760896 9711002 8870424 7790741 7790770 7790937 7790870 7790937
2760924 2760114 7790741 7790888 3470782 3470782 9710496 3700772 8710646 8550519 910857 910857 730969 4720857 730969 2760560 9710527 2760560 8870969 7790519 9350519 730752 730743 9710006 9710996 2760422 3700200 730928 8870560 8870560 4720043 3930560 9710996 3470285 3470043 7790519 7790200 2760350 3730043 3730043 9350741 9350888 2760896 9710422 9710996 8190770 3730519 8190894 3470987 7790519 7790937 9710857 3730004 5370371 230350 9710350 730924 5230422 2080888 3700422 3230812 3230996 4720964 3471007 910741 6660560 7790870 3930560 8710646 9710743 3470782 9710923 3470872 9710960 8190964 8190857 3470285 3470772 9710782 3470782 7790770 4040200 4720969 3230741 3230770 3700580 5231023 2760006 2760006 2760872 730646 730371 730646 7790969 7790964 6660996 8710422 7790870 3230422 730371 730743 730071 9710580 4720743 9040580 4630937 8190560 9040870 9710422 7790371 2760350 9710782 910772 730964 3230371 7790961 4720200 7790937 910646 3700964 910371 910772 9710969 9710422 8870743 3930212 9350888 3930422 3930519 2760371 730560 2760350 730741 3930519 8710519 730743 2760969 230560 2760964 9710888 2760205 8550519 1030857 1030857 3730004 3730043 8190812 7790857 9040857 3700964 9710371 9710006 3930371 910371 6660560 8190519 2760071 2760809 7790371 7790937 910200 3230969 730646 730212 730560 730964 3230770 730006 7790770 7790961
9710782 9710071 3470987 7790519 8711002 8710580 8710466 730071 7790937 7790888 7790964 3470987 7790964 8870888 730770 230496 2760752 7790964 9710006 5230969 3700071 9710923 9710743 9710920 9710205 3700752 3700422 5230646 6660422 3230414 730212 9710043 9710580 730924 730754 730969 730560 910772 910772 7790741 7790924 7790969 8710743 8870743 8870870 730071 230741 2760772 3730772 7311002 730043 730006 3230560 230006 1030638 230872 3230422 730894 2760043 2761007 2760743 3470772 7790894 8191023 8190404 10220857 3930422 8710857 8710857 8190422 3230560 3230560 3230205 2760964 730964 9710864 2760741 910371 730894 730772 9710043 7790894 7790896 7790752 5230969 3930796 230496 230741 230414 2760960 2760772 2760894 7790741 2760772 3470772 2760770 7790770 9710752 9710987 2760809 9710782 9710782 9710071 9710920 7790964 7790964 4720580 7790752 4720043 4720888 4720888 4720363 7790043 2760960 9710752 8710580 910772 8710969 9710969 3470987 6660212 730414 3230519 730414 3230996 7790894 2760741 9350880 230350 9710741 730894 3230414 4720752 8190700 7790857 7790519 7790888 7790937 7790770 9710043 730770 730812 730560 730752 9710519 3470043 7790770 7790896 7790964 3230924 9710414 2760580 230809 2760422 6660580 3470580 2760043 8710770 3470043 8190857 8190857 7090973 8190857 9040857
730560 3230924 730894 2760770 8190371 1760973 2760043 3730004 8190857 3730004 8190857 5370752 730770 730371 730371 2760414 730371 730969 8190752 8710857 910857 9710969 9710752 8190857 8710857 4720857 8711023 731007 730422 730812 730857 4720580 9040580 9040580 2760422 2760414 2760896 730743 730770 3230880 730857 730961 3230969 730371 2760930 2760205 2760741 2760752 2760743 3230741 730006 730071 9710422 3470580 3730560 8190857 8190857 3700857 8710930 730043 3230212 9710527 3700422 9040857 9710996 3700205 3700580 8190560 8190812 8190857 7090973 8191010 8190857 8190857 2760741 230414 9710527 730924 9710422 2760687 2760350 3730560 3730560 8190870 9710857 2760809 2760560 2760560 2760880 2760646 730729 730043 730043 730741 730580 730772 5370741 8190930 2760741 230504 3700741 2760752 2080770 4720363 910646 3230969 3930205 9710969 3950888 7090973 8190857 8190857 8190880 8190880 8711023 8870870 1030993 2760770 730880 730043 730796 730422 230560 730422 8870043 730560 7790371 7790424 7790937 8870043 8190857 8191007 5370043 3470043 3730422 730043 730560 3930519 3700200 3930560 3700205 5230646 9710729 3700752 3700741 730371 8870580 8870770 730200 3731002 3730004 8190913 520857 3700043 4720580 730043 8870043 730812 9710422 9040772 3470043 2760952 2760924 2760114 3700741 730414 3930772 3700961 3700043 9710772 2760754 230809 9350870 5230646 5231023 8190857 8190857 8190857 3700580 3700888 3470580 3700880
3700770 7090973 8190646 8190872 8190812 3470872 4630857 4630371 8190812 9710414 7790741 3470857 2760969 7790894 8550519 910741 730969 730772 230872 6660996 9710496 9710857 8190071 8190646 7790937 7790870 7790371 8870043 9710043 7790888 730770 8870043 8870043 9710964 8870888 9710496 7790964 3470043 2760422 2760516 7790894 3470772 4630638 4630638 2760043 230872 2760580 2760772 2760894 2760043 2760770 230741 7980973 3731002 3730580 8190580 3470857 9710920 2760964 3700857 8190071 9040580 4720363 8870580 730880 730560 8870924 730741 730371 730006 730857 730741 8870580 730857 730752 730969 730519 230857 730857 3230880 730754 8870743 9711002 5370960 730961 8870888 3230646 9040580 9040580 7790937 8870424 3700770 3230212 9710422 6660996 3230422 6660880 3231023 6660880 2760752 2760752 3230996 2760006 3230422 730796 3230996 6660212 6660857 730928 6660043 731007 730964 730646 730928 6660857 6660741 3230969 3230646 730560 730928 8870743 9350993 3700071 4720363 730880 8870424 8870580 2760646 2760928 2760580 9040580 2760646 9040580 9040870 7790519 2760754 9040580 520969 9710414 3470285 2760205 8870770 3700580 8710580 8870770 7790894 730205 730371 730212 730205 730969 730969 3930371 730880 730646 8870772 8190857 8190969 7790857
7790857 8190857 3730004 8190969 9350560 3930796 8710422 9710729 2760580 2760580 2760580 7790937 7790857 7790200 2760646 8190870 230857 3930422 3230422 3230796 3230560 3700200 3700888 3700743 520857 730200 8870580 8870870 2760928 7790888 7790937 7090973 7090973 7090973 7090973 7090973 7090973 910741 7790870 2761002 9710782 7790964 8710767 7790770 3230422 3230422 3230996 4720857 730857 4720857 2760888 7790896 2760743 2760928 7790857 7790937 7790937 7790519 8870870 2760928 2760580 9710519 3471023 3470580 7790894 7790894 3471007 3470422 7090973 2760960 6660422 6660422 2760772 9710996 7790870 7790888 7790870 7790937 8550519 7090973 2760741 230857 2760872 2760371 2760741 8870772 7790969 8870560 8870870 730969 8870770 3230969 3930519 9710767 8711023 3700743 9710996 3700071 3700071 3700964 3700205 7790770 7790888 2760754 2760754 7790519 7790752 7790752 730770 9710923 9710772 730924 8711002 8870580 8870888 730930 2760894 7790937 8190870 3731023 8190857 4630857 4630930 910200 730560 730930 730930 4720969 910857 5370888 2760969 2760969 2760071 730743 2760743 230560 2760071 7790964 8711023 2760741 7090973 9350961 8870969 9350961 3230560 2760114 7790961 910772 730754 730754 7790371 730043 2760043 3730004 3731010 4630638 4630043 4630857 8190913 8190894 8191007 8190857 3730004 910857 3700200 910741 3700414 910200 910857 2760754 7790741 7790969 730772 6660930
4720857 4720857 2760952 6660880 9350880 6660880 2760770 2760770 2760772 5370772 230496 230767 2760422 2760071 2760969 730928 3230796 2760961 2761007 2760371 9710519 2760924 2760969 9350519 2760930 731023 7790200 5370043 2760580 730043 730894 730580 7791007 4720772 2760580 2761007 2761007 2760880 7790772 2760770 5370770 3470772 7790937 7790857 6660561 730519 6660422 730880 7790752 7790937 7790961 730812 730043 730205 730580 730743 2760580 2760580 730812 730772 5371007 4720043 4720043 5231023 730964 730646 730646 8870580 8870969 8870580 3930205 730646 730560 7791007 8191023 8190160 7090973 7790937 7790937 7790772 7790937 8870772 3230880 2760752 230809 8710580 730960 2760960 9710969 9710969 730743 4720580 730580 7790896 4720964 4720743 7790741 4720043 4720363 7790200 2760772 2761002 730928 730743 2760043 3730646 4630857 3730646 9350961 8190371 730961 730796 9710752 8870580 8710466 7090973 3730580 8190071 9710920 3470580 9040857 7090973 7090973 8870743 9710071 8710752 9710071 8710646 230767 2760770 9710920 9710920 7790888 7790519 2760754 7790888 4630580 4630071 4630071 4630937 4630638 3390580 8190857 230560 2760422 2760767 2760960 2760964 8711023 8710519 2760888 2760754 7790888 7090973 7090973 7090973 7090857 7090973 7090973 4631010 2760888 3230422 9710930 730770 3700580 730422 730729 2760114 730580 7790937 3951002 4720043 7790741 2760809 7790937 3700071 8870422 9710880 7790888 730043 730422 730961 8710770 9710996 8710422 4720857 5370888 4720857 4720857 3470422 4720961 3230205 730812 2760960 730741 6660741 9350928 3230205 7790969 730729 3930371 3930519 8870560 3230560 6660422 3230996 6660422 730928 8870969 8870969 7090973 4630857 4630857 4630913 6660996 8710519 9710205 3700888
3470285 7790772 7790772 5370071 230504 730519 730519 730519 731007 730752 8711002 8870580 3951002 3700743 8870580 9710043 7790752 3470285 9710741 7790741 7790937 7790741 3950896 8870924 7790741 9710864 7790870 2760964 2760888 8870870 230006 730894 730969 3700519 3700043 8870043 7790770 8870560 8870560 7790888 8870770 3470782 7090973 8190920 7790857 7790857 730857 730969 730205 730205 2760560 9710006 8190741 8190741 8190160 8190872 8190371 3470857 7790519 7790770 2760930 5370519 251002 2760043 7790200 7790200 7790200 7790937 2760924 230560 230741 6660043 730371 5230969 5230646 5230646 5370741 3730700 4630371 8190006 8190580 3470043 8870043 2760350 2760414 6660996 730560 4720371 9710864 4720363 9710969 730371 5370160 3730872 4720371 2760924 8870870 730741 8870969 8870424 730770 8870580 8870969 7790937 3230996 8190160 8190160 8190646 9040857 8550857 7090973 8870580 8870043 3470872 910741 910741 230350 730960 7790924 5231023 9710205
9710960 9710743 8711002 9350741 8870770 3700964 3700924 8870924 3700741 3700770 3700414 3700212 3700752 3700770 3700770 3700770 3700043 3700043 3700519 9350930 4990857 3930857 3700743 3700414 3700519 3700752 3700960 3700519 3700071 3700928 3700741 3700741 3700796 3930212 7980973 4990857 730205 5230930 3700200 730560 3230969 5231023 3930560 3700770 9710205 3930205 3930560 3930205 3930205 3930880 3930560 3700422 6660857 730857 6660857 730857 9350964 9350371 9710930 730928 3700043 730928 3700580 3700770 3700770 3700580 3230560 3230422 9710205 3230996 3230212 3230880 6660561 3230796 8870580 730752 730212 730560 3230796 3930212 3700960 3700960 3700960 9040580 9710496 8870743 3700580 9710519 9710960 8870770 3700772 3700519 3700772 3700888 3700888 9710422 3700205 3700969 9350993 3700770 3700752 3700752 3700752 3700770 9710519 3700519 3700519 8870560 3700519 3700519 3700519 3700752 3700770 3700519 3700205 3700519 3700205 3700770 8870560 3700960 3700205 9710205 2760880 3700422 9710422 9710519 9710880 9710519 3700770 3700205 9710519 9710496 3700960 3700770 3700205 3700752 3700743 3700752 3700752 3700200 3700969 3700772 8711023 3700205 3700519 3470580 3700770 9710888 3700743 730560 3700772 3700071 3700743 3700772 3700772 3700772 3700772 3700043 3700772 3700772 3700752 3700772 3700043 3700772 9710043 3700960 3700772 730770 8711023 3700960 3700770 3700772 3700964 3700071 3700043 3700043 3700043 3700205 3700200 3700770 3700519 8711023 3700519 3700743 8870743 9711002 730960 8870770 8870770 9711002 8710767 9710743 9710864 9710006 9710888 9710743 3470782 9710006 9710205 3470987 8870888 9710752 8710752 8710646 8710770 9710752 8711002 8710969 3700770 3700200 9710969 9710496 3470857 8190071 8190961 9350752 5370752 730960 7790752 3950960 8870770 3950960 3700770 9710767 8190857 3730004 8190752 8190741 3930560 3930857 9710371 9710371 910200 520969 910646 8870969 3700960 3700969 3700770 520969 3700969 3470961 3930560 9710371 9710350 5230646
3230212 730752 3230996 9710422 8190071 730960 2760006 2760371 2760924 7790870 3470772 7790770 2760646 3230422 3230812 4720371 7790741 8190857 8191010 8191010 7090973 7090973 7090973 8190857 730812 730519 8870422 8870580 6660212 730580 2760580 8190071 8190857 7090973 8191010 7090973 911007 3730560 3730560 8190896 730371 730422 8710770 8870043 8190857 8190741 3230996 730812 3230205 9710864 730371 910371 730754 3230770 9350422 9710969 3700422 9710996 300422 9710996 3230812 7790961 2760560 9710205 2760772 5230930 230006 2760772 2760896 2760414 2760560 3470772 730928 731007 730928 730371 730043 8870043 3230560 8870580 7790888 730888 9710782 9350772 730071 8870888 6660880 9710964 8870969 9350993 9350560 8190930 7980973 730857 730857 3731007 3731023 3731007 7980973 3730386 3730004 8190857 8190857 8190857 7090973 3700752 8870770 7980973
7790969 2760741 910772 3470285 9710519 3390071 9710930 7790969 9710743 2760741 730770 730560 2760752 7790770 7790741 8190964 5370519 730646 730371 730772 2760580 2760580 8190580 8190580 7790894 730894 2760741 4720043 7790752 7790888 8190160 8190857 9040580 730752 7790894 8710580 3470580 7090973 3390580 4630580 910857 3230741 8870743 3930422 730071 9710969 910371 3470772 730969 730964 730519 730888 8870969 7790969 910741 3230422 730205 3230560 2760560 730560 3930205 730870 520857 8190857 8190857 8190160 8190857 910857 8190857 2760741 3230772 730812 8190580 8190857 3390580 8870422 7790937 3470961 2760767 3230560 7790371 9710580 730924 730924 6660996 730371 730796 730200 2760928 730200 730519 730200 730928 730212 9350371 730212 6660741 730743 730770 730928 730928 730741 730200 730200 730646 730212 9350942 730371 9350752 9350422 731023 3230812 3230371 730928 730960 730960 730752 3700960 3700960 910741 730646 730741 730043 7790752 2760043 8710767 3470772 7790857 3471023 3470043 9710350 3470580 9710864 730729 230006 730006 2760414 9710414 8710770 8190770 3950960 2760006 2760006 7790924 2760646 2760872 2760043 730646 730772 730729 730646 8870043 730969 7791007 8870043 7791007 7790752 7790752 7790969 2760516 730580 6660580 6660580 730580 730888 730960 730741 2760071 6660560 730200 6660996 6660422 730371 6660996 730519 6660996 730560 730580 730924 730930 730371 730371 730071 6660580 730928 730870 730741 6660580 730928 730371 730796 6660043 730071 3230969 2760928 730928 730928 730752 731023 5370371 8870043 730960 8870924 730006 4720371 9350964 7530857 5370160 3700857 7530857 730741 3930422 3470772 8870743 9350772 7530857 2760770 2760770 2760071 8870888 8870743 2760888 2760071 8190646 8190913 2760071 2760960 730752 2760580 2760872 2760770 2760767 2760770 230560 2760580 2760043 8190913 8190580 8190560 7790857
9710006 9710414 3700857 5230969 8190870 9710414 9710767 9710767 9710422 9040857 9710782 7090973 8190071 7090973 7090973 8190770 230006 230872 2760071 230920 2760071 2760964 3470772 2760888 9710205 300422 8190857 3730924 3730924 8190857 8190857 7090973 9710739 3730004 230414 2760741 7790772 2760646 7790772 3470422 9710422 3470580 3230205 3700200 3730969 8190857 3700857 910857 8711023 5230422 3470422 8710646 9710071 3470987 9710782 7790937 7790857 7790857 7790857 7790857 7790857 7790857 7790857 230350 9710580 9710205 7090973 9710006 7090973 3730004 3950888 9040857 3700414 9040857 9710857 3470857 8190857 8190857 8190964 8710969 6660560 3930560 3700964 3930205 3700888 9710743 8710767 9710371 8190006 8191010 9710857 8190741 9710864 3950896 3730004 7090973 8190741 5230872 5230857 9710371 9710371 3471023 8190857 8190700 730006 3731010 3730741 3730004 3731010 8191010 8190857 8190857 8190646 7090857 8710857 8710422 3230880 3230741 8190006 8191010 3730004 9040857 7090857 7090973 9040857 8190371 9710964 9710864 9710006 230560 230741 9710212 2760580 8190913 7790896 3230560 9710422 3700205 730200 3701007 5230646 8190371 8190857 8190700 9710996 3230422 9710422 1600973 3731010 3731010 7090973 7090857 7090973 7090973 7090973 7790937 3390043 7790937 7790857 7790937 9710350 8710743 3700743 730006 5230646 9710371 3930371 9710371 8190857 3730004 8190371 2760888 8710767 3470987 3470772 2760888 2760888 3730004 3730004 3730004 8190857 8191010 3470857 8190071 8190071 8190920 1600973 3731010 7090857 3731010 8190071 2760371 7790964 7790964 7090973 9040857 3700964 3930796
3470857 9710969 9710350 9710519 7090857 7090857 3731010 7090857 7090973 7090857 7090973 7090973 7090973 7090973 3470857 8550857 7790519 2760560 9710496 3470422 2760741 2760964 7090973 7090973 2760646 7790770 7090857 3731010 7090857 7090857 7090973 7090857 7090973 7090857 7090973 7090973 7090973 8191010 9040857 8550857 8190560 9040857 7790519 2760928 9710422 7090973 9710741 9710414 3700924 730812 2760924 9710205 2760880 7090973 7090973 8190857 7790857 7790857 9710422 3230880 3230205 3700961 3230422 7790770 3470422 9040857 3730004 7790857 7530857 7790857 7790937 7790857 7790937 3230796 9710880 230741 2760888 2760743 8710422 9710205 4720371 9710864 9710996 9711007 9710996 9710205 7790937 9040580 730928 3230422 3230996 2761007 3230212 9710205 9710527 3470422 9710414 230350 230414 230350 2760371 1600973 3730004 8710930 8191010 8190560 5231023 9710739 9040857 8190857 8190006 3230969 730754 5231023 230006 2760888 2760888 7790888 3230880 9710739 3700422 3700205 3700741 9710350 9710350 9710519 2760371 230006 2760964 2760772 2760371 9710920 2760964 9040857 3470872 9710964 9710212 8710422 9710920 9710920 9710371 8710519 2760743 3700205 3700928 730928 3470422 9350371 6660560 8190770 8190560 5370743 730580 9710580 9710580 9710580 3470580 3470580 7790888 8190772 8190371 2760371 2760894 2760809 230767 2760770 2760646 9710767 2760770 9710743 8190160 8190752 9710527 3700857 9710580 7790937 7980973 2760580 730205 730754 9710205 3731010 3730004 3930519 5230422 9710930 3700414 3730924 9710857 8190880 2760752 8190857 3730004 3730004 8190857 7090973 3730004 1760973 2760930
9350930 6660422 8710422 9710782 8190857 7980973 9350930 2760071 2760888 9710205 2760205 730969 730894 7790937 8870969 5370772 6660930 8870205 3700796 9710752 2760580 2760964 2760414 2760114 8190560 8190857 7090973 7090973 7790371 230414 230560 230741 730743 730752 730205 730796 8870969 3230422 8870043 6660043 730880 730212 730205 6660930 730894 730924 730371 3231023 730928 2760687 230006 730894 3230646 3230772 2760752 3230646 910200 2760928 7530857 3700857 730812 730519 2760928 6660880 9350937 730071 9350961 730969 9350964 9350888 8870424 5370743 2760752 2760205 2760969 8870772 7790964 8190772 730560 2760969 3470043 7790937 9710888 7790424 730743 8870043 7790857 7790937 7790964 2760580 9710527 2760414 2760888 2760743 730743 730743 4720363 2760770 2760770 2760880 6660561 9040870 9040870 730580 730043 730560 730796 730646 3930205 3930205 9710888 9710205 3700743 9710880 5230969 8870205 3230996 3230560 731007 5230646 6660996 2760752 6660422 8190870 3730004 8190857 8190857 7090973 8190857 7090973 7790937 7790969 8870969 730888 730371 5230422 730043 730960 6660996 6660857 6660857 6660857 5231023 9350928 6660580 230504 3231023 6660741 730928 730960
230809 5230422 230560 6660560 9350964 230560 6660212 3230414 3730770 3730993 9710857 9710996 9710969 8190071 9710857 8190560 8190969 9710496 9710969 8710770 9710880 3700741 9710741 9710071 520969 9710285 9710969 9710964 9710752 3470580 3470580 7790770 7790371 7790969 8870969 3930205 9350752 9350743 7980973 9350930 730930 730960 730729 9350741 8190894 8190969 300422 8710752 8710646 9710739 9710422 8710772 8710414 9710285 9710752 9710414 5230422 9710205 9710414 9711002 5231023 9710772 8870969 8870560 8870560 9710987 9350930 3730004 3730004 3731010 6660930 6660930 730930 730741 730729 730741 520969 8870560 8870969 5370772 250969 9710743 9710752 730772 230809 230872 230920 7980973 5231023 9710969 3930371 9710006 9710969 9710969 3700741 3700964 5371007 5370930 5370964 8190160 8190870 3250857 8190752 2760872 9350928 9710739 3730602 1760973 8190930 8190772 8190870 8190646 8870969 910857 730857 8190964 3700796 3930519 3700422 5230422 5230872 8190687 5230422 3700928 3730928 3730928 3230414 3230872 3230422 3230770 730857 730888
9040857 8710767 8190071 3731002 730741 8190969 9350924 3700043 8870560 9350560 5370160 5370930 5370160 5370772 3930772 8710752 300422 730646 730071 9710920 7090973 7090973 9350741 9710414 3230741 910741 3950896 4720741 3470961 3470043 9710782 3471023 2760071 3470580 3470580 3470422 3700961 3471023 730857 230414 730752 730212 730880 730770 730857 730964 8710466 730894 8190964 4720741 7790894 3700770 9710752 9710752 9710752 9710752 8710857 3700743 9710741 9710960 9710205 9710888 3950960 3390580 8870043 4040200 7790969 8870580 730371 9711007 8870580 9710752 2080888 9710969 8710969 7790969 8190969 8710767 7790969 8190580 8711023 8190741 8190857 7090973 230496 730580 4630580 8191007 8191010 8190646 8190857 8190580 7530857 520857 3700772 9710969 8710969 8710770 8190896 8190969 3700960 9710969 8710743 8710767 8710646 2760741 2760743 3470043 5230872 9710580 9710888 3470580 9040580 8870205 9710205 9710205 8870880 3470857 3950960 9040857 9710743 3700743 3700071 3700964 8550857 3471023 4720741 4720969
9710920 4720743 3230741 9710422 9710043 9710205 2760964 4720741 520969 3230646 7790424 4720743 7790043 730646 730043 8870043 7791007 7790888 4720043 9711007 4720043 3470961 7790888 3731010 8190857 8190920 4720961 3230880 3230646 3230212 4720371 3230880 8190857 3731010 3731007 8190857 7790857 4040200 730752 2761007 2760770 7790937 9710205 3701007 3230996 730560 3700580 8870969 3471023 4720200 6660422 730928 730646 3230422 730741 730961 6660422 6660580 730770 6660580 9350870 6660422 730071 730752 730200 730857 3230519 2760741 730752 730371 730928 9350937 730006 730870 6660560 730743 9350993 730870 730770 730071 730770 730888 3230646 730960 8870770 4720200 4720961 4720200 4720363 7790200 3950960 7790969 9710496 3950960 7790969 3390580 7790770 3470043 3470043 7790770 3950960 3390043 3390043 9040857 8190646 2760894 8710772 2760896 7790200 9710285 9710371 1760973 230560 9710205 2760006 3470857 230872 3730004 3731010 3730772 3730004 6760857 9350924 3730004 9350937 2760687 8190687 730857 730043 230872 730741 2760924 2760006 9350930 3730386 9350930 9350930 8190481 8190519 3700741 3700969 3700796 3700741 7090857 3730004 3730004 9040857 9710741 730880 730519 2761002 2761002 2761002 7790200 2760580 1760973 1760973 7090973 1760973 4630638 4630638 4630638 4630004 8190519 7090973 4630071 7790857 7790896 3470043 9711002 910371 8711002 7790961 2760770 3731023 3731023 3731023
9350560 730857 730857 9350930 5370741 730857 8190857 8190896 9350772 730422 730857 9350930 5370752 2760770 8190371 8190741 5370772 9350741 3930796 9350371 9350924 8190969 730857 730857 5370160 5370930 8190930 7790857 8190913 8190964 8190580 8190894 9350964 8711023 9710857 8190752 2760969 9350964 9350770 9350687 8190930 730414 3470772 9350752 8190964 7790857 7790964 3470857 8190770 8191023 7090973 8191023 8191023 2760006 8190930 5370371 730857 2760646 4990857 730964 5370888 8190160 5370743 7790857 3950888 8190646 9350930 7980973 5370930 730043 7790857 730043 730200 2760772 730857 9350964 5370960 9350924 9350894 3730928 3700043 9350930 7980973 9350930 7980973 7980973 7980973 9350743 9350930 8190752 730729 8870580 8190913 2760743 8870770 7790857 8190646 3470857 8190894 8190071 8710466 9710519 2760752 8710930 2760770 8190071 8710466 9350888 8190896 3730004 8190894 730414 730857 731007 5370770 5370770 5370371 9711007 4720772 8190772 8190687 8190942 8190770 8190770 2760952 8190752 8190770 7790857 3470857 8190770 8190519 8190772 8190770 5370160 8710930 8190519 9350930 8190687 2760960 7790200 8711023 8190913 3470782 8190857 9350741 8190371 8190580 8190942 730969 3930519 9350942 730796 7530857 9350687 9350743 9350687 8870942 9040857 8190687 8190560 8190857 5370964 2760894 7790857 2760896 7790857 8190519 8190519 8190687 7790857 7790857 8190646 3950960 8190687 8190519 7790857 7790857 8191002 8191002 8190913 8190857 8191007 8190857 8190920 7790857 8191023 5370770 5370752 9710930 3730004 8190071 9350964 8190741 7980973 7980973 5370043 230414 2760969 230504 5370043 2760580 2760888 4990857 7980973 3730969 3730422 8190652 8190857 8190646 4630004 1760973 8190857 8190687 9350741 2760687 8710519 3700205 6660560 6660422 3930519 2760205 730870 730043 2760580 230924 3730043 3730043 3730043 3730004 3730004 3730646 3731002 6660043 2760043 2760043 2760043 2760752 2760043 2760043 230920 2760205 5230969 3700888 9350894 3930857 8190894 9710930 2760969 9350964 5370770 3730071 3730004 3730004 8190857 8190857 8190969 8190913 2760752 2760896 3230969 5370960 910200 730857 5370964 8710519 2761007
4631010 4630857 4630043 8190071 8870770 7790770 8190857 7090857 3731010 3731010 7090857 4630857 4631010 910857 3930205 730924 730928 3230414 9710371 8190872 8190857 4630282 8190857 7090973 7790752 7790961 730741 8870888 7790870 2760752 2760928 3230741 2760752 730371 730812 7790371 730857 3230422 6660741 730812 730752 730924 3930205 3230812 9350371 3230560 2760888 730812 8870580 3230560 9710422 8870422 2080888 1760973 1030928 8190519 9350870 8191023 2760960 9710743 2760646 2760770 2760888 8870743 2760741 9710414 3470987 9040580 9710888 7791007 9040580 4720043 9710285 7790857 9350519 5370519 2760646 7790770 7790200 730519 8870580 8870580 730646 8870580 730422 6660422 6660561 6660880 3230796 2760371 4720580 2760580 3470422 7790937 4720363 3470580 5370043 730894 8870743 5370752 8870888 730888 2760894 730743 730743 9710920 730888 730371 730071 9710580 6660560 6660880 9350888 730964 730894 730812 9350993 730741 8870580 730580 3470580 5230646 8870580 4720741 3230646 7790969 7790200 7790772 7790857 7790857 7790857 7790857 7790200 7790857 7790857 7790772 7790200 8870424 3700205 8870924 3700772 3700741 7790937 3700960 7790937 730560 8190560 7790857 9710006 3470857 8190687 3470930 7790924 7790371 230006 7790371 2760741 7790371 7790741 3470772 8190687 3730602 3731023 3730772 3730004 1600973 1600973 7090973 7090973 8190646 8190969 910857 8190646 730796 3230880 730212 9711007 3230996 9710969 5370043 730560 2760741 730560 7790371 3470043 7790371 7790937 9710043 9710043 9710772 9710043 3730004 7090973 3731010 3730924 4630004 4630004 3730004 1600973 7090973 4631010 8190646 8190770 9710043 730772 8870772 2760741 9710772 3470772 7790772 7790772 7790770 7790200 5370930 7790200 2760043 8190872 7790741 7790937 7090973 3230422
7790857 7790937 8190964 3950896 3950896 4630857 1600973 4630638 7090973 3731010 8191023 8190930 9040857 3470857 8190071 3731010 3731010 3730646 3731010 3731010 8190857 7090973 4720857 3230414 3730043 3730872 3731010 3731023 4630200 8190857 8190646 3700770 2080770 8870772 9350928 730212 9350993 2760350 9350888 8870888 8870888 7790937 4720857 7790200 7790857 8710519 730752 8711002 3730004 3730004 3730004 4630638 8191010 7090973 8710770 2760071 2760350 5231023 2760006 2760006 7790371 9710864 2760646 2760741 8190752 9710864 9710422 3700888 8190519 8190580 8190930 8191023 7790857 5370160 8190741 2760741 2760924 8190872 7790857 5370770 5370770 7790857 7790857 7790857 8550519 9710071 2080888 3470872 7790894 3470580 9710580 9040580 9710864 9710888 3471007 5230872 8710646 2080770 8710767 230924 2760071 3730770 8190857 8710857 8190857 8190913 910857 910200 730580 6660580 9710580 730580 3230741 730857 3230969 910857 910857 9350519 9350519 8190519 4720969
5230872 2760006 8190872 3730602 3730602 1760973 8190870 8190371 9710969 730200 8870969 4720888 3470580 2760071 8190942 8190913 9040857 3470043 8870205 9350930 6660930 9710996 8870043 3730004 3730969 8190930 730857 2760741 8190770 8190519 9040857 3731010 1600973 3731010 3730004 8190857 4630043 8190160 7090973 7090973 8190857 8190964 2760894 5370071 9710519 8711002 7790924 8711023 7790519 8191010 8190646 8190160 7090973 7090973 7090973 7090973 7090857 9710864 2760414 9710741 730414 3700580 9350560 3700857 8870580 9350560 3230880 3230371 9710739 8190741 7530857 3730004 3731010 9350560 230857 5370930 5370743 7790371 7790857 7790969 8190812 9710969 730924 9710519 730928 3230770 910857 3731010 3730004 9710857 3230371 9710371 3930371 7090857 3730969 3730004 3730004 8190857 8190857 7790857 7790857 9710006 9040857 7090857 3731010 4631010 3730924 7090973 7090857 7090973 8190071 3700857 9710414 9350928 3700205 3700422 3470580 9040580 8190857 3730646 3730004 4630913 8190857 8190857 6660560 9710371 4720371 8870580 9710371 8870880 7790969 2080770 3730004 8710864 8710930 10110857 730580 9350687 8870560 3700043 3731010 3731010 3730004 3730004 3730004 8191010 8190646 8190961 3230741 8190812 8190857 8190652 8190857 4630071 4630371 4630913 3230646 3930857 2760071 9350870 2760071 8190872 8190812 8190857 3700770 8710646 9710071 5230646 9710930 8710930 8190857 3730004 3731010 3730004 8191010 3730004 8190857 8190857 3230741 9350770
520857 910857 8190371 3930205 3930857 8190772 8190519 910857 3230880 9710857 910857 9710743 3470961 8190560 2760754 7790857 6660857 3730924 9710422 8190964 8550519 8190422 7790371 3471023 3700969 3700969 730961 730857 730857 7790200 8190969 7790857 2760961 7790961 3230646 4720363 8870424 520857 8870870 5370371 5370741 7790857 2760741 7790857 7790857 730422 5370371 8870969 8870772 3471007 7790424 7790371 7790371 7790371 7790424 7790937 3470422 7790371 7790371 7790857 7790857 7790857 8550857 8190560 7790200 6660996 730422 730812 730880 8190071 8190770 9350752 8710930 8190913 9350888 8870743 8190422 6760646 7530857 7790857 8190964 8190519 2760560 5370770 2760741 2760809 8870580 7790857 9040580 730043 7790857 7790043 8870422 7790043 8870043 7790043 3731010 7090973 7090973 7090973 8190580 9350930 8190930 8190930 9350930 5370043 8190930 5370043 8190580 8190857 8870580 730580 8870580 730857 8870580 8870580 730857 4720857 8870580 8870580 3730004 3730004 3730004 8190857 7790424 9710969 9710969 9710996 9710729 9710729 8550857 910857 730371 6660580 8190560 9710580 8190872 3730872 8190942 8190857 7090973 7090973 8190006 7090973 2760960 2760071 9710212 250969 8190560
8190560 9350560 8190969 8190969 9350160 4720857 910857 520857 9350993 4720857 4720857 4720857 4720857 4720857 4720857 2760743 8190371 730857 3230371 3730924 8190969 6660560 8710930 9350741 3730772 8190857 3730004 8190006 8190857 3470857 8190964 3470857 8190964 3700857 4720363 9710987 8710772 8710422 730772 230767 9710782 910857 3730004 8870743 8710646 3700071 2080888 2760741 2760743 730741 2750857 300422 3930212 3930212 3700964 3700964 3700205 3700888 8710646 8710857 3700969 8190646 8190857 8190880 9350924 6660996 8190371 8190870 8190870 8190969 910200 4720857 730857 8190560 5370160 3470930 3470857 8190772 3731010 3730004 3730004 3730004 4630857 8190857 8190857 520857 520857 9350993 8870743 2761007 8870969 2760969 5371007 4720772 8870870 7791007 8190969 9350741 9350924 7790371 7790969 7790969 7790857 7790857 7790937 7790857 7790857 7790857 7790857 5370519 5370519 9350519 730857 5370772 730646 9350924 8190913 7790937 8870969 3471007 9710006 9710006 8870770 9710371 8870043 7790937 910646 4040200 7790937 5230930 8710580 9710422 9710987 5370888 9710205 3470782 9710071 9710071 9710987 8190646 8190071 8190770 910857 8190969 7790937 7980973 8190770 5370770 8711023 7790969 4630857
3700969 8190580 8190857 3730004 3730004 8191010 3390580 730580 730580 730928 4720200 730754 730796 7090973 3730004 8190857 9040857 7090973 8870580 3700580 8870580 730043 3700422 3731010 4630857 8190646 3470857 8870580 9350519 3230796 8190880 7790200 3951002 7790752 8190580 8190857 8190857 9040580 3390580 7090973 3950960 8190071 3700960 8190071 8711023 8190930 9350930 8190772 8190930 8190930 7790857 8191002 5370743 7790200 7790857 7790937 3230422 3230560 2760560 3700519 8190969 8190969 3930857 3930857 3731010 3730969 8191010 8190857 9710772 3470857 9710519 2760414 2760754 8190646 3730646 8190857 7090973 8190857 4630638 3700857 3700857 3700422 9710739 8710580 9710580 9040580 3700212 9710422 3930212 3700743 3700205 3700796 8190857 8190857 3731010 3731010 3731010 4630580 7090973 8190857 3700205 9710964 8190371 3730004 3730004 3730004 8190872 7790857 2760770 230560 300422 730796 730880 8870880 3700422 7790752 230414 230872 730928 730880 8870880 3700969 8870888 9710205 3700205 3730993 8190700 3470857 9710739 3730004 8190857 3470857 3470857 7790888 8870580 3700770 3700519 3700796 9710880 3730422 8190857 8190857 3930880 9710741 4720363 3230770 9710422 3230772 3230205 3700200 3700772 4720371 4720964 2760924 230809 230560 2760772 2760350 7790888 3470422 730580 8870888 9710422 3700580 3470580 7790770 3730071 8190580 9710857 8190560 7790752 8711023 8190404 7090857 3730071 8191010 730580 8870942 730924 3700043 8870772 8870580 9710414 9350880 7090973 3730004 3730004 3730004 8190880 8190646 9040857 9710741 3700414 3700960 9710880 3730004 7090973 8190857 7090973 8710646 2760580 230560 8710743 7790894 9710857 3470857 5230646 8870422 230560 8191007 8191007 8190580 4720857 8190580 3730646 4630580 1760973 7090973 3390580 8190942 9710960 3700924 9040857 9040857 9710414 9710996 3700414 3700960 9710729 3700414 3701007 3230212 3230414 910857 3470857 3700212 9710414 3700212 3731010 730371 3230422 3230880 4720580 4720580 4720741 4720363 4720857 8190857 8190930 8190646 8190580 3390580 730880 3230880 3700580
9710371 3470872 2080770 9710414 2080888 9710350 9710422 9710996 3470857 3470580 7790894 3700212 9040870 9040580 3471007 9710205 9710006 3950888 1760973 1760973 1760973 1760973 1760973 6660560 300422 9710864 3700880 3700205 3700519 8190857 8190857 7090973 7090973 8190560 9710920 8190560 9710857 3390071 9710422 3700796 3700519 3700212 3700519 9710888 3700205 9710212 9040857 3950896 3950888 3470872 3700071 3700924 3950888 3470422 910371 7790964 8190896 8870580 3471023 3950896 7790741 7790964 9710864 300422 9710880 8870424 9040580 3700770 2760414 8550519 9710920 4720371 7790857 7790894 8190896 7790894 3470772 9710920 3950888 3471023 3950888 9040870 7790752 7790857 8710743 2760809 2760888 4720371 2760743
9710006 3471023 8550519 2080888 8550519 3390071 3390071 8190580 9040580 8190071 3471023 730371 730580 730743 730743 3700743 4720857 9040580 4720888 7790937 7790200 7790200 7790857 7790857 7790772 2760772 7790888 2760371 8710414 2080888 9710920 3930796 3700414 8190880 2760964 2760767 2760888 230872 2760043 2760752 2760928 3730043 3471023 7790857 9040580 8710743 3700414 8190580 8190894 4720857 4720857 3471007 9710920 9710285 9710996 3470580 7790924 3470285 7790888 2760414 2760043 7530857 9040580 3470285 3470580 9710071 8710646 9350741 3700422 9710888 3930857 3700960 9710414 3700960 9710496 9710880 8710770 8710752 8190770 3730071 8190920 8190964 8190006 9710071 9710071 7790964 5370043 8190857 8190920 2760960 2760809 10110857 3930519 8870969 8870205 6660561 2760964 2760371 2760580 6660996 6660422 2760422 9710880 3700796 9710880 9710880 8710580 9710043 5230422 6660996 8710864 8710743 3470580 8710646 8190560 3730560 8190752 8190071 8190964 8190772 7790888 9710969 9710350 3700960 6660880 8711023 6660580 6660996 8870580 8870580 9040580 9710414 6660212 300422 730205 8870772 8870880 8190580 9350752 5231023 3700519 9710006 3471023 9710741 3700770 3700205 4720741 9710371 9710212 9710422 3470872 3930796 9350880 3701007 8190857 8190857 8191007 3700857 3930519 8870969 730928 730006 730371 9711002 7790772 3230772 9710414 2760770 9710519 9040772 730928 8870205
9710880 730880 3230796 9710864 730560 9040772 7790896 7790896 3700741 7790770 730071 3230772 9710527 3470772 9040772 4720741 3230772 730580 3230741 9710772 7790964 730888 9710580 8710580 7790857 4720200 4720741 730646 3470772 730964 5370770 3471023 7790896 3390071 7790964 7790752 3470580 4720580 3230924 3700880 9710743 2080770 9710496 8710646 9710969 3470857 4720888 7790752 2760646 7790741 7790770 7790770 7790857 7790857 7790857 4630043 3730772 4630043 2760770 2760770 9710964 2760928 8710743 3930205 3930422 910772 9710880 9710969 8190772 3470930 9710864 9710743 3700580 3700580 8190961 8190404 250200 7790752 9710996 9710920 3470580 3950888 4630580 4630580 4720580 9710580 3470580 9710043 9040772 9040772 4720371 9040772 3470987 7790894
9040857 730928 8870580 6660560 6660560 8870770 3470857 8190560 8190857 9040857 3700969 3930560 6660560 3700422 3700205 3700200 3700857 3730422 7090973 3730004 7090973 8190857 8190812 7090973 3390580 520857 3700741 3700969 3700969 3700422 8870580 3700580 3930212 3700741 3700969 3700772 3930422 3700741 9710205 3700969 9710006 3700205 3700741 3700880 8710414 7790857 7790857 8870924 2080770 2080770 9710920 2760770 8711023 3950888 5231023 9710782 4630282 2760043 2760752 8190580 3730420 3730646 4630580 5231023 7790857 9710580 3730741 9710857 9710857 9710580 3700960 3700960 3700960 2080770 9710857 8190812 9040857 8710969 9710969 4630071 4630913 4630829 4630004 9710987 8190964 8710414 8711002 8870888 3700969 3930880 3930212 3700857 9710743 9710371 9710920 8190964 3700964 8190006 520857 8190964 3700752 3700888 3700960 8710770 8870580 2760580 3470580 7790752 3470043 7790964 7790888 9040857 3700770 9710752 3700770 9710371 7790741 8190071 8870888 8190964 8190560 3730004 3730580 3730004 8190857 9710920 9710987 3700888 3700772 6660561 6660212 3700212 9040580 8190857 7090973 3730004 8191010 7090973 8190160 7790857 9710580 730580 730422 8870772 730796 8870580 9710996 8870580 3700580 3730004 7090973 8190857 8190857 7090973 8191010 9040857 7090973 8190646 730928 730880 730880 3230212 3700857 9040857 9040857 3700770 730646 3730004 9040857 9040580 7090973 9710371 9710580 7090857 7090857 7090973 7090973 7090973 7090973 7090973 7090973 8870580 3700422 3701007
4720964 4720888 3950888 8550857 9350752 730770 8870580 2760422 2760580 2760888 2760580 4720580 2760580 8550519 3390580 3390580 9710006 9710371 9350560 9710857 8190560 3390071 730961 730812 730580 730560 730812 730580 3700422 9040580 4720043 9040580 4720752 730071 8870924 8870924 9350752 6660561 3930796 910857 8870969 9350560 8870969 3700880 2760580 7790371 911007 910646 3700772 910772 730880 3230560 8870422 8870205 730580 8870580 8870424 8870422 9710880 3700928 3700796 3700888 9710350 910741 3470580 3470987 7790200 7790894 7790937 7790964 2760414 2760809 7790200 7790770 7790371 9040580 9710371 3930772 3930772 3930772 9710772 7790969 6660930 6660930 6660560 730729 8870969 2760872 7790424 3700519 9350924 9350928 9040870 3700969 8550857 3700928 3700580 8870580 730371 730646 730770 8711002 8870924 7790888 7790888 7790961 7791007 8870422 4720580 8870580 9350687 5370519 730857 730930 731023 730043 8710930 7790888 7790857 9350770 8870770 8870969 9350964 2760560 6660560 2760928 2760928 9350743 9350870 8870560 7790857 730857 8870580 731023 731023 730772 730772 730646 730646 730646 730928 9040772 9710285 5230930 9350560 9350371 9350880 5370772 2760969 8870772
731023 730043 7791007 7790752 2760414 5370519 2760930 7790937 7790519 2760006 5230930 8190371 9710923 5230646 9710923 730580 8870772 731023 5370772 730772 8870772 8870969 731023 8870870 5370964 2760930 730796 2760880 730212 2760772 730560 8870043 8870205 6660880 8870969 8870580 8870580 4720969 8870424 520857 8190961 520857 520857 4720857 910857 910857 8191007 4720857 910857 910857 8191007 9350961 8190961 520857 8190961 910857 4040200 911007 911007 3931023 3700772 6660880 9710422 2760580 9710580 7790772 2760743 3700743 8550857 730205 730205 230006 730772 730560 7790937 730928 8870772 730928 730928 730928 730646 8870772 730857 910772 730857 7790894 7790772 8870772 2760006 7790741 2760646 730924 730646 730371 9350560 4040200 911007
4630580 4630580 4630580 4720200 3470782 9350888 3950888 7790857 8870580 7790371 8870560 2080888 2760071 7790964 3470043 9711002 8190071 5370888 3930519 8711002 8710743 730743 8711023 8190422 8190580 8710466 3730743 2760580 8710743 2760752 3470782 9040580 730205 9710422 730812 8191007 4720743 4720857 8190880 730580 730812 3230422 730071 9710920 9710964 730006 730560 730422 2760964 7790964 7790894 2760888 8190741 8190812 730888 9710782 9710969 3700752 8710752 9710920 9710071 3470987 3950960 9710071 9710752 8190812 8190752 8190913 8711002 730770 2760752 8711023 730646 8870772 3930422 9710782 9710043 2760071 5370772 730770 730772 8711002 8870560 3470987 2080888 7790857 7790200 8870043 9040580 7790937 8870880 7790937 8870580 9710996 730560 7790043 9040580 9710212 9710212 2760894 2760580 9710043 9710987 3730519 8710466 9710782 3230205 8190920 9350924 4990857 4990857 4990857 3930857 9350770 8710519 8710743 1030638 6770857 5370930 1030638 3730241 1030857 1031010 1760973 7090973 8190519 8190580 9350752 3700770 3470961 730006 3230880 9710739 3700964 9710743 5370071 5370960 8870580 9710071 8711023 8710857 3730071 3730422 3730580 1760973 4630857 4630043 4630580 8190857 3470422 3230796 9710496 9710422
8550857 9040857 3731002 5370160 8190812 2760043 7790894 7790894 9710043 7790857 7790857 2760043 7790857 3950888 3470043 7790857 7790894 4630857 4040200 9350160 3931023 3700205 910741 8870969 520857 3470857 8190894 8191010 8190580 7790857 7790857 7790857 3470857 7790857 3700772 9040772 3390071 7790752 7790857 9040857 8870743 3700857 3470422 3700743 3700857 7790857 3471023 7790741 3700043 3700857 3471023 3390071 7790857 7790857 7790770 3700772 3700857 9040772 9040580 7790888 8190770 8190752 7790371 3470857 7790857 7790371 8190519 3700772 3470422 3700857 9040857 3700857 9710414 7790741 8190741 3470580 730812 8870580 9710580 3700888 3700422 8870880 9350770 8190580 3700200 3700857 9350743 8870942 8190913 730857 8190772 730006 8191002 730857 5370741 5370160 8190687 8190964 8190580 9350930 5370043 8190812 8190942 5370404 8190687 5231023 7790857 8870422 5370770 9350601 9350371 9350880 910857 9350924 9350560 8190930 9710996 9350422 8190422 8190857 3730004 3730004 8191023 8190857 8190770 5370770 8190071 9710519 7790857 9350560 7790200 4720857 7790200 7790200 7790424 8190913 8190006 8191002 8190913 7790200 8190913 8190071 730857 730964 9350930 730857 730857 9350741 730857 8190772 8190071 7790857 8190930 230560 9350560 9710371 9350964 5370772 9350964 9350894 8190896 8190580 9350880 8190006 8190930 8190872 8190772 7790857 8190913 7790857 8190519 8190519 8190772 7790857 3730646 7090973 7790857 3950888 3390580 3950888 7790964 8190964 7790888 8190071 8191023 8191002 7790857 7790857 7790857 8190930 8191023 7790200 3700043 7790857 9040772 8550519 3700212 2760646 7790200 2760924 5370741 9350880 6660422 9350880 9350880 9350560 3730993 5231023 5231023 8190006 7790964 2760888 8870888 8870743 8190741 8190071 8190071 8190920 9350924 4720741 9710888 9350993 8190371 9710285 9350924 8190913
7790752 8710466 4630580 8190857 8190580 3230212 3701007 3700580 3700414 3470857 9040857 3470580 9710580 4720580 7790752 3230422 4720752 4720964 3230880 3230880 3230646 3230880 7790857 7790772 8190772 9710741 300422 3700796 8190857 8190857 9040857 9040857 2080770 7790770 8190580 9710580 7790857 8710857 8710857 8190770 8190741 7790964 7790964 8190857 8190920 8190894 7090973 7090973 7090973 7090973 7090973 8870888 7790371 8710772 7790371 5230646 9710414 7790924 9710741 7790964 8870422 2760880 3700519 8190371 8190857 7090973 7090973 7090973 9040857 9710739 3470857 3700857 8190560 3470857 9710006 8190857 7090973 3470043 7790894 7790770 9710772 9710767 8190071 9040857 9040580 3470872 730928 3230212 3700205 7790888 7791007 7090973 9710741 9710580 3230741 3700422 3700580 300422 9710422 9710880 8190880 7790857 7790857 3470772 7790857 3470857 8190772 3700752 3700969 3700205 7790857 8190857 8190519 5370519 8190687 8190964 3230371 3230560 730961 910371 730212 7790896 911007 4720961 9710923 8190071 3470857 3950960 8191007 4720857 9040857 4720857 3470961 3230770 730560 4720043 2761007 4720580 4720857 9040857 4720580 9710580 2760580 8870580 9710580 730880 3230560 8190857 4630580 3470857 3470857 9040857 3700741 9710880 2760896 7790741 5370043 2760043 7790752 9710043 7790894 3470580 3730560 4630071 4630913 2760770 2760422 2760414 2760767 9710519 8190519 7790857 3390580 8190580 3700741 3700743 3700770 3470422 3470872 3230796 3230796 4720741 3230212 9710996 3230422 9040580 7790752 4720752 4720200 3230646 9710006 3700071 3230560 4720741 2080770 8550857 8710646 9710880 2760752 2760770 2760770 7790371 9710920 3731010 3730646 8190857 730006 2760872 2760006 8190812 3700796
7790752 7790752 7790752 7790857 4631010 3731010 3731010 7090973 8190857 8190071 9710864 2760006 5370160 2760516 2760924 3700519 3700796 9710880 8870924 5230646 3470422 3950960 8550857 730414 4720580 3470422 4720580 8190913 4630580 4630580 8870969 8870969 9040580 9040580 8870580 9040857 9040580 3730770 8710752 8710969 3950896 3470857 8190071 9710930 9710580 7790741 3470422 7790741 520969 3930422 3931023 3930796 3931023 9350560 5230646 4720857 6660880 730212 730212 2760422 730880 730580 730857 9710043 2760006 7790964 3730888 3730646 4630580 8190652 3470857 5230646 9710969 3950888 8190770 3730646 8190870 8190519 3730004 4630043 4630043 3390043 4720580 4720743 4630071 4630580 8190964 8190580 3230796 8870770 3701007 9040580 9040857 4720371 2080888 7790888 9710519 3230646 3230519 3230560 3230212 730928 8870560 3470857 9040857 7790200 7790200 8870043 8870743 8870942 8870560 8870580 9710743 2760924 8870772 2760071 2760770 7790857 8710772 9710772 3470772 2760071 230504 2760772 2760754 7790857 230857 2760741 6660422 3700205 3700752 3700205 3700924 8190872 9710782 8710414 3700205 3700205 3700752 9710371 3950960 8190371 8870924 4720371 3230872 2760580 2760580 2760888 3730580 3730580 4630857 8190857 8190560 8870770 9711002 4720752 730560 3701007 730796 7790857 7790969 3700580 3700212 3700880 9040857 8190880 2760743 2760371 2760071 2760752 7790964 8190964 5370371 9710923 8870888 9040580 7790896 3390071 3390043 7790857 3470987 7790888 3470772 3470772 7790772 3700743 9710422 3700928 3700200 8870772 5230646 3700969 5230646 7090973 4631010 4630071 7090973 8190741 9710864 9710857 9710864 9710739 3700422 3730888 3731023 4630580 8190580 8710466 2760071 9710422 2760741 7790752
5370888 9350770 4630580 5370752 8190894 5370960 3470930 6660996 9350560 2760930 5370743 8870205 6660930 5370743 730071 730754 5370772 5370930 4990857 9350772 8190371 8190580 8190857 8190857 7090857 7090973 3470857 7790857 9350930 730200 9350924 8870422 8190857 8870424 7790857 7790371 4720857 9350928 9350770 9350752 730752 5370770 730741 8711023 8870743 8870772 9350964 9350888 9350888 3730969 3731002 7980973 3730004 4630580 3730580 5370888 2760964 3730580 3730772 3730646 7980973 9350560 2760741 5370519 3730422 9350888 5370743 2760894 3230646 2761007 8190422 3730924 8190752 8190961 3700772 9350560 8870772 230924 730857 730960 9710930 8710930 9350894 9350924 5370752 730857 9350880 5370964 730857 730857 9350422 3731002 8191007 730770 9350772 3230205 6660996 9710422 5370371 7310646 9350928 9710857 3700772 9710741 2760741 9350930 8190930 5370371 8190071 730857 8190964 3730004 3730741 3730741 8190770 8190770 3731002 8190652 8190652 8190422 5370371 5370964 8190772 5370741 8870772 2760772 730772 5370772 8190772 9350772 9040580 9040580 5231023 8870043 7790857 3700772 8870424 3470580 8870770 8870422 3700043 8870580 8870772 7790857 8870772 7790857 730754 7790519 730754 2760741 8870772 3700857 730857 7791007 730928 8870924 4720741 4720741 4720772 4720741 8870870 7790857 2760772 5371007 3231023 4720772 730772 4720961 8870772 730870 5370741 2760961 2760371 730205 6660043 3230560 3230772 7791007 230924 730043 7790870 2760961 8870560 8870580 8870580 9040580 3700580 7790752 3950960 3950960 7790043 2760043 5370043 2760580 7790424 9710496 730857 730580 8870580 8870580 8870580 3700519 9040870 7790519 9350870 730580 7790770 5370964 5370888 8870772 3470772 7790857 8870580 8190071 8870743 2760752 8870580 8870580 8870743 7790870 8870580 7790741 7790857 5370960 730857 8870424 8870424 8870772 730928 730646 8870580 8870969 8870580 8870969 4720371 4720741 7790857 8190913 9350519 8190920 7980973 8190964 9350888 8870743 7790857 9350743 8711023 8710466 8190752 2760071 2760580 7790888 7790741 4720964 3470580 7790741 4720200 2761007 2761007 5371007 2761007 8870580 7090973 8191010 8190580 9350741 730772 730857 3700857 730870 2760767 8870770 2760928 2760872 3700414 2760809 7790924 3230519 3700422 7790741 3700200 8870924 8870924 8870580 8870580 3230560 9711007 4720200 7790857 3470580 3700200 8870888 4720580 8190580 8870770 8870772 7790752 7790752 2760752 3470772 9040772 7790857 7090973 8190770 8870743 730743 2760960 730743 3470580 3700580 3700519 8870580 8190857
3700969 8550519 9710371 9710006 9710371 3470872 9710920 7790371 730006 730964 7790894 7790896 7790937 7790894 7790894 730580 3470772 7790888 3700580 3700969 730969 910371 3470772 3700960 9710741 910741 3230880 910741 910772 8190371 8190857 8190961 8190880 7090973 4720964 3470580 4720043 3390580 3950896 3700043 3700205 9040580 3700071 3470043 3700772 2760580 5370752 2760752 8711023 8870880 7790752 8710767 2760770 5370071 5370964 4720857 4720580 8870043 2760770 7790424 7790200 7790519 7790752 7790741 7790752 3700969 3230519 730924 730422 2760371 7790888 7790752 3950888 7090973 7090973 7090973 2760350 730560 730006 730560 3230371 730880 4720743 2761007 9040580 3700888 8870770 730752 5370043 7790772 3930371 8870422 3930205 730205 910741 9711002 7790770 4720741 9710729 9711007 8710767
3470580 8870580 2760205 2760872 2760560 7790857 4630371 7090973 7090973 9040857 8190371 3700969 910741 910646 4720043 4720888 4720772 730741 3931023 730857 8870422 8870969 9040580 8190560 7790896 7790857 7790894 7090973 7090973 7090973 7090973 7090973 4720857 3230812 6660857 6660996 730422 730930 730646 731007 7790969 7090973 8190812 8190422 8190812 7790752 7790770 9040857 9040857 9350560 2760969 9350519 9350880 2760646 8870422 7790519 910371 3930212 3700969 2760580 2760924 2760924 2760580 7090973 7790857 3390580 3470043 4720961 2760752 2761002 730880 3230646 3230770 730880 4720752 7791007 3700519 4720772 3930560 8870969 3930772 730960 730969 730772 730772 730741 7790741 730414 4720043 7790961 3470772 8870969 3470987 5370743 2760770 8711023 9710920 8190920 8190920 8190071 7090973 7090973 7090973 8190770 6660880 3930796 3930796 3930212 7790770 4040200 7790770 7790961 7090973 7090973 7090973 520969 3470930 7790772 7790969 7790969 2760071 9710212 9710527 8710422 8870743 730880 730212 7790772 3230796 730212 8870560 7791007 3700969 3931023 3930212 3471023 3700969 3950888 7090973 7090973 4720857 8870772 730924 730580 730580 3470580 730770 7790964 7790964 7790964 4720741 3230772 3230422 730880 730928 730857 730857 3930880 3700580 8870969 8870880 4720969 730580 3230519 730857 730200 730928 3700200 3931023 520857 3470580 9710006 9710006 7790371 7790772 7790519 7790741 9350993 8870924 730961 730857 730857 730812 730646 9710006 4720363 3470987 3470580 9710580 4720752 3470580 3471023 3700880 3700200 730928 730754 4720772 730857 731023 2760930 3470857 730924 7791007 7790741 7790519 7790857 7790371 2760741 2760580 9710580 3470580 7790371 2760924 730580 730580 4720371 730754 730857 730857 730857 8870772 4720200 4720857 8190857 8550857 9710920 8550857 730928 730646 730754 7790772 2761007 7791007 7790741 3390580 2760770 7790770 3471007 7791007
730857 730857 730857 730857 3230924 910200 730772 7980973 730770 5230422 3930560 230350 730580 730414 3730200 2370973 910371 230741 230767 230560 7790371 730580 730743 8190580 7790857 730580 3230422 3930205 230857 5370743 2760516 3730969 8190969 3700741 9710987 3730743 3730743 3730743 3730743 7310646 3730071 5370200 7980973 7980973 4990857 4990857 9350930 7311002 7311002 730857 730752 730752 730930 730200 6660930 730857 730857 730857 6770857 730857 730200 730422 730930 7980973 7980973 7311002 730857 5370772 730857 730857 5370571 730857 730857 730857 7980973 4990857 230857 7311002 9350930 731007 730857 6770857 6770857 6770857 9350930 7311002 4990857 730857 7311002 9350930 730200 9350961 730961 730772 730043 730200 730772 730930 730857 730857 730930 4880973 730857 9350743 730857 5370043 7980973 9350870 730857 730857 9350772 730857 730930 730930 730772 730646 730857 730200 730857 730646 6770857 5371007 730857 730857 730857 7311002 730857 7311002 730857 730857 730857 730857 730930 730857 730857 5370772 6660930 730857 6660043 730200 730930 730200 730857 730200 730857 730772 730422 730200 730857 730371 8870424 5370071 9350519 730580 730928 730857 730857 730580 730857 730857 730414 730857 730646 730857 2760930 2761002 730857 730857 730857 730857 730857 7980973 730857 3930772 730772 730752 9710920 3250857 2761002 2761007 7790888 5370071 2760888 8190894 9350560 4720371 7790371 8870969 730857 730200 730729 730580 8870580 730560 730646 8870422 730964 3230212 730812 9710422 2760350 3230422 9710496 3230741 7790752 2760560
730006 3700969 9710857 3700857 9710371 520857 3700071 7790519 9350888 8870422 7790752 3470422 3700770 5370772 7790772 5370043 7790772 3931023 5370371 730857 730772 5370772 230857 7790857 7790857 7790741 7790519 7790894 7790741 3700752 3700888 9710964 2080888 8870580 9040772 8870580 9040772 9040772 7790894 520857 9040772 9040772 8190857 8190160 3700772 7790857 3470857 9040772 9040772 9040772 9040772 9040772 9040772 9040772 9040772 9040772 9040857 3470772 9040772 8870580 3470580 9040772 7790424 7790969 7790969 9040580 9040580 8190857 8190857 9040857 9040857 9040857 9040857 3950888 8870580 3471023 7790969 7790741 8870580 7790894 7790896 9040772 9040772 9040772 9040772 8190857 8190857 8190580 7790857 3470422 7790857 7790857 7790857 8870772 7790896 7790894 9040857 9040857 8190913 7790857 8190580 7790888 9040772 9040580 9040580 7790857 9040580 9040580 7790969 8190071 3731002 8190160 9040857 7790857 7790857 7790857 3950896 2760964 8870580 8710466 2760888 2760743 730857 2760422 2760580 2761007 8190857 8190857 8191007 3950960 8190741 8870888 8870888 8710580 2760969 8870969 7790741 9040772 9040857 3470857 9350770 3700796 9350560 2760880 9710422 8870422 8550519 8190422 8190857 6660857 730857 5370741 8870422 3230212 3230646 2760371 2760006 9710371 4720741 7790857 8870772 7790200 2760043 2760743 7790888 7790772 8190896 8190930 5370888 3470930 9710923 2760580 2760371 7790894 2760770 2760371 7790371 2760071 2760006 2760741 3230646 3470580 4720200 4720964 2760924 3230646 8190857 8190857 8191007 3950888 3950888 7790964 7790752 7790894 3470043 7790424 7790752 7790896 7790969 8870770 2760741 5370741 2760770 2760752 3470580 8190580 7090973 7790888 8711023 8190857 730071 2760960 730770 9710930 2760961 7790200 2760350 2760580 730071 2760888 2760741 9040580 730857 2760580 2760928 8870580
8190770 8870770 3471023 520969 910200 9710205 9710864 730741 8870924 8870580 5370960 8710519 910741 730071 730924 2760888 730071 730752 730560 2760371 731007 5231023 5231023 3230924 731023 730371 5370371 730857 9350422 9350993 9350924 730371 8870969 9350928 3930212 9350741 731023 6660580 730741 2760924 730770 230350 230504 2760580 8870580 730960 730743 2760071 8870580 230414 730964 730857 8710752 5370770 230496 2760071 2760928 8190894 8710422 730580 730071 730743 9710371 2760888 9710782 9710782 9710920 3471023 9710920 3470987 8710580 4720200 8711002 730519 3730770 7980973 1760973 3731007 730741 730772 730754 5230969 3700414 3700770 3700796 3700212 9710212 2760888 6660880 3700964 2760928 2760414 9710767 8710519 9040870 9710519 730519 7790888 2760888 7790741 7790888 7790857 7790741 5370930 730371 2760043 8870580 7790200 9040857 3950888 9710527 2760872 6660996 730888 230350 730422 230920 2760743 6660996 2760422 730519 6660561 3700519 6660560 3930519 3230519 230350 230924 230006 2760888 8710930 730888 8870888 3930519 2760743 2080770 730961 9350870 9350870 4720857 4720200 4720857 3730043 8870888 730371 8710414 4720741 6660996 3230880 3230212 4720363 3230519 6660212 9710772 2760741 2761007 9710212 6660580 3231023 3230796 3230772 3230422 1760973 7980973 7980973 5370200 3731002 5370930 9350930 730519 6660043 6660580 730928 3230646 8870424 3470961 3470580 3470285 6270652 5230422 8190880 9350924 3930422 3730969 3730560 3730560 8711023 230767 2760770 230560 3470580 730006 5230872 7310560 3730924 3730371 3730422 3730872 8190652 8190687 2760741 3230519 3731002 3730241 3730928 8190857 8190870 8190857 8190857 3730993 8190580 8190930 8190519 8190857 8190006 8190646 3230924 9710422 3230422 3230422
730928 8710752 730960 6660580 730580 8870580 730770 730770 9710580 730924 3230371 3230414 5371007 3230770 730071 3230519 730371 2760741 230350 730560 8710580 3230812 3230646 8710752 730960 3230770 730752 730580 2760752 230767 230496 230504 6660996 730888 9710987 730580 730519 6660580 730646 730071 730743 9350519 730928 3230560 3230422 3701007 910200 3230796 3930212 3700969 3230205 8870580 9710071 9350560 730580 8710580 9350743 6660422 730870 730071 730924 8710422 9710205 2760770 5370964 230920 230496 2760772 9710920 8870888 6660880 9350888 730969 730580 730580 730519 9710580 730580 2760071 2760964 2761007 8870888 9350870 9350961 3230371 4720743 4720743 4720752 7790888 9040580 9040580 9040580 3700200 730580 4720580 4720371 730414 7790371 730812 4720964 8870743 3470422 730928 8870422 8870580 730796 8870880 8870422 730646 730071 731007 730888 3230741 730743 730969 730560 3230422 3230560 8870580 730857 6660212 4990857 730857 730743 3701007 730752 6660741 6660580 9350772 730200 6660043 9350422 2760580 730371 730560 6660580 2761007 6660857 9350993 6660422 3230796 3230880 5370071 8191007 730580 730580 730580 6660580 9710422 3230212 3230422 4720741 3731010 3731023 3730888 8190371 9710857 3230796 3700422 4720888 730752 3470772 9710772 9350930 3700519 730743 5370964 8190580 730888 730212 2760205 9710772 4720772 3230796 300422 9710752 8710580 7790964 8190920 3230969 910200 730969 8870424 8870743 3470580 3950888 3230969 3230880 910371 9710880 3230212 3230796 3731010 3731010 8190857 8190857 7090973 7090973 8190857 230872 730930 6660930 6660930 6660930 6660560 730857 7790371 9350772 8870880 2760560 3700772 9040580 2760646 2760743 2760071 3950888 2760560 8711023 2760770 9710930 9710923 9710864 9710729 9710006 4720752 7790741 9040772 9710205 3470422 3230414 3700960 9710371 8190560 3730924 5230857 9710864 9710006 8190560 4630371 7790857 2760924 2760888 3471023 3470782 3730770 7090973 7090973 8190857 7090973 4630004 7090973 8190770 9710857
3730741 5230857 9710414 5230422 5231023 5230930 3230414 730752 6660996 3230996 2760422 8710519 8710519 9710996 3700422 2760414 2760969 2760687 3230371 2760741 730752 3230796 9710880 8870770 2760888 9710519 8870969 2760961 2760752 730928 730212 9040772 9350371 8190961 8190160 8190646 730580 730580 730519 6660996 730422 8190580 3930560 9710969 9710964 3700888 8710969 3470987 9710920 2760071 230504 2760422 2760880 2760741 2760770 3470772 2760752 2760743 2760752 2760741 2760422 2760422 9040580 230560 9710422 8710422 8190071 730772 230872 2760350 9710205 2760770 2760743 3470772 9710920 9710772 7790772 8710767 9710519 5370841 7790888 7790896 8710519 2760043 230872 2760752 2760772 2760071 230560 8190880 8191010 8191010 8190646 8190580 2760924 9710580 9040580 3950888 8870743 9710043 2760752 9710205 9710996 730812 8870580 730924 9710422 3470772 7790752 7790964 8870043 2760928 2760928 2760928 2760888 2760924 7790371 3470772 3230996 730880 8191010 8190646 3470857 3700743 9710920 9710920 8190920 8190071 8190857 8190560 9040857 2760767 7790752 3470772 3470772 7790752 3470772 2760205 6660996 3700422 3700205 7790888 2760872 3470043 7790770 9710071 6660212 9350964 3230796 8710969 3700743 3700519 9710920 9710857 3730004 3730004 8191010 8190752 8710770 3730004 7090973 7090973 7090973 9710857 9710969 3470782 9040772 2760960 2760770 2760422 2760071 8190857 7090973 8190857 8191010 8190857 9040857 8190857 8191007 4720200 3700580 2760880 9710741 8190580 730772 3700969 3930796 3930560 3700888 9710969 3470872
8870870 9350770 9040580 3470043 3700888 7790371 3731010 4630043 4630043 3390043 7790857 5370930 5370930 9350930 730772 3700772 730772 4630930 4630930 4630857 4630638 4631010 4630043 4630580 4630857 4630004 4630913 4630004 3390580 2760741 8190801 3730560 3731010 3730004 4630043 4630638 7090973 9040857 7790857 9710741 3700743 9710519 2760770 9710741 9710414 7790857 8190160 7790857 7790857 7790857 3700964 3700580 9040580 520969 3700414 3700960 3930212 3700969 3700969 3700888 730928 3700888 4720371 3230872 4720888 730880 730880 730796 9710527 3700422 8870580 3470580 2760928 2760560 7790964 9710964 7790964 7790964 5370772 8190930 8190772 7790772 8190772 7790770 3700772 9710414 3470857 8190857 3930212 9710729 520857 9040857 4720857 3930857 9710414 4630638 8190857 9040857 3700752 3930422 3930796 3700580 3700580 3230741 2760741 9350870 8190752 8190772 8711023 7790770 7790770 7090973 3731010 8190857 3730422 8190857 6660996 2760205 2760350 8190857 8190857 8190519 8190071 9710414 7790888 7790741 4630913 4630913 4630580 4631010 7090973 4630004 4630937 3470772 2760350 230924 2760371 3700519 3731010 3731010 3730004 730043 6660996 3700422 3700043 9040580 7090857 7090973 3730004 7090973 3230414 9710371 3700924 3731010 3730420 3731010 3730646 4630857 3730004 4631010 4630004 7090973 7090973 8190580 8190880 300422 2760422 2761002 9710923 2760880 230496 2760205 2760743 2760071 2760043 2760772 7790888 3470772 3700414 3700580 3700043 3700961 9710422 730888 730928 730928 730928 730928 3700043 8870743 7790200 9710772 7790772 7790937 5370071 9350770 3930880 3700796 7790969 8191010 9040857 3730004 3730772 5230930 230741 230741 8870043 8190772 8190580 8190580 8190857 3730004 3730004 1760973 1760973 3730004 4630638 3730004 4630004 9350928 730043 730870 6660212 730043 3700422 730741 8870580 4630371 4630580
8191007 8190857 3470857 3730646 2760930 6660043 2760205 3700772 7790752 7790857 9350371 6660560 8190857 8190519 2760894 2760516 2760752 2760872 2760114 2760770 2760752 8190896 2760960 2760580 5370772 8190580 2760516 8190894 3730114 3730770 3930212 6660561 2760964 3700519 8870743 2760422 6660422 3230996 3930422 8870870 730857 8190687 3730420 1600973 3730004 3730004 3730004 3730004 3730004 8870942 9350894 3230880 730560 731007 730580 730580 730580 730928 730519 730580 730580 730857 730870 911007 730580 2760687 2760516 2760516 6660560 2760560 2760516 6660560 2760205 7790870 7790772 7790894 9350687 9710350 8870942 8870969 9040772 7790969 3700200 9350870 730870 9350937 8870880 3230646 8190646 8190857 3731010 3730646 3730004 8190857 8190857 8190913 8190519 2760930 2760952 2760516 2760896 2760516 2760516 2760894 730961 9350888 3730004 3930880 9350422 3700796 7790894 3230880 910371 2761007 2760872 730200 730880 9350894 9710527 8870942 6660043 6660561 730422 2760880 2760422 2760772 5370772 2760930 2760114 2760371 3730602 3730519 3730004 3730004 3730004 1760973 3730743 8190519 6660880 2760880 2760896 6660043 6660996 2760371 2760687 2760205 2760422 6660880 2761002 6660560 2760872 230350 8190519 2760560 2760371 3730114 8190687 7790964 2760896 2760930 2760930 8190519 8190071 5370772 2760896 3730114 2760516 8190519 6350857 2760894 2760894 2760894 2760896 2760743 2760880 6660212 3730772 3730004 3730993 8190857 8190964 2760880 2760743 2760896 2760964 730894 2760964 6660212 2760646 9350422 2760894 2760043 3230880 3230796 9040580 2760205 230560 2760205 230560 230560 2760422 2760422 2760422 2760560 2760560 2760560 2760205 7790519 730812 8870580 730580 2760580 730205 3230560 730560 3930772 3700519 730580 9350772 2760896 2760350 2760924 7790371 3730519 3730560 8190857 8190580 9350930 2760580 8190580 2760071 7790752 730857 730870
3230872 6660996 300422 3730872 4630424 3230414 3230796 5230969 9710923 3950896 9710371 4720752 9711002 8710466 2080770 4720580 2760960 8710752 9711007 8710466 7790770 3470580 9710920 9711007 9710519 9710996 9710205 7790371 2760894 3470930 730422 730812 2760414 7790894 2760743 3470580 9040580 3470580 4630371 4630580 4630580 5230872 3700580 730812 9710580 9710519 9711007 230350 230924 230924 2760043 2760071 2760006 2760371 2760006 3470043 8711023 9710580 2760414 2760964 230809 9710772 9710920 730043 6660996 2760043 6660560 6660560 6660422 2760770 2760516 9710752 3470580 3700796 910857 3930796 730812 3230996 3230422 3470422 2760422 5370743 7790424 2760516 730743 7790741 3930422 730560 730422 8870422 730422 730560 4720772 9040580 9040580 9040580 3470987 4630043 4630043 4630043 4630043 4630043 8190652 2760043 2760560 230560 2760772 2760770 3730560 4630580 8190560 8190580 3471023 3230422 3230996 730212 730205 3470285 730880 730812 3470043 2760560 7790741 3700743 3700928 3700741 3700964 9040857 4720857 730580 730580 6660422 230560 9710527 730212 3470580 8870422 3470580 9710741 8870969 9710729 3950888 9710888 9710729 9710880 3230646 4720200 3470580 8190857 8191007 8190580 3470857 3470772 3700752 3700741 5230872 3700960 3700880 3230996 3230422 730371 3230422 4720741 8190519 4720580 3230422 4720964 4720752 9040580 3700924 3700960 9710741 3700205 3470422 9710743 3700519 9710960 3700888 9710350 2760741 730772 7790752 7790894 2760043 2760928 7790964 7790741 3930212 3930422 3930880 9710496 3700770 9040580 7790937 2760743 7790964 5370043 230924 2760770 5230422
8870580 3470580 4720371 9710414 3700422 3230796 3230880 730006 4720743 9710422 9710920 4720964 9040857 9710414 3470043 1600973 3730420 3730004 3730004 9040857 8190580 3230205 730857 730646 730772 9710923 2760687 7790752 9710519 7790888 8710930 5231023 7790857 3730772 3730743 3730071 8190071 4630638 8190857 8190857 7090973 3230770 3230212 3230770 300422 3230414 3700770 9710414 8190772 7790770 8870772 3700580 9710205 9040772 9040772 2760754 9710772 8710772 3730772 3730928 3730071 8190857 3730993 3731002 3730924 3730741 8190560 9040857 9040772 3471023 3230880 3730422 1760973 8190857 8190857 9710857 5230646 3700924 3700924 8190371 3730993 3730924 5230422 3700205 3700880 730754 730928 3700772 730580 730212 2760772 230809 3700772 7790371 7790964 730071 5231023 730006 730580 730560 9350422 8870043 8190580 8870580 3730770 3470857 8190770 3950960 8190857 4630580 9350772 9350772 730772 2760924 3700772 8711023 6660422 3700043 8870880 9040580 9350741 8190770 9350741 910857 3700888 9710422 3930560 9040857 3700772 9710772 9710741 730857 8870969 730580 8870772 730646 730580 9710580 730371 9711007 8190741 8190580 3730924 8190580 7790857 7790857 7790857 7790937 8190964 5230930 6660930 6660880 3731002 9350772 9350964 9350743 8190580 5230857 3730924 3730371 3730371 8190741 8190006 8190519 9710414 9710285 7790770 3730770 3730741 3930880 3931023 3700752 2760043 7790964 8710864 3700414 3700964 4630638 4631010 3730646 730580 9710414 9710741 730741 730857 7790857 3700519 7790857 9350924 230741 2760809 2760006 2760772 230809 2760752 2760772 3470930 8190770 3731002 8191002 3700200 3731010 8190857 9710857 300422 3930560 3700205 3700205 3930212 3700796 3700741 3700928 9350924 1760973 8190857 1760973 8191023 8190560 730880 8870772 730928 3930560 3230969 3930422 3701007 7790772 3700580 3700043 2760770 730796 2760422 4720580 730770 230809 2760414 2761002 730772 3700519 2760952 9350928 3700200
7790937 9350993 7770857 7310829 9350770 9350770 3951002 7790200 520969 4040200 8870969 520969
5370841 4720363
1030292 4630282 3951002 5370841 7790200 5370519 5370841 7790961 5370043 3951002 5370841 3731002 7790857 4630282 5370841 5370404 7791007 3951002 7790937 7790969 5370974 5370829 4630200
7790969 9350519 5370841 5370877 5370841 7790937 5370404 5370841 5370841 5370877 4720363 8870580 8870580 4630200 5370841 1030993 2760516 5370404 5370841 4990857 4720969 7790937 7790937
3700200 9350601 9350937
null
null
3731002 1030282 4630200 4630200 1030282 250200 250200 5371023 250969 8190857 7310646 7790937 4720200 7790200 8190652 8870969 7790937 9350772 8870772 7790857
251002 3950896
7790969 5370841 5370841 4630386 9350961 9350961 5370974 5370200 5371007 5370841 7791007 4720363 5370974 5370043 4720363 5370930 5370571 7790200 7790937 7790937 6770857 4040200 7790937 251002 251002
null
null
null
null
null
null
null
5370200 4040200 730857 2760961 5370841 2760961 5370841 4720969 8870969 7790424 5370841 8870969 730961 7790200 5370519 4040200 7790969 7790857 8870969 7790857 7790857 4040200 9350961 5370930 5370829 251002 5370043 7790969 250969 7790937 9350961 7790937 730752 5370752
1030282 5370841 251002 250200 5370160 7790424 5370877 4720200 3731023 250969 4630200 7790937 5370519 7790857
null
null
null
1030282 5370877 5370404 7790200 7790857 4720363 8870969 5370930 7790857 730857 5371007 4040200 7790961 250200 5370841 4040200
null
null
4040200 4720200
3470987 4040200 4880973 1031002 1030282 4630386 8190770
null
null
4720964 8790891 4720857 9350519 8870870 7791007 4720961 5371023
4630200 250200 251002 251002
5371023 251002 8870942 9350601 8870942 8190687 9350601 10110857 9350687 5370404 7790200 8870969 3730993 3731002 7310646 3731002 3730241 7980973 5370071 7980973 3731002 7980973 1030292 7310646 7310646 3730371 7311002 7310200 7980973 5370200 7310646
4040200 9350560 7311002 7311002 7310200 7311002 7311002 7310200 7311002 7310200 7310266 4990857 4990857 7980973 7311002 6660857 2760205 9350961
8190404 3950896 5371007 8190687 3950960 7790200 3951002
null
1030984 250200 1030857 1030200 1030200 1030200 1030638 1030292 1030282 1030282 5371023 5371023 250200 5371023 1030928 1030282 6770857 1030984 5371023 1030857 1030292 1030857 4880973 1030200 4880973 4880973 1030292 1030200 1030200 1030200 1030857 1031010 5371023 1030984 250200 250200 8190961 1030993 1031002 1030984 4630580
null
9350519 3700969 520857 8870424 4630200 1030292 3731023 1030292 1030292 1030292 1030638 1030292 1030857 1030638 1030200 1030984 1031010 5371023 5371023 4630200 1030993 1030984 1030282 1030282 7980973 1030282 1031010 1030282 1030292 1031002 1030857 1030857 1031002 1760973 1030857 1031010 1030984 4630829 4630200 4630200 1030984 1031010 4630200 1030984 1030282 7980973 7310646 3731002 250200 1030984 250200 4630200 3390580
null
null
520857 4630282 4630200 4630200 1030282 1030282 1030984 1030292 1030292 1030282 1030282 4630200 4630386 5371023 8190961 4630386 8190481
null
null
null
3951002 5371007 2080770
null
7790200 1030282 250969 5370200 5370266
5371023 4630386 4630829 4630200 4630200 1031010 1031010 1030282 1030292 1760973 1030993 1030984 3731002 5371023 7980973 1030282 1031002 1030292 1030282 1030282 1030282 250200
null
null
7790870 5370841 5371007 4630282
null
null
8870424 7790200 8870969 4630424 3730519 4630200 1030292 1030282 3731023 4630930 4630930 1031010 4630200 4630200 4630200 1760973 1030282 1030282 1030928 1030292 7980973 3731002 1030282 1031002 1030993
3951002 5371023 5370519 9350601 8190177 9350928 3951002 1030984 1030984 1030984 1030292 1030282 4630200 1030638 1031002 1030282 1030857 1030292 1030984 1030984 1030857 1030857 1030200 1030857 1030292 1030638 1030292 1030292 1030282 1030292 1030292 1030984 250200 250200 5370200 7310646 1030984 5370200 3730241 5370974 5370200 4630386 5370974 4630913
5370404 5370974 4630424 5370829 9350601 9350870 251002 5370519 5370841 5370829 9350928 9350870 730961 5370841 9350601 5370404 5370829
null
null
null
null
null
null
null
null
7790870 3951002 9350993 7790961
731023 3951002 4720363 1030984 1030984 1030282 1030282 1030292 1030292 1030292 1030292 1030857 1030292 1030292 1030282 1031002 1030282
7790857 4720363 250200 8550519
null
null
null
250969 250200 7790857 5370043 4040200 5370043 4040200 1030282 250969 4630200 7980973 5370404 4630200 5371023 4630200 4630200 1030984 1030292 1030292 1030857 1030292 3731002 1030292 1030200 4880973 1030292 1030292 4880973 1030282 1030292 7980973 1030282 1030282 1030292 1030282 4630386 4630200 250200 5371023 4630200 1760973 5371023 250200
null
7310601 8190877 3731002 5370829 3730765 5370404 3730404 6760601 3730137 8190857 9350601 5370877 6760765 5370841 9350601 3730601 3730419 6760601 9350601 8191023 6350404 3730371 9350601 8190404 5370266 8190829 6350601 8190419 8190700 8190829 9350564 3730564 5370266 6760564 3730241 8190829 5370404 8190829 5370877 6760481 6760765 5370877 6760973 8190829 3730829 9350601 6350857 5370371 7980973 6350765 5370877 6760601 9350942 9350601 7980973 9350601 9350601 6760857 6350601 5370829 7310601 7310765 9350601 7310601 7310829 7310601 6760857 7310765 3730601 7310404 1030829 5370877 9350564 5370404 9350601 6760765 8190700 3730829 7310564 9350564 5370571 5370829 6350404 3730829 3730371 7980973 10110857 6760700 3731002 6350404 5370404 9350942 6760646 8190652 6350891 6760700 6760601 5370404 3730993 6760973 6760601 8190580 9350601 6760564 3731002 8190200 6760973 5370404 6760601 6350404 9350601 8190404 3730404 8190419 7310430 8190404 9350601 5370404 9350601 5370404 9350601 8190857 9350601 9350601 6350601 3730765 8190829 6350601 8190404 6350601 6760646 3730601 9350177 9350564 6760877 6760942 8190857 8190404 9350177 5370404 5370404 6350177 8190700 6760601 5370404 8190419 8190857 6760700 3730419 9350937 6350765 3730700 6760601 5370266 3730137 8190404 5370404 5370571 6350765 5370877 9350687 3731002 6350601 9350601 9350942 8190829 6760177 6760700 9350177 6760601 5370404 8190942 6760973 5370404 3730700 3730700 8190829 8190404 8191023 6350601 8190404 7310646 5370404 6350765 8190829 5370877 9350601 8190857 3730241 8190877 3730137 9350601 9350601 8190700 6760481 9350601 7980973 5370829 5370877 8191007 6760765 8191007 9350601 3730765 6760942 5370829 8190481 6350891 8190857 5370877 9350601 8190961 6760700 6760857 7310129 3730419 3730601 6350891 6760646 5370829 6760601 9350601 6350765 8190829 7980973 7980973 5370829 5370200 9350942 6760601 9350601 8190404 8190829 8190877 9350564 6760601 5370404 9350601 8190829 7310564 5370266 5370829 6760942 6761023 6760877 5370266 3730700 5370404 9350601 7980973 3730419 9350601 6350765 8190200 9350564 6760601 6350765 8190829 5370266 10110857 3730601 5370829 5370404 6350404 8190700 6350404 6350765 8190700 6760942 5370571 5370877 8190741 3730601 8190857 3730765 6350891 9350601 5370404 8190371 6760601 6760177 6760700 8190652 5370841 5370404 6760646 9350177 8190404 5370571 5370877 6760973 6760601 8190404 6760646 8190404 8190829
9350601 3731023 7310161 7310700 7310200 7980973 7980973 7980973 1030877 1030928 7310430 1030282 8190071 9350601 5370404 9350601 7310646 7310161 7310669 9350601 8190404 10220857 7310404 5370266 6660857 4990857 9350942 1031010 1030404 3730200 7310700 5370829 730969 3250857 9350601 9350601 9350687 5371007 6350404 8190829 3731007 5370841 3730765 8190829 9350937 9350743 6760646 8190404 10110857 7310829 7311002 7980973 9350928 9350519 9350942 4990857 1030282 7310700 7310646 2370973 1030877 4880973 4880973 4880973 2370973 1030877 7311002 6760481 8190200 5370200 3731002 2370973 7310891 730646 8870969 8190877 7310564 7310200 7980973 7310829 7310129 9350961 8190942 4880973 7310200 9350961 6760601 7310877 10110857 9350993 8190942 7530857 3700200 7530857 5370266 8190700 9350961 9350564 7530857 9350687 2760961 9350601 5370404 8190404 8190700 9350937 3230872 8190942 9350772 730857 9350601 8190700 8190687 8190700 9350928 3250857 6760700 7310891 7310161 7310877 6990200 8190829 7310404 7310877 7310646 7310601 9350601 9350772 6660857 7310404 7980973 7310404 7310646 9350601 7980973 8870969 4990857 730857 6350857 9350601 9350687 9350942 8190687 9350687 5110350 7310700
3730765 8190877 3730137 3730404 8190857 8190404 8190177 3730829 8190877 6760646 8190419 8190404 3730229 8190877 8190404 3730993 6760857 9350601 8190177 6760942 6350404 9350601 3730114 8190564 5370404 8190829 9350564 8190404 9350601 8190519 6761023 8190700 9350601 3730700 8190419 3730404 3730177 6760942 8190404 8791023 9350564 5370404 6350601 3730765 5370404 8790891 9350601 8190404 6350891 3730137 8190652 6760700 6760177 5370829 7310177 6760857 3730765 5370571 6760564 8190942 6350404 5370829 9350177 6760700 5370404 5370877 9350601 3730700 3730981 9350601 8190404 3730177 5370200 8190877 6350891 3730981 10110857 1030877 6760601 8190857 5370829 8190404 6760601 1760973 4880973 3730177 3730241 6350601 8190564 6760481 8190404 8190404 5370404 6760564 8190942 8190700 8190404 8190419 3730765 3250857 5370829 8190404 8190829 5370877 8190829 5370877 5370829 6350765 3730519 5370877 6350404 3730765 9350601 5370877 8190404 6760942 8190700 3730229 8190857 6760877 9350601 6770857 3730177 9350564 3730601 5370404 8190419 6760700 9350601 3730993 3730177 6760942 8190481 3730177 6760601 3730404 5370877 8190877 8190404 8190829 3250857 8190857 9350601 8190177 3730974 6760857 6760601 7310651 5370841 6760564 5370877 6350404 6990481 5370404 8190700 8190177 6760942 8190404 9350601 8190877 5370829 5370404 8190404 7310601 8190700 8190857 6350177 8190700 8190404 6760877 7310404 9350177 10110857 8190700 8190404 6760601 8190404 9350601 6760857 8190564 7310669 5370877 6350891 1030877 5370404 3730765 3730765 9350601 9350601 6350765 3730241 5370404 9350601 8190942 9350601 3730519 8190700 6760765 9350601 8190942 3730114 6760700 6760765 8190700 3730404 6760646 6350404 8190829 6760646 8190829 3730564 3730404 8190829 3730829 3730765 8190404 8190877 5370404 6760765 3730404 8190404 9350601 5370877 6760700 8790891 9350601 8190404 5370404 9350601 6760177 8190942 3730601 3730646 8190829 6990481 3730177 6760564 3250857 6760601 8190404 8190772 6760765 8190877 3730241 3730404 8190177 5370404 9350601 8190877 8190877 8190404 6760601 1030404 3730241 6760646 3730765 7530857 9350601 8190404 9350177 9350601 8190404 8190404 3730601 9350601 8190877 3730229 8190404 9350601 9350601 9350601 8190877 8190829 8190877 3730601 8190404 8190942 6760564 8190877 8190829 9350601 1030877 8190404 6350177 8190877 8190404 1030829 3730296 5370404 6350404 8190942 8190404 6760765 8190404 8190877 8190404 8190700 8190877 8190772 6760564 3730974 3730601 8190857 3730404 8190700 8190404 8791023 6760700 8190404 8190177 8190877 8190700 8190404 1030993 9350601 8190877 9350564 6760857 3730700 8190177 9350564 8190404 9350601 6760700 9350601 4630282
7310564 7310651 8190481 9350564 5370829 8190564 8190481 8190829 8190404 8190404 8190371 5370877 8190942 6350177 8190404 5370877 9350601 5370877 8190404 9350564 8190877 5370404 8190404 8190481 3730114 8190877 5370404 9350564 8190404 8190829 5370571 6350765 8190404 7980973 8190877 3250857 9350601 8190404 9350601 9350942 8190404 8190857 3730114 5370841 3730241 8190829 6770857 6760646 5370877 5370404 3730993 6760564 6760765 8190942 8190404 6350601 8190829 5370404 9350177 8190877 3730404 8190580 6760700 8190942 6350765 6760601 8190404 8190404 5370404 6760601 8191007 5370877 8190404 8190877 8190857 8190700 8791023 8190877 6350765 9350601 9350601 5370829 8190942 3731007 9350942 6760646 7530857 8190404 8190404 8191007 8190857 9350942 8190857 9350942 5370404 8190580 9350601 9350564 5370829 7310404 5370829 8190481 7310646 7310161 2370973 4880973 1030638 4880973 3731002 9350687 9350601 8190752 5370877 1030404 6770857 9350601 3730993 8190857 7980973 5370877 7980973 6761023 3731002 7980973 7310564 6760942 6350765 6760601 8190404 9350601 8190404 8791023 5370877 6760857 6760601 8190700 6760765 6760646 9350601 8190857 9350601 8190700 3730404 9350601 5370266 7530857 9350177 8190404 9350601 9350961 8190404 6760942 7310646 3730386 7310765 3730700 7310891 1030282 1760973 7310404 1030282 1030877 7310404 7310430 1030993 6350177 8190829 7530857 8190404 8190877 8190177 5370877 8190404 9350564 8190687 6350765 8190877 6350857 8191007 8190404 5370829 8190877 5370404 8190829 9350601 6760646 9350601 8190404 5370829 9350601 8190404 8190419 6760601 6760765 9350937 8190404 5370877 9350601 9350601 6760601 8190700 5370404 8190857 8190700 3730765 8190942 5370877 9350177 8190700 6760700 3730741 9350601 8190829 3731002 8190404 8190829 5370877 9350601 9350601 6761023 8190404 8190404 9350601 5370877 6760601 8190404 9350601 8190877 8190880 7530857 9350601 7310651 1030857 7310419 7310765 7310646 7310651 6760481 9350601 6760942 9350601 8190687 6760601 6350891 6760601 5370404 5370841 8190829 6760646 6350601 9350601 7530857 9350937 8190829 1030404 7310601 1030282 1030404 1030993 8190404 7980973 6760973 6760177 9350601 3731007 6350891 3730241 3730114 9350601 3730829 6760942 730200 9350519 9350601 9350601 5370371 6760601 6760942 8190942 3730829 3730241 2370973 1030857 1030282 2370973 7310161 1030200 7310700 3730229 1030292 7310700 1030404 7310161 3730519 7310891 7310601 7310404 9350870 3730241 7310601 6761023 7310363 6760857 3731002 6760942 3730114 7980973 7310564 3730241 7310669 7310564 7310646 7980973 7980973 1030829 9350942 5370404 9350601 6350601 9350564 8190829 6760601 3250857 8190829 9350601 8190404 8190877 3730404 3730137 3730829 8190942 8190700 4880973 4880973 7310891 3730386 1030282 7980973 5370964 8190942 6350404
8190857 8190177 8190700 8190419 6990481 9350601 8190942 6760481 7980973 7310564 7310404 7310601 7980973 7310891 7310177 7310564 5370200 7310601 6761023 5370829 8190404 9350601 8190700 3730200 1030292 8190877 8190404 6760601 8190829 3250857 1030877 3731023 7310430 1030857 4880973 7980973 1030993 1030993 8190829 9350601 6761023 8190857 8190942 3730981 3730004 3731002 3730700 3730229 5370829 4630200 6350857 8191007 6760177 8190564 6760564 9350601 5370404 9350601 6760973 3730296 2370973 3730229 1030282 3730564 6350891 3730601 8190404 9350564 8190177 8191002 5370404 3730404 7310177 7310200 2370973 7310601 7310646 7310161 1030877 7310646 1030829 7310564 9350942 7310891 8190857 5370829 6350601 8190700 6760646 6760646 6760765 7310161 6770857 6761023 7310765 9350601 8191007 3730974 3730519 3730519 1030928 9350601 8190857 6760765 1030200 4880973 4880973 2370973 1030292 2370973 9350601 3250857 5370404 8190700 5370829 8190829 8190877 8190404 6350601 8190200 5370404 3730646 6760481 3730241 1030877 7310601 9350601 8190961 8190961 8190404 3730229 8190877 9350601 5370404 8190564 10110857 8190564 5370829 6760564 9350937 1030877 3730404 6350404 8190700 9350564 8190942 8190404 5370404 8190829 8190177 7310646 1030282 7310669 7980973 7310646 5370877 3730765 8190200 7310646 3730519 7310646 9350601 9350880 3250857 6760942 3730229 8190700 8190877 8190646 8190942 3250857 9350601 6760564 8190404 4911023 8190404 3730296 9350564 5370877 8190857 8190829 6760942 8190177 8190829 5370877 8870942 6350601 3730877 7310891 3731023 6760857 3730229 3730974 8190404 8190404 8190829 6760601 8190404 6760601 6990200 9350601 8190404 8190877 5370404 7310829 7310601 4880973 7980973 7310601 9350601 1030292 4880973 7310404 3730765 5370829 8190404 8190877 8190404 8190829 6770857 7310891 4880973 4880973 4880973 7310891 7310765 4880973 7310564 6350404 6350857 6760481 6760700 3731002 5370571 6350404 3730700 6760646 5370404 5370877 5370404 8190877 6990200 9350601 9350601 5370841 5370404 8190877 8190857 5370877 8190404 6760877 6760177 3250857 8190700 8190580 3250857 9350601 6760564 8190404 6350404 9350601 7310891 3730981 3731007 3730200 3730241 8190700 9350601 4880973 7310419 4880973 4880973 4880973 7310129 7310177 7310564 6760601 7980973 7980973 6760177 5370877 7530857 8190700 9350564 8190700 8190700 5370404 3730829 8190877 8190404 6350404 8190404 8190877 6990200 6760646 5370877 8190700 3731002 1030638 1030404 5370371 8190404 9350601 8190371 8190419 6760601 7310177 1030829 2370973 7980973
6990481 4911023 8190942 3250857 8190700 8190700 8190829 8190404 8190700 1030829 8190872 8870942 8190404 8190404 6990481 6990481 8870942 8190700 3731002 9040857 6990481 4911023 8190700 8790891 8870942 3950960 8790891 9350601 10110857 8190419 6990481 8190404 8190829 6990200 8190404 8190877 8190741 6990481 8190404 4911023 8190404 6990481 8791023 6990481 9350564 8790891 8190404 8190404 8190700 8790891 6990481 8190700 6990481 6760177 6350601 1030282 6350404 3730137 8190700 8791023 6760700 6990200 3730564 3730229 1030638 4880973 4880973 1030857 4880973 7310564 8190652 3730241 6760601 8190829 6990481 8190177 1030993 5370404 5370877 8190829 3730700 3730765 8190877 3250857 8190877 8790891 8190687 8190877 5370404 8190404 6760765 8190564 8190942 9350601 6990200 8870942 8190829
6990481 7530857 4911023 8190942 4911023 8190700 8190700 8190564 5230857 9710964 8190829 8791023 6990481 6990481 7310371 8190404 4990857 8190829 8190877 8190700 8190404 6990200 8190877 4911023 8870942 8190177 7310200 7310404 7310200 7310129 1030200 7310877 1030404 3730241 5370571 6350891 9350564 8190404 2760114 8190177 8190687 8190829 4911023 8190564 9350601 9350601 8190564 8190404 9350601 8190857 8190857 8190481 8190829 8190404 8190942 8190877 8190404 8190942 6990200 8190404 6760601 1030829 6761023 3250857 9350564 8791023 8190877 10110857 8190942 9350601 6770857 5370571 5370266 5370371 6760601 6350891 2760928 3250857 9350564 8190404 8190877 8190646 8190404 8190829 6770857 6660857 8190404 6990200 8190519 8190700 8190942 8190371 3250857 6350404 1030993 9350942 3730519 5370829 6770857 5370200 5370404 6761023 6350891 6760700 5370571 5370404 8190519 5370571 3730519 3730646 3730241 6761023 3730404 5370829 6350857 6760646 7530857 7310700 6770857 7310404 7310646 6770857 9350601 6760765 6760646 9350601 3730241 9350519 5370829 5370266 6760177 5370200 8190942 9350601 8190942 8190404 3250857 6990200 7530857 8190700 8190404 8190404 7530857 9350560 8190404 9350601 8190371 8190829 8190404 8190404 6760564 9350601 8190177 8790891 8190404 6990481 5370404 8190564 8190404 6990200 8190877 8190404 5370404
8790891 8870942 8190404 3730928 3731023 8190687 1030993 1030928 1030829 7310177 3700200 8190829 8870942 3950960 8190913 3250857 8190404 6760973 2760114 8870942 8870942 3700961 6990481 8190687 1030877 1030993 8190829 8190700 8190419 3730241 1030282 5370829 8190481 9350601 6990200 3230205 4880973 7310161 7310177 1030993 7310161 8190857 7980601 5370829 3730981 6770857 7310646 7310363 3730772 6350404 6760700 3730765 8190481 8870888 8190857 3730519 7310129 3730765 3730241 2370973 7310765 4880973 4880973 2370973 4880973 2370973 7310601 6770857 3730200 1030282
3730877 8190371 8190877 8190404 8190829 8190942 8190404 8190829 8190404 3730877 8190404 8190877 8190404 6760601 8190700 3250857 8791023 8190404 8190877 8190857 3250857 9350601 8190857 8190877 8190942 3730700 8190404 8190419 8190877 8790891 6760564 3730601 8190857 6990481 8190700 3250857 3250857 8190481 4911023 7530857 2370973 7310765 6760942 6760877 9350601 3730200 7310129 3730877 3250857 6760765 3730137 8190404 8190829 8190877 8190404 8190404 6760601 8190404 3730765 8190877 1030857 7310765 8190877 8190404 8190877 6760601 8190404 6990481 8190700 8190942 3730177 5370266 8190829 8790891 8190404 8190404 8190419 3250857 8190404 7530857 8190877 8190404 8190877 6760765 3730877 8190404 8190829 7530857 8190404 8190700 8190877 8190404 3250857 8190877 8190404 3250857 8190404 8190913 8190877 8190564 8190741 6990200 8190857 3250857 6760700 6760857 8190404 6990481 9350601 8190404 7310700 4880973 9350601 4630282 8190700 8190404 8190829 8190877 8190419 8190877 8190404 3730519 8190877 8190404 8190829 6990481 8190419 8190877 8190404 8190877 8190404 9350601 8190404 6350404 8190404 9350601 8190877 3250857 8190646 8190942 7530857 9350601 8190404 8190700 8190877 7530857 6760700 8190404 8190700 9350601 6990481 8190700 8190404 8190700 3250857 8190829 6760564 8190404 8190177 8190942 8190687 6350765 8190857 8190829 8190942 8190404 1031010 3730229 6760942 8190404 3730177 8190404 1030829 1030877 8190700 8190419 3250857 3730772 8190969 3250857 8190942 10110857 3250857 8190700 8791023 6760564 8190829 8190404 6990481 8190829 8190700 3250857 8190942 3250857 8190829 8190404 6990481 8190829 8190700 8190404 9350564 8190877 8190404 8190177 8190942 6760646 8190404 8190700 6990481 8190829 8190857 3730981 6760564 5370200 6760601 8190913 8190404 8190877 6350765 7530857 8190404 8190404 7310404 6350601 8190404 8190404 8190877 8190646 8790891 9350601 8190877 9350601 8190404 6990200 4911023 8190877 5370877 8190646 8190877 9350564 6990481 6760564 8190404 8190877 3731002 8190404 8190913 8190422 8790891 8190812 8190404 9350601 8190404 8190829 6760646 9350601 9350601 8190404 8190700 5370877 6760601 9350601 8190404 8190404 3730601 9350564 6350177 8190877 7530857 6350404 3250857 9350601 8190404 8190700 8190404 9350564 8190404 3730993 8190942 3731007 8190877 8190700 7530857 4630829 6350177 5370877 8190404 6350404 8190877 7530857 8190700 8190404 8190404 8190419 6350765 8190404 8190700 9350601 6760646 9350601 8190404 9350601 6990481 9350601 8190700 8190404 9350601 8190700
9350519 9350601 8190942 8190961 8190646 4720857 8190687 3700857
9350743 8190741 8190071 8190404 10220857 6350404 8190700 8190646 8190829 9350772 3730772 3730404 9350772 9350772 2760772 9350601 8190404 6990481 8190877 8190942 8190829 7530857 8190700 9350937 8190877 8190772 6760973 10220857 3730993 7530857 6760973 3250857 7310669 3730772 8190772 6760646 8190772 9350601 8190772 8190829 8190404 6990200 8190404 3250857 8190404 3730564 10220857 7530857 6660857 7530857 3730772 5370841 7770857 9350741 10220857 6760646 5370404 8790891 8190872 6760877 8190419 10220857 7310363 7530857 6760646 3250857 8190942 3250857 6760857 7530857 8190877 3250857 4911023 8791023 8190772 7310669 9350937 6760646 8190404 7530857 8190913 8190404 7530857 8190700 7311002 10220857 8190404 8190894 8190741 8190913 8190700 8190700 6350891 8190404 8190404 8190564 8190942 9350942 9350601 8190652 4911023 9350937 2760114 7530857 8791023 6760765 9350601 8190942 6760765 10110857 8190942 8190404 6760942 5370841 5370829 6760646 7530857 8791023 8190700 8190877 5370404 8190700 8190419 8190404 8190419 9350564 8190752 8191023 8190404 3250857 8190857 8190857 8190857 5370404 8190404 8190942 3730993 5370960 8190419 8190870 8190829 8190896 9350924 8190877 8190371 5370404 6760481 5370404 8190877 9350942 8190700 8190404 8190404 6760646 6760646 7310571 7310430 3730200 7311002 6350765 9350894 6350601 6760765 5370371 8190752 8190913 5370266 8190942 6760857
8190404 8190404 8190877 3250857 8190942 8190741 8190700 8190564 8190419 3250857 8190829 8190700 8190942 8190404 8190913 8190700 6990200 8190877 8190404 8190404 8190564 8190404 8190371 9350601 8190404 8190404 3250857 8190961 8190700 8190894 8190404 9350601 3250857 8190404 8190564 8190942 8190404 8190913 8190942 8190700 8190404 8190687 8190419 8190857 7530857 3730829 8190404 8190404 8190687 8190404 8190877 6990200 7310129 8190942 8190404 8190652 5370404 3250857 8190942 8190700 1760973 3730114 8190942 3250857 8190419 8190177 9040857 8190404 8190700 8190700 8190404 4720857 7530857 8190829 8190857 8190700 7530857 7530857 6990481 8190646 7530857 3250857 8190700 8190700 8190404 8190829 8190404 8190942 8190877 8190177 3700857 8190404 8190700 6990481 7790857 8190404 8190404 8190404 8190700 8190404 8870942 8190404 8870942 8190700 7530857 8190700 8190700 6990481 8190404 8870942 8190700 8190700 8190829 8190404 8190877 3950888 8190877 7530857 9040857 8870942 9350564 9040857 8791023 8190404 8190404 8190829 8190404 8190564 6990481 8190700 8190404 8190700 6990481 8190942 8190942 3700857 3250857 8190942 8190404 8190700 8190700 8190829 7530857 3950896 8190829 8190942 4911023 6990481 8190564 6990481 9350601 8190942 6990481 7530857 8791023 6990200 8190404 4911023 8190700 8790891 9350601
7310161 1030282 5370877 3730241 1030877 1030404 3730177 7980973 3730241 7980973 7980973 7310646 7980973 3730177 7310564 7980973 3730601 1030404 3730229 5370404 6770857 7980973 7980973 3730177 3730229 7980973 3730601 9350177 6760973 7980973 5370571 1030829 7980973 3730404 5370200 7310646 6760942 7310404 3730114 7310404 3731007 6760601 3730404 7980973 5370877 1760973 6350891 7980973 1030282 7980973 1030282 3730296 3730241 3730829 6761023 6760857 7980973 3730241 3731002 7310564 5370571 6760973 7310564 1760973 7310765 3730200 3730229 3730241 3731002 6760765 7310601 3730404 7310404 6760601 7310646 3730404 5370829 7980973 3730700 3730981 6760177 3730200 7980973 7980973 5370877 7310601 3731002 1030282 5370404 7310765 3731002 1030404 3730177 7980601 6761023 3731002 1030877 5370404 3730765 7980973 7310601 7980973 3730601 3730241 3730700 7310765 3730241 7310129 3730137 1030404 7310765 3730981 3730765 3730296 7310564 3730829 6761023 7980973 3730229 3730177 7980601 5370404 7310765 7310564 7980973 6760857 7310646 7310564 1030404 7310430 5370877 3730241 3730772 3730981 6760481 5370200 1760973 7310646 3730564 3730241 3730229 7310765 7980601 7310651 7980973 10110857 7980973 3730974 3730229 7980973 6760601 1030282 7310651 3730419 6760942 3731007 7310601 5370200 3730241 7310646 7310651 7980601 6770857 7310564 3730404 3730519 7980973 3730829 1030993 7310404 7980601 3730765 1760973 3731002 6350891 1030282 7980973 3730981 5370571 5370877 7310646 7310601 3731007 7310129 3730519 7980601 9350601 3730700 7980973 3730519 7310601 3730404 9350601 3730981 3730177 3730601 6760765 9350177 3730229 3730601 7310564 3730296 6761023 7310646 3730386 3730404 3731002 7310564 3731007 1030877 3730404 6350765 6760857 3730200 3730241 3730404 3730296 1030993 7310765 7310646 7310601 5370877 3730981 7980601 7310601 3730519 6761023 3730229 3730114 7980973 6760857 7310601 3731002 3730241 1030404 3730229 3730296 1760973 7980601 3730829 3730829 3730700 3730177 6761023 6350765 7310564 3730404 1760973 7770857 7980973 3730200 5370266 6760481 6350765 7980973 7310646 3730177 6760481 7980601 5370404 3730974 6770857 7980601 1760973 3730229 7980601 3730296 3730981 6350891 3730601 3730981 3730519 3730296 3730229 3730829 7310646 3731002 3731002 5370877 3731002 7310601 4630200 7310560 1760973 3730229 6350177 8190857 1030282 6350177 7310564 3730404 6350177 7310646 3730114 3730241 7980973 3730229 7310646 6350601 6760857 3731002 3730928 3730981 3730765 7980601 3730519 3730872 3730765 3731007 6761023 6350891 7980601 3730974 7310651 3730601 3730114 3730601 7310564 6350601 6760601 3731007 9350177 1760973 3730829 3730700 3730229 3731002 7310646 3730177 7310200 3730765 7310564 7310601 3730404 6760601 3730519 5370877 3730981 7310646 3730241 7980973 6760481 3730386 3730981 3730765 3731002 3730241 5370829 7310601 3730981 3730519 3730981 3730241 7310646 3730404 6350891 7310700 7310601 5370404 3730296 7310564 3730765 6761023 3730229 1030829 6761023 7310646 3730601 6350891 3731002 3730404 3730386 3730564 7980973 3730177 7310601 5370266 7310669 3730601 7980973 8190200 1030877 3730877 7980973 1030877 7310564 6350765 7980601 5370404 7310765 3730601 3730296 5370200 3730229 3730601 6760481 3730229 7310651 7310404 7980601 5370741 3730177 6761023 3731002 3730241 3731002 6760857 6761023 9350177 7310564 3730404 5370877 3730404 3731002 7310669 3730981 7310177 3730296 5370877 6761023 6350765 6761023 7980973 7980973 7980973 5370200 3730765 5370877 7310404 7980973 7310564 3730241 5370829 7310564 3731007 3730229 7310430 3730404 3730241 6350177 6760481 9350601 7310564 5370571 6760177 7310404 6760177 3731002 7310646 3730601 7310564 3730229 3730241 7310601 9350942 3730829 5370877 7980973 5370829 3730200 7310646 5370829 5370877 3730601 7310161 7980601 3730981 3730601 6350857
3730229 3730419 1030282 7980973 1030292 3731002 3730601 7310646 3730200 7980973 3730700 7980973 7980973 3730229 3730974 8190877 7310646 3730296 7980973 3730241 7310161 1030404 3730601 7310646 7980601 1030877 3730981 6760177 3731002 3731002 7310646 7310601 3730404 1030282 7310601 3731002 7980601 1030404 1030877 6760481 7310765 6760601 5370571 3730829 3730981 7980601 7980973 3730241 7980973 3731002 3730229 7310669 1030404 7310430 6760765 7310601 3730974 5370571 7310646 3730404 7310765 3731002 3730519 5370877 7310564 7310564 3730404 3730241 7310564 7310646 6761023 7980973 5370974 3730981 7980973 3730043 7310651 3730877 3730981 7980973 3730137 1030282 6761023 8190200 3730241 6760942 6760601 3731002 7310765 3730177 7310651 7310564 3730601 7310646 4880973 7310601 7980973 7980973 7310669 1760973 3730829 8190857 7310601 5370404 6760481 8190200 7980973 2370973 3730829 1760973 7310646 7310765 3730646 3730386 7980973 3730296 6760942 3730519 6760601 1760973 7310765 3730177 7310601 1030282 7310765 6760481 3730229 3730241 3730700 3730241 1030993 6350601 6760857 3730241 1760973 3730601 7980973 7980973 3730601 3730877 7980973 6760765 3730177 7310646 5370266 3730386 7980973 7980973 6760973 6760857 3730969 7310646 3730765 7310601 7980973 3730519 3730296 7310646 3730241 6760765 7310601 1030282 3731002 7310601 3731002 3730114 3730137 7310669 3730177 4990857 3730981 7310601 7310564 6761023 1030282 7310177 3730404 7980973 6761023 3730519 3730241 3730974 5370404 3730700 1030928 3730177 6760857 5370404 3730974 3730829 3730519 9350177 5370877 7980973 3730241 6760601 7310601 3730700 7980973 7310669 3731002 3731002 7310765 7310765 7310601 3730765 6760601 3731002 7980601 7310651 6760646 7310646 8190419 7310363 7310700 3731007 7310651 3730969 3730519 7980973 6760646 6760857 3730765 7310669 3730386 3730229 7310404 7310765 7980973 3730114 5370877 3730829 5370829 6760700 3730765 6350765 3730700 7310404 3730229 3730137 3730241 3730877 3730519 7980973 3730229 3730877 7980973 3730296 5370266 7310646 3731002 7310765 5370877 7980973 3731002 9350601 7310564 8190200 6760857 3730241 6760857 3731002 3730200 7310700 3730404 6760177 3730404 3730177 5370404 7310177 7980973 7310564 3730241 3730241 6350891 8190200 7310601 3730829 3730765 7310601 1030282 7310646 3730765 7310564 3730765 7310765 3730974 5370371 6350891 7310601 3730177 3730829 3730765 6350601 9350942 3730404 3731023 6770857 3730404 3730765 7310564 7980973 3730564 3730519 6760857 3730241 7310177 7310564 3730229 3730114 9350601 3730404 3730829 2370973 7310177 3730241 6760765 3730519 3731002 6350765 5370877 7310404 3730877 7310646 7980973 6760765 8190200 7310646 7310564 7310646 9350519 3730229 3730241 7980973 7310404 8190177 7310564 7310651 6760177 7980973 7310564 6761023 7980973 7310646 3730177 3730229 5370200 3730296 7310646 7310669 7310404 3730229 7980973 10110857 3730601 3731002 5370974 6760481 1760973 3730296 3730229 9350601 3730646 7310765 3730601 7310765 3730386 5370829 3730241 3731002 8190200 7310564 8190200 9350601 3730765 3730241 3730519 3730601 9350601 3730404 3730241 7310646 9350601 7980973 3730241 9350177 3730700 3731002 7980973 7310601 3730404 9350772 3730877 3730241 3730877 5370404 6350601 3730241 6760481 3730177 7310601 6761023 3731023 7310601 7980601 3730772 7980601 3730296 5370200 6760857 7980973 3730241 6760481 5370571 7310430 3730043 6350857 8190200 6760481 3730404 3730765 6350891 3730296 7980601 5370877 6760857 5370974 6760857 6350857 1030877 5370571 7310877 5370404 7980973 5370877 3730829 6760601 3730765 6760601 3730700 7310765 9350601 5370266 3730229 1760973 3730741 10110857 6770857 3730229 7980601 3730981 3730229 3730114 5370877 9350601 3731002 6761023 9350601 5370877 6760765 7310646 9350601 3730772 1030829 7310564 7310404 7310177 1030857
1031002 8191023 1760973 4630200 3390580 3390580 1030984 1031010 1760973 3731023 1030292 1031010 1030984 1031010 910371 8190404 6760973 6760973 3731002 1030857 7310829 730961 5370841 910200 7310646 9350924 5370770 5370841 5371023 1030993 3390043 4630200 4630200 4630200 5371023 4630386 4630200 9350519 7310430 3730877 7310829 7310404 6660857 7310371 7310266 7310266 2370973 7980973 1030857 1030292 4630200 1031002 1030282 7310266 4880973 4880973 1030829 6770857 1030829 1030292 1760973 1760973 1030200 1030638 250200 1030857 4880973 4880973 1030200 4880973 4880973 1030292 4880973 4880973 4880973 4880973 4880973 1030282 7980973 1030282 6760601 5370752 7310765 8190857 4880973 4880973 2370973 2370973 4880973 7310200 7310564 2760743 4720857 5370752 730646 730888 8870580 5370930 7980973 7310646 9350870 6660857 3230519 730729 5370200 5370200 4880973 1030292 4880973 1030292 4880973 3730700 8190700 9710964
1031010 1031002 1030282 1031002 1030282 1030984 1030984 1030984 1760973 4630200 1030282 1030638 1760973 1031010 1030282 1031010 250200 1030200 1030993 1031002 1030857 4880973 2370973 4880973 1030877 1030282 5370200 1030984 1030282 4630200 4630200 4630200 4630200 1030282 3730229 5370266 8190419 8190071 8190700 8190752 8190200 3730241 8190829 8190770 1030282 1030829 1030857 1030292 1030282 1030292 1030292 4630200 1031010 5110549 9350888 9350687 9350888 10220857 3230772 8791023 9350770 8870942 7310646 6660857 730200 3230646 8190404 3470987 8190700 8190829 5370743 2760930 2760687 8190404 8190700 1030292 4630829 8190404 8190700 8190404 7310700 7980601 3731002 5370200 7980973 5370200 8190700 250200 8190857 4630580 5371023 4630913 1031002 1030857 4880973 1030292 1030292 1030857 1030638 1031010 1030200 250200 4630200 3730646 2370973 251002 5370519 1030984 4630200 3731023 4880973 1030200 1030292 1030638 4880973 4880973 4880973 4880973 4880973 4880973 4880973 4880973 4880973 1030857 1031010 1030993
8190404 9040857 8190877 8190404 8190857 3730601 1760973 3730829 7310129 3731023 6760481 3730601 3730404 3731002 8190942 6760177 3730177 5370571 9350601 3731002 7310601 8190404 6350857 8190700 3730229 8190177 7980973 3730404 4880973 1030638 7310646 3730765 6760601 7980973 7980973 7310129 7310161 7980973 1030282 3730241 3730200 2370973 7310891 7310601 7770857 6760481 3730241 3730177 7310371 6760857 7310161 7980973 7980973 3730981 3730981 1030282 4880973 4880973 2370973 7310571 7770857 5370877 7980973 7310646 6761023 6350857 7310765 7310700 6770857 1030282 6770857 6770857 7770857 3731002 3730200 7310363 3250857 8190829 8190700 3730404 6760646 3730114 5370404 8190404 3731002 3730241 3730981 7310161 7980973 6350765 3731002 9350942 8190857 6760601 1760973 7980973 3730765 7310601 3730386 9350894 7770857 3731002 6760877 7310601 7310646 6350857 7310646 5370266 3250857 3730241 3730419 7310363 7310646 7310601 7980973 7980973 7310404 7310560 1030282 7310404 6350857 7310669 3731007 1030282 3730519 7310646 7980973 3730241 3730296 3730519 7980973 3730928 7310669 7980973 3730114 7980973 7310404 3730404 7980601 3730928 6760481 8190857 3730928 3730700 7310646 7980973 7310646 7310700 7310646 2370973 7980973 7310646 7310646 6760857 3730519 6350601 6760857 3730114 7310700 7310129 7310891 3730928 6760481 6760942 3730877 1030829 1030877 8190857 8190877 7980973 3730241 3730043 7980973 3730829 3730419 7980973 7980973 3730404 7310430 3730404 8190687 8190877 8190857 3730928 3730404 7980973 7310564 7310601 3730872 3730700 2370973 7310601 3730200 3730241 4630580 3730700 9350942 8190404 7980601 8190700 8190829 6760646 3730646 5370829 3730601 3730993 6350601 3730241 6350891 8190772 1030984 3730700 7310430 8190404 5370571 3730404 8190877 3730404 8190857 7980973 6760601 3730877 3730200 3730974 3730404 3730241 3731002 3730241 7310200 6760177 6760857 6760481 3730177 7310700 3731002 8190371 8190700 8190812 8190404 4911023 5370960 8190404 4880973 7310430 8190564 8190371 8190930 8190700 3731002 8190419 8190942 8190829 8190564 5370877 8190481 5370877 3250857 8190877 8870942 8190829 8190404 8870942 8870942 3731002 8870942 730964 9350601 8870424 6660422 9350601 520857
6990481 5371023 8190177 8190419 5370404 9350601 3250857 8190942 8190404 9350772 6350177 7310601 7980973 7980973 7310646 5370877 5370571 7310646 6350177 7310200 3731002 7310891 9350177 6761023 8190419 5370829 5370841 5370404 8870942 8790891 8190700 3471023 8190877 4911023 8190877 9350564 3730829 8190404 8190700 5370404 5370877 7310877 9350894 3700961 8791023 8190829 6350857 6760973 7310564 7310765 8190894 7310404 6760857 3730419 7310560 7310571 4990857 6760857 6760973 8190646 7310765 7980973 7770857 7310601 7310646 7980973 7310646 7310646 1030877 7310404 3730241 7980973 7310646 3730371 7980601 3730580 7980973 7310646 5370200 7310560 5370404 7310669 5370829
3731002 7310651 3731002 7310646 4880973 7310601 7310560 7310891 7310829 3730229 7980973 6760942 7310646 7310430 5370829 8190772 7310669 9350687 3730404 7310765 6350765 8190404 9350601 8190877 8791023 8190896 3250857 6760646 8791023 8190877 8870942 8190913 6760646 8190404 7310161 3730177 3730829 8190404 9350601 5370404 6760601 8190419 9350601 5370404 8190404 7980973 10110857 9350601 6760564 5370829 8190564 8190942 6760564 7530857 6990200 8190404 8190700 3730177 6760564 8190829 8190942 6990200 5370829 8190942 8190404 5370877 6760646 8190829 5370877 8190404 8190829 8190177 5370877 8190404 6760601 7310404 3731002 7310404 7310646 8190404 9350601 5370404 6350765 6760857 8190200 8190942 8190404 7310161 5370404 8190829 2370973 7310601 7310601 7310419 7310765 7310601 7310601 7310700 3730229 9350601 7310404 8190404 8190404 6350601 8190700 8190829 9350564 7980973 8190700 8190404 8190700 8190404 8190404 8190829 8190177 7310564 5110350 10110857 7980973 7310200 7310200 6760765 8190942 8190177 8190404 9350601 3250857 8190404 8190942 3730601 7310266 7310601 7310419 7310700 7310371 7310601 7310877 7310371 7310571 7310877 7310404 7310371 7310404 6350857 7310765 7310646 7310404 3730829 7310646 7310404 6760601 7311002 3730241 7310700 3731002 3730974 9350601 7310404 7310419 7310571 7980973 7310646 9350564 6760177 7310601 5370571 8190829 7310601 5370200 7311002 7980601 5370752 9350601 6350404 5370266 3731007 9350601 5370877 9350177 3730981 5370829 7310564 9350601 7310564 7310765 9350177 3730229 9350601 7980601 8190200 6350601 8190404 8190700 6761023 8190700 6350404 7980973 4880973 6350404 8190419 9350601 7310404 7310646 7310601 7310601 6760765 3730200 6760601 5370404 6760481 7310765 6660857 5370404 9350601 3250857 8791023 5370877 8190404 8190404 5370404 9350601 7310700 9350601 6350601 7310700 7770857 9350601 7310601 3730993 6350404 5370829 8190580 7310430 7980973 7310129 7310161 9350687 7310765 9350601 5370404 7310564 6990481 7310765 7310404 7310877 7310200 7310765 7310363 7310404 7310765 7310266 7770857 7310200 7310564 7310601 9350894 7770857 9350942 9350564 9350601 9350942 6760601 8190942 7310363 8190829 7310564 7310765 7310829 7310700 9350601
3730241 3730114 8190857 3730993 3730137 3730404 3730241 8190652 3730981 3730928 8190829 8190371 3730601 6760481 3730765 5370404 4630829 250200 3730700 3730404 8190200 3730241 3730872 4630829 8190857 3731002 3730404 6760601 3730404 8190177 8190404 3730993 5370404 3730765 3730829 1030877 3731002 8190404 6760973 3730993 6760857 6760973 8190404 10110857 8190857 3730137 6760646 3730241 6350404 3730241 5370829 5370266 6760177 3730872 5370266 3730765 3730601 8190200 3730137 8190519 5370404 8190942 3730765 3730564 9350601 3730981 3730928 3730519 8190857 9350601 3730177 3730177 8190700 6350857 6350601 8190700 8190404 3730700 3730229 9350601 8190404 3730404 3730404 3730241 8190942 6350177 8190942 8190857 6350177 8190404 3731007 5370877 8190404 6350857 3730404 8190829 3730137 3730404 3730519 3730646 6760646 3730765 8190404 3730765 3730177 3730404 8190857 3730177 3730519 3730646 7310765 8190942 3730601 6760646 3730601 3730229 6760646 3730646 6760646 8190700 3731002 6760646 3730765 3730829 6350857 8190404 8190200 3730404 4630937 8190404 4630200 5370071 3730993 5370877 8190700 8190857 3730829 8190404 8190857 8190857 3730741 3730241 8190857 6760564 3730993 8190404 6760601 6760601 5370404 3731002 3730981 8190942 5370404 8190857 5370404 8190177 6350177 2370973 6761023 3730404 8190829 4630200 9350564 3730646 8190741 6760601 3730404 6760601 3731002 9350601 6760646 6760601 8190857 8190829 4630829 3730981 3731002 8190829 8190700 3730646 9350601 5370266 8190481 8190200 6760765 6350601 3730601 6760942 8190857 6760177 6760857 8190772 3730993 8190177 3730229 8190700 8190857 6761023 3730114 4630829 9350601 3730404 3730993 9350519 4630371 8190872 8190829 9350601 3730519 8190404 6760646 8190404 8190857 3730241 3730765 8190404 5370571 8190857 3730877 5370404 3730404 8190404 3730601 6760942 8190404 8190404 9350601 8190404 3730241 3730601 3731002 5370752 3730765 6760857 6760765 6350891 3730601 3730404 8190942 3731002 5370829 8190942 8190857 6350601 8190404 3730993 8190829 6760646 3730137 3730993 3730601 4630282 3730564 8190829 6760601 3730829 8191023 3730700 3730877 8190857 8190942 8190404 3730829 6350601 6760564 8190404 8190700 6350404 8190877 5370404 8190404 3730765 8190404 3730765 6760700 8190404 7310669 3730993 8190177 8190942 3730993 8190877 5370404 3730765 8190942 8190404 3730765 3730241 8190877 8190942 6760177 8191023 5370404 3730177 3730993 8190829 3730404 3730765 8190829 9350564 3730241 6760646 8190652 3730137 3730241 5370404 5370404 3731002 6760601 8190564 8190404 6760601 3730241 8190700 8190857 9350601 3730765 4630829 9350564 8190857 3730601 8190404 3730241 6760601 5370404 3731002 3730519 8190942 8190857 8190564 6760601 8190700 8190857 8190700 6350404 8190652 3730519 8190419 9350564 8190857 3730519 8190857 5370571 8190857 3730700 5370404 6350601 3730519 3730404 6350857 3730564 8190404 3730765 8190700 3730981 8190829 3730829 3730765 8190877 8190200 3730877 8190404 5370877 8190857 3730114 8190857 3730765 6760481 5370404 3730519 9350601 3730404 8190371 9350601 8190857 3730765 6760481 3730601 6761023 1760973 9350601 8190419 4630829 8190942 3730765 8190519 8190519 3730981 4630829 9350772 8190829 3730601 3730993 3730993 5370404 6760601 3730564 3730993 8190200 3730765 3730928 6760601 4630424 9350942 3730519 5370877 8190404 3730700 8190829 8190404 3730137 6350891 6350601 9350601 8190942 3730519 3730114 8190652
3250857 8870770 3390071 6760601 3471023 3730137 8190700 6760700 8190872 7310266 3730371 8191007 7310571 5110004 8870924 5370571 8190700 10220857 9710743 8190894 8190752 8190752
7310363 3731002 1031002 7310646 4880973 9350870 7311002 7980973 7310200 6350857 9350752 8190700 8190700 8190857 8191023 8190857 8190857 4630282 8190200 8191007 1760973 8190646 5370877 7310266 5370841 5370571 5370877 5370404 8190857 5370571 8190857 8191023 5370266 9350928 9350772 3731002 8190200 8190969 8191023 7310363 9350937 5370841 8190200 5370200 8190857 5370841 6350765 3250857 8190700 8190646 8191023 8190857 5370841 9350743 7770857 9350894 7530857 5370071 8190857 8190700 8191023 5370404 8191023 8190857 8190700 8191023 8190200 8190580 6350857 5370841 7980973 5370200 4630937 8190857 8191007 8190857 8190646 4630580 8190857 8190857 8190894 8190942 6350857 3730993 8190071 9350770 3730993 5370888 9350743 8190580 5370888 8191007 8190857 5370841 8190646 8190857 3731002 8190857 6760646 4630200 8190857 1760973 4630580 1760973 3731007 5370571 7980973 5370571 7310571 9350687 8190857 8190687 8190404 6760857 6760765 6760646 6350857 8190580 8190404 8190857 8190857 4630282 4630200 8190857 1030282 4630424 8190857 5370160 3730200 1030638 1030857 1030638 1031010 7980973 1031010
1031002 5370200 1031002 1031002 1030282 4630200 250200 1030638 4630200 1030292 1030292 4880973 1030292 1031002 1030282 4880973 4880973 4880973 4880973 1030292 1030292 1030282 1030292 7980973 1030282 4630200 4630913 1030292 1031010 1030292 1030292 7980973 250200 250969 1030638 1031010 1031002 1030984 1031002 1031002 1760973 5371023 6760646 5370571 5370841 1030282 1760973 1030292 1031002 1030292 1031002 1031002 1030282 1030200 1030200 4880973 1030292 1031002 1030292 4880973 1030292 4880973 1031002 1030292 4880973 1030292 1030282 1030200 1030282 3731002 1760973 3731023 1030638 4630930 1030857
1030292 5371023 5371023 5371023 251002 4630004 3950960 5110004 9350741 8870560 8791023 4630424 1760973 3731023 5371023 3731002 1030993 1030984 5370519 5370519 4880973 6770857 1030200 1030200 1030292 1030638 4880973
1031002 5370200 1030638 5371023 1030638 4880973 1031010 251002 8190857 1760973 4630857 4630200 4630200 4630200 4630200 4880973 4880973 1030292 1030292 1031002 1030292 1030282 3731023 4630200 7980973 4880973 4880973 2370973 1031010 1030857 1030292 1030292 1760973 1031010 1030857 1031010 1030928 1030993 250200 250200 1760973 4880973 4880973 4880973 4880973 4880973 4880973 1030282 1030282 1031002 1030282 5370974 4630386 250200 1760973 6770857 1031002 6770857 6770857 7310700 4630200 6770857 5370200 6770857 1030993 3731002 1030282 7310646 5370571 5370752 5370404 5370841 4630200 1030292 1031010 1031010 1030829 4880973 1031010 1030282 4880973 4880973 4880973 4880973 4880973 1030292 4880973 4880973 4880973 4880973 4880973 4880973 1030292 7980973 1030282 7980973 5370200 3731002 4630200 1030984 1760973 1760973 5370974 4630930 1030857 4880973 1030292 7310200 4880973 4880973 4880973 4880973 1030282 4880973 1030292 1030282 5370200 8190961 8190857 4880973 4880973 4880973 4880973 4880973 1030292 2370973 1030857 5370200 2370973 1030200 1030638 1760973 8791023 8870772 8190646 8190969 8190969 8190969 4040200 250969 250969 8190857 3390043 8190700 8190969 8190646 7790857 250969 8190700 9040857 7530857 9040857 8190913 8190857 7310646 250200 5370043 8190870 7790937 5370043 250969 2760043 9350560 8190646 8190969 8190646 5370043 5370043 8190913 6760646 8190969 3700205 8190857 1030282 1030292 1030857 4880973 4880973 1030292 1030282 1030200 1030200 4880973 1030200 1030200 4880973 4880973 4880973 1031002 1030200 1031002 1031002 1030993 5370974 1760973 1031002 1030928 5370200
4880973 1030292 3731002 7980973 3730969 3730386 4630200 1030282 4630200 7980973 3730519 7310161 3731002 1030292 4880973 1030282 3731002 3730004 1030282 1030282 3730200 5370571 3731023 4880973 4880973 4880973 4880973 7310200 4880973 4880973 7980973 7310669 2370973 1030282 1030282 4880973 4880973 4880973 4880973 4880973 1030292 1030200 1030282 4880973 1030638 4880973 3730200 7980973 1030829 2370973 1030928 7310161 2370973 7310669 3730981 3730200 3731023 3731002 3730765 3730646 7310601 7980601 3730241 3730200 7980973 3731002 8190200 1031010 3730386 1760973 1030638 7310646 7980973 1030638 1030282 7980973 3731023 1030282 3731023 3731023 7980973 3730200 1030292 3730200 1030282 7980973 7980973 3731002 3730386 1030282 3731023 7980973 1031010 3730200 3731010 1031010 3730928 3730200 3730646 3731002 7980973 1760973 3730928 7980973 3730241 3731023 3730200 1030928 7310891 1030292 4880973 4880973 7310200 4880973 4880973 4880973 4880973 1030282 3730974 3730200 3730200 1030282 7980973 1031010 1030292 1030857 2370973 4880973 4880973 1030200 1030292 4880973 1030282 3730200 1030282 1030292 1030282 1030857 1030282 1030282 3731002 8190857 4630200 8190857 3730969 3731023 3731002 2370973 1030282 4630200 3731002 1031002 1760973 3730241 1760973 1760973 7980973 4630200 4630200 3731002 3730646 3731023 1760973 1030292 4880973 4880973 4880973 4880973 4880973 4880973 4880973 6350857 7310646 3730200 5370200 1760973 1030282 3731002 3730601 3730646 7980973 3731007 1760973 7980973 1760973 1760973 3731007 1760973 3731002 1760973 8190200 4630386 3731007 5370571 4630200 3730928 6761023 1760973 3730765 8191023 3730519 3731023 7980973 3731023 1760973 3730241 8190857 3730580 1760973 8190857 4630043 3731002 1031010 7980973 3731007 3731002 1030404 1030993 3731002 8190870 3731002 7980973 3731002 8190857 3731023 1030638 3730580 1760973 4630580 3731002 1760973 4630200 5370266 1030292 3730241 3731002 7980973 6760700 4630200 8190419 1760973 5370841 1760973 4630580 1030282 3731023 3730700 1760973 1030928 6761023 1760973 3731002 4630200 1760973 3730646 1030928 1760973 6761023 3731002 7980973 3731023 4630200 7980973 8190857 4630200 1760973 3730928 4630282 1760973 1031010 3731002 3731002 3730043 7980973 1760973 3730700 3730241 4630282 4630200 3731002 3730969 7980973 3730700 4630638 3730241 5370841 3730200 7310669 5370841 3731023 3730580 8190857 7980973 3731002 8190857 8190857 7310646 3731023 3731002 1760973 6760973 3731002 3731023 3730700 3731023 8191023 1030282 3731007 3731002 1760973 7310646 3731023 7980973 7980973 3730974 3730928 3730700 1760973 7980973 1030282 3731023 4630200 7980973 7980973 8190857 3731002 3730969 1030857 4630200 3730241 3731002 1760973 3730646 2370973 7980973 7980973 1760973 1760973 3731007 3731007 5370841 3730241 1030282 3730386 3731002 7980973 4630200 1760973 7310669 3730200 3731002 1030282 3730200 3730646 1030282 3731002 3730700 4630200 7310646 3731023 7980973 3731023 1760973 3731007 4630580 3731002 2370973 1760973 3731023 7980973 3730700 3730519 1760973 1760973 1030993
1031010 4630857 7980973 8870580 4720363 4040200 910200 911007 4040200 7790969 4720043 7790961 9040580 8190404
250200 1030282 8190857 9350961 6660930 730770 8870580 1031010 4630200 4630913 9040857 3700200 9350928 3730928 6660212 2760964 8870580 3730580 8190870 3731023
8791023 7790894 1030292 4630937 5370974 3730200 4630004 1030292 4720857 7090973 3930857 4630386 4630282 4630857 910857 5370829 7980973 1031010 1030200 1030638 1031002 1030282 4630200 8190829 8190404 520969 1030984 1031010 1030638 1030292 1030292 1030292 1030857 7310161 1030638 1030857 1030292 7980973 1030292 1030638 2370973 1030282 1030292 1030638 1030282 1030292 1030282 1030292 1030292 1031010 1030282 1030928 5371023 5370404 4990857 4990857 6770857 7311002 7310829 7310419 7310266 7310200 7311002 7310266 7310161 4880973 1030638 4630200 3390043 4630580 4630200 1031010 1030638 1030292 250200 3730580 8190580 9350870 1030282
1031010 5370519 5370571 8870888 4630282 3731002 5370974 3471023 8190687 7790752 3471023 3730993 8190857 8191007 8190913 8190961
4630857 4040200
8870942 3700772 9040772 9040772 3700200 8550857 730200 4720363 8190404 9350928 8870743
9350924 3730829 3730872 8190772 6760857 9350772 5370829 10220857 3730241 9350772 9350772 9350772 9350772 8190829 7790772 3730765 6350601 7310877 9350772 9350772 9350772 8870772 7790969 3700857 3250857 8190404 6760857 6760857 9350560 9350772 8870772 8870969 9040772 3730993 3250857 8190961 9350942 9350772 8190481 8190700 9350772 4040200 8190772 7980973 8190481 9350870
7790857 4630580 8190857 7791007 9350942 4630580
4630200 250969 250969 6760601 3731002 910772 8190969 8190481 9350928 7310266 250969 4040200 8190942 8190829 9040857 3931023 9350371 6660857 9350930 250969 8550857 6770857 7310419 9350772 8190700 8190652 8190652 8190646 3700857 8190652 5110004 3930772 6660857 9350601 5370571 3700580 9040580 4880973 7310646 9350928 730880 8870424 250200 9350601 7790870
8870942 1030282 7310404 3730296 5370266 3250857 8190877 5370829 9350177 3730700 8190419 7310564 3730241 3730404 7770857 6760765 6350857 7980973 4880973 5370877 7980601 9350564 9350601 7310669 1030877 6760765 9350564 8190177 8190700 3730177 5370877 5370404 8190829 8190419 3730177 7980973 5370200 6760973 9350601 5370266 8190419 9350601 5370404 6760765 6760700 3730981 3730296 7310129 1030282 2370973 1030282 7310601 5370877 8190404 4911023 6990481 6350404 6760601 9350177 5370877 7310601 5370829 1030404 5370200 9350937 5370877 6990481 8190829 3470961 4911023 8870942 6990481 4911023 4911023 4911023 4911023 6990481 8870924 4911023
6760877 3250857 8190481
